"file","identifier","id_type","table_label","url","readme","n_rows","n_cols","columns","citation","citation_short","first_author","year"
"10.0001%2Fplaceholder_TABLEI.tsv","10.0001/placeholder","DOI","TABLEI","https://doi.org/10.0001/placeholder","",24,14,"Species; species_as_published; sex; n; structure_as_published; measure; value_mean_mg; value_se_mg; value_mean_cm; value_se_cm; cv_pct; cv_se_pct; source_location; data_role","Latimer, H. B. (1942). The weights of the brain and of its parts, and the weight and length of the spinal cord in the dog. Growth, 39-57.","Latimer et al. (1942)","Latimer","1942"
"10.1002%2F(SICI)1096-8644(199806)106%3A2%3C129%3A%3AAID-AJPA3%3E3.0.CO;2-L_TABLE2.tsv","10.1002/(SICI)1096-8644(199806)106:2<129::AID-AJPA3>3.0.CO;2-L","DOI","TABLE2","https://doi.org/10.1002/(SICI)1096-8644(199806)106:2<129::AID-AJPA3>3.0.CO;2-L","",6,6,"species; brain_volume_mm3; area13_volume_mm3; area13_hemisphere; n; source","Semendeferi, K., Armstrong, E., Schleicher, A., Zilles, K., & Van Hoesen, G. W. (1998). Limbic frontal cortex in hominoids: a comparative study of area 13. Am J Phys Anthropol, 106(2), 129-155. https://doi.org/10.1002/(SICI)1096-8644(199806)106:2<129::AID-AJPA3>3.0.CO;2-L","Semendeferi et al. (1998)","Semendeferi","1998"
"10.1002%2F(SICI)1096-8644(199806)106%3A2%3C129%3A%3AAID-AJPA3%3E3.0.CO;2-L_TABLE4.tsv","10.1002/(SICI)1096-8644(199806)106:2<129::AID-AJPA3>3.0.CO;2-L","DOI","TABLE4","https://doi.org/10.1002/(SICI)1096-8644(199806)106:2<129::AID-AJPA3>3.0.CO;2-L","",7,11,"Species; species_as_published; specimen_as_published; area_as_published; n_specimens; GLI_pct_mean_all_layers; GLI_pct_mean_supragranular; GLI_pct_mean_granular; GLI_pct_mean_infragranular; source_location; data_role","Semendeferi, K., Armstrong, E., Schleicher, A., Zilles, K., & Van Hoesen, G. W. (1998). Limbic frontal cortex in hominoids: a comparative study of area 13. Am J Phys Anthropol, 106(2), 129-155. https://doi.org/10.1002/(SICI)1096-8644(199806)106:2<129::AID-AJPA3>3.0.CO;2-L","Semendeferi et al. (1998)","Semendeferi","1998"
"10.1002%2F1096-8644(200102)114%3A2%3C163%3A%3AAID-AJPA1016%3E3.0.CO;2-F_TABLE2.tsv","10.1002/1096-8644(200102)114:2<163::AID-AJPA1016>3.0.CO;2-F","DOI","TABLE2","https://doi.org/10.1002/1096-8644(200102)114:2<163::AID-AJPA1016>3.0.CO;2-F","",3,5,"species; Ventral.half; Dorsal.half; Total; source","Matano, S. (2001). Brief communication: Proportions of the ventral half of the cerebellar dentate nucleus in humans and great apes. Am J Phys Anthropol, 114(2), 163-165. https://doi.org/10.1002/1096-8644(200102)114:2<163::AID-AJPA1016>3.0.CO;2-F","Matano et al. (2001)","Matano","2001"
"10.1002%2F1096-8644(200103)114%3A3%3C224%3A%3AAID-AJPA1022%3E3.0.CO;2-I_TABLE2.tsv","10.1002/1096-8644(200103)114:3<224::AID-AJPA1022>3.0.CO;2-I","DOI","TABLE2","https://doi.org/10.1002/1096-8644(200103)114:3<224::AID-AJPA1022>3.0.CO;2-I","",6,7,"species; brain_volume_mm3; area10_volume_mm3; area10_hemisphere; n; source; note","Semendeferi, K., Armstrong, E., Schleicher, A., Zilles, K., & Van Hoesen, G. W. (2001). Prefrontal cortex in humans and apes: a comparative study of area 10. Am J Phys Anthropol, 114(3), 224-241. https://doi.org/10.1002/1096-8644(200103)114:3<224::AID-AJPA1022>3.0.CO;2-I","Semendeferi et al. (2001)","Semendeferi","2001"
"10.1002%2F1096-8644(200103)114%3A3%3C224%3A%3AAID-AJPA1022%3E3.0.CO;2-I_TABLE3.tsv","10.1002/1096-8644(200103)114:3<224::AID-AJPA1022>3.0.CO;2-I","DOI","TABLE3","https://doi.org/10.1002/1096-8644(200103)114:3<224::AID-AJPA1022>3.0.CO;2-I","",7,11,"Species; species_as_published; specimen_as_published; area_as_published; n_specimens; GLI_pct_mean_all_layers; GLI_pct_mean_supragranular; GLI_pct_mean_granular; GLI_pct_mean_infragranular; source_location; data_role","Semendeferi, K., Armstrong, E., Schleicher, A., Zilles, K., & Van Hoesen, G. W. (2001). Prefrontal cortex in humans and apes: a comparative study of area 10. Am J Phys Anthropol, 114(3), 224-241. https://doi.org/10.1002/1096-8644(200103)114:3<224::AID-AJPA1022>3.0.CO;2-I","Semendeferi et al. (2001)","Semendeferi","2001"
"10.1002%2Fajp.20048_TABLEI.tsv","10.1002/ajp.20048","DOI","TABLEI","https://doi.org/10.1002/ajp.20048","",34,9,"Species; Sex; Age; Whole Brain; Neocortex; Hippocampus; Striatum; Thalamus; Cerebellum","Sherwood, C. C., Cranfield, M. R., Mehlman, P. T., Lilly, A. A., Garbe, J. A., Whittier, C. A., Nutter, F. B., Rein, T. R., Bruner, H. J., Holloway, R. L., Tang, C. Y., Naidich, T. P., Delman, B. N., Steklis, H. D., Erwin, J. M., & Hof, P. R. (2004). Brain structure variation in great apes, with attention to the mountain gorilla (Gorilla beringei beringei). Am J Primatol, 63(3), 149-164. https://doi.org/10.1002/ajp.20048","Sherwood et al. (2004)","Sherwood","2004"
"10.1002%2Fajp.20048_unpublishedviaDeCasien.tsv","10.1002/ajp.20048","DOI","unpublishedviaDeCasien","https://doi.org/10.1002/ajp.20048","",2,8,"species; species_as_published; moesm3_row; N; brain_volume_mm3; thalamus_mm3; source; provenance","Sherwood, C. C., Cranfield, M. R., Mehlman, P. T., Lilly, A. A., Garbe, J. A., Whittier, C. A., Nutter, F. B., Rein, T. R., Bruner, H. J., Holloway, R. L., Tang, C. Y., Naidich, T. P., Delman, B. N., Steklis, H. D., Erwin, J. M., & Hof, P. R. (2004). Brain structure variation in great apes, with attention to the mountain gorilla (Gorilla beringei beringei). Am J Primatol, 63(3), 149-164. https://doi.org/10.1002/ajp.20048","Sherwood et al. (2004)","Sherwood","2004"
"10.1002%2Fajpa.1330510308_Tables1-9.tsv","10.1002/ajpa.1330510308","DOI","Tables1-9","https://doi.org/10.1002/ajpa.1330510308","",106,27,"table; source_group; role; specimen_code; individual_id; species_as_published; interpreted_taxon; sex; age_years; body_mass_kg; brain_mass_g; collection; section_plane; structure; measure; unit; value; percent_value; n; mean; sd; se; minimum; maximum; median; note; source","Armstrong, E. (1979). Quantitative comparison of the hominoid thalamus. I. Specific sensory relay nuclei. Am J Phys Anthropol, 51(3), 365-382. https://doi.org/10.1002/ajpa.1330510308","Armstrong et al. (1979)","Armstrong","1979"
"10.1002%2Fajpa.20684_TABLE1.tsv","10.1002/ajpa.20684","DOI","TABLE1","https://doi.org/10.1002/ajpa.20684","",12,23,"species; specimen; age; sex; hemispheres_cm3; amygdaloid_complex_L; amygdaloid_complex_R; amygdaloid_complex_total; basolateral_L; basolateral_R; basolateral_total; lateral_L; lateral_R; lateral_total; basal_L; basal_R; basal_total; accessory_basal_L; accessory_basal_R; accessory_basal_total; section_plane; note; source","Barger, N., Stefanacci, L., & Semendeferi, K. (2007). A comparative volumetric analysis of the amygdaloid complex and basolateral division in the human and ape brain. Am J Phys Anthropol, 134(3), 392-403. https://doi.org/10.1002/ajpa.20684","Barger et al. (2007)","Barger","2007"
"10.1002%2Fajpa.22646_Fig4A.tsv","10.1002/ajpa.22646","DOI","Fig4A","https://doi.org/10.1002/ajpa.22646","",2,38,"Species; Frontal_GM_L_cm3; Frontal_GM_R_cm3; Frontal_WM_L_cm3; Frontal_WM_R_cm3; Temporal_GM_L_cm3; Temporal_GM_R_cm3; Temporal_WM_L_cm3; Temporal_WM_R_cm3; ParOcc_GM_L_cm3; ParOcc_GM_R_cm3; ParOcc_WM_L_cm3; ParOcc_WM_R_cm3; Insula_L_cm3; Insula_R_cm3; Claustrum_L_cm3; Claustrum_R_cm3; CerebellumHem_L_cm3; CerebellumHem_R_cm3; CerebellumVermis_cm3; Amygdala_L_cm3; Amygdala_R_cm3; Hippocampus_L_cm3; Hippocampus_R_cm3; Striatum_L_cm3; Striatum_R_cm3; Thalamus_cm3; Cerebellum_mm3; Neocortex_GMWM_mm3; Neocortex_GM_mm3; Striatum_mm3; Hippocampus_mm3; Amygdala_mm3; Insula_mm3; Thalamus_mm3; subjects; digitized_from; source","Barks, S. K., Calhoun, M. E., Hopkins, W. D., Cranfield, M. R., Mudakikwa, A., Stoinski, T. S., Patterson, F. G., Erwin, J. M., Hecht, E. E., Hof, P. R., & Sherwood, C. C. (2014). Brain organization of gorillas reflects species differences in ecology. Am J Phys Anthropol. https://doi.org/10.1002/ajpa.22646","Barks et al. (2014)","Barks","2014"
"10.1002%2Fajpa.22646_Fig5A.tsv","10.1002/ajpa.22646","DOI","Fig5A","https://doi.org/10.1002/ajpa.22646","",2,38,"Species; Frontal_GM_L_cm3; Frontal_GM_R_cm3; Frontal_WM_L_cm3; Frontal_WM_R_cm3; Temporal_GM_L_cm3; Temporal_GM_R_cm3; Temporal_WM_L_cm3; Temporal_WM_R_cm3; ParOcc_GM_L_cm3; ParOcc_GM_R_cm3; ParOcc_WM_L_cm3; ParOcc_WM_R_cm3; Insula_L_cm3; Insula_R_cm3; Claustrum_L_cm3; Claustrum_R_cm3; CerebellumHem_L_cm3; CerebellumHem_R_cm3; CerebellumVermis_cm3; Amygdala_L_cm3; Amygdala_R_cm3; Hippocampus_L_cm3; Hippocampus_R_cm3; Striatum_L_cm3; Striatum_R_cm3; Thalamus_cm3; Cerebellum_mm3; Neocortex_GMWM_mm3; Neocortex_GM_mm3; Striatum_mm3; Hippocampus_mm3; Amygdala_mm3; Insula_mm3; Thalamus_mm3; subjects; digitized_from; source","Barks, S. K., Calhoun, M. E., Hopkins, W. D., Cranfield, M. R., Mudakikwa, A., Stoinski, T. S., Patterson, F. G., Erwin, J. M., Hecht, E. E., Hof, P. R., & Sherwood, C. C. (2014). Brain organization of gorillas reflects species differences in ecology. Am J Phys Anthropol. https://doi.org/10.1002/ajpa.22646","Barks et al. (2014)","Barks","2014"
"10.1002%2Fajpa.22646_TABLE1.tsv","10.1002/ajpa.22646","DOI","TABLE1","https://doi.org/10.1002/ajpa.22646","",36,7,"species; specimen_number; Sex; Age (years); Rearing history; Brain volume (cm3); Brain volume minus cerebellum (cm3)","Barks, S. K., Calhoun, M. E., Hopkins, W. D., Cranfield, M. R., Mudakikwa, A., Stoinski, T. S., Patterson, F. G., Erwin, J. M., Hecht, E. E., Hof, P. R., & Sherwood, C. C. (2014). Brain organization of gorillas reflects species differences in ecology. Am J Phys Anthropol. https://doi.org/10.1002/ajpa.22646","Barks et al. (2014)","Barks","2014"
"10.1002%2Fajpa.22646_TABLE2.tsv","10.1002/ajpa.22646","DOI","TABLE2","https://doi.org/10.1002/ajpa.22646","",26,4,"region; hemisphere; average_number_points_counted; ce","Barks, S. K., Calhoun, M. E., Hopkins, W. D., Cranfield, M. R., Mudakikwa, A., Stoinski, T. S., Patterson, F. G., Erwin, J. M., Hecht, E. E., Hof, P. R., & Sherwood, C. C. (2014). Brain organization of gorillas reflects species differences in ecology. Am J Phys Anthropol. https://doi.org/10.1002/ajpa.22646","Barks et al. (2014)","Barks","2014"
"10.1002%2Fajpa.22646_unpublishedviaDeCasien.tsv","10.1002/ajpa.22646","DOI","unpublishedviaDeCasien","https://doi.org/10.1002/ajpa.22646","",33,15,"species; species_as_published; barks_table1_specimen_number; moesm3_row; N; brain_volume_mm3; neocortex_GMWM_mm3; neocortex_GM_mm3; cerebellum_mm3; striatum_mm3; hippocampus_mm3; amygdala_mm3; insula_GM_mm3; source; provenance","Barks, S. K., Calhoun, M. E., Hopkins, W. D., Cranfield, M. R., Mudakikwa, A., Stoinski, T. S., Patterson, F. G., Erwin, J. M., Hecht, E. E., Hof, P. R., & Sherwood, C. C. (2014). Brain organization of gorillas reflects species differences in ecology. Am J Phys Anthropol. https://doi.org/10.1002/ajpa.22646","Barks et al. (2014)","Barks","2014"
"10.1002%2Far.a.20114_TABLE1.tsv","10.1002/ar.a.20114","DOI","TABLE1","https://doi.org/10.1002/ar.a.20114","",21,9,"species; V1_grey_cm3; LGN_cm3; V1_surface_cm2; horizontal_meridian_mm; whole_brain_cm3; neocortex_white_cm3; neocortex_grey_cm3; source","Bush, E. C., & Allman, J. M. (2004). Three-dimensional structure and evolution of primate primary visual cortex. Anat Rec (Hoboken), 281(1), 1088-1094. https://doi.org/10.1002/ar.a.20114","Bush et al. (2004)","Bush","2004"
"10.1002%2Far.a.20116_Table1.tsv","10.1002/ar.a.20116","DOI","Table1","https://doi.org/10.1002/ar.a.20116","",27,12,"species_as_published; common_name; n_specimens; orbit_convergence_mean_deg; orbit_convergence_sd_deg; binocular_visual_field_min_deg; binocular_visual_field_max_deg; binocular_visual_field_midpoint_deg; binocular_visual_field_reference; data_role; note; source","Heesy, C. P. (2004). On the relationship between orbit orientation and binocular visual field overlap in mammals. The Anatomical Record Part A, 281A, 1104-1110. https://doi.org/10.1002/ar.a.20116","Heesy et al. (2004)","Heesy","2004"
"10.1002%2Fcne.23118_Table3.tsv","10.1002/cne.23118","DOI","Table3","https://doi.org/10.1002/cne.23118","",7,14,"Species; Species_Barger2012; n_specimens; taxon_concept; Amygdala_neurons; Amygdala_neurons_SD; Lateral_neurons; Lateral_neurons_SD; Basal_neurons; Basal_neurons_SD; AccessoryBasal_neurons; AccessoryBasal_neurons_SD; Central_neurons; Central_neurons_SD","Barger, N., Stefanacci, L., Schumann, C. M., Sherwood, C. C., Annese, J., Allman, J. M., Buckwalter, J. A., Hof, P. R., & Semendeferi, K. (2012). Neuronal populations in the basolateral nuclei of the amygdala are differentially increased in humans compared with apes: A stereological study. J Comp Neurol, 520(13), 3035-3054. https://doi.org/10.1002/cne.23118","Barger et al. (2012)","Barger","2012"
"10.1002%2Fcne.23792_Table2.tsv","10.1002/cne.23792","DOI","Table2","https://doi.org/10.1002/cne.23792","",14,10,"species_as_printed; N_CX; N_CX_status; N_M1; N_M1_status; N_SC; N_SC_status; N_M1_per_N_SC; source_location; data_role","Herculano-Houzel, S., Kaas, J. H., & de Oliveira-Souza, R. (2016). Corticalization of motor control in humans is a consequence of brain scaling in primate evolution. Journal of Comparative Neurology, 524(3), 448-455. https://doi.org/10.1002/cne.23792","HerculanoHouzel et al. (2016)","HerculanoHouzel","2016"
"10.1002%2Fcne.23841_Table1.tsv","10.1002/cne.23841","DOI","Table1","https://doi.org/10.1002/cne.23841","",35,30,"source; doi; source_table; taxon_level; species_printed; Species; specimen_id; observation_level; n_specimens; age_class; age_detail; sex; hemisphere; region_printed; region; m1_compatible; layer_printed; layer; layer_status; measure; statistic; value; unit; uncertainty_type; uncertainty_value; n_sampling_locations; sampling_detail; value_basis; source_location; curation_note","Jacobs, B., Lee, L., Schall, M., Raghanti, M. A., Lewandowski, A. H., Kottwitz, J. J., Roberts, J. F., Hof, P. R., & Sherwood, C. C. (2016). Neocortical neuronal morphology in the newborn giraffe (Giraffa camelopardalis tippelskirchi) and African elephant (Loxodonta africana). Journal of Comparative Neurology, 524, 257–287. https://doi.org/10.1002/cne.23841","Jacobs et al. (2016)","Jacobs","2016"
"10.1002%2Fcne.24022_Table1.tsv","10.1002/cne.24022","DOI","Table1","https://doi.org/10.1002/cne.24022","",42,30,"source; doi; source_table; taxon_level; species_printed; Species; specimen_id; observation_level; n_specimens; age_class; age_detail; sex; hemisphere; region_printed; region; m1_compatible; layer_printed; layer; layer_status; measure; statistic; value; unit; uncertainty_type; uncertainty_value; n_sampling_locations; sampling_detail; value_basis; source_location; curation_note","Johnson, C. B., Schall, M., Tennison, M. E., Garcia, M. E., Shea-Shumsky, N. B., Raghanti, M. A., Lewandowski, A. H., Bertelsen, M. F., Waller, L. C., Walsh, T., Roberts, J. F., Hof, P. R., Sherwood, C. C., Manger, P. R., & Jacobs, B. (2016). Neocortical neuronal morphology in the Siberian tiger (Panthera tigris altaica) and the clouded leopard (Neofelis nebulosa). Journal of Comparative Neurology, 524, 3641–3665. https://doi.org/10.1002/cne.24022","Johnson et al. (2016)","Johnson","2016"
"10.1002%2Fcne.24349_Table3.tsv","10.1002/cne.24349","DOI","Table3","https://doi.org/10.1002/cne.24349","",40,24,"Species; Species_binomial; species_sci; clade_printed; neuron_class; body_mass_g; brain_mass_mg; n_length; soma_length_M1; soma_length_M1_sd; soma_length_M1_min; soma_length_M1_max; n_area; soma_area_M1; soma_area_M1_sd; soma_area_M1_min; soma_area_M1_max; n_volume; soma_volume_M1; soma_volume_M1_sd; soma_volume_M1_min; soma_volume_M1_max; method; parse_flags","Jacobs, B., Garcia, M. E., Shea-Shumsky, N. B., Tennison, M. E., Schall, M., Saviano, M. S., Tummino, T. A., Bull, A. J., Driscoll, L. L., Raghanti, M. A., Lewandowski, A. H., Wicinski, B., Ki Chui, H., Bertelsen, M. F., Walsh, T., Bhagwandin, A., Spocter, M. A., Hof, P. R., Sherwood, C. C., & Manger, P. R. (2018). Comparative morphology of gigantopyramidal neurons in primary motor cortex across mammals. J Comp Neurol, 526(3), 496-536. https://doi.org/10.1002/cne.24349","Jacobs et al. (2018)","Jacobs","2018"
"10.1002%2Fcne.24349_Table5.tsv","10.1002/cne.24349","DOI","Table5","https://doi.org/10.1002/cne.24349","",53,24,"clade_printed; Species; species_sci; neuron_type; n_cells; dendritic_volume_M1; dendritic_volume_M1_sd; total_dendritic_length_M1; total_dendritic_length_M1_sd; mean_segment_length_M1; mean_segment_length_M1_sd; dendritic_segment_count_M1; dendritic_segment_count_M1_sd; dendritic_spine_number_M1; dendritic_spine_number_M1_sd; dendritic_spine_density_M1; dendritic_spine_density_M1_sd; soma_size_M1; soma_size_M1_sd; soma_depth_M1; soma_depth_M1_sd; gigantopyramidal_absent; method; parse_flags","Jacobs, B., Garcia, M. E., Shea-Shumsky, N. B., Tennison, M. E., Schall, M., Saviano, M. S., Tummino, T. A., Bull, A. J., Driscoll, L. L., Raghanti, M. A., Lewandowski, A. H., Wicinski, B., Ki Chui, H., Bertelsen, M. F., Walsh, T., Bhagwandin, A., Spocter, M. A., Hof, P. R., Sherwood, C. C., & Manger, P. R. (2018). Comparative morphology of gigantopyramidal neurons in primary motor cortex across mammals. J Comp Neurol, 526(3), 496-536. https://doi.org/10.1002/cne.24349","Jacobs et al. (2018)","Jacobs","2018"
"10.1002%2Fcne.24605_TABLE1.tsv","10.1002/cne.24605","DOI","TABLE1","https://doi.org/10.1002/cne.24605","",47,10,"Infraclass; Order; Suborder; Parvorder; Family; Scientific name; ILA Pial Dorsal; ILA Pial Ventral; ILA Subpial Dorsal; ILA Subpial Ventral","Falcone, C., Wolf-Ochoa, M., Amina, S., Hong, T., Vakilzadeh, G., Hopkins, W. D., Hof, P. R., Sherwood, C. C., Manger, P. R., Noctor, S. C., & Martínez-Cerdeño, V. (2019). Cortical interlaminar astrocytes across the therian mammal radiation. J Comp Neurol, 527(10), 1654-1674. https://doi.org/10.1002/cne.24605","Falcone et al. (2019)","Falcone","2019"
"10.1002%2Fcne.24605_TABLE2.tsv","10.1002/cne.24605","DOI","TABLE2","https://doi.org/10.1002/cne.24605","",47,6,"Scientific name; ILA linear density; ILA primary processes; ILA total processes; ILA total length; ILA complexity","Falcone, C., Wolf-Ochoa, M., Amina, S., Hong, T., Vakilzadeh, G., Hopkins, W. D., Hof, P. R., Sherwood, C. C., Manger, P. R., Noctor, S. C., & Martínez-Cerdeño, V. (2019). Cortical interlaminar astrocytes across the therian mammal radiation. J Comp Neurol, 527(10), 1654-1674. https://doi.org/10.1002/cne.24605","Falcone et al. (2019)","Falcone","2019"
"10.1002%2Fcne.24823_Table2.tsv","10.1002/cne.24823","DOI","Table2","https://doi.org/10.1002/cne.24823","",49,25,"Species_Nguyen2019; Species_scientific_printed; Species; region_printed; region_code; region; neuron_type; n; dendritic_volume_um3_mean; dendritic_volume_um3_sem; total_dendritic_length_um_mean; total_dendritic_length_um_sem; mean_segment_length_um_mean; mean_segment_length_um_sem; dendritic_segment_count_mean; dendritic_segment_count_sem; dendritic_spine_count_mean; dendritic_spine_count_sem; dendritic_spine_density_per_um_mean; dendritic_spine_density_per_um_sem; soma_area_um2_mean; soma_area_um2_sem; soma_depth_um_mean; soma_depth_um_sem; source_note","Nguyen, V. T., Uchida, R., Warling, A., Sloan, L. J., Saviano, M. S., Wicinski, B., Hard, T., Bertelsen, M. F., Stimpson, C. D., Bitterman, K., Schall, M., Hof, P. R., Sherwood, C. C., Manger, P. R., Spocter, M. A., & Jacobs, B. (2019). Comparative neocortical neuromorphology in felids: African lion (Panthera leo leo), African leopard (Panthera pardus pardus), and cheetah (Acinonyx jubatus jubatus). J Comp Neurol. https://doi.org/10.1002/cne.24823","Nguyen et al. (2019)","Nguyen","2019"
"10.1002%2Fcne.24985_TABLE1.tsv","10.1002/cne.24985","DOI","TABLE1","https://doi.org/10.1002/cne.24985","",13,9,"Species; Micro/mega; Family; Clade; n; SampleInfo; MBODY, g; MBRAIN, g; NBRAIN","Herculano-Houzel, S., da Cunha, F. B., Reed, J. L., Kaswera-Kyamakya, C., Gillissen, E., & Manger, P. R. (2020). Microchiropterans have a diminutive cerebral cortex, not an enlarged cerebellum, compared to megachiropterans and other mammals. J Comp Neurol, 528(17), 2978-2993. https://doi.org/10.1002/cne.24985","HerculanoHouzel et al. (2020)","HerculanoHouzel","2020"
"10.1002%2Fcne.24985_TABLE2.tsv","10.1002/cne.24985","DOI","TABLE2","https://doi.org/10.1002/cne.24985","",13,9,"Species; Micro/mega; Family; NCX; NCB; NRoB; DN,CX; DN,Cb; DN,RoB","Herculano-Houzel, S., da Cunha, F. B., Reed, J. L., Kaswera-Kyamakya, C., Gillissen, E., & Manger, P. R. (2020). Microchiropterans have a diminutive cerebral cortex, not an enlarged cerebellum, compared to megachiropterans and other mammals. J Comp Neurol, 528(17), 2978-2993. https://doi.org/10.1002/cne.24985","HerculanoHouzel et al. (2020)","HerculanoHouzel","2020"
"10.1002%2Fcne.25197_FIGURE4.tsv","10.1002/cne.25197","DOI","FIGURE4","https://doi.org/10.1002/cne.25197","",6,16,"species_as_published; region; panel; measure; measure_as_printed; solver_type; n_group; n_group_basis; group_mean_count; anova_F; anova_df_between; anova_df_within; anova_p; anova_partial_eta_sq; posthoc_vs_solver_p; source","Jacob, J., Kent, M., Benson-Amram, S., Herculano-Houzel, S., Raghanti, M. A., Ploppert, E., Drake, J., Hindi, B., Natale, N. R., Daniels, S., Fanelli, R., Miller, A., Landis, T., Gilbert, A., Johnson, S., Lai, A., Hyer, M., Rzucidlo, A., Anchor, C.,…Lambert, K. (2021). Cytoarchitectural characteristics associated with cognitive flexibility in raccoons. J Comp Neurol, 529(14), 3375-3388. https://doi.org/10.1002/cne.25197","Jacob et al. (2021)","Jacob","2021"
"10.1002%2Fcne.25197_TABLE1.tsv","10.1002/cne.25197","DOI","TABLE1","https://doi.org/10.1002/cne.25197","",3,15,"species_as_published; solver_type; n_group; hemisphere_weight_mg_mean; hemisphere_weight_mg_sem; hemisphere_n; hemisphere_footnote_ref; hippocampus_mg_mean; hippocampus_mg_sem; hippocampus_n; somatosensory_cortex_mg_mean; somatosensory_cortex_mg_sem; somatosensory_cortex_n; somatosensory_cortex_footnote_ref; source","Jacob, J., Kent, M., Benson-Amram, S., Herculano-Houzel, S., Raghanti, M. A., Ploppert, E., Drake, J., Hindi, B., Natale, N. R., Daniels, S., Fanelli, R., Miller, A., Landis, T., Gilbert, A., Johnson, S., Lai, A., Hyer, M., Rzucidlo, A., Anchor, C.,…Lambert, K. (2021). Cytoarchitectural characteristics associated with cognitive flexibility in raccoons. J Comp Neurol, 529(14), 3375-3388. https://doi.org/10.1002/cne.25197","Jacob et al. (2021)","Jacob","2021"
"10.1002%2Fcne.25197_TABLE2.tsv","10.1002/cne.25197","DOI","TABLE2","https://doi.org/10.1002/cne.25197","",2,18,"species_as_published; region; solver_type; n_group; nonneurons_per_field_mean; nonneurons_per_field_sem; neuron_total_per_field_mean; neuron_total_per_field_sem; von_economo_neurons_per_field_mean; von_economo_neurons_per_field_sem; fork_neurons_per_field_mean; fork_neurons_per_field_sem; pct_von_economo_neurons_mean; pct_von_economo_neurons_sem; pct_all_neurons_mean; pct_all_neurons_sem; sampling_field_um; source","Jacob, J., Kent, M., Benson-Amram, S., Herculano-Houzel, S., Raghanti, M. A., Ploppert, E., Drake, J., Hindi, B., Natale, N. R., Daniels, S., Fanelli, R., Miller, A., Landis, T., Gilbert, A., Johnson, S., Lai, A., Hyer, M., Rzucidlo, A., Anchor, C.,…Lambert, K. (2021). Cytoarchitectural characteristics associated with cognitive flexibility in raccoons. J Comp Neurol, 529(14), 3375-3388. https://doi.org/10.1002/cne.25197","Jacob et al. (2021)","Jacob","2021"
"10.1002%2Fcne.25197_TABLE3.tsv","10.1002/cne.25197","DOI","TABLE3","https://doi.org/10.1002/cne.25197","",3,17,"species_as_published; region; solver_type; n_group; nonneurons_per_field_mean; nonneurons_per_field_sem; neuron_total_per_field_mean; neuron_total_per_field_sem; fusiform_neurons_per_field_mean; fusiform_neurons_per_field_sem; fusiform_footnote_ref; pct_fusiform_neurons_mean; pct_fusiform_neurons_sem; pct_all_neurons_mean; pct_all_neurons_sem; sampling_field_um; source","Jacob, J., Kent, M., Benson-Amram, S., Herculano-Houzel, S., Raghanti, M. A., Ploppert, E., Drake, J., Hindi, B., Natale, N. R., Daniels, S., Fanelli, R., Miller, A., Landis, T., Gilbert, A., Johnson, S., Lai, A., Hyer, M., Rzucidlo, A., Anchor, C.,…Lambert, K. (2021). Cytoarchitectural characteristics associated with cognitive flexibility in raccoons. J Comp Neurol, 529(14), 3375-3388. https://doi.org/10.1002/cne.25197","Jacob et al. (2021)","Jacob","2021"
"10.1002%2Fcne.25669_TABLE1.tsv","10.1002/cne.25669","DOI","TABLE1","https://doi.org/10.1002/cne.25669","",18,12,"Species; Common name; Age (years); Sex; Hemisphere; Fixation; Brain mass (g); Neuron density (mm2); Mitochondria density (mm2); Synapse density (mm2); PSD length (nm); Reference","Karl, M. T., Kim, Y. D., Rajendran, K., Manger, P. R., & Sherwood, C. C. (2024). Invariance of Mitochondria and Synapses in the Primary Visual Cortex of Mammals Provides Insight Into Energetics and Function. J Comp Neurol, 532(9), e25669. https://doi.org/10.1002/cne.25669","Karl et al. (2024)","Karl","2024"
"10.1002%2Fcne.70089_TABLE1.tsv","10.1002/cne.70089","DOI","TABLE1","https://doi.org/10.1002/cne.70089","",1,73,"Species; Whole brain_Mass, g; Cerebral cortex (including Hp + amygdala)_Mass, g; Cerebral cortical grey matter_Mass, g; Cerebral cortical white matter_Mass, g; Cerebellum_Mass, g; Rest of brain (diencephalon+striatum, mesencephalon, pons and medulla)_Mass, g; Amygdala_Mass, g; Hippocampus_Mass, g; Diencephalon + Striatum_Mass, g; Mesencephalon_Mass, g; Pons_Mass, g; Medulla oblongata_Mass, g; Whole brain_Neurons; Cerebral cortex (including Hp + amygdala)_Neurons; Cerebral cortical grey matter_Neurons; Cerebral cortical white matter_Neurons; Cerebellum_Neurons; Rest of brain (diencephalon+striatum, mesencephalon, pons and medulla)_Neurons; Amygdala_Neurons; Hippocampus_Neurons; Diencephalon + Striatum_Neurons; Mesencephalon_Neurons; Pons_Neurons; Medulla oblongata_Neurons; Whole brain_Non-neuronal cells; Cerebral cortex (including Hp + amygdala)_Non-neuronal cells; Cerebral cortical grey matter_Non-neuronal cells; Cerebral cortical white matter_Non-neuronal cells; Cerebellum_Non-neuronal cells; Rest of brain (diencephalon+striatum, mesencephalon, pons and medulla)_Non-neuronal cells; Amygdala_Non-neuronal cells; Hippocampus_Non-neuronal cells; Diencephalon + Striatum_Non-neuronal cells; Mesencephalon_Non-neuronal cells; Pons_Non-neuronal cells; Medulla oblongata_Non-neuronal cells; Whole brain_Neurons/mg; Cerebral cortex (including Hp + amygdala)_Neurons/mg; Cerebral cortical grey matter_Neurons/mg; Cerebral cortical white matter_Neurons/mg; Cerebellum_Neurons/mg; Rest of brain (diencephalon+striatum, mesencephalon, pons and medulla)_Neurons/mg; Amygdala_Neurons/mg; Hippocampus_Neurons/mg; Diencephalon + Striatum_Neurons/mg; Mesencephalon_Neurons/mg; Pons_Neurons/mg; Medulla oblongata_Neurons/mg; Whole brain_Non-neuronal cells/mg; Cerebral cortex (including Hp + amygdala)_Non-neuronal cells/mg; Cerebral cortical grey matter_Non-neuronal cells/mg; Cerebral cortical white matter_Non-neuronal cells/mg; Cerebellum_Non-neuronal cells/mg; Rest of brain (diencephalon+striatum, mesencephalon, pons and medulla)_Non-neuronal cells/mg; Amygdala_Non-neuronal cells/mg; Hippocampus_Non-neuronal cells/mg; Diencephalon + Striatum_Non-neuronal cells/mg; Mesencephalon_Non-neuronal cells/mg; Pons_Non-neuronal cells/mg; Medulla oblongata_Non-neuronal cells/mg; Whole brain_Non-neuronal cells/neuron; Cerebral cortex (including Hp + amygdala)_Non-neuronal cells/neuron; Cerebral cortical grey matter_Non-neuronal cells/neuron; Cerebral cortical white matter_Non-neuronal cells/neuron; Cerebellum_Non-neuronal cells/neuron; Rest of brain (diencephalon+striatum, mesencephalon, pons and medulla)_Non-neuronal cells/neuron; Amygdala_Non-neuronal cells/neuron; Hippocampus_Non-neuronal cells/neuron; Diencephalon + Striatum_Non-neuronal cells/neuron; Mesencephalon_Non-neuronal cells/neuron; Pons_Non-neuronal cells/neuron; Medulla oblongata_Non-neuronal cells/neuron","Avelino-de-Souza, K., Patzke, N., Karlsson, K. A. E., Manger, P. R., & Herculano-Houzel, S. (2025). Cellular Composition of the Brain of a Northern Minke Whale. J Comp Neurol, 533(9), e70089. https://doi.org/10.1002/cne.70089","AvelinodeSouza et al. (2025)","AvelinodeSouza","2025"
"10.1002%2Fcne.901270108_Table2.tsv","10.1002/cne.901270108","DOI","Table2","https://doi.org/10.1002/cne.901270108","",38,8,"species_as_printed; source_author; body_weight_g; brain_weight_g; spinal_cord_weight_g; brain_spinal_cord_ratio; source_location; data_role","Krompecher, S., & Lipak, J. (1966). A simple method for determining cerebralization. Brain weight and intelligence. J Comp Neurol, 127(1), 113-120. https://doi.org/10.1002/cne.901270108","Krompecher et al. (1966)","Krompecher","1966"
"10.1002%2Fcne.903170302_Table1.tsv","10.1002/cne.903170302","DOI","Table1","https://doi.org/10.1002/cne.903170302","",24,14,"Species_HH1992a; symbol; binomial; binomial_basis; sound_localization_threshold_deg; threshold_footnote; threshold_source; delta_t_us; field_of_best_vision_deg; visual_acuity_cdeg; acuity_footnote; acuity_source; binocular_field_deg; trophic_level","Heffner, R. S., & Heffner, H. E. (1992). Visual factors in sound localization in mammals. J Comp Neurol, 317(3), 219-232. https://doi.org/10.1002/cne.903170302","Heffner et al. (1992)","Heffner","1992"
"10.1002%2Fcne.903580203_TABLE1.tsv","10.1002/cne.903580203","DOI","TABLE1","https://doi.org/10.1002/cne.903580203","",24,7,"Common_name_Nudo1995; Species_Nudo1995; species_sci; Body_Mass.g; Brain_Mass.mg; Neocortex_SurfaceArea.mm2; parse_flags","Nudo, R. J., Sutherland, D. P., & Masterton, R. B. (1995). Variation and evolution of mammalian corticospinal somata with special reference to primates. J Comp Neurol, 358(2), 181-205. https://doi.org/10.1002/cne.903580203","Nudo et al. (1995)","Nudo","1995"
"10.1002%2Fcne.903580203_TABLE2.tsv","10.1002/cne.903580203","DOI","TABLE2","https://doi.org/10.1002/cne.903580203","",24,26,"Animal_Nudo1995; animal_common_Nudo1995; gs_initials_Nudo1995; Order_Nudo1995; Order_resolved; species_sci; CS_profiles_contralateral; CS_profiles_ipsilateral; CS_profiles_bracket_printed; CS_profiles_used; hemisphere_used; soma_diameter.um; correction_term; CS_somata_total; CS_somata_A; CS_somata_pct_A; CS_somata_B; CS_somata_pct_B; CS_somata_C; CS_somata_pct_C; CS_somata_Cprime; CS_somata_pct_Cprime; CS_somata_other; CS_somata_pct_other; method; parse_flags","Nudo, R. J., Sutherland, D. P., & Masterton, R. B. (1995). Variation and evolution of mammalian corticospinal somata with special reference to primates. J Comp Neurol, 358(2), 181-205. https://doi.org/10.1002/cne.903580203","Nudo et al. (1995)","Nudo","1995"
"10.1002%2Fcne.903580203_TABLE3.tsv","10.1002/cne.903580203","DOI","TABLE3","https://doi.org/10.1002/cne.903580203","",9,10,"Order_Nudo1995; n_species; mean_CS_somata_total; mean_CS_somata_A; mean_CS_somata_B; mean_CS_somata_C; mean_CS_somata_Cprime; mean_CS_somata_pct_A; mean_CS_somata_pct_B; parse_flags","Nudo, R. J., Sutherland, D. P., & Masterton, R. B. (1995). Variation and evolution of mammalian corticospinal somata with special reference to primates. J Comp Neurol, 358(2), 181-205. https://doi.org/10.1002/cne.903580203","Nudo et al. (1995)","Nudo","1995"
"10.1002%2Fcne.903580203_TABLE4.tsv","10.1002/cne.903580203","DOI","TABLE4","https://doi.org/10.1002/cne.903580203","",24,12,"Animal_Nudo1995; animal_common_Nudo1995; gs_initials_Nudo1995; Order_Nudo1995; Order_resolved; species_sci; max_surface_density_A.cells_per_mm2; max_surface_density_B.cells_per_mm2; max_surface_density_C.cells_per_mm2; max_surface_density_Cprime.cells_per_mm2; method; parse_flags","Nudo, R. J., Sutherland, D. P., & Masterton, R. B. (1995). Variation and evolution of mammalian corticospinal somata with special reference to primates. J Comp Neurol, 358(2), 181-205. https://doi.org/10.1002/cne.903580203","Nudo et al. (1995)","Nudo","1995"
"10.1002%2Fcne.903580203_TABLE5.tsv","10.1002/cne.903580203","DOI","TABLE5","https://doi.org/10.1002/cne.903580203","",24,16,"Animal_Nudo1995; animal_common_Nudo1995; gs_initials_Nudo1995; Order_Nudo1995; Order_resolved; species_sci; avg_surface_density.cells_per_mm2; CS_layer_thickness.mm; max_volume_density.cells_per_mm3; column_height.cells; concentration_pct; concentration_large_cells_pct; rostral_caudal_density_ratio; condensation_pct; medial_lateral_position_pct; parse_flags","Nudo, R. J., Sutherland, D. P., & Masterton, R. B. (1995). Variation and evolution of mammalian corticospinal somata with special reference to primates. J Comp Neurol, 358(2), 181-205. https://doi.org/10.1002/cne.903580203","Nudo et al. (1995)","Nudo","1995"
"10.1002%2Fdneu.22554_Table2.tsv","10.1002/dneu.22554","DOI","Table2","https://doi.org/10.1002/dneu.22554","",8,13,"Region; Region_code; Group; n; taxon; Neuron_density.per.mm3; Neuron_density.per.mm3.SD; Glia_density.per.mm3; Glia_density.per.mm3.SD; Glia_Neuron_ratio; Glia_Neuron_ratio.SD; Soma_area.um2; Soma_area.um2.SD","","10.1002/dneu.22554","",""
"10.1002%2Fdneu.22554_Table3.tsv","10.1002/dneu.22554","DOI","Table3","https://doi.org/10.1002/dneu.22554","",4,8,"Region; Region_code; Group; n; taxon; Oligodendrocyte_density.per.mm3; Oligodendrocyte_density.per.mm3.SD; Oligodendrocyte_pct_of_glia","","10.1002/dneu.22554","",""
"10.1002%2Fjez.70069_SupplementaryFile1.tsv","10.1002/jez.70069","DOI","SupplementaryFile1","https://doi.org/10.1002/jez.70069","",182,4,"Row_ID; Order; Specie; Source_name","Medina-González, P. (2026). Joint Angular Excursions and Angular Range Utilization During Stance-Phase Locomotion in Terrestrial Mammals: A Comparative Morphofunctional Data Set. J Exp Zool A Ecol Integr Physiol, 345(4), 361-376. https://doi.org/10.1002/jez.70069","MedinaGonzález et al. (2026)","MedinaGonzález","2026"
"10.1002%2Fjez.70069_SupplementaryFile2.tsv","10.1002/jez.70069","DOI","SupplementaryFile2","https://doi.org/10.1002/jez.70069","",182,6,"Record_ID; species_sci; Species; Order; Locomotor_habit; Justification","Medina-González, P. (2026). Joint Angular Excursions and Angular Range Utilization During Stance-Phase Locomotion in Terrestrial Mammals: A Comparative Morphofunctional Data Set. J Exp Zool A Ecol Integr Physiol, 345(4), 361-376. https://doi.org/10.1002/jez.70069","MedinaGonzález et al. (2026)","MedinaGonzález","2026"
"10.1002%2Fjez.70069_SupplementaryFile3.tsv","10.1002/jez.70069","DOI","SupplementaryFile3","https://doi.org/10.1002/jez.70069","",182,51,"Record_ID; species_sci; Species; Order; Posture; Body_mass_kg; Body_mass_g; Body_mass_ln; Body_mass_class; Top_speed_class; Locomotor_habit; Shoulder_TD_deg; Shoulder_MS_deg; Shoulder_TO_deg; Elbow_TD_deg; Elbow_MS_deg; Elbow_TO_deg; Wrist_TD_deg; Wrist_MS_deg; Wrist_TO_deg; TAE_FL_deg; Sum_RoM_FL_deg; FL_Angular_Excursion_Efficiency_pct; Hip_TD_deg; Hip_MS_deg; Hip_TO_deg; Knee_TD_deg; Knee_MS_deg; Knee_TO_deg; Ankle_TD_deg; Ankle_MS_deg; Ankle_TO_deg; TAE_HL_deg; Sum_RoM_HL_deg; HL_Angular_Excursion_Efficiency_pct; Shoulder_Angular_Excursion_deg; Elbow_Angular_Excursion_deg; Wrist_Angular_Excursion_deg; Hip_Angular_Excursion_deg; Knee_Angular_Excursion_deg; Ankle_Angular_Excursion_deg; Relation_SumRoM_FL_HL; Relation_TAE_FL_HL; Shoulder_Relative_Angular_Excursion_pct; Elbow_Relative_Angular_Excursion_pct; Wrist_Relative_Angular_Excursion_pct; Hip_Relative_Angular_Excursion_pct; Knee_Relative_Angular_Excursion_pct; Ankle_Relative_Angular_Excursion_pct; Stride_length_m; Stride_length_norm","Medina-González, P. (2026). Joint Angular Excursions and Angular Range Utilization During Stance-Phase Locomotion in Terrestrial Mammals: A Comparative Morphofunctional Data Set. J Exp Zool A Ecol Integr Physiol, 345(4), 361-376. https://doi.org/10.1002/jez.70069","MedinaGonzález et al. (2026)","MedinaGonzález","2026"
"10.1006%2Fjhev.1996.0005_Table1.tsv","10.1006/jhev.1996.0005","DOI","Table1","https://doi.org/10.1006/jhev.1996.0005","",46,15,"Order; Species; Subspecies size; Sex; Body weight (g); Body weight (g): Data Source; Spinal cord weight (mg); Spinal cord weight (mg): Data Source; Body weight (mg); Body weight (mg): Data Source; Spinal cord length (mm): Dissection: Sex (specified); Spinal cord length (mm): Dissection; Spinal cord length (mm): Dissection: Data Source; Spinal cord length (mm): ΣDCL; Spinal cord length (mm): ΣDCL: Data Source","MacLarnon, A. (1996). The scaling of gross dimensions of the spinal cord in primates and other species. J Hum Evol, 30(1), 71-87. https://doi.org/10.1006/jhev.1996.0005","MacLarnon et al. (1996)","MacLarnon","1996"
"10.1006%2Fjhev.1999.0313_Table1.tsv","10.1006/jhev.1999.0313","DOI","Table1","https://doi.org/10.1006/jhev.1999.0313","",11,21,"Species; species_abbrev; n_raw; n_male; n_female; n_total; body_weight_kg_mean; body_weight_kg_sd; body_weight_kg_note; spinal_cord_area_mm2_mean; spinal_cord_area_mm2_sd; spinal_cord_area_mm2_note; brain_volume_cc_mean; brain_volume_cc_sd; brain_volume_cc_note; neocortical_gray_matter_cc_mean; neocortical_gray_matter_cc_sd; neocortical_gray_matter_cc_note; cerebral_white_matter_cc_mean; cerebral_white_matter_cc_sd; cerebral_white_matter_cc_note","Rilling, J. K., & Insel, T. R. (1999). The primate neocortex in comparative perspective using magnetic resonance imaging. J Hum Evol, 37(2), 191-223. https://doi.org/10.1006/jhev.1999.0313","Rilling et al. (1999)","Rilling","1999"
"10.1006%2Fjhev.1999.0381_Table2.tsv","10.1006/jhev.1999.0381","DOI","Table2","https://doi.org/10.1006/jhev.1999.0381","",29,12,"Species; Species_Semendeferi2000; Specimen; taxon_concept; WholeBrain_Vol.mm3; Cerebellum_Vol.mm3; Hemispheres_Vol.mm3; Frontal_Vol.mm3; Temporal_Vol.mm3; Insula_Vol.mm3; ParietoOccipital_Vol.mm3; Core_Vol.mm3","Semendeferi, K., & Damasio, H. (2000). The brain and its main anatomical subdivisions in living hominoids using magnetic resonance imaging. J Hum Evol, 38(2), 317-332. https://doi.org/10.1006/jhev.1999.0381","Semendeferi et al. (2000)","Semendeferi","2000"
"10.1006%2Fjtbi.2003.3125_Table1.tsv","10.1006/jtbi.2003.3125","DOI","Table1","https://doi.org/10.1006/jtbi.2003.3125","",35,11,"row_type; order; Species; common_name; n_ethobehavior_types; behavior_citation; encephalization_index; n_muscle_types; muscle_citation; note; source","Changizi, M. A. (2003). Relationship between number of muscles, behavioral repertoire size, and encephalization in mammals. Journal of Theoretical Biology, 220(2), 157–168. https://doi.org/10.1006/jtbi.2003.3125","Changizi et al. (2003)","Changizi","2003"
"10.1007%2F978-1-4419-8873-7_20_Table1.tsv","10.1007/978-1-4419-8873-7_20","DOI","Table1","https://doi.org/10.1007/978-1-4419-8873-7_20","",39,11,"Species_KK2004; common_name_KK2004; binomial; activity_pattern; method; substrate; va_cdeg_min; va_cdeg_max; va_as_printed; source_as_printed; source","Kirk, E., & Kay, R. (2004). The evolution of high visual acuity in the Anthropoidea. In C. Ross & R. Kay (Eds.), Anthropoid origins: new visions (pp. 539–602). Kluwer Academic/Plenum Publishers. https://doi.org/10.1007/978-1-4419-8873-7_20","Kirk et al. (2004)","Kirk","2004"
"10.1007%2F978-1-4419-8873-7_20_Table2.tsv","10.1007/978-1-4419-8873-7_20","DOI","Table2","https://doi.org/10.1007/978-1-4419-8873-7_20","",46,11,"Species_KK2004; common_name_KK2004; binomial; activity_pattern; method; substrate; va_cdeg_min; va_cdeg_max; va_as_printed; source_as_printed; source","Kirk, E., & Kay, R. (2004). The evolution of high visual acuity in the Anthropoidea. In C. Ross & R. Kay (Eds.), Anthropoid origins: new visions (pp. 539–602). Kluwer Academic/Plenum Publishers. https://doi.org/10.1007/978-1-4419-8873-7_20","Kirk et al. (2004)","Kirk","2004"
"10.1007%2FBF00519885_Tables1-2.tsv","10.1007/BF00519885","DOI","Tables1-2","https://doi.org/10.1007/BF00519885","",33,29,"source_row; Species_Schleifenbaum1973; Species; domestication_status; individual; individual_printed; sectioned_for_Table2; sex_printed; sex; age_printed; body_mass_g; brain_mass_mg; source_value_parenthesized; medulla_oblongata_mm3; cerebellum_mm3; mesencephalon_mm3; diencephalon_mm3; telencephalon_mm3; neocortex_mm3; striatum_mm3; allocortex_mm3; periventricular_matrix_mm3; olfactory_bulb_mm3; olfactory_allocortex_nucleus_amygdalae_mm3; nonolfactory_allocortex_mm3; septum_mm3; hippocampus_mm3; schizocortex_mm3; total_brain_volume_mm3","Schleifenbaum, C. (1973). Untersuchungen zur postnatalen Ontogenese des Gehirns von Großpudeln und Wölfen. Z Anat Entwicklungsgesch, 141(2), 179-205. https://doi.org/10.1007/BF00519885","Schleifenbaum et al. (1973)","Schleifenbaum","1973"
"10.1007%2FBF00522811_Tables3-4.tsv","10.1007/BF00522811","DOI","Tables3-4","https://doi.org/10.1007/BF00522811","",10,31,"Species_Ebinger1974; individual; source_table; status_printed; breed_printed; brain_mass_mg; total_brain_volume_mm3; remaining_parts_mm3; ventricle_mm3; pure_brain_volume_mm3; medulla_oblongata_mm3; cerebellum_mm3; mesencephalon_mm3; diencephalon_mm3; telencephalon_mm3; neocortex_mm3; corpus_striatum_mm3; allocortex_mm3; olfactory_allocortex_mm3; olfactory_bulbs_mm3; regio_retrobulbaris_mm3; regio_praepiriformis_mm3; regio_periamygdalaris_amygdala_mm3; tuberculum_olfactorium_mm3; basal_nuclei_commissura_anterior_mm3; limbic_structures_mm3; septum_mm3; septal_nuclei_mm3; diagonal_band_mm3; hippocampus_mm3; schizocortex_mm3","Ebinger, P. (1974). A cytoarchitectonic volumetric comparison of brains in wild and domestic sheep. Z Anat Entwicklungsgesch, 144(3), 267-302. https://doi.org/10.1007/BF00522811","Ebinger et al. (1974)","Ebinger","1974"
"10.1007%2Fs00359-020-01424-8_Figure3.tsv","10.1007/s00359-020-01424-8","DOI","Figure3","https://doi.org/10.1007/s00359-020-01424-8","",79,11,"marker_id; functional_interaural_distance_us; high_freq_hearing_limit_60dB_kHz; species_label_as_printed; label_confidence; caption_group; excluded_from_regression; marker_filled; marker_grey_fill; value_origin; note","Heffner, R. S., Koay, G., & Heffner, H. E. (2020). Hearing and sound localization in Cottontail rabbits, Sylvilagus floridanus. J Comp Physiol A Neuroethol Sens Neural Behav Physiol, 206(4), 543-552. https://doi.org/10.1007/s00359-020-01424-8","Heffner et al. (2020)","Heffner","2020"
"10.1007%2Fs004220000205_Figure3.tsv","10.1007/s004220000205","DOI","Figure3","https://doi.org/10.1007/s004220000205","",12,7,"Species; common_name; log_brain_volume; log_n_areas; brain_volume_mm3; n_areas; source","Changizi, M. A. (2001). Principles underlying mammalian neocortical scaling. Biol Cybern, 84(3), 207-215. https://doi.org/10.1007/s004220000205","Changizi et al. (2001)","Changizi","2001"
"10.1007%2Fs00429-014-0830-9_Table1.tsv","10.1007/s00429-014-0830-9","DOI","Table1","https://doi.org/10.1007/s00429-014-0830-9","",14,30,"source; doi; source_table; taxon_level; species_printed; Species; specimen_id; observation_level; n_specimens; age_class; age_detail; sex; hemisphere; region_printed; region; m1_compatible; layer_printed; layer; layer_status; measure; statistic; value; unit; uncertainty_type; uncertainty_value; n_sampling_locations; sampling_detail; value_basis; source_location; curation_note","Jacobs, B., Harland, T., Kennedy, D., Schall, M., Wicinski, B., Butti, C., Hof, P. R., Sherwood, C. C., & Manger, P. R. (2015). The neocortex of cetartiodactyls. II. Neuronal morphology of the visual and motor cortices in the giraffe (Giraffa camelopardalis). Brain Struct Funct, 220(5), 2851-2872. https://doi.org/10.1007/s00429-014-0830-9","Jacobs et al. (2015)","Jacobs","2015"
"10.1007%2Fs00429-019-01885-x_Table2.tsv","10.1007/s00429-019-01885-x","DOI","Table2","https://doi.org/10.1007/s00429-019-01885-x","",84,30,"source; doi; source_table; taxon_level; species_printed; Species; specimen_id; observation_level; n_specimens; age_class; age_detail; sex; hemisphere; region_printed; region; m1_compatible; layer_printed; layer; layer_status; measure; statistic; value; unit; uncertainty_type; uncertainty_value; n_sampling_locations; sampling_detail; value_basis; source_location; curation_note","Peruffo, A., Corain, L., Bombardi, C., Centelleghe, C., Grisan, E., Graic, J.-M., Bontempi, P., Grandis, A., & Cozzi, B. (2019). The motor cortex of the sheep: Laminar organization, projections and diffusion tensor imaging of the intracranial pyramidal and extrapyramidal tracts. Brain Structure and Function, 224, 1933–1946. https://doi.org/10.1007/s00429-019-01885-x","Peruffo et al. (2019)","Peruffo","2019"
"10.1007%2Fs10329-026-01271-2_data.tsv","10.1007/s10329-026-01271-2","DOI","data","https://doi.org/10.1007/s10329-026-01271-2","",43,9,"Species; Species_alt; Species_MS; Clade; Family; vocal_repertoire_size_MS2005; vocal_repertoire_size_updated; repertoire_update_reference; source","Schniter, E., & Penaherrera-Aguirre, M. (2026). Evolution of primate vocal repertoires: vocal systems as embodied capital for mediating within-group conflict. Primates. https://doi.org/10.1007/s10329-026-01271-2","Schniter et al. (2026)","Schniter","2026"
"10.1016%2Fj.cortex.2018.09.008_TableS3.tsv","10.1016/j.cortex.2018.09.008","DOI","TableS3","https://doi.org/10.1016/j.cortex.2018.09.008","",23,11,"Species; species_as_published; specimen_as_published; area_as_published; n_specimens; GLI_pct_mean_all_layers; GLI_pct_mean_supragranular; GLI_pct_mean_granular; GLI_pct_mean_infragranular; source_location; data_role","Palomero-Gallagher, N., & Zilles, K. (2018). Differences in cytoarchitecture of Broca’s region between human, ape and macaque brains. Cortex. https://doi.org/10.1016/j.cortex.2018.09.008","PalomeroGallagher et al. (2018)","PalomeroGallagher","2018"
"10.1016%2Fj.cortex.2019.04.011_S1.tsv","10.1016/j.cortex.2019.04.011","DOI","S1","https://doi.org/10.1016/j.cortex.2019.04.011","",66,17,"group_printed; Specimens_Heuer2019; species_sci; SpecimenID; SNR; voxel_size_printed; voxel_size_x_mm; voxel_size_y_mm; voxel_size_z_mm; volume_dims_printed; volume_dim_x; volume_dim_y; volume_dim_z; in_vivo; extracted; provenance; species_note","Heuer, K., Gulban, O. F., Bazin, P. L., Osoianu, A., Valabregue, R., Santin, M., Herbin, M., & Toro, R. (2019). Evolution of neocortical folding: A phylogenetic comparative analysis of MRI from 34 primate species. Cortex, 118, 275-291. https://doi.org/10.1016/j.cortex.2019.04.011","Heuer et al. (2019)","Heuer","2019"
"10.1016%2Fj.cortex.2019.04.011_Table1.tsv","10.1016/j.cortex.2019.04.011","DOI","Table1","https://doi.org/10.1016/j.cortex.2019.04.011","",34,8,"grade_printed; Name_Heuer2019; Binomial_Heuer2019; species_sci; n_individuals; in_vivo_printed; extracted_printed; provenance_printed","Heuer, K., Gulban, O. F., Bazin, P. L., Osoianu, A., Valabregue, R., Santin, M., Herbin, M., & Toro, R. (2019). Evolution of neocortical folding: A phylogenetic comparative analysis of MRI from 34 primate species. Cortex, 118, 275-291. https://doi.org/10.1016/j.cortex.2019.04.011","Heuer et al. (2019)","Heuer","2019"
"10.1016%2Fj.cub.2004.12.064_Fig2.tsv","10.1016/j.cub.2004.12.064","DOI","Fig2","https://doi.org/10.1016/j.cub.2004.12.064","",3,9,"species; common_name; habitat_depth; retinal_q10_light_adapted; fff_at_10c_hz; fff_at_20c_hz; n; r_squared; source","Fritsches, K. A., Brill, R. W., & Warrant, E. J. (2005). Warm eyes provide superior vision in swordfishes. Curr Biol, 15(1), 55-58. https://doi.org/10.1016/j.cub.2004.12.064","Fritsches et al. (2005)","Fritsches","2005"
"10.1016%2Fj.cub.2017.01.020_TableS1part1.tsv","10.1016/j.cub.2017.01.020","DOI","TableS1part1","https://doi.org/10.1016/j.cub.2017.01.020","",19,10,"species; primary_visual_gray; prefrontal_gray; other_association_gray; frontal_motor_gray; primary_visual_white; prefrontal_white; other_association_white; frontal_motor_white; source","Smaers, J. B., Gómez-Robles, A., Parks, A. N., & Sherwood, C. C. (2017). Exceptional Evolutionary Expansion of Prefrontal Cortex in Great Apes and Humans. Curr Biol, 27(5), 714-720. https://doi.org/10.1016/j.cub.2017.01.020","Smaers et al. (2017)","Smaers","2017"
"10.1016%2Fj.cub.2017.01.020_TableS1part2.tsv","10.1016/j.cub.2017.01.020","DOI","TableS1part2","https://doi.org/10.1016/j.cub.2017.01.020","",10,6,"species; primary_visual_surface; prefrontal_surface; other_association_surface; frontal_motor_surface; source","Smaers, J. B., Gómez-Robles, A., Parks, A. N., & Sherwood, C. C. (2017). Exceptional Evolutionary Expansion of Prefrontal Cortex in Great Apes and Humans. Curr Biol, 27(5), 714-720. https://doi.org/10.1016/j.cub.2017.01.020","Smaers et al. (2017)","Smaers","2017"
"10.1016%2Fj.jhevol.2004.10.003_Table1.tsv","10.1016/j.jhevol.2004.10.003","DOI","Table1","https://doi.org/10.1016/j.jhevol.2004.10.003","",47,11,"species; N; medulla_oblongata_mm3; medulla_oblongata_SD; trigeminal_motor_Vmo_mm3; trigeminal_motor_Vmo_SD; facial_VII_mm3; facial_VII_SD; hypoglossal_XII_mm3; hypoglossal_XII_SD; source","Sherwood, C. C., Hof, P. R., Holloway, R. L., Semendeferi, K., Gannon, P. J., Frahm, H. D., & Zilles, K. (2005). Evolution of the brainstem orofacial motor system in primates: a comparative study of trigeminal, facial, and hypoglossal nuclei. J Hum Evol, 48(1), 45-84. https://doi.org/10.1016/j.jhevol.2004.10.003","Sherwood et al. (2005)","Sherwood","2005"
"10.1016%2Fj.jhevol.2008.08.004_Table2.tsv","10.1016/j.jhevol.2008.08.004","DOI","Table2","https://doi.org/10.1016/j.jhevol.2008.08.004","",18,7,"Species; Sex; p-value; ECV mean; ; n; ","Isler, K., Christopher Kirk, E., Miller, J. M. A., Albrecht, G. A., Gelvin, B. R., & Martin, R. D. (2008). Endocranial volumes of primate species: scaling analyses using a comprehensive and reliable data set. J Hum Evol, 55(6), 967. https://doi.org/10.1016/j.jhevol.2008.08.004","Isler et al. (2008)","Isler","2008"
"10.1016%2Fj.jhevol.2008.08.004_Table7.tsv","10.1016/j.jhevol.2008.08.004","DOI","Table7","https://doi.org/10.1016/j.jhevol.2008.08.004","",29,5,"Species; n; Slope: mean ± s.e.; r2; Body mass dimorphism","Isler, K., Christopher Kirk, E., Miller, J. M. A., Albrecht, G. A., Gelvin, B. R., & Martin, R. D. (2008). Endocranial volumes of primate species: scaling analyses using a comprehensive and reliable data set. J Hum Evol, 55(6), 967. https://doi.org/10.1016/j.jhevol.2008.08.004","Isler et al. (2008)","Isler","2008"
"10.1016%2Fj.jhevol.2008.08.004_TableS1.tsv","10.1016/j.jhevol.2008.08.004","DOI","TableS1","https://doi.org/10.1016/j.jhevol.2008.08.004","",3813,22,"Count; Order; Suborder; Infraorder; Parvorder; Superfamily; Family; Subfamily; Species group or subgenus; Genus; Species; Subspecies; Museum; Catalogue number; ECV measured by; Country of origin; Location; Additional information; Wild/captive; Body mass (g); Sex; ECV (cc)","Isler, K., Christopher Kirk, E., Miller, J. M. A., Albrecht, G. A., Gelvin, B. R., & Martin, R. D. (2008). Endocranial volumes of primate species: scaling analyses using a comprehensive and reliable data set. J Hum Evol, 55(6), 967. https://doi.org/10.1016/j.jhevol.2008.08.004","Isler et al. (2008)","Isler","2008"
"10.1016%2Fj.jhevol.2008.08.004_TableS2.tsv","10.1016/j.jhevol.2008.08.004","DOI","TableS2","https://doi.org/10.1016/j.jhevol.2008.08.004","",293,27,"Count Taxonomy; Order; Suborder; Infraorder; Parvorder; Superfamily; Family; Subfamily; Species group; Species; Subspecies; Data quality (ok if ≥ 4 individuals, at least 2m and 2f in anthropoids); Calculation of ECV species mean; Source of ECV; Source of body mass; ECV male mean; ECV female mean; ECV species mean; N male; N female; N species; Body mass male mean; Body mass female mean; Body mass species mean; N body mass male; N body mass female; N body mass species","Isler, K., Christopher Kirk, E., Miller, J. M. A., Albrecht, G. A., Gelvin, B. R., & Martin, R. D. (2008). Endocranial volumes of primate species: scaling analyses using a comprehensive and reliable data set. J Hum Evol, 55(6), 967. https://doi.org/10.1016/j.jhevol.2008.08.004","Isler et al. (2008)","Isler","2008"
"10.1016%2Fj.jhevol.2008.08.004_TableS3.tsv","10.1016/j.jhevol.2008.08.004","DOI","TableS3","https://doi.org/10.1016/j.jhevol.2008.08.004","",46,12,"Count; Usage; Genus species; Body mass (g); BMR (ml O2/h); Sources BMR; Female body mass (g); Gestation length (d); Lactation length (d); Source gestation length; Source lactation length; Remarks BMR","Isler, K., Christopher Kirk, E., Miller, J. M. A., Albrecht, G. A., Gelvin, B. R., & Martin, R. D. (2008). Endocranial volumes of primate species: scaling analyses using a comprehensive and reliable data set. J Hum Evol, 55(6), 967. https://doi.org/10.1016/j.jhevol.2008.08.004","Isler et al. (2008)","Isler","2008"
"10.1016%2Fj.jhevol.2009.11.011_SupTable2.tsv","10.1016/j.jhevol.2009.11.011","DOI","SupTable2","https://doi.org/10.1016/j.jhevol.2009.11.011","",44,12,"species; species_as_published; brain_volume_cm3; brain_N; neocortex_volume_cm3; neocortex_N; V1_area_striata_volume_cm3; V1_N; LGN_volume_cm3; LGN_N; source; correction","de Sousa, A. A., Sherwood, C. C., Mohlberg, H., Amunts, K., Schleicher, A., MacLeod, C. E., Hof, P. R., Frahm, H., & Zilles, K. (2010). Hominoid visual brain structure volumes and the position of the lunate sulcus. J Hum Evol, 58(4), 281-292. https://doi.org/10.1016/j.jhevol.2009.11.011","deSousa et al. (2010)","deSousa","2010"
"10.1016%2Fj.jhevol.2009.11.011_Table1.tsv","10.1016/j.jhevol.2009.11.011","DOI","Table1","https://doi.org/10.1016/j.jhevol.2009.11.011","",29,14,"species; species_as_published; footnote_ref; code; collection; brain_mass_g; correction_factor; brain_volume_cm3; left_V1_volume_cm3; left_LGN_volume_cm3; neocortex_volume_cm3; cf_assumed; source; correction","de Sousa, A. A., Sherwood, C. C., Mohlberg, H., Amunts, K., Schleicher, A., MacLeod, C. E., Hof, P. R., Frahm, H., & Zilles, K. (2010). Hominoid visual brain structure volumes and the position of the lunate sulcus. J Hum Evol, 58(4), 281-292. https://doi.org/10.1016/j.jhevol.2009.11.011","deSousa et al. (2010)","deSousa","2010"
"10.1016%2Fj.jhevol.2012.03.007_Table2.tsv","10.1016/j.jhevol.2012.03.007","DOI","Table2","https://doi.org/10.1016/j.jhevol.2012.03.007","",9,9,"Lobe_Balzeau2012; Structure; Sample; n; Slope; Intercept; Rsquared; p_code; source","Balzeau, A., Holloway, R. L., & Grimaud-Hervé, D. (2012). Variations and asymmetries in regional brain surface in the genus Homo. J Hum Evol, 62(6), 696-706. https://doi.org/10.1016/j.jhevol.2012.03.007","Balzeau et al. (2012)","Balzeau","2012"
"10.1016%2Fj.jhevol.2012.03.007_Table3.tsv","10.1016/j.jhevol.2012.03.007","DOI","Table3","https://doi.org/10.1016/j.jhevol.2012.03.007","",15,7,"Sample; Structure_Balzeau2012; Structure; n; Mean_surface_sizecorrected; V_star; source","Balzeau, A., Holloway, R. L., & Grimaud-Hervé, D. (2012). Variations and asymmetries in regional brain surface in the genus Homo. J Hum Evol, 62(6), 696-706. https://doi.org/10.1016/j.jhevol.2012.03.007","Balzeau et al. (2012)","Balzeau","2012"
"10.1016%2Fj.jhevol.2012.03.007_Table5.tsv","10.1016/j.jhevol.2012.03.007","DOI","Table5","https://doi.org/10.1016/j.jhevol.2012.03.007","",15,7,"Sample; Structure_Balzeau2012; Structure; n; Mean_pct_of_hemisphere; V_star; source","Balzeau, A., Holloway, R. L., & Grimaud-Hervé, D. (2012). Variations and asymmetries in regional brain surface in the genus Homo. J Hum Evol, 62(6), 696-706. https://doi.org/10.1016/j.jhevol.2012.03.007","Balzeau et al. (2012)","Balzeau","2012"
"10.1016%2Fj.jhevol.2012.12.003_Table1.tsv","10.1016/j.jhevol.2012.12.003","DOI","Table1","https://doi.org/10.1016/j.jhevol.2012.12.003","",43,15,"Species; Individual; Collection; section_thickness_mm; age; sex; body_mass_g; social_group_size; brain_mass_mg; brain_volume_mm3; granular_L_mm3; dysgranular_L_mm3; agranular_L_mm3; FI_L_mm3; total_insula_L_mm3","Bauernfeind, A. L., de Sousa, A. A., Avasthi, T., Dobson, S. D., Raghanti, M. A., Lewandowski, A. H., Zilles, K., Semendeferi, K., Allman, J. M., Craig, A. D., Hof, P. R., & Sherwood, C. C. (2013). A volumetric comparison of the insular cortex and its subregions in primates. J Hum Evol, 64(4), 263-279. https://doi.org/10.1016/j.jhevol.2012.12.003","Bauernfeind et al. (2013)","Bauernfeind","2013"
"10.1016%2Fj.jhevol.2012.12.003_Table2.tsv","10.1016/j.jhevol.2012.12.003","DOI","Table2","https://doi.org/10.1016/j.jhevol.2012.12.003","",15,7,"Species; Individual; granular_R_mm3; dysgranular_R_mm3; agranular_R_mm3; FI_R_mm3; total_insula_R_mm3","Bauernfeind, A. L., de Sousa, A. A., Avasthi, T., Dobson, S. D., Raghanti, M. A., Lewandowski, A. H., Zilles, K., Semendeferi, K., Allman, J. M., Craig, A. D., Hof, P. R., & Sherwood, C. C. (2013). A volumetric comparison of the insular cortex and its subregions in primates. J Hum Evol, 64(4), 263-279. https://doi.org/10.1016/j.jhevol.2012.12.003","Bauernfeind et al. (2013)","Bauernfeind","2013"
"10.1016%2Fj.jhevol.2012.12.003_Table3.tsv","10.1016/j.jhevol.2012.12.003","DOI","Table3","https://doi.org/10.1016/j.jhevol.2012.12.003","",60,6,"Species; hemisphere; n; subdivision; mean_mm3; sd_mm3","Bauernfeind, A. L., de Sousa, A. A., Avasthi, T., Dobson, S. D., Raghanti, M. A., Lewandowski, A. H., Zilles, K., Semendeferi, K., Allman, J. M., Craig, A. D., Hof, P. R., & Sherwood, C. C. (2013). A volumetric comparison of the insular cortex and its subregions in primates. J Hum Evol, 64(4), 263-279. https://doi.org/10.1016/j.jhevol.2012.12.003","Bauernfeind et al. (2013)","Bauernfeind","2013"
"10.1016%2Fj.jhevol.2017.09.003_Table1.tsv","10.1016/j.jhevol.2017.09.003","DOI","Table1","https://doi.org/10.1016/j.jhevol.2017.09.003","",49,12,"Species; Taxonomic_group; nTFA; nPA; DTFA_mm2; DPA_mm2; ACA_mm2; ECV_ml; BM_g; BMR_kcal_day; Source; Stephan1981_note","Boyer, D. M., & Harrington, A. R. (2018). Scaling of bony canals for encephalic vessels in euarchontans: Implications for the role of the vertebral artery and brain metabolism. J Hum Evol, 114, 85-101. https://doi.org/10.1016/j.jhevol.2017.09.003","Boyer et al. (2018)","Boyer","2018"
"10.1016%2Fj.jhevol.2018.10.002_SOMTableS6.tsv","10.1016/j.jhevol.2018.10.002","DOI","SOMTableS6","https://doi.org/10.1016/j.jhevol.2018.10.002","",53,10,"Species; ECV_ml; BM_g; RICA_mm; RVA_mm; tau_ICA; tau_VA; QICA_ml_s; QVA_ml_s; QTOT_ml_s","Boyer, D. M., & Harrington, A. R. (2019). New estimates of blood flow rates in the vertebral artery of euarchontans and their implications for encephalic blood flow scaling: A response to Seymour and Snelling (2018). J Hum Evol, 128, 93-98. https://doi.org/10.1016/j.jhevol.2018.10.002","Boyer et al. (2019)","Boyer","2019"
"10.1016%2Fj.neubiorev.2008.05.023_Table1.tsv","10.1016/j.neubiorev.2008.05.023","DOI","Table1","https://doi.org/10.1016/j.neubiorev.2008.05.023","",0,10,"species; common_name; body_mass_kg; brain_mass_g; total_sleep_time_h_day; unihemispheric_sws_pct; bilateral_sws_pct; rem_sleep_pct; method; reference","Lyamin, O. I., Manger, P. R., Ridgway, S. H., Mukhametov, L. M., & Siegel, J. M. (2008). Cetacean sleep: an unusual form of mammalian sleep. Neurosci Biobehav Rev, 32(8), 1451-1484. https://doi.org/10.1016/j.neubiorev.2008.05.023","Lyamin et al. (2008)","Lyamin","2008"
"10.1016%2Fj.neubiorev.2008.05.023_Table2.tsv","10.1016/j.neubiorev.2008.05.023","DOI","Table2","https://doi.org/10.1016/j.neubiorev.2008.05.023","",4,14,"species; common_name; n_animals; sex; age; total_sws_pct; sws_left_hemisphere_pct; sws_right_hemisphere_pct; low_amp_usws_pct_tst; high_amp_usws_pct_tst; asymmetrical_sws_pct_tst; low_amp_bilateral_sws_pct_tst; high_amp_bilateral_sws_pct_tst; reference","Lyamin, O. I., Manger, P. R., Ridgway, S. H., Mukhametov, L. M., & Siegel, J. M. (2008). Cetacean sleep: an unusual form of mammalian sleep. Neurosci Biobehav Rev, 32(8), 1451-1484. https://doi.org/10.1016/j.neubiorev.2008.05.023","Lyamin et al. (2008)","Lyamin","2008"
"10.1016%2Fj.neubiorev.2022.104550_acuityblind.csv.tsv","10.1016/j.neubiorev.2022.104550","DOI","acuityblind.csv","https://doi.org/10.1016/j.neubiorev.2022.104550","",120,7,"Species; order; family; visual_acuity_cpd; acuity_method; note; source","de Sousa, A. A., Todorov, O. S., & Proulx, M. J. (2022). A natural history of vertebrate vision loss: Insight from mammalian vision for human visual function. Neurosci Biobehav Rev, 134, 104550. https://doi.org/10.1016/j.neubiorev.2022.104550","deSousa et al. (2022)","deSousa","2022"
"10.1016%2Fj.neurobiolaging.2009.05.013_normative.tsv","10.1016/j.neurobiolaging.2009.05.013","DOI","normative","https://doi.org/10.1016/j.neurobiolaging.2009.05.013","",9,8,"Region; Group; n; taxon; Volume_bilateral.mm3; Volume_bilateral.cm3; Volume_per_hemisphere.cm3; Volume_bilateral_SD.mm3","","10.1016/j.neurobiolaging.2009.05.013","",""
"10.1016%2Fj.neuroimage.2023.120283_Fig.1.tsv","10.1016/j.neuroimage.2023.120283","DOI","Fig.1","https://doi.org/10.1016/j.neuroimage.2023.120283","",12,12,"Species; common_name; size_group; n; sex_MF; age_years; subject_status; specimen_source; total_surface_area_cm2; cerebral_volume_cm3; note; source","Demirci, N., Hoffman, M. E., & Holland, M. A. (2023). Systematic cortical thickness and curvature patterns in primates. NeuroImage, 278, 120283. https://doi.org/10.1016/j.neuroimage.2023.120283","Demirci et al. (2023)","Demirci","2023"
"10.1016%2Fj.resp.2004.01.006_Table1.tsv","10.1016/j.resp.2004.01.006","DOI","Table1","https://doi.org/10.1016/j.resp.2004.01.006","",34,8,"Species; common_name; n; body_mass_kg; vo2max_ml_min; references; note; source","Weibel, E. R., Bacigalupe, L. D., Schmitt, B., & Hoppeler, H. (2004). Allometric scaling of maximal metabolic rate in mammals: muscle aerobic capacity as determinant factor. Respir Physiol Neurobiol, 140(2), 115-132. https://doi.org/10.1016/j.resp.2004.01.006","Weibel et al. (2004)","Weibel","2004"
"10.1016%2Fj.resp.2004.01.006_TableA.1.tsv","10.1016/j.resp.2004.01.006","DOI","TableA.1","https://doi.org/10.1016/j.resp.2004.01.006","",58,9,"Species; common_name_as_printed; n; body_mass_kg; vo2max_per_kg_ml_min_kg; vo2max_ml_min; reference; note; source","Weibel, E. R., Bacigalupe, L. D., Schmitt, B., & Hoppeler, H. (2004). Allometric scaling of maximal metabolic rate in mammals: muscle aerobic capacity as determinant factor. Respir Physiol Neurobiol, 140(2), 115-132. https://doi.org/10.1016/j.resp.2004.01.006","Weibel et al. (2004)","Weibel","2004"
"10.1016%2Fj.tins.2013.01.006_Table1.tsv","10.1016/j.tins.2013.01.006","DOI","Table1","https://doi.org/10.1016/j.tins.2013.01.006","",54,9,"species_sci; Species; Common_name; Order; Family; Brain_size; GI; Ref; GI_method","Zilles, K., Palomero-Gallagher, N., & Amunts, K. (2013). Development of cortical folding during evolution and ontogeny. Trends Neurosci, 36(5), 275-284. https://doi.org/10.1016/j.tins.2013.01.006","Zilles et al. (2013)","Zilles","2013"
"10.1016%2Fj.tree.2018.03.001_TableS1.tsv","10.1016/j.tree.2018.03.001","DOI","TableS1","https://doi.org/10.1016/j.tree.2018.03.001","",40,5,"acuity_rank; common_name; latin_name; method; citations","Caves, E. M., Brandley, N. C., & Johnsen, S. (2018). Visual Acuity and the Evolution of Signals. Trends Ecol Evol, 33(5), 358-372. https://doi.org/10.1016/j.tree.2018.03.001","Caves et al. (2018)","Caves","2018"
"10.1016%2Fj.zool.2020.125753_SupplementaryTable.tsv","10.1016/j.zool.2020.125753","DOI","SupplementaryTable","https://doi.org/10.1016/j.zool.2020.125753","",150,17,"group; species; common_name; brain_volume_mm3; total_cb_volume_mm3; vermis_excl_cb10_mm3; hemisphere_excl_fl_mm3; flocculo_nodular_cb_cx_mm3; ratio_hemisph_vermis; total_cb_cx_volume_mm3; cb_white_matter_mm3; pn_rttg_volume_mm3; deep_cb_nu_volume_mm3; cb_ext_surface_esa_mm2; cb_pial_surface_psa_mm2; foliation_index; source","Ashwell, K. W. S. (2020). Quantitative analysis of cerebellar morphology in monotreme, metatherian and eutherian mammals. Zoology (Jena), 139, 125753. https://doi.org/10.1016/j.zool.2020.125753","Ashwell et al. (2020)","Ashwell","2020"
"10.1016%2Fs0047-2484(03)00028-9_Table1.tsv","10.1016/s0047-2484(03)00028-9","DOI","Table1","https://doi.org/10.1016/s0047-2484(03)00028-9","",47,12,"species; specimen; sex; sample; brain_volume_cm3; cerebellum_volume_cm3; vermis_volume_cm3; hemisphere_volume_cm3; stephan_collection; section_plane; brainweight_known; source","MacLeod, C. E., Zilles, K., Schleicher, A., Rilling, J. K., & Gibson, K. R. (2003). Expansion of the neocerebellum in Hominoidea. J Hum Evol, 44(4), 401-429. https://doi.org/10.1016/s0047-2484(03)00028-9","MacLeod et al. (2003)","MacLeod","2003"
"10.1016%2Fs0047-2484(03)00028-9_Table2.tsv","10.1016/s0047-2484(03)00028-9","DOI","Table2","https://doi.org/10.1016/s0047-2484(03)00028-9","",50,12,"species; specimen; sex; sample; brain_volume_cm3; cerebellum_volume_cm3; vermis_volume_cm3; hemisphere_volume_cm3; stephan_collection; section_plane; brainweight_known; source","MacLeod, C. E., Zilles, K., Schleicher, A., Rilling, J. K., & Gibson, K. R. (2003). Expansion of the neocerebellum in Hominoidea. J Hum Evol, 44(4), 401-429. https://doi.org/10.1016/s0047-2484(03)00028-9","MacLeod et al. (2003)","MacLeod","2003"
"10.1016%2Fs0166-4328(98)00151-x_References.tsv","10.1016/s0166-4328(98)00151-x","DOI","References","https://doi.org/10.1016/s0166-4328(98)00151-x","",69,2,"ref_number; citation","Iwaniuk, A. N., Pellis, S. M., & Whishaw, I. Q. (1999). Is digital dexterity really related to corticospinal projections?: a re-analysis of the Heffner and Masterton data set using modern comparative statistics. Behav Brain Res, 101(2), 173-187. https://doi.org/10.1016/s0166-4328(98)00151-x","Iwaniuk et al. (1999)","Iwaniuk","1999"
"10.1016%2Fs0166-4328(98)00151-x_Table1.tsv","10.1016/s0166-4328(98)00151-x","DOI","Table1","https://doi.org/10.1016/s0166-4328(98)00151-x","",25,10,"Species; Species Generic Name; Depth; Depth_Ref; Length; Length_Ref; Dexterity; Arboreality; Diet; Hand–eye","Iwaniuk, A. N., Pellis, S. M., & Whishaw, I. Q. (1999). Is digital dexterity really related to corticospinal projections?: a re-analysis of the Heffner and Masterton data set using modern comparative statistics. Behav Brain Res, 101(2), 173-187. https://doi.org/10.1016/s0166-4328(98)00151-x","Iwaniuk et al. (1999)","Iwaniuk","1999"
"10.1017%2Fs0952523800000213_Table1.tsv","10.1017/s0952523800000213","DOI","Table1","https://doi.org/10.1017/s0952523800000213","",20,14,"Species; common_name; case_number; pct_17; pct_18; pct_DL; pct_DM; pct_DI; pct_FST; pct_MT; pct_MST; pct_total_8fields; measure; source","Krubitzer, L. A., & Kaas, J. H. (1990). Cortical connections of MT in four species of primates: areal, modular, and retinotopic patterns. Vis Neurosci, 5(2), 165-204. https://doi.org/10.1017/s0952523800000213","Krubitzer et al. (1990)","Krubitzer","1990"
"10.1017%2FS1464793106007019_Table1.tsv","10.1017/S1464793106007019","DOI","Table1","https://doi.org/10.1017/S1464793106007019","",34,10,"species; suborder; family; brain_mass_g; body_mass_g; encephalisation_quotient; water_temp_range_c; source; water_temp_min_c; water_temp_max_c","Manger, P. R. (2006). An examination of cetacean brain structure with a novel hypothesis correlating thermogenesis to the evolution of a big brain. Biol Rev Camb Philos Soc, 81(2), 293-338. https://doi.org/10.1017/S1464793106007019","Manger et al. (2006)","Manger","2006"
"10.1037%2F0735-7036.112.4.371_Figure6.tsv","10.1037/0735-7036.112.4.371","DOI","Figure6","https://doi.org/10.1037/0735-7036.112.4.371","",69,12,"figure_id; Species_Koay1998; common_name_Koay1998; corrected_binomial; functional_interaural_distance_us; high_freq_hearing_limit_60dB_kHz; medium; marker; excluded_from_correlation; audiogram_source; value_origin; note","Koay, G., Heffner, R. S., & Heffner, H. E. (1998). Hearing in a megachiropteran fruit bat (Rousettus aegyptiacus). J Comp Psychol, 112(4), 371-382. https://doi.org/10.1037/0735-7036.112.4.371","Koay et al. (1998)","Koay","1998"
"10.1037%2F0735-7036.115.1.29_Table1.tsv","10.1037/0735-7036.115.1.29","DOI","Table1","https://doi.org/10.1037/0735-7036.115.1.29","",15,3,"Order; Play; EQ","Iwaniuk, A. N., Nelson, J. E., & Pellis, S. M. (2001). Do big-brained animals play more? Comparative analyses of play and relative brain size in mammals. J Comp Psychol, 115(1), 29-41. https://doi.org/10.1037/0735-7036.115.1.29","Iwaniuk et al. (2001)","Iwaniuk","2001"
"10.1037%2F0735-7036.115.1.29_Table2.tsv","10.1037/0735-7036.115.1.29","DOI","Table2","https://doi.org/10.1037/0735-7036.115.1.29","",23,7,"Species; Play scores_Complexity index; Play scores_Wrestling; Play scores_Play fighting; Play scores_Locomotor play; Play scores_Total play; Brain Size","Iwaniuk, A. N., Nelson, J. E., & Pellis, S. M. (2001). Do big-brained animals play more? Comparative analyses of play and relative brain size in mammals. J Comp Psychol, 115(1), 29-41. https://doi.org/10.1037/0735-7036.115.1.29","Iwaniuk et al. (2001)","Iwaniuk","2001"
"10.1037%2F0735-7036.115.1.29_Table3.tsv","10.1037/0735-7036.115.1.29","DOI","Table3","https://doi.org/10.1037/0735-7036.115.1.29","",58,8,"Family; Species; Play frequency; Play frequency Minimum; Play frequency Maximum; Play wrestling; EQ; Neocortex","Iwaniuk, A. N., Nelson, J. E., & Pellis, S. M. (2001). Do big-brained animals play more? Comparative analyses of play and relative brain size in mammals. J Comp Psychol, 115(1), 29-41. https://doi.org/10.1037/0735-7036.115.1.29","Iwaniuk et al. (2001)","Iwaniuk","2001"
"10.1037%2F0735-7036.115.1.29_Table4.tsv","10.1037/0735-7036.115.1.29","DOI","Table4","https://doi.org/10.1037/0735-7036.115.1.29","",64,7,"Family; Species; Sex play; Non-sex play; Total play; Brain size; Neocortex size","Iwaniuk, A. N., Nelson, J. E., & Pellis, S. M. (2001). Do big-brained animals play more? Comparative analyses of play and relative brain size in mammals. J Comp Psychol, 115(1), 29-41. https://doi.org/10.1037/0735-7036.115.1.29","Iwaniuk et al. (2001)","Iwaniuk","2001"
"10.1038%2Fnn814_Table1.tsv","10.1038/nn814","DOI","Table1","https://doi.org/10.1038/nn814","",8,7,"species; frontal_cortex_pct_of_cortex_volume; sd; brodmann1909_surface_pct; blinkov_glezer1965_surface_pct; note; source","Semendeferi, K., Lu, A., Schenker, N., & Damasio, H. (2002). Humans and great apes share a large frontal cortex. Nat Neurosci, 5(3), 272-276. https://doi.org/10.1038/nn814","Semendeferi et al. (2002)","Semendeferi","2002"
"10.1038%2Fs41467-020-14356-3_SupplementaryData3.tsv","10.1038/s41467-020-14356-3","DOI","SupplementaryData3","https://doi.org/10.1038/s41467-020-14356-3","",1800,1,"Table 1","Chen, Z., & Wiens, J. J. (2020). The origins of acoustic communication in vertebrates. Nature Communications, 11(1), 369. https://doi.org/10.1038/s41467-020-14356-3","Chen et al. (2020)","Chen","2020"
"10.1038%2Fs41559-026-02994-7_CFFdataset.tsv","10.1038/s41559-026-02994-7","DOI","CFFdataset","https://doi.org/10.1038/s41559-026-02994-7","",280,15,"Species; species_phylo_verbatim; common_name; class; habitat; forage_light_level; mode_of_life; mode_of_life_ref; body_mass_g; body_mass_ref; method; cff_hz; primary_reference; note; source","Haarlem, C. S., Hynes, C., Jackson, A. L., Mitchell, K. J., O'Connell, R. G., & Healy, K. (2026). Pace of ecology drives the tempo of visual perception across the animal kingdom. Nat Ecol Evol. https://doi.org/10.1038/s41559-026-02994-7","Haarlem et al. (2026)","Haarlem","2026"
"10.1038%2Fs41598-018-24331-0_ExtendedDataFigure4.tsv","10.1038/s41598-018-24331-0","DOI","ExtendedDataFigure4","https://doi.org/10.1038/s41598-018-24331-0","",13,8,"Region_code; Structure; Subregion; NT_rel; EH_rel; MH_rel; source; note","Kochiyama, T., Ogihara, N., Tanabe, H. C., Kondo, O., Amano, H., Hasegawa, K., Suzuki, H., Ponce de Leon, M. S., Zollikofer, C. P. E., Bastir, M., Stringer, C., Sadato, N., & Akazawa, T. (2018). Reconstructing the Neanderthal brain using computational anatomy. Sci Rep, 8(1), 6296. https://doi.org/10.1038/s41598-018-24331-0","Kochiyama et al. (2018)","Kochiyama","2018"
"10.1038%2Fs41598-018-24331-0_ExtendedDataTable1.tsv","10.1038/s41598-018-24331-0","DOI","ExtendedDataTable1","https://doi.org/10.1038/s41598-018-24331-0","",13,6,"Region_code; Structure; Subregion; AAL_atlas_regions; n_AAL_regions; source","Kochiyama, T., Ogihara, N., Tanabe, H. C., Kondo, O., Amano, H., Hasegawa, K., Suzuki, H., Ponce de Leon, M. S., Zollikofer, C. P. E., Bastir, M., Stringer, C., Sadato, N., & Akazawa, T. (2018). Reconstructing the Neanderthal brain using computational anatomy. Sci Rep, 8(1), 6296. https://doi.org/10.1038/s41598-018-24331-0","Kochiyama et al. (2018)","Kochiyama","2018"
"10.1038%2Fs41598-018-24331-0_ExtendedDataTable3.tsv","10.1038/s41598-018-24331-0","DOI","ExtendedDataTable3","https://doi.org/10.1038/s41598-018-24331-0","",13,10,"Region_code; Structure; Subregion; F_2_1190; p; t_NTvsEH; t_NTvsMH; t_EHvsMH; significant_ANOVA; source","Kochiyama, T., Ogihara, N., Tanabe, H. C., Kondo, O., Amano, H., Hasegawa, K., Suzuki, H., Ponce de Leon, M. S., Zollikofer, C. P. E., Bastir, M., Stringer, C., Sadato, N., & Akazawa, T. (2018). Reconstructing the Neanderthal brain using computational anatomy. Sci Rep, 8(1), 6296. https://doi.org/10.1038/s41598-018-24331-0","Kochiyama et al. (2018)","Kochiyama","2018"
"10.1038%2Fs41598-018-24331-0_Figure3A.tsv","10.1038/s41598-018-24331-0","DOI","Figure3A","https://doi.org/10.1038/s41598-018-24331-0","",13,8,"Region_code; Structure; Subregion; NT_rel; EH_rel; MH_rel; source; note","Kochiyama, T., Ogihara, N., Tanabe, H. C., Kondo, O., Amano, H., Hasegawa, K., Suzuki, H., Ponce de Leon, M. S., Zollikofer, C. P. E., Bastir, M., Stringer, C., Sadato, N., & Akazawa, T. (2018). Reconstructing the Neanderthal brain using computational anatomy. Sci Rep, 8(1), 6296. https://doi.org/10.1038/s41598-018-24331-0","Kochiyama et al. (2018)","Kochiyama","2018"
"10.1038%2Fs41598-018-24331-0_Figure3B.tsv","10.1038/s41598-018-24331-0","DOI","Figure3B","https://doi.org/10.1038/s41598-018-24331-0","",12,9,"Region_code; Structure; Subregion; Group_code; Group; Hemisphere; Volume_cc; source; note","Kochiyama, T., Ogihara, N., Tanabe, H. C., Kondo, O., Amano, H., Hasegawa, K., Suzuki, H., Ponce de Leon, M. S., Zollikofer, C. P. E., Bastir, M., Stringer, C., Sadato, N., & Akazawa, T. (2018). Reconstructing the Neanderthal brain using computational anatomy. Sci Rep, 8(1), 6296. https://doi.org/10.1038/s41598-018-24331-0","Kochiyama et al. (2018)","Kochiyama","2018"
"10.1038%2Fs41598-018-24331-0_Figure3legend.tsv","10.1038/s41598-018-24331-0","DOI","Figure3legend","https://doi.org/10.1038/s41598-018-24331-0","",13,11,"Region_code; Structure; Species; Group; n_MH; MH_mean_Vol.cc; MH_sd_Vol.cc; MH_mean_Vol.mm3; MH_sd_Vol.mm3; MH_CV; source","Kochiyama, T., Ogihara, N., Tanabe, H. C., Kondo, O., Amano, H., Hasegawa, K., Suzuki, H., Ponce de Leon, M. S., Zollikofer, C. P. E., Bastir, M., Stringer, C., Sadato, N., & Akazawa, T. (2018). Reconstructing the Neanderthal brain using computational anatomy. Sci Rep, 8(1), 6296. https://doi.org/10.1038/s41598-018-24331-0","Kochiyama et al. (2018)","Kochiyama","2018"
"10.1038%2Fs41598-018-24331-0_FossilSpecimensText.tsv","10.1038/s41598-018-24331-0","DOI","FossilSpecimensText","https://doi.org/10.1038/s41598-018-24331-0","",8,18,"Specimen; Taxon_code; Taxon_group; Species; date_min_yBP; date_max_yBP; date_mean_yBP; date_note; species_divergence_min_yBP; species_divergence_max_yBP; species_divergence_ref; Cerebrum_Vol.cc; Cerebrum_Vol.mm3; Cerebellum_Vol.cc; Cerebellum_Vol.mm3; Cerebellum_Cerebrum_ratio; date_refs_Kochiyama; source","Kochiyama, T., Ogihara, N., Tanabe, H. C., Kondo, O., Amano, H., Hasegawa, K., Suzuki, H., Ponce de Leon, M. S., Zollikofer, C. P. E., Bastir, M., Stringer, C., Sadato, N., & Akazawa, T. (2018). Reconstructing the Neanderthal brain using computational anatomy. Sci Rep, 8(1), 6296. https://doi.org/10.1038/s41598-018-24331-0","Kochiyama et al. (2018)","Kochiyama","2018"
"10.1038%2Fs41598-018-26062-8_Table1.tsv","10.1038/s41598-018-26062-8","DOI","Table1","https://doi.org/10.1038/s41598-018-26062-8","",11,8,"Species; Origin.of.Animals_Colony_Duisburg.Essen; Origin.of.Animals_Colony_České.Budějovice; Origin.of.Animals_Colony_Cape.Town; Origin.of.Animals_Wild.caught; Experimental.Use_Volumetry; Experimental.Use_Isotropic.fractionator; Experimental.Use_Brain.body.relationship","Kverkova, K., Belikova, T., Olkowicz, S., Pavelkova, Z., O'Riain, M. J., Sumbera, R., Burda, H., Bennett, N. C., & Nemec, P. (2018). Sociality does not drive the evolution of large brains in eusocial African mole-rats. Sci Rep, 8(1), 9203. https://doi.org/10.1038/s41598-018-26062-8","Kverkova et al. (2018)","Kverkova","2018"
"10.1038%2Fs41598-018-26062-8_TableS1.tsv","10.1038/s41598-018-26062-8","DOI","TableS1","https://doi.org/10.1038/s41598-018-26062-8","",11,47,"Species; Body_Mass.g; Body_Mass.g_SD; Brain_Mass.g; Brain_Mass.g_SD; Olfactory bulbs_Vol.mm3; Olfactory bulbs_Vol.mm3_SD; Olfactory bulbs_p.C.Brain; Olfactory cortices_Vol.mm3; Olfactory cortices_Vol.mm3_SD; Olfactory cortices_p.C.Brain; Neocortex_Vol.mm3; Neocortex_Vol.mm3_SD; Neocortex_p.C.Brain; Entorhinal cortex_Vol.mm3; Entorhinal cortex_Vol.mm3_SD; Entorhinal cortex_p.C.Brain; Hippocampus_Vol.mm3; Hippocampus_Vol.mm3_SD; Hippocampus_p.C.Brain; Amygdala_Vol.mm3; Amygdala_Vol.mm3_SD; Amygdala_p.C.Brain; Striatum_Vol.mm3; Striatum_Vol.mm3_SD; Striatum_p.C.Brain; Septum_Vol.mm3; Septum_Vol.mm3_SD; Septum_p.C.Brain; Thalamus_Vol.mm3; Thalamus_Vol.mm3_SD; Thalamus_p.C.Brain; Hypothalamus_Vol.mm3; Hypothalamus_Vol.mm3_SD; Hypothalamus_p.C.Brain; Cerebellum_Vol.mm3; Cerebellum_Vol.mm3_SD; Cerebellum_p.C.Brain; Tectum_Vol.mm3; Tectum_Vol.mm3_SD; Tectum_p.C.Brain; Tegmentum_Vol.mm3; Tegmentum_Vol.mm3_SD; Tegmentum_p.C.Brain; Medulla oblongata_Vol.mm3; Medulla oblongata_Vol.mm3_SD; Medulla oblongata_p.C.Brain","Kverkova, K., Belikova, T., Olkowicz, S., Pavelkova, Z., O'Riain, M. J., Sumbera, R., Burda, H., Bennett, N. C., & Nemec, P. (2018). Sociality does not drive the evolution of large brains in eusocial African mole-rats. Sci Rep, 8(1), 9203. https://doi.org/10.1038/s41598-018-26062-8","Kverkova et al. (2018)","Kverkova","2018"
"10.1038%2Fs41598-018-26062-8_TableS5.tsv","10.1038/s41598-018-26062-8","DOI","TableS5","https://doi.org/10.1038/s41598-018-26062-8","",11,13,"Species; Whole brain_N.n; Whole brain_N.n_SD; Olfactory bulbs_N.n; Olfactory bulbs_N.n_SD; Cortex_N.n; Cortex_N.n_SD; Subcortical forebrain_N.n; Subcortical forebrain_N.n_SD; Cerebellum_N.n; Cerebellum_N.n_SD; Brain stem_N.n; Brain stem_N.n_SD","Kverkova, K., Belikova, T., Olkowicz, S., Pavelkova, Z., O'Riain, M. J., Sumbera, R., Burda, H., Bennett, N. C., & Nemec, P. (2018). Sociality does not drive the evolution of large brains in eusocial African mole-rats. Sci Rep, 8(1), 9203. https://doi.org/10.1038/s41598-018-26062-8","Kverkova et al. (2018)","Kverkova","2018"
"10.1038%2Fs42003-025-08686-5_SupplementaryData1.tsv","10.1038/s42003-025-08686-5","DOI","SupplementaryData1","https://doi.org/10.1038/s42003-025-08686-5","",178,45,"Species; Tree_Name; Tree_Clade; Individuals; Sex; Side; log10_mc1_mm; log10_pp1_mm; log10_dp1_mm; log10_mc2_mm; log10_pp2_mm; log10_ip2_mm; log10_dp2_mm; log10_mc3_mm; log10_pp3_mm; log10_ip3_mm; log10_dp3_mm; log10_mc4_mm; log10_pp4_mm; log10_ip4_mm; log10_dp4_mm; log10_mc5_mm; log10_pp5_mm; log10_ip5_mm; log10_dp5_mm; Bone_References; Bone_References_resolved; bone_data_restricted; log10_brain_g; brain_notes; log10_body_g; body_notes; log10_neocortex_cm3; log10_cerebellum_cm3; Brain_References; Brain_References_resolved; Tool_Use; Single_Individual; Captive_Only; Tool_Manufacture; True_Tool_Use; Binocularity; peak_workspace; relative_size; real_size","Baker, J., Barton, R. A., & Venditti, C. (2025). Human dexterity and brains evolved hand in hand. Communications Biology, 8(1). https://doi.org/10.1038/s42003-025-08686-5","Baker et al. (2025)","Baker","2025"
"10.1038%2Fsrep24528_TableS1.tsv","10.1038/srep24528","DOI","TableS1","https://doi.org/10.1038/srep24528","",37,19,"Species; MC; study_site; n_bouts; n_individuals; ECV_ml; body_mass_g; neocortex_g; cerebellum_g; brain_assoc_body_mass_g; terrestriality; diet_quality; diet_category; tool_use; extractive_foraging; cog_test_1; cog_test_2; group_size; source","Heldstab, S. A., Kosonen, Z. K., Koski, S. E., Burkart, J. M., van Schaik, C. P., & Isler, K. (2016). Manipulation complexity in primates coevolved with brain size and terrestriality. Sci Rep, 6, 24528. https://doi.org/10.1038/srep24528","Heldstab et al. (2016)","Heldstab","2016"
"10.1073%2Fpnas.0305760101_Table2.tsv","10.1073/pnas.0305760101","DOI","Table2","https://doi.org/10.1073/pnas.0305760101","",55,13,"species; species_as_published; frontal_grey_cm3; rest_of_cortex_grey_cm3; frontal_ratio; whole_brain_cm3; neocortex_grey_cm3; neocortex_white_cm3; activity; diet; group_type; group_size; source","Bush, E. C., & Allman, J. M. (2004). The scaling of frontal cortex in primates and carnivores. Proc Natl Acad Sci U S A, 101(11), 3962-3966. https://doi.org/10.1073/pnas.0305760101","Bush et al. (2004)","Bush","2004"
"10.1073%2Fpnas.0905777106_TableS1.tsv","10.1073/pnas.0905777106","DOI","TableS1","https://doi.org/10.1073/pnas.0905777106","",24,14,"Species; Common name; Absolute Brain Mass (g); Neonatal Brain Mass (g); Body Mass (g); Gestation (days); Walking onset (Postnatal days); Walking onset (Postconception days); Precocial/Altricial; Hindlimb Standing Position; Absolute Brain Mass (g) Ref; Body Mass (g) Ref; Gestation (days) Ref; Walking onset (Postnatal days) Ref","Garwicz, M., Christensson, M., & Psouni, E. (2009). A unifying model for timing of walking onset in humans and other mammals. Proc Natl Acad Sci U S A, 106(51), 21889-21893. https://doi.org/10.1073/pnas.0905777106","Garwicz et al. (2009)","Garwicz","2009"
"10.1073%2Fpnas.1010356107_DatasetS1.tsv","10.1073/pnas.1010356107","DOI","DatasetS1","https://doi.org/10.1073/pnas.1010356107","",244,17,"Species; common_name; specimen; hemisphere; piece_id; piece_type; surface_area_mm2; tissue_weight_g; total_cells; neun_percent_printed; neun_ratio; total_neurons; cell_density_per_g; cell_density_per_mm2; neuron_density_per_g; neuron_density_per_mm2; source","Collins, C. E., Airey, D. C., Young, N. A., Leitch, D. B., & Kaas, J. H. (2010). Neuron densities vary across and within cortical areas in primates. Proc Natl Acad Sci U S A, 107(36), 15927-15932. https://doi.org/10.1073/pnas.1010356107","Collins et al. (2010)","Collins","2010"
"10.1073%2Fpnas.1318894110_Table1.tsv","10.1073/pnas.1318894110","DOI","Table1","https://doi.org/10.1073/pnas.1318894110","",16,21,"Species; species_as_published; species_code; case; neurological_condition; region; total_cells; cell_density_per_cm2; total_neurons; neuron_density_per_cm2; pct_neurons; age_y; sex; body_weight_kg; brain_weight_g; hemisphere; cortical_surface_area_cm2; perfusion_method; specimen_duplicate_of; comparative_use; source","Young, N. A., Szabo, C. A., Phelix, C. F., Flaherty, D. K., Balaram, P., Foust-Yeoman, K. B., Collins, C. E., & Kaas, J. H. (2013). Epileptic baboons have lower numbers of neurons in specific areas of cortex. Proc Natl Acad Sci U S A, 110(47), 19107-19112. https://doi.org/10.1073/pnas.1318894110","Young et al. (2013)","Young","2013"
"10.1073%2Fpnas.1517131113_DatasetS1.tsv","10.1073/pnas.1517131113","DOI","DatasetS1","https://doi.org/10.1073/pnas.1517131113","",28,81,"source_row; Species_Olkowicz2016_common; Species_Olkowicz2016; order_printed; Class; body_mass_g; whole_brain_mass_g; whole_brain_cell_count; whole_brain_neuron_count; whole_brain_nonneuronal_cell_count; telencephalon_mass_g; telencephalon_cell_count; telencephalon_neuron_count; telencephalon_nonneuronal_cell_count; telencephalon_neuronal_cell_percent; telencephalon_neuron_density_per_mg; telencephalon_nonneuronal_cell_density_per_mg; telencephalon_brain_mass_percent; telencephalon_brain_neuron_percent; telencephalon_brain_nonneuronal_cell_percent; pallium_mass_g; pallium_cell_count; pallium_neuron_count; pallium_nonneuronal_cell_count; pallium_neuron_density_per_mg; pallium_nonneuronal_cell_density_per_mg; subpallium_mass_g; subpallium_cell_count; subpallium_neuron_count; subpallium_nonneuronal_cell_count; subpallium_neuron_density_per_mg; subpallium_nonneuronal_cell_density_per_mg; tectum_mass_g; tectum_cell_count; tectum_neuron_count; tectum_nonneuronal_cell_count; tectum_neuronal_cell_percent; tectum_neuron_density_per_mg; tectum_nonneuronal_cell_density_per_mg; tectum_brain_mass_percent; tectum_brain_neuron_percent; tectum_brain_nonneuronal_cell_percent; diencephalon_mass_g; diencephalon_cell_count; diencephalon_neuron_count; diencephalon_nonneuronal_cell_count; diencephalon_neuronal_cell_percent; diencephalon_neuron_density_per_mg; diencephalon_nonneuronal_cell_density_per_mg; diencephalon_brain_mass_percent; diencephalon_brain_neuron_percent; diencephalon_brain_nonneuronal_cell_percent; cerebellum_mass_g; cerebellum_cell_count; cerebellum_neuron_count; cerebellum_nonneuronal_cell_count; cerebellum_neuronal_cell_percent; cerebellum_neuron_density_per_mg; cerebellum_nonneuronal_cell_density_per_mg; cerebellum_brain_mass_percent; cerebellum_brain_neuron_percent; cerebellum_brain_nonneuronal_cell_percent; brainstem_mass_g; brainstem_cell_count; brainstem_neuron_count; brainstem_nonneuronal_cell_count; brainstem_neuronal_cell_percent; brainstem_neuron_density_per_mg; brainstem_nonneuronal_cell_density_per_mg; brainstem_brain_mass_percent; brainstem_brain_neuron_percent; brainstem_brain_nonneuronal_cell_percent; rest_of_brain_mass_g; rest_of_brain_cell_count; rest_of_brain_neuron_count; rest_of_brain_nonneuronal_cell_count; rest_of_brain_neuron_density_per_mg; rest_of_brain_nonneuronal_cell_density_per_mg; rest_of_brain_brain_mass_percent; rest_of_brain_brain_neuron_percent; rest_of_brain_brain_nonneuronal_cell_percent","Olkowicz, S., Kocourek, M., Lucan, R. K., Portes, M., Fitch, W. T., Herculano-Houzel, S., & Nemec, P. (2016). Birds have primate-like numbers of neurons in the forebrain. Proc Natl Acad Sci U S A, 113(26), 7255-7260. https://doi.org/10.1073/pnas.1517131113","Olkowicz et al. (2016)","Olkowicz","2016"
"10.1073%2Fpnas.1524208113_Table1.tsv","10.1073/pnas.1524208113","DOI","Table1","https://doi.org/10.1073/pnas.1524208113","",8,21,"Species; common_name; specimen; structure; hemisphere; method; note; brain_mass_g; body_weight_kg; volume_cm3; area_cm2; pct_neocortical_area; n_cells; n_neurons; pct_neurons; cells_per_cm2; cells_per_g; neurons_per_cm2; neurons_per_g; specimen_overlap; source","Collins, C. E., Turner, E. C., Sawyer, E. K., Reed, J. L., Young, N. A., Flaherty, D. K., & Kaas, J. H. (2016). Cortical cell and neuron density estimates in one chimpanzee hemisphere. Proc Natl Acad Sci U S A, 113(3), 740-745. https://doi.org/10.1073/pnas.1524208113","Collins et al. (2016)","Collins","2016"
"10.1073%2Fpnas.1610178113_TableS1.tsv","10.1073/pnas.1610178113","DOI","TableS1","https://doi.org/10.1073/pnas.1610178113","",8,9,"Species_Gabi2016; species_sci; n; region; PrefrontalCortex_pct.VGM; PrefrontalCortex_pct.VWM; PrefrontalCortex_pct.OWM; PrefrontalCortex_pct.neurons; method","Gabi, M., Neves, K., Masseron, C., Ribeiro, P. F., Ventura-Antunes, L., Torres, L., Mota, B., Kaas, J. H., & Herculano-Houzel, S. (2016). No relative expansion of the number of prefrontal neurons in primate and human evolution. Proc Natl Acad Sci U S A, 113(34), 9617-9622. https://doi.org/10.1073/pnas.1610178113","Gabi et al. (2016)","Gabi","2016"
"10.1073%2Fpnas.1716956116_SupplementaryTableS1.tsv","10.1073/pnas.1716956116","DOI","SupplementaryTableS1","https://doi.org/10.1073/pnas.1716956116","",38,9,"taxon_group; Species; VT_mm3; VG_mm3; VW_mm3; AT_mm2; T_mm; AE_mm2; N","Mota, B., Dos Santos, S. E., Ventura-Antunes, L., Jardim-Messeder, D., Neves, K., Kazu, R. S., Noctor, S., Lambert, K., Bertelsen, M. F., Manger, P. R., Sherwood, C. C., Kaas, J. H., & Herculano-Houzel, S. (2019). White matter volume and white/gray matter ratio in mammalian species as a consequence of the universal scaling of cortical folding. Proc Natl Acad Sci U S A, 116(30), 15253-15261. https://doi.org/10.1073/pnas.1716956116","Mota et al. (2019)","Mota","2019"
"10.1073%2Fpnas.1911264116_ERABIS.tsv","10.1073/pnas.1911264116","DOI","ERABIS","https://doi.org/10.1073/pnas.1911264116","",140,8,"Group; Region_raw; Structure; Hemisphere; n; mean.mm3; sd.mm3; se.mm3","","10.1073/pnas.1911264116","",""
"10.1073%2Fpnas.1911264116_subcortical.tsv","10.1073/pnas.1911264116","DOI","subcortical","https://doi.org/10.1073/pnas.1911264116","",14,6,"Region; Group; n; taxon; Volume_per_hemisphere.cm3; SD.cm3","","10.1073/pnas.1911264116","",""
"10.1080%2F09524622.2021.1905065_Figure1.tsv","10.1080/09524622.2021.1905065","DOI","Figure1","https://doi.org/10.1080/09524622.2021.1905065","",67,10,"taxa_group; common_name; Species; play_specific; vocalisation_name; acoustic_descriptors; reference; figure1_feature_category; loud_play_vocalisation; source","Winkler, S. L., & Bryant, G. A. (2021). Play vocalisations and human laughter: a comparative review. Bioacoustics, 1-28. https://doi.org/10.1080/09524622.2021.1905065","Winkler et al. (2021)","Winkler","2021"
"10.1093%2Fcercor%2Fbhp158_Table1.tsv","10.1093/cercor/bhp158","DOI","Table1","https://doi.org/10.1093/cercor/bhp158","",9,20,"species; species_as_published; footnote_ref; code; archive_number; sex; age_yrs; body_mass_g; brain_mass_mg; EQ; neocortex_volume_mm3; left_V1_volume_mm3; left_LGN_volume_mm3; optic_nerve_csa_mm2; eye_half_surface_area_mm2; body_mass_substituted; brain_mass_substituted; neocortex_substituted; substitution_note; source","de Sousa, A. A., Sherwood, C. C., Schleicher, A., Amunts, K., MacLeod, C. E., Hof, P. R., & Zilles, K. (2009). Comparative cytoarchitectural analyses of striate and extrastriate areas in hominoids. Cereb Cortex, 20(4), 966-981. https://doi.org/10.1093/cercor/bhp158","deSousa et al. (2009)","deSousa","2009"
"10.1093%2Fcercor%2Fbhp158_Table2.tsv","10.1093/cercor/bhp158","DOI","Table2","https://doi.org/10.1093/cercor/bhp158","",8,13,"Y; X; n; R2; p; Slope; Slope_lower95CI; Slope_upper95CI; Intercept; Intercept_lower95CI; Intercept_upper95CI; source_location; data_role","de Sousa, A. A., Sherwood, C. C., Schleicher, A., Amunts, K., MacLeod, C. E., Hof, P. R., & Zilles, K. (2009). Comparative cytoarchitectural analyses of striate and extrastriate areas in hominoids. Cereb Cortex, 20(4), 966-981. https://doi.org/10.1093/cercor/bhp158","deSousa et al. (2009)","deSousa","2009"
"10.1093%2Fcercor%2Fbhr033_authordata.tsv","10.1093/cercor/bhr033","DOI","authordata","https://doi.org/10.1093/cercor/bhr033","",10,15,"Group; Region; Volume_hemisphere.cm3; Neuron_N.x10.9; Neuron_density.x10.6.per.cm3; Astrocyte_N.x10.9; Astrocyte_density.x10.6.per.cm3; Oligodendrocyte_N.x10.9; Oligodendrocyte_density.x10.6.per.cm3; Microglia_N.x10.9; Microglia_density.x10.6.per.cm3; Glia_N.x10.9; Glia_density.x10.6.per.cm3; Glia_Neuron_ratio; n_brains","","10.1093/cercor/bhr033","",""
"10.1093%2Fcercor%2Fbhr033_reportedvalues.tsv","10.1093/cercor/bhr033","DOI","reportedvalues","https://doi.org/10.1093/cercor/bhr033","",36,7,"Region; Group; Measure; Value; Unit; CV; Source","","10.1093/cercor/bhr033","",""
"10.1093%2Fcercor%2Fbhr033_Table2.tsv","10.1093/cercor/bhr033","DOI","Table2","https://doi.org/10.1093/cercor/bhr033","",18,5,"Region; Group; Volume.cm3; Surface.cm2; Thickness.mm","","10.1093/cercor/bhr033","",""
"10.1093%2Fcercor%2Fbhy315_Table4.tsv","10.1093/cercor/bhy315","DOI","Table4","https://doi.org/10.1093/cercor/bhy315","",4,9,"Group; N; Event_time; V1 Surface area Left; V1 Surface area Right; Cortex surface area Left; Cortex surface area Right; % SC VSAR Left; % SC VSAR Right","Andelin, A. K., Olavarria, J. F., Fine, I., Taber, E. N., Schwartz, D., Kroenke, C. D., & Stevens, A. A. (2019). The Effect of Onset Age of Visual Deprivation on Visual Cortex Surface Area Across-Species. Cereb Cortex, 29(10), 4321-4333. https://doi.org/10.1093/cercor/bhy315","Andelin et al. (2019)","Andelin","2019"
"10.1093%2Fjmammal%2Fgyz043_SupplementaryDataSD1.tsv","10.1093/jmammal/gyz043","DOI","SupplementaryDataSD1","https://doi.org/10.1093/jmammal/gyz043","10.1093%2Fjmammal%2Fgyz043.ReadMe.md",1552,15,"species_sci; Binomial; order; family; genus; species; Sample_size.brain; Sample_size.body; Sex; Mean_brain_mass_g; Mean_body_mass_g; BrainReference1; BrainReference2; Brain.resid; T_resid","Burger, J. R., George, M. A., Leadbetter, C., & Shaikh, F. (2019). The allometry of brain size in mammals. J Mammal, 100(2), 276-283. https://doi.org/10.1093/jmammal/gyz043","Burger et al. (2019)","Burger","2019"
"10.1093%2Foso%2F9780198568742.003.0006_Table6.1.tsv","10.1093/oso/9780198568742.003.0006","DOI","Table6.1","https://doi.org/10.1093/oso/9780198568742.003.0006","",24,10,"Species; common_name; species_as_published; bodyweight_g; brainweight_g; visual_areas; somatomotor_areas; total_areas; cortical_area_mm2; source","Finlay, B. L., Cheung, D. T.-M., & Darlington, R. B. (2006). Developmental constraints on or developmental structure in brain evolution? In Y. Munakata & M. H. Johnson (Eds.), Processes of Change in Brain and Cognitive Development (Vol. 8208, pp. 131-162). Oxford University Press. https://doi.org/10.1093/oso/9780198568742.003.0006","Finlay et al. (2006)","Finlay","2006"
"10.1093%2Fscan%2Fnsv128_TableS1.tsv","10.1093/scan/nsv128","DOI","TableS1","https://doi.org/10.1093/scan/nsv128","",14,7,"species; common_name; subject_no; sex; age_years; brain_mass_g; source","Stimpson, C. D., Barger, N., Taglialatella, J. P., Gendron-Fitzpatrick, A., Hof, P. R., Hopkins, W. D., & Sherwood, C. C. (2015). Differential serotonergic innervation of the amygdala in bonobos and chimpanzees. Soc Cogn Affect Neurosci. https://doi.org/10.1093/scan/nsv128","Stimpson et al. (2015)","Stimpson","2015"
"10.1093%2Fscan%2Fnsv128_TableS2.tsv","10.1093/scan/nsv128","DOI","TableS2","https://doi.org/10.1093/scan/nsv128","",96,7,"subject_no; species; structure; volume_cm3; SERT_axon_density_um_per_um3; hemisphere; source","Stimpson, C. D., Barger, N., Taglialatella, J. P., Gendron-Fitzpatrick, A., Hof, P. R., Hopkins, W. D., & Sherwood, C. C. (2015). Differential serotonergic innervation of the amygdala in bonobos and chimpanzees. Soc Cogn Affect Neurosci. https://doi.org/10.1093/scan/nsv128","Stimpson et al. (2015)","Stimpson","2015"
"10.1098%2Frsos.170846_TableS1.tsv","10.1098/rsos.170846","DOI","TableS1","https://doi.org/10.1098/rsos.170846","",30,14,"Species; Specimen; Original_or_Cast; Foramen_radius_cm; Lumen_radius_cm; Total_QICA_cm3_s; Body_mass_note; Body_mass_kg; Body_mass_g; Body_mass_ref; Brain_volume_cm3; Brain_volume_ref; Age_note; Age_Mya","Seymour, R. S., Bosiocic, V., & Snelling, E. P. (2017). Correction to 'Fossil skulls reveal that blood flow rate to the brain increased faster than brain volume during human evolution'. R Soc Open Sci, 4(8), 170846. https://doi.org/10.1098/rsos.170846","Seymour et al. (2017)","Seymour","2017"
"10.1098%2Frspb.2015.1853_Table1.tsv","10.1098/rspb.2015.1853","DOI","Table1","https://doi.org/10.1098/rspb.2015.1853","",24,11,"species; category; brain.mass..g.or.cm3.; daily.sleep..h.; D.A..N.mg.1.mm.2.; NCX; DNCX..N.mg.1.; ACX..mm2.; O.N; T; MCX..g.or.cm3.","Herculano-Houzel, S. (2015). Decreasing sleep requirement with increasing numbers of neurons as a driver for bigger brains and bodies in mammalian evolution. Proc Biol Sci, 282(1816), 20151853. https://doi.org/10.1098/rspb.2015.1853","HerculanoHouzel et al. (2015)","HerculanoHouzel","2015"
"10.1098%2Frspb.2015.1853_Table2.tsv","10.1098/rspb.2015.1853","DOI","Table2","https://doi.org/10.1098/rspb.2015.1853","",17,9,"Age; Asleep %; MBR (g); NCX (g); NCX; O/N; DCX (N mg⁻¹); ACX (mm²); D/A,(N mg⁻¹mm⁻²)","Herculano-Houzel, S. (2015). Decreasing sleep requirement with increasing numbers of neurons as a driver for bigger brains and bodies in mammalian evolution. Proc Biol Sci, 282(1816), 20151853. https://doi.org/10.1098/rspb.2015.1853","HerculanoHouzel et al. (2015)","HerculanoHouzel","2015"
"10.1098%2Frspb.2016.1923_TableS1.tsv","10.1098/rspb.2016.1923","DOI","TableS1","https://doi.org/10.1098/rspb.2016.1923","",137,14,"Species_Liu2016; species_sci; specimen_key; museum; MC1; PP1; DP1; MC2; PP2; IP2; DP2; WS; GMI; segment_sum_check","Liu, M. J., Xiong, C. H., & Hu, D. (2016). Assessing the manipulative potentials of monkeys, apes and humans from hand proportions: implications for hand evolution. Proc Biol Sci, 283(1843). https://doi.org/10.1098/rspb.2016.1923","Liu et al. (2016)","Liu","2016"
"10.1098%2Frspb.2017.1765_Dataset1.tsv","10.1098/rspb.2017.1765","DOI","Dataset1","https://doi.org/10.1098/rspb.2017.1765","",289,52,"Species Name; Species name adjusted to 10kTrees; Species name in Perelman tree; Subfamily; Family; Terrestriality; logECV; logBodyMass; logInsects; logFruit; logLeaves; logCombiGroupSize; logHRS; Diurnality; ECV; N ECV; Sex ECV; Source ECV; Body mass; N Body mass; Sex Body mass; Source Body mass; Original source Body mass; %animal prey; %fruit; % seeds; %fruit and seeds; %nectar; %flowers; %nectar and flowers; % reproductive plant parts (fruits, flowers and nectar); %gum; %leaves; %young leaves; %mature leaves; %nonreproctive plant parts (gum and leaves, bark etc.); %other; sum; Calculation; Source diet composition; Sleeping group size; Remarks Sleeping group size; Foraging Group size: mean; Group size: range; Group size combined; Source group size; Day range (m); male Home range (HR) size: mean (ha); female Home range size: mean; HR size average; HR range; Source Home range size","Powell, L. E., Isler, K., & Barton, R. A. (2017). Re-evaluating the link between brain size and behavioural ecology in primates. Proc Biol Sci, 284(1865). https://doi.org/10.1098/rspb.2017.1765","Powell et al. (2017)","Powell","2017"
"10.1098%2Frspb.2019.2208_rspb20192208si002.tsv","10.1098/rspb.2019.2208","DOI","rspb20192208si002","https://doi.org/10.1098/rspb.2019.2208","",119,17,"Museum; Accession; Genus; Species; Species_binomial; Sex; ECV_ml; Right_foramen_area_mm2; Right_major_diam_mm; Right_minor_diam_mm; Right_radius_from_D_mm; Right_radius_from_area_mm; Left_foramen_area_mm2; Left_major_diam_mm; Left_minor_diam_mm; Left_radius_from_D_mm; Left_radius_from_area_mm","Seymour, R. S., Bosiocic, V., Snelling, E. P., Chikezie, P. C., Hu, Q., Nelson, T. J., Zipfel, B., & Miller, C. V. (2019). Cerebral blood flow rates in recent great apes are greater than in Australopithecus species that had equal or larger brains. Proc Biol Sci, 286(1915), 20192208. https://doi.org/10.1098/rspb.2019.2208","Seymour et al. (2019)","Seymour","2019"
"10.1098%2Frspb.2021.0937_MammalGait.tsv","10.1098/rspb.2021.0937","DOI","MammalGait","https://doi.org/10.1098/rspb.2021.0937","",154,10,"species_sci; Species; Order; Habitat; Duty_Factor; Phase; Gait; Foot_Posture; Hindlimb_Length.mm; Body_Mass.g","Wimberly, A. N., Slater, G. J., & Granatosky, M. C. (2021). Evolutionary history of quadrupedal walking gaits shows mammalian release from locomotor constraint. Proc Biol Sci, 288(1957), 20210937. https://doi.org/10.1098/rspb.2021.0937","Wimberly et al. (2021)","Wimberly","2021"
"10.1098%2Frstb.2010.0342_Data.tsv","10.1098/rstb.2010.0342","DOI","Data","https://doi.org/10.1098/rstb.2010.0342","",238,20,"Species_Reader2011; Genus_Reader2011; SpeciesPurvis; GenusPurvis; species_sci; Taxon; Great_ape; Innovation; Tool_use; Extractive_foraging; Social_learning; Innovation_reduced; Tool_use_reduced; Extractive_foraging_reduced; Journal_search_article_count; Zoological_record_article_count; Journal_reports_2002; Innovation_2002; Social_learning_2002; Tool_use_2002","Reader, S. M., Hager, Y., & Laland, K. N. (2011). The evolution of primate general and cultural intelligence. Phil Trans R Soc B, 366(1567), 1017-1027. https://doi.org/10.1098/rstb.2010.0342","Reader et al. (2011)","Reader","2011"
"10.1098%2Frstb.2015.0186_Data.tsv","10.1098/rstb.2015.0186","DOI","Data","https://doi.org/10.1098/rstb.2015.0186","",167,17,"source_row; parvorder_printed; family_printed; Species_Navarrete2016; Species_Isler2008; Species_Reader2011; innovator; technical_innovation_count; nontechnical_innovation_count; technical_innovation_plus_extractive_foraging_count; nontechnical_innovation_excluding_extractive_foraging_count; foraging_innovation_count; technical_foraging_innovation_count; nontechnical_foraging_innovation_count; technical_foraging_plus_extractive_foraging_count; nontechnical_foraging_excluding_extractive_foraging_count; life_history_composite","Navarrete, A. F., Reader, S. M., Street, S. E., Whalen, A., & Laland, K. N. (2016). The coevolution of innovation and technical intelligence in primates. Philos Trans R Soc Lond B Biol Sci, 371(1690). https://doi.org/10.1098/rstb.2015.0186","Navarrete et al. (2016)","Navarrete","2016"
"10.1111%2Fbrv.12137_Table1.tsv","10.1111/brv.12137","DOI","Table1","https://doi.org/10.1111/brv.12137","",213,13,"class; order; taxon; torpor_type; body_mass_kg; tb_min_c; tmr_min; tmr_rel_pct; tbd_max_h; tbd_mean_h; ibe_h; latitude_deg; references","Ruf, T., & Geiser, F. (2015). Daily torpor and hibernation in birds and mammals. Biol Rev Camb Philos Soc, 90(3), 891-926. https://doi.org/10.1111/brv.12137","Ruf et al. (2015)","Ruf","2015"
"10.1111%2Fbrv.12350_TableS2.tsv","10.1111/brv.12350","DOI","TableS2","https://doi.org/10.1111/brv.12350","",1739,38,"No; Species; Species_Genoud2018; Subspecies; Species_Nexus; Order; Domestic; Authors; Cited_value; Source_unavailable; Secondary_reference; Body_mass.g; BMR.mlO2_h; BMR_pct; sample_size; b; b1; c; d; e; f; g; h; i; j; k; l; m; n; o; p; q; Ecrit; E; Accepted; ALL; SELECT; SPOILED","Genoud, M., Isler, K., & Martin, R. D. (2018). Comparative analyses of basal rate of metabolism in mammals: data selection does matter. Biol Rev Camb Philos Soc, 93(1), 404-438. https://doi.org/10.1111/brv.12350","Genoud et al. (2018)","Genoud","2018"
"10.1111%2Fj.1439-0469.1970.tb00876.x_Table1.tsv","10.1111/j.1439-0469.1970.tb00876.x","DOI","Table1","https://doi.org/10.1111/j.1439-0469.1970.tb00876.x","",18,18,"Species; medulla_oblongata_mm3; cerebellum_mm3; mesencephalon_mm3; diencephalon_mm3; bulbus_olfactorius_mm3; palaeocortex_plus_amygdala_mm3; septum_mm3; striatum_mm3; schizocortex_mm3; hippocampus_mm3; neocortex_mm3; telencephalon_total_mm3; total_brain_mm3; body_weight_g; n_brains; note; source","Stephan, H., & Pirlot, P. (1970). Volumetric Comparisons of Brain Structures in Bats. Z Zool Syst Evol, 8(1), 200-236. https://doi.org/10.1111/j.1439-0469.1970.tb00876.x","Stephan et al. (1970)","Stephan","1970"
"10.1111%2Fj.1558-5646.2008.00392.x_sleep-dataFemale.tsv","10.1111/j.1558-5646.2008.00392.x","DOI","sleep-dataFemale","https://doi.org/10.1111/j.1558-5646.2008.00392.x","",47,44,"search_id; sex_file; Sex_reported; habitat_type; Reference; Full_Reference; SpeciesName_Reported; CommonName_Reported; species_sci; Sleep_h_day; Sleep_h_day_drowsy_adj; REM_h; NREM_h; Sleep_cycle_min; REM_sleep_pct; Sleep_h_day_in_water; Sleep_h_day_on_land; REM_h_in_water; REM_h_on_land; NREM_h_in_water; NREM_h_on_land; USWS; BSWS; ASWS; N_reported; N_in_mean; Animals_sampled; EEG; Telemetry; Twenty_four_hour; Light; Adaptation; Diet_condition; Temperature; Restraint; Behavioural; Lab_condition_score; Summary_age_class; Monophasic_polyphasic; Error; Error_Note; Notes_Misc; Data_came_from; Post1988","Capellini, I., Barton, R. A., McNamara, P., Preston, B. T., & Nunn, C. L. (2008). Phylogenetic analysis of the ecology and evolution of mammalian sleep. Evolution, 62(7), 1764-1776. https://doi.org/10.1111/j.1558-5646.2008.00392.x","Capellini et al. (2008)","Capellini","2008"
"10.1111%2Fj.1558-5646.2008.00392.x_sleep-dataMale.tsv","10.1111/j.1558-5646.2008.00392.x","DOI","sleep-dataMale","https://doi.org/10.1111/j.1558-5646.2008.00392.x","",100,44,"search_id; sex_file; Sex_reported; habitat_type; Reference; Full_Reference; SpeciesName_Reported; CommonName_Reported; species_sci; Sleep_h_day; Sleep_h_day_drowsy_adj; REM_h; NREM_h; Sleep_cycle_min; REM_sleep_pct; Sleep_h_day_in_water; Sleep_h_day_on_land; REM_h_in_water; REM_h_on_land; NREM_h_in_water; NREM_h_on_land; USWS; BSWS; ASWS; N_reported; N_in_mean; Animals_sampled; EEG; Telemetry; Twenty_four_hour; Light; Adaptation; Diet_condition; Temperature; Restraint; Behavioural; Lab_condition_score; Summary_age_class; Monophasic_polyphasic; Error; Error_Note; Notes_Misc; Data_came_from; Post1988","Capellini, I., Barton, R. A., McNamara, P., Preston, B. T., & Nunn, C. L. (2008). Phylogenetic analysis of the ecology and evolution of mammalian sleep. Evolution, 62(7), 1764-1776. https://doi.org/10.1111/j.1558-5646.2008.00392.x","Capellini et al. (2008)","Capellini","2008"
"10.1111%2Fj.1558-5646.2008.00392.x_sleep-dataMixed.tsv","10.1111/j.1558-5646.2008.00392.x","DOI","sleep-dataMixed","https://doi.org/10.1111/j.1558-5646.2008.00392.x","",60,44,"search_id; sex_file; Sex_reported; habitat_type; Reference; Full_Reference; SpeciesName_Reported; CommonName_Reported; species_sci; Sleep_h_day; Sleep_h_day_drowsy_adj; REM_h; NREM_h; Sleep_cycle_min; REM_sleep_pct; Sleep_h_day_in_water; Sleep_h_day_on_land; REM_h_in_water; REM_h_on_land; NREM_h_in_water; NREM_h_on_land; USWS; BSWS; ASWS; N_reported; N_in_mean; Animals_sampled; EEG; Telemetry; Twenty_four_hour; Light; Adaptation; Diet_condition; Temperature; Restraint; Behavioural; Lab_condition_score; Summary_age_class; Monophasic_polyphasic; Error; Error_Note; Notes_Misc; Data_came_from; Post1988","Capellini, I., Barton, R. A., McNamara, P., Preston, B. T., & Nunn, C. L. (2008). Phylogenetic analysis of the ecology and evolution of mammalian sleep. Evolution, 62(7), 1764-1776. https://doi.org/10.1111/j.1558-5646.2008.00392.x","Capellini et al. (2008)","Capellini","2008"
"10.1111%2Fjoa.13681_Table1.tsv","10.1111/joa.13681","DOI","Table1","https://doi.org/10.1111/joa.13681","",28,8,"level; variable; structure; side; mean_mm2; min_mm2; max_mm2; n","de Jager, E., Prigge, L., Amod, N., Oettle, A., & Beaudet, A. (2022). Exploring the relationship between soft and hard tissues: The example of vertebral arteries and transverse foramina. J Anat, 241(2), 447-452. https://doi.org/10.1111/joa.13681","deJager et al. (2022)","deJager","2022"
"10.1111%2Fjzo.12608_TableS1.tsv","10.1111/jzo.12608","DOI","TableS1","https://doi.org/10.1111/jzo.12608","",174,10,"species_sci; Species; Order; Family; Captive_or_wild; Arboreal_terrestrial; Body_Mass.g; Intermembral_index; Locomotor_diversity_index; Citation","Granatosky, M. C. (2018). A Review of locomotor diversity in mammals with analyses exploring the influence of substrate use, body mass and intermembral index in primates. Journal of Zoology, 306(4), 207-216. https://doi.org/10.1111/jzo.12608","Granatosky et al. (2018)","Granatosky","2018"
"10.1126%2Fsciadv.abn0954_Reportedresults.tsv","10.1126/sciadv.abn0954","DOI","Reportedresults","https://doi.org/10.1126/sciadv.abn0954","",17,10,"species_as_published; region; trait; value; unit; stat; n; data_role; note; source_location","Jung, Y. J., Almasi, A., Sun, S. H., Yunzab, M., Cloherty, S. L., Bauquier, S. H., Renfree, M., Meffin, H., & Ibbotson, M. R. (2022). Orientation pinwheels in primary visual cortex of a highly visual marsupial. Sci Adv, 8(39), eabn0954. https://doi.org/10.1126/sciadv.abn0954","Jung et al. (2022)","Jung","2022"
"10.1126%2Fscience.aaa9101_TableS1.tsv","10.1126/science.aaa9101","DOI","TableS1","https://doi.org/10.1126/science.aaa9101","",66,10,"species_sci; Species; taxon_group; AG_own_mm2; FI_own; T_own_mm; AG_other_mm2; FI_other; T_other_mm; Reference","Mota, B., & Herculano-Houzel, S. (2015). Cortical folding scales universally with surface area and thickness, not number of neurons. Science, 349(6243), 74-77. https://doi.org/10.1126/science.aaa9101","Mota et al. (2015)","Mota","2015"
"10.1159%2F000006575_Table1.tsv","10.1159/000006575","DOI","Table1","https://doi.org/10.1159/000006575","",11,12,"species; species_abbrev; common_name; n_males; n_females; body_weight_kg; body_weight_kg_SEM; brain_volume_cc; brain_volume_cc_SEM; cerebellum_volume_cc; cerebellum_volume_cc_SEM; source","Rilling, J. K., & Insel, T. R. (1998). Evolution of the cerebellum in primates: differences in relative volume among monkeys, apes and humans. Brain Behav Evol, 52(6), 308-314. https://doi.org/10.1159/000006575","Rilling et al. (1998)","Rilling","1998"
"10.1159%2F000068879_Table1.tsv","10.1159/000068879","DOI","Table1","https://doi.org/10.1159/000068879","",25,30,"Species; n; motor_pyramid_soma_um3_mean; motor_pyramid_soma_um3_sd; motor_pyramid_cv_pct; betz_soma_um3_mean; betz_soma_um3_sd; betz_cv_pct; visual_pyramid_soma_um3_mean; visual_pyramid_soma_um3_sd; visual_pyramid_cv_pct; meynert_soma_um3_mean; meynert_soma_um3_sd; meynert_cv_pct; neocortex_vol_mm3; neocortex_vol_ref; brain_weight_g; brain_weight_ref; body_weight_g; body_weight_ref; EQ; diet_category; diet_ref; habitat_category; habitat_ref; group_size; group_size_ref; dexterity_index; note; source","Sherwood, C. C., Lee, P. W., Rivara, C. B., Holloway, R. L., Gilissen, E. P., Simmons, R. M., Hakeem, A., Allman, J. M., Erwin, J. M., & Hof, P. R. (2003). Evolution of specialized pyramidal neurons in primate visual and motor cortex. Brain Behav Evol, 61(1), 28-44. https://doi.org/10.1159/000068879","Sherwood et al. (2003)","Sherwood","2003"
"10.1159%2F000068880_Table1.tsv","10.1159/000068880","DOI","Table1","https://doi.org/10.1159/000068880","",45,7,"species; group; cer_white_cm3; cer_gray_cm3; neo_white_cm3; neo_gray_cm3; source","Bush, E. C., & Allman, J. M. (2003). The scaling of white matter to gray matter in cerebellum and neocortex. Brain Behav Evol, 61(1), 1-5. https://doi.org/10.1159/000068880","Bush et al. (2003)","Bush","2003"
"10.1159%2F000075672_Table4.tsv","10.1159/000075672","DOI","Table4","https://doi.org/10.1159/000075672","",6,13,"Species; n; Layer II; Layer II SEM; Layer III; Layer III SEM; Layer V; Layer V SEM; Layer VI; Layer VI SEM; Cortical mean; Cortical mean SEM; source","Sherwood, C. C., Holloway, R. L., Erwin, J. M., Schleicher, A., Zilles, K., & Hof, P. R. (2004). Cortical orofacial motor representation in Old World Monkeys, great apes, and humans. I. Quantitative Analysis of Cytoarchitecture. Brain Behav Evol, 63(2), 61-81. https://doi.org/10.1159/000075672","Sherwood et al. (2004)","Sherwood","2004"
"10.1159%2F000075672_Table5.tsv","10.1159/000075672","DOI","Table5","https://doi.org/10.1159/000075672","",6,12,"Species; meany.o; meanx.o; sd.o; skew.o; kurt.o; meany.d; meanx.d; sd.d; skew.d; kurt.d; source","Sherwood, C. C., Holloway, R. L., Erwin, J. M., Schleicher, A., Zilles, K., & Hof, P. R. (2004). Cortical orofacial motor representation in Old World Monkeys, great apes, and humans. I. Quantitative Analysis of Cytoarchitecture. Brain Behav Evol, 63(2), 61-81. https://doi.org/10.1159/000075672","Sherwood et al. (2004)","Sherwood","2004"
"10.1159%2F000085942_Table1.tsv","10.1159/000085942","DOI","Table1","https://doi.org/10.1159/000085942","",19,12,"animal_printed; latin_name_printed; species_sci; areas_shown; avg_rel_size_pct; sd_log_rel_size; rel_size_basis; n_areas_extrapolated; brain_mass_g; EQ; reference_printed; source","Changizi, M. A., & Shimojo, S. (2005). Parcellation and area-area connectivity as a function of neocortex size. Brain Behavior and Evolution, 66(2), 88-98. https://doi.org/10.1159/000085942","Changizi et al. (2005)","Changizi","2005"
"10.1159%2F000085942_Table2.tsv","10.1159/000085942","DOI","Table2","https://doi.org/10.1159/000085942","",16,9,"animal_printed; species_sci; V1_pct_neocortex; V2_pct_neocortex; A1_pct_neocortex; S1_pct_neocortex; M1_pct_neocortex; n_areas_reported; source","Changizi, M. A., & Shimojo, S. (2005). Parcellation and area-area connectivity as a function of neocortex size. Brain Behavior and Evolution, 66(2), 88-98. https://doi.org/10.1159/000085942","Changizi et al. (2005)","Changizi","2005"
"10.1159%2F000085942_Table3.tsv","10.1159/000085942","DOI","Table3","https://doi.org/10.1159/000085942","",10,9,"subnetwork_printed; animal_printed; species_sci; modality_printed; includes_other_areas; n_areas; n_edges; reference_printed; source","Changizi, M. A., & Shimojo, S. (2005). Parcellation and area-area connectivity as a function of neocortex size. Brain Behavior and Evolution, 66(2), 88-98. https://doi.org/10.1159/000085942","Changizi et al. (2005)","Changizi","2005"
"10.1159%2F000085942_Table4.tsv","10.1159/000085942","DOI","Table4","https://doi.org/10.1159/000085942","",38,10,"animal_printed; species_sci; kind_of_areas_printed; modality; area_printed; area_not_shown; n_areas_in_group; area_connections_per_area; reference_printed; source","Changizi, M. A., & Shimojo, S. (2005). Parcellation and area-area connectivity as a function of neocortex size. Brain Behavior and Evolution, 66(2), 88-98. https://doi.org/10.1159/000085942","Changizi et al. (2005)","Changizi","2005"
"10.1159%2F000085942_Table5.tsv","10.1159/000085942","DOI","Table5","https://doi.org/10.1159/000085942","",11,7,"animal_printed; latin_name_printed; species_sci; avg_area_connections_per_area; sd_log_area_connections_per_area; brain_mass_g; source","Changizi, M. A., & Shimojo, S. (2005). Parcellation and area-area connectivity as a function of neocortex size. Brain Behavior and Evolution, 66(2), 88-98. https://doi.org/10.1159/000085942","Changizi et al. (2005)","Changizi","2005"
"10.1159%2F000101491_Table1.tsv","10.1159/000101491","DOI","Table1","https://doi.org/10.1159/000101491","",29,17,"order; family; common_name; species; specimen_number; medulla_mm3; cerebellum_mm3; mesencephalon_mm3; diencephalon_mm3; striatum_mm3; septum_mm3; amygdala_mm3; paleocortex_mm3; hippocampus_mm3; schizocortex_mm3; isocortex_mm3; source","Reep, R. L., Finlay, B. L., & Darlington, R. B. (2007). The limbic system in mammalian brain evolution. Brain Behav Evol, 70(1), 57-70. https://doi.org/10.1159/000101491","Reep et al. (2007)","Reep","2007"
"10.1159%2F000121494_TableI.tsv","10.1159/000121494","DOI","TableI","https://doi.org/10.1159/000121494","",21,22,"common_name; Species; Species_as_printed; species_basis; phyletic_level; digital_dexterity; body_weight_kg; area_mm2; area_mm2_ref; no_fibers_x10_3; no_fibers_x10_3_ref; avg_fiber_size_um; avg_fiber_size_um_ref; largest_fiber_size_um; largest_fiber_size_um_ref; extension_down_cord_rank; extension_down_cord_rank_ref; ventralmost_lamina; ventralmost_lamina_ref; densest_lamina; densest_lamina_ref; source","Heffner, R. S., & Masterton, R. B. (1983). The role of the corticospinal tract in the evolution of human digital dexterity. Brain Behav Evol, 23(3-4), 165-183. https://doi.org/10.1159/000121494","Heffner et al. (1983)","Heffner","1983"
"10.1159%2F000123814_Table1.tsv","10.1159/000123814","DOI","Table1","https://doi.org/10.1159/000123814","",40,13,"species_as_published; specimen_number; product; code; source_label; value; unit; printed_multiplication_factor; factor_direction; recomputed_multiplication_factor; factor_absolute_difference; note; source","Campos, G. B., & Welker, W. I. (1976). Comparisons between brains of a large and a small hystricomorph rodent: capybara, Hydrochoerus and guinea pig, Cavia; neocortical projection regions and measurements of brain subdivisions. Brain Behav Evol, 13(4), 243-266. https://doi.org/10.1159/000123814","Campos et al. (1976)","Campos","1976"
"10.1159%2F000124401_TableI.tsv","10.1159/000124401","DOI","TableI","https://doi.org/10.1159/000124401","",69,19,"Animal; Species; Species_as_printed; species_basis; Digital dexterity; Body weight kg; Number of fibers per tract; Number of fibers per tract ref; Largest fiber diameter µm; Largest fiber diameter µm ref; Average fiber size x 10ˆ5 K; Area of tract mmˆ2; Area of tract mmˆ2 ref; Penetration down spinal cord; Penetration down spinal cord ref; Lamina of axon terminals deepest; Lamina of axon terminals deepest ref; Lamina of axon terminals densest; Lamina of axon terminals densest ref","Heffner, R., & Masterton, B. (1975). Variation in form of the pyramidal tract and its relationship to digital dexterity. Brain Behav Evol, 12(3), 161-200. https://doi.org/10.1159/000124401","Heffner et al. (1975)","Heffner","1975"
"10.1159%2F000155963_TableI.tsv","10.1159/000155963","DOI","TableI","https://doi.org/10.1159/000155963","",28,13,"species; group; Body_weight; Brain_weight; Ventricles; Meninges_hypophysis_nerves_etc.; Total_brain_net_volume; Medulla_oblongata; Cerebellum; Mesencephalon; Diencephalon; Telencephalon; source","Stephan, H., Frahm, H., & Baron, G. (1981). New and revised data on volumes of brain structures in insectivores and primates. Folia Primatol (Basel), 35(1), 1-29. https://doi.org/10.1159/000155963","Stephan et al. (1981)","Stephan","1981"
"10.1159%2F000155963_TableII.tsv","10.1159/000155963","DOI","TableII","https://doi.org/10.1159/000155963","",21,13,"species; group; Body_weight; Brain_weight; Ventricles; Meninges_hypophysis_nerves_etc.; Total_brain_net_volume; Medulla_oblongata; Cerebellum; Mesencephalon; Diencephalon; Telencephalon; source","Stephan, H., Frahm, H., & Baron, G. (1981). New and revised data on volumes of brain structures in insectivores and primates. Folia Primatol (Basel), 35(1), 1-29. https://doi.org/10.1159/000155963","Stephan et al. (1981)","Stephan","1981"
"10.1159%2F000155963_TableIII.tsv","10.1159/000155963","DOI","TableIII","https://doi.org/10.1159/000155963","",27,13,"species; group; Body_weight; Brain_weight; Ventricles; Meninges_hypophysis_nerves_etc.; Total_brain_net_volume; Medulla_oblongata; Cerebellum; Mesencephalon; Diencephalon; Telencephalon; source","Stephan, H., Frahm, H., & Baron, G. (1981). New and revised data on volumes of brain structures in insectivores and primates. Folia Primatol (Basel), 35(1), 1-29. https://doi.org/10.1159/000155963","Stephan et al. (1981)","Stephan","1981"
"10.1159%2F000155963_TableIV.tsv","10.1159/000155963","DOI","TableIV","https://doi.org/10.1159/000155963","",28,11,"species; group; Bulbus_olfactorius; Bulbus_olfactorius_accessorius; Lobus_piriformis; Septum; Striatum; Schizo_cortex; Hippocampus; Neocortex; source","Stephan, H., Frahm, H., & Baron, G. (1981). New and revised data on volumes of brain structures in insectivores and primates. Folia Primatol (Basel), 35(1), 1-29. https://doi.org/10.1159/000155963","Stephan et al. (1981)","Stephan","1981"
"10.1159%2F000155963_TableIX.tsv","10.1159/000155963","DOI","TableIX","https://doi.org/10.1159/000155963","",40,5,"species; group; Area_striata; Corpus_geniculatum_laterale; source","Stephan, H., Frahm, H., & Baron, G. (1981). New and revised data on volumes of brain structures in insectivores and primates. Folia Primatol (Basel), 35(1), 1-29. https://doi.org/10.1159/000155963","Stephan et al. (1981)","Stephan","1981"
"10.1159%2F000155963_TableV.tsv","10.1159/000155963","DOI","TableV","https://doi.org/10.1159/000155963","",21,11,"species; group; Bulbus_olfactorius; Bulbus_olfactorius_accessorius; Lobus_piriformis; Septum; Striatum; Schizo_cortex; Hippocampus; Neocortex; source","Stephan, H., Frahm, H., & Baron, G. (1981). New and revised data on volumes of brain structures in insectivores and primates. Folia Primatol (Basel), 35(1), 1-29. https://doi.org/10.1159/000155963","Stephan et al. (1981)","Stephan","1981"
"10.1159%2F000155963_TableVI.tsv","10.1159/000155963","DOI","TableVI","https://doi.org/10.1159/000155963","",27,11,"species; group; Bulbus_olfactorius; Bulbus_olfactorius_accessorius; Lobus_piriformis; Septum; Striatum; Schizo_cortex; Hippocampus; Neocortex; source","Stephan, H., Frahm, H., & Baron, G. (1981). New and revised data on volumes of brain structures in insectivores and primates. Folia Primatol (Basel), 35(1), 1-29. https://doi.org/10.1159/000155963","Stephan et al. (1981)","Stephan","1981"
"10.1159%2F000155963_TableVII.tsv","10.1159/000155963","DOI","TableVII","https://doi.org/10.1159/000155963","",10,11,"species; group; Epithalamus; Thalamus; Hypothalamus; Subthalamus; Pallidum; Nucleus_subthalamicus; Capsula_interna; Tractus_opticus; source","Stephan, H., Frahm, H., & Baron, G. (1981). New and revised data on volumes of brain structures in insectivores and primates. Folia Primatol (Basel), 35(1), 1-29. https://doi.org/10.1159/000155963","Stephan et al. (1981)","Stephan","1981"
"10.1159%2F000155963_TableVIII.tsv","10.1159/000155963","DOI","TableVIII","https://doi.org/10.1159/000155963","",27,11,"species; group; Epithalamus; Thalamus; Hypothalamus; Subthalamus; Pallidum; Nucleus_subthalamicus; Capsula_interna; Tractus_opticus; source","Stephan, H., Frahm, H., & Baron, G. (1981). New and revised data on volumes of brain structures in insectivores and primates. Folia Primatol (Basel), 35(1), 1-29. https://doi.org/10.1159/000155963","Stephan et al. (1981)","Stephan","1981"
"10.1159%2F000155963_TableX.tsv","10.1159/000155963","DOI","TableX","https://doi.org/10.1159/000155963","",10,9,"species; group; Palaeocortex; Amygdala; Complexus_centromedialis; Nucleus_tractus_olfactorius; Complexus_corticobasolateralis; Nucleus_amygdalae_basalis_pars_magnocellularis; source","Stephan, H., Frahm, H., & Baron, G. (1981). New and revised data on volumes of brain structures in insectivores and primates. Folia Primatol (Basel), 35(1), 1-29. https://doi.org/10.1159/000155963","Stephan et al. (1981)","Stephan","1981"
"10.1159%2F000155963_TableXI.tsv","10.1159/000155963","DOI","TableXI","https://doi.org/10.1159/000155963","",18,9,"species; group; Palaeocortex; Amygdala; Complexus_centromedialis; Nucleus_tractus_olfactorius; Complexus_corticobasolateralis; Nucleus_amygdalae_basalis_pars_magnocellularis; source","Stephan, H., Frahm, H., & Baron, G. (1981). New and revised data on volumes of brain structures in insectivores and primates. Folia Primatol (Basel), 35(1), 1-29. https://doi.org/10.1159/000155963","Stephan et al. (1981)","Stephan","1981"
"10.1159%2F000155963_TableXII.tsv","10.1159/000155963","DOI","TableXII","https://doi.org/10.1159/000155963","",10,8,"species; group; Complexus_vestibularis_unilateral; Nucleus_vestibularis_superior_unilateral; Nucleus_vestibularis_lateralis_unilateral; Nucleus_vestibularis_medialis_unilateral; Nucleus_vestibularis_descendens_unilateral; source","Stephan, H., Frahm, H., & Baron, G. (1981). New and revised data on volumes of brain structures in insectivores and primates. Folia Primatol (Basel), 35(1), 1-29. https://doi.org/10.1159/000155963","Stephan et al. (1981)","Stephan","1981"
"10.1159%2F000155963_TableXIII.tsv","10.1159/000155963","DOI","TableXIII","https://doi.org/10.1159/000155963","",27,8,"species; group; Complexus_vestibularis_unilateral; Nucleus_vestibularis_superior_unilateral; Nucleus_vestibularis_lateralis_unilateral; Nucleus_vestibularis_medialis_unilateral; Nucleus_vestibularis_descendens_unilateral; source","Stephan, H., Frahm, H., & Baron, G. (1981). New and revised data on volumes of brain structures in insectivores and primates. Folia Primatol (Basel), 35(1), 1-29. https://doi.org/10.1159/000155963","Stephan et al. (1981)","Stephan","1981"
"10.1159%2F000155963_TableXIV.tsv","10.1159/000155963","DOI","TableXIV","https://doi.org/10.1159/000155963","",26,8,"species; group; Nucleus_septalis_triangularis; Corpus_subfornicale; Nucleus_habenularis_medialis; Corpus_pineal; Corpus_subcommissurale; source","Stephan, H., Frahm, H., & Baron, G. (1981). New and revised data on volumes of brain structures in insectivores and primates. Folia Primatol (Basel), 35(1), 1-29. https://doi.org/10.1159/000155963","Stephan et al. (1981)","Stephan","1981"
"10.1159%2F000155963_TableXV.tsv","10.1159/000155963","DOI","TableXV","https://doi.org/10.1159/000155963","",20,8,"species; group; Nucleus_septalis_triangularis; Corpus_subfornicale; Nucleus_habenularis_medialis; Corpus_pineal; Corpus_subcommissurale; source","Stephan, H., Frahm, H., & Baron, G. (1981). New and revised data on volumes of brain structures in insectivores and primates. Folia Primatol (Basel), 35(1), 1-29. https://doi.org/10.1159/000155963","Stephan et al. (1981)","Stephan","1981"
"10.1159%2F000155963_TableXVI.tsv","10.1159/000155963","DOI","TableXVI","https://doi.org/10.1159/000155963","",21,8,"species; group; Nucleus_septalis_triangularis; Corpus_subfornicale; Nucleus_habenularis_medialis; Corpus_pineal; Corpus_subcommissurale; source","Stephan, H., Frahm, H., & Baron, G. (1981). New and revised data on volumes of brain structures in insectivores and primates. Folia Primatol (Basel), 35(1), 1-29. https://doi.org/10.1159/000155963","Stephan et al. (1981)","Stephan","1981"
"10.1159%2F000156211_Table1.tsv","10.1159/000156211","DOI","Table1","https://doi.org/10.1159/000156211","",48,5,"code; Species; n; body_weight_g; ventral_pons_mm3","Matano, S., Stephan, H., & Baron, G. (1985). Volume comparisons in the cerebellar complex of primates. I. Ventral pons. Folia Primatol (Basel), 44(3-4), 171-181. https://doi.org/10.1159/000156211","Matano et al. (1985)","Matano","1985"
"10.1159%2F000156212_Table1.tsv","10.1159/000156212","DOI","Table1","https://doi.org/10.1159/000156212","",56,8,"code; Species; n; body_weight_g; TCN_mm3; MCN_mm3; ICN_mm3; LCN_mm3","Matano, S., Baron, G., Stephan, H., & Frahm, H. D. (1985). Volume comparisons in the cerebellar complex of primates. II. Cerebellar nuclei. Folia Primatol (Basel), 44(3-4), 182-203. https://doi.org/10.1159/000156212","Matano et al. (1985)","Matano","1985"
"10.1159%2F000156277_TableI.tsv","10.1159/000156277","DOI","TableI","https://doi.org/10.1159/000156277","",46,8,"Species_Matano1986; n; body_weight_g; Nucleus_vestibularis_superior_unilateral_mm3; Nucleus_vestibularis_lateralis_unilateral_mm3; Nucleus_vestibularis_medialis_unilateral_mm3; Nucleus_vestibularis_descendens_unilateral_mm3; Complexus_vestibularis_unilateral_mm3","Matano, S. (1986). A volumetric comparison of the vestibular nuclei in primates. Folia Primatol (Basel), 47(4), 189-203. https://doi.org/10.1159/000156277","Matano et al. (1986)","Matano","1986"
"10.1159%2F000319019_SupplementaryTable1.tsv","10.1159/000319019","DOI","SupplementaryTable1","https://doi.org/10.1159/000319019","",57,11,"Species; Case; cord mass (g); body mass (g); # cells; % neurons; # neurons; # non-neurons; length (mm); sex; age (years)","Burish, M. J., Peebles, J. K., Baldwin, M. K., Tavares, L., Kaas, J. H., & Herculano-Houzel, S. (2010). Cellular scaling rules for primate spinal cords. Brain Behav Evol, 76(1), 45-59. https://doi.org/10.1159/000319019","Burish et al. (2010)","Burish","2010"
"10.1159%2F000319019_Table1.tsv","10.1159/000319019","DOI","Table1","https://doi.org/10.1159/000319019","",12,11,"Species; n; MSC; LSC; %NSC; NSC; OSC; DN; DO; MBD; MSC%","Burish, M. J., Peebles, J. K., Baldwin, M. K., Tavares, L., Kaas, J. H., & Herculano-Houzel, S. (2010). Cellular scaling rules for primate spinal cords. Brain Behav Evol, 76(1), 45-59. https://doi.org/10.1159/000319019","Burish et al. (2010)","Burish","2010"
"10.1159%2F000323671_SupplementaryTable1.tsv","10.1159/000323671","DOI","SupplementaryTable1","https://doi.org/10.1159/000323671","10.1159%2F000323671.ReadMe.md",26,10,"species; catalogue_number; frontal_white_left_cm3; frontal_grey_left_cm3; frontal_white_right_cm3; frontal_grey_right_cm3; frontal_white_total_cm3; frontal_grey_total_cm3; total_brain_volume_cm3; source","Smaers, J. B., Steele, J., Case, C. R., Cowper, A., Amunts, K., & Zilles, K. (2011). Primate prefrontal cortex evolution: human brains are the extreme of a lateralized ape trend. Brain Behav Evol, 77(2), 67-78. https://doi.org/10.1159/000323671","Smaers et al. (2011)","Smaers","2011"
"10.1159%2F000323671_SupplementaryTable2.tsv","10.1159/000323671","DOI","SupplementaryTable2","https://doi.org/10.1159/000323671","10.1159%2F000323671.ReadMe.md",26,9,"species; catalogue_number; sec5_white_left_cm3; sec5_grey_left_cm3; sec5_white_right_cm3; sec5_grey_right_cm3; sec5_white_total_cm3; sec5_grey_total_cm3; source","Smaers, J. B., Steele, J., Case, C. R., Cowper, A., Amunts, K., & Zilles, K. (2011). Primate prefrontal cortex evolution: human brains are the extreme of a lateralized ape trend. Brain Behav Evol, 77(2), 67-78. https://doi.org/10.1159/000323671","Smaers et al. (2011)","Smaers","2011"
"10.1159%2F000346495_Table1.tsv","10.1159/000346495","DOI","Table1","https://doi.org/10.1159/000346495","",19,4,"species; corpus_geniculatum_laterale_mm3; brain_weight_mg; source","de Sousa, A. A., Sherwood, C. C., Hof, P. R., & Zilles, K. (2013). Lamination of the lateral geniculate nucleus of catarrhine primates. Brain Behav Evol, 81(2), 93-108. https://doi.org/10.1159/000346495","deSousa et al. (2013)","deSousa","2013"
"10.1159%2F000357830_SupplementalTable1.tsv","10.1159/000357830","DOI","SupplementalTable1","https://doi.org/10.1159/000357830","",91,17,"Order_VK2014; Species_VK2014; eye_axial_diameter_mm; ad_estimated_from_RMF; visual_acuity_cdeg; va_cone_density_footnote2; body_mass_kg_VK; Body_mass.g; measurement_type; max_running_speed_kph; activity_pattern; diet; va_this_study; src_VA; src_AD_BM; src_D_AP; src_MRS","Veilleux, C. C., & Kirk, E. C. (2014). Visual acuity in mammals: Effects of eye size and ecology. Brain Behav Evol, 83(1), 43-53. https://doi.org/10.1159/000357830","Veilleux et al. (2014)","Veilleux","2014"
"10.1159%2F000437413_Table1.tsv","10.1159/000437413","DOI","Table1","https://doi.org/10.1159/000437413","",40,15,"Species; Order; Cerebral cortex Mass, g; Cerebral cortex Mass, g SD; Cerebral cortex N, n; Cerebral cortex N, n SD; Cerebral cortex O, n; Cerebral cortex O, n SD; Cerebral cortex N/mg; Cerebral cortex N/mg SD; Cerebral cortex O/mg; Cerebral cortex O/mg SD; Cerebral cortex O/N; Cerebral cortex O/N SD; Cerebral cortex Source","Herculano-Houzel, S., Catania, K., Manger, P. R., & Kaas, J. H. (2015). Mammalian brains are made of these: A dataset of the numbers and densities of neuronal and nonneuronal cells in the brain of glires, primates, scandentia, eulipotyphlans, afrotherians and artiodactyls, and their relationship with body mass. Brain Behav Evol, 86(3-4), 145-163. https://doi.org/10.1159/000437413","HerculanoHouzel et al. (2015)","HerculanoHouzel","2015"
"10.1159%2F000437413_Table2.tsv","10.1159/000437413","DOI","Table2","https://doi.org/10.1159/000437413","",41,15,"Species; Order; Cerebellum Mass, g; Cerebellum Mass, g SD; Cerebellum N, n; Cerebellum N, n SD; Cerebellum O, n; Cerebellum O, n SD; Cerebellum N/mg; Cerebellum N/mg SD; Cerebellum O/mg; Cerebellum O/mg SD; Cerebellum O/N; Cerebellum O/N SD; Cerebellum Source","Herculano-Houzel, S., Catania, K., Manger, P. R., & Kaas, J. H. (2015). Mammalian brains are made of these: A dataset of the numbers and densities of neuronal and nonneuronal cells in the brain of glires, primates, scandentia, eulipotyphlans, afrotherians and artiodactyls, and their relationship with body mass. Brain Behav Evol, 86(3-4), 145-163. https://doi.org/10.1159/000437413","HerculanoHouzel et al. (2015)","HerculanoHouzel","2015"
"10.1159%2F000437413_Table3.tsv","10.1159/000437413","DOI","Table3","https://doi.org/10.1159/000437413","",40,15,"Species; Order; RoB Mass, g; RoB Mass, g SD; RoB N, n; RoB N, n SD; RoB O, n; RoB O, n SD; RoB N/mg; RoB N/mg SD; RoB O/mg; RoB O/mg SD; RoB O/N; RoB O/N SD; RoB Source","Herculano-Houzel, S., Catania, K., Manger, P. R., & Kaas, J. H. (2015). Mammalian brains are made of these: A dataset of the numbers and densities of neuronal and nonneuronal cells in the brain of glires, primates, scandentia, eulipotyphlans, afrotherians and artiodactyls, and their relationship with body mass. Brain Behav Evol, 86(3-4), 145-163. https://doi.org/10.1159/000437413","HerculanoHouzel et al. (2015)","HerculanoHouzel","2015"
"10.1159%2F000437413_Table4.tsv","10.1159/000437413","DOI","Table4","https://doi.org/10.1159/000437413","",29,16,"Species; Order; Olfactory bulb n; Olfactory bulb Mass, g; Olfactory bulb Mass, g SD; Olfactory bulb N, n; Olfactory bulb N, n SD; Olfactory bulb O, n; Olfactory bulb O, n SD; Olfactory bulb N/mg; Olfactory bulb N/mg SD; Olfactory bulb O/mg; Olfactory bulb O/mg SD; Olfactory bulb O/N; Olfactory bulb O/N SD; Olfactory bulb Source","Herculano-Houzel, S., Catania, K., Manger, P. R., & Kaas, J. H. (2015). Mammalian brains are made of these: A dataset of the numbers and densities of neuronal and nonneuronal cells in the brain of glires, primates, scandentia, eulipotyphlans, afrotherians and artiodactyls, and their relationship with body mass. Brain Behav Evol, 86(3-4), 145-163. https://doi.org/10.1159/000437413","HerculanoHouzel et al. (2015)","HerculanoHouzel","2015"
"10.1159%2F000437413_Table5.tsv","10.1159/000437413","DOI","Table5","https://doi.org/10.1159/000437413","",39,14,"Species; Order; Whole brain n; Body mass, g; Body mass, g SD; Brain mass, g; Brain mass, g SD; Whole brain Neurons; Whole brain Neurons SD; Whole brain Other cells; Whole brain Other cells SD; Whole brain % Neurons; Whole brain % Neurons SD; Whole brain Source","Herculano-Houzel, S., Catania, K., Manger, P. R., & Kaas, J. H. (2015). Mammalian brains are made of these: A dataset of the numbers and densities of neuronal and nonneuronal cells in the brain of glires, primates, scandentia, eulipotyphlans, afrotherians and artiodactyls, and their relationship with body mass. Brain Behav Evol, 86(3-4), 145-163. https://doi.org/10.1159/000437413","HerculanoHouzel et al. (2015)","HerculanoHouzel","2015"
"10.1159%2F000446762_Table1.tsv","10.1159/000446762","DOI","Table1","https://doi.org/10.1159/000446762","",6,16,"Species; Species_Turner2016; case; case_number; hemisphere; age_years; sex; brain_weight_g; Brain_Mass.mg; brain_surface_area_cm2; CorticalSurface_Area.mm2; taxon_note; case_note; specimen_overlap; dedupe_status; source","Turner, E. C., Young, N. A., Reed, J. L., Collins, C. E., Flaherty, D. K., Gabi, M., & Kaas, J. H. (2016). Distributions of cells and neurons across the cortical sheet in old world macaques. Brain Behav Evol, 88(1), 1-13. https://doi.org/10.1159/000446762","Turner et al. (2016)","Turner","2016"
"10.1159%2F000452856_TableS1.tsv","10.1159/000452856","DOI","TableS1","https://doi.org/10.1159/000452856","",10,44,"Species; MBD; MBR; MCX; MHP; MCB; MROB; MD+S; MMES; MMES+D+S; MP+M; MOB; NBR; NCX; NGM; NHP; NCB; NROB; ND+S; NMES; NMES+D+S; NP+M; NOB; DNCX; DNGM; DNHP; DNCB; DNROB; DND + S; DNMES; DNMES+D+S; DNP+M; DNOB; O/NBR; O/NCX; O/NGM; O/NHP; O/NCB; O/NROB; O/ND+S; O/NMES; O/NMES+D+S; O/NP+M; O/NOB","Dos Santos, S. E., Porfirio, J., da Cunha, F. B., Manger, P. R., Tavares, W., Pessoa, L., Raghanti, M. A., Sherwood, C. C., & Herculano-Houzel, S. (2017). Cellular Scaling Rules for the Brains of Marsupials: Not as ""Primitive"" as Expected. Brain Behav Evol. https://doi.org/10.1159/000452856","DosSantos et al. (2017)","DosSantos","2017"
"10.1177%2F147470490600400114_Table1.tsv","10.1177/147470490600400114","DOI","Table1","https://doi.org/10.1177/147470490600400114","",113,6,"Genus; procedure; paradigm; rank; note; source","Deaner, R. O., van Schaik, C. P., & Johnson, V. E. (2006). Do some taxa have better domain-general cognition than others? A meta-analysis. Evol Psychol, 4, 149–196. https://doi.org/10.1177/147470490600400114","Deaner et al. (2006)","Deaner","2006"
"10.1186%2F1741-7007-5-18_TableS1.tsv","10.1186/1741-7007-5-18","DOI","TableS1","https://doi.org/10.1186/1741-7007-5-18","",14,12,"table; structure; subregion; species_printed; species; is_average; measure; value; sd; units; n_areas; reference","Karbowski, J. (2007). Global and regional brain metabolic scaling and its functional consequences. BMC Biol, 5, 18. https://doi.org/10.1186/1741-7007-5-18","Karbowski et al. (2007)","Karbowski","2007"
"10.1186%2F1741-7007-5-18_TableS10.tsv","10.1186/1741-7007-5-18","DOI","TableS10","https://doi.org/10.1186/1741-7007-5-18","",13,12,"table; structure; subregion; species_printed; species; is_average; measure; value; sd; units; n_areas; reference","Karbowski, J. (2007). Global and regional brain metabolic scaling and its functional consequences. BMC Biol, 5, 18. https://doi.org/10.1186/1741-7007-5-18","Karbowski et al. (2007)","Karbowski","2007"
"10.1186%2F1741-7007-5-18_TableS11.tsv","10.1186/1741-7007-5-18","DOI","TableS11","https://doi.org/10.1186/1741-7007-5-18","",7,12,"table; structure; subregion; species_printed; species; is_average; measure; value; sd; units; n_areas; reference","Karbowski, J. (2007). Global and regional brain metabolic scaling and its functional consequences. BMC Biol, 5, 18. https://doi.org/10.1186/1741-7007-5-18","Karbowski et al. (2007)","Karbowski","2007"
"10.1186%2F1741-7007-5-18_TableS12.tsv","10.1186/1741-7007-5-18","DOI","TableS12","https://doi.org/10.1186/1741-7007-5-18","",23,12,"table; structure; subregion; species_printed; species; is_average; measure; value; sd; units; n_areas; reference","Karbowski, J. (2007). Global and regional brain metabolic scaling and its functional consequences. BMC Biol, 5, 18. https://doi.org/10.1186/1741-7007-5-18","Karbowski et al. (2007)","Karbowski","2007"
"10.1186%2F1741-7007-5-18_TableS13.tsv","10.1186/1741-7007-5-18","DOI","TableS13","https://doi.org/10.1186/1741-7007-5-18","",25,12,"table; structure; subregion; species_printed; species; is_average; measure; value; sd; units; n_areas; reference","Karbowski, J. (2007). Global and regional brain metabolic scaling and its functional consequences. BMC Biol, 5, 18. https://doi.org/10.1186/1741-7007-5-18","Karbowski et al. (2007)","Karbowski","2007"
"10.1186%2F1741-7007-5-18_TableS14.tsv","10.1186/1741-7007-5-18","DOI","TableS14","https://doi.org/10.1186/1741-7007-5-18","",19,12,"table; structure; subregion; species_printed; species; is_average; measure; value; sd; units; n_areas; reference","Karbowski, J. (2007). Global and regional brain metabolic scaling and its functional consequences. BMC Biol, 5, 18. https://doi.org/10.1186/1741-7007-5-18","Karbowski et al. (2007)","Karbowski","2007"
"10.1186%2F1741-7007-5-18_TableS15.tsv","10.1186/1741-7007-5-18","DOI","TableS15","https://doi.org/10.1186/1741-7007-5-18","",30,12,"table; structure; subregion; species_printed; species; is_average; measure; value; sd; units; n_areas; reference","Karbowski, J. (2007). Global and regional brain metabolic scaling and its functional consequences. BMC Biol, 5, 18. https://doi.org/10.1186/1741-7007-5-18","Karbowski et al. (2007)","Karbowski","2007"
"10.1186%2F1741-7007-5-18_TableS16.tsv","10.1186/1741-7007-5-18","DOI","TableS16","https://doi.org/10.1186/1741-7007-5-18","",22,12,"table; structure; subregion; species_printed; species; is_average; measure; value; sd; units; n_areas; reference","Karbowski, J. (2007). Global and regional brain metabolic scaling and its functional consequences. BMC Biol, 5, 18. https://doi.org/10.1186/1741-7007-5-18","Karbowski et al. (2007)","Karbowski","2007"
"10.1186%2F1741-7007-5-18_TableS17.tsv","10.1186/1741-7007-5-18","DOI","TableS17","https://doi.org/10.1186/1741-7007-5-18","",16,12,"table; structure; subregion; species_printed; species; is_average; measure; value; sd; units; n_areas; reference","Karbowski, J. (2007). Global and regional brain metabolic scaling and its functional consequences. BMC Biol, 5, 18. https://doi.org/10.1186/1741-7007-5-18","Karbowski et al. (2007)","Karbowski","2007"
"10.1186%2F1741-7007-5-18_TableS18.tsv","10.1186/1741-7007-5-18","DOI","TableS18","https://doi.org/10.1186/1741-7007-5-18","",18,12,"table; structure; subregion; species_printed; species; is_average; measure; value; sd; units; n_areas; reference","Karbowski, J. (2007). Global and regional brain metabolic scaling and its functional consequences. BMC Biol, 5, 18. https://doi.org/10.1186/1741-7007-5-18","Karbowski et al. (2007)","Karbowski","2007"
"10.1186%2F1741-7007-5-18_TableS19.tsv","10.1186/1741-7007-5-18","DOI","TableS19","https://doi.org/10.1186/1741-7007-5-18","",21,12,"table; structure; subregion; species_printed; species; is_average; measure; value; sd; units; n_areas; reference","Karbowski, J. (2007). Global and regional brain metabolic scaling and its functional consequences. BMC Biol, 5, 18. https://doi.org/10.1186/1741-7007-5-18","Karbowski et al. (2007)","Karbowski","2007"
"10.1186%2F1741-7007-5-18_TableS2.tsv","10.1186/1741-7007-5-18","DOI","TableS2","https://doi.org/10.1186/1741-7007-5-18","",20,12,"table; structure; subregion; species_printed; species; is_average; measure; value; sd; units; n_areas; reference","Karbowski, J. (2007). Global and regional brain metabolic scaling and its functional consequences. BMC Biol, 5, 18. https://doi.org/10.1186/1741-7007-5-18","Karbowski et al. (2007)","Karbowski","2007"
"10.1186%2F1741-7007-5-18_TableS20.tsv","10.1186/1741-7007-5-18","DOI","TableS20","https://doi.org/10.1186/1741-7007-5-18","",17,12,"table; structure; subregion; species_printed; species; is_average; measure; value; sd; units; n_areas; reference","Karbowski, J. (2007). Global and regional brain metabolic scaling and its functional consequences. BMC Biol, 5, 18. https://doi.org/10.1186/1741-7007-5-18","Karbowski et al. (2007)","Karbowski","2007"
"10.1186%2F1741-7007-5-18_TableS21.tsv","10.1186/1741-7007-5-18","DOI","TableS21","https://doi.org/10.1186/1741-7007-5-18","",17,12,"table; structure; subregion; species_printed; species; is_average; measure; value; sd; units; n_areas; reference","Karbowski, J. (2007). Global and regional brain metabolic scaling and its functional consequences. BMC Biol, 5, 18. https://doi.org/10.1186/1741-7007-5-18","Karbowski et al. (2007)","Karbowski","2007"
"10.1186%2F1741-7007-5-18_TableS22.tsv","10.1186/1741-7007-5-18","DOI","TableS22","https://doi.org/10.1186/1741-7007-5-18","",29,12,"table; structure; subregion; species_printed; species; is_average; measure; value; sd; units; n_areas; reference","Karbowski, J. (2007). Global and regional brain metabolic scaling and its functional consequences. BMC Biol, 5, 18. https://doi.org/10.1186/1741-7007-5-18","Karbowski et al. (2007)","Karbowski","2007"
"10.1186%2F1741-7007-5-18_TableS23.tsv","10.1186/1741-7007-5-18","DOI","TableS23","https://doi.org/10.1186/1741-7007-5-18","",18,12,"table; structure; subregion; species_printed; species; is_average; measure; value; sd; units; n_areas; reference","Karbowski, J. (2007). Global and regional brain metabolic scaling and its functional consequences. BMC Biol, 5, 18. https://doi.org/10.1186/1741-7007-5-18","Karbowski et al. (2007)","Karbowski","2007"
"10.1186%2F1741-7007-5-18_TableS3.tsv","10.1186/1741-7007-5-18","DOI","TableS3","https://doi.org/10.1186/1741-7007-5-18","",17,12,"table; structure; subregion; species_printed; species; is_average; measure; value; sd; units; n_areas; reference","Karbowski, J. (2007). Global and regional brain metabolic scaling and its functional consequences. BMC Biol, 5, 18. https://doi.org/10.1186/1741-7007-5-18","Karbowski et al. (2007)","Karbowski","2007"
"10.1186%2F1741-7007-5-18_TableS4.tsv","10.1186/1741-7007-5-18","DOI","TableS4","https://doi.org/10.1186/1741-7007-5-18","",8,12,"table; structure; subregion; species_printed; species; is_average; measure; value; sd; units; n_areas; reference","Karbowski, J. (2007). Global and regional brain metabolic scaling and its functional consequences. BMC Biol, 5, 18. https://doi.org/10.1186/1741-7007-5-18","Karbowski et al. (2007)","Karbowski","2007"
"10.1186%2F1741-7007-5-18_TableS5.tsv","10.1186/1741-7007-5-18","DOI","TableS5","https://doi.org/10.1186/1741-7007-5-18","",15,12,"table; structure; subregion; species_printed; species; is_average; measure; value; sd; units; n_areas; reference","Karbowski, J. (2007). Global and regional brain metabolic scaling and its functional consequences. BMC Biol, 5, 18. https://doi.org/10.1186/1741-7007-5-18","Karbowski et al. (2007)","Karbowski","2007"
"10.1186%2F1741-7007-5-18_TableS6.tsv","10.1186/1741-7007-5-18","DOI","TableS6","https://doi.org/10.1186/1741-7007-5-18","",11,12,"table; structure; subregion; species_printed; species; is_average; measure; value; sd; units; n_areas; reference","Karbowski, J. (2007). Global and regional brain metabolic scaling and its functional consequences. BMC Biol, 5, 18. https://doi.org/10.1186/1741-7007-5-18","Karbowski et al. (2007)","Karbowski","2007"
"10.1186%2F1741-7007-5-18_TableS7.tsv","10.1186/1741-7007-5-18","DOI","TableS7","https://doi.org/10.1186/1741-7007-5-18","",25,12,"table; structure; subregion; species_printed; species; is_average; measure; value; sd; units; n_areas; reference","Karbowski, J. (2007). Global and regional brain metabolic scaling and its functional consequences. BMC Biol, 5, 18. https://doi.org/10.1186/1741-7007-5-18","Karbowski et al. (2007)","Karbowski","2007"
"10.1186%2F1741-7007-5-18_TableS8.tsv","10.1186/1741-7007-5-18","DOI","TableS8","https://doi.org/10.1186/1741-7007-5-18","",13,12,"table; structure; subregion; species_printed; species; is_average; measure; value; sd; units; n_areas; reference","Karbowski, J. (2007). Global and regional brain metabolic scaling and its functional consequences. BMC Biol, 5, 18. https://doi.org/10.1186/1741-7007-5-18","Karbowski et al. (2007)","Karbowski","2007"
"10.1186%2F1741-7007-5-18_TableS9.tsv","10.1186/1741-7007-5-18","DOI","TableS9","https://doi.org/10.1186/1741-7007-5-18","",12,12,"table; structure; subregion; species_printed; species; is_average; measure; value; sd; units; n_areas; reference","Karbowski, J. (2007). Global and regional brain metabolic scaling and its functional consequences. BMC Biol, 5, 18. https://doi.org/10.1186/1741-7007-5-18","Karbowski et al. (2007)","Karbowski","2007"
"10.1242%2Fjeb.124826_TableS1.tsv","10.1242/jeb.124826","DOI","TableS1","https://doi.org/10.1242/jeb.124826","",60,15,"Species; Common_name; Family; Clade; Suborder; N_individuals; Body_mass_g; Body_mass_ref; Body_mass_ref_short; Brain_volume_ml; Foramen_radius_cm; Lumen_radius_cm; Shear_stress_dyne_cm2; Total_QICA_cm3_s; Total_Q_per_Vbr_cm3_s_ml","Seymour, R. S., Angove, S. E., Snelling, E. P., & Cassey, P. (2015). Scaling of cerebral blood perfusion in primates and marsupials. J Exp Biol, 218(Pt 16), 2631-2640. https://doi.org/10.1242/jeb.124826","Seymour et al. (2015)","Seymour","2015"
"10.1242%2Fjeb.204651_celldensity.tsv","10.1242/jeb.204651","DOI","celldensity","https://doi.org/10.1242/jeb.204651","",214,9,"species; reference; group; specimen; region; cell_type; measure; value; units","Barbeito-Andrés, J., Castro-Fonseca, E., Qiu, L. R., Bernal, V., Lent, R., Henkelman, M., Lukowiak, K., Gleiser, P. M., Hallgrímsson, B., & González, P. N. (2019). Region-specific changes in Mus musculus brain size and cell composition under chronic nutrient restriction. J Exp Biol, 222(Pt 17). https://doi.org/10.1242/jeb.204651","BarbeitoAndrés et al. (2019)","BarbeitoAndrés","2019"
"10.1242%2Fjeb.204651_cellnumber.tsv","10.1242/jeb.204651","DOI","cellnumber","https://doi.org/10.1242/jeb.204651","",211,9,"species; reference; group; specimen; region; cell_type; measure; value; units","Barbeito-Andrés, J., Castro-Fonseca, E., Qiu, L. R., Bernal, V., Lent, R., Henkelman, M., Lukowiak, K., Gleiser, P. M., Hallgrímsson, B., & González, P. N. (2019). Region-specific changes in Mus musculus brain size and cell composition under chronic nutrient restriction. J Exp Biol, 222(Pt 17). https://doi.org/10.1242/jeb.204651","BarbeitoAndrés et al. (2019)","BarbeitoAndrés","2019"
"10.1242%2Fjeb.204651_volumes.tsv","10.1242/jeb.204651","DOI","volumes","https://doi.org/10.1242/jeb.204651","",299,9,"species; reference; group; specimen; region; cell_type; measure; value; units","Barbeito-Andrés, J., Castro-Fonseca, E., Qiu, L. R., Bernal, V., Lent, R., Henkelman, M., Lukowiak, K., Gleiser, P. M., Hallgrímsson, B., & González, P. N. (2019). Region-specific changes in Mus musculus brain size and cell composition under chronic nutrient restriction. J Exp Biol, 222(Pt 17). https://doi.org/10.1242/jeb.204651","BarbeitoAndrés et al. (2019)","BarbeitoAndrés","2019"
"10.1371%2Fjournal.pbio.1002000_TableS1.tsv","10.1371/journal.pbio.1002000","DOI","TableS1","https://doi.org/10.1371/journal.pbio.1002000","",104,41,"species_sci; Species; Body_weight; Brain_weight_g; Neonate_brain_weight_g; Neocortex_mm^3; GI; Ventricle_mm^3; Maximum_lifespan_yrs; Age_at_first_breeding_F_mnths; Age_at_first_breeding_days; Female_sexual_maturity_days; Male_sexual_maturity_days; Gestation_days; Litter_size; Litters_per_year; Inter-litter_interval_days; Weaning_period_days; Weight_at_birth_g; Weight_at_weaning_g; Juvenility_primates_years; Juvenility_days; Max_home_range_ha; % Fruit and seeds; Activity_timing; Diet_breadth; Trophic_level; Population_group_size; Social_group_size; Adult_head_body_length_mm; Age_at_eye_opening_days; Altricial_precocial; Basal_metabolic_rate; Dispersal_age_days; Habitat_breadth; Social_system; Glia_neuron_ratio; Neuronal_density; Glial_cell_density; Neurogenic_period_days; Phylo_rank","Lewitus, E., Kelava, I., Kalinka, A. T., Tomancak, P., & Huttner, W. B. (2014). An adaptive threshold in mammalian neocortical evolution. PLoS Biol, 12(11), e1002000. https://doi.org/10.1371/journal.pbio.1002000","Lewitus et al. (2014)","Lewitus","2014"
"10.1371%2Fjournal.pbio.1002000_TableS8.tsv","10.1371/journal.pbio.1002000","DOI","TableS8","https://doi.org/10.1371/journal.pbio.1002000","10.1371%2Fjournal.pbio.1002000_TableS8.ReadMe.md",25,4,"species_sci; Species; Neuronal_number; GI","Lewitus, E., Kelava, I., Kalinka, A. T., Tomancak, P., & Huttner, W. B. (2014). An adaptive threshold in mammalian neocortical evolution. PLoS Biol, 12(11), e1002000. https://doi.org/10.1371/journal.pbio.1002000","Lewitus et al. (2014)","Lewitus","2014"
"10.1371%2Fjournal.pbio.3000494_DNAonlyMCC.tsv","10.1371/journal.pbio.3000494","DOI","DNAonlyMCC","https://doi.org/10.1371/journal.pbio.3000494","",4100,8,"tip_label; species_sci; Genus; Family_tip; Order_tip; terminal_branch_length; root_to_tip_age; in_project","Upham, N. S., Esselstyn, J. A., & Jetz, W. (2019). Inferring the mammal tree: Species-level sets of phylogenies for questions in ecology, evolution, and conservation. PLoS Biology, 17(12), e3000494. https://doi.org/10.1371/journal.pbio.3000494","Upham et al. (2019)","Upham","2019"
"10.1371%2Fjournal.pone.0009123_Table1.tsv","10.1371/journal.pone.0009123","DOI","Table1","https://doi.org/10.1371/journal.pone.0009123","",18,19,"species; species_printed; catalogue_number; neopallium_volume_mm3; neopallium_white_matter_volume_mm3; neopallium_grey_matter_volume_mm3; frontal_lobe_volume_mm3; frontal_white_matter_volume_mm3; frontal_grey_matter_volume_mm3; frontal_neopallium_percent; semendeferi_1997_frontal_neopallium_percent; semendeferi_2002_frontal_neopallium_reported; stephan_unpublished_neopallium_volume_mm3; total_brain_volume_mm3; basal_ganglia_volume_mm3; source; nonfrontal_lobe_volume_mm3; nonfrontal_white_matter_volume_mm3; nonfrontal_grey_matter_volume_mm3","Smaers, J. B., Schleicher, A., Zilles, K., & Vinicius, L. (2010). Frontal white matter volume is associated with brain enlargement and higher structural connectivity in anthropoid primates. PLoS ONE, 5(2), e9123. https://doi.org/10.1371/journal.pone.0009123","Smaers et al. (2010)","Smaers","2010"
"10.1371%2Fjournal.pone.0110356_DataS1.tsv","10.1371/journal.pone.0110356","DOI","DataS1","https://doi.org/10.1371/journal.pone.0110356","",19,20,"Case; Diagnosis; Age_years; PMI_hours; Hemisphere; Region; taxon; Amyg_Volume.mm3; Neuron_N; Glia_N; Astrocyte_N; Oligodendrocyte_N; Microglia_N; Endothelial_N; Neuron_density.per.mm3; Glia_density.per.mm3; Astrocyte_density.per.mm3; Oligodendrocyte_density.per.mm3; Microglia_density.per.mm3; Glia_Neuron_ratio","","10.1371/journal.pone.0110356","",""
"10.1523%2FJNEUROSCI.13-12-05105.1993_Table1.tsv","10.1523/JNEUROSCI.13-12-05105.1993","DOI","Table1","https://doi.org/10.1523/JNEUROSCI.13-12-05105.1993","",2,12,"Species_printed; species_sci; CST_termination_grade; CM_monosynaptic; CM_connection_inference; Segment_summary; Method; Source; DOI; Source_location; Evidence_summary; Curatorial_note","Bortoff, G. A., & Strick, P. L. (1993). Corticospinal terminations in two New-World primates: Further evidence that corticomotoneuronal connections provide part of the neural substrate for manual dexterity. The Journal of Neuroscience, 13(12), 5105–5118. https://doi.org/10.1523/JNEUROSCI.13-12-05105.1993","Bortoff et al. (1993)","Bortoff","1993"
"10.1523%2FJNEUROSCI.17-18-07079.1997_Table1.tsv","10.1523/JNEUROSCI.17-18-07079.1997","DOI","Table1","https://doi.org/10.1523/JNEUROSCI.17-18-07079.1997","",18,10,"Species; common_name; specimen; structure; hemisphere; method; area_cm2; pct_neocortex; where_in_paper; source","Van Essen, D. C., & Drury, H. A. (1997). Structural and functional analyses of human cerebral cortex using a surface-based atlas. J Neurosci, 17(18), 7079-7102. https://doi.org/10.1523/JNEUROSCI.17-18-07079.1997","VanEssen et al. (1997)","VanEssen","1997"
"10.1523%2FJNEUROSCI.1750-23.2024_Table2.tsv","10.1523/JNEUROSCI.1750-23.2024","DOI","Table2","https://doi.org/10.1523/JNEUROSCI.1750-23.2024","",49,18,"Species; Species_Johansen2024; Lobe; Region; is_lobe_total; is_M1; SV2A_total.pmol_mL; SV2A_total_SD; SV2A_total_COV; SV2A_L.pmol_mL; SV2A_L_SD; SV2A_L_COV; SV2A_R.pmol_mL; SV2A_R_SD; SV2A_R_COV; LR_ratio; LR_ratio_SD; LR_ratio_COV","Johansen, A., Beliveau, V., Colliander, E., Raval, N. R., Dam, V. H., Gillings, N., Aznar, S., Svarer, C., Plaven-Sigray, P., & Knudsen, G. M. (2024). An In Vivo High-Resolution Human Brain Atlas of Synaptic Density. J Neurosci, 44(33). https://doi.org/10.1523/JNEUROSCI.1750-23.2024","Johansen et al. (2024)","Johansen","2024"
"10.1523%2FJNEUROSCI.2339-19.2020_Table1.tsv","10.1523/JNEUROSCI.2339-19.2020","DOI","Table1","https://doi.org/10.1523/JNEUROSCI.2339-19.2020","",33,57,"Species name; Br_C; Br_I; Br_I/mg; Br_I/N; Br_N; Br_N/mg; Br_No. of samples; Br_Structure mass (g); Cb_C; Cb_I; Cb_I/mg; Cb_I/N; Cb_N; Cb_N/mg; Cb_No. of samples; Cb_Structure mass (g); Ctx_C; Ctx_I; Ctx_I/mg; Ctx_I/N; Ctx_N; Ctx_N/mg; Ctx_No. of samples; Ctx_Structure mass (g); Cx_C; Cx_I; Cx_I/mg; Cx_I/N; Cx_N; Cx_N/mg; Cx_No. of samples; Cx_Structure mass (g); Hp_C; Hp_I; Hp_I/mg; Hp_I/N; Hp_N; Hp_N/mg; Hp_No. of samples; Hp_Structure mass (g); P+M_C; P+M_I; P+M_I/mg; P+M_I/N; P+M_N; P+M_N/mg; P+M_No. of samples; P+M_Structure mass (g); RoB_C; RoB_I; RoB_I/mg; RoB_I/N; RoB_N; RoB_N/mg; RoB_No. of samples; RoB_Structure mass (g)","Dos Santos, S. E., Medeiros, M., Porfirio, J., Tavares, W., Pessoa, L., Grinberg, L., Leite, R. E. P., Ferretti-Rebustini, R. E. L., Suemoto, C. K., Filho, W. J., Noctor, S. C., Sherwood, C. C., Kaas, J. H., Manger, P. R., & Herculano-Houzel, S. (2020). Similar Microglial Cell Densities across Brain Structures and Mammalian Species: Implications for Brain Tissue Function. J Neurosci, 40(24), 4622-4643. https://doi.org/10.1523/JNEUROSCI.2339-19.2020","DosSantos et al. (2020)","DosSantos","2020"
"10.1523%2FJNEUROSCI.2339-19.2020_unpublished.tsv","10.1523/JNEUROSCI.2339-19.2020","DOI","unpublished","https://doi.org/10.1523/JNEUROSCI.2339-19.2020","",33,7,"Species; Br_I/C; Cb_I/C; Ctx_I/C; Cx_I/C; Hp_I/C; RoB_I/C","Dos Santos, S. E., Medeiros, M., Porfirio, J., Tavares, W., Pessoa, L., Grinberg, L., Leite, R. E. P., Ferretti-Rebustini, R. E. L., Suemoto, C. K., Filho, W. J., Noctor, S. C., Sherwood, C. C., Kaas, J. H., Manger, P. R., & Herculano-Houzel, S. (2020). Similar Microglial Cell Densities across Brain Structures and Mammalian Species: Implications for Brain Tissue Function. J Neurosci, 40(24), 4622-4643. https://doi.org/10.1523/JNEUROSCI.2339-19.2020","DosSantos et al. (2020)","DosSantos","2020"
"10.1523%2FJNEUROSCI.2909-13.2013_ResultsText.tsv","10.1523/JNEUROSCI.2909-13.2013","DOI","ResultsText","https://doi.org/10.1523/JNEUROSCI.2909-13.2013","",3,10,"Species; common_name; specimen; structure; hemisphere; method; surface_area_mm2; body_mass_g; note; source","Chaplin, T. A., Yu, H. H., Soares, J. G., Gattass, R., & Rosa, M. G. (2013). A conserved pattern of differential expansion of cortical areas in simian primates. J Neurosci, 33(38), 15120-15125. https://doi.org/10.1523/JNEUROSCI.2909-13.2013","Chaplin et al. (2013)","Chaplin","2013"
"10.1537%2Fase1911.100.69_Table1.tsv","10.1537/ase1911.100.69","DOI","Table1","https://doi.org/10.1537/ase1911.100.69","",19,11,"Species; group; n; body_weight_g; IOPr_mm3; IOAcMed_mm3; IOAcDors_mm3; IOAc_mm3; activity_time; diet; locomotor_type","Matano, S. (1992). A Comparative Neuroprimatological Study on the Inferior Olivary Nuclei (from the Stephan Collection). J Anthropol Soc Nip, 100(1), 69-82. https://doi.org/10.1537/ase1911.100.69","Matano et al. (1992)","Matano","1992"
"10.1537%2Fase1911.100.69_Table2.tsv","10.1537/ase1911.100.69","DOI","Table2","https://doi.org/10.1537/ase1911.100.69","",12,11,"Species; group; n; body_weight_g; IOPr_mm3; IOAcMed_mm3; IOAcDors_mm3; IOAc_mm3; activity_time; diet; locomotor_type","Matano, S. (1992). A Comparative Neuroprimatological Study on the Inferior Olivary Nuclei (from the Stephan Collection). J Anthropol Soc Nip, 100(1), 69-82. https://doi.org/10.1537/ase1911.100.69","Matano et al. (1992)","Matano","1992"
"10.1537%2Fase1911.100.69_Table3.tsv","10.1537/ase1911.100.69","DOI","Table3","https://doi.org/10.1537/ase1911.100.69","",10,11,"Species; group; n; body_weight_g; IOPr_mm3; IOAcMed_mm3; IOAcDors_mm3; IOAc_mm3; activity_time; diet; locomotor_type","Matano, S. (1992). A Comparative Neuroprimatological Study on the Inferior Olivary Nuclei (from the Stephan Collection). J Anthropol Soc Nip, 100(1), 69-82. https://doi.org/10.1537/ase1911.100.69","Matano et al. (1992)","Matano","1992"
"10.1537%2Fase1911.100.69_Table4.tsv","10.1537/ase1911.100.69","DOI","Table4","https://doi.org/10.1537/ase1911.100.69","",4,11,"Species; group; n; body_weight_g; IOPr_mm3; IOAcMed_mm3; IOAcDors_mm3; IOAc_mm3; activity_time; diet; locomotor_type","Matano, S. (1992). A Comparative Neuroprimatological Study on the Inferior Olivary Nuclei (from the Stephan Collection). J Anthropol Soc Nip, 100(1), 69-82. https://doi.org/10.1537/ase1911.100.69","Matano et al. (1992)","Matano","1992"
"10.1890%2F13-1917.1_MamFuncDat.tsv","10.1890/13-1917.1","DOI","MamFuncDat","https://doi.org/10.1890/13-1917.1","",5400,28,"species_sci; Species; MSW3_ID; Family; Diet_Inv; Diet_Vend; Diet_Vect; Diet_Vfish; Diet_Vunk; Diet_Scav; Diet_Fruit; Diet_Nect; Diet_Seed; Diet_PlantO; Diet_dominant; Diet_breadth; Trophic_guild; Diet_Certainty; ForStrat_Value; ForStrat_stratum; ForStrat_Certainty; Activity_Nocturnal; Activity_Crepuscular; Activity_Diurnal; Activity_pattern; Activity_Certainty; BodyMass.g; BodyMass_SpecLevel","Wilman, H., Belmaker, J., Simpson, J., de la Rosa, C., Rivadeneira, M. M., & Jetz, W. (2014). EltonTraits 1.0: Species‐level foraging attributes of the world's birds and mammals. Ecology, 95(7), 2027-2027. https://doi.org/10.1890/13-1917.1","Wilman et al. (2014)","Wilman","2014"
"10.2307%2F3626308_Table2.tsv","10.2307/3626308","DOI","Table2","https://doi.org/10.2307/3626308","",10,10,"Species; species_as_published; weight_brain_stem_mg; weight_prosencephalon_mg; ratio_prosencephalon_to_brainstem; weight_cerebellum_mg; ratio_cerebellum_to_brainstem; data_role; secondary_source; source_location","Latimer, H. B. (1956). The Weights of the Parts of the Brain in Several Species of Animals. Transactions of the Kansas Academy of Science (1903-), 59(4), 432-441. https://doi.org/10.2307/3626308","Latimer et al. (1956)","Latimer","1956"
"10.26451%2Fabc.09.04.06.2022_speciespredictors.tsv","10.26451/abc.09.04.06.2022","DOI","speciespredictors","https://doi.org/10.26451/abc.09.04.06.2022","",41,8,"Species; common_name; family; superordinate_group; vocal_repertoire_types; vocal_repertoire_source; vocal_repertoire_comment; source","ManyPrimates, Aguenounon, G., Allritz, M., Altschul, D., Ballesta, S., Beaud, A., Bohn, M., Bornbusch, S., Brandão, A., Brooks, J., Bugnyar, T., Burkart, J., Bustamante, L., Call, J., Canteloup, C., Cao, C., Caspar, K., da Silva, D., de Sousa, A., . . . Zablocki-Thomas, P. (2022). The Evolution of Primate Short-Term Memory. Animal Behavior and Cognition, 9(4), 428-516. https://doi.org/10.26451/abc.09.04.06.2022","ManyPrimates et al. (2022)","ManyPrimates","2022"
"10.3389%2Ffnana.2013.00028_Table1.tsv","10.3389/fnana.2013.00028","DOI","Table1","https://doi.org/10.3389/fnana.2013.00028","",7,17,"Species; Species_Ribeiro2013; n; Region; region_term; CorticalGrey_N.p.mg; CorticalGrey_N.p.mg_SE; CorticalGrey_O.p.mg; CorticalGrey_O.p.mg_SE; CorticalGrey_O.p.N; CorticalGrey_O.p.N_SE; sig_N.p.mg; sig_O.p.mg; sig_O.p.N; parse_flags; ONratio_check_from_densities; ONratio_check_pct_diff","Ribeiro, P. F., Ventura-Antunes, L., Gabi, M., Mota, B., Grinberg, L. T., Farfel, J. M., Ferretti-Rebustini, R. E., Leite, R. E., Filho, W. J., & Herculano-Houzel, S. (2013). The human cerebral cortex is neither one nor many: neuronal distribution reveals two quantitatively different zones in the gray matter, three in the white matter, and explains local variations in cortical folding. Front Neuroanat, 7, 28. https://doi.org/10.3389/fnana.2013.00028","Ribeiro et al. (2013)","Ribeiro","2013"
"10.3389%2Ffnana.2013.00035_Figure2TopLeft.tsv","10.3389/fnana.2013.00035","DOI","Figure2TopLeft","https://doi.org/10.3389/fnana.2013.00035","10.3389%2Ffnana.2013.00035_Figure2TopLeft.ReadMe.md",18,3,"region; neurones; vol mm^3","Herculano-Houzel, S., Watson, C., & Paxinos, G. (2013). Distribution of neurons in functional areas of the mouse cerebral cortex reveals quantitatively different cortical zones. Front Neuroanat, 7, 35. https://doi.org/10.3389/fnana.2013.00035","HerculanoHouzel et al. (2013)","HerculanoHouzel","2013"
"10.3389%2Ffnana.2013.00035_Table1-a.tsv","10.3389/fnana.2013.00035","DOI","Table1-a","https://doi.org/10.3389/fnana.2013.00035","10.3389%2Ffnana.2013.00035.ReadMe.md",18,15,"Species; Species_HerculanoHouzel2013; Area; Areas_in_atlas; is_M1; pct_cortical_area; pct_cortical_volume; Neurons; Neurons_SEM; pct_cortical_neurons; N_per_mm2; N_per_mm3; OtherCells; OtherCells_SEM; Thickness_mm","Herculano-Houzel, S., Watson, C., & Paxinos, G. (2013). Distribution of neurons in functional areas of the mouse cerebral cortex reveals quantitatively different cortical zones. Front Neuroanat, 7, 35. https://doi.org/10.3389/fnana.2013.00035","HerculanoHouzel et al. (2013)","HerculanoHouzel","2013"
"10.3389%2Ffnana.2013.00035_Table1-b.tsv","10.3389/fnana.2013.00035","DOI","Table1-b","https://doi.org/10.3389/fnana.2013.00035","10.3389%2Ffnana.2013.00035.ReadMe.md",7,7,"Species; Species_HerculanoHouzel2013; FunctionalGroup; pct_cortical_area; pct_cortical_volume; Neurons; pct_cortical_neurons","Herculano-Houzel, S., Watson, C., & Paxinos, G. (2013). Distribution of neurons in functional areas of the mouse cerebral cortex reveals quantitatively different cortical zones. Front Neuroanat, 7, 35. https://doi.org/10.3389/fnana.2013.00035","HerculanoHouzel et al. (2013)","HerculanoHouzel","2013"
"10.3389%2Ffnana.2014.00128_Table1.tsv","10.3389/fnana.2014.00128","DOI","Table1","https://doi.org/10.3389/fnana.2014.00128","",5,46,"Species; Species_Kazu2014; n; Body_Mass.g; WholeBrain_Mass.g; CerebralCortex_Mass.g; Hippocampus_Mass.g; Cerebellum_Mass.g; RoB_Mass.g; DiencephalonStriatum_Mass.g; Mesencephalon_Mass.g; PonsMedulla_Mass.g; OlfactoryBulb_Mass.g; WholeBrain_N.n; CerebralCortex_N.n; CerebralCortexGrey_N.n; Hippocampus_N.n; Cerebellum_N.n; RoB_N.n; DiencephalonStriatum_N.n; Mesencephalon_N.n; PonsMedulla_N.n; OlfactoryBulb_N.n; CerebralCortex_N.p.mg; CerebralCortexGrey_N.p.mg; Hippocampus_N.p.mg; Cerebellum_N.p.mg; RoB_N.p.mg; DiencephalonStriatum_N.p.mg; Mesencephalon_N.p.mg; PonsMedulla_N.p.mg; OlfactoryBulb_N.p.mg; WholeBrain_O.p.N; CerebralCortex_O.p.N; CerebralCortexGrey_O.p.N; Hippocampus_O.p.N; Cerebellum_O.p.N; RoB_O.p.N; DiencephalonStriatum_O.p.N; Mesencephalon_O.p.N; PonsMedulla_O.p.N; OlfactoryBulb_O.p.N; body_mass_approximate; source_printing; parse_flags; consistency_flags","Kazu, R. S., Maldonado, J., Mota, B., Manger, P. R., & Herculano-Houzel, S. (2014). Cellular scaling rules for the brain of Artiodactyla include a highly folded cortex with few neurons. Front Neuroanat, 8, 128. https://doi.org/10.3389/fnana.2014.00128","Kazu et al. (2014)","Kazu","2014"
"10.3389%2Ffnana.2015.00039_TABLE1.tsv","10.3389/fnana.2015.00039","DOI","TABLE1","https://doi.org/10.3389/fnana.2015.00039","",5,46,"Species; Species_Kazu2015; n; Body_Mass.g; WholeBrain_Mass.g; CerebralCortex_Mass.g; Hippocampus_Mass.g; Cerebellum_Mass.g; RoB_Mass.g; DiencephalonStriatum_Mass.g; Mesencephalon_Mass.g; PonsMedulla_Mass.g; OlfactoryBulb_Mass.g; WholeBrain_N.n; CerebralCortex_N.n; CerebralCortexGrey_N.n; Hippocampus_N.n; Cerebellum_N.n; RoB_N.n; DiencephalonStriatum_N.n; Mesencephalon_N.n; PonsMedulla_N.n; OlfactoryBulb_N.n; CerebralCortex_N.p.mg; CerebralCortexGrey_N.p.mg; Hippocampus_N.p.mg; Cerebellum_N.p.mg; RoB_N.p.mg; DiencephalonStriatum_N.p.mg; Mesencephalon_N.p.mg; PonsMedulla_N.p.mg; OlfactoryBulb_N.p.mg; WholeBrain_O.p.N; CerebralCortex_O.p.N; CerebralCortexGrey_O.p.N; Hippocampus_O.p.N; Cerebellum_O.p.N; RoB_O.p.N; DiencephalonStriatum_O.p.N; Mesencephalon_O.p.N; PonsMedulla_O.p.N; OlfactoryBulb_O.p.N; body_mass_approximate; source_printing; parse_flags; consistency_flags","Kazu, R. S., Maldonado, J., Mota, B., Manger, P. R., & Herculano-Houzel, S. (2015). Corrigendum: Cellular scaling rules for the brain of Artiodactyla include a highly folded cortex with few neurons [General Commentary]. Frontiers in Neuroanatomy, Volume 9 - 2015. https://doi.org/10.3389/fnana.2015.00039","Kazu et al. (2015)","Kazu","2015"
"10.3389%2Ffnana.2017.00118_Table1.tsv","10.3389/fnana.2017.00118","DOI","Table1","https://doi.org/10.3389/fnana.2017.00118","",8,32,"Species; Common Name; MBD.kg; MBR.g; MCxT.g; MHP.g; MCB.g; MRoB.g; MOB.g; NBR; NCxT; NHP; NCB; NRoB; NOB; OBR; OCxT; OHP; OCB; ORoB; OOB; DNCxT; DNHP; DNCB; DNRoB; DNOB; O/NBR; O/NCXT; O/NHP; O/NCB; O/NRoB; O/NOB","Jardim-Messeder, D., Lambert, K., Noctor, S., Pestana, F. M., de Castro Leal, M. E., Bertelsen, M. F., Alagaili, A. N., Mohammad, O. B., Manger, P. R., & Herculano-Houzel, S. (2017). Dogs Have the Most Neurons, Though Not the Largest Brain: Trade-Off between Body Mass and Number of Neurons in the Cerebral Cortex of Large Carnivoran Species. Front Neuroanat, 11, 118. https://doi.org/10.3389/fnana.2017.00118","JardimMesseder et al. (2017)","JardimMesseder","2017"
"10.3389%2Ffncir.2013.00030_Table1.tsv","10.3389/fncir.2013.00030","DOI","Table1","https://doi.org/10.3389/fncir.2013.00030","",7,30,"Species; species_as_published; species_note; specimen_source; specimen_identity; specimen_match_status; n_hemispheres; M1_mass_g; M1_mass_g_sd; M1_pct_total_mass; M1_pct_total_mass_sd; M1_area_mm2; M1_area_mm2_sd; M1_pct_total_area; M1_pct_total_area_sd; M1_cell_density_per_g_M; M1_cell_density_per_g_M_sd; M1_cell_density_per_mm2_M; M1_cell_density_per_mm2_M_sd; M1_pct_neurons; M1_pct_neurons_sd; M1_neuron_density_per_g_M; M1_neuron_density_per_g_M_sd; M1_neuron_density_per_mm2_M; M1_neuron_density_per_mm2_M_sd; M1_pct_neuron_diff_from_avg; M1_pct_neuron_diff_from_avg_sd; specimen_overlap_Collins2010; specimen_overlap_other; source","Young, N. A., Collins, C. E., & Kaas, J. H. (2013). Cell and neuron densities in the primary motor cortex of primates [Original Research]. Front Neural Circuits, 7(30), 30. https://doi.org/10.3389/fncir.2013.00030","Young et al. (2013)","Young","2013"
"10.3389%2Ffnhum.2013.00424_TableS2partial.tsv","10.3389/fnhum.2013.00424","DOI","TableS2partial","https://doi.org/10.3389/fnhum.2013.00424","10.3389%2Ffnhum.2013.00424.ReadMe.md",66,8,"species_sci; Species; Brain_weight_g; Neuron_density_per_mm3; Astrocyte_density_per_mm3; Gray_matter_thickness_mm; Ventricle_1_2_volume_mm3; GI","Lewitus, E., Kelava, I., & Huttner, W. B. (2013). Conical expansion of the outer subventricular zone and the role of neocortical folding in evolution and development. Front Hum Neurosci, 7, 424. https://doi.org/10.3389/fnhum.2013.00424","Lewitus et al. (2013)","Lewitus","2013"
"10.3389%2Ffnhum.2014.00277_Table1.tsv","10.3389/fnhum.2014.00277","DOI","Table1","https://doi.org/10.3389/fnhum.2014.00277","",20,12,"case_index; species; processing; in_barger2007; amygdala_lateral_cc; amygdala_basal_cc; amygdala_accessory_basal_cc; amygdala_central_cc; amygdala_total_cc; hippocampus_cc; striatum_cc; source","Barger, N., Hanson, K. L., Teffer, K., Schenker-Ahmed, N. M., & Semendeferi, K. (2014). Evidence for evolutionary specialization in human limbic structures. Front Hum Neurosci, 8, 277. https://doi.org/10.3389/fnhum.2014.00277","Barger et al. (2014)","Barger","2014"
"10.3389%2Ffnins.2021.632853_TABLE1.tsv","10.3389/fnins.2021.632853","DOI","TABLE1","https://doi.org/10.3389/fnins.2021.632853","",25,6,"Species; Time_to_locomotion_days; Time_to_weaning_days; Time_to_adolescence_months; REM_sleep_percent; Phylogenetic_distance_Mya","Eagleman, D. M., & Vaughn, D. A. (2021). The Defensive Activation Theory: REM Sleep as a Mechanism to Prevent Takeover of the Visual Cortex [Hypothesis and Theory]. Front Neurosci, 15(598), 632853. https://doi.org/10.3389/fnins.2021.632853","Eagleman et al. (2021)","Eagleman","2021"
"10.6084%2Fm9.figshare.c.3899422.v1_Dataset1.tsv","10.6084/m9.figshare.c.3899422.v1","DOI","Dataset1","https://doi.org/10.6084/m9.figshare.c.3899422.v1","",289,52,"Species Name; Species name adjusted to 10kTrees; Species name in Perelman tree; Subfamily; Family; Terrestriality; logECV; logBodyMass; logInsects; logFruit; logLeaves; logCombiGroupSize; logHRS; Diurnality; ECV; N ECV; Sex ECV; Source ECV; Body mass; N Body mass; Sex Body mass; Source Body mass; Original source Body mass; %animal prey; %fruit; % seeds; %fruit and seeds; %nectar; %flowers; %nectar and flowers; % reproductive plant parts (fruits, flowers and nectar); %gum; %leaves; %young leaves; %mature leaves; %nonreproctive plant parts (gum and leaves, bark etc.); %other; sum; Calculation; Source diet composition; Sleeping group size; Remarks Sleeping group size; Foraging Group size: mean; Group size: range; Group size combined; Source group size; Day range (m); male Home range (HR) size: mean (ha); female Home range size: mean; HR size average; HR range; Source Home range size","","10.6084/m9.figshare.c.3899422.v1","",""
"10.7554%2FeLife.35696_Figure2-data1.tsv","10.7554/eLife.35696","DOI","Figure2-data1","https://doi.org/10.7554/eLife.35696","",50,7,"Species; Species_Smaers2018; Brain_Vol.mm3; MedialCerebellum_Vol.mm3; Cerebellum_Vol.mm3; LateralCerebellum_Vol.mm3; Source","Smaers, J. B., Turner, A. H., Gómez-Robles, A., & Sherwood, C. C. (2018). A cerebellar substrate for cognition evolved multiple times independently in mammals. eLife, 7, e35696. https://doi.org/10.7554/eLife.35696","Smaers et al. (2018)","Smaers","2018"
"10.7554%2FeLife.77875_Supplementaryfile3.tsv","10.7554/eLife.77875","DOI","Supplementaryfile3","https://doi.org/10.7554/eLife.77875","",40,12,"Family; Species; ecology; ecology_ref; female_endocranial_volume_ml; endocranial_volume_ref; endocranial_volume_notes; habitual_tool_use; tool_use_ref; tool_use_notes; name_in_tree; source","Caspar, K. R., Pallasdies, F., Mader, L., Sartorelli, H., & Begall, S. (2022). The evolution and biological correlates of hand preferences in anthropoid primates. Elife, 11, e77875. https://doi.org/10.7554/eLife.77875","Caspar et al. (2022)","Caspar","2022"
"10.7554%2FeLife.77875_Table1.tsv","10.7554/eLife.77875","DOI","Table1","https://doi.org/10.7554/eLife.77875","",38,16,"Species; N; # Left; # Left %; # Right; # Right %; # Ambipreferent; # Ambipreferent %; MeanHI; MeanAbsHI; Species direction bias (HI), p value; Species L/R/A distribution, p value; nGenus; Genus direction bias (HI), p value; Genus L/R/A distribution, p value; Species note","Caspar, K. R., Pallasdies, F., Mader, L., Sartorelli, H., & Begall, S. (2022). The evolution and biological correlates of hand preferences in anthropoid primates. Elife, 11, e77875. https://doi.org/10.7554/eLife.77875","Caspar et al. (2022)","Caspar","2022"
"10.7554%2FeLife.85907_Data.tsv","10.7554/eLife.85907","DOI","Data","https://doi.org/10.7554/eLife.85907","",56,22,"Species_Heuer2023; species_sci; Binomial_name_timetree; English_name; Microdraw_name; Provenance; Cerebellar_section_area_mm2; Cerebellar_section_length_mm; Cerebral_section_area_mm2; Cerebral_section_length_mm; Folial_width_median_mm; Folial_perimeter_median_mm; Molecular_layer_thickness_median_mm; Log10Area_cb_source; Log10Length_cb_source; Log10Area_ctx_source; Log10Length_ctx_source; Log10WidthMedian_source; Log10PeriodMedian_source; Log10ThicknessMedian_source; LogBodyWeight_source; LogBrainWeight_source","Heuer, K., Traut, N., de Sousa, A. A., Valk, S. L., Clavel, J., & Toro, R. (2023). Diversity and evolution of cerebellar folding in mammals. eLife, 12, e85907. https://doi.org/10.7554/eLife.85907","Heuer et al. (2023)","Heuer","2023"
"ISBN%3A0390672505_TABLE1.tsv","ISBN:0390672505","Other","TABLE1","","",22,11,"species; group; body_weight_g; brain_weight_mg; total_brain_net_mm3; medulla_oblongata_mm3; cerebellum_mm3; mesencephalon_mm3; diencephalon_mm3; telencephalon_mm3; source","Stephan, H., Bauchot, R., & Andy, O. J. (1970). Data on the size of the brain and of the various brain parts in insectivores and primates. In C. R. Noback & W. Montagna (Eds.), The Primate Brain (pp. 289-296). Appleton-Century-Crofts","Stephan et al. (1970)","Stephan","1970"
"ISBN%3A0390672505_TABLE2.tsv","ISBN:0390672505","Other","TABLE2","","",20,11,"species; group; body_weight_g; brain_weight_mg; total_brain_net_mm3; medulla_oblongata_mm3; cerebellum_mm3; mesencephalon_mm3; diencephalon_mm3; telencephalon_mm3; source","Stephan, H., Bauchot, R., & Andy, O. J. (1970). Data on the size of the brain and of the various brain parts in insectivores and primates. In C. R. Noback & W. Montagna (Eds.), The Primate Brain (pp. 289-296). Appleton-Century-Crofts","Stephan et al. (1970)","Stephan","1970"
"ISBN%3A0390672505_TABLE3.tsv","ISBN:0390672505","Other","TABLE3","","",21,11,"species; group; body_weight_g; brain_weight_mg; total_brain_net_mm3; medulla_oblongata_mm3; cerebellum_mm3; mesencephalon_mm3; diencephalon_mm3; telencephalon_mm3; source","Stephan, H., Bauchot, R., & Andy, O. J. (1970). Data on the size of the brain and of the various brain parts in insectivores and primates. In C. R. Noback & W. Montagna (Eds.), The Primate Brain (pp. 289-296). Appleton-Century-Crofts","Stephan et al. (1970)","Stephan","1970"
"ISBN%3A0390672505_TABLE4.tsv","ISBN:0390672505","Other","TABLE4","","",22,10,"species; group; bulbus_olfactorius_mm3; palaeocortex_plus_amygdala_mm3; septum_mm3; striatum_mm3; schizocortex_mm3; hippocampus_mm3; neocortex_mm3; source","Stephan, H., Bauchot, R., & Andy, O. J. (1970). Data on the size of the brain and of the various brain parts in insectivores and primates. In C. R. Noback & W. Montagna (Eds.), The Primate Brain (pp. 289-296). Appleton-Century-Crofts","Stephan et al. (1970)","Stephan","1970"
"ISBN%3A0390672505_TABLE5.tsv","ISBN:0390672505","Other","TABLE5","","",20,10,"species; group; bulbus_olfactorius_mm3; palaeocortex_plus_amygdala_mm3; septum_mm3; striatum_mm3; schizocortex_mm3; hippocampus_mm3; neocortex_mm3; source","Stephan, H., Bauchot, R., & Andy, O. J. (1970). Data on the size of the brain and of the various brain parts in insectivores and primates. In C. R. Noback & W. Montagna (Eds.), The Primate Brain (pp. 289-296). Appleton-Century-Crofts","Stephan et al. (1970)","Stephan","1970"
"ISBN%3A0390672505_TABLE6.tsv","ISBN:0390672505","Other","TABLE6","","",21,10,"species; group; bulbus_olfactorius_mm3; palaeocortex_plus_amygdala_mm3; septum_mm3; striatum_mm3; schizocortex_mm3; hippocampus_mm3; neocortex_mm3; source","Stephan, H., Bauchot, R., & Andy, O. J. (1970). Data on the size of the brain and of the various brain parts in insectivores and primates. In C. R. Noback & W. Montagna (Eds.), The Primate Brain (pp. 289-296). Appleton-Century-Crofts","Stephan et al. (1970)","Stephan","1970"
"ISBN%3A0390672505_Tables1-6.tsv","ISBN:0390672505","Other","Tables1-6","","",63,17,"species; body_weight_g; brain_weight_mg; total_brain_net_mm3; medulla_oblongata_mm3; cerebellum_mm3; mesencephalon_mm3; diencephalon_mm3; telencephalon_mm3; bulbus_olfactorius_mm3; palaeocortex_plus_amygdala_mm3; septum_mm3; striatum_mm3; schizocortex_mm3; hippocampus_mm3; neocortex_mm3; source","Stephan, H., Bauchot, R., & Andy, O. J. (1970). Data on the size of the brain and of the various brain parts in insectivores and primates. In C. R. Noback & W. Montagna (Eds.), The Primate Brain (pp. 289-296). Appleton-Century-Crofts","Stephan et al. (1970)","Stephan","1970"
"ISBN%3A0845140000_TABLE1.tsv","ISBN:0845140000","Other","TABLE1","","",52,10,"Stephan_code; Species; BoW_g; BrW_mg; EI; activity; diet_category; locomotion; ecoethology_refs; source","Stephan, H., Baron, G., & Frahm, H. D. (1988). Comparative size of brains and brain components. In H. D. Stelis & J. Erwin (Eds.), Neurosciences (Vol. 4, pp. 1-38). Liss.","Stephan et al. (1988)","Stephan","1988"
"ISBN%3A9780195043716_Table12-2.tsv","ISBN:9780195043716","Other","Table12-2","","",18,5,"Species; structure; fresh_volume_cc3; volume_mm3; pct_total_brain","Zilles, K., & Rehkämper, G. (1988). The brain, with special reference to the telencephalon. In J. H. Schwartz (Ed.), Orang-Utan Biology (pp. 157-176). Oxford University Press.","Zilles et al. (1988)","Zilles","1988"
"ISBN%3A9783764353704_Table10.tsv","ISBN:9783764353704","Other","Table10","","",272,9,"species_row; Species_Baron1996; n; medulla_oblongata_mm3; mesencephalon_mm3; cerebellum_mm3; diencephalon_mm3; telencephalon_mm3; source_pdf_page","Baron, G., Stephan, H., & Frahm, H. D. (1996). Comparative Neurobiology in Chiroptera: Macromorphology, Brain Structures, Tables, and Atlases. Birkhäuser.","Baron et al. (1996)","Baron","1996"
"ISBN%3A9783764353704_Table13.tsv","ISBN:9783764353704","Other","Table13","","",150,9,"species_row; Species_Baron1996; trigeminal_sensory_complex_mm3; nucleus_tractus_solitarii_mm3; funicular_nuclei_mm3; nucleus_fascicularis_gracilis_mm3; nucleus_fascicularis_cuneatus_medialis_mm3; nucleus_fascicularis_cuneatus_externus_mm3; source_pdf_page","Baron, G., Stephan, H., & Frahm, H. D. (1996). Comparative Neurobiology in Chiroptera: Macromorphology, Brain Structures, Tables, and Atlases. Birkhäuser.","Baron et al. (1996)","Baron","1996"
"ISBN%3A9783764353704_Table16.tsv","ISBN:9783764353704","Other","Table16","","",150,8,"species_row; Species_Baron1996; nucleus_dorsalis_motorius_nervi_vagi_mm3; nucleus_nervi_hypoglossi_mm3; nucleus_reticularis_lateralis_mm3; complexus_olivaris_inferior_mm3; nucleus_prepositus_hypoglossi_mm3; source_pdf_page","Baron, G., Stephan, H., & Frahm, H. D. (1996). Comparative Neurobiology in Chiroptera: Macromorphology, Brain Structures, Tables, and Atlases. Birkhäuser.","Baron et al. (1996)","Baron","1996"
"ISBN%3A9783764353704_Table19.tsv","ISBN:9783764353704","Other","Table19","","",150,8,"species_row; Species_Baron1996; vestibular_complex_mm3; nucleus_vestibularis_medialis_mm3; nucleus_vestibularis_inferior_mm3; nucleus_vestibularis_lateralis_mm3; nucleus_vestibularis_superior_mm3; source_pdf_page","Baron, G., Stephan, H., & Frahm, H. D. (1996). Comparative Neurobiology in Chiroptera: Macromorphology, Brain Structures, Tables, and Atlases. Birkhäuser.","Baron et al. (1996)","Baron","1996"
"ISBN%3A9783764353704_Table22.tsv","ISBN:9783764353704","Other","Table22","","",150,8,"species_row; Species_Baron1996; auditory_nuclei_mm3; cochlear_nuclei_mm3; nucleus_cochlearis_dorsalis_mm3; nucleus_cochlearis_ventralis_mm3; complexus_olivaris_superior_mm3; source_pdf_page","Baron, G., Stephan, H., & Frahm, H. D. (1996). Comparative Neurobiology in Chiroptera: Macromorphology, Brain Structures, Tables, and Atlases. Birkhäuser.","Baron et al. (1996)","Baron","1996"
"ISBN%3A9783764353704_Table25.tsv","ISBN:9783764353704","Other","Table25","","",150,8,"species_row; Species_Baron1996; mesencephalon_mm3; tegmentum_mesencephali_mm3; tectum_mesencephali_mm3; colliculi_inferiores_mm3; colliculi_superiores_mm3; source_pdf_page","Baron, G., Stephan, H., & Frahm, H. D. (1996). Comparative Neurobiology in Chiroptera: Macromorphology, Brain Structures, Tables, and Atlases. Birkhäuser.","Baron et al. (1996)","Baron","1996"
"ISBN%3A9783764353704_Table28.tsv","ISBN:9783764353704","Other","Table28","","",18,8,"species_row; Species_Baron1996; cerebellum_mm3; total_cerebellar_nuclei_mm3; nucleus_medialis_cerebelli_mm3; nucleus_interpositus_cerebelli_mm3; nucleus_lateralis_cerebelli_mm3; source_pdf_page","Baron, G., Stephan, H., & Frahm, H. D. (1996). Comparative Neurobiology in Chiroptera: Macromorphology, Brain Structures, Tables, and Atlases. Birkhäuser.","Baron et al. (1996)","Baron","1996"
"ISBN%3A9783764353704_Table30.tsv","ISBN:9783764353704","Other","Table30","","",19,8,"species_row; Species_Baron1996; nuclei_lemnisci_lateralis_mm3; corpus_geniculatum_mediale_mm3; corpus_geniculatum_laterale_mm3; cgl_dorsal_part_mm3; cgl_ventral_part_mm3; source_pdf_page","Baron, G., Stephan, H., & Frahm, H. D. (1996). Comparative Neurobiology in Chiroptera: Macromorphology, Brain Structures, Tables, and Atlases. Birkhäuser.","Baron et al. (1996)","Baron","1996"
"ISBN%3A9783764353704_Table32.tsv","ISBN:9783764353704","Other","Table32","","",272,12,"species_row; Species_Baron1996; Species_printed_Table32; main_olfactory_bulb_mm3; paleocortex_mm3; striatum_mm3; septum_mm3; amygdala_mm3; hippocampus_mm3; schizocortex_mm3; neocortex_mm3; source_pdf_page","Baron, G., Stephan, H., & Frahm, H. D. (1996). Comparative Neurobiology in Chiroptera: Macromorphology, Brain Structures, Tables, and Atlases. Birkhäuser.","Baron et al. (1996)","Baron","1996"
"ISBN%3A9783764353704_Table36.tsv","ISBN:9783764353704","Other","Table36","","",14,12,"species_row; Species_Baron1996; total_cortex_mm2; total_minus_bulb_mm2; allocortex_minus_bulb_mm2; neocortex_mm2; allocortex_mm2; paleocortex_plus_bulb_mm2; schizocortex_mm2; hippocampus_mm2; cingulate_mm2; source_pdf_page","Baron, G., Stephan, H., & Frahm, H. D. (1996). Comparative Neurobiology in Chiroptera: Macromorphology, Brain Structures, Tables, and Atlases. Birkhäuser.","Baron et al. (1996)","Baron","1996"
"ISBN%3A9783764353704_Table39.tsv","ISBN:9783764353704","Other","Table39","","",6,9,"species_row; Species_Baron1996; total_cortex_mm2; neocortex_mm2; allocortex_mm2; semicortex_mm2; schizocortex_mm2; bicortex_mm2; source_pdf_page","Baron, G., Stephan, H., & Frahm, H. D. (1996). Comparative Neurobiology in Chiroptera: Macromorphology, Brain Structures, Tables, and Atlases. Birkhäuser.","Baron et al. (1996)","Baron","1996"
"ISBN%3A9783764353704_Table42.tsv","ISBN:9783764353704","Other","Table42","","",6,8,"species_row; Species_Baron1996; semicortex_mm2; PRPI_mm2; TOL_mm2; PSD_mm2; PAM_mm2; source_pdf_page","Baron, G., Stephan, H., & Frahm, H. D. (1996). Comparative Neurobiology in Chiroptera: Macromorphology, Brain Structures, Tables, and Atlases. Birkhäuser.","Baron et al. (1996)","Baron","1996"
"ISBN%3A9783764353704_Table45.tsv","ISBN:9783764353704","Other","Table45","","",6,8,"species_row; Species_Baron1996; bicortex_mm2; RB_mm2; TT_mm2; CA_mm2; FD_mm2; source_pdf_page","Baron, G., Stephan, H., & Frahm, H. D. (1996). Comparative Neurobiology in Chiroptera: Macromorphology, Brain Structures, Tables, and Atlases. Birkhäuser.","Baron et al. (1996)","Baron","1996"
"ISBN%3A9783764353704_Table48.tsv","ISBN:9783764353704","Other","Table48","","",15,10,"species_row; Species_Baron1996; total_cortex_mm2; neocortex_mm2; visual_cortex_mm2; precentral_cortex_mm2; prefrontal_cortex_mm2; frontal_lobe_mm2; allocortex_mm2; source_pdf_page","Baron, G., Stephan, H., & Frahm, H. D. (1996). Comparative Neurobiology in Chiroptera: Macromorphology, Brain Structures, Tables, and Atlases. Birkhäuser.","Baron et al. (1996)","Baron","1996"
"ISBN%3A9783764353704_Table51.tsv","ISBN:9783764353704","Other","Table51","","",6,17,"species_row; Species_Baron1996; body_weight_g; brain_weight_mg; medulla_oblongata_mm3; mesencephalon_mm3; cerebellum_mm3; diencephalon_mm3; telencephalon_mm3; main_olfactory_bulb_mm3; paleocortex_plus_amygdala_mm3; septum_mm3; striatum_mm3; hippocampus_mm3; schizocortex_mm3; neocortex_mm3; source_pdf_page","Baron, G., Stephan, H., & Frahm, H. D. (1996). Comparative Neurobiology in Chiroptera: Macromorphology, Brain Structures, Tables, and Atlases. Birkhäuser.","Baron et al. (1996)","Baron","1996"
"ISBN%3A9783764353704_Table8.tsv","ISBN:9783764353704","Other","Table8","","",272,10,"species_row; Species_Baron1996; n; net_brain_mm3; net_brain_pct_of_standard; ventricles_mm3; ventricles_pct_of_standard; rests_mm3; rests_pct_of_standard; source_pdf_page","Baron, G., Stephan, H., & Frahm, H. D. (1996). Comparative Neurobiology in Chiroptera: Macromorphology, Brain Structures, Tables, and Atlases. Birkhäuser.","Baron et al. (1996)","Baron","1996"
"NQ%3A61662_APPENDIXI.tsv","NQ:61662","Other","APPENDIXI","","",106,34,"species; taxon_common_printed; specimen; specimen_name; record_note; primary_identifier; alternate_identifiers; identification_number; identifier_raw; specimen_printed; specimen_printed_raw; sex; sample; body_weight_kg; body_weight_raw; brain_weight_g; brain_weight_raw; fixed_volume_cm3; fixed_volume_raw; age; age_years; age_class; collection_source; cause_of_death; section_plane; section_plane_raw; stains_measured; stephan_database_specimen; stephan_related_note; semendeferi_record; brainweight_known; taxonomic_issue; taxonomic_note; source","MacLeod, C. E. (2000). The cerebellum and its part in the evolution of the hominoid brain (Publication No. NQ61662) [Doctoral dissertation, Simon Fraser University]. Library and Archives Canada.","MacLeod et al. (2000)","MacLeod","2000"
"OCLC%3A8777719_Table1.tsv","OCLC:8777719","Other","Table1","","",38,9,"Species; Species_Brodmann1913; Genus_printed; Order_printed; CorticalSurface_1hemisphere.mm2; SulcalCortex.mm2; SulcalCortex_pct; BrainWeight.g; HemisphereWeight.g","Brodmann, K. (1913). Neue Ergebnisse über die vergleichende histologische Lokalisation der Großhirnrinde mit besonderer Berücksichtigung des Stirnhirns. Verhandlungen der Anatomischen Gesellschaft, 41, 157-216.","Brodmann et al. (1913)","Brodmann","1913"
"PMID%3A15534048_TABLE1.tsv","PMID:15534048","PubMed","TABLE1","https://pubmed.ncbi.nlm.nih.gov/15534048/","",26,8,"category; Region; Both hemispheres Mean; Both hemispheres SD; Left minus right hemisphere Difference; Left minus right hemisphere SD; P; Data of Heiss et al. (21)","Heiss, W. D., Habedank, B., Klein, J. C., Herholz, K., Wienhard, K., Lenox, M., & Nutt, R. (2004). Metabolic rates in small brain nuclei determined by high-resolution PET. J Nucl Med, 45(11), 1811-1815. https://www.ncbi.nlm.nih.gov/pubmed/15534048","Heiss et al. (2004)","Heiss","2004"
"PMID%3A2358663_Table1.tsv","PMID:2358663","PubMed","Table1","https://pubmed.ncbi.nlm.nih.gov/2358663/","",78,2,"Species; Complexus_sensorius_trigeminalis_mm3","Baron, G., Stephan, H., & Frahm, H. D. (1990). Comparison of brain structure volumes in Insectivora and primates. IX. Trigeminal complex. J Hirnforsch, 31(2), 193-200. https://www.ncbi.nlm.nih.gov/pubmed/2358663","Baron et al. (1990)","Baron","1990"
"PMID%3A3116076_Table1.tsv","PMID:3116076","PubMed","Table1","https://pubmed.ncbi.nlm.nih.gov/3116076/","",89,8,"Species; BOL; RB; PRPI; TOL; TRL; COA; SIN","Baron, G., Stephan, H., & Frahm, H. D. (1987). Comparison of brain structure volumes in Insectivora and Primates. VI. Paleocortical components. J Hirnforsch, 28(4), 463-477. http://www.ncbi.nlm.nih.gov/pubmed/3116076","Baron et al. (1987)","Baron","1987"
"PMID%3A3216099_Table1.tsv","PMID:3216099","PubMed","Table1","https://pubmed.ncbi.nlm.nih.gov/3216099/","",76,6,"Species; VC; VI; VL; VM; VS","Baron, G., Frahm, H. D., & Stephan, H. (1988). Comparison of brain structure volumes in Insectivora and Primates. VIII. Vestibular complex. J Hirnforsch, 29(5), 509-523. http://www.ncbi.nlm.nih.gov/pubmed/3216099","Baron et al. (1988)","Baron","1988"
"PMID%3A3693895_Table1.tsv","PMID:3693895","PubMed","Table1","https://pubmed.ncbi.nlm.nih.gov/3693895/","",89,7,"species; amygdala_mm3; complexus_centromedialis_mm3; complexus_corticobasolateralis_mm3; nucleus_amygdalae_basalis_pars_magnocellularis_mm3; nucleus_tractus_olfactorius_mm3; source","Stephan, H., Frahm, H. D., & Baron, G. (1987). Comparison of brain structure volumes in Insectivora and primates. VII. Amygdaloid components. J Hirnforsch, 28(5), 571-584. https://www.ncbi.nlm.nih.gov/pubmed/3693895","Stephan et al. (1987)","Stephan","1987"
"PMID%3A6481154_Table1.tsv","PMID:6481154","PubMed","Table1","https://pubmed.ncbi.nlm.nih.gov/6481154/","",53,5,"code; species; n; corpus_geniculatum_laterale_mm3; source","Stephan, H., Frahm, H. D., & Baron, G. (1984). Comparison of brain structure volumes in insectivora and primates. IV. Non-cortical visual structures. J Hirnforsch, 25(4), 385-403. https://www.ncbi.nlm.nih.gov/pubmed/6481154","Stephan et al. (1984)","Stephan","1984"
"PMID%3A6501869_Table1.tsv","PMID:6501869","PubMed","Table1","https://pubmed.ncbi.nlm.nih.gov/6501869/","",44,8,"Species; n; Area_striata_mm3; Area_striata_grey_matter_mm3; Area_striata_lamina_1_mm3; Area_striata_laminae_2_6_mm3; Area_striata_white_matter_mm3; source","Frahm, H. D., Stephan, H., & Baron, G. (1984). Comparison of brain structure volumes in insectivora and primates. V. Area striata (AS). J Hirnforsch, 25(5), 537-557. https://www.ncbi.nlm.nih.gov/pubmed/6501869","Frahm et al. (1984)","Frahm","1984"
"PMID%3A6663055_Table1.tsv","PMID:6663055","PubMed","Table1","https://pubmed.ncbi.nlm.nih.gov/6663055/","",76,12,"code_Baron1983; Anatomy_code; Species; Species_former_synonym; n; n_note; volume_mm3; volume_note; SEM_pct; size_index; permille_net_brain; permille_telencephalon","Baron, G., Frahm, H. D., Bhatnagar, K. P., & Stephan, H. (1983). Comparison of brain structure volumes in Insectivora and Primates. III. Main olfactory bulb (MOB). J Hirnforsch, 24(5), 551-568. https://www.ncbi.nlm.nih.gov/pubmed/6663055","Baron et al. (1983)","Baron","1983"
"PMID%3A7161477_Table2.tsv","PMID:7161477","PubMed","Table2","https://pubmed.ncbi.nlm.nih.gov/7161477/","",38,9,"Species; n; total_neocortex_mm3; white_matter_mm3; white_pct_neocortex; grey_matter_mm3; lamina_1_mm3; lamina_1_pct_grey; laminae_2_6_mm3","Frahm, H. D., Stephan, H., & Stephan, M. (1982). Comparison of brain structure volumes in Insectivora and Primates. I. Neocortex. J Hirnforsch, 23(4), 375-389. https://www.ncbi.nlm.nih.gov/pubmed/7161477","Frahm et al. (1982)","Frahm","1982"
"PMID%3A7161483_Table1.tsv","PMID:7161483","PubMed","Table1","https://pubmed.ncbi.nlm.nih.gov/7161483/","",61,19,"Species; former_name_ref; former_name; n_note; n; AOB_volume_mm3; SEM_pct; size_index; permille_net_brain; permille_MOB; AOB_layer_1_2_mm3; AOB_layer_3_5_mm3; AOB_layer_6_mm3; pct_AOB_1_2; pct_AOB_3_5; pct_AOB_6; size_index_1_2; size_index_3_5; size_index_6","Stephan, H., Baron, G., & Frahm, H. D. (1982). Comparison of brain structure volumes in Insectivora and Primates. II. Accessory olfactory bulb (AOB). J Hirnforsch, 23(5), 575-591. https://www.ncbi.nlm.nih.gov/pubmed/7161483","Stephan et al. (1982)","Stephan","1982"
"PMID%3A7983368_Table1.tsv","PMID:7983368","PubMed","Table1","https://pubmed.ncbi.nlm.nih.gov/7983368/","",48,11,"Species; body_weight_g; hippocampus_total_mm3; HP_HS_fibers_mm3; hippocampus_retrocommissuralis_mm3; subiculum_mm3; CA1_mm3; CA2_mm3; CA3_mm3; hilus_mm3; fascia_dentata_mm3","Frahm, H. D., & Zilles, K. (1994). Volumetric comparison of hippocampal regions in 44 primate species. J Hirnforsch, 35(3), 343-354. https://www.ncbi.nlm.nih.gov/pubmed/7983368","Frahm et al. (1994)","Frahm","1994"
"PMID%3A9176733_Table1.tsv","PMID:9176733","PubMed","Table1","https://pubmed.ncbi.nlm.nih.gov/9176733/","",2,13,"species; cerebellum_mm3; diencephalon_mm3; telencephalon_mm3; bulbus_olfactorius_mm3; septum_mm3; striatum_mm3; schizo_cortex_mm3; hippocampus_mm3; neocortex_mm3; palaeocortex_mm3; amygdala_mm3; source","Frahm, H. D., Rehkämper, G., & Nevo, E. (1997). Brain structure volumes in the mole rat, Spalax ehrenbergi (Spalacidae, Rodentia) in comparison to the rat and subterrestrial insectivores. J Hirnforsch, 38(2), 209-222. https://www.ncbi.nlm.nih.gov/pubmed/9176733","Frahm et al. (1997)","Frahm","1997"
"PMID%3A9672110_Table1.tsv","PMID:9672110","PubMed","Table1","https://pubmed.ncbi.nlm.nih.gov/9672110/","",27,8,"species; n; middle_temporal_visual_area_mm3; area_striata_grey_matter_mm3; corpus_geniculatum_laterale_mm3; body_weight_g; brain_weight_mg; source","Frahm, H. D., Zilles, K., Schleicher, A., & Stephan, H. (1998). The size of the middle temporal area in primates. J Hirnforsch, 39(1), 45-54. https://www.ncbi.nlm.nih.gov/pubmed/9672110","Frahm et al. (1998)","Frahm","1998"
"UMI%3A3017523_NotesforTableA-15.tsv","UMI:3017523","Dissertation (ProQuest)","NotesforTableA-15","","",7,6,"note_id; variable; taxon_group; data_source; note_text; source","Weaver, A. G. H. (2001). The cerebellum and cognitive evolution in Pliocene and Pleistocene hominids (Publication No. 3017523) [Doctoral dissertation, The University of New Mexico]. ProQuest Dissertations & Theses Global.","Weaver et al. (2001)","Weaver","2001"
"UMI%3A3017523_TableA-11.tsv","UMI:3017523","Dissertation (ProQuest)","TableA-11","","",34,9,"Specimen; Taxon_code; Taxon; PCF_cc; PCF_Vol.mm3; CBLM_cc; CBLM_Vol.mm3; CBLM_PCF; source","Weaver, A. G. H. (2001). The cerebellum and cognitive evolution in Pliocene and Pleistocene hominids (Publication No. 3017523) [Doctoral dissertation, The University of New Mexico]. ProQuest Dissertations & Theses Global.","Weaver et al. (2001)","Weaver","2001"
"UMI%3A3017523_TableA-15.tsv","UMI:3017523","Dissertation (ProQuest)","TableA-15","","",29,16,"Specimen; Specimen_printed; Group_code; Group_label; n; CBLM_cc; CBLM_Vol.mm3; BoMass_kg; Body_Mass.g; BrMass_g; Brain_Mass.mg; NetBrain_g; NetBrain_Mass.mg; CQ; EQ; source","Weaver, A. G. H. (2001). The cerebellum and cognitive evolution in Pliocene and Pleistocene hominids (Publication No. 3017523) [Doctoral dissertation, The University of New Mexico]. ProQuest Dissertations & Theses Global.","Weaver et al. (2001)","Weaver","2001"
"UMI%3A3147447_TableA1.tsv","UMI:3147447","Dissertation (ProQuest)","TableA1","","",121,13,"Species; Reference; n; Anesthesia; Mode; Region; CMRgl_umol_100g_min; CMRgl_SD; CMRO2_umol_100g_min; CMRO2_SD; CBF_ml_100g_min; CBF_SD; source","Kaufman, J. A. (2004). Pattern and scaling of regional cerebral glucose metabolism in mammals (Publication No. 3147447) [Doctoral dissertation, Washington University in St. Louis]. ProQuest Dissertations & Theses Global.","Kaufman et al. (2004)","Kaufman","2004"
"UMI%3A3147447_TableA10.tsv","UMI:3147447","Dissertation (ProQuest)","TableA10","","",51,13,"Species; Reference; n; Anesthesia; Mode; Region; CMRgl_umol_100g_min; CMRgl_SD; CMRO2_umol_100g_min; CMRO2_SD; CBF_ml_100g_min; CBF_SD; source","Kaufman, J. A. (2004). Pattern and scaling of regional cerebral glucose metabolism in mammals (Publication No. 3147447) [Doctoral dissertation, Washington University in St. Louis]. ProQuest Dissertations & Theses Global.","Kaufman et al. (2004)","Kaufman","2004"
"UMI%3A3147447_TableA11.tsv","UMI:3147447","Dissertation (ProQuest)","TableA11","","",111,13,"Species; Reference; n; Anesthesia; Mode; Region; CMRgl_umol_100g_min; CMRgl_SD; CMRO2_umol_100g_min; CMRO2_SD; CBF_ml_100g_min; CBF_SD; source","Kaufman, J. A. (2004). Pattern and scaling of regional cerebral glucose metabolism in mammals (Publication No. 3147447) [Doctoral dissertation, Washington University in St. Louis]. ProQuest Dissertations & Theses Global.","Kaufman et al. (2004)","Kaufman","2004"
"UMI%3A3147447_TableA12.tsv","UMI:3147447","Dissertation (ProQuest)","TableA12","","",76,13,"Species; Reference; n; Anesthesia; Mode; Region; CMRgl_umol_100g_min; CMRgl_SD; CMRO2_umol_100g_min; CMRO2_SD; CBF_ml_100g_min; CBF_SD; source","Kaufman, J. A. (2004). Pattern and scaling of regional cerebral glucose metabolism in mammals (Publication No. 3147447) [Doctoral dissertation, Washington University in St. Louis]. ProQuest Dissertations & Theses Global.","Kaufman et al. (2004)","Kaufman","2004"
"UMI%3A3147447_TableA13.tsv","UMI:3147447","Dissertation (ProQuest)","TableA13","","",62,13,"Species; Reference; n; Anesthesia; Mode; Region; CMRgl_umol_100g_min; CMRgl_SD; CMRO2_umol_100g_min; CMRO2_SD; CBF_ml_100g_min; CBF_SD; source","Kaufman, J. A. (2004). Pattern and scaling of regional cerebral glucose metabolism in mammals (Publication No. 3147447) [Doctoral dissertation, Washington University in St. Louis]. ProQuest Dissertations & Theses Global.","Kaufman et al. (2004)","Kaufman","2004"
"UMI%3A3147447_TableA14.tsv","UMI:3147447","Dissertation (ProQuest)","TableA14","","",196,13,"Species; Reference; n; Anesthesia; Mode; Region; CMRgl_umol_100g_min; CMRgl_SD; CMRO2_umol_100g_min; CMRO2_SD; CBF_ml_100g_min; CBF_SD; source","Kaufman, J. A. (2004). Pattern and scaling of regional cerebral glucose metabolism in mammals (Publication No. 3147447) [Doctoral dissertation, Washington University in St. Louis]. ProQuest Dissertations & Theses Global.","Kaufman et al. (2004)","Kaufman","2004"
"UMI%3A3147447_TableA15.tsv","UMI:3147447","Dissertation (ProQuest)","TableA15","","",284,11,"species; weighting; region; measure; units; N; Mean; SD; CV; CVstar; note","Kaufman, J. A. (2004). Pattern and scaling of regional cerebral glucose metabolism in mammals (Publication No. 3147447) [Doctoral dissertation, Washington University in St. Louis]. ProQuest Dissertations & Theses Global.","Kaufman et al. (2004)","Kaufman","2004"
"UMI%3A3147447_TableA2.tsv","UMI:3147447","Dissertation (ProQuest)","TableA2","","",86,13,"Species; Reference; n; Anesthesia; Mode; Region; CMRgl_umol_100g_min; CMRgl_SD; CMRO2_umol_100g_min; CMRO2_SD; CBF_ml_100g_min; CBF_SD; source","Kaufman, J. A. (2004). Pattern and scaling of regional cerebral glucose metabolism in mammals (Publication No. 3147447) [Doctoral dissertation, Washington University in St. Louis]. ProQuest Dissertations & Theses Global.","Kaufman et al. (2004)","Kaufman","2004"
"UMI%3A3147447_TableA3.tsv","UMI:3147447","Dissertation (ProQuest)","TableA3","","",126,13,"Species; Reference; n; Anesthesia; Mode; Region; CMRgl_umol_100g_min; CMRgl_SD; CMRO2_umol_100g_min; CMRO2_SD; CBF_ml_100g_min; CBF_SD; source","Kaufman, J. A. (2004). Pattern and scaling of regional cerebral glucose metabolism in mammals (Publication No. 3147447) [Doctoral dissertation, Washington University in St. Louis]. ProQuest Dissertations & Theses Global.","Kaufman et al. (2004)","Kaufman","2004"
"UMI%3A3147447_TableA4.tsv","UMI:3147447","Dissertation (ProQuest)","TableA4","","",87,13,"Species; Reference; n; Anesthesia; Mode; Region; CMRgl_umol_100g_min; CMRgl_SD; CMRO2_umol_100g_min; CMRO2_SD; CBF_ml_100g_min; CBF_SD; source","Kaufman, J. A. (2004). Pattern and scaling of regional cerebral glucose metabolism in mammals (Publication No. 3147447) [Doctoral dissertation, Washington University in St. Louis]. ProQuest Dissertations & Theses Global.","Kaufman et al. (2004)","Kaufman","2004"
"UMI%3A3147447_TableA5.tsv","UMI:3147447","Dissertation (ProQuest)","TableA5","","",82,13,"Species; Reference; n; Anesthesia; Mode; Region; CMRgl_umol_100g_min; CMRgl_SD; CMRO2_umol_100g_min; CMRO2_SD; CBF_ml_100g_min; CBF_SD; source","Kaufman, J. A. (2004). Pattern and scaling of regional cerebral glucose metabolism in mammals (Publication No. 3147447) [Doctoral dissertation, Washington University in St. Louis]. ProQuest Dissertations & Theses Global.","Kaufman et al. (2004)","Kaufman","2004"
"UMI%3A3147447_TableA6.tsv","UMI:3147447","Dissertation (ProQuest)","TableA6","","",151,13,"Species; Reference; n; Anesthesia; Mode; Region; CMRgl_umol_100g_min; CMRgl_SD; CMRO2_umol_100g_min; CMRO2_SD; CBF_ml_100g_min; CBF_SD; source","Kaufman, J. A. (2004). Pattern and scaling of regional cerebral glucose metabolism in mammals (Publication No. 3147447) [Doctoral dissertation, Washington University in St. Louis]. ProQuest Dissertations & Theses Global.","Kaufman et al. (2004)","Kaufman","2004"
"UMI%3A3147447_TableA7.tsv","UMI:3147447","Dissertation (ProQuest)","TableA7","","",119,13,"Species; Reference; n; Anesthesia; Mode; Region; CMRgl_umol_100g_min; CMRgl_SD; CMRO2_umol_100g_min; CMRO2_SD; CBF_ml_100g_min; CBF_SD; source","Kaufman, J. A. (2004). Pattern and scaling of regional cerebral glucose metabolism in mammals (Publication No. 3147447) [Doctoral dissertation, Washington University in St. Louis]. ProQuest Dissertations & Theses Global.","Kaufman et al. (2004)","Kaufman","2004"
"UMI%3A3147447_TableA8.tsv","UMI:3147447","Dissertation (ProQuest)","TableA8","","",103,13,"Species; Reference; n; Anesthesia; Mode; Region; CMRgl_umol_100g_min; CMRgl_SD; CMRO2_umol_100g_min; CMRO2_SD; CBF_ml_100g_min; CBF_SD; source","Kaufman, J. A. (2004). Pattern and scaling of regional cerebral glucose metabolism in mammals (Publication No. 3147447) [Doctoral dissertation, Washington University in St. Louis]. ProQuest Dissertations & Theses Global.","Kaufman et al. (2004)","Kaufman","2004"
"UMI%3A3147447_TableA9.tsv","UMI:3147447","Dissertation (ProQuest)","TableA9","","",65,13,"Species; Reference; n; Anesthesia; Mode; Region; CMRgl_umol_100g_min; CMRgl_SD; CMRO2_umol_100g_min; CMRO2_SD; CBF_ml_100g_min; CBF_SD; source","Kaufman, J. A. (2004). Pattern and scaling of regional cerebral glucose metabolism in mammals (Publication No. 3147447) [Doctoral dissertation, Washington University in St. Louis]. ProQuest Dissertations & Theses Global.","Kaufman et al. (2004)","Kaufman","2004"
