record_id,Species,Species_printed,Compilation,Table,source_row,source_snapshot_row,Region,Region_raw,Subregion_raw,Measure,measure_class,Value_raw,Units_raw,Value,SD,n,Units,conscious,condition_group,include_in_primary_merge,source_granularity,arm_identity_status,arm_ambiguity_group_id,derivation_role,exclusion_reason,primary_reference_ids,primary_references,primary_reference_raw,source_reference_ids,source_references,source_reference_levels,source_reference_types,reference_resolution_status,ref_raw,ref_keys_str
1,Canis lupus familiaris,Canis,Kaufman__2004,TableA14,82,82,Whole_brain,Whole Brain (direct measurement),,CBF,cerebral_perfusion,40,mL/100g/min,40.0,,7.0,mL/100g/min,anesthetized,resting_anesthetized,FALSE,single_primary_reference,single,,reported_via_secondary_compilation,anesthetized,michenfelder1974,"(Michenfelder, 1974)","(Michenfelder, 1974)",michenfelder1974,"(Michenfelder, 1974)",primary,journal_article,resolved,"(Michenfelder, 1974)",michenfelder1974
2,Canis lupus familiaris,Canis,Kaufman__2004,TableA14,83,83,Whole_brain,Whole Brain (direct measurement),,CBF,cerebral_perfusion,50.9,mL/100g/min,50.9,,6.0,mL/100g/min,anesthetized,resting_anesthetized,FALSE,single_primary_reference,single,,reported_via_secondary_compilation,anesthetized,roald1986,"(Roald etal., 1986a)","(Roald etal., 1986a)",roald1986,"(Roald etal., 1986a)",primary,journal_article,resolved,"(Roald etal., 1986a)",roald1986
3,Canis lupus familiaris,Canis,Kaufman__2004,TableA14,84,84,Whole_brain,Whole Brain (direct measurement),,CBF,cerebral_perfusion,45.6,mL/100g/min,45.6,,13.0,mL/100g/min,anesthetized,resting_anesthetized,FALSE,single_primary_reference,single,,reported_via_secondary_compilation,anesthetized,zimmer1975,"(Zimmer, 1975)","(Zimmer, 1975)",zimmer1975,"(Zimmer, 1975)",primary,journal_article,resolved,"(Zimmer, 1975)",zimmer1975
4,Canis lupus familiaris,Canis,Kaufman__2004,TableA14,85,85,Whole_brain,Whole Brain (direct measurement),,CBF,cerebral_perfusion,60.3,mL/100g/min,60.3,,10.0,mL/100g/min,anesthetized,resting_anesthetized,FALSE,single_primary_reference,single,,reported_via_secondary_compilation,anesthetized,hamer1978,"(Hamer etal., 1978)","(Hamer etal., 1978)",hamer1978,"(Hamer etal., 1978)",primary,journal_article,resolved,"(Hamer etal., 1978)",hamer1978
5,Canis lupus familiaris,Canis,Kaufman__2004,TableA14,88,88,Whole_brain,Whole Brain (direct measurement),,CBF,cerebral_perfusion,19.6,mL/100g/min,19.6,,12.0,mL/100g/min,anesthetized,resting_anesthetized,FALSE,single_primary_reference,single,,reported_via_secondary_compilation,anesthetized,astrup1981,"(Astrup et al., 1981)","(Astrup et al., 1981)",astrup1981,"(Astrup et al., 1981)",primary,journal_article,resolved,"(Astrup et al., 1981)",astrup1981
6,Canis lupus familiaris,Canis,Kaufman__2004,TableA14,89,89,Whole_brain,Whole Brain (direct measurement),,CBF,cerebral_perfusion,66,mL/100g/min,66.0,,5.0,mL/100g/min,anesthetized,resting_anesthetized,FALSE,single_primary_reference,single,,reported_via_secondary_compilation,anesthetized,mcpherson1997,"(McPherson et al., 1997)","(McPherson et al., 1997)",mcpherson1997,"(McPherson et al., 1997)",primary,journal_article,resolved,"(McPherson et al., 1997)",mcpherson1997
7,Canis lupus familiaris,Canis,Kaufman__2004,TableA14,90,90,Whole_brain,Whole Brain (direct measurement),,CBF,cerebral_perfusion,74,mL/100g/min,74.0,,6.0,mL/100g/min,anesthetized,resting_anesthetized,FALSE,single_primary_reference,single,,reported_via_secondary_compilation,anesthetized,mcpherson1997,"(McPherson et al., 1997)","(McPherson et al., 1997)",mcpherson1997,"(McPherson et al., 1997)",primary,journal_article,resolved,"(McPherson et al., 1997)",mcpherson1997
8,Canis lupus familiaris,Canis,Kaufman__2004,TableA14,91,91,Whole_brain,Whole Brain (direct measurement),,CBF,cerebral_perfusion,45,mL/100g/min,45.0,,6.0,mL/100g/min,anesthetized,resting_anesthetized,FALSE,single_primary_reference,single,,reported_via_secondary_compilation,anesthetized,roald1986,"(Roald et al., 1986b)","(Roald et al., 1986b)",roald1986,"(Roald et al., 1986b)",primary,journal_article,resolved,"(Roald et al., 1986b)",roald1986
9,Canis lupus familiaris,Canis,Kaufman__2004,TableA14,92,92,Whole_brain,Whole Brain (direct measurement),,CBF,cerebral_perfusion,62.7,mL/100g/min,62.7,,16.0,mL/100g/min,anesthetized,resting_anesthetized,FALSE,single_primary_reference,single,,reported_via_secondary_compilation,anesthetized,sakabe1974,"(Sakabe et al., 1974)","(Sakabe et al., 1974)",sakabe1974,"(Sakabe et al., 1974)",primary,journal_article,resolved,"(Sakabe et al., 1974)",sakabe1974
10,Canis lupus familiaris,Canis,Kaufman__2004,TableA14,93,93,Whole_brain,Whole Brain (direct measurement),,CBF,cerebral_perfusion,63,mL/100g/min,63.0,,7.0,mL/100g/min,anesthetized,resting_anesthetized,FALSE,single_primary_reference,single,,reported_via_secondary_compilation,anesthetized,nakanishi1997,"(Nakanishi et al., 1997)","(Nakanishi et al., 1997)",nakanishi1997,"(Nakanishi et al., 1997)",primary,journal_article,resolved,"(Nakanishi et al., 1997)",nakanishi1997
11,Canis lupus familiaris,Canis,Kaufman__2004,TableA14,94,94,Whole_brain,Whole Brain (direct measurement),,CBF,cerebral_perfusion,173,mL/100g/min,173.0,,7.0,mL/100g/min,anesthetized,resting_anesthetized,FALSE,single_primary_reference,single,,reported_via_secondary_compilation,anesthetized,nakanishi1997,"(Nakanishi et al., 1997)","(Nakanishi et al., 1997)",nakanishi1997,"(Nakanishi et al., 1997)",primary,journal_article,resolved,"(Nakanishi et al., 1997)",nakanishi1997
12,Canis lupus familiaris,Canis,Kaufman__2004,TableA14,95,95,Whole_brain,Whole Brain (direct measurement),,CBF,cerebral_perfusion,66,mL/100g/min,66.0,,6.0,mL/100g/min,anesthetized,resting_anesthetized,FALSE,single_primary_reference,single,,reported_via_secondary_compilation,anesthetized,lanier1994,"(Lanier et al., 1994)","(Lanier et al., 1994)",lanier1994,"(Lanier et al., 1994)",primary,journal_article,resolved,"(Lanier et al., 1994)",lanier1994
13,Canis lupus familiaris,Canis,Kaufman__2004,TableA14,96,96,Whole_brain,Whole Brain (direct measurement),,CBF,cerebral_perfusion,70,mL/100g/min,70.0,,6.0,mL/100g/min,anesthetized,resting_anesthetized,FALSE,single_primary_reference,single,,reported_via_secondary_compilation,anesthetized,lanier1990,"(Lanier et al., 1990)","(Lanier et al., 1990)",lanier1990,"(Lanier et al., 1990)",primary,journal_article,resolved,"(Lanier et al., 1990)",lanier1990
14,Canis lupus familiaris,Canis,Kaufman__2004,TableA14,97,97,Whole_brain,Whole Brain (direct measurement),,CBF,cerebral_perfusion,103,mL/100g/min,103.0,,6.0,mL/100g/min,anesthetized,resting_anesthetized,FALSE,single_primary_reference,single,,reported_via_secondary_compilation,anesthetized,roald1991,"(Roald et al., 1991)","(Roald et al., 1991)",roald1991,"(Roald et al., 1991)",primary,journal_article,resolved,"(Roald et al., 1991)",roald1991
15,Canis lupus familiaris,Canis,Kaufman__2004,TableA14,98,98,Whole_brain,Whole Brain (direct measurement),,CBF,cerebral_perfusion,83,mL/100g/min,83.0,,18.0,mL/100g/min,anesthetized,resting_anesthetized,FALSE,single_primary_reference,single,,reported_via_secondary_compilation,anesthetized,milde1990,"(Milde et al., 1990)","(Milde et al., 1990)",milde1990,"(Milde et al., 1990)",primary,journal_article,resolved,"(Milde et al., 1990)",milde1990
16,Canis lupus familiaris,Canis,Kaufman__2004,TableA14,99,99,Whole_brain,Whole Brain (direct measurement),,CBF,cerebral_perfusion,51.5,mL/100g/min,51.5,,6.0,mL/100g/min,anesthetized,resting_anesthetized,FALSE,single_primary_reference,single,,reported_via_secondary_compilation,anesthetized,roald1988,"(Roald etal., 1988)","(Roald etal., 1988)",roald1988,"(Roald etal., 1988)",primary,journal_article,resolved,"(Roald etal., 1988)",roald1988
17,Canis lupus familiaris,Canis,Kaufman__2004,TableA14,100,100,Whole_brain,Whole Brain (direct measurement),,CBF,cerebral_perfusion,58.8,mL/100g/min,58.8,,5.0,mL/100g/min,anesthetized,resting_anesthetized,FALSE,single_primary_reference,single,,reported_via_secondary_compilation,anesthetized,roald1989,"(Roald et al., 1989)","(Roald et al., 1989)",roald1989,"(Roald et al., 1989)",primary,journal_article,resolved,"(Roald et al., 1989)",roald1989
18,Canis lupus familiaris,Canis,Kaufman__2004,TableA14,101,101,Whole_brain,Whole Brain (direct measurement),,CBF,cerebral_perfusion,66,mL/100g/min,66.0,,9.0,mL/100g/min,anesthetized,resting_anesthetized,FALSE,single_primary_reference,single,,reported_via_secondary_compilation,anesthetized,fleischer1988,"(Fleischer et al., 1988)","(Fleischer et al., 1988)",fleischer1988,"(Fleischer et al., 1988)",primary,journal_article,resolved,"(Fleischer et al., 1988)",fleischer1988
19,Canis lupus familiaris,Canis,Kaufman__2004,TableA14,103,103,Whole_brain,Whole Brain (direct measurement),,CBF,cerebral_perfusion,69.5,mL/100g/min,69.5,,12.0,mL/100g/min,anesthetized,resting_anesthetized,FALSE,single_primary_reference,single,,reported_via_secondary_compilation,anesthetized,anon1988,1988),1988),anon1988,1988),primary,journal_article,resolved,1988),anon1988
20,Canis lupus familiaris,Canis,Kaufman__2004,TableA14,104,104,Whole_brain,Whole Brain (direct measurement),,CBF,cerebral_perfusion,145,mL/100g/min,145.0,,6.0,mL/100g/min,anesthetized,resting_anesthetized,FALSE,single_primary_reference,single,,reported_via_secondary_compilation,anesthetized,milde1985,"(Milde et al., 1985)","(Milde et al., 1985)",milde1985,"(Milde et al., 1985)",primary,journal_article,resolved,"(Milde et al., 1985)",milde1985
21,Canis lupus familiaris,Canis,Kaufman__2004,TableA14,105,105,Whole_brain,Whole Brain (direct measurement),,CBF,cerebral_perfusion,62.6,mL/100g/min,62.6,,12.0,mL/100g/min,anesthetized,resting_anesthetized,FALSE,single_primary_reference,single,,reported_via_secondary_compilation,anesthetized,lanier1985,"(Lanier et al., 1985)","(Lanier et al., 1985)",lanier1985,"(Lanier et al., 1985)",primary,journal_article,resolved,"(Lanier et al., 1985)",lanier1985
22,Canis lupus familiaris,Canis,Kaufman__2004,TableA14,106,106,Whole_brain,Whole Brain (direct measurement),,CBF,cerebral_perfusion,67,mL/100g/min,67.0,,12.0,mL/100g/min,anesthetized,resting_anesthetized,FALSE,single_primary_reference,single,,reported_via_secondary_compilation,anesthetized,lanier1986,"(Lanier et al., 1986)","(Lanier et al., 1986)",lanier1986,"(Lanier et al., 1986)",primary,journal_article,resolved,"(Lanier et al., 1986)",lanier1986
23,Canis lupus familiaris,Canis,Kaufman__2004,TableA14,107,107,Whole_brain,Whole Brain (direct measurement),,CBF,cerebral_perfusion,112,mL/100g/min,112.0,,12.0,mL/100g/min,anesthetized,resting_anesthetized,FALSE,single_primary_reference,single,,reported_via_secondary_compilation,anesthetized,nugent1982,"(Nugent et al., 1982)","(Nugent et al., 1982)",nugent1982,"(Nugent et al., 1982)",primary,journal_article,resolved,"(Nugent et al., 1982)",nugent1982
24,Canis lupus familiaris,Canis,Kaufman__2004,TableA14,108,108,Whole_brain,Whole Brain (direct measurement),,CBF,cerebral_perfusion,56,mL/100g/min,56.0,,6.0,mL/100g/min,anesthetized,resting_anesthetized,FALSE,single_primary_reference,single,,reported_via_secondary_compilation,anesthetized,steen1983,"(Steen et al., 1983)","(Steen et al., 1983)",steen1983,"(Steen et al., 1983)",primary,journal_article,resolved,"(Steen et al., 1983)",steen1983
25,Canis lupus familiaris,Canis,Kaufman__2004,TableA14,109,109,Whole_brain,Whole Brain (direct measurement),,CBF,cerebral_perfusion,59,mL/100g/min,59.0,,10.0,mL/100g/min,anesthetized,resting_anesthetized,FALSE,single_primary_reference,single,,reported_via_secondary_compilation,anesthetized,miyauchi1985,"(Miyauchi et al., 1985)","(Miyauchi et al., 1985)",miyauchi1985,"(Miyauchi et al., 1985)",primary,journal_article,resolved,"(Miyauchi et al., 1985)",miyauchi1985
26,Canis lupus familiaris,Canis,Kaufman__2004,TableA14,110,110,Whole_brain,Whole Brain (direct measurement),,CBF,cerebral_perfusion,78,mL/100g/min,78.0,,14.0,mL/100g/min,anesthetized,resting_anesthetized,FALSE,single_primary_reference,single,,reported_via_secondary_compilation,anesthetized,artru1980,"(Artru and Michenfelder, 1980)","(Artru and Michenfelder, 1980)",artru1980,"(Artru and Michenfelder, 1980)",primary,journal_article,resolved,"(Artru and Michenfelder, 1980)",artru1980
27,Canis lupus familiaris,Canis,Kaufman__2004,TableA14,111,111,Whole_brain,Whole Brain (direct measurement),,CBF,cerebral_perfusion,57,mL/100g/min,57.0,,10.0,mL/100g/min,anesthetized,resting_anesthetized,FALSE,single_primary_reference,single,,reported_via_secondary_compilation,anesthetized,boarini1984,"(Boarini et al., 1984)","(Boarini et al., 1984)",boarini1984,"(Boarini et al., 1984)",primary,journal_article,resolved,"(Boarini et al., 1984)",boarini1984
28,Canis lupus familiaris,Canis,Kaufman__2004,TableA14,112,112,Whole_brain,Whole Brain (direct measurement),,CBF,cerebral_perfusion,68,mL/100g/min,68.0,,6.0,mL/100g/min,anesthetized,resting_anesthetized,FALSE,single_primary_reference,single,,reported_via_secondary_compilation,anesthetized,kassell1983,"(Kassell et al., 1983)","(Kassell et al., 1983)",kassell1983,"(Kassell et al., 1983)",primary,journal_article,resolved,"(Kassell et al., 1983)",kassell1983
29,Canis lupus familiaris,Canis,Kaufman__2004,TableA14,113,113,Whole_brain,Whole Brain (direct measurement),,CBF,cerebral_perfusion,22.9,mL/100g/min,22.9,,10.0,mL/100g/min,anesthetized,resting_anesthetized,FALSE,single_primary_reference,single,,reported_via_secondary_compilation,anesthetized,qureshi1999,"(Qureshi et al., 1999)","(Qureshi et al., 1999)",qureshi1999,"(Qureshi et al., 1999)",primary,journal_article,resolved,"(Qureshi et al., 1999)",qureshi1999
30,Canis lupus familiaris,Canis,Kaufman__2004,TableA14,114,114,Whole_brain,Whole Brain (direct measurement),,CBF,cerebral_perfusion,39.9,mL/100g/min,39.9,,6.0,mL/100g/min,anesthetized,resting_anesthetized,FALSE,single_primary_reference,single,,reported_via_secondary_compilation,anesthetized,rhodes1981,"(Rhodes et al., 1981)","(Rhodes et al., 1981)",rhodes1981,"(Rhodes et al., 1981)",primary,journal_article,resolved,"(Rhodes et al., 1981)",rhodes1981
31,Canis lupus familiaris,Canis,Kaufman__2004,TableA14,115,115,Whole_brain,Whole Brain (direct measurement),,CBF,cerebral_perfusion,62,mL/100g/min,62.0,,6.0,mL/100g/min,anesthetized,resting_anesthetized,FALSE,single_primary_reference,single,,reported_via_secondary_compilation,anesthetized,forsman1986,"(Forsman et al., 1986)","(Forsman et al., 1986)",forsman1986,"(Forsman et al., 1986)",primary,journal_article,resolved,"(Forsman et al., 1986)",forsman1986
32,Canis lupus familiaris,Canis,Kaufman__2004,TableA14,116,116,Whole_brain,Whole Brain (direct measurement),,CBF,cerebral_perfusion,124,mL/100g/min,124.0,,6.0,mL/100g/min,anesthetized,resting_anesthetized,FALSE,single_primary_reference,single,,reported_via_secondary_compilation,anesthetized,artru1981,"(Artru and Michenfelder, 1981)","(Artru and Michenfelder, 1981)",artru1981,"(Artru and Michenfelder, 1981)",primary,journal_article,resolved,"(Artru and Michenfelder, 1981)",artru1981
33,Canis lupus familiaris,Canis,Kaufman__2004,TableA14,117,117,Whole_brain,Whole Brain (direct measurement),,CBF,cerebral_perfusion,49.5,mL/100g/min,49.5,,9.0,mL/100g/min,anesthetized,resting_anesthetized,FALSE,single_primary_reference,single,,reported_via_secondary_compilation,anesthetized,chen1984,"(Chen et al., 1984)","(Chen et al., 1984)",chen1984,"(Chen et al., 1984)",primary,journal_article,resolved,"(Chen et al., 1984)",chen1984
34,Canis lupus familiaris,Canis,Kaufman__2004,TableA14,119,119,Whole_brain,Whole Brain (direct measurement),,CBF,cerebral_perfusion,30.8,mL/100g/min,30.8,,12.0,mL/100g/min,conscious,resting_conscious,TRUE,single_primary_reference,single,,reported_via_secondary_compilation,,roth1970,"(Roth et al., 1970)","(Roth et al., 1970)",roth1970,"(Roth et al., 1970)",primary,journal_article,resolved,"(Roth et al., 1970)",roth1970
35,Equus caballus,Equus,Kaufman__2004,TableA14,187,187,Whole_brain,Whole Brain (direct measurement),,CBF,cerebral_perfusion,68.8,mL/100g/min,68.8,,6.0,mL/100g/min,conscious,resting_conscious,TRUE,single_primary_reference,single,,reported_via_secondary_compilation,,wagerle1983,"(Wagerle et al., 1983)","(Wagerle et al., 1983)",wagerle1983,"(Wagerle et al., 1983)",primary,journal_article,resolved,"(Wagerle et al., 1983)",wagerle1983
36,Equus caballus,Equus,Kaufman__2004,TableA14,188,188,Whole_brain,Whole Brain (direct measurement),,CBF,cerebral_perfusion,62,mL/100g/min,62.0,,12.0,mL/100g/min,conscious,resting_conscious,TRUE,single_primary_reference,single,,reported_via_secondary_compilation,,busija1980,"(Busija et al., 1980)","(Busija et al., 1980)",busija1980,"(Busija et al., 1980)",primary,journal_article,resolved,"(Busija et al., 1980)",busija1980
37,Felis catus,Felis,Kaufman__2004,TableA14,132,132,Whole_brain,Whole Brain (direct measurement),,CBF,cerebral_perfusion,38,mL/100g/min,38.0,,7.0,mL/100g/min,anesthetized,resting_anesthetized,FALSE,single_primary_reference,single,,reported_via_secondary_compilation,anesthetized,haller1990,"(Haller et al., 1990)","(Haller et al., 1990)",haller1990,"(Haller et al., 1990)",primary,journal_article,resolved,"(Haller et al., 1990)",haller1990
38,Felis catus,Felis,Kaufman__2004,TableA14,133,133,Whole_brain,Whole Brain (direct measurement),,CBF,cerebral_perfusion,29.6,mL/100g/min,29.6,,7.0,mL/100g/min,anesthetized,resting_anesthetized,FALSE,single_primary_reference,single,,reported_via_secondary_compilation,anesthetized,unterberg1988,"(Unterberg et al., 1988)","(Unterberg et al., 1988)",unterberg1988,"(Unterberg et al., 1988)",primary,journal_article,resolved,"(Unterberg et al., 1988)",unterberg1988
39,Felis catus,Felis,Kaufman__2004,TableA14,134,134,Whole_brain,Whole Brain (direct measurement),,CBF,cerebral_perfusion,29.9,mL/100g/min,29.9,,24.0,mL/100g/min,anesthetized,resting_anesthetized,FALSE,single_primary_reference,single,,reported_via_secondary_compilation,anesthetized,andersen1988,"(Andersen et al., 1988)","(Andersen et al., 1988)",andersen1988,"(Andersen et al., 1988)",primary,journal_article,resolved,"(Andersen et al., 1988)",andersen1988
40,Felis catus,Felis,Kaufman__2004,TableA14,135,135,Whole_brain,Whole Brain (direct measurement),,CBF,cerebral_perfusion,38,mL/100g/min,38.0,,5.0,mL/100g/min,anesthetized,resting_anesthetized,FALSE,single_primary_reference,single,,reported_via_secondary_compilation,anesthetized,fiat1993,"(Fiat and Kang, 1993)","(Fiat and Kang, 1993)",fiat1993,"(Fiat and Kang, 1993)",primary,journal_article,resolved,"(Fiat and Kang, 1993)",fiat1993
41,Felis catus,Felis,Kaufman__2004,TableA14,136,136,Whole_brain,Whole Brain (direct measurement),,CBF,cerebral_perfusion,60,mL/100g/min,60.0,,20.0,mL/100g/min,anesthetized,resting_anesthetized,FALSE,single_primary_reference,single,,reported_via_secondary_compilation,anesthetized,kobayashi1992,"(Kobayashi et al., 1992)","(Kobayashi et al., 1992)",kobayashi1992,"(Kobayashi et al., 1992)",primary,journal_article,resolved,"(Kobayashi et al., 1992)",kobayashi1992
42,Felis catus,Felis,Kaufman__2004,TableA14,137,137,Whole_brain,Whole Brain (direct measurement),,CBF,cerebral_perfusion,76,mL/100g/min,76.0,,9.0,mL/100g/min,anesthetized,resting_anesthetized,FALSE,single_primary_reference,single,,reported_via_secondary_compilation,anesthetized,stingele1996,"(Stingele et al., 1996)","(Stingele et al., 1996)",stingele1996,"(Stingele et al., 1996)",primary,journal_article,resolved,"(Stingele et al., 1996)",stingele1996
43,Felis catus,Felis,Kaufman__2004,TableA14,138,138,Whole_brain,Whole Brain (direct measurement),,CBF,cerebral_perfusion,52.6,mL/100g/min,52.6,,6.0,mL/100g/min,anesthetized,resting_anesthetized,FALSE,single_primary_reference,single,,reported_via_secondary_compilation,anesthetized,frewen1989,"(Frewen et al., 1989)","(Frewen et al., 1989)",frewen1989,"(Frewen et al., 1989)",primary,journal_article,resolved,"(Frewen et al., 1989)",frewen1989
44,Felis catus,Felis,Kaufman__2004,TableA14,139,139,Whole_brain,Whole Brain (direct measurement),,CBF,cerebral_perfusion,51,mL/100g/min,51.0,,18.0,mL/100g/min,anesthetized,resting_anesthetized,FALSE,single_primary_reference,single,,reported_via_secondary_compilation,anesthetized,todd1984,"(Todd and Drummond, 1984)","(Todd and Drummond, 1984)",todd1984,"(Todd and Drummond, 1984)",primary,journal_article,resolved,"(Todd and Drummond, 1984)",todd1984
45,Homo sapiens,Homo,Kaufman__2004,TableA1,30,30,Basal_ganglia,Basal Ganglia,,CBF,cerebral_perfusion,50.4,mL/100g/min,50.4,,3.0,mL/100g/min,conscious,resting_conscious,TRUE,single_primary_reference,single,,reported_via_secondary_compilation,,de1997,"(De Voider et al., 1997)","(De Voider et al., 1997)",de1997,"(De Voider et al., 1997)",primary,journal_article,resolved,"(De Voider et al., 1997)",de1997
46,Homo sapiens,Homo,Kaufman__2004,TableA1,31,31,Basal_ganglia,Basal Ganglia,,CBF,cerebral_perfusion,50.1,mL/100g/min,50.1,,7.0,mL/100g/min,conscious,resting_conscious,TRUE,single_primary_reference,single,,reported_via_secondary_compilation,,hatazawa1988,"(Hatazawa et al., 1988)","(Hatazawa et al., 1988)",hatazawa1988,"(Hatazawa et al., 1988)",primary,journal_article,resolved,"(Hatazawa et al., 1988)",hatazawa1988
47,Homo sapiens,Homo,Kaufman__2004,TableA1,32,32,Basal_ganglia,Basal Ganglia,,CBF,cerebral_perfusion,40.1,mL/100g/min,40.1,,8.0,mL/100g/min,conscious,resting_conscious,TRUE,single_primary_reference,single,,reported_via_secondary_compilation,,herold1988,"(Herold et al., 1988)","(Herold et al., 1988)",herold1988,"(Herold et al., 1988)",primary,journal_article,resolved,"(Herold et al., 1988)",herold1988
48,Homo sapiens,Homo,Kaufman__2004,TableA1,33,33,Basal_ganglia,Basal Ganglia,,CBF,cerebral_perfusion,42.4,mL/100g/min,42.4,,34.0,mL/100g/min,conscious,resting_conscious,TRUE,single_primary_reference,single,,reported_via_secondary_compilation,,leenders1990,"(Leenders etal., 1990)","(Leenders etal., 1990)",leenders1990,"(Leenders etal., 1990)",primary,journal_article,resolved,"(Leenders etal., 1990)",leenders1990
49,Homo sapiens,Homo,Kaufman__2004,TableA4,22,22,Cerebellum,Cerebellum,,CBF,cerebral_perfusion,52.7,mL/100g/min,52.7,,3.0,mL/100g/min,conscious,resting_conscious,TRUE,single_primary_reference,single,,reported_via_secondary_compilation,,de1997,"(De Voider et al., 1997)","(De Voider et al., 1997)",de1997,"(De Voider et al., 1997)",primary,journal_article,resolved,"(De Voider et al., 1997)",de1997
50,Homo sapiens,Homo,Kaufman__2004,TableA4,23,23,Cerebellum,Cerebellum,,CBF,cerebral_perfusion,51.1,mL/100g/min,51.1,,14.0,mL/100g/min,conscious,resting_conscious,TRUE,single_primary_reference,single,,reported_via_secondary_compilation,,yamaguchi1992,"(Yamaguchi et a l, 1992a)","(Yamaguchi et a l, 1992a)",yamaguchi1992,"(Yamaguchi et a l, 1992a)",primary,journal_article,resolved,"(Yamaguchi et a l, 1992a)",yamaguchi1992
51,Homo sapiens,Homo,Kaufman__2004,TableA4,24,24,Cerebellum,Cerebellum,,CBF,cerebral_perfusion,49.4,mL/100g/min,49.4,,34.0,mL/100g/min,conscious,resting_conscious,TRUE,single_primary_reference,single,,reported_via_secondary_compilation,,leenders1990,"(Leenders et al., 1990)","(Leenders et al., 1990)",leenders1990,"(Leenders et al., 1990)",primary,journal_article,resolved,"(Leenders et al., 1990)",leenders1990
52,Homo sapiens,Homo,Kaufman__2004,TableA4,25,25,Cerebellum,Cerebellum,,CBF,cerebral_perfusion,87.1,mL/100g/min,87.1,,14.0,mL/100g/min,conscious,resting_conscious,TRUE,single_primary_reference,single,,reported_via_secondary_compilation,,ishii1996,"(Ishii et al., 1996b)","(Ishii et al., 1996b)",ishii1996,"(Ishii et al., 1996b)",primary,journal_article,resolved,"(Ishii et al., 1996b)",ishii1996
53,Homo sapiens,Homo,Kaufman__2004,TableA4,26,26,Cerebellum,Cerebellum,,CBF,cerebral_perfusion,48.4,mL/100g/min,48.4,,8.0,mL/100g/min,conscious,resting_conscious,TRUE,single_primary_reference,single,,reported_via_secondary_compilation,,kaisti2003,"(Kaisti et al., 2003)","(Kaisti et al., 2003)",kaisti2003,"(Kaisti et al., 2003)",primary,journal_article,resolved,"(Kaisti et al., 2003)",kaisti2003
54,Homo sapiens,Homo,Kaufman__2004,TableA4,27,27,Cerebellum,Cerebellum,,CBF,cerebral_perfusion,35.4,mL/100g/min,35.4,,8.0,mL/100g/min,anesthetized,resting_anesthetized,FALSE,single_primary_reference,single,,reported_via_secondary_compilation,anesthetized,kaisti2003,"(Kaisti et al., 2003)","(Kaisti et al., 2003)",kaisti2003,"(Kaisti et al., 2003)",primary,journal_article,resolved,"(Kaisti et al., 2003)",kaisti2003
55,Homo sapiens,Homo,Kaufman__2004,TableA2,9,9,Hippocampus,Hippocampus,,CBF,cerebral_perfusion,42.2,mL/100g/min,42.2,,14.0,mL/100g/min,conscious,resting_conscious,TRUE,single_primary_reference,single,,reported_via_secondary_compilation,,yamaguchi1986,"(Yamaguchi et al., 1986)","(Yamaguchi et al., 1986)",yamaguchi1986,"(Yamaguchi et al., 1986)",primary,journal_article,resolved,"(Yamaguchi et al., 1986)",yamaguchi1986
56,Homo sapiens,Homo,Kaufman__2004,TableA2,10,10,Hippocampus,Hippocampus,,CBF,cerebral_perfusion,52.6,mL/100g/min,52.6,,26.0,mL/100g/min,conscious,resting_conscious,TRUE,single_primary_reference,single,,reported_via_secondary_compilation,,seitz1992,"(Seitz and Roland, 1992)","(Seitz and Roland, 1992)",seitz1992,"(Seitz and Roland, 1992)",primary,journal_article,resolved,"(Seitz and Roland, 1992)",seitz1992
57,Homo sapiens,Homo,Kaufman__2004,TableA6,44,44,Neocortex,Neocortex,,CBF,cerebral_perfusion,48.9,mL/100g/min,48.9,,3.0,mL/100g/min,conscious,resting_conscious,TRUE,single_primary_reference,single,,reported_via_secondary_compilation,,de1997,"(De Voider et al., 1997)","(De Voider et al., 1997)",de1997,"(De Voider et al., 1997)",primary,journal_article,resolved,"(De Voider et al., 1997)",de1997
58,Homo sapiens,Homo,Kaufman__2004,TableA6,45,45,Neocortex,Neocortex,,CBF,cerebral_perfusion,43.9,mL/100g/min,43.9,,7.0,mL/100g/min,conscious,resting_conscious,TRUE,single_primary_reference,single,,reported_via_secondary_compilation,,frackowiak1988,"(Frackowiak et al., 1988)","(Frackowiak et al., 1988)",frackowiak1988,"(Frackowiak et al., 1988)",primary,journal_article,resolved,"(Frackowiak et al., 1988)",frackowiak1988
59,Homo sapiens,Homo,Kaufman__2004,TableA6,46,46,Neocortex,Neocortex,,CBF,cerebral_perfusion,44.2,mL/100g/min,44.2,,7.0,mL/100g/min,conscious,resting_conscious,TRUE,single_primary_reference,single,,reported_via_secondary_compilation,,hatazawa1988,"(Hatazawa et al., 1988)","(Hatazawa et al., 1988)",hatazawa1988,"(Hatazawa et al., 1988)",primary,journal_article,resolved,"(Hatazawa et al., 1988)",hatazawa1988
60,Homo sapiens,Homo,Kaufman__2004,TableA6,47,47,Neocortex,Neocortex,,CBF,cerebral_perfusion,43,mL/100g/min,43.0,,20.0,mL/100g/min,conscious,resting_conscious,TRUE,single_primary_reference,single,,reported_via_secondary_compilation,,yamaki1996,"(Yamaki et al., 1996)","(Yamaki et al., 1996)",yamaki1996,"(Yamaki et al., 1996)",primary,journal_article,resolved,"(Yamaki et al., 1996)",yamaki1996
61,Homo sapiens,Homo,Kaufman__2004,TableA6,48,48,Neocortex,Neocortex,,CBF,cerebral_perfusion,44.9,mL/100g/min,44.9,,7.0,mL/100g/min,conscious,resting_conscious,TRUE,single_primary_reference,single,,reported_via_secondary_compilation,,shishido1996,"(Shishido et al., 1996)","(Shishido et al., 1996)",shishido1996,"(Shishido et al., 1996)",primary,journal_article,resolved,"(Shishido et al., 1996)",shishido1996
62,Homo sapiens,Homo,Kaufman__2004,TableA6,49,49,Neocortex,Neocortex,,CBF,cerebral_perfusion,42.2,mL/100g/min,42.2,,7.0,mL/100g/min,conscious,resting_conscious,TRUE,single_primary_reference,single,,reported_via_secondary_compilation,,sasaki1986,"(Sasaki et al., 1986)","(Sasaki et al., 1986)",sasaki1986,"(Sasaki et al., 1986)",primary,journal_article,resolved,"(Sasaki et al., 1986)",sasaki1986
63,Homo sapiens,Homo,Kaufman__2004,TableA6,50,50,Neocortex,Neocortex,,CBF,cerebral_perfusion,42.6,mL/100g/min,42.6,,14.0,mL/100g/min,conscious,resting_conscious,TRUE,single_primary_reference,single,,reported_via_secondary_compilation,,yamaguchi1986,"(Yamaguchi etal., 1986)","(Yamaguchi etal., 1986)",yamaguchi1986,"(Yamaguchi etal., 1986)",primary,journal_article,resolved,"(Yamaguchi etal., 1986)",yamaguchi1986
64,Homo sapiens,Homo,Kaufman__2004,TableA6,51,51,Neocortex,Neocortex,,CBF,cerebral_perfusion,47.5,mL/100g/min,47.5,,10.0,mL/100g/min,conscious,resting_conscious,TRUE,single_primary_reference,single,,reported_via_secondary_compilation,,yamaguchi1992,"(Yamaguchi et al., 1992a)","(Yamaguchi et al., 1992a)",yamaguchi1992,"(Yamaguchi et al., 1992a)",primary,journal_article,resolved,"(Yamaguchi et al., 1992a)",yamaguchi1992
65,Homo sapiens,Homo,Kaufman__2004,TableA6,52,52,Neocortex,Neocortex,,CBF,cerebral_perfusion,42.8,mL/100g/min,42.8,,34.0,mL/100g/min,conscious,resting_conscious,TRUE,single_primary_reference,single,,reported_via_secondary_compilation,,leenders1990,"(Leenders et al., 1990)","(Leenders et al., 1990)",leenders1990,"(Leenders et al., 1990)",primary,journal_article,resolved,"(Leenders et al., 1990)",leenders1990
66,Homo sapiens,Homo,Kaufman__2004,TableA6,53,53,Neocortex,Neocortex,,CBF,cerebral_perfusion,46.1,mL/100g/min,46.1,,16.0,mL/100g/min,conscious,resting_conscious,TRUE,single_primary_reference,single,,reported_via_secondary_compilation,,hayashi2000,"(Hayashi et al., 2000)","(Hayashi et al., 2000)",hayashi2000,"(Hayashi et al., 2000)",primary,journal_article,resolved,"(Hayashi et al., 2000)",hayashi2000
67,Homo sapiens,Homo,Kaufman__2004,TableA3,32,32,Thalamus,Thalamus,,CBF,cerebral_perfusion,55.9,mL/100g/min,55.9,,3.0,mL/100g/min,conscious,resting_conscious,TRUE,single_primary_reference,single,,reported_via_secondary_compilation,,de1997,"De Voider et al., 1997)","De Voider et al., 1997)",de1997,"De Voider et al., 1997)",primary,journal_article,resolved,"De Voider et al., 1997)",de1997
68,Homo sapiens,Homo,Kaufman__2004,TableA3,33,33,Thalamus,Thalamus,,CBF,cerebral_perfusion,45.4,mL/100g/min,45.4,,7.0,mL/100g/min,conscious,resting_conscious,TRUE,single_primary_reference,single,,reported_via_secondary_compilation,,sasaki1986,"Sasaki et al., 1986)","Sasaki et al., 1986)",sasaki1986,"Sasaki et al., 1986)",primary,journal_article,resolved,"Sasaki et al., 1986)",sasaki1986
69,Homo sapiens,Homo,Kaufman__2004,TableA3,34,34,Thalamus,Thalamus,,CBF,cerebral_perfusion,54.8,mL/100g/min,54.8,,8.0,mL/100g/min,conscious,resting_conscious,TRUE,single_primary_reference,single,,reported_via_secondary_compilation,,kaisti2003,"Kaisti et al., 2003)","Kaisti et al., 2003)",kaisti2003,"Kaisti et al., 2003)",primary,journal_article,resolved,"Kaisti et al., 2003)",kaisti2003
70,Homo sapiens,Homo,Kaufman__2004,TableA3,35,35,Thalamus,Thalamus,,CBF,cerebral_perfusion,39.9,mL/100g/min,39.9,,8.0,mL/100g/min,anesthetized,resting_anesthetized,FALSE,single_primary_reference,single,,reported_via_secondary_compilation,anesthetized,kaisti2003,"Kaisti et al., 2003)","Kaisti et al., 2003)",kaisti2003,"Kaisti et al., 2003)",primary,journal_article,resolved,"Kaisti et al., 2003)",kaisti2003
71,Homo sapiens,Homo,Kaufman__2004,TableA3,36,36,Thalamus,Thalamus,,CBF,cerebral_perfusion,46,mL/100g/min,46.0,,18.0,mL/100g/min,conscious,resting_conscious,TRUE,single_primary_reference,single,,reported_via_secondary_compilation,,pantano1984,"Pantano et al., 1984)","Pantano et al., 1984)",pantano1984,"Pantano et al., 1984)",primary,journal_article,resolved,"Pantano et al., 1984)",pantano1984
72,Homo sapiens,Homo,Kaufman__2004,TableA3,37,37,Thalamus,Thalamus,,CBF,cerebral_perfusion,53.7,mL/100g/min,53.7,,32.0,mL/100g/min,conscious,resting_conscious,TRUE,single_primary_reference,single,,reported_via_secondary_compilation,,perlmutter1987,"Perlmutter et al., 1987)","Perlmutter et al., 1987)",perlmutter1987,"Perlmutter et al., 1987)",primary,journal_article,resolved,"Perlmutter et al., 1987)",perlmutter1987
73,Homo sapiens,Homo,Kaufman__2004,TableA3,38,38,Thalamus,Thalamus,,CBF,cerebral_perfusion,67,mL/100g/min,67.0,,6.0,mL/100g/min,conscious,resting_conscious,TRUE,single_primary_reference,single,,reported_via_secondary_compilation,,w1997,"W essenetal., 1997)","W essenetal., 1997)",w1997,"W essenetal., 1997)",primary,journal_article,resolved,"W essenetal., 1997)",w1997
74,Homo sapiens,Homo,Kaufman__2004,TableA3,39,39,Thalamus,Thalamus,,CBF,cerebral_perfusion,48.9,mL/100g/min,48.9,,14.0,mL/100g/min,conscious,resting_conscious,TRUE,single_primary_reference,single,,reported_via_secondary_compilation,,yamaguchi1986,"Yamaguchi et al., 1986)","Yamaguchi et al., 1986)",yamaguchi1986,"Yamaguchi et al., 1986)",primary,journal_article,resolved,"Yamaguchi et al., 1986)",yamaguchi1986
75,Homo sapiens,Homo,Kaufman__2004,TableA3,42,42,Thalamus,Thalamus,,CBF,cerebral_perfusion,62.2,mL/100g/min,62.2,,26.0,mL/100g/min,conscious,resting_conscious,TRUE,single_primary_reference,single,,reported_via_secondary_compilation,,seitz1992,"Seitz and Roland, 1992)","Seitz and Roland, 1992)",seitz1992,"Seitz and Roland, 1992)",primary,journal_article,resolved,"Seitz and Roland, 1992)",seitz1992
76,Homo sapiens,Homo,Kaufman__2004,TableA5,11,11,White_matter,White Matter,,CBF,cerebral_perfusion,28.6,mL/100g/min,28.6,,7.0,mL/100g/min,conscious,resting_conscious,TRUE,single_primary_reference,single,,reported_via_secondary_compilation,,hatazawa1988,"(Hatazawa et al., 1988)","(Hatazawa et al., 1988)",hatazawa1988,"(Hatazawa et al., 1988)",primary,journal_article,resolved,"(Hatazawa et al., 1988)",hatazawa1988
77,Homo sapiens,Homo,Kaufman__2004,TableA5,12,12,White_matter,White Matter,,CBF,cerebral_perfusion,19.3,mL/100g/min,19.3,,7.0,mL/100g/min,conscious,resting_conscious,TRUE,single_primary_reference,single,,reported_via_secondary_compilation,,sasaki1986,"(Sasaki et al., 1986)","(Sasaki et al., 1986)",sasaki1986,"(Sasaki et al., 1986)",primary,journal_article,resolved,"(Sasaki et al., 1986)",sasaki1986
78,Homo sapiens,Homo,Kaufman__2004,TableA5,13,13,White_matter,White Matter,,CBF,cerebral_perfusion,25,mL/100g/min,25.0,,20.0,mL/100g/min,conscious,resting_conscious,TRUE,single_primary_reference,single,,reported_via_secondary_compilation,,yamaki1996,"(Yamaki et al., 1996)","(Yamaki et al., 1996)",yamaki1996,"(Yamaki et al., 1996)",primary,journal_article,resolved,"(Yamaki et al., 1996)",yamaki1996
79,Homo sapiens,Homo,Kaufman__2004,TableA5,14,14,White_matter,White Matter,,CBF,cerebral_perfusion,22.2,mL/100g/min,22.2,,34.0,mL/100g/min,conscious,resting_conscious,TRUE,single_primary_reference,single,,reported_via_secondary_compilation,,leenders1990,"(Leenders et al., 1990)","(Leenders et al., 1990)",leenders1990,"(Leenders et al., 1990)",primary,journal_article,resolved,"(Leenders et al., 1990)",leenders1990
80,Homo sapiens,Homo,Kaufman__2004,TableA5,15,15,White_matter,White Matter,,CBF,cerebral_perfusion,21.2,mL/100g/min,21.2,,27.0,mL/100g/min,conscious,resting_conscious,TRUE,single_primary_reference,single,,reported_via_secondary_compilation,,lenzi1981,"(Lenzi et al., 1981)","(Lenzi et al., 1981)",lenzi1981,"(Lenzi et al., 1981)",primary,journal_article,resolved,"(Lenzi et al., 1981)",lenzi1981
81,Homo sapiens,Homo,Kaufman__2004,TableA5,16,16,White_matter,White Matter,,CBF,cerebral_perfusion,24.5,mL/100g/min,24.5,,18.0,mL/100g/min,conscious,resting_conscious,TRUE,single_primary_reference,single,,reported_via_secondary_compilation,,pantano1984,"(Pantano et al., 1984)","(Pantano et al., 1984)",pantano1984,"(Pantano et al., 1984)",primary,journal_article,resolved,"(Pantano et al., 1984)",pantano1984
82,Homo sapiens,Homo,Kaufman__2004,TableA5,17,17,White_matter,White Matter,,CBF,cerebral_perfusion,23,mL/100g/min,23.0,,6.0,mL/100g/min,conscious,resting_conscious,TRUE,single_primary_reference,single,,reported_via_secondary_compilation,,tohgi1998,"(Tohgi et al., 1998)","(Tohgi et al., 1998)",tohgi1998,"(Tohgi et al., 1998)",primary,journal_article,resolved,"(Tohgi et al., 1998)",tohgi1998
83,Homo sapiens,Homo,Kaufman__2004,TableA5,18,18,White_matter,White Matter,,CBF,cerebral_perfusion,18,mL/100g/min,18.0,,6.0,mL/100g/min,conscious,resting_conscious,TRUE,single_primary_reference,single,,reported_via_secondary_compilation,,wessen1997,"(Wessen et al., 1997)","(Wessen et al., 1997)",wessen1997,"(Wessen et al., 1997)",primary,journal_article,resolved,"(Wessen et al., 1997)",wessen1997
84,Homo sapiens,Homo,Kaufman__2004,TableA5,19,19,White_matter,White Matter,,CBF,cerebral_perfusion,21,mL/100g/min,21.0,,14.0,mL/100g/min,conscious,resting_conscious,TRUE,single_primary_reference,single,,reported_via_secondary_compilation,,yamaguchi1986,"(Yamaguchi et al., 1986)","(Yamaguchi et al., 1986)",yamaguchi1986,"(Yamaguchi et al., 1986)",primary,journal_article,resolved,"(Yamaguchi et al., 1986)",yamaguchi1986
85,Homo sapiens,Homo,Kaufman__2004,TableA5,20,20,White_matter,White Matter,,CBF,cerebral_perfusion,21.4,mL/100g/min,21.4,,7.0,mL/100g/min,conscious,resting_conscious,TRUE,single_primary_reference,single,,reported_via_secondary_compilation,,frackowiak1988,"(Frackowiak et al., 1988)","(Frackowiak et al., 1988)",frackowiak1988,"(Frackowiak et al., 1988)",primary,journal_article,resolved,"(Frackowiak et al., 1988)",frackowiak1988
86,Homo sapiens,Homo,Kaufman__2004,TableA5,21,21,White_matter,White Matter,,CBF,cerebral_perfusion,29.6,mL/100g/min,29.6,,26.0,mL/100g/min,conscious,resting_conscious,TRUE,single_primary_reference,single,,reported_via_secondary_compilation,,seitz1992,"(Seitz and Roland, 1992)","(Seitz and Roland, 1992)",seitz1992,"(Seitz and Roland, 1992)",primary,journal_article,resolved,"(Seitz and Roland, 1992)",seitz1992
87,Homo sapiens,Homo,Kaufman__2004,TableA14,13,13,Whole_brain,Whole Brain (direct measurement),,CBF,cerebral_perfusion,41.4,mL/100g/min,41.4,,6.0,mL/100g/min,conscious,resting_conscious,TRUE,single_primary_reference,single,,reported_via_secondary_compilation,,bednarczyk1992,"(Bednarczyk et al., 1992)","(Bednarczyk et al., 1992)",bednarczyk1992,"(Bednarczyk et al., 1992)",primary,journal_article,resolved,"(Bednarczyk et al., 1992)",bednarczyk1992
88,Homo sapiens,Homo,Kaufman__2004,TableA14,14,14,Whole_brain,Whole Brain (direct measurement),,CBF,cerebral_perfusion,50.2,mL/100g/min,50.2,,7.0,mL/100g/min,conscious,resting_conscious,TRUE,single_primary_reference,single,,reported_via_secondary_compilation,,blomqvist1990,"(Blomqvist et al., 1990)","(Blomqvist et al., 1990)",blomqvist1990,"(Blomqvist et al., 1990)",primary,journal_article,resolved,"(Blomqvist et al., 1990)",blomqvist1990
89,Homo sapiens,Homo,Kaufman__2004,TableA14,15,15,Whole_brain,Whole Brain (direct measurement),,CBF,cerebral_perfusion,50.8,mL/100g/min,50.8,,10.0,mL/100g/min,anesthetized,resting_anesthetized,FALSE,single_primary_reference,single,,reported_via_secondary_compilation,anesthetized,cohen1964,"(Cohen et al., 1964)","(Cohen et al., 1964)",cohen1964,"(Cohen et al., 1964)",primary,journal_article,resolved,"(Cohen et al., 1964)",cohen1964
90,Homo sapiens,Homo,Kaufman__2004,TableA14,16,16,Whole_brain,Whole Brain (direct measurement),,CBF,cerebral_perfusion,44.97,mL/100g/min,44.97,,9.0,mL/100g/min,conscious,resting_conscious,TRUE,single_primary_reference,single,,reported_via_secondary_compilation,,cohen1967,"(Cohen et al., 1967)","(Cohen et al., 1967)",cohen1967,"(Cohen et al., 1967)",primary,journal_article,resolved,"(Cohen et al., 1967)",cohen1967
91,Homo sapiens,Homo,Kaufman__2004,TableA14,17,17,Whole_brain,Whole Brain (direct measurement),,CBF,cerebral_perfusion,62.1,mL/100g/min,62.1,,15.0,mL/100g/min,conscious,resting_conscious,TRUE,single_primary_reference,single,,reported_via_secondary_compilation,,dastur1985,"(Dastur, 1985)","(Dastur, 1985)",dastur1985,"(Dastur, 1985)",primary,journal_article,resolved,"(Dastur, 1985)",dastur1985
92,Homo sapiens,Homo,Kaufman__2004,TableA14,18,18,Whole_brain,Whole Brain (direct measurement),,CBF,cerebral_perfusion,52.9,mL/100g/min,52.9,,15.0,mL/100g/min,conscious,resting_conscious,TRUE,single_primary_reference,single,,reported_via_secondary_compilation,,hoyer1984,"(Hoyer et al., 1984)","(Hoyer et al., 1984)",hoyer1984,"(Hoyer et al., 1984)",primary,journal_article,resolved,"(Hoyer et al., 1984)",hoyer1984
93,Homo sapiens,Homo,Kaufman__2004,TableA14,19,19,Whole_brain,Whole Brain (direct measurement),,CBF,cerebral_perfusion,48.2,mL/100g/min,48.2,,6.0,mL/100g/min,conscious,resting_conscious,TRUE,single_primary_reference,single,,reported_via_secondary_compilation,,jobes1977,"(Jobes et al., 1977)","(Jobes et al., 1977)",jobes1977,"(Jobes et al., 1977)",primary,journal_article,resolved,"(Jobes et al., 1977)",jobes1977
94,Homo sapiens,Homo,Kaufman__2004,TableA14,20,20,Whole_brain,Whole Brain (direct measurement),,CBF,cerebral_perfusion,50.6,mL/100g/min,50.6,,8.0,mL/100g/min,conscious,resting_conscious,TRUE,single_primary_reference,single,,reported_via_secondary_compilation,,madsen1995,"(Madsen et al., 1995)","(Madsen et al., 1995)",madsen1995,"(Madsen et al., 1995)",primary,journal_article,resolved,"(Madsen et al., 1995)",madsen1995
95,Homo sapiens,Homo,Kaufman__2004,TableA14,21,21,Whole_brain,Whole Brain (direct measurement),,CBF,cerebral_perfusion,45,mL/100g/min,45.0,,9.0,mL/100g/min,conscious,resting_conscious,TRUE,single_primary_reference,single,,reported_via_secondary_compilation,,mielck1998,"(Mielck et al., 1998)","(Mielck et al., 1998)",mielck1998,"(Mielck et al., 1998)",primary,journal_article,resolved,"(Mielck et al., 1998)",mielck1998
96,Homo sapiens,Homo,Kaufman__2004,TableA14,22,22,Whole_brain,Whole Brain (direct measurement),,CBF,cerebral_perfusion,35,mL/100g/min,35.0,,9.0,mL/100g/min,anesthetized,resting_anesthetized,FALSE,single_primary_reference,single,,reported_via_secondary_compilation,anesthetized,mielck1998,"(Mielck et al., 1998)","(Mielck et al., 1998)",mielck1998,"(Mielck et al., 1998)",primary,journal_article,resolved,"(Mielck et al., 1998)",mielck1998
97,Homo sapiens,Homo,Kaufman__2004,TableA14,23,23,Whole_brain,Whole Brain (direct measurement),,CBF,cerebral_perfusion,42.54,mL/100g/min,42.54,,7.0,mL/100g/min,conscious,resting_conscious,TRUE,single_primary_reference,single,,reported_via_secondary_compilation,,ogawaetal1996,"(Ogawaetal., 1996)","(Ogawaetal., 1996)",ogawaetal1996,"(Ogawaetal., 1996)",primary,journal_article,resolved,"(Ogawaetal., 1996)",ogawaetal1996
98,Homo sapiens,Homo,Kaufman__2004,TableA14,24,24,Whole_brain,Whole Brain (direct measurement),,CBF,cerebral_perfusion,43,mL/100g/min,43.0,,4.0,mL/100g/min,conscious,resting_conscious,TRUE,single_primary_reference,single,,reported_via_secondary_compilation,,redies1989,"(Redies et al., 1989)","(Redies et al., 1989)",redies1989,"(Redies et al., 1989)",primary,journal_article,resolved,"(Redies et al., 1989)",redies1989
99,Homo sapiens,Homo,Kaufman__2004,TableA14,25,25,Whole_brain,Whole Brain (direct measurement),,CBF,cerebral_perfusion,64.7,mL/100g/min,64.7,,20.0,mL/100g/min,conscious,resting_conscious,TRUE,single_primary_reference,single,,reported_via_secondary_compilation,,scheinberg1949,"(Scheinberg and Stead, 1949)","(Scheinberg and Stead, 1949)",scheinberg1949,"(Scheinberg and Stead, 1949)",primary,journal_article,resolved,"(Scheinberg and Stead, 1949)",scheinberg1949
100,Homo sapiens,Homo,Kaufman__2004,TableA14,26,26,Whole_brain,Whole Brain (direct measurement),,CBF,cerebral_perfusion,33,mL/100g/min,33.0,,9.0,mL/100g/min,anesthetized,resting_anesthetized,FALSE,single_primary_reference,single,,reported_via_secondary_compilation,anesthetized,felding1995,"(Felding et al., 1995)","(Felding et al., 1995)",felding1995,"(Felding et al., 1995)",primary,journal_article,resolved,"(Felding et al., 1995)",felding1995
101,Homo sapiens,Homo,Kaufman__2004,TableA14,27,27,Whole_brain,Whole Brain (direct measurement),,CBF,cerebral_perfusion,49.8,mL/100g/min,49.8,,11.0,mL/100g/min,conscious,resting_conscious,TRUE,single_primary_reference,single,,reported_via_secondary_compilation,,frackowiak1980,"(Frackowiak et al., 1980)","(Frackowiak et al., 1980)",frackowiak1980,"(Frackowiak et al., 1980)",primary,journal_article,resolved,"(Frackowiak et al., 1980)",frackowiak1980
102,Homo sapiens,Homo,Kaufman__2004,TableA14,28,28,Whole_brain,Whole Brain (direct measurement),,CBF,cerebral_perfusion,52.6,mL/100g/min,52.6,,8.0,mL/100g/min,conscious,resting_conscious,TRUE,single_primary_reference,single,,reported_via_secondary_compilation,,jakobsen1990,"(Jakobsen et al., 1990)","(Jakobsen et al., 1990)",jakobsen1990,"(Jakobsen et al., 1990)",primary,journal_article,resolved,"(Jakobsen et al., 1990)",jakobsen1990
103,Homo sapiens,Homo,Kaufman__2004,TableA14,29,29,Whole_brain,Whole Brain (direct measurement),,CBF,cerebral_perfusion,47.7,mL/100g/min,47.7,,20.0,mL/100g/min,conscious,resting_conscious,TRUE,single_primary_reference,single,,reported_via_secondary_compilation,,carpenter1991,"(Carpenter et al., 1991)","(Carpenter et al., 1991)",carpenter1991,"(Carpenter et al., 1991)",primary,journal_article,resolved,"(Carpenter et al., 1991)",carpenter1991
104,Homo sapiens,Homo,Kaufman__2004,TableA14,30,30,Whole_brain,Whole Brain (direct measurement),,CBF,cerebral_perfusion,51,mL/100g/min,51.0,,10.0,mL/100g/min,conscious,resting_conscious,TRUE,single_primary_reference,single,,reported_via_secondary_compilation,,lassen1955,"(Lassen and Munck, 1955)","(Lassen and Munck, 1955)",lassen1955,"(Lassen and Munck, 1955)",primary,journal_article,resolved,"(Lassen and Munck, 1955)",lassen1955
105,Homo sapiens,Homo,Kaufman__2004,TableA14,31,31,Whole_brain,Whole Brain (direct measurement),,CBF,cerebral_perfusion,52.1,mL/100g/min,52.1,,10.0,mL/100g/min,conscious,resting_conscious,TRUE,single_primary_reference,single,,reported_via_secondary_compilation,,lassen1955,"(Lassen and Munck, 1955)","(Lassen and Munck, 1955)",lassen1955,"(Lassen and Munck, 1955)",primary,journal_article,resolved,"(Lassen and Munck, 1955)",lassen1955
106,Homo sapiens,Homo,Kaufman__2004,TableA14,32,32,Whole_brain,Whole Brain (direct measurement),,CBF,cerebral_perfusion,57,mL/100g/min,57.0,,8.0,mL/100g/min,conscious,resting_conscious,TRUE,single_primary_reference,single,,reported_via_secondary_compilation,,madsen1990,"(Madsen et al., 1990b)","(Madsen et al., 1990b)",madsen1990,"(Madsen et al., 1990b)",primary,journal_article,resolved,"(Madsen et al., 1990b)",madsen1990
107,Homo sapiens,Homo,Kaufman__2004,TableA14,33,33,Whole_brain,Whole Brain (direct measurement),,CBF,cerebral_perfusion,56.7,mL/100g/min,56.7,,11.0,mL/100g/min,conscious,resting_conscious,TRUE,single_primary_reference,single,,reported_via_secondary_compilation,,madsen1991,"(Madsen et al., 1991b)","(Madsen et al., 1991b)",madsen1991,"(Madsen et al., 1991b)",primary,journal_article,resolved,"(Madsen et al., 1991b)",madsen1991
108,Homo sapiens,Homo,Kaufman__2004,TableA14,34,34,Whole_brain,Whole Brain (direct measurement),,CBF,cerebral_perfusion,49.8,mL/100g/min,49.8,,9.0,mL/100g/min,conscious,resting_conscious,TRUE,single_primary_reference,single,,reported_via_secondary_compilation,,madsen1991,"(Madsen et al., 1991a)","(Madsen et al., 1991a)",madsen1991,"(Madsen et al., 1991a)",primary,journal_article,resolved,"(Madsen et al., 1991a)",madsen1991
109,Homo sapiens,Homo,Kaufman__2004,TableA14,35,35,Whole_brain,Whole Brain (direct measurement),,CBF,cerebral_perfusion,56.35,mL/100g/min,56.35,,10.0,mL/100g/min,conscious,resting_conscious,TRUE,single_primary_reference,single,,reported_via_secondary_compilation,,madsen1992,"(Madsen et al., 1992)","(Madsen et al., 1992)",madsen1992,"(Madsen et al., 1992)",primary,journal_article,resolved,"(Madsen et al., 1992)",madsen1992
110,Homo sapiens,Homo,Kaufman__2004,TableA14,36,36,Whole_brain,Whole Brain (direct measurement),,CBF,cerebral_perfusion,46.9,mL/100g/min,46.9,,12.0,mL/100g/min,conscious,resting_conscious,TRUE,single_primary_reference,single,,reported_via_secondary_compilation,,madsen1993,"(Madsen et al., 1993)","(Madsen et al., 1993)",madsen1993,"(Madsen et al., 1993)",primary,journal_article,resolved,"(Madsen et al., 1993)",madsen1993
111,Homo sapiens,Homo,Kaufman__2004,TableA14,37,37,Whole_brain,Whole Brain (direct measurement),,CBF,cerebral_perfusion,63,mL/100g/min,63.0,,3.0,mL/100g/min,conscious,resting_conscious,TRUE,single_primary_reference,single,,reported_via_secondary_compilation,,meyer1987,"(Meyer et al., 1987)","(Meyer et al., 1987)",meyer1987,"(Meyer et al., 1987)",primary,journal_article,resolved,"(Meyer et al., 1987)",meyer1987
112,Homo sapiens,Homo,Kaufman__2004,TableA14,38,38,Whole_brain,Whole Brain (direct measurement),,CBF,cerebral_perfusion,53.5,mL/100g/min,53.5,,7.0,mL/100g/min,conscious,resting_conscious,TRUE,single_primary_reference,single,,reported_via_secondary_compilation,,mintun2002,"(Mintun et al., 2002)","(Mintun et al., 2002)",mintun2002,"(Mintun et al., 2002)",primary,journal_article,resolved,"(Mintun et al., 2002)",mintun2002
113,Homo sapiens,Homo,Kaufman__2004,TableA14,39,39,Whole_brain,Whole Brain (direct measurement),,CBF,cerebral_perfusion,52,mL/100g/min,52.0,,19.0,mL/100g/min,conscious,resting_conscious,TRUE,single_primary_reference,single,,reported_via_secondary_compilation,,olsen1992,"(Olsen etal., 1992a)","(Olsen etal., 1992a)",olsen1992,"(Olsen etal., 1992a)",primary,journal_article,resolved,"(Olsen etal., 1992a)",olsen1992
114,Homo sapiens,Homo,Kaufman__2004,TableA14,40,40,Whole_brain,Whole Brain (direct measurement),,CBF,cerebral_perfusion,58,mL/100g/min,58.0,,8.0,mL/100g/min,conscious,resting_conscious,TRUE,single_primary_reference,single,,reported_via_secondary_compilation,,olsen1992,"(Olsen et al., 1992b)","(Olsen et al., 1992b)",olsen1992,"(Olsen et al., 1992b)",primary,journal_article,resolved,"(Olsen et al., 1992b)",olsen1992
115,Homo sapiens,Homo,Kaufman__2004,TableA14,41,41,Whole_brain,Whole Brain (direct measurement),,CBF,cerebral_perfusion,59.9,mL/100g/min,59.9,,8.0,mL/100g/min,conscious,resting_conscious,TRUE,single_primary_reference,single,,reported_via_secondary_compilation,,olsen1993,"(Olsen etal., 1993)","(Olsen etal., 1993)",olsen1993,"(Olsen etal., 1993)",primary,journal_article,resolved,"(Olsen etal., 1993)",olsen1993
116,Homo sapiens,Homo,Kaufman__2004,TableA14,42,42,Whole_brain,Whole Brain (direct measurement),,CBF,cerebral_perfusion,67,mL/100g/min,67.0,,8.0,mL/100g/min,conscious,resting_conscious,TRUE,single_primary_reference,single,,reported_via_secondary_compilation,,olsen1995,"(Olsen etal., 1995)","(Olsen etal., 1995)",olsen1995,"(Olsen etal., 1995)",primary,journal_article,resolved,"(Olsen etal., 1995)",olsen1995
117,Homo sapiens,Homo,Kaufman__2004,TableA14,43,43,Whole_brain,Whole Brain (direct measurement),,CBF,cerebral_perfusion,56.8,mL/100g/min,56.8,,7.0,mL/100g/min,conscious,resting_conscious,TRUE,single_primary_reference,single,,reported_via_secondary_compilation,,renou1978,"(Renou et al., 1978)","(Renou et al., 1978)",renou1978,"(Renou et al., 1978)",primary,journal_article,resolved,"(Renou et al., 1978)",renou1978
118,Homo sapiens,Homo,Kaufman__2004,TableA14,44,44,Whole_brain,Whole Brain (direct measurement),,CBF,cerebral_perfusion,46,mL/100g/min,46.0,,13.0,mL/100g/min,conscious,resting_conscious,TRUE,single_primary_reference,single,,reported_via_secondary_compilation,,sari1976,"(Sari et al., 1976)","(Sari et al., 1976)",sari1976,"(Sari et al., 1976)",primary,journal_article,resolved,"(Sari et al., 1976)",sari1976
119,Homo sapiens,Homo,Kaufman__2004,TableA14,45,45,Whole_brain,Whole Brain (direct measurement),,CBF,cerebral_perfusion,52,mL/100g/min,52.0,,8.0,mL/100g/min,conscious,resting_conscious,TRUE,single_primary_reference,single,,reported_via_secondary_compilation,,schmidt1990,"(Schmidt et al., 1990)","(Schmidt et al., 1990)",schmidt1990,"(Schmidt et al., 1990)",primary,journal_article,resolved,"(Schmidt et al., 1990)",schmidt1990
120,Homo sapiens,Homo,Kaufman__2004,TableA14,46,46,Whole_brain,Whole Brain (direct measurement),,CBF,cerebral_perfusion,52,mL/100g/min,52.0,,8.0,mL/100g/min,conscious,resting_conscious,TRUE,single_primary_reference,single,,reported_via_secondary_compilation,,schmidt1991,"(Schmidt et al., 1991)","(Schmidt et al., 1991)",schmidt1991,"(Schmidt et al., 1991)",primary,journal_article,resolved,"(Schmidt et al., 1991)",schmidt1991
121,Homo sapiens,Homo,Kaufman__2004,TableA14,47,47,Whole_brain,Whole Brain (direct measurement),,CBF,cerebral_perfusion,54.6,mL/100g/min,54.6,,5.0,mL/100g/min,conscious,resting_conscious,TRUE,single_primary_reference,single,,reported_via_secondary_compilation,,seitz1992,"(Seitz and Roland, 1992)","(Seitz and Roland, 1992)",seitz1992,"(Seitz and Roland, 1992)",primary,journal_article,resolved,"(Seitz and Roland, 1992)",seitz1992
122,Homo sapiens,Homo,Kaufman__2004,TableA14,49,49,Whole_brain,Whole Brain (direct measurement),,CBF,cerebral_perfusion,55,mL/100g/min,55.0,,8.0,mL/100g/min,conscious,resting_conscious,TRUE,single_primary_reference,single,,reported_via_secondary_compilation,,vemhiet1978,"(Vemhiet et al., 1978)","(Vemhiet et al., 1978)",vemhiet1978,"(Vemhiet et al., 1978)",primary,journal_article,resolved,"(Vemhiet et al., 1978)",vemhiet1978
123,Homo sapiens,Homo,Kaufman__2004,TableA14,50,50,Whole_brain,Whole Brain (direct measurement),,CBF,cerebral_perfusion,56,mL/100g/min,56.0,,6.0,mL/100g/min,conscious,resting_conscious,TRUE,single_primary_reference,single,,reported_via_secondary_compilation,,vorstmp1984,"(Vorstmp et al., 1984)","(Vorstmp et al., 1984)",vorstmp1984,"(Vorstmp et al., 1984)",primary,journal_article,resolved,"(Vorstmp et al., 1984)",vorstmp1984
124,Homo sapiens,Homo,Kaufman__2004,TableA14,51,51,Whole_brain,Whole Brain (direct measurement),,CBF,cerebral_perfusion,52,mL/100g/min,52.0,,6.0,mL/100g/min,conscious,resting_conscious,TRUE,single_primary_reference,single,,reported_via_secondary_compilation,,wessen1997,"(Wessen et al., 1997)","(Wessen et al., 1997)",wessen1997,"(Wessen et al., 1997)",primary,journal_article,resolved,"(Wessen et al., 1997)",wessen1997
125,Homo sapiens,Homo,Kaufman__2004,TableA14,52,52,Whole_brain,Whole Brain (direct measurement),,CBF,cerebral_perfusion,64,mL/100g/min,64.0,,8.0,mL/100g/min,conscious,resting_conscious,TRUE,single_primary_reference,single,,reported_via_secondary_compilation,,wolff1994,"(Wolff etal., 1994)","(Wolff etal., 1994)",wolff1994,"(Wolff etal., 1994)",primary,journal_article,resolved,"(Wolff etal., 1994)",wolff1994
126,Homo sapiens,Homo,Kaufman__2004,TableA14,53,53,Whole_brain,Whole Brain (direct measurement),,CBF,cerebral_perfusion,44.4,mL/100g/min,44.4,,13.0,mL/100g/min,conscious,resting_conscious,TRUE,single_primary_reference,single,,reported_via_secondary_compilation,,wollman1964,"(Wollman et al., 1964)","(Wollman et al., 1964)",wollman1964,"(Wollman et al., 1964)",primary,journal_article,resolved,"(Wollman et al., 1964)",wollman1964
127,Homo sapiens,Homo,Kaufman__2004,TableA14,55,55,Whole_brain,Whole Brain (direct measurement),,CBF,cerebral_perfusion,38.1,mL/100g/min,38.1,,13.0,mL/100g/min,conscious,resting_conscious,TRUE,single_primary_reference,single,,reported_via_secondary_compilation,,elman1999,"(Elman et al., 1999)","(Elman et al., 1999)",elman1999,"(Elman et al., 1999)",primary,journal_article,resolved,"(Elman et al., 1999)",elman1999
128,Lepus sp.,Lepus,Kaufman__2004,TableA14,126,126,Whole_brain,Whole Brain (direct measurement),,CBF,cerebral_perfusion,46.5,mL/100g/min,46.5,,12.0,mL/100g/min,anesthetized,resting_anesthetized,FALSE,single_primary_reference,single,,reported_via_secondary_compilation,anesthetized,drummond1986,"(Drummond et al., 1986)","(Drummond et al., 1986)",drummond1986,"(Drummond et al., 1986)",primary,journal_article,resolved,"(Drummond et al., 1986)",drummond1986
129,Lepus sp.,Lepus,Kaufman__2004,TableA14,127,127,Whole_brain,Whole Brain (direct measurement),,CBF,cerebral_perfusion,71,mL/100g/min,71.0,,8.0,mL/100g/min,anesthetized,resting_anesthetized,FALSE,single_primary_reference,single,,reported_via_secondary_compilation,anesthetized,kaieda1989,"(Kaieda et al., 1989)","(Kaieda et al., 1989)",kaieda1989,"(Kaieda et al., 1989)",primary,journal_article,resolved,"(Kaieda et al., 1989)",kaieda1989
130,Lepus sp.,Lepus,Kaufman__2004,TableA14,128,128,Whole_brain,Whole Brain (direct measurement),,CBF,cerebral_perfusion,65,mL/100g/min,65.0,,8.0,mL/100g/min,anesthetized,resting_anesthetized,FALSE,single_primary_reference,single,,reported_via_secondary_compilation,anesthetized,kaieda1989,"(Kaieda et al., 1989)","(Kaieda et al., 1989)",kaieda1989,"(Kaieda et al., 1989)",primary,journal_article,resolved,"(Kaieda et al., 1989)",kaieda1989
131,Lepus sp.,Lepus,Kaufman__2004,TableA14,129,129,Whole_brain,Whole Brain (direct measurement),,CBF,cerebral_perfusion,48,mL/100g/min,48.0,,38.0,mL/100g/min,anesthetized,resting_anesthetized,FALSE,single_primary_reference,single,,reported_via_secondary_compilation,anesthetized,pearce1981,"(Pearce et al., 1981)","(Pearce et al., 1981)",pearce1981,"(Pearce et al., 1981)",primary,journal_article,resolved,"(Pearce et al., 1981)",pearce1981
132,Lepus sp.,Lepus,Kaufman__2004,TableA14,130,130,Whole_brain,Whole Brain (direct measurement),,CBF,cerebral_perfusion,77,mL/100g/min,77.0,,7.0,mL/100g/min,anesthetized,resting_anesthetized,FALSE,single_primary_reference,single,,reported_via_secondary_compilation,anesthetized,todd1994,"(Todd etal., 1994)","(Todd etal., 1994)",todd1994,"(Todd etal., 1994)",primary,journal_article,resolved,"(Todd etal., 1994)",todd1994
133,Macaca fascicularis,M fascic,Kaufman__2004,TableA6,64,64,Neocortex,Neocortex,,CBF,cerebral_perfusion,34,mL/100g/min,34.0,,4.0,mL/100g/min,anesthetized,resting_anesthetized,FALSE,single_primary_reference,single,,reported_via_secondary_compilation,anesthetized,kuge2001,"(Kuge et al., 2001)","(Kuge et al., 2001)",kuge2001,"(Kuge et al., 2001)",primary,journal_article,resolved,"(Kuge et al., 2001)",kuge2001
134,Macaca fascicularis,M fascic,Kaufman__2004,TableA14,81,81,Whole_brain,Whole Brain (direct measurement),,CBF,cerebral_perfusion,43,mL/100g/min,43.0,,10.0,mL/100g/min,conscious,resting_conscious,TRUE,single_primary_reference,single,,reported_via_secondary_compilation,,rockoff1980,"(Rockoff et al., 1980)","(Rockoff et al., 1980)",rockoff1980,"(Rockoff et al., 1980)",primary,journal_article,resolved,"(Rockoff et al., 1980)",rockoff1980
135,Macaca mulatta,M mulatta,Kaufman__2004,TableA1,50,50,Basal_ganglia,Basal Ganglia,,CBF,cerebral_perfusion,60.5,mL/100g/min,60.5,,6.0,mL/100g/min,conscious,resting_conscious,TRUE,single_primary_reference,single,,reported_via_secondary_compilation,,noda2002,"(Noda et al., 2002)","(Noda et al., 2002)",noda2002,"(Noda et al., 2002)",primary,journal_article,resolved,"(Noda et al., 2002)",noda2002
136,Macaca mulatta,M mulatta,Kaufman__2004,TableA4,38,38,Cerebellum,Cerebellum,,CBF,cerebral_perfusion,47.8,mL/100g/min,47.8,,6.0,mL/100g/min,conscious,resting_conscious,TRUE,single_primary_reference,single,,reported_via_secondary_compilation,,noda2002,"(Noda et al., 2002)","(Noda et al., 2002)",noda2002,"(Noda et al., 2002)",primary,journal_article,resolved,"(Noda et al., 2002)",noda2002
137,Macaca mulatta,M mulatta,Kaufman__2004,TableA2,15,15,Hippocampus,Hippocampus,,CBF,cerebral_perfusion,53.9,mL/100g/min,53.9,,6.0,mL/100g/min,conscious,resting_conscious,TRUE,single_primary_reference,single,,reported_via_secondary_compilation,,noda2002,"(Noda et al., 2002)","(Noda et al., 2002)",noda2002,"(Noda et al., 2002)",primary,journal_article,resolved,"(Noda et al., 2002)",noda2002
138,Macaca mulatta,M mulatta,Kaufman__2004,TableA6,61,61,Neocortex,Neocortex,,CBF,cerebral_perfusion,58.5,mL/100g/min,58.5,,4.0,mL/100g/min,anesthetized,resting_anesthetized,FALSE,single_primary_reference,single,,reported_via_secondary_compilation,anesthetized,enlund1997,"(Enlund et al., 1997)","(Enlund et al., 1997)",enlund1997,"(Enlund et al., 1997)",primary,journal_article,resolved,"(Enlund et al., 1997)",enlund1997
139,Macaca mulatta,M mulatta,Kaufman__2004,TableA6,62,62,Neocortex,Neocortex,,CBF,cerebral_perfusion,53,mL/100g/min,53.0,,6.0,mL/100g/min,conscious,resting_conscious,TRUE,single_primary_reference,single,,reported_via_secondary_compilation,,noda2002,"(Noda et al., 2002)","(Noda et al., 2002)",noda2002,"(Noda et al., 2002)",primary,journal_article,resolved,"(Noda et al., 2002)",noda2002
140,Macaca mulatta,M mulatta,Kaufman__2004,TableA5,27,27,White_matter,White Matter,,CBF,cerebral_perfusion,33.5,mL/100g/min,33.5,,4.0,mL/100g/min,anesthetized,resting_anesthetized,FALSE,single_primary_reference,single,,reported_via_secondary_compilation,anesthetized,enlund1997,"(Enlund et al., 1997)","(Enlund et al., 1997)",enlund1997,"(Enlund et al., 1997)",primary,journal_article,resolved,"(Enlund et al., 1997)",enlund1997
141,Macaca mulatta,M mulatta,Kaufman__2004,TableA14,74,74,Whole_brain,Whole Brain (direct measurement),,CBF,cerebral_perfusion,40.6,mL/100g/min,40.6,,19.0,mL/100g/min,anesthetized,resting_anesthetized,FALSE,single_primary_reference,single,,reported_via_secondary_compilation,anesthetized,fein1975,"(Fein, 1975)","(Fein, 1975)",fein1975,"(Fein, 1975)",primary,journal_article,resolved,"(Fein, 1975)",fein1975
142,Macaca mulatta,M mulatta,Kaufman__2004,TableA14,75,75,Whole_brain,Whole Brain (direct measurement),,CBF,cerebral_perfusion,100.6,mL/100g/min,100.6,,5.0,mL/100g/min,conscious,resting_conscious,TRUE,single_primary_reference,single,,reported_via_secondary_compilation,,mehta1980,"(Mehta et al., 1980)","(Mehta et al., 1980)",mehta1980,"(Mehta et al., 1980)",primary,journal_article,resolved,"(Mehta et al., 1980)",mehta1980
143,Macaca mulatta,M mulatta,Kaufman__2004,TableA14,76,76,Whole_brain,Whole Brain (direct measurement),,CBF,cerebral_perfusion,76.1,mL/100g/min,76.1,,3.0,mL/100g/min,conscious,resting_conscious,TRUE,single_primary_reference,single,,reported_via_secondary_compilation,,nemoto1994,"(Nemoto et al., 1994)","(Nemoto et al., 1994)",nemoto1994,"(Nemoto et al., 1994)",primary,journal_article,resolved,"(Nemoto et al., 1994)",nemoto1994
144,Macaca mulatta,M mulatta,Kaufman__2004,TableA14,77,77,Whole_brain,Whole Brain (direct measurement),,CBF,cerebral_perfusion,80,mL/100g/min,80.0,,4.0,mL/100g/min,conscious,resting_conscious,TRUE,single_primary_reference,single,,reported_via_secondary_compilation,,yao1992,"(Yao et al., 1992)","(Yao et al., 1992)",yao1992,"(Yao et al., 1992)",primary,journal_article,resolved,"(Yao et al., 1992)",yao1992
145,Macaca mulatta,M mulatta,Kaufman__2004,TableA14,78,78,Whole_brain,Whole Brain (direct measurement),,CBF,cerebral_perfusion,46.9,mL/100g/min,46.9,,11.0,mL/100g/min,anesthetized,resting_anesthetized,FALSE,single_primary_reference,single,,reported_via_secondary_compilation,anesthetized,schmidt1945,"(Schmidt et al., 1945)","(Schmidt et al., 1945)",schmidt1945,"(Schmidt et al., 1945)",primary,journal_article,resolved,"(Schmidt et al., 1945)",schmidt1945
146,Macaca mulatta,M mulatta,Kaufman__2004,TableA14,79,79,Whole_brain,Whole Brain (direct measurement),,CBF,cerebral_perfusion,48.7,mL/100g/min,48.7,,10.0,mL/100g/min,anesthetized,resting_anesthetized,FALSE,single_primary_reference,single,,reported_via_secondary_compilation,anesthetized,kliefothetal1979,"(Kliefothetal., 1979)","(Kliefothetal., 1979)",kliefothetal1979,"(Kliefothetal., 1979)",primary,journal_article,resolved,"(Kliefothetal., 1979)",kliefothetal1979
147,Meriones unguiculatus,Meriones,Kaufman__2004,TableA4,50,50,Cerebellum,Cerebellum,,CBF,cerebral_perfusion,137,mL/100g/min,137.0,,7.0,mL/100g/min,anesthetized,resting_anesthetized,FALSE,single_primary_reference,single,,reported_via_secondary_compilation,anesthetized,suzuki1983,"(Suzuki et al., 1983)","(Suzuki et al., 1983)",suzuki1983,"(Suzuki et al., 1983)",primary,journal_article,resolved,"(Suzuki et al., 1983)",suzuki1983
148,Meriones unguiculatus,Meriones,Kaufman__2004,TableA4,51,51,Cerebellum,Cerebellum,,CBF,cerebral_perfusion,93,mL/100g/min,93.0,,10.0,mL/100g/min,conscious,resting_conscious,TRUE,single_primary_reference,single,,reported_via_secondary_compilation,,van1978,"(Van Uitert and Levy, 1978)","(Van Uitert and Levy, 1978)",van1978,"(Van Uitert and Levy, 1978)",primary,journal_article,resolved,"(Van Uitert and Levy, 1978)",van1978
149,Meriones unguiculatus,Meriones,Kaufman__2004,TableA2,27,27,Hippocampus,Hippocampus,,CBF,cerebral_perfusion,80.3,mL/100g/min,80.3,,4.0,mL/100g/min,anesthetized,resting_anesthetized,FALSE,single_primary_reference,single,,reported_via_secondary_compilation,anesthetized,mies1990,"(Mies et al., 1990)","(Mies et al., 1990)",mies1990,"(Mies et al., 1990)",primary,journal_article,resolved,"(Mies et al., 1990)",mies1990
150,Meriones unguiculatus,Meriones,Kaufman__2004,TableA2,28,28,Hippocampus,Hippocampus,,CBF,cerebral_perfusion,109,mL/100g/min,109.0,,2.0,mL/100g/min,conscious,resting_conscious,TRUE,single_primary_reference,single,,reported_via_secondary_compilation,,mies1984,"(Mies et al., 1984)","(Mies et al., 1984)",mies1984,"(Mies et al., 1984)",primary,journal_article,resolved,"(Mies et al., 1984)",mies1984
151,Meriones unguiculatus,Meriones,Kaufman__2004,TableA2,29,29,Hippocampus,Hippocampus,,CBF,cerebral_perfusion,93,mL/100g/min,93.0,,7.0,mL/100g/min,anesthetized,resting_anesthetized,FALSE,single_primary_reference,single,,reported_via_secondary_compilation,anesthetized,suzuki1983,"(Suzuki et al., 1983)","(Suzuki et al., 1983)",suzuki1983,"(Suzuki et al., 1983)",primary,journal_article,resolved,"(Suzuki et al., 1983)",suzuki1983
152,Meriones unguiculatus,Gerbil,Kaufman__2004,TableA6,77,77,Neocortex,Neocortex,,CBF,cerebral_perfusion,135.6,mL/100g/min,135.6,,2.0,mL/100g/min,conscious,resting_conscious,TRUE,single_primary_reference,single,,reported_via_secondary_compilation,,mies1984,"(Mies et al., 1984)","(Mies et al., 1984)",mies1984,"(Mies et al., 1984)",primary,journal_article,resolved,"(Mies et al., 1984)",mies1984
153,Meriones unguiculatus,Gerbil,Kaufman__2004,TableA6,78,78,Neocortex,Neocortex,,CBF,cerebral_perfusion,90,mL/100g/min,90.0,,5.0,mL/100g/min,conscious,resting_conscious,TRUE,single_primary_reference,single,,reported_via_secondary_compilation,,paschen1992,"(Paschen et al., 1992)","(Paschen et al., 1992)",paschen1992,"(Paschen et al., 1992)",primary,journal_article,resolved,"(Paschen et al., 1992)",paschen1992
154,Meriones unguiculatus,Gerbil,Kaufman__2004,TableA6,79,79,Neocortex,Neocortex,,CBF,cerebral_perfusion,137,mL/100g/min,137.0,,7.0,mL/100g/min,anesthetized,resting_anesthetized,FALSE,single_primary_reference,single,,reported_via_secondary_compilation,anesthetized,suzuki1983,"(Suzuki et al., 1983)","(Suzuki et al., 1983)",suzuki1983,"(Suzuki et al., 1983)",primary,journal_article,resolved,"(Suzuki et al., 1983)",suzuki1983
155,Meriones unguiculatus,Gerbil,Kaufman__2004,TableA6,80,80,Neocortex,Neocortex,,CBF,cerebral_perfusion,131.5,mL/100g/min,131.5,,4.0,mL/100g/min,anesthetized,resting_anesthetized,FALSE,single_primary_reference,single,,reported_via_secondary_compilation,anesthetized,mies1990,"(Mies et al., 1990)","(Mies et al., 1990)",mies1990,"(Mies et al., 1990)",primary,journal_article,resolved,"(Mies et al., 1990)",mies1990
156,Meriones unguiculatus,Meriones,Kaufman__2004,TableA5,38,38,White_matter,White Matter,,CBF,cerebral_perfusion,62,mL/100g/min,62.0,,2.0,mL/100g/min,conscious,resting_conscious,TRUE,single_primary_reference,single,,reported_via_secondary_compilation,,mies1984,"(Mies et al., 1984)","(Mies et al., 1984)",mies1984,"(Mies et al., 1984)",primary,journal_article,resolved,"(Mies et al., 1984)",mies1984
157,Meriones unguiculatus,Meriones,Kaufman__2004,TableA14,141,141,Whole_brain,Whole Brain (direct measurement),,CBF,cerebral_perfusion,102,mL/100g/min,102.0,,10.0,mL/100g/min,conscious,resting_conscious,TRUE,single_primary_reference,single,,reported_via_secondary_compilation,,van1978,"(Van Uitert and Levy, 1978)","(Van Uitert and Levy, 1978)",van1978,"(Van Uitert and Levy, 1978)",primary,journal_article,resolved,"(Van Uitert and Levy, 1978)",van1978
158,Mus musculus,Mus,Kaufman__2004,TableA14,183,183,Whole_brain,Whole Brain (direct measurement),,CBF,cerebral_perfusion,117,mL/100g/min,117.0,,5.0,mL/100g/min,conscious,resting_conscious,TRUE,single_primary_reference,single,,reported_via_secondary_compilation,,itoh2001,"(Itoh et al., 2001)","(Itoh et al., 2001)",itoh2001,"(Itoh et al., 2001)",primary,journal_article,resolved,"(Itoh et al., 2001)",itoh2001
159,Ovis aries,Ovis,Kaufman__2004,TableA14,191,191,Whole_brain,Whole Brain (direct measurement),,CBF,cerebral_perfusion,78,mL/100g/min,78.0,,3.0,mL/100g/min,conscious,resting_conscious,TRUE,single_primary_reference,single,,reported_via_secondary_compilation,,donegan1985,"(Donegan et al., 1985)","(Donegan et al., 1985)",donegan1985,"(Donegan et al., 1985)",primary,journal_article,resolved,"(Donegan et al., 1985)",donegan1985
160,Ovis aries,Ovis,Kaufman__2004,TableA14,192,192,Whole_brain,Whole Brain (direct measurement),,CBF,cerebral_perfusion,66.4,mL/100g/min,66.4,,8.0,mL/100g/min,conscious,resting_conscious,TRUE,single_primary_reference,single,,reported_via_secondary_compilation,,iwamoto1991,"(Iwamoto et al., 1991)","(Iwamoto et al., 1991)",iwamoto1991,"(Iwamoto et al., 1991)",primary,journal_article,resolved,"(Iwamoto et al., 1991)",iwamoto1991
161,Ovis aries,Ovis,Kaufman__2004,TableA14,193,193,Whole_brain,Whole Brain (direct measurement),,CBF,cerebral_perfusion,55,mL/100g/min,55.0,,9.0,mL/100g/min,conscious,resting_conscious,TRUE,single_primary_reference,single,,reported_via_secondary_compilation,,yang1995,"(Yang and Krasney, 1995)","(Yang and Krasney, 1995)",yang1995,"(Yang and Krasney, 1995)",primary,journal_article,resolved,"(Yang and Krasney, 1995)",yang1995
162,Ovis aries,Ovis,Kaufman__2004,TableA14,194,194,Whole_brain,Whole Brain (direct measurement),,CBF,cerebral_perfusion,60,mL/100g/min,60.0,,10.0,mL/100g/min,conscious,resting_conscious,TRUE,single_primary_reference,single,,reported_via_secondary_compilation,,matalon1983,"(Matalon et al., 1983)","(Matalon et al., 1983)",matalon1983,"(Matalon et al., 1983)",primary,journal_article,resolved,"(Matalon et al., 1983)",matalon1983
163,Papio anubis,Papio,Kaufman__2004,TableA6,57,57,Neocortex,Neocortex,,CBF,cerebral_perfusion,52.3,mL/100g/min,52.3,,6.0,mL/100g/min,anesthetized,resting_anesthetized,FALSE,single_primary_reference,single,,reported_via_secondary_compilation,anesthetized,mackenzie1976,"(MacKenzie et al., 1976)","(MacKenzie et al., 1976)",mackenzie1976,"(MacKenzie et al., 1976)",primary,journal_article,resolved,"(MacKenzie et al., 1976)",mackenzie1976
164,Papio anubis,Papio,Kaufman__2004,TableA14,56,56,Whole_brain,Whole Brain (direct measurement),,CBF,cerebral_perfusion,39.4,mL/100g/min,39.4,,5.0,mL/100g/min,anesthetized,resting_anesthetized,FALSE,single_primary_reference,single,,reported_via_secondary_compilation,anesthetized,hamar1979,"(Hamar et al., 1979)","(Hamar et al., 1979)",hamar1979,"(Hamar et al., 1979)",primary,journal_article,resolved,"(Hamar et al., 1979)",hamar1979
165,Papio anubis,Papio,Kaufman__2004,TableA14,57,57,Whole_brain,Whole Brain (direct measurement),,CBF,cerebral_perfusion,51,mL/100g/min,51.0,,7.0,mL/100g/min,anesthetized,resting_anesthetized,FALSE,single_primary_reference,single,,reported_via_secondary_compilation,anesthetized,harper1977,"(Harper and MacKenzie, 1977)","(Harper and MacKenzie, 1977)",harper1977,"(Harper and MacKenzie, 1977)",primary,journal_article,resolved,"(Harper and MacKenzie, 1977)",harper1977
166,Papio anubis,Papio,Kaufman__2004,TableA14,58,58,Whole_brain,Whole Brain (direct measurement),,CBF,cerebral_perfusion,44,mL/100g/min,44.0,,4.0,mL/100g/min,anesthetized,resting_anesthetized,FALSE,single_primary_reference,single,,reported_via_secondary_compilation,anesthetized,mcculloch1977,"(McCulloch and Harper, 1977)","(McCulloch and Harper, 1977)",mcculloch1977,"(McCulloch and Harper, 1977)",primary,journal_article,resolved,"(McCulloch and Harper, 1977)",mcculloch1977
167,Papio anubis,Papio,Kaufman__2004,TableA14,59,59,Whole_brain,Whole Brain (direct measurement),,CBF,cerebral_perfusion,38,mL/100g/min,38.0,,3.0,mL/100g/min,anesthetized,resting_anesthetized,FALSE,single_primary_reference,single,,reported_via_secondary_compilation,anesthetized,reivich1972,"(Reivich et al., 1972)","(Reivich et al., 1972)",reivich1972,"(Reivich et al., 1972)",primary,journal_article,resolved,"(Reivich et al., 1972)",reivich1972
168,Papio anubis,Papio,Kaufman__2004,TableA14,60,60,Whole_brain,Whole Brain (direct measurement),,CBF,cerebral_perfusion,37.9,mL/100g/min,37.9,,17.0,mL/100g/min,anesthetized,resting_anesthetized,FALSE,single_primary_reference,single,,reported_via_secondary_compilation,anesthetized,tagashira1977,"(Tagashira et al., 1977)","(Tagashira et al., 1977)",tagashira1977,"(Tagashira et al., 1977)",primary,journal_article,resolved,"(Tagashira et al., 1977)",tagashira1977
169,Papio anubis,Papio,Kaufman__2004,TableA14,61,61,Whole_brain,Whole Brain (direct measurement),,CBF,cerebral_perfusion,48.3,mL/100g/min,48.3,,6.0,mL/100g/min,anesthetized,resting_anesthetized,FALSE,single_primary_reference,single,,reported_via_secondary_compilation,anesthetized,van1986,"(Van Aken et al., 1986)","(Van Aken et al., 1986)",van1986,"(Van Aken et al., 1986)",primary,journal_article,resolved,"(Van Aken et al., 1986)",van1986
170,Papio anubis,Papio,Kaufman__2004,TableA14,62,62,Whole_brain,Whole Brain (direct measurement),,CBF,cerebral_perfusion,50.01,mL/100g/min,50.01,,7.0,mL/100g/min,anesthetized,resting_anesthetized,FALSE,single_primary_reference,single,,reported_via_secondary_compilation,anesthetized,van1990,"(Van Hemelrijck et al., 1990)","(Van Hemelrijck et al., 1990)",van1990,"(Van Hemelrijck et al., 1990)",primary,journal_article,resolved,"(Van Hemelrijck et al., 1990)",van1990
171,Papio anubis,Papio,Kaufman__2004,TableA14,63,63,Whole_brain,Whole Brain (direct measurement),,CBF,cerebral_perfusion,55.8,mL/100g/min,55.8,,8.0,mL/100g/min,anesthetized,resting_anesthetized,FALSE,single_primary_reference,single,,reported_via_secondary_compilation,anesthetized,brussel1991,"(Brussel et al., 1991)","(Brussel et al., 1991)",brussel1991,"(Brussel et al., 1991)",primary,journal_article,resolved,"(Brussel et al., 1991)",brussel1991
172,Papio anubis,Papio,Kaufman__2004,TableA14,64,64,Whole_brain,Whole Brain (direct measurement),,CBF,cerebral_perfusion,35.6,mL/100g/min,35.6,,5.0,mL/100g/min,anesthetized,resting_anesthetized,FALSE,single_primary_reference,single,,reported_via_secondary_compilation,anesthetized,pappata1993,"(Pappata et al., 1993)","(Pappata et al., 1993)",pappata1993,"(Pappata et al., 1993)",primary,journal_article,resolved,"(Pappata et al., 1993)",pappata1993
173,Papio anubis,Papio,Kaufman__2004,TableA14,65,65,Whole_brain,Whole Brain (direct measurement),,CBF,cerebral_perfusion,58.2,mL/100g/min,58.2,,11.0,mL/100g/min,anesthetized,resting_anesthetized,FALSE,single_primary_reference,single,,reported_via_secondary_compilation,anesthetized,sahlin1986,"(Sahlin et al., 1986)","(Sahlin et al., 1986)",sahlin1986,"(Sahlin et al., 1986)",primary,journal_article,resolved,"(Sahlin et al., 1986)",sahlin1986
174,Papio anubis,Papio,Kaufman__2004,TableA14,66,66,Whole_brain,Whole Brain (direct measurement),,CBF,cerebral_perfusion,29.3,mL/100g/min,29.3,,10.0,mL/100g/min,anesthetized,resting_anesthetized,FALSE,single_primary_reference,single,,reported_via_secondary_compilation,anesthetized,schumann1998,"(Schumann et al., 1998)","(Schumann et al., 1998)",schumann1998,"(Schumann et al., 1998)",primary,journal_article,resolved,"(Schumann et al., 1998)",schumann1998
175,Papio anubis,Papio,Kaufman__2004,TableA14,67,67,Whole_brain,Whole Brain (direct measurement),,CBF,cerebral_perfusion,32.5,mL/100g/min,32.5,,7.0,mL/100g/min,anesthetized,resting_anesthetized,FALSE,single_primary_reference,single,,reported_via_secondary_compilation,anesthetized,touzanietal1995,"(TouzanietaL, 1995)","(TouzanietaL, 1995)",touzanietal1995,"(TouzanietaL, 1995)",primary,journal_article,resolved,"(TouzanietaL, 1995)",touzanietal1995
176,Papio anubis,Papio,Kaufman__2004,TableA14,68,68,Whole_brain,Whole Brain (direct measurement),,CBF,cerebral_perfusion,63.2,mL/100g/min,63.2,,13.0,mL/100g/min,anesthetized,resting_anesthetized,FALSE,single_primary_reference,single,,reported_via_secondary_compilation,anesthetized,sahlin1987,"(Sahlin et al., 1987)","(Sahlin et al., 1987)",sahlin1987,"(Sahlin et al., 1987)",primary,journal_article,resolved,"(Sahlin et al., 1987)",sahlin1987
177,Papio anubis,Papio,Kaufman__2004,TableA14,69,69,Whole_brain,Whole Brain (direct measurement),,CBF,cerebral_perfusion,41.3,mL/100g/min,41.3,,11.0,mL/100g/min,anesthetized,resting_anesthetized,FALSE,single_primary_reference,single,,reported_via_secondary_compilation,anesthetized,kawamura1975,"(Kawamura et al., 1975)","(Kawamura et al., 1975)",kawamura1975,"(Kawamura et al., 1975)",primary,journal_article,resolved,"(Kawamura et al., 1975)",kawamura1975
178,Papio anubis,Papio,Kaufman__2004,TableA14,70,70,Whole_brain,Whole Brain (direct measurement),,CBF,cerebral_perfusion,36.5,mL/100g/min,36.5,,12.0,mL/100g/min,anesthetized,resting_anesthetized,FALSE,single_primary_reference,single,,reported_via_secondary_compilation,anesthetized,aoyagi1975,"(Aoyagi et al., 1975)","(Aoyagi et al., 1975)",aoyagi1975,"(Aoyagi et al., 1975)",primary,journal_article,resolved,"(Aoyagi et al., 1975)",aoyagi1975
179,Papio anubis,Papio,Kaufman__2004,TableA14,71,71,Whole_brain,Whole Brain (direct measurement),,CBF,cerebral_perfusion,62.6,mL/100g/min,62.6,,4.0,mL/100g/min,anesthetized,resting_anesthetized,FALSE,single_primary_reference,single,,reported_via_secondary_compilation,anesthetized,harper1981,"(Harper et al., 1981)","(Harper et al., 1981)",harper1981,"(Harper et al., 1981)",primary,journal_article,resolved,"(Harper et al., 1981)",harper1981
180,Papio anubis,Papio,Kaufman__2004,TableA14,72,72,Whole_brain,Whole Brain (direct measurement),,CBF,cerebral_perfusion,36.95,mL/100g/min,36.95,,4.0,mL/100g/min,anesthetized,resting_anesthetized,FALSE,single_primary_reference,single,,reported_via_secondary_compilation,anesthetized,young1996,"(Young et al., 1996)","(Young et al., 1996)",young1996,"(Young et al., 1996)",primary,journal_article,resolved,"(Young et al., 1996)",young1996
181,Rattus norvegicus,Rattus,Kaufman__2004,TableA1,114,114,Basal_ganglia,Basal Ganglia,,CBF,cerebral_perfusion,112,mL/100g/min,112.0,,4.0,mL/100g/min,conscious,resting_conscious,TRUE,single_primary_reference,single,,reported_via_secondary_compilation,,lear1981,"(Lear et al., 1981)","(Lear et al., 1981)",lear1981,"(Lear et al., 1981)",primary,journal_article,resolved,"(Lear et al., 1981)",lear1981
182,Rattus norvegicus,Rattus,Kaufman__2004,TableA1,115,115,Basal_ganglia,Basal Ganglia,,CBF,cerebral_perfusion,123,mL/100g/min,123.0,,8.0,mL/100g/min,conscious,resting_conscious,TRUE,single_primary_reference,single,,reported_via_secondary_compilation,,cremer1983,"(Cremer and Seville, 1983)","(Cremer and Seville, 1983)",cremer1983,"(Cremer and Seville, 1983)",primary,journal_article,resolved,"(Cremer and Seville, 1983)",cremer1983
183,Rattus norvegicus,Rattus,Kaufman__2004,TableA4,82,82,Cerebellum,Cerebellum,,CBF,cerebral_perfusion,89,mL/100g/min,89.0,,8.0,mL/100g/min,conscious,resting_conscious,TRUE,single_primary_reference,single,,reported_via_secondary_compilation,,cremer1983,"(Cremer and Seville, 1983)","(Cremer and Seville, 1983)",cremer1983,"(Cremer and Seville, 1983)",primary,journal_article,resolved,"(Cremer and Seville, 1983)",cremer1983
184,Rattus norvegicus,Rattus,Kaufman__2004,TableA4,83,83,Cerebellum,Cerebellum,,CBF,cerebral_perfusion,144,mL/100g/min,144.0,,6.0,mL/100g/min,conscious,resting_conscious,TRUE,single_primary_reference,single,,reported_via_secondary_compilation,,dahlgren1981,"(Dahlgren et al., 1981a)","(Dahlgren et al., 1981a)",dahlgren1981,"(Dahlgren et al., 1981a)",primary,journal_article,resolved,"(Dahlgren et al., 1981a)",dahlgren1981
185,Rattus norvegicus,Rattus,Kaufman__2004,TableA2,75,75,Hippocampus,Hippocampus,,CBF,cerebral_perfusion,81,mL/100g/min,81.0,,4.0,mL/100g/min,conscious,resting_conscious,TRUE,single_primary_reference,single,,reported_via_secondary_compilation,,lear1981,"(Lear etal., 1981)","(Lear etal., 1981)",lear1981,"(Lear etal., 1981)",primary,journal_article,resolved,"(Lear etal., 1981)",lear1981
186,Rattus norvegicus,Rattus,Kaufman__2004,TableA2,76,76,Hippocampus,Hippocampus,,CBF,cerebral_perfusion,76,mL/100g/min,76.0,,6.0,mL/100g/min,conscious,resting_conscious,TRUE,single_primary_reference,single,,reported_via_secondary_compilation,,lenz1998,"(Lenz et al., 1998)","(Lenz et al., 1998)",lenz1998,"(Lenz et al., 1998)",primary,journal_article,resolved,"(Lenz et al., 1998)",lenz1998
187,Rattus norvegicus,Rattus,Kaufman__2004,TableA2,77,77,Hippocampus,Hippocampus,,CBF,cerebral_perfusion,104,mL/100g/min,104.0,,6.0,mL/100g/min,conscious,resting_conscious,TRUE,single_primary_reference,single,,reported_via_secondary_compilation,,maekawa1986,"(Maekawa et al., 1986)","(Maekawa et al., 1986)",maekawa1986,"(Maekawa et al., 1986)",primary,journal_article,resolved,"(Maekawa et al., 1986)",maekawa1986
188,Rattus norvegicus,Rattus,Kaufman__2004,TableA2,78,78,Hippocampus,Hippocampus,,CBF,cerebral_perfusion,102,mL/100g/min,102.0,,8.0,mL/100g/min,conscious,resting_conscious,TRUE,single_primary_reference,single,,reported_via_secondary_compilation,,cremer1983,"(Cremer and Seville, 1983)","(Cremer and Seville, 1983)",cremer1983,"(Cremer and Seville, 1983)",primary,journal_article,resolved,"(Cremer and Seville, 1983)",cremer1983
189,Rattus norvegicus,Rattus,Kaufman__2004,TableA2,79,79,Hippocampus,Hippocampus,,CBF,cerebral_perfusion,100,mL/100g/min,100.0,,6.0,mL/100g/min,conscious,resting_conscious,TRUE,single_primary_reference,single,,reported_via_secondary_compilation,,dahlgren1981,"(Dahlgren et al., 1981a)","(Dahlgren et al., 1981a)",dahlgren1981,"(Dahlgren et al., 1981a)",primary,journal_article,resolved,"(Dahlgren et al., 1981a)",dahlgren1981
190,Rattus norvegicus,Rattus,Kaufman__2004,TableA6,136,136,Neocortex,Neocortex,,CBF,cerebral_perfusion,124.5,mL/100g/min,124.5,,4.0,mL/100g/min,conscious,resting_conscious,TRUE,single_primary_reference,single,,reported_via_secondary_compilation,,lear1981,"(Lear et al., 1981)","(Lear et al., 1981)",lear1981,"(Lear et al., 1981)",primary,journal_article,resolved,"(Lear et al., 1981)",lear1981
191,Rattus norvegicus,Rattus,Kaufman__2004,TableA6,137,137,Neocortex,Neocortex,,CBF,cerebral_perfusion,77.5,mL/100g/min,77.5,,6.0,mL/100g/min,anesthetized,resting_anesthetized,FALSE,single_primary_reference,single,,reported_via_secondary_compilation,anesthetized,mies1981,"(Mies et al., 1981)","(Mies et al., 1981)",mies1981,"(Mies et al., 1981)",primary,journal_article,resolved,"(Mies et al., 1981)",mies1981
192,Rattus norvegicus,Rattus,Kaufman__2004,TableA6,138,138,Neocortex,Neocortex,,CBF,cerebral_perfusion,130.5,mL/100g/min,130.5,,20.0,mL/100g/min,conscious,resting_conscious,TRUE,single_primary_reference,single,,reported_via_secondary_compilation,,baughman1990,"(Baughman et al., 1990)","(Baughman et al., 1990)",baughman1990,"(Baughman et al., 1990)",primary,journal_article,resolved,"(Baughman et al., 1990)",baughman1990
193,Rattus norvegicus,Rattus,Kaufman__2004,TableA6,139,139,Neocortex,Neocortex,,CBF,cerebral_perfusion,145,mL/100g/min,145.0,,10.0,mL/100g/min,anesthetized,resting_anesthetized,FALSE,single_primary_reference,single,,reported_via_secondary_compilation,anesthetized,gjedde1977,"(Gjedde et al., 1977)","(Gjedde et al., 1977)",gjedde1977,"(Gjedde et al., 1977)",primary,journal_article,resolved,"(Gjedde et al., 1977)",gjedde1977
194,Rattus norvegicus,Rattus,Kaufman__2004,TableA6,140,140,Neocortex,Neocortex,,CBF,cerebral_perfusion,170,mL/100g/min,170.0,,7.0,mL/100g/min,anesthetized,resting_anesthetized,FALSE,single_primary_reference,single,,reported_via_secondary_compilation,anesthetized,naughton1985,"(Naughton et al., 1985)","(Naughton et al., 1985)",naughton1985,"(Naughton et al., 1985)",primary,journal_article,resolved,"(Naughton et al., 1985)",naughton1985
195,Rattus norvegicus,Rattus,Kaufman__2004,TableA6,141,141,Neocortex,Neocortex,,CBF,cerebral_perfusion,100,mL/100g/min,100.0,,6.0,mL/100g/min,anesthetized,resting_anesthetized,FALSE,single_primary_reference,single,,reported_via_secondary_compilation,anesthetized,norberg1974,"(Norberg and Siesjo, 1974)","(Norberg and Siesjo, 1974)",norberg1974,"(Norberg and Siesjo, 1974)",primary,journal_article,resolved,"(Norberg and Siesjo, 1974)",norberg1974
196,Rattus norvegicus,Rattus,Kaufman__2004,TableA6,142,142,Neocortex,Neocortex,,CBF,cerebral_perfusion,193.8,mL/100g/min,193.8,,8.0,mL/100g/min,conscious,resting_conscious,TRUE,single_primary_reference,single,,reported_via_secondary_compilation,,cremer1983,"(Cremer and Seville, 1983)","(Cremer and Seville, 1983)",cremer1983,"(Cremer and Seville, 1983)",primary,journal_article,resolved,"(Cremer and Seville, 1983)",cremer1983
197,Rattus norvegicus,Rattus,Kaufman__2004,TableA3,117,117,Thalamus,Thalamus,,CBF,cerebral_perfusion,120,mL/100g/min,120.0,,6.0,mL/100g/min,conscious,resting_conscious,TRUE,single_primary_reference,single,,reported_via_secondary_compilation,,lenzetal1998,"(Lenzetal., 1998)","(Lenzetal., 1998)",lenzetal1998,"(Lenzetal., 1998)",primary,journal_article,resolved,"(Lenzetal., 1998)",lenzetal1998
198,Rattus norvegicus,Rattus,Kaufman__2004,TableA3,118,118,Thalamus,Thalamus,,CBF,cerebral_perfusion,141,mL/100g/min,141.0,,6.0,mL/100g/min,conscious,resting_conscious,TRUE,single_primary_reference,single,,reported_via_secondary_compilation,,maekawa1986,"(Maekawa et al., 1986)","(Maekawa et al., 1986)",maekawa1986,"(Maekawa et al., 1986)",primary,journal_article,resolved,"(Maekawa et al., 1986)",maekawa1986
199,Rattus norvegicus,Rattus,Kaufman__2004,TableA3,119,119,Thalamus,Thalamus,,CBF,cerebral_perfusion,117,mL/100g/min,117.0,,8.0,mL/100g/min,conscious,resting_conscious,TRUE,single_primary_reference,single,,reported_via_secondary_compilation,,cremer1983,"(Cremer and Seville, 1983)","(Cremer and Seville, 1983)",cremer1983,"(Cremer and Seville, 1983)",primary,journal_article,resolved,"(Cremer and Seville, 1983)",cremer1983
200,Rattus norvegicus,Rattus,Kaufman__2004,TableA3,120,120,Thalamus,Thalamus,,CBF,cerebral_perfusion,146,mL/100g/min,146.0,,6.0,mL/100g/min,conscious,resting_conscious,TRUE,single_primary_reference,single,,reported_via_secondary_compilation,,dahlgren1981,"(Dahlgren et al., 1981b)","(Dahlgren et al., 1981b)",dahlgren1981,"(Dahlgren et al., 1981b)",primary,journal_article,resolved,"(Dahlgren et al., 1981b)",dahlgren1981
201,Rattus norvegicus,Rattus,Kaufman__2004,TableA5,61,61,White_matter,White Matter,,CBF,cerebral_perfusion,35,mL/100g/min,35.0,,4.0,mL/100g/min,conscious,resting_conscious,TRUE,single_primary_reference,single,,reported_via_secondary_compilation,,lear1981,"(Lear etal., 1981)","(Lear etal., 1981)",lear1981,"(Lear etal., 1981)",primary,journal_article,resolved,"(Lear etal., 1981)",lear1981
202,Rattus norvegicus,Rattus,Kaufman__2004,TableA14,148,148,Whole_brain,Whole Brain (direct measurement),,CBF,cerebral_perfusion,106,mL/100g/min,106.0,,8.0,mL/100g/min,conscious,resting_conscious,TRUE,single_primary_reference,single,,reported_via_secondary_compilation,,linde1999,"(Linde et al., 1999)","(Linde et al., 1999)",linde1999,"(Linde et al., 1999)",primary,journal_article,resolved,"(Linde et al., 1999)",linde1999
203,Rattus norvegicus,Rattus,Kaufman__2004,TableA14,149,149,Whole_brain,Whole Brain (direct measurement),,CBF,cerebral_perfusion,108,mL/100g/min,108.0,,31.0,mL/100g/min,conscious,resting_conscious,TRUE,single_primary_reference,single,,reported_via_secondary_compilation,,madsen1998,"(Madsen et al., 1998)","(Madsen et al., 1998)",madsen1998,"(Madsen et al., 1998)",primary,journal_article,resolved,"(Madsen et al., 1998)",madsen1998
204,Rattus norvegicus,Rattus,Kaufman__2004,TableA14,150,150,Whole_brain,Whole Brain (direct measurement),,CBF,cerebral_perfusion,100,mL/100g/min,100.0,,10.0,mL/100g/min,conscious,resting_conscious,TRUE,single_primary_reference,single,,reported_via_secondary_compilation,,meldrum1976,"(Meldrum and Nilsson, 1976)","(Meldrum and Nilsson, 1976)",meldrum1976,"(Meldrum and Nilsson, 1976)",primary,journal_article,resolved,"(Meldrum and Nilsson, 1976)",meldrum1976
205,Rattus norvegicus,Rattus,Kaufman__2004,TableA14,151,151,Whole_brain,Whole Brain (direct measurement),,CBF,cerebral_perfusion,104,mL/100g/min,104.0,,15.0,mL/100g/min,conscious,resting_conscious,TRUE,single_primary_reference,single,,reported_via_secondary_compilation,,takei1983,"(Takei etal., 1983)","(Takei etal., 1983)",takei1983,"(Takei etal., 1983)",primary,journal_article,resolved,"(Takei etal., 1983)",takei1983
206,Rattus norvegicus,Rattus,Kaufman__2004,TableA14,152,152,Whole_brain,Whole Brain (direct measurement),,CBF,cerebral_perfusion,107,mL/100g/min,107.0,,15.0,mL/100g/min,conscious,resting_conscious,TRUE,single_primary_reference,single,,reported_via_secondary_compilation,,takeietal1983,"(TakeietaL, 1983)","(TakeietaL, 1983)",takeietal1983,"(TakeietaL, 1983)",primary,journal_article,resolved,"(TakeietaL, 1983)",takeietal1983
207,Rattus norvegicus,Rattus,Kaufman__2004,TableA14,153,153,Whole_brain,Whole Brain (direct measurement),,CBF,cerebral_perfusion,103,mL/100g/min,103.0,,15.0,mL/100g/min,conscious,resting_conscious,TRUE,single_primary_reference,single,,reported_via_secondary_compilation,,takei1983,"(Takei etal., 1983)","(Takei etal., 1983)",takei1983,"(Takei etal., 1983)",primary,journal_article,resolved,"(Takei etal., 1983)",takei1983
208,Rattus norvegicus,Rattus,Kaufman__2004,TableA14,154,154,Whole_brain,Whole Brain (direct measurement),,CBF,cerebral_perfusion,61,mL/100g/min,61.0,,7.0,mL/100g/min,anesthetized,resting_anesthetized,FALSE,single_primary_reference,single,,reported_via_secondary_compilation,anesthetized,magata1995,"(Magata et al., 1995)","(Magata et al., 1995)",magata1995,"(Magata et al., 1995)",primary,journal_article,resolved,"(Magata et al., 1995)",magata1995
209,Rattus norvegicus,Rattus,Kaufman__2004,TableA14,155,155,Whole_brain,Whole Brain (direct measurement),,CBF,cerebral_perfusion,106,mL/100g/min,106.0,,6.0,mL/100g/min,anesthetized,resting_anesthetized,FALSE,single_primary_reference,single,,reported_via_secondary_compilation,anesthetized,gjedde1975,"(Gjedde and Hindfelt, 1975)","(Gjedde and Hindfelt, 1975)",gjedde1975,"(Gjedde and Hindfelt, 1975)",primary,journal_article,resolved,"(Gjedde and Hindfelt, 1975)",gjedde1975
210,Rattus norvegicus,Rattus,Kaufman__2004,TableA14,156,156,Whole_brain,Whole Brain (direct measurement),,CBF,cerebral_perfusion,108,mL/100g/min,108.0,,10.0,mL/100g/min,anesthetized,resting_anesthetized,FALSE,single_primary_reference,single,,reported_via_secondary_compilation,anesthetized,gjedde1977,"(Gjedde etal., 1977)","(Gjedde etal., 1977)",gjedde1977,"(Gjedde etal., 1977)",primary,journal_article,resolved,"(Gjedde etal., 1977)",gjedde1977
211,Rattus norvegicus,Rattus,Kaufman__2004,TableA14,157,157,Whole_brain,Whole Brain (direct measurement),,CBF,cerebral_perfusion,130,mL/100g/min,130.0,,8.0,mL/100g/min,anesthetized,resting_anesthetized,FALSE,single_primary_reference,single,,reported_via_secondary_compilation,anesthetized,hauerberg1997,"(Hauerberg and Juhler, 1997)","(Hauerberg and Juhler, 1997)",hauerberg1997,"(Hauerberg and Juhler, 1997)",primary,journal_article,resolved,"(Hauerberg and Juhler, 1997)",hauerberg1997
212,Rattus norvegicus,Rattus,Kaufman__2004,TableA14,158,158,Whole_brain,Whole Brain (direct measurement),,CBF,cerebral_perfusion,111.5,mL/100g/min,111.5,,17.0,mL/100g/min,anesthetized,resting_anesthetized,FALSE,single_primary_reference,single,,reported_via_secondary_compilation,anesthetized,nemoto1996,"(Nemoto et al., 1996a)","(Nemoto et al., 1996a)",nemoto1996,"(Nemoto et al., 1996a)",primary,journal_article,resolved,"(Nemoto et al., 1996a)",nemoto1996
213,Rattus norvegicus,Rattus,Kaufman__2004,TableA14,159,159,Whole_brain,Whole Brain (direct measurement),,CBF,cerebral_perfusion,135,mL/100g/min,135.0,,5.0,mL/100g/min,anesthetized,resting_anesthetized,FALSE,single_primary_reference,single,,reported_via_secondary_compilation,anesthetized,nilsson1975,"(Nilsson and Siesjo, 1975)","(Nilsson and Siesjo, 1975)",nilsson1975,"(Nilsson and Siesjo, 1975)",primary,journal_article,resolved,"(Nilsson and Siesjo, 1975)",nilsson1975
214,Rattus norvegicus,Rattus,Kaufman__2004,TableA14,160,160,Whole_brain,Whole Brain (direct measurement),,CBF,cerebral_perfusion,108,mL/100g/min,108.0,,9.0,mL/100g/min,anesthetized,resting_anesthetized,FALSE,single_primary_reference,single,,reported_via_secondary_compilation,anesthetized,harp1976,"(Harp et al., 1976)","(Harp et al., 1976)",harp1976,"(Harp et al., 1976)",primary,journal_article,resolved,"(Harp et al., 1976)",harp1976
215,Rattus norvegicus,Rattus,Kaufman__2004,TableA14,161,161,Whole_brain,Whole Brain (direct measurement),,CBF,cerebral_perfusion,133,mL/100g/min,133.0,,6.0,mL/100g/min,anesthetized,resting_anesthetized,FALSE,single_primary_reference,single,,reported_via_secondary_compilation,anesthetized,harp1976,"(Harp et al., 1976)","(Harp et al., 1976)",harp1976,"(Harp et al., 1976)",primary,journal_article,resolved,"(Harp et al., 1976)",harp1976
216,Rattus norvegicus,Rattus,Kaufman__2004,TableA14,162,162,Whole_brain,Whole Brain (direct measurement),,CBF,cerebral_perfusion,136,mL/100g/min,136.0,,8.0,mL/100g/min,anesthetized,resting_anesthetized,FALSE,single_primary_reference,single,,reported_via_secondary_compilation,anesthetized,harp1976,"(Harp et al., 1976)","(Harp et al., 1976)",harp1976,"(Harp et al., 1976)",primary,journal_article,resolved,"(Harp et al., 1976)",harp1976
217,Rattus norvegicus,Rattus,Kaufman__2004,TableA14,163,163,Whole_brain,Whole Brain (direct measurement),,CBF,cerebral_perfusion,97,mL/100g/min,97.0,,6.0,mL/100g/min,anesthetized,resting_anesthetized,FALSE,single_primary_reference,single,,reported_via_secondary_compilation,anesthetized,harp1976,"(Harp et al., 1976)","(Harp et al., 1976)",harp1976,"(Harp et al., 1976)",primary,journal_article,resolved,"(Harp et al., 1976)",harp1976
218,Rattus norvegicus,Rattus,Kaufman__2004,TableA14,164,164,Whole_brain,Whole Brain (direct measurement),,CBF,cerebral_perfusion,121,mL/100g/min,121.0,,5.0,mL/100g/min,anesthetized,resting_anesthetized,FALSE,single_primary_reference,single,,reported_via_secondary_compilation,anesthetized,carlsson1976,"(Carlsson et al., 1976)","(Carlsson et al., 1976)",carlsson1976,"(Carlsson et al., 1976)",primary,journal_article,resolved,"(Carlsson et al., 1976)",carlsson1976
219,Rattus norvegicus,Rattus,Kaufman__2004,TableA14,165,165,Whole_brain,Whole Brain (direct measurement),,CBF,cerebral_perfusion,97,mL/100g/min,97.0,,10.0,mL/100g/min,anesthetized,resting_anesthetized,FALSE,single_primary_reference,single,,reported_via_secondary_compilation,anesthetized,hemmingsen1979,"(Hemmingsen et al., 1979a)","(Hemmingsen et al., 1979a)",hemmingsen1979,"(Hemmingsen et al., 1979a)",primary,journal_article,resolved,"(Hemmingsen et al., 1979a)",hemmingsen1979
220,Rattus norvegicus,Rattus,Kaufman__2004,TableA14,166,166,Whole_brain,Whole Brain (direct measurement),,CBF,cerebral_perfusion,107,mL/100g/min,107.0,,8.0,mL/100g/min,anesthetized,resting_anesthetized,FALSE,single_primary_reference,single,,reported_via_secondary_compilation,anesthetized,hemmingsen1979,"(Hemmingsen et al., 1979a)","(Hemmingsen et al., 1979a)",hemmingsen1979,"(Hemmingsen et al., 1979a)",primary,journal_article,resolved,"(Hemmingsen et al., 1979a)",hemmingsen1979
221,Rattus norvegicus,Rattus,Kaufman__2004,TableA14,167,167,Whole_brain,Whole Brain (direct measurement),,CBF,cerebral_perfusion,78,mL/100g/min,78.0,,9.0,mL/100g/min,anesthetized,resting_anesthetized,FALSE,single_primary_reference,single,,reported_via_secondary_compilation,anesthetized,hemmingsen1979,"(Hemmingsen et al., 1979a)","(Hemmingsen et al., 1979a)",hemmingsen1979,"(Hemmingsen et al., 1979a)",primary,journal_article,resolved,"(Hemmingsen et al., 1979a)",hemmingsen1979
222,Rattus norvegicus,Rattus,Kaufman__2004,TableA14,168,168,Whole_brain,Whole Brain (direct measurement),,CBF,cerebral_perfusion,79.5,mL/100g/min,79.5,,8.0,mL/100g/min,anesthetized,resting_anesthetized,FALSE,single_primary_reference,single,,reported_via_secondary_compilation,anesthetized,nilsson1976,"(Nilsson and Siesjo, 1976)","(Nilsson and Siesjo, 1976)",nilsson1976,"(Nilsson and Siesjo, 1976)",primary,journal_article,resolved,"(Nilsson and Siesjo, 1976)",nilsson1976
223,Rattus norvegicus,Rattus,Kaufman__2004,TableA14,169,169,Whole_brain,Whole Brain (direct measurement),,CBF,cerebral_perfusion,110,mL/100g/min,110.0,,8.0,mL/100g/min,anesthetized,resting_anesthetized,FALSE,single_primary_reference,single,,reported_via_secondary_compilation,anesthetized,dahlgren1981,"(Dahlgren et al., 1981b)","(Dahlgren et al., 1981b)",dahlgren1981,"(Dahlgren et al., 1981b)",primary,journal_article,resolved,"(Dahlgren et al., 1981b)",dahlgren1981
224,Rattus norvegicus,Rattus,Kaufman__2004,TableA14,170,170,Whole_brain,Whole Brain (direct measurement),,CBF,cerebral_perfusion,103,mL/100g/min,103.0,,7.0,mL/100g/min,anesthetized,resting_anesthetized,FALSE,single_primary_reference,single,,reported_via_secondary_compilation,anesthetized,hemmingsen1979,"(Hemmingsen et al., 1979b)","(Hemmingsen et al., 1979b)",hemmingsen1979,"(Hemmingsen et al., 1979b)",primary,journal_article,resolved,"(Hemmingsen et al., 1979b)",hemmingsen1979
225,Rattus norvegicus,Rattus,Kaufman__2004,TableA14,171,171,Whole_brain,Whole Brain (direct measurement),,CBF,cerebral_perfusion,131.8,mL/100g/min,131.8,,17.0,mL/100g/min,anesthetized,resting_anesthetized,FALSE,single_primary_reference,single,,reported_via_secondary_compilation,anesthetized,klementavicius1996,"(Klementavicius etal., 1996b)","(Klementavicius etal., 1996b)",klementavicius1996,"(Klementavicius etal., 1996b)",primary,journal_article,resolved,"(Klementavicius etal., 1996b)",klementavicius1996
226,Rattus norvegicus,Rattus,Kaufman__2004,TableA14,172,172,Whole_brain,Whole Brain (direct measurement),,CBF,cerebral_perfusion,110.5,mL/100g/min,110.5,,14.0,mL/100g/min,anesthetized,resting_anesthetized,FALSE,single_primary_reference,single,,reported_via_secondary_compilation,anesthetized,nemoto1996,"(Nemoto et al., 1996b)","(Nemoto et al., 1996b)",nemoto1996,"(Nemoto et al., 1996b)",primary,journal_article,resolved,"(Nemoto et al., 1996b)",nemoto1996
227,Rattus norvegicus,Rattus,Kaufman__2004,TableA14,173,173,Whole_brain,Whole Brain (direct measurement),,CBF,cerebral_perfusion,140,mL/100g/min,140.0,,5.0,mL/100g/min,anesthetized,resting_anesthetized,FALSE,single_primary_reference,single,,reported_via_secondary_compilation,anesthetized,fiat1993,"(Fiat and Kang, 1993)","(Fiat and Kang, 1993)",fiat1993,"(Fiat and Kang, 1993)",primary,journal_article,resolved,"(Fiat and Kang, 1993)",fiat1993
228,Rattus norvegicus,Rattus,Kaufman__2004,TableA14,174,174,Whole_brain,Whole Brain (direct measurement),,CBF,cerebral_perfusion,85,mL/100g/min,85.0,,12.0,mL/100g/min,anesthetized,resting_anesthetized,FALSE,single_primary_reference,single,,reported_via_secondary_compilation,anesthetized,wang1993,"(Wang et al., 1993)","(Wang et al., 1993)",wang1993,"(Wang et al., 1993)",primary,journal_article,resolved,"(Wang et al., 1993)",wang1993
229,Rattus norvegicus,Rattus,Kaufman__2004,TableA14,175,175,Whole_brain,Whole Brain (direct measurement),,CBF,cerebral_perfusion,149,mL/100g/min,149.0,,17.0,mL/100g/min,anesthetized,resting_anesthetized,FALSE,single_primary_reference,single,,reported_via_secondary_compilation,anesthetized,kochanek1988,"(Kochanek et al., 1988)","(Kochanek et al., 1988)",kochanek1988,"(Kochanek et al., 1988)",primary,journal_article,resolved,"(Kochanek et al., 1988)",kochanek1988
230,Rattus norvegicus,Rattus,Kaufman__2004,TableA14,176,176,Whole_brain,Whole Brain (direct measurement),,CBF,cerebral_perfusion,141.3,mL/100g/min,141.3,,16.0,mL/100g/min,anesthetized,resting_anesthetized,FALSE,single_primary_reference,single,,reported_via_secondary_compilation,anesthetized,singh1992,"(Singh etal., 1992)","(Singh etal., 1992)",singh1992,"(Singh etal., 1992)",primary,journal_article,resolved,"(Singh etal., 1992)",singh1992
231,Rattus norvegicus,Rattus,Kaufman__2004,TableA14,177,177,Whole_brain,Whole Brain (direct measurement),,CBF,cerebral_perfusion,85,mL/100g/min,85.0,,10.0,mL/100g/min,anesthetized,resting_anesthetized,FALSE,single_primary_reference,single,,reported_via_secondary_compilation,anesthetized,kozniewska1992,"(Kozniewska and Oseka, 1992)","(Kozniewska and Oseka, 1992)",kozniewska1992,"(Kozniewska and Oseka, 1992)",primary,journal_article,resolved,"(Kozniewska and Oseka, 1992)",kozniewska1992
232,Rattus norvegicus,Rattus,Kaufman__2004,TableA14,178,178,Whole_brain,Whole Brain (direct measurement),,CBF,cerebral_perfusion,76,mL/100g/min,76.0,,4.0,mL/100g/min,anesthetized,resting_anesthetized,FALSE,single_primary_reference,single,,reported_via_secondary_compilation,anesthetized,nilsson1983,"(Nilsson and Siesjo, 1983)","(Nilsson and Siesjo, 1983)",nilsson1983,"(Nilsson and Siesjo, 1983)",primary,journal_article,resolved,"(Nilsson and Siesjo, 1983)",nilsson1983
233,Rattus norvegicus,Rattus,Kaufman__2004,TableA14,179,179,Whole_brain,Whole Brain (direct measurement),,CBF,cerebral_perfusion,169.88,mL/100g/min,169.88,,10.0,mL/100g/min,anesthetized,resting_anesthetized,FALSE,single_primary_reference,single,,reported_via_secondary_compilation,anesthetized,klementavicius1996,"(Klementavicius et al., 1996a)","(Klementavicius et al., 1996a)",klementavicius1996,"(Klementavicius et al., 1996a)",primary,journal_article,resolved,"(Klementavicius et al., 1996a)",klementavicius1996
234,Rattus norvegicus,Rattus,Kaufman__2004,TableA14,182,182,Whole_brain,Whole Brain (direct measurement),,CBF,cerebral_perfusion,86,mL/100g/min,86.0,,12.0,mL/100g/min,anesthetized,resting_anesthetized,FALSE,single_primary_reference,single,,reported_via_secondary_compilation,anesthetized,matsumoto1975,"(Matsumoto et al., 1975)","(Matsumoto et al., 1975)",matsumoto1975,"(Matsumoto et al., 1975)",primary,journal_article,resolved,"(Matsumoto et al., 1975)",matsumoto1975
235,Saimiri sciureus,Saimiri,Kaufman__2004,TableA6,65,65,Neocortex,Neocortex,,CBF,cerebral_perfusion,114,mL/100g/min,114.0,,4.0,mL/100g/min,anesthetized,resting_anesthetized,FALSE,single_primary_reference,single,,reported_via_secondary_compilation,anesthetized,delgado1993,"(Delgado-Zygmunt et al., 1993)","(Delgado-Zygmunt et al., 1993)",delgado1993,"(Delgado-Zygmunt et al., 1993)",primary,journal_article,resolved,"(Delgado-Zygmunt et al., 1993)",delgado1993
236,Saimiri sciureus,Saimiri,Kaufman__2004,TableA3,58,58,Thalamus,Thalamus,,CBF,cerebral_perfusion,96,mL/100g/min,96.0,,4.0,mL/100g/min,anesthetized,resting_anesthetized,FALSE,single_primary_reference,single,,reported_via_secondary_compilation,anesthetized,delgado1993,"(Delgado-Zygmunt et al., 1993)","(Delgado-Zygmunt et al., 1993)",delgado1993,"(Delgado-Zygmunt et al., 1993)",primary,journal_article,resolved,"(Delgado-Zygmunt et al., 1993)",delgado1993
237,Saimiri sciureus,Saimiri,Kaufman__2004,TableA5,30,30,White_matter,White Matter,,CBF,cerebral_perfusion,35,mL/100g/min,35.0,,4.0,mL/100g/min,anesthetized,resting_anesthetized,FALSE,single_primary_reference,single,,reported_via_secondary_compilation,anesthetized,delgado1993,"(Delgado-Zygmunt et al., 1993)","(Delgado-Zygmunt et al., 1993)",delgado1993,"(Delgado-Zygmunt et al., 1993)",primary,journal_article,resolved,"(Delgado-Zygmunt et al., 1993)",delgado1993
238,Sus scrofa,Sus,Kaufman__2004,TableA1,59,59,Basal_ganglia,Basal Ganglia,,CBF,cerebral_perfusion,102.6,mL/100g/min,102.6,,6.0,mL/100g/min,conscious,resting_conscious,TRUE,single_primary_reference,single,,reported_via_secondary_compilation,,manohar1986,"(Manohar, 1986)","(Manohar, 1986)",manohar1986,"(Manohar, 1986)",primary,journal_article,resolved,"(Manohar, 1986)",manohar1986
239,Sus scrofa,Sus,Kaufman__2004,TableA1,60,60,Basal_ganglia,Basal Ganglia,,CBF,cerebral_perfusion,86,mL/100g/min,86.0,,6.0,mL/100g/min,anesthetized,resting_anesthetized,FALSE,single_primary_reference,single,,reported_via_secondary_compilation,anesthetized,manohar1986,"(Manohar, 1986)","(Manohar, 1986)",manohar1986,"(Manohar, 1986)",primary,journal_article,resolved,"(Manohar, 1986)",manohar1986
240,Sus scrofa,Sus,Kaufman__2004,TableA1,61,61,Basal_ganglia,Basal Ganglia,,CBF,cerebral_perfusion,83.7,mL/100g/min,83.7,,6.0,mL/100g/min,anesthetized,resting_anesthetized,FALSE,single_primary_reference,single,,reported_via_secondary_compilation,anesthetized,manohar1986,"(Manohar, 1986)","(Manohar, 1986)",manohar1986,"(Manohar, 1986)",primary,journal_article,resolved,"(Manohar, 1986)",manohar1986
241,Sus scrofa,Sus,Kaufman__2004,TableA4,42,42,Cerebellum,Cerebellum,,CBF,cerebral_perfusion,42,mL/100g/min,42.0,,4.0,mL/100g/min,anesthetized,resting_anesthetized,FALSE,single_primary_reference,single,,reported_via_secondary_compilation,anesthetized,miller1987,"(Miller et al., 1987)","(Miller et al., 1987)",miller1987,"(Miller et al., 1987)",primary,journal_article,resolved,"(Miller et al., 1987)",miller1987
242,Sus scrofa,Sus,Kaufman__2004,TableA4,43,43,Cerebellum,Cerebellum,,CBF,cerebral_perfusion,88.8,mL/100g/min,88.8,,6.0,mL/100g/min,conscious,resting_conscious,TRUE,single_primary_reference,single,,reported_via_secondary_compilation,,manohar1986,"(Manohar, 1986)","(Manohar, 1986)",manohar1986,"(Manohar, 1986)",primary,journal_article,resolved,"(Manohar, 1986)",manohar1986
243,Sus scrofa,Sus,Kaufman__2004,TableA4,44,44,Cerebellum,Cerebellum,,CBF,cerebral_perfusion,70,mL/100g/min,70.0,,6.0,mL/100g/min,anesthetized,resting_anesthetized,FALSE,single_primary_reference,single,,reported_via_secondary_compilation,anesthetized,manohar1986,"(Manohar, 1986)","(Manohar, 1986)",manohar1986,"(Manohar, 1986)",primary,journal_article,resolved,"(Manohar, 1986)",manohar1986
244,Sus scrofa,Sus,Kaufman__2004,TableA4,45,45,Cerebellum,Cerebellum,,CBF,cerebral_perfusion,89.8,mL/100g/min,89.8,,6.0,mL/100g/min,anesthetized,resting_anesthetized,FALSE,single_primary_reference,single,,reported_via_secondary_compilation,anesthetized,manohar1986,"(Manohar, 1986)","(Manohar, 1986)",manohar1986,"(Manohar, 1986)",primary,journal_article,resolved,"(Manohar, 1986)",manohar1986
245,Sus scrofa,Sus,Kaufman__2004,TableA6,66,66,Neocortex,Neocortex,,CBF,cerebral_perfusion,29,mL/100g/min,29.0,,4.0,mL/100g/min,anesthetized,resting_anesthetized,FALSE,single_primary_reference,single,,reported_via_secondary_compilation,anesthetized,miller1987,"(Miller et al., 1987)","(Miller et al., 1987)",miller1987,"(Miller et al., 1987)",primary,journal_article,resolved,"(Miller et al., 1987)",miller1987
246,Sus scrofa,Sus,Kaufman__2004,TableA5,31,31,White_matter,White Matter,,CBF,cerebral_perfusion,19,mL/100g/min,19.0,,4.0,mL/100g/min,anesthetized,resting_anesthetized,FALSE,single_primary_reference,single,,reported_via_secondary_compilation,anesthetized,miller1987,"(Miller et al., 1987)","(Miller et al., 1987)",miller1987,"(Miller et al., 1987)",primary,journal_article,resolved,"(Miller et al., 1987)",miller1987
247,Sus scrofa,Sus,Kaufman__2004,TableA5,32,32,White_matter,White Matter,,CBF,cerebral_perfusion,33.6,mL/100g/min,33.6,,6.0,mL/100g/min,conscious,resting_conscious,TRUE,single_primary_reference,single,,reported_via_secondary_compilation,,manohar1986,"(Manohar, 1986)","(Manohar, 1986)",manohar1986,"(Manohar, 1986)",primary,journal_article,resolved,"(Manohar, 1986)",manohar1986
248,Sus scrofa,Sus,Kaufman__2004,TableA5,33,33,White_matter,White Matter,,CBF,cerebral_perfusion,27.9,mL/100g/min,27.9,,6.0,mL/100g/min,anesthetized,resting_anesthetized,FALSE,single_primary_reference,single,,reported_via_secondary_compilation,anesthetized,manohar1986,"(Manohar, 1986)","(Manohar, 1986)",manohar1986,"(Manohar, 1986)",primary,journal_article,resolved,"(Manohar, 1986)",manohar1986
249,Sus scrofa,Sus,Kaufman__2004,TableA5,34,34,White_matter,White Matter,,CBF,cerebral_perfusion,29.7,mL/100g/min,29.7,,6.0,mL/100g/min,anesthetized,resting_anesthetized,FALSE,single_primary_reference,single,,reported_via_secondary_compilation,anesthetized,manohar1986,"(Manohar, 1986)","(Manohar, 1986)",manohar1986,"(Manohar, 1986)",primary,journal_article,resolved,"(Manohar, 1986)",manohar1986
250,Sus scrofa,Sus,Kaufman__2004,TableA14,120,120,Whole_brain,Whole Brain (direct measurement),,CBF,cerebral_perfusion,37,mL/100g/min,37.0,,7.0,mL/100g/min,anesthetized,resting_anesthetized,FALSE,single_primary_reference,single,,reported_via_secondary_compilation,anesthetized,poulsen1997,"(Poulsen et al., 1997)","(Poulsen et al., 1997)",poulsen1997,"(Poulsen et al., 1997)",primary,journal_article,resolved,"(Poulsen et al., 1997)",poulsen1997
251,Sus scrofa,Sus,Kaufman__2004,TableA14,121,121,Whole_brain,Whole Brain (direct measurement),,CBF,cerebral_perfusion,56.1,mL/100g/min,56.1,,9.0,mL/100g/min,anesthetized,resting_anesthetized,FALSE,single_primary_reference,single,,reported_via_secondary_compilation,anesthetized,akeson1992,"(Akeson et al., 1992)","(Akeson et al., 1992)",akeson1992,"(Akeson et al., 1992)",primary,journal_article,resolved,"(Akeson et al., 1992)",akeson1992
252,Sus scrofa,Sus,Kaufman__2004,TableA14,122,122,Whole_brain,Whole Brain (direct measurement),,CBF,cerebral_perfusion,30,mL/100g/min,30.0,,4.0,mL/100g/min,anesthetized,resting_anesthetized,FALSE,single_primary_reference,single,,reported_via_secondary_compilation,anesthetized,miller1987,"(Miller et al., 1987)","(Miller et al., 1987)",miller1987,"(Miller et al., 1987)",primary,journal_article,resolved,"(Miller et al., 1987)",miller1987
253,Sus scrofa,Sus,Kaufman__2004,TableA14,123,123,Whole_brain,Whole Brain (direct measurement),,CBF,cerebral_perfusion,42.3,mL/100g/min,42.3,,11.0,mL/100g/min,anesthetized,resting_anesthetized,FALSE,single_primary_reference,single,,reported_via_secondary_compilation,anesthetized,sakoh2000,"(Sakoh et al., 2000)","(Sakoh et al., 2000)",sakoh2000,"(Sakoh et al., 2000)",primary,journal_article,resolved,"(Sakoh et al., 2000)",sakoh2000
254,Sus scrofa,Sus,Kaufman__2004,TableA14,124,124,Whole_brain,Whole Brain (direct measurement),,CBF,cerebral_perfusion,34,mL/100g/min,34.0,,8.0,mL/100g/min,anesthetized,resting_anesthetized,FALSE,single_primary_reference,single,,reported_via_secondary_compilation,anesthetized,stange1989,"(Stange et al., 1989)","(Stange et al., 1989)",stange1989,"(Stange et al., 1989)",primary,journal_article,resolved,"(Stange et al., 1989)",stange1989
255,Sus scrofa,Sus,Kaufman__2004,TableA14,125,125,Whole_brain,Whole Brain (direct measurement),,CBF,cerebral_perfusion,45.6,mL/100g/min,45.6,,18.0,mL/100g/min,anesthetized,resting_anesthetized,FALSE,single_primary_reference,single,,reported_via_secondary_compilation,anesthetized,madsen1990,"(Madsen et al., 1990a)","(Madsen et al., 1990a)",madsen1990,"(Madsen et al., 1990a)",primary,journal_article,resolved,"(Madsen et al., 1990a)",madsen1990
256,Canis lupus familiaris,dog,Karbowski__2007,TableS1,5,5,Whole_brain,Brain,Brain,CMRO2,cerebral_metabolic_rate,0.061,ml/g/min,6.1,0.2,,umol/100g/min,unknown,resting_unknown,TRUE,single_primary_reference,single,,reported_via_secondary_compilation,,nakanishi1997,Nakanishi et al 1997,Nakanishi et al 1997,nakanishi1997,Nakanishi et al 1997,primary,journal_article,resolved,Nakanishi et al 1997,nakanishi1997
257,Canis lupus familiaris,Canis,Kaufman__2004,TableA14,82,82,Whole_brain,Whole Brain (direct measurement),,CMRO2,cerebral_metabolic_rate,178.1,umol/100g/min,178.1,,7.0,umol/100g/min,anesthetized,resting_anesthetized,FALSE,single_primary_reference,single,,reported_via_secondary_compilation,anesthetized,michenfelder1974,"(Michenfelder, 1974)","(Michenfelder, 1974)",michenfelder1974,"(Michenfelder, 1974)",primary,journal_article,resolved,"(Michenfelder, 1974)",michenfelder1974
258,Canis lupus familiaris,Canis,Kaufman__2004,TableA14,83,83,Whole_brain,Whole Brain (direct measurement),,CMRO2,cerebral_metabolic_rate,208.04,umol/100g/min,208.04,,6.0,umol/100g/min,anesthetized,resting_anesthetized,FALSE,single_primary_reference,single,,reported_via_secondary_compilation,anesthetized,roald1986,"(Roald etal., 1986a)","(Roald etal., 1986a)",roald1986,"(Roald etal., 1986a)",primary,journal_article,resolved,"(Roald etal., 1986a)",roald1986
259,Canis lupus familiaris,Canis,Kaufman__2004,TableA14,84,84,Whole_brain,Whole Brain (direct measurement),,CMRO2,cerebral_metabolic_rate,167.4,umol/100g/min,167.4,,13.0,umol/100g/min,anesthetized,resting_anesthetized,FALSE,single_primary_reference,single,,reported_via_secondary_compilation,anesthetized,zimmer1975,"(Zimmer, 1975)","(Zimmer, 1975)",zimmer1975,"(Zimmer, 1975)",primary,journal_article,resolved,"(Zimmer, 1975)",zimmer1975
260,Canis lupus familiaris,Canis,Kaufman__2004,TableA14,85,85,Whole_brain,Whole Brain (direct measurement),,CMRO2,cerebral_metabolic_rate,169.6,umol/100g/min,169.6,,10.0,umol/100g/min,anesthetized,resting_anesthetized,FALSE,single_primary_reference,single,,reported_via_secondary_compilation,anesthetized,hamer1978,"(Hamer etal., 1978)","(Hamer etal., 1978)",hamer1978,"(Hamer etal., 1978)",primary,journal_article,resolved,"(Hamer etal., 1978)",hamer1978
261,Canis lupus familiaris,Canis,Kaufman__2004,TableA14,86,86,Whole_brain,Whole Brain (direct measurement),,CMRO2,cerebral_metabolic_rate,205.4,umol/100g/min,205.4,,8.0,umol/100g/min,conscious,resting_conscious,TRUE,single_primary_reference,single,,reported_via_secondary_compilation,,sieberetal1993,"(Sieberetal., 1993)","(Sieberetal., 1993)",sieberetal1993,"(Sieberetal., 1993)",primary,journal_article,resolved,"(Sieberetal., 1993)",sieberetal1993
262,Canis lupus familiaris,Canis,Kaufman__2004,TableA14,87,87,Whole_brain,Whole Brain (direct measurement),,CMRO2,cerebral_metabolic_rate,147.3,umol/100g/min,147.3,,13.0,umol/100g/min,anesthetized,resting_anesthetized,FALSE,single_primary_reference,single,,reported_via_secondary_compilation,anesthetized,frizzell1993,"(Frizzell et al., 1993)","(Frizzell et al., 1993)",frizzell1993,"(Frizzell et al., 1993)",primary,journal_article,resolved,"(Frizzell et al., 1993)",frizzell1993
263,Canis lupus familiaris,Canis,Kaufman__2004,TableA14,88,88,Whole_brain,Whole Brain (direct measurement),,CMRO2,cerebral_metabolic_rate,46.5,umol/100g/min,46.5,,12.0,umol/100g/min,anesthetized,resting_anesthetized,FALSE,single_primary_reference,single,,reported_via_secondary_compilation,anesthetized,astrup1981,"(Astrup et al., 1981)","(Astrup et al., 1981)",astrup1981,"(Astrup et al., 1981)",primary,journal_article,resolved,"(Astrup et al., 1981)",astrup1981
264,Canis lupus familiaris,Canis,Kaufman__2004,TableA14,89,89,Whole_brain,Whole Brain (direct measurement),,CMRO2,cerebral_metabolic_rate,156.25,umol/100g/min,156.25,,5.0,umol/100g/min,anesthetized,resting_anesthetized,FALSE,single_primary_reference,single,,reported_via_secondary_compilation,anesthetized,mcpherson1997,"(McPherson et al., 1997)","(McPherson et al., 1997)",mcpherson1997,"(McPherson et al., 1997)",primary,journal_article,resolved,"(McPherson et al., 1997)",mcpherson1997
265,Canis lupus familiaris,Canis,Kaufman__2004,TableA14,90,90,Whole_brain,Whole Brain (direct measurement),,CMRO2,cerebral_metabolic_rate,160.7,umol/100g/min,160.7,,6.0,umol/100g/min,anesthetized,resting_anesthetized,FALSE,single_primary_reference,single,,reported_via_secondary_compilation,anesthetized,mcpherson1997,"(McPherson et al., 1997)","(McPherson et al., 1997)",mcpherson1997,"(McPherson et al., 1997)",primary,journal_article,resolved,"(McPherson et al., 1997)",mcpherson1997
266,Canis lupus familiaris,Canis,Kaufman__2004,TableA14,91,91,Whole_brain,Whole Brain (direct measurement),,CMRO2,cerebral_metabolic_rate,188.4,umol/100g/min,188.4,,6.0,umol/100g/min,anesthetized,resting_anesthetized,FALSE,single_primary_reference,single,,reported_via_secondary_compilation,anesthetized,roald1986,"(Roald et al., 1986b)","(Roald et al., 1986b)",roald1986,"(Roald et al., 1986b)",primary,journal_article,resolved,"(Roald et al., 1986b)",roald1986
267,Canis lupus familiaris,Canis,Kaufman__2004,TableA14,92,92,Whole_brain,Whole Brain (direct measurement),,CMRO2,cerebral_metabolic_rate,263.4,umol/100g/min,263.4,,16.0,umol/100g/min,anesthetized,resting_anesthetized,FALSE,single_primary_reference,single,,reported_via_secondary_compilation,anesthetized,sakabe1974,"(Sakabe et al., 1974)","(Sakabe et al., 1974)",sakabe1974,"(Sakabe et al., 1974)",primary,journal_article,resolved,"(Sakabe et al., 1974)",sakabe1974
268,Canis lupus familiaris,Canis,Kaufman__2004,TableA14,93,93,Whole_brain,Whole Brain (direct measurement),,CMRO2,cerebral_metabolic_rate,272.77,umol/100g/min,272.77,,7.0,umol/100g/min,anesthetized,resting_anesthetized,FALSE,single_primary_reference,single,,reported_via_secondary_compilation,anesthetized,nakanishi1997,"(Nakanishi et al., 1997)","(Nakanishi et al., 1997)",nakanishi1997,"(Nakanishi et al., 1997)",primary,journal_article,resolved,"(Nakanishi et al., 1997)",nakanishi1997
269,Canis lupus familiaris,Canis,Kaufman__2004,TableA14,94,94,Whole_brain,Whole Brain (direct measurement),,CMRO2,cerebral_metabolic_rate,317,umol/100g/min,317.0,,7.0,umol/100g/min,anesthetized,resting_anesthetized,FALSE,single_primary_reference,single,,reported_via_secondary_compilation,anesthetized,nakanishi1997,"(Nakanishi et al., 1997)","(Nakanishi et al., 1997)",nakanishi1997,"(Nakanishi et al., 1997)",primary,journal_article,resolved,"(Nakanishi et al., 1997)",nakanishi1997
270,Canis lupus familiaris,Canis,Kaufman__2004,TableA14,95,95,Whole_brain,Whole Brain (direct measurement),,CMRO2,cerebral_metabolic_rate,170.98,umol/100g/min,170.98,,6.0,umol/100g/min,anesthetized,resting_anesthetized,FALSE,single_primary_reference,single,,reported_via_secondary_compilation,anesthetized,lanier1994,"(Lanier et al., 1994)","(Lanier et al., 1994)",lanier1994,"(Lanier et al., 1994)",primary,journal_article,resolved,"(Lanier et al., 1994)",lanier1994
271,Canis lupus familiaris,Canis,Kaufman__2004,TableA14,96,96,Whole_brain,Whole Brain (direct measurement),,CMRO2,cerebral_metabolic_rate,173.21,umol/100g/min,173.21,,6.0,umol/100g/min,anesthetized,resting_anesthetized,FALSE,single_primary_reference,single,,reported_via_secondary_compilation,anesthetized,lanier1990,"(Lanier et al., 1990)","(Lanier et al., 1990)",lanier1990,"(Lanier et al., 1990)",primary,journal_article,resolved,"(Lanier et al., 1990)",lanier1990
272,Canis lupus familiaris,Canis,Kaufman__2004,TableA14,97,97,Whole_brain,Whole Brain (direct measurement),,CMRO2,cerebral_metabolic_rate,163.39,umol/100g/min,163.39,,6.0,umol/100g/min,anesthetized,resting_anesthetized,FALSE,single_primary_reference,single,,reported_via_secondary_compilation,anesthetized,roald1991,"(Roald et al., 1991)","(Roald et al., 1991)",roald1991,"(Roald et al., 1991)",primary,journal_article,resolved,"(Roald et al., 1991)",roald1991
273,Canis lupus familiaris,Canis,Kaufman__2004,TableA14,98,98,Whole_brain,Whole Brain (direct measurement),,CMRO2,cerebral_metabolic_rate,180.8,umol/100g/min,180.8,,18.0,umol/100g/min,anesthetized,resting_anesthetized,FALSE,single_primary_reference,single,,reported_via_secondary_compilation,anesthetized,milde1990,"(Milde et al., 1990)","(Milde et al., 1990)",milde1990,"(Milde et al., 1990)",primary,journal_article,resolved,"(Milde et al., 1990)",milde1990
274,Canis lupus familiaris,Canis,Kaufman__2004,TableA14,99,99,Whole_brain,Whole Brain (direct measurement),,CMRO2,cerebral_metabolic_rate,141.52,umol/100g/min,141.52,,6.0,umol/100g/min,anesthetized,resting_anesthetized,FALSE,single_primary_reference,single,,reported_via_secondary_compilation,anesthetized,roald1988,"(Roald etal., 1988)","(Roald etal., 1988)",roald1988,"(Roald etal., 1988)",primary,journal_article,resolved,"(Roald etal., 1988)",roald1988
275,Canis lupus familiaris,Canis,Kaufman__2004,TableA14,100,100,Whole_brain,Whole Brain (direct measurement),,CMRO2,cerebral_metabolic_rate,200.45,umol/100g/min,200.45,,5.0,umol/100g/min,anesthetized,resting_anesthetized,FALSE,single_primary_reference,single,,reported_via_secondary_compilation,anesthetized,roald1989,"(Roald et al., 1989)","(Roald et al., 1989)",roald1989,"(Roald et al., 1989)",primary,journal_article,resolved,"(Roald et al., 1989)",roald1989
276,Canis lupus familiaris,Canis,Kaufman__2004,TableA14,101,101,Whole_brain,Whole Brain (direct measurement),,CMRO2,cerebral_metabolic_rate,236.6,umol/100g/min,236.6,,9.0,umol/100g/min,anesthetized,resting_anesthetized,FALSE,single_primary_reference,single,,reported_via_secondary_compilation,anesthetized,fleischer1988,"(Fleischer et al., 1988)","(Fleischer et al., 1988)",fleischer1988,"(Fleischer et al., 1988)",primary,journal_article,resolved,"(Fleischer et al., 1988)",fleischer1988
277,Canis lupus familiaris,Canis,Kaufman__2004,TableA14,103,103,Whole_brain,Whole Brain (direct measurement),,CMRO2,cerebral_metabolic_rate,162.95,umol/100g/min,162.95,,12.0,umol/100g/min,anesthetized,resting_anesthetized,FALSE,single_primary_reference,single,,reported_via_secondary_compilation,anesthetized,anon1988,1988),1988),anon1988,1988),primary,journal_article,resolved,1988),anon1988
278,Canis lupus familiaris,Canis,Kaufman__2004,TableA14,104,104,Whole_brain,Whole Brain (direct measurement),,CMRO2,cerebral_metabolic_rate,246.43,umol/100g/min,246.43,,6.0,umol/100g/min,anesthetized,resting_anesthetized,FALSE,single_primary_reference,single,,reported_via_secondary_compilation,anesthetized,milde1985,"(Milde et al., 1985)","(Milde et al., 1985)",milde1985,"(Milde et al., 1985)",primary,journal_article,resolved,"(Milde et al., 1985)",milde1985
279,Canis lupus familiaris,Canis,Kaufman__2004,TableA14,105,105,Whole_brain,Whole Brain (direct measurement),,CMRO2,cerebral_metabolic_rate,191.07,umol/100g/min,191.07,,12.0,umol/100g/min,anesthetized,resting_anesthetized,FALSE,single_primary_reference,single,,reported_via_secondary_compilation,anesthetized,lanier1985,"(Lanier et al., 1985)","(Lanier et al., 1985)",lanier1985,"(Lanier et al., 1985)",primary,journal_article,resolved,"(Lanier et al., 1985)",lanier1985
280,Canis lupus familiaris,Canis,Kaufman__2004,TableA14,106,106,Whole_brain,Whole Brain (direct measurement),,CMRO2,cerebral_metabolic_rate,159.2,umol/100g/min,159.2,,12.0,umol/100g/min,anesthetized,resting_anesthetized,FALSE,single_primary_reference,single,,reported_via_secondary_compilation,anesthetized,lanier1986,"(Lanier et al., 1986)","(Lanier et al., 1986)",lanier1986,"(Lanier et al., 1986)",primary,journal_article,resolved,"(Lanier et al., 1986)",lanier1986
281,Canis lupus familiaris,Canis,Kaufman__2004,TableA14,107,107,Whole_brain,Whole Brain (direct measurement),,CMRO2,cerebral_metabolic_rate,240.85,umol/100g/min,240.85,,12.0,umol/100g/min,anesthetized,resting_anesthetized,FALSE,single_primary_reference,single,,reported_via_secondary_compilation,anesthetized,nugent1982,"(Nugent et al., 1982)","(Nugent et al., 1982)",nugent1982,"(Nugent et al., 1982)",primary,journal_article,resolved,"(Nugent et al., 1982)",nugent1982
282,Canis lupus familiaris,Canis,Kaufman__2004,TableA14,108,108,Whole_brain,Whole Brain (direct measurement),,CMRO2,cerebral_metabolic_rate,220.98,umol/100g/min,220.98,,6.0,umol/100g/min,anesthetized,resting_anesthetized,FALSE,single_primary_reference,single,,reported_via_secondary_compilation,anesthetized,steen1983,"(Steen et al., 1983)","(Steen et al., 1983)",steen1983,"(Steen et al., 1983)",primary,journal_article,resolved,"(Steen et al., 1983)",steen1983
283,Canis lupus familiaris,Canis,Kaufman__2004,TableA14,109,109,Whole_brain,Whole Brain (direct measurement),,CMRO2,cerebral_metabolic_rate,267.9,umol/100g/min,267.9,,10.0,umol/100g/min,anesthetized,resting_anesthetized,FALSE,single_primary_reference,single,,reported_via_secondary_compilation,anesthetized,miyauchi1985,"(Miyauchi et al., 1985)","(Miyauchi et al., 1985)",miyauchi1985,"(Miyauchi et al., 1985)",primary,journal_article,resolved,"(Miyauchi et al., 1985)",miyauchi1985
284,Canis lupus familiaris,Canis,Kaufman__2004,TableA14,110,110,Whole_brain,Whole Brain (direct measurement),,CMRO2,cerebral_metabolic_rate,205.4,umol/100g/min,205.4,,14.0,umol/100g/min,anesthetized,resting_anesthetized,FALSE,single_primary_reference,single,,reported_via_secondary_compilation,anesthetized,artru1980,"(Artru and Michenfelder, 1980)","(Artru and Michenfelder, 1980)",artru1980,"(Artru and Michenfelder, 1980)",primary,journal_article,resolved,"(Artru and Michenfelder, 1980)",artru1980
285,Canis lupus familiaris,Canis,Kaufman__2004,TableA14,111,111,Whole_brain,Whole Brain (direct measurement),,CMRO2,cerebral_metabolic_rate,218.75,umol/100g/min,218.75,,10.0,umol/100g/min,anesthetized,resting_anesthetized,FALSE,single_primary_reference,single,,reported_via_secondary_compilation,anesthetized,boarini1984,"(Boarini et al., 1984)","(Boarini et al., 1984)",boarini1984,"(Boarini et al., 1984)",primary,journal_article,resolved,"(Boarini et al., 1984)",boarini1984
286,Canis lupus familiaris,Canis,Kaufman__2004,TableA14,112,112,Whole_brain,Whole Brain (direct measurement),,CMRO2,cerebral_metabolic_rate,151.8,umol/100g/min,151.8,,6.0,umol/100g/min,anesthetized,resting_anesthetized,FALSE,single_primary_reference,single,,reported_via_secondary_compilation,anesthetized,kassell1983,"(Kassell et al., 1983)","(Kassell et al., 1983)",kassell1983,"(Kassell et al., 1983)",primary,journal_article,resolved,"(Kassell et al., 1983)",kassell1983
287,Canis lupus familiaris,Canis,Kaufman__2004,TableA14,113,113,Whole_brain,Whole Brain (direct measurement),,CMRO2,cerebral_metabolic_rate,73.2,umol/100g/min,73.2,,10.0,umol/100g/min,anesthetized,resting_anesthetized,FALSE,single_primary_reference,single,,reported_via_secondary_compilation,anesthetized,qureshi1999,"(Qureshi et al., 1999)","(Qureshi et al., 1999)",qureshi1999,"(Qureshi et al., 1999)",primary,journal_article,resolved,"(Qureshi et al., 1999)",qureshi1999
288,Canis lupus familiaris,Canis,Kaufman__2004,TableA14,114,114,Whole_brain,Whole Brain (direct measurement),,CMRO2,cerebral_metabolic_rate,159.82,umol/100g/min,159.82,,6.0,umol/100g/min,anesthetized,resting_anesthetized,FALSE,single_primary_reference,single,,reported_via_secondary_compilation,anesthetized,rhodes1981,"(Rhodes et al., 1981)","(Rhodes et al., 1981)",rhodes1981,"(Rhodes et al., 1981)",primary,journal_article,resolved,"(Rhodes et al., 1981)",rhodes1981
289,Canis lupus familiaris,Canis,Kaufman__2004,TableA14,115,115,Whole_brain,Whole Brain (direct measurement),,CMRO2,cerebral_metabolic_rate,243.3,umol/100g/min,243.3,,6.0,umol/100g/min,anesthetized,resting_anesthetized,FALSE,single_primary_reference,single,,reported_via_secondary_compilation,anesthetized,forsman1986,"(Forsman et al., 1986)","(Forsman et al., 1986)",forsman1986,"(Forsman et al., 1986)",primary,journal_article,resolved,"(Forsman et al., 1986)",forsman1986
290,Canis lupus familiaris,Canis,Kaufman__2004,TableA14,116,116,Whole_brain,Whole Brain (direct measurement),,CMRO2,cerebral_metabolic_rate,220.98,umol/100g/min,220.98,,6.0,umol/100g/min,anesthetized,resting_anesthetized,FALSE,single_primary_reference,single,,reported_via_secondary_compilation,anesthetized,artru1981,"(Artru and Michenfelder, 1981)","(Artru and Michenfelder, 1981)",artru1981,"(Artru and Michenfelder, 1981)",primary,journal_article,resolved,"(Artru and Michenfelder, 1981)",artru1981
291,Canis lupus familiaris,Canis,Kaufman__2004,TableA14,117,117,Whole_brain,Whole Brain (direct measurement),,CMRO2,cerebral_metabolic_rate,156.25,umol/100g/min,156.25,,9.0,umol/100g/min,anesthetized,resting_anesthetized,FALSE,single_primary_reference,single,,reported_via_secondary_compilation,anesthetized,chen1984,"(Chen et al., 1984)","(Chen et al., 1984)",chen1984,"(Chen et al., 1984)",primary,journal_article,resolved,"(Chen et al., 1984)",chen1984
292,Canis lupus familiaris,Canis,Kaufman__2004,TableA14,118,118,Whole_brain,Whole Brain (direct measurement),,CMRO2,cerebral_metabolic_rate,151.8,umol/100g/min,151.8,,10.0,umol/100g/min,anesthetized,resting_anesthetized,FALSE,single_primary_reference,single,,reported_via_secondary_compilation,anesthetized,sturaitis1994,"(Sturaitis et al., 1994)","(Sturaitis et al., 1994)",sturaitis1994,"(Sturaitis et al., 1994)",primary,journal_article,resolved,"(Sturaitis et al., 1994)",sturaitis1994
293,Felis catus,cat,Karbowski__2007,TableS1,3,3,Whole_brain,Brain,Brain,CMRO2,cerebral_metabolic_rate,0.058,ml/g/min,5.800000000000001,0.6,,umol/100g/min,unknown,resting_unknown,TRUE,single_primary_reference,single,,reported_via_secondary_compilation,,stingele1996,Stingele et al 1996,Stingele et al 1996,stingele1996,Stingele et al 1996,primary,journal_article,resolved,Stingele et al 1996,stingele1996
294,Felis catus,Felis,Kaufman__2004,TableA14,132,132,Whole_brain,Whole Brain (direct measurement),,CMRO2,cerebral_metabolic_rate,147.32,umol/100g/min,147.32,,7.0,umol/100g/min,anesthetized,resting_anesthetized,FALSE,single_primary_reference,single,,reported_via_secondary_compilation,anesthetized,haller1990,"(Haller et al., 1990)","(Haller et al., 1990)",haller1990,"(Haller et al., 1990)",primary,journal_article,resolved,"(Haller et al., 1990)",haller1990
295,Felis catus,Felis,Kaufman__2004,TableA14,133,133,Whole_brain,Whole Brain (direct measurement),,CMRO2,cerebral_metabolic_rate,117,umol/100g/min,117.0,,7.0,umol/100g/min,anesthetized,resting_anesthetized,FALSE,single_primary_reference,single,,reported_via_secondary_compilation,anesthetized,unterberg1988,"(Unterberg et al., 1988)","(Unterberg et al., 1988)",unterberg1988,"(Unterberg et al., 1988)",primary,journal_article,resolved,"(Unterberg et al., 1988)",unterberg1988
296,Felis catus,Felis,Kaufman__2004,TableA14,134,134,Whole_brain,Whole Brain (direct measurement),,CMRO2,cerebral_metabolic_rate,107,umol/100g/min,107.0,,24.0,umol/100g/min,anesthetized,resting_anesthetized,FALSE,single_primary_reference,single,,reported_via_secondary_compilation,anesthetized,andersen1988,"(Andersen et al., 1988)","(Andersen et al., 1988)",andersen1988,"(Andersen et al., 1988)",primary,journal_article,resolved,"(Andersen et al., 1988)",andersen1988
297,Felis catus,Felis,Kaufman__2004,TableA14,135,135,Whole_brain,Whole Brain (direct measurement),,CMRO2,cerebral_metabolic_rate,120,umol/100g/min,120.0,,5.0,umol/100g/min,anesthetized,resting_anesthetized,FALSE,single_primary_reference,single,,reported_via_secondary_compilation,anesthetized,fiat1993,"(Fiat and Kang, 1993)","(Fiat and Kang, 1993)",fiat1993,"(Fiat and Kang, 1993)",primary,journal_article,resolved,"(Fiat and Kang, 1993)",fiat1993
298,Felis catus,Felis,Kaufman__2004,TableA14,136,136,Whole_brain,Whole Brain (direct measurement),,CMRO2,cerebral_metabolic_rate,232.14,umol/100g/min,232.14,,20.0,umol/100g/min,anesthetized,resting_anesthetized,FALSE,single_primary_reference,single,,reported_via_secondary_compilation,anesthetized,kobayashi1992,"(Kobayashi et al., 1992)","(Kobayashi et al., 1992)",kobayashi1992,"(Kobayashi et al., 1992)",primary,journal_article,resolved,"(Kobayashi et al., 1992)",kobayashi1992
299,Felis catus,Felis,Kaufman__2004,TableA14,137,137,Whole_brain,Whole Brain (direct measurement),,CMRO2,cerebral_metabolic_rate,258.9,umol/100g/min,258.9,,9.0,umol/100g/min,anesthetized,resting_anesthetized,FALSE,single_primary_reference,single,,reported_via_secondary_compilation,anesthetized,stingele1996,"(Stingele et al., 1996)","(Stingele et al., 1996)",stingele1996,"(Stingele et al., 1996)",primary,journal_article,resolved,"(Stingele et al., 1996)",stingele1996
300,Felis catus,Felis,Kaufman__2004,TableA14,138,138,Whole_brain,Whole Brain (direct measurement),,CMRO2,cerebral_metabolic_rate,91.1,umol/100g/min,91.1,,6.0,umol/100g/min,anesthetized,resting_anesthetized,FALSE,single_primary_reference,single,,reported_via_secondary_compilation,anesthetized,frewen1989,"(Frewen et al., 1989)","(Frewen et al., 1989)",frewen1989,"(Frewen et al., 1989)",primary,journal_article,resolved,"(Frewen et al., 1989)",frewen1989
301,Felis catus,Felis,Kaufman__2004,TableA14,139,139,Whole_brain,Whole Brain (direct measurement),,CMRO2,cerebral_metabolic_rate,196.4,umol/100g/min,196.4,,18.0,umol/100g/min,anesthetized,resting_anesthetized,FALSE,single_primary_reference,single,,reported_via_secondary_compilation,anesthetized,todd1984,"(Todd and Drummond, 1984)","(Todd and Drummond, 1984)",todd1984,"(Todd and Drummond, 1984)",primary,journal_article,resolved,"(Todd and Drummond, 1984)",todd1984
302,Felis catus,Felis,Kaufman__2004,TableA14,140,140,Whole_brain,Whole Brain (direct measurement),,CMRO2,cerebral_metabolic_rate,150,umol/100g/min,150.0,,7.0,umol/100g/min,anesthetized,resting_anesthetized,FALSE,single_primary_reference,single,,reported_via_secondary_compilation,anesthetized,pekar1995,"(Pekar et al., 1995)","(Pekar et al., 1995)",pekar1995,"(Pekar et al., 1995)",primary,journal_article,resolved,"(Pekar et al., 1995)",pekar1995
303,Homo sapiens,Homo,Kaufman__2004,TableA1,30,30,Basal_ganglia,Basal Ganglia,,CMRO2,cerebral_metabolic_rate,177.3,umol/100g/min,177.3,,3.0,umol/100g/min,conscious,resting_conscious,TRUE,single_primary_reference,single,,reported_via_secondary_compilation,,de1997,"(De Voider et al., 1997)","(De Voider et al., 1997)",de1997,"(De Voider et al., 1997)",primary,journal_article,resolved,"(De Voider et al., 1997)",de1997
304,Homo sapiens,Homo,Kaufman__2004,TableA1,31,31,Basal_ganglia,Basal Ganglia,,CMRO2,cerebral_metabolic_rate,144.2,umol/100g/min,144.2,,7.0,umol/100g/min,conscious,resting_conscious,TRUE,single_primary_reference,single,,reported_via_secondary_compilation,,hatazawa1988,"(Hatazawa et al., 1988)","(Hatazawa et al., 1988)",hatazawa1988,"(Hatazawa et al., 1988)",primary,journal_article,resolved,"(Hatazawa et al., 1988)",hatazawa1988
305,Homo sapiens,Homo,Kaufman__2004,TableA1,32,32,Basal_ganglia,Basal Ganglia,,CMRO2,cerebral_metabolic_rate,136.4,umol/100g/min,136.4,,8.0,umol/100g/min,conscious,resting_conscious,TRUE,single_primary_reference,single,,reported_via_secondary_compilation,,herold1988,"(Herold et al., 1988)","(Herold et al., 1988)",herold1988,"(Herold et al., 1988)",primary,journal_article,resolved,"(Herold et al., 1988)",herold1988
306,Homo sapiens,Homo,Kaufman__2004,TableA1,33,33,Basal_ganglia,Basal Ganglia,,CMRO2,cerebral_metabolic_rate,137.1,umol/100g/min,137.1,,34.0,umol/100g/min,conscious,resting_conscious,TRUE,single_primary_reference,single,,reported_via_secondary_compilation,,leenders1990,"(Leenders etal., 1990)","(Leenders etal., 1990)",leenders1990,"(Leenders etal., 1990)",primary,journal_article,resolved,"(Leenders etal., 1990)",leenders1990
307,Homo sapiens,Homo,Kaufman__2004,TableA1,34,34,Basal_ganglia,Basal Ganglia,,CMRO2,cerebral_metabolic_rate,167,umol/100g/min,167.0,,4.0,umol/100g/min,conscious,resting_conscious,TRUE,single_primary_reference,single,,reported_via_secondary_compilation,,bums1992,"(Bums and Tyrrell, 1992)","(Bums and Tyrrell, 1992)",bums1992,"(Bums and Tyrrell, 1992)",primary,journal_article,resolved,"(Bums and Tyrrell, 1992)",bums1992
308,Homo sapiens,Homo,Kaufman__2004,TableA1,35,35,Basal_ganglia,Basal Ganglia,,CMRO2,cerebral_metabolic_rate,217.2,umol/100g/min,217.2,,8.0,umol/100g/min,conscious,resting_conscious,TRUE,single_primary_reference,single,,reported_via_secondary_compilation,,kaisti2003,"(Kaisti et al., 2003)","(Kaisti et al., 2003)",kaisti2003,"(Kaisti et al., 2003)",primary,journal_article,resolved,"(Kaisti et al., 2003)",kaisti2003
309,Homo sapiens,Homo,Kaufman__2004,TableA1,36,36,Basal_ganglia,Basal Ganglia,,CMRO2,cerebral_metabolic_rate,151.1,umol/100g/min,151.1,,8.0,umol/100g/min,anesthetized,resting_anesthetized,FALSE,single_primary_reference,single,,reported_via_secondary_compilation,anesthetized,kaisti2003,"(Kaisti et al., 2003)","(Kaisti et al., 2003)",kaisti2003,"(Kaisti et al., 2003)",primary,journal_article,resolved,"(Kaisti et al., 2003)",kaisti2003
310,Homo sapiens,Homo,Kaufman__2004,TableA1,37,37,Basal_ganglia,Basal Ganglia,,CMRO2,cerebral_metabolic_rate,179.7,umol/100g/min,179.7,,10.0,umol/100g/min,conscious,resting_conscious,TRUE,single_primary_reference,single,,reported_via_secondary_compilation,,langsjo2003,"(Langsjo et al., 2003)","(Langsjo et al., 2003)",langsjo2003,"(Langsjo et al., 2003)",primary,journal_article,resolved,"(Langsjo et al., 2003)",langsjo2003
311,Homo sapiens,Homo,Kaufman__2004,TableA1,38,38,Basal_ganglia,Basal Ganglia,,CMRO2,cerebral_metabolic_rate,133,umol/100g/min,133.0,,32.0,umol/100g/min,conscious,resting_conscious,TRUE,single_primary_reference,single,,reported_via_secondary_compilation,,perlmutter1987,"(Perlmutter et al., 1987)","(Perlmutter et al., 1987)",perlmutter1987,"(Perlmutter et al., 1987)",primary,journal_article,resolved,"(Perlmutter et al., 1987)",perlmutter1987
312,Homo sapiens,Homo,Kaufman__2004,TableA1,39,39,Basal_ganglia,Basal Ganglia,,CMRO2,cerebral_metabolic_rate,159.4,umol/100g/min,159.4,,7.0,umol/100g/min,conscious,resting_conscious,TRUE,single_primary_reference,single,,reported_via_secondary_compilation,,sasaki1986,"(Sasaki et al., 1986)","(Sasaki et al., 1986)",sasaki1986,"(Sasaki et al., 1986)",primary,journal_article,resolved,"(Sasaki et al., 1986)",sasaki1986
313,Homo sapiens,Homo,Kaufman__2004,TableA1,40,40,Basal_ganglia,Basal Ganglia,,CMRO2,cerebral_metabolic_rate,238,umol/100g/min,238.0,,6.0,umol/100g/min,conscious,resting_conscious,TRUE,single_primary_reference,single,,reported_via_secondary_compilation,,wessen1997,"(Wessen et al., 1997)","(Wessen et al., 1997)",wessen1997,"(Wessen et al., 1997)",primary,journal_article,resolved,"(Wessen et al., 1997)",wessen1997
314,Homo sapiens,Homo,Kaufman__2004,TableA1,41,41,Basal_ganglia,Basal Ganglia,,CMRO2,cerebral_metabolic_rate,176.8,umol/100g/min,176.8,,14.0,umol/100g/min,conscious,resting_conscious,TRUE,single_primary_reference,single,,reported_via_secondary_compilation,,yamaguchi1986,"(Yamaguchi et al., 1986)","(Yamaguchi et al., 1986)",yamaguchi1986,"(Yamaguchi et al., 1986)",primary,journal_article,resolved,"(Yamaguchi et al., 1986)",yamaguchi1986
315,Homo sapiens,Homo,Kaufman__2004,TableA4,22,22,Cerebellum,Cerebellum,,CMRO2,cerebral_metabolic_rate,167.7,umol/100g/min,167.7,,3.0,umol/100g/min,conscious,resting_conscious,TRUE,single_primary_reference,single,,reported_via_secondary_compilation,,de1997,"(De Voider et al., 1997)","(De Voider et al., 1997)",de1997,"(De Voider et al., 1997)",primary,journal_article,resolved,"(De Voider et al., 1997)",de1997
316,Homo sapiens,Homo,Kaufman__2004,TableA4,23,23,Cerebellum,Cerebellum,,CMRO2,cerebral_metabolic_rate,183.5,umol/100g/min,183.5,,14.0,umol/100g/min,conscious,resting_conscious,TRUE,single_primary_reference,single,,reported_via_secondary_compilation,,yamaguchi1992,"(Yamaguchi et a l, 1992a)","(Yamaguchi et a l, 1992a)",yamaguchi1992,"(Yamaguchi et a l, 1992a)",primary,journal_article,resolved,"(Yamaguchi et a l, 1992a)",yamaguchi1992
317,Homo sapiens,Homo,Kaufman__2004,TableA4,24,24,Cerebellum,Cerebellum,,CMRO2,cerebral_metabolic_rate,150.5,umol/100g/min,150.5,,34.0,umol/100g/min,conscious,resting_conscious,TRUE,single_primary_reference,single,,reported_via_secondary_compilation,,leenders1990,"(Leenders et al., 1990)","(Leenders et al., 1990)",leenders1990,"(Leenders et al., 1990)",primary,journal_article,resolved,"(Leenders et al., 1990)",leenders1990
318,Homo sapiens,Homo,Kaufman__2004,TableA4,25,25,Cerebellum,Cerebellum,,CMRO2,cerebral_metabolic_rate,246.4,umol/100g/min,246.4,,14.0,umol/100g/min,conscious,resting_conscious,TRUE,single_primary_reference,single,,reported_via_secondary_compilation,,ishii1996,"(Ishii et al., 1996b)","(Ishii et al., 1996b)",ishii1996,"(Ishii et al., 1996b)",primary,journal_article,resolved,"(Ishii et al., 1996b)",ishii1996
319,Homo sapiens,Homo,Kaufman__2004,TableA4,26,26,Cerebellum,Cerebellum,,CMRO2,cerebral_metabolic_rate,210.3,umol/100g/min,210.3,,8.0,umol/100g/min,conscious,resting_conscious,TRUE,single_primary_reference,single,,reported_via_secondary_compilation,,kaisti2003,"(Kaisti et al., 2003)","(Kaisti et al., 2003)",kaisti2003,"(Kaisti et al., 2003)",primary,journal_article,resolved,"(Kaisti et al., 2003)",kaisti2003
320,Homo sapiens,Homo,Kaufman__2004,TableA4,27,27,Cerebellum,Cerebellum,,CMRO2,cerebral_metabolic_rate,118.8,umol/100g/min,118.8,,8.0,umol/100g/min,anesthetized,resting_anesthetized,FALSE,single_primary_reference,single,,reported_via_secondary_compilation,anesthetized,kaisti2003,"(Kaisti et al., 2003)","(Kaisti et al., 2003)",kaisti2003,"(Kaisti et al., 2003)",primary,journal_article,resolved,"(Kaisti et al., 2003)",kaisti2003
321,Homo sapiens,Homo,Kaufman__2004,TableA4,28,28,Cerebellum,Cerebellum,,CMRO2,cerebral_metabolic_rate,171,umol/100g/min,171.0,,4.0,umol/100g/min,conscious,resting_conscious,TRUE,single_primary_reference,single,,reported_via_secondary_compilation,,bums1992,"(Bums and Tyrrell, 1992)","(Bums and Tyrrell, 1992)",bums1992,"(Bums and Tyrrell, 1992)",primary,journal_article,resolved,"(Bums and Tyrrell, 1992)",bums1992
322,Homo sapiens,Homo,Kaufman__2004,TableA4,29,29,Cerebellum,Cerebellum,,CMRO2,cerebral_metabolic_rate,175,umol/100g/min,175.0,,10.0,umol/100g/min,conscious,resting_conscious,TRUE,single_primary_reference,single,,reported_via_secondary_compilation,,langsjo2003,"(Langsjo et al., 2003)","(Langsjo et al., 2003)",langsjo2003,"(Langsjo et al., 2003)",primary,journal_article,resolved,"(Langsjo et al., 2003)",langsjo2003
323,Homo sapiens,Homo,Kaufman__2004,TableA4,30,30,Cerebellum,Cerebellum,,CMRO2,cerebral_metabolic_rate,163,umol/100g/min,163.0,,5.0,umol/100g/min,conscious,resting_conscious,TRUE,single_primary_reference,single,,reported_via_secondary_compilation,,mintun1984,"(Mintun et al., 1984)","(Mintun et al., 1984)",mintun1984,"(Mintun et al., 1984)",primary,journal_article,resolved,"(Mintun et al., 1984)",mintun1984
324,Homo sapiens,Homo,Kaufman__2004,TableA7,37,37,Frontal_cortex,Frontal Cortex,,CMRO2,cerebral_metabolic_rate,150.3,umol/100g/min,150.3,,3.0,umol/100g/min,conscious,resting_conscious,TRUE,single_primary_reference,single,,reported_via_secondary_compilation,,de1997,"(De Voider et al., 1997)","(De Voider et al., 1997)",de1997,"(De Voider et al., 1997)",primary,journal_article,resolved,"(De Voider et al., 1997)",de1997
325,Homo sapiens,Homo,Kaufman__2004,TableA7,38,38,Frontal_cortex,Frontal Cortex,,CMRO2,cerebral_metabolic_rate,105.7,umol/100g/min,105.7,,9.0,umol/100g/min,conscious,resting_conscious,TRUE,single_primary_reference,single,,reported_via_secondary_compilation,,fukuyama1994,"(Fukuyama et al., 1994)","(Fukuyama et al., 1994)",fukuyama1994,"(Fukuyama et al., 1994)",primary,journal_article,resolved,"(Fukuyama et al., 1994)",fukuyama1994
326,Homo sapiens,Homo,Kaufman__2004,TableA7,39,39,Frontal_cortex,Frontal Cortex,,CMRO2,cerebral_metabolic_rate,136.1,umol/100g/min,136.1,,7.0,umol/100g/min,conscious,resting_conscious,TRUE,single_primary_reference,single,,reported_via_secondary_compilation,,sasaki1986,"(Sasaki et al., 1986)","(Sasaki et al., 1986)",sasaki1986,"(Sasaki et al., 1986)",primary,journal_article,resolved,"(Sasaki et al., 1986)",sasaki1986
327,Homo sapiens,Homo,Kaufman__2004,TableA7,40,40,Frontal_cortex,Frontal Cortex,,CMRO2,cerebral_metabolic_rate,120.5,umol/100g/min,120.5,,20.0,umol/100g/min,conscious,resting_conscious,TRUE,single_primary_reference,single,,reported_via_secondary_compilation,,yamakiNA,Yamaki 96,Yamaki 96,yamakiNA,Yamaki 96,primary,journal_article,unresolved,Yamaki 96,yamakiNA
328,Homo sapiens,Homo,Kaufman__2004,TableA7,41,41,Frontal_cortex,Frontal Cortex,,CMRO2,cerebral_metabolic_rate,136.6,umol/100g/min,136.6,,4.0,umol/100g/min,conscious,resting_conscious,TRUE,single_primary_reference,single,,reported_via_secondary_compilation,,bums1992,"(Bums and Tyrrell, 1992)","(Bums and Tyrrell, 1992)",bums1992,"(Bums and Tyrrell, 1992)",primary,journal_article,resolved,"(Bums and Tyrrell, 1992)",bums1992
329,Homo sapiens,Homo,Kaufman__2004,TableA7,42,42,Frontal_cortex,Frontal Cortex,,CMRO2,cerebral_metabolic_rate,160.3,umol/100g/min,160.3,,15.0,umol/100g/min,conscious,resting_conscious,TRUE,single_primary_reference,single,,reported_via_secondary_compilation,,ishii1996,"(Ishii et al., 1996b)","(Ishii et al., 1996b)",ishii1996,"(Ishii et al., 1996b)",primary,journal_article,resolved,"(Ishii et al., 1996b)",ishii1996
330,Homo sapiens,Homo,Kaufman__2004,TableA7,43,43,Frontal_cortex,Frontal Cortex,,CMRO2,cerebral_metabolic_rate,158,umol/100g/min,158.0,,14.0,umol/100g/min,conscious,resting_conscious,TRUE,single_primary_reference,single,,reported_via_secondary_compilation,,ishii1996,"(Ishii et al., 1996b)","(Ishii et al., 1996b)",ishii1996,"(Ishii et al., 1996b)",primary,journal_article,resolved,"(Ishii et al., 1996b)",ishii1996
331,Homo sapiens,Homo,Kaufman__2004,TableA7,44,44,Frontal_cortex,Frontal Cortex,,CMRO2,cerebral_metabolic_rate,195.5,umol/100g/min,195.5,,8.0,umol/100g/min,conscious,resting_conscious,TRUE,single_primary_reference,single,,reported_via_secondary_compilation,,kaisti2003,"(Kaisti et al., 2003)","(Kaisti et al., 2003)",kaisti2003,"(Kaisti et al., 2003)",primary,journal_article,resolved,"(Kaisti et al., 2003)",kaisti2003
332,Homo sapiens,Homo,Kaufman__2004,TableA7,45,45,Frontal_cortex,Frontal Cortex,,CMRO2,cerebral_metabolic_rate,139.3,umol/100g/min,139.3,,8.0,umol/100g/min,anesthetized,resting_anesthetized,FALSE,single_primary_reference,single,,reported_via_secondary_compilation,anesthetized,kaisti2003,"(Kaisti et al., 2003)","(Kaisti et al., 2003)",kaisti2003,"(Kaisti et al., 2003)",primary,journal_article,resolved,"(Kaisti et al., 2003)",kaisti2003
333,Homo sapiens,Homo,Kaufman__2004,TableA7,46,46,Frontal_cortex,Frontal Cortex,,CMRO2,cerebral_metabolic_rate,160.7,umol/100g/min,160.7,,10.0,umol/100g/min,conscious,resting_conscious,TRUE,single_primary_reference,single,,reported_via_secondary_compilation,,langsjo2003,"(Langsjo et al., 2003)","(Langsjo et al., 2003)",langsjo2003,"(Langsjo et al., 2003)",primary,journal_article,resolved,"(Langsjo et al., 2003)",langsjo2003
334,Homo sapiens,Homo,Kaufman__2004,TableA7,47,47,Frontal_cortex,Frontal Cortex,,CMRO2,cerebral_metabolic_rate,141.5,umol/100g/min,141.5,,34.0,umol/100g/min,conscious,resting_conscious,TRUE,single_primary_reference,single,,reported_via_secondary_compilation,,leenders1990,"(Leenders et al., 1990)","(Leenders et al., 1990)",leenders1990,"(Leenders et al., 1990)",primary,journal_article,resolved,"(Leenders et al., 1990)",leenders1990
335,Homo sapiens,Homo,Kaufman__2004,TableA7,48,48,Frontal_cortex,Frontal Cortex,,CMRO2,cerebral_metabolic_rate,185.9,umol/100g/min,185.9,,27.0,umol/100g/min,conscious,resting_conscious,TRUE,single_primary_reference,single,,reported_via_secondary_compilation,,lenzi1981,"(Lenzi et al., 1981)","(Lenzi et al., 1981)",lenzi1981,"(Lenzi et al., 1981)",primary,journal_article,resolved,"(Lenzi et al., 1981)",lenzi1981
336,Homo sapiens,Homo,Kaufman__2004,TableA7,49,49,Frontal_cortex,Frontal Cortex,,CMRO2,cerebral_metabolic_rate,123,umol/100g/min,123.0,,3.0,umol/100g/min,conscious,resting_conscious,TRUE,single_primary_reference,single,,reported_via_secondary_compilation,,meyer1987,"(Meyer et al., 1987)","(Meyer et al., 1987)",meyer1987,"(Meyer et al., 1987)",primary,journal_article,resolved,"(Meyer et al., 1987)",meyer1987
337,Homo sapiens,Homo,Kaufman__2004,TableA7,50,50,Frontal_cortex,Frontal Cortex,,CMRO2,cerebral_metabolic_rate,174.1,umol/100g/min,174.1,,18.0,umol/100g/min,conscious,resting_conscious,TRUE,single_primary_reference,single,,reported_via_secondary_compilation,,pantano1984,"(Pantano et al., 1984)","(Pantano et al., 1984)",pantano1984,"(Pantano et al., 1984)",primary,journal_article,resolved,"(Pantano et al., 1984)",pantano1984
338,Homo sapiens,Homo,Kaufman__2004,TableA7,51,51,Frontal_cortex,Frontal Cortex,,CMRO2,cerebral_metabolic_rate,125.2,umol/100g/min,125.2,,32.0,umol/100g/min,conscious,resting_conscious,TRUE,single_primary_reference,single,,reported_via_secondary_compilation,,perlmutter1987,"(Perlmutter et al., 1987)","(Perlmutter et al., 1987)",perlmutter1987,"(Perlmutter et al., 1987)",primary,journal_article,resolved,"(Perlmutter et al., 1987)",perlmutter1987
339,Homo sapiens,Homo,Kaufman__2004,TableA7,52,52,Frontal_cortex,Frontal Cortex,,CMRO2,cerebral_metabolic_rate,133.9,umol/100g/min,133.9,,6.0,umol/100g/min,conscious,resting_conscious,TRUE,single_primary_reference,single,,reported_via_secondary_compilation,,tohgi1998,"(Tohgi et al., 1998)","(Tohgi et al., 1998)",tohgi1998,"(Tohgi et al., 1998)",primary,journal_article,resolved,"(Tohgi et al., 1998)",tohgi1998
340,Homo sapiens,Homo,Kaufman__2004,TableA7,53,53,Frontal_cortex,Frontal Cortex,,CMRO2,cerebral_metabolic_rate,209.5,umol/100g/min,209.5,,6.0,umol/100g/min,conscious,resting_conscious,TRUE,single_primary_reference,single,,reported_via_secondary_compilation,,wessen1997,"(Wessen et al., 1997)","(Wessen et al., 1997)",wessen1997,"(Wessen et al., 1997)",primary,journal_article,resolved,"(Wessen et al., 1997)",wessen1997
341,Homo sapiens,Homo,Kaufman__2004,TableA7,54,54,Frontal_cortex,Frontal Cortex,,CMRO2,cerebral_metabolic_rate,138.2,umol/100g/min,138.2,,14.0,umol/100g/min,conscious,resting_conscious,TRUE,single_primary_reference,single,,reported_via_secondary_compilation,,yamaguchi1986,"(Yamaguchi et al., 1986)","(Yamaguchi et al., 1986)",yamaguchi1986,"(Yamaguchi et al., 1986)",primary,journal_article,resolved,"(Yamaguchi et al., 1986)",yamaguchi1986
342,Homo sapiens,Homo,Kaufman__2004,TableA7,55,55,Frontal_cortex,Frontal Cortex,,CMRO2,cerebral_metabolic_rate,133.9,umol/100g/min,133.9,,10.0,umol/100g/min,conscious,resting_conscious,TRUE,single_primary_reference,single,,reported_via_secondary_compilation,,yamaguchi1992,"(Yamaguchi et al., 1992a)","(Yamaguchi et al., 1992a)",yamaguchi1992,"(Yamaguchi et al., 1992a)",primary,journal_article,resolved,"(Yamaguchi et al., 1992a)",yamaguchi1992
343,Homo sapiens,Homo,Kaufman__2004,TableA2,9,9,Hippocampus,Hippocampus,,CMRO2,cerebral_metabolic_rate,137.1,umol/100g/min,137.1,,14.0,umol/100g/min,conscious,resting_conscious,TRUE,single_primary_reference,single,,reported_via_secondary_compilation,,yamaguchi1986,"(Yamaguchi et al., 1986)","(Yamaguchi et al., 1986)",yamaguchi1986,"(Yamaguchi et al., 1986)",primary,journal_article,resolved,"(Yamaguchi et al., 1986)",yamaguchi1986
344,Homo sapiens,Homo,Kaufman__2004,TableA6,44,44,Neocortex,Neocortex,,CMRO2,cerebral_metabolic_rate,157,umol/100g/min,157.0,,3.0,umol/100g/min,conscious,resting_conscious,TRUE,single_primary_reference,single,,reported_via_secondary_compilation,,de1997,"(De Voider et al., 1997)","(De Voider et al., 1997)",de1997,"(De Voider et al., 1997)",primary,journal_article,resolved,"(De Voider et al., 1997)",de1997
345,Homo sapiens,Homo,Kaufman__2004,TableA6,45,45,Neocortex,Neocortex,,CMRO2,cerebral_metabolic_rate,153,umol/100g/min,153.0,,7.0,umol/100g/min,conscious,resting_conscious,TRUE,single_primary_reference,single,,reported_via_secondary_compilation,,frackowiak1988,"(Frackowiak et al., 1988)","(Frackowiak et al., 1988)",frackowiak1988,"(Frackowiak et al., 1988)",primary,journal_article,resolved,"(Frackowiak et al., 1988)",frackowiak1988
346,Homo sapiens,Homo,Kaufman__2004,TableA6,46,46,Neocortex,Neocortex,,CMRO2,cerebral_metabolic_rate,139.7,umol/100g/min,139.7,,7.0,umol/100g/min,conscious,resting_conscious,TRUE,single_primary_reference,single,,reported_via_secondary_compilation,,hatazawa1988,"(Hatazawa et al., 1988)","(Hatazawa et al., 1988)",hatazawa1988,"(Hatazawa et al., 1988)",primary,journal_article,resolved,"(Hatazawa et al., 1988)",hatazawa1988
347,Homo sapiens,Homo,Kaufman__2004,TableA6,47,47,Neocortex,Neocortex,,CMRO2,cerebral_metabolic_rate,147.3,umol/100g/min,147.3,,20.0,umol/100g/min,conscious,resting_conscious,TRUE,single_primary_reference,single,,reported_via_secondary_compilation,,yamaki1996,"(Yamaki et al., 1996)","(Yamaki et al., 1996)",yamaki1996,"(Yamaki et al., 1996)",primary,journal_article,resolved,"(Yamaki et al., 1996)",yamaki1996
348,Homo sapiens,Homo,Kaufman__2004,TableA6,48,48,Neocortex,Neocortex,,CMRO2,cerebral_metabolic_rate,147,umol/100g/min,147.0,,7.0,umol/100g/min,conscious,resting_conscious,TRUE,single_primary_reference,single,,reported_via_secondary_compilation,,shishido1996,"(Shishido et al., 1996)","(Shishido et al., 1996)",shishido1996,"(Shishido et al., 1996)",primary,journal_article,resolved,"(Shishido et al., 1996)",shishido1996
349,Homo sapiens,Homo,Kaufman__2004,TableA6,49,49,Neocortex,Neocortex,,CMRO2,cerebral_metabolic_rate,149.6,umol/100g/min,149.6,,7.0,umol/100g/min,conscious,resting_conscious,TRUE,single_primary_reference,single,,reported_via_secondary_compilation,,sasaki1986,"(Sasaki et al., 1986)","(Sasaki et al., 1986)",sasaki1986,"(Sasaki et al., 1986)",primary,journal_article,resolved,"(Sasaki et al., 1986)",sasaki1986
350,Homo sapiens,Homo,Kaufman__2004,TableA6,50,50,Neocortex,Neocortex,,CMRO2,cerebral_metabolic_rate,154.5,umol/100g/min,154.5,,14.0,umol/100g/min,conscious,resting_conscious,TRUE,single_primary_reference,single,,reported_via_secondary_compilation,,yamaguchi1986,"(Yamaguchi etal., 1986)","(Yamaguchi etal., 1986)",yamaguchi1986,"(Yamaguchi etal., 1986)",primary,journal_article,resolved,"(Yamaguchi etal., 1986)",yamaguchi1986
351,Homo sapiens,Homo,Kaufman__2004,TableA6,51,51,Neocortex,Neocortex,,CMRO2,cerebral_metabolic_rate,146.9,umol/100g/min,146.9,,10.0,umol/100g/min,conscious,resting_conscious,TRUE,single_primary_reference,single,,reported_via_secondary_compilation,,yamaguchi1992,"(Yamaguchi et al., 1992a)","(Yamaguchi et al., 1992a)",yamaguchi1992,"(Yamaguchi et al., 1992a)",primary,journal_article,resolved,"(Yamaguchi et al., 1992a)",yamaguchi1992
352,Homo sapiens,Homo,Kaufman__2004,TableA6,52,52,Neocortex,Neocortex,,CMRO2,cerebral_metabolic_rate,138.8,umol/100g/min,138.8,,34.0,umol/100g/min,conscious,resting_conscious,TRUE,single_primary_reference,single,,reported_via_secondary_compilation,,leenders1990,"(Leenders et al., 1990)","(Leenders et al., 1990)",leenders1990,"(Leenders et al., 1990)",primary,journal_article,resolved,"(Leenders et al., 1990)",leenders1990
353,Homo sapiens,Homo,Kaufman__2004,TableA6,53,53,Neocortex,Neocortex,,CMRO2,cerebral_metabolic_rate,147.3,umol/100g/min,147.3,,16.0,umol/100g/min,conscious,resting_conscious,TRUE,single_primary_reference,single,,reported_via_secondary_compilation,,hayashi2000,"(Hayashi et al., 2000)","(Hayashi et al., 2000)",hayashi2000,"(Hayashi et al., 2000)",primary,journal_article,resolved,"(Hayashi et al., 2000)",hayashi2000
354,Homo sapiens,Homo,Kaufman__2004,TableA6,54,54,Neocortex,Neocortex,,CMRO2,cerebral_metabolic_rate,122,umol/100g/min,122.0,,32.0,umol/100g/min,conscious,resting_conscious,TRUE,single_primary_reference,single,,reported_via_secondary_compilation,,perlmutter1987,"(Perlmutter et al., 1987)","(Perlmutter et al., 1987)",perlmutter1987,"(Perlmutter et al., 1987)",primary,journal_article,resolved,"(Perlmutter et al., 1987)",perlmutter1987
355,Homo sapiens,Homo,Kaufman__2004,TableA6,55,55,Neocortex,Neocortex,,CMRO2,cerebral_metabolic_rate,145.1,umol/100g/min,145.1,,6.0,umol/100g/min,conscious,resting_conscious,TRUE,single_primary_reference,single,,reported_via_secondary_compilation,,tohgi1998,"(Tohgi et al., 1998)","(Tohgi et al., 1998)",tohgi1998,"(Tohgi et al., 1998)",primary,journal_article,resolved,"(Tohgi et al., 1998)",tohgi1998
356,Homo sapiens,Homo,Kaufman__2004,TableA6,56,56,Neocortex,Neocortex,,CMRO2,cerebral_metabolic_rate,211.4,umol/100g/min,211.4,,6.0,umol/100g/min,conscious,resting_conscious,TRUE,single_primary_reference,single,,reported_via_secondary_compilation,,wessen1997,"(Wessen et al., 1997)","(Wessen et al., 1997)",wessen1997,"(Wessen et al., 1997)",primary,journal_article,resolved,"(Wessen et al., 1997)",wessen1997
357,Homo sapiens,Homo,Kaufman__2004,TableA11,26,26,Occipital_cortex,Occipital Cortex,,CMRO2,cerebral_metabolic_rate,156.7,umol/100g/min,156.7,,3.0,umol/100g/min,conscious,resting_conscious,TRUE,single_primary_reference,single,,reported_via_secondary_compilation,,de1997,"(De Voider et al., 1997)","(De Voider et al., 1997)",de1997,"(De Voider et al., 1997)",primary,journal_article,resolved,"(De Voider et al., 1997)",de1997
358,Homo sapiens,Homo,Kaufman__2004,TableA11,27,27,Occipital_cortex,Occipital Cortex,,CMRO2,cerebral_metabolic_rate,111.4,umol/100g/min,111.4,,9.0,umol/100g/min,conscious,resting_conscious,TRUE,single_primary_reference,single,,reported_via_secondary_compilation,,fukuyama1994,"(Fukuyama et al., 1994)","(Fukuyama et al., 1994)",fukuyama1994,"(Fukuyama et al., 1994)",primary,journal_article,resolved,"(Fukuyama et al., 1994)",fukuyama1994
359,Homo sapiens,Homo,Kaufman__2004,TableA11,28,28,Occipital_cortex,Occipital Cortex,,CMRO2,cerebral_metabolic_rate,174.9,umol/100g/min,174.9,,7.0,umol/100g/min,conscious,resting_conscious,TRUE,single_primary_reference,single,,reported_via_secondary_compilation,,sasaki1986,"(Sasaki et al., 1986)","(Sasaki et al., 1986)",sasaki1986,"(Sasaki et al., 1986)",primary,journal_article,resolved,"(Sasaki et al., 1986)",sasaki1986
360,Homo sapiens,Homo,Kaufman__2004,TableA11,29,29,Occipital_cortex,Occipital Cortex,,CMRO2,cerebral_metabolic_rate,118.3,umol/100g/min,118.3,,20.0,umol/100g/min,conscious,resting_conscious,TRUE,single_primary_reference,single,,reported_via_secondary_compilation,,yamaki1996,"(Yamaki et al., 1996)","(Yamaki et al., 1996)",yamaki1996,"(Yamaki et al., 1996)",primary,journal_article,resolved,"(Yamaki et al., 1996)",yamaki1996
361,Homo sapiens,Homo,Kaufman__2004,TableA11,30,30,Occipital_cortex,Occipital Cortex,,CMRO2,cerebral_metabolic_rate,150.9,umol/100g/min,150.9,,4.0,umol/100g/min,conscious,resting_conscious,TRUE,single_primary_reference,single,,reported_via_secondary_compilation,,bums1992,"(Bums and Tyrrell, 1992)","(Bums and Tyrrell, 1992)",bums1992,"(Bums and Tyrrell, 1992)",primary,journal_article,resolved,"(Bums and Tyrrell, 1992)",bums1992
362,Homo sapiens,Homo,Kaufman__2004,TableA11,31,31,Occipital_cortex,Occipital Cortex,,CMRO2,cerebral_metabolic_rate,194.6,umol/100g/min,194.6,,15.0,umol/100g/min,conscious,resting_conscious,TRUE,single_primary_reference,single,,reported_via_secondary_compilation,,ishiietal1996,"(Ishiietal., 1996a)","(Ishiietal., 1996a)",ishiietal1996,"(Ishiietal., 1996a)",primary,journal_article,resolved,"(Ishiietal., 1996a)",ishiietal1996
363,Homo sapiens,Homo,Kaufman__2004,TableA11,32,32,Occipital_cortex,Occipital Cortex,,CMRO2,cerebral_metabolic_rate,190.2,umol/100g/min,190.2,,14.0,umol/100g/min,conscious,resting_conscious,TRUE,single_primary_reference,single,,reported_via_secondary_compilation,,ishii1996,"(Ishii et al., 1996b)","(Ishii et al., 1996b)",ishii1996,"(Ishii et al., 1996b)",primary,journal_article,resolved,"(Ishii et al., 1996b)",ishii1996
364,Homo sapiens,Homo,Kaufman__2004,TableA11,33,33,Occipital_cortex,Occipital Cortex,,CMRO2,cerebral_metabolic_rate,187.1,umol/100g/min,187.1,,8.0,umol/100g/min,conscious,resting_conscious,TRUE,single_primary_reference,single,,reported_via_secondary_compilation,,kaisti2003,"(Kaisti et al., 2003)","(Kaisti et al., 2003)",kaisti2003,"(Kaisti et al., 2003)",primary,journal_article,resolved,"(Kaisti et al., 2003)",kaisti2003
365,Homo sapiens,Homo,Kaufman__2004,TableA11,34,34,Occipital_cortex,Occipital Cortex,,CMRO2,cerebral_metabolic_rate,105.8,umol/100g/min,105.8,,8.0,umol/100g/min,anesthetized,resting_anesthetized,FALSE,single_primary_reference,single,,reported_via_secondary_compilation,anesthetized,kaisti2003,"(Kaisti et al., 2003)","(Kaisti et al., 2003)",kaisti2003,"(Kaisti et al., 2003)",primary,journal_article,resolved,"(Kaisti et al., 2003)",kaisti2003
366,Homo sapiens,Homo,Kaufman__2004,TableA11,35,35,Occipital_cortex,Occipital Cortex,,CMRO2,cerebral_metabolic_rate,167,umol/100g/min,167.0,,10.0,umol/100g/min,conscious,resting_conscious,TRUE,single_primary_reference,single,,reported_via_secondary_compilation,,langsjo2003,"(Langsjo et al., 2003)","(Langsjo et al., 2003)",langsjo2003,"(Langsjo et al., 2003)",primary,journal_article,resolved,"(Langsjo et al., 2003)",langsjo2003
367,Homo sapiens,Homo,Kaufman__2004,TableA11,36,36,Occipital_cortex,Occipital Cortex,,CMRO2,cerebral_metabolic_rate,155.4,umol/100g/min,155.4,,34.0,umol/100g/min,conscious,resting_conscious,TRUE,single_primary_reference,single,,reported_via_secondary_compilation,,leenders1990,"(Leenders et al., 1990)","(Leenders et al., 1990)",leenders1990,"(Leenders et al., 1990)",primary,journal_article,resolved,"(Leenders et al., 1990)",leenders1990
368,Homo sapiens,Homo,Kaufman__2004,TableA11,37,37,Occipital_cortex,Occipital Cortex,,CMRO2,cerebral_metabolic_rate,210,umol/100g/min,210.0,,27.0,umol/100g/min,conscious,resting_conscious,TRUE,single_primary_reference,single,,reported_via_secondary_compilation,,lenzi1981,"(Lenzi et al., 1981)","(Lenzi et al., 1981)",lenzi1981,"(Lenzi et al., 1981)",primary,journal_article,resolved,"(Lenzi et al., 1981)",lenzi1981
369,Homo sapiens,Homo,Kaufman__2004,TableA11,38,38,Occipital_cortex,Occipital Cortex,,CMRO2,cerebral_metabolic_rate,170,umol/100g/min,170.0,,3.0,umol/100g/min,conscious,resting_conscious,TRUE,single_primary_reference,single,,reported_via_secondary_compilation,,meyer1987,"(Meyer et al., 1987)","(Meyer et al., 1987)",meyer1987,"(Meyer et al., 1987)",primary,journal_article,resolved,"(Meyer et al., 1987)",meyer1987
370,Homo sapiens,Homo,Kaufman__2004,TableA11,39,39,Occipital_cortex,Occipital Cortex,,CMRO2,cerebral_metabolic_rate,227.7,umol/100g/min,227.7,,18.0,umol/100g/min,conscious,resting_conscious,TRUE,single_primary_reference,single,,reported_via_secondary_compilation,,pantano1984,"(Pantano et al., 1984)","(Pantano et al., 1984)",pantano1984,"(Pantano et al., 1984)",primary,journal_article,resolved,"(Pantano et al., 1984)",pantano1984
371,Homo sapiens,Homo,Kaufman__2004,TableA11,40,40,Occipital_cortex,Occipital Cortex,,CMRO2,cerebral_metabolic_rate,113.4,umol/100g/min,113.4,,32.0,umol/100g/min,conscious,resting_conscious,TRUE,single_primary_reference,single,,reported_via_secondary_compilation,,perlmutter1987,"(Perlmutter et al., 1987)","(Perlmutter et al., 1987)",perlmutter1987,"(Perlmutter et al., 1987)",primary,journal_article,resolved,"(Perlmutter et al., 1987)",perlmutter1987
372,Homo sapiens,Homo,Kaufman__2004,TableA11,41,41,Occipital_cortex,Occipital Cortex,,CMRO2,cerebral_metabolic_rate,151.8,umol/100g/min,151.8,,6.0,umol/100g/min,conscious,resting_conscious,TRUE,single_primary_reference,single,,reported_via_secondary_compilation,,tohgi1998,"(Tohgi et al., 1998)","(Tohgi et al., 1998)",tohgi1998,"(Tohgi et al., 1998)",primary,journal_article,resolved,"(Tohgi et al., 1998)",tohgi1998
373,Homo sapiens,Homo,Kaufman__2004,TableA11,42,42,Occipital_cortex,Occipital Cortex,,CMRO2,cerebral_metabolic_rate,210,umol/100g/min,210.0,,6.0,umol/100g/min,conscious,resting_conscious,TRUE,single_primary_reference,single,,reported_via_secondary_compilation,,wessen1997,"(Wessen et al., 1997)","(Wessen et al., 1997)",wessen1997,"(Wessen et al., 1997)",primary,journal_article,resolved,"(Wessen et al., 1997)",wessen1997
374,Homo sapiens,Homo,Kaufman__2004,TableA11,43,43,Occipital_cortex,Occipital Cortex,,CMRO2,cerebral_metabolic_rate,162.5,umol/100g/min,162.5,,14.0,umol/100g/min,conscious,resting_conscious,TRUE,single_primary_reference,single,,reported_via_secondary_compilation,,yamaguchi1986,"(Yamaguchi et al., 1986)","(Yamaguchi et al., 1986)",yamaguchi1986,"(Yamaguchi et al., 1986)",primary,journal_article,resolved,"(Yamaguchi et al., 1986)",yamaguchi1986
375,Homo sapiens,Homo,Kaufman__2004,TableA11,44,44,Occipital_cortex,Occipital Cortex,,CMRO2,cerebral_metabolic_rate,159.8,umol/100g/min,159.8,,10.0,umol/100g/min,conscious,resting_conscious,TRUE,single_primary_reference,single,,reported_via_secondary_compilation,,yamaguchi1992,"(Yamaguchi et al., 1992a)","(Yamaguchi et al., 1992a)",yamaguchi1992,"(Yamaguchi et al., 1992a)",primary,journal_article,resolved,"(Yamaguchi et al., 1992a)",yamaguchi1992
376,Homo sapiens,Homo,Kaufman__2004,TableA8,34,34,Parietal_cortex,Parietal Cortex,,CMRO2,cerebral_metabolic_rate,115.5,umol/100g/min,115.5,,9.0,umol/100g/min,conscious,resting_conscious,TRUE,single_primary_reference,single,,reported_via_secondary_compilation,,fukuyama1994,"(Fukuyama et al., 1994)","(Fukuyama et al., 1994)",fukuyama1994,"(Fukuyama et al., 1994)",primary,journal_article,resolved,"(Fukuyama et al., 1994)",fukuyama1994
377,Homo sapiens,Homo,Kaufman__2004,TableA8,35,35,Parietal_cortex,Parietal Cortex,,CMRO2,cerebral_metabolic_rate,164.3,umol/100g/min,164.3,,7.0,umol/100g/min,conscious,resting_conscious,TRUE,single_primary_reference,single,,reported_via_secondary_compilation,,sasaki1986,"(Sasaki et al., 1986)","(Sasaki et al., 1986)",sasaki1986,"(Sasaki et al., 1986)",primary,journal_article,resolved,"(Sasaki et al., 1986)",sasaki1986
378,Homo sapiens,Homo,Kaufman__2004,TableA8,36,36,Parietal_cortex,Parietal Cortex,,CMRO2,cerebral_metabolic_rate,133.9,umol/100g/min,133.9,,20.0,umol/100g/min,conscious,resting_conscious,TRUE,single_primary_reference,single,,reported_via_secondary_compilation,,yamaki1996,"(Yamaki et al., 1996)","(Yamaki et al., 1996)",yamaki1996,"(Yamaki et al., 1996)",primary,journal_article,resolved,"(Yamaki et al., 1996)",yamaki1996
379,Homo sapiens,Homo,Kaufman__2004,TableA8,37,37,Parietal_cortex,Parietal Cortex,,CMRO2,cerebral_metabolic_rate,136.2,umol/100g/min,136.2,,4.0,umol/100g/min,conscious,resting_conscious,TRUE,single_primary_reference,single,,reported_via_secondary_compilation,,bums1992,"(Bums and Tyrrell, 1992)","(Bums and Tyrrell, 1992)",bums1992,"(Bums and Tyrrell, 1992)",primary,journal_article,resolved,"(Bums and Tyrrell, 1992)",bums1992
380,Homo sapiens,Homo,Kaufman__2004,TableA8,38,38,Parietal_cortex,Parietal Cortex,,CMRO2,cerebral_metabolic_rate,155.8,umol/100g/min,155.8,,15.0,umol/100g/min,conscious,resting_conscious,TRUE,single_primary_reference,single,,reported_via_secondary_compilation,,ishii1996,"(Ishii et al., 1996b)","(Ishii et al., 1996b)",ishii1996,"(Ishii et al., 1996b)",primary,journal_article,resolved,"(Ishii et al., 1996b)",ishii1996
381,Homo sapiens,Homo,Kaufman__2004,TableA8,39,39,Parietal_cortex,Parietal Cortex,,CMRO2,cerebral_metabolic_rate,155.4,umol/100g/min,155.4,,14.0,umol/100g/min,conscious,resting_conscious,TRUE,single_primary_reference,single,,reported_via_secondary_compilation,,ishii1996,"(Ishii et al., 1996a)","(Ishii et al., 1996a)",ishii1996,"(Ishii et al., 1996a)",primary,journal_article,resolved,"(Ishii et al., 1996a)",ishii1996
382,Homo sapiens,Homo,Kaufman__2004,TableA8,40,40,Parietal_cortex,Parietal Cortex,,CMRO2,cerebral_metabolic_rate,205.4,umol/100g/min,205.4,,8.0,umol/100g/min,conscious,resting_conscious,TRUE,single_primary_reference,single,,reported_via_secondary_compilation,,kaisti2003,"(Kaisti et al., 2003)","(Kaisti et al., 2003)",kaisti2003,"(Kaisti et al., 2003)",primary,journal_article,resolved,"(Kaisti et al., 2003)",kaisti2003
383,Homo sapiens,Homo,Kaufman__2004,TableA8,41,41,Parietal_cortex,Parietal Cortex,,CMRO2,cerebral_metabolic_rate,141.5,umol/100g/min,141.5,,8.0,umol/100g/min,anesthetized,resting_anesthetized,FALSE,single_primary_reference,single,,reported_via_secondary_compilation,anesthetized,kaisti2003,"(Kaisti et al., 2003)","(Kaisti et al., 2003)",kaisti2003,"(Kaisti et al., 2003)",primary,journal_article,resolved,"(Kaisti et al., 2003)",kaisti2003
384,Homo sapiens,Homo,Kaufman__2004,TableA8,42,42,Parietal_cortex,Parietal Cortex,,CMRO2,cerebral_metabolic_rate,168.8,umol/100g/min,168.8,,10.0,umol/100g/min,conscious,resting_conscious,TRUE,single_primary_reference,single,,reported_via_secondary_compilation,,langsjo2003,"(Langsjo et al., 2003)","(Langsjo et al., 2003)",langsjo2003,"(Langsjo et al., 2003)",primary,journal_article,resolved,"(Langsjo et al., 2003)",langsjo2003
385,Homo sapiens,Homo,Kaufman__2004,TableA8,43,43,Parietal_cortex,Parietal Cortex,,CMRO2,cerebral_metabolic_rate,124.1,umol/100g/min,124.1,,34.0,umol/100g/min,conscious,resting_conscious,TRUE,single_primary_reference,single,,reported_via_secondary_compilation,,leenders1990,"(Leenders et al., 1990)","(Leenders et al., 1990)",leenders1990,"(Leenders et al., 1990)",primary,journal_article,resolved,"(Leenders et al., 1990)",leenders1990
386,Homo sapiens,Homo,Kaufman__2004,TableA8,44,44,Parietal_cortex,Parietal Cortex,,CMRO2,cerebral_metabolic_rate,171.7,umol/100g/min,171.7,,27.0,umol/100g/min,conscious,resting_conscious,TRUE,single_primary_reference,single,,reported_via_secondary_compilation,,lenzi1981,"(Lenzi et al., 1981)","(Lenzi et al., 1981)",lenzi1981,"(Lenzi et al., 1981)",primary,journal_article,resolved,"(Lenzi et al., 1981)",lenzi1981
387,Homo sapiens,Homo,Kaufman__2004,TableA8,45,45,Parietal_cortex,Parietal Cortex,,CMRO2,cerebral_metabolic_rate,167,umol/100g/min,167.0,,3.0,umol/100g/min,conscious,resting_conscious,TRUE,single_primary_reference,single,,reported_via_secondary_compilation,,meyer1987,"(Meyer et al., 1987)","(Meyer et al., 1987)",meyer1987,"(Meyer et al., 1987)",primary,journal_article,resolved,"(Meyer et al., 1987)",meyer1987
388,Homo sapiens,Homo,Kaufman__2004,TableA8,46,46,Parietal_cortex,Parietal Cortex,,CMRO2,cerebral_metabolic_rate,129.5,umol/100g/min,129.5,,32.0,umol/100g/min,conscious,resting_conscious,TRUE,single_primary_reference,single,,reported_via_secondary_compilation,,perlmutterNA,"(Perlmutter et al., 2987)","(Perlmutter et al., 2987)",perlmutterNA,"(Perlmutter et al., 2987)",primary,journal_article,unresolved,"(Perlmutter et al., 2987)",perlmutterNA
389,Homo sapiens,Homo,Kaufman__2004,TableA8,47,47,Parietal_cortex,Parietal Cortex,,CMRO2,cerebral_metabolic_rate,147.3,umol/100g/min,147.3,,6.0,umol/100g/min,conscious,resting_conscious,TRUE,single_primary_reference,single,,reported_via_secondary_compilation,,tohgi1998,"(Tohgi et al., 1998)","(Tohgi et al., 1998)",tohgi1998,"(Tohgi et al., 1998)",primary,journal_article,resolved,"(Tohgi et al., 1998)",tohgi1998
390,Homo sapiens,Homo,Kaufman__2004,TableA8,48,48,Parietal_cortex,Parietal Cortex,,CMRO2,cerebral_metabolic_rate,213,umol/100g/min,213.0,,6.0,umol/100g/min,conscious,resting_conscious,TRUE,single_primary_reference,single,,reported_via_secondary_compilation,,wessen1997,"(Wessen et al., 1997)","(Wessen et al., 1997)",wessen1997,"(Wessen et al., 1997)",primary,journal_article,resolved,"(Wessen et al., 1997)",wessen1997
391,Homo sapiens,Homo,Kaufman__2004,TableA8,49,49,Parietal_cortex,Parietal Cortex,,CMRO2,cerebral_metabolic_rate,155.8,umol/100g/min,155.8,,14.0,umol/100g/min,conscious,resting_conscious,TRUE,single_primary_reference,single,,reported_via_secondary_compilation,,yamaguchi1986,"(Yamaguchi et al., 1986)","(Yamaguchi et al., 1986)",yamaguchi1986,"(Yamaguchi et al., 1986)",primary,journal_article,resolved,"(Yamaguchi et al., 1986)",yamaguchi1986
392,Homo sapiens,Homo,Kaufman__2004,TableA8,50,50,Parietal_cortex,Parietal Cortex,,CMRO2,cerebral_metabolic_rate,140.6,umol/100g/min,140.6,,10.0,umol/100g/min,conscious,resting_conscious,TRUE,single_primary_reference,single,,reported_via_secondary_compilation,,yamaguchi1992,"(Yamaguchi et al., 1992a)","(Yamaguchi et al., 1992a)",yamaguchi1992,"(Yamaguchi et al., 1992a)",primary,journal_article,resolved,"(Yamaguchi et al., 1992a)",yamaguchi1992
393,Homo sapiens,Homo,Kaufman__2004,TableA12,10,10,Sensorimotor_cortex,Sensorimotor Cortex,,CMRO2,cerebral_metabolic_rate,111.36,umol/100g/min,111.36,,9.0,umol/100g/min,conscious,resting_conscious,TRUE,single_primary_reference,single,,reported_via_secondary_compilation,,fukuyama1994,"(Fukuyama et al., 1994)","(Fukuyama et al., 1994)",fukuyama1994,"(Fukuyama et al., 1994)",primary,journal_article,resolved,"(Fukuyama et al., 1994)",fukuyama1994
394,Homo sapiens,Homo,Kaufman__2004,TableA12,11,11,Sensorimotor_cortex,Sensorimotor Cortex,,CMRO2,cerebral_metabolic_rate,151.79,umol/100g/min,151.79,,15.0,umol/100g/min,conscious,resting_conscious,TRUE,single_primary_reference,single,,reported_via_secondary_compilation,,ishii1996,"(Ishii et al., 1996b)","(Ishii et al., 1996b)",ishii1996,"(Ishii et al., 1996b)",primary,journal_article,resolved,"(Ishii et al., 1996b)",ishii1996
395,Homo sapiens,Homo,Kaufman__2004,TableA12,12,12,Sensorimotor_cortex,Sensorimotor Cortex,,CMRO2,cerebral_metabolic_rate,199.78,umol/100g/min,199.78,,27.0,umol/100g/min,conscious,resting_conscious,TRUE,single_primary_reference,single,,reported_via_secondary_compilation,,lenzi1981,"(Lenzi et al., 1981)","(Lenzi et al., 1981)",lenzi1981,"(Lenzi et al., 1981)",primary,journal_article,resolved,"(Lenzi et al., 1981)",lenzi1981
396,Homo sapiens,Homo,Kaufman__2004,TableA12,13,13,Sensorimotor_cortex,Sensorimotor Cortex,,CMRO2,cerebral_metabolic_rate,156.25,umol/100g/min,156.25,,18.0,umol/100g/min,conscious,resting_conscious,TRUE,single_primary_reference,single,,reported_via_secondary_compilation,,pantano1984,"(Pantano et al., 1984)","(Pantano et al., 1984)",pantano1984,"(Pantano et al., 1984)",primary,journal_article,resolved,"(Pantano et al., 1984)",pantano1984
397,Homo sapiens,Homo,Kaufman__2004,TableA12,14,14,Sensorimotor_cortex,Sensorimotor Cortex,,CMRO2,cerebral_metabolic_rate,122.99,umol/100g/min,122.99,,32.0,umol/100g/min,conscious,resting_conscious,TRUE,single_primary_reference,single,,reported_via_secondary_compilation,,perlmutter1987,"(Perlmutter et al., 1987)","(Perlmutter et al., 1987)",perlmutter1987,"(Perlmutter et al., 1987)",primary,journal_article,resolved,"(Perlmutter et al., 1987)",perlmutter1987
398,Homo sapiens,Homo,Kaufman__2004,TableA9,34,34,Temporal_cortex,Temporal Cortex,,CMRO2,cerebral_metabolic_rate,153.3,umol/100g/min,153.3,,3.0,umol/100g/min,conscious,resting_conscious,TRUE,single_primary_reference,single,,reported_via_secondary_compilation,,de1997,"(De Voider et al., 1997)","(De Voider et al., 1997)",de1997,"(De Voider et al., 1997)",primary,journal_article,resolved,"(De Voider et al., 1997)",de1997
399,Homo sapiens,Homo,Kaufman__2004,TableA9,35,35,Temporal_cortex,Temporal Cortex,,CMRO2,cerebral_metabolic_rate,117.7,umol/100g/min,117.7,,9.0,umol/100g/min,conscious,resting_conscious,TRUE,single_primary_reference,single,,reported_via_secondary_compilation,,fukuyama1994,"(Fukuyama et al., 1994)","(Fukuyama et al., 1994)",fukuyama1994,"(Fukuyama et al., 1994)",primary,journal_article,resolved,"(Fukuyama et al., 1994)",fukuyama1994
400,Homo sapiens,Homo,Kaufman__2004,TableA9,36,36,Temporal_cortex,Temporal Cortex,,CMRO2,cerebral_metabolic_rate,161.9,umol/100g/min,161.9,,7.0,umol/100g/min,conscious,resting_conscious,TRUE,single_primary_reference,single,,reported_via_secondary_compilation,,sasaki1986,"(Sasaki et al., 1986)","(Sasaki et al., 1986)",sasaki1986,"(Sasaki et al., 1986)",primary,journal_article,resolved,"(Sasaki et al., 1986)",sasaki1986
401,Homo sapiens,Homo,Kaufman__2004,TableA9,37,37,Temporal_cortex,Temporal Cortex,,CMRO2,cerebral_metabolic_rate,129.5,umol/100g/min,129.5,,20.0,umol/100g/min,conscious,resting_conscious,TRUE,single_primary_reference,single,,reported_via_secondary_compilation,,yamaki1996,"(Yamaki et al., 1996)","(Yamaki et al., 1996)",yamaki1996,"(Yamaki et al., 1996)",primary,journal_article,resolved,"(Yamaki et al., 1996)",yamaki1996
402,Homo sapiens,Homo,Kaufman__2004,TableA9,38,38,Temporal_cortex,Temporal Cortex,,CMRO2,cerebral_metabolic_rate,139.7,umol/100g/min,139.7,,4.0,umol/100g/min,conscious,resting_conscious,TRUE,single_primary_reference,single,,reported_via_secondary_compilation,,bums1992,"(Bums and Tyrrell, 1992)","(Bums and Tyrrell, 1992)",bums1992,"(Bums and Tyrrell, 1992)",primary,journal_article,resolved,"(Bums and Tyrrell, 1992)",bums1992
403,Homo sapiens,Homo,Kaufman__2004,TableA9,39,39,Temporal_cortex,Temporal Cortex,,CMRO2,cerebral_metabolic_rate,169.2,umol/100g/min,169.2,,15.0,umol/100g/min,conscious,resting_conscious,TRUE,single_primary_reference,single,,reported_via_secondary_compilation,,ishii1996,"(Ishii et al., 1996a)","(Ishii et al., 1996a)",ishii1996,"(Ishii et al., 1996a)",primary,journal_article,resolved,"(Ishii et al., 1996a)",ishii1996
404,Homo sapiens,Homo,Kaufman__2004,TableA9,40,40,Temporal_cortex,Temporal Cortex,,CMRO2,cerebral_metabolic_rate,141.5,umol/100g/min,141.5,,14.0,umol/100g/min,conscious,resting_conscious,TRUE,single_primary_reference,single,,reported_via_secondary_compilation,,ishii1996,"(Ishii et al., 1996b)","(Ishii et al., 1996b)",ishii1996,"(Ishii et al., 1996b)",primary,journal_article,resolved,"(Ishii et al., 1996b)",ishii1996
405,Homo sapiens,Homo,Kaufman__2004,TableA9,41,41,Temporal_cortex,Temporal Cortex,,CMRO2,cerebral_metabolic_rate,193.3,umol/100g/min,193.3,,8.0,umol/100g/min,conscious,resting_conscious,TRUE,single_primary_reference,single,,reported_via_secondary_compilation,,kaisti2003,"(Kaisti et al., 2003)","(Kaisti et al., 2003)",kaisti2003,"(Kaisti et al., 2003)",primary,journal_article,resolved,"(Kaisti et al., 2003)",kaisti2003
406,Homo sapiens,Homo,Kaufman__2004,TableA9,42,42,Temporal_cortex,Temporal Cortex,,CMRO2,cerebral_metabolic_rate,143.3,umol/100g/min,143.3,,8.0,umol/100g/min,anesthetized,resting_anesthetized,FALSE,single_primary_reference,single,,reported_via_secondary_compilation,anesthetized,kaisti2003,"(Kaisti et al., 2003)","(Kaisti et al., 2003)",kaisti2003,"(Kaisti et al., 2003)",primary,journal_article,resolved,"(Kaisti et al., 2003)",kaisti2003
407,Homo sapiens,Homo,Kaufman__2004,TableA9,43,43,Temporal_cortex,Temporal Cortex,,CMRO2,cerebral_metabolic_rate,167.4,umol/100g/min,167.4,,10.0,umol/100g/min,conscious,resting_conscious,TRUE,single_primary_reference,single,,reported_via_secondary_compilation,,langsjo2003,"(Langsjo et al., 2003)","(Langsjo et al., 2003)",langsjo2003,"(Langsjo et al., 2003)",primary,journal_article,resolved,"(Langsjo et al., 2003)",langsjo2003
408,Homo sapiens,Homo,Kaufman__2004,TableA9,44,44,Temporal_cortex,Temporal Cortex,,CMRO2,cerebral_metabolic_rate,129,umol/100g/min,129.0,,32.0,umol/100g/min,conscious,resting_conscious,TRUE,single_primary_reference,single,,reported_via_secondary_compilation,,perlmutter1987,"(Perlmutter et al., 1987)","(Perlmutter et al., 1987)",perlmutter1987,"(Perlmutter et al., 1987)",primary,journal_article,resolved,"(Perlmutter et al., 1987)",perlmutter1987
409,Homo sapiens,Homo,Kaufman__2004,TableA9,45,45,Temporal_cortex,Temporal Cortex,,CMRO2,cerebral_metabolic_rate,147.3,umol/100g/min,147.3,,6.0,umol/100g/min,conscious,resting_conscious,TRUE,single_primary_reference,single,,reported_via_secondary_compilation,,tohgi1998,"(Tohgi et al., 1998)","(Tohgi et al., 1998)",tohgi1998,"(Tohgi et al., 1998)",primary,journal_article,resolved,"(Tohgi et al., 1998)",tohgi1998
410,Homo sapiens,Homo,Kaufman__2004,TableA9,46,46,Temporal_cortex,Temporal Cortex,,CMRO2,cerebral_metabolic_rate,213,umol/100g/min,213.0,,6.0,umol/100g/min,conscious,resting_conscious,TRUE,single_primary_reference,single,,reported_via_secondary_compilation,,wessen1997,"(Wessen et al., 1997)","(Wessen et al., 1997)",wessen1997,"(Wessen et al., 1997)",primary,journal_article,resolved,"(Wessen et al., 1997)",wessen1997
411,Homo sapiens,Homo,Kaufman__2004,TableA9,47,47,Temporal_cortex,Temporal Cortex,,CMRO2,cerebral_metabolic_rate,151.8,umol/100g/min,151.8,,14.0,umol/100g/min,conscious,resting_conscious,TRUE,single_primary_reference,single,,reported_via_secondary_compilation,,yamaguchi1986,"(Yamaguchi et al., 1986)","(Yamaguchi et al., 1986)",yamaguchi1986,"(Yamaguchi et al., 1986)",primary,journal_article,resolved,"(Yamaguchi et al., 1986)",yamaguchi1986
412,Homo sapiens,Homo,Kaufman__2004,TableA9,48,48,Temporal_cortex,Temporal Cortex,,CMRO2,cerebral_metabolic_rate,157.1,umol/100g/min,157.1,,10.0,umol/100g/min,conscious,resting_conscious,TRUE,single_primary_reference,single,,reported_via_secondary_compilation,,yamaguchi1992,"(Yamaguchi et al., 1992a)","(Yamaguchi et al., 1992a)",yamaguchi1992,"(Yamaguchi et al., 1992a)",primary,journal_article,resolved,"(Yamaguchi et al., 1992a)",yamaguchi1992
413,Homo sapiens,Homo,Kaufman__2004,TableA3,32,32,Thalamus,Thalamus,,CMRO2,cerebral_metabolic_rate,176.7,umol/100g/min,176.7,,3.0,umol/100g/min,conscious,resting_conscious,TRUE,single_primary_reference,single,,reported_via_secondary_compilation,,de1997,"De Voider et al., 1997)","De Voider et al., 1997)",de1997,"De Voider et al., 1997)",primary,journal_article,resolved,"De Voider et al., 1997)",de1997
414,Homo sapiens,Homo,Kaufman__2004,TableA3,33,33,Thalamus,Thalamus,,CMRO2,cerebral_metabolic_rate,148.1,umol/100g/min,148.1,,7.0,umol/100g/min,conscious,resting_conscious,TRUE,single_primary_reference,single,,reported_via_secondary_compilation,,sasaki1986,"Sasaki et al., 1986)","Sasaki et al., 1986)",sasaki1986,"Sasaki et al., 1986)",primary,journal_article,resolved,"Sasaki et al., 1986)",sasaki1986
415,Homo sapiens,Homo,Kaufman__2004,TableA3,34,34,Thalamus,Thalamus,,CMRO2,cerebral_metabolic_rate,251.3,umol/100g/min,251.3,,8.0,umol/100g/min,conscious,resting_conscious,TRUE,single_primary_reference,single,,reported_via_secondary_compilation,,kaisti2003,"Kaisti et al., 2003)","Kaisti et al., 2003)",kaisti2003,"Kaisti et al., 2003)",primary,journal_article,resolved,"Kaisti et al., 2003)",kaisti2003
416,Homo sapiens,Homo,Kaufman__2004,TableA3,35,35,Thalamus,Thalamus,,CMRO2,cerebral_metabolic_rate,148.2,umol/100g/min,148.2,,8.0,umol/100g/min,anesthetized,resting_anesthetized,FALSE,single_primary_reference,single,,reported_via_secondary_compilation,anesthetized,kaisti2003,"Kaisti et al., 2003)","Kaisti et al., 2003)",kaisti2003,"Kaisti et al., 2003)",primary,journal_article,resolved,"Kaisti et al., 2003)",kaisti2003
417,Homo sapiens,Homo,Kaufman__2004,TableA3,36,36,Thalamus,Thalamus,,CMRO2,cerebral_metabolic_rate,156.3,umol/100g/min,156.3,,18.0,umol/100g/min,conscious,resting_conscious,TRUE,single_primary_reference,single,,reported_via_secondary_compilation,,pantano1984,"Pantano et al., 1984)","Pantano et al., 1984)",pantano1984,"Pantano et al., 1984)",primary,journal_article,resolved,"Pantano et al., 1984)",pantano1984
418,Homo sapiens,Homo,Kaufman__2004,TableA3,37,37,Thalamus,Thalamus,,CMRO2,cerebral_metabolic_rate,120.5,umol/100g/min,120.5,,32.0,umol/100g/min,conscious,resting_conscious,TRUE,single_primary_reference,single,,reported_via_secondary_compilation,,perlmutter1987,"Perlmutter et al., 1987)","Perlmutter et al., 1987)",perlmutter1987,"Perlmutter et al., 1987)",primary,journal_article,resolved,"Perlmutter et al., 1987)",perlmutter1987
419,Homo sapiens,Homo,Kaufman__2004,TableA3,38,38,Thalamus,Thalamus,,CMRO2,cerebral_metabolic_rate,205,umol/100g/min,205.0,,6.0,umol/100g/min,conscious,resting_conscious,TRUE,single_primary_reference,single,,reported_via_secondary_compilation,,w1997,"W essenetal., 1997)","W essenetal., 1997)",w1997,"W essenetal., 1997)",primary,journal_article,resolved,"W essenetal., 1997)",w1997
420,Homo sapiens,Homo,Kaufman__2004,TableA3,39,39,Thalamus,Thalamus,,CMRO2,cerebral_metabolic_rate,163.8,umol/100g/min,163.8,,14.0,umol/100g/min,conscious,resting_conscious,TRUE,single_primary_reference,single,,reported_via_secondary_compilation,,yamaguchi1986,"Yamaguchi et al., 1986)","Yamaguchi et al., 1986)",yamaguchi1986,"Yamaguchi et al., 1986)",primary,journal_article,resolved,"Yamaguchi et al., 1986)",yamaguchi1986
421,Homo sapiens,Homo,Kaufman__2004,TableA3,40,40,Thalamus,Thalamus,,CMRO2,cerebral_metabolic_rate,170.5,umol/100g/min,170.5,,4.0,umol/100g/min,conscious,resting_conscious,TRUE,single_primary_reference,single,,reported_via_secondary_compilation,,bums1992,"Bums and Tyrrell, 1992)","Bums and Tyrrell, 1992)",bums1992,"Bums and Tyrrell, 1992)",primary,journal_article,resolved,"Bums and Tyrrell, 1992)",bums1992
422,Homo sapiens,Homo,Kaufman__2004,TableA3,41,41,Thalamus,Thalamus,,CMRO2,cerebral_metabolic_rate,203.6,umol/100g/min,203.6,,10.0,umol/100g/min,conscious,resting_conscious,TRUE,single_primary_reference,single,,reported_via_secondary_compilation,,langsjo2003,"Langsjo et al., 2003)","Langsjo et al., 2003)",langsjo2003,"Langsjo et al., 2003)",primary,journal_article,resolved,"Langsjo et al., 2003)",langsjo2003
423,Homo sapiens,Homo,Kaufman__2004,TableA5,11,11,White_matter,White Matter,,CMRO2,cerebral_metabolic_rate,85.3,umol/100g/min,85.3,,7.0,umol/100g/min,conscious,resting_conscious,TRUE,single_primary_reference,single,,reported_via_secondary_compilation,,hatazawa1988,"(Hatazawa et al., 1988)","(Hatazawa et al., 1988)",hatazawa1988,"(Hatazawa et al., 1988)",primary,journal_article,resolved,"(Hatazawa et al., 1988)",hatazawa1988
424,Homo sapiens,Homo,Kaufman__2004,TableA5,12,12,White_matter,White Matter,,CMRO2,cerebral_metabolic_rate,64.6,umol/100g/min,64.6,,7.0,umol/100g/min,conscious,resting_conscious,TRUE,single_primary_reference,single,,reported_via_secondary_compilation,,sasaki1986,"(Sasaki et al., 1986)","(Sasaki et al., 1986)",sasaki1986,"(Sasaki et al., 1986)",primary,journal_article,resolved,"(Sasaki et al., 1986)",sasaki1986
425,Homo sapiens,Homo,Kaufman__2004,TableA5,13,13,White_matter,White Matter,,CMRO2,cerebral_metabolic_rate,89.3,umol/100g/min,89.3,,20.0,umol/100g/min,conscious,resting_conscious,TRUE,single_primary_reference,single,,reported_via_secondary_compilation,,yamaki1996,"(Yamaki et al., 1996)","(Yamaki et al., 1996)",yamaki1996,"(Yamaki et al., 1996)",primary,journal_article,resolved,"(Yamaki et al., 1996)",yamaki1996
426,Homo sapiens,Homo,Kaufman__2004,TableA5,14,14,White_matter,White Matter,,CMRO2,cerebral_metabolic_rate,63.8,umol/100g/min,63.8,,34.0,umol/100g/min,conscious,resting_conscious,TRUE,single_primary_reference,single,,reported_via_secondary_compilation,,leenders1990,"(Leenders et al., 1990)","(Leenders et al., 1990)",leenders1990,"(Leenders et al., 1990)",primary,journal_article,resolved,"(Leenders et al., 1990)",leenders1990
427,Homo sapiens,Homo,Kaufman__2004,TableA5,15,15,White_matter,White Matter,,CMRO2,cerebral_metabolic_rate,82.1,umol/100g/min,82.1,,27.0,umol/100g/min,conscious,resting_conscious,TRUE,single_primary_reference,single,,reported_via_secondary_compilation,,lenzi1981,"(Lenzi et al., 1981)","(Lenzi et al., 1981)",lenzi1981,"(Lenzi et al., 1981)",primary,journal_article,resolved,"(Lenzi et al., 1981)",lenzi1981
428,Homo sapiens,Homo,Kaufman__2004,TableA5,16,16,White_matter,White Matter,,CMRO2,cerebral_metabolic_rate,84.8,umol/100g/min,84.8,,18.0,umol/100g/min,conscious,resting_conscious,TRUE,single_primary_reference,single,,reported_via_secondary_compilation,,pantano1984,"(Pantano et al., 1984)","(Pantano et al., 1984)",pantano1984,"(Pantano et al., 1984)",primary,journal_article,resolved,"(Pantano et al., 1984)",pantano1984
429,Homo sapiens,Homo,Kaufman__2004,TableA5,17,17,White_matter,White Matter,,CMRO2,cerebral_metabolic_rate,62.5,umol/100g/min,62.5,,6.0,umol/100g/min,conscious,resting_conscious,TRUE,single_primary_reference,single,,reported_via_secondary_compilation,,tohgi1998,"(Tohgi et al., 1998)","(Tohgi et al., 1998)",tohgi1998,"(Tohgi et al., 1998)",primary,journal_article,resolved,"(Tohgi et al., 1998)",tohgi1998
430,Homo sapiens,Homo,Kaufman__2004,TableA5,18,18,White_matter,White Matter,,CMRO2,cerebral_metabolic_rate,66,umol/100g/min,66.0,,6.0,umol/100g/min,conscious,resting_conscious,TRUE,single_primary_reference,single,,reported_via_secondary_compilation,,wessen1997,"(Wessen et al., 1997)","(Wessen et al., 1997)",wessen1997,"(Wessen et al., 1997)",primary,journal_article,resolved,"(Wessen et al., 1997)",wessen1997
431,Homo sapiens,Homo,Kaufman__2004,TableA5,19,19,White_matter,White Matter,,CMRO2,cerebral_metabolic_rate,68.8,umol/100g/min,68.8,,14.0,umol/100g/min,conscious,resting_conscious,TRUE,single_primary_reference,single,,reported_via_secondary_compilation,,yamaguchi1986,"(Yamaguchi et al., 1986)","(Yamaguchi et al., 1986)",yamaguchi1986,"(Yamaguchi et al., 1986)",primary,journal_article,resolved,"(Yamaguchi et al., 1986)",yamaguchi1986
432,Homo sapiens,Homo,Kaufman__2004,TableA5,20,20,White_matter,White Matter,,CMRO2,cerebral_metabolic_rate,80.8,umol/100g/min,80.8,,7.0,umol/100g/min,conscious,resting_conscious,TRUE,single_primary_reference,single,,reported_via_secondary_compilation,,frackowiak1988,"(Frackowiak et al., 1988)","(Frackowiak et al., 1988)",frackowiak1988,"(Frackowiak et al., 1988)",primary,journal_article,resolved,"(Frackowiak et al., 1988)",frackowiak1988
433,Homo sapiens,human,Karbowski__2007,TableS1,13,13,Whole_brain,Brain,Brain,CMRO2,cerebral_metabolic_rate,0.035,ml/g/min,3.5000000000000004,0.5,,umol/100g/min,unknown,resting_unknown,FALSE,multiple_primary_references,single,,reported_via_secondary_compilation,duplicate_secondary_compilation,clarke1994;madsen1991,Clarke et al 1994; Madsen et al 1991,Clarke et al 1994; Madsen et al 1991,clarke1994;madsen1991,Clarke et al 1994; Madsen et al 1991,primary,journal_article,resolved,Clarke et al 1994; Madsen et al 1991,clarke1994;madsen1991
434,Homo sapiens,Homo,Kaufman__2004,TableA14,12,12,Whole_brain,Whole Brain (direct measurement),,CMRO2,cerebral_metabolic_rate,147,umol/100g/min,147.0,,25.0,umol/100g/min,conscious,resting_conscious,TRUE,single_primary_reference,single,,reported_via_secondary_compilation,,kuhl1982,"(Kuhl et al., 1982)","(Kuhl et al., 1982)",kuhl1982,"(Kuhl et al., 1982)",primary,journal_article,resolved,"(Kuhl et al., 1982)",kuhl1982
435,Homo sapiens,Homo,Kaufman__2004,TableA14,13,13,Whole_brain,Whole Brain (direct measurement),,CMRO2,cerebral_metabolic_rate,147.3,umol/100g/min,147.3,,6.0,umol/100g/min,conscious,resting_conscious,TRUE,single_primary_reference,single,,reported_via_secondary_compilation,,bednarczyk1992,"(Bednarczyk et al., 1992)","(Bednarczyk et al., 1992)",bednarczyk1992,"(Bednarczyk et al., 1992)",primary,journal_article,resolved,"(Bednarczyk et al., 1992)",bednarczyk1992
436,Homo sapiens,Homo,Kaufman__2004,TableA14,14,14,Whole_brain,Whole Brain (direct measurement),,CMRO2,cerebral_metabolic_rate,152.7,umol/100g/min,152.7,,7.0,umol/100g/min,conscious,resting_conscious,TRUE,single_primary_reference,single,,reported_via_secondary_compilation,,blomqvist1990,"(Blomqvist et al., 1990)","(Blomqvist et al., 1990)",blomqvist1990,"(Blomqvist et al., 1990)",primary,journal_article,resolved,"(Blomqvist et al., 1990)",blomqvist1990
437,Homo sapiens,Homo,Kaufman__2004,TableA14,15,15,Whole_brain,Whole Brain (direct measurement),,CMRO2,cerebral_metabolic_rate,125,umol/100g/min,125.0,,10.0,umol/100g/min,anesthetized,resting_anesthetized,FALSE,single_primary_reference,single,,reported_via_secondary_compilation,anesthetized,cohen1964,"(Cohen et al., 1964)","(Cohen et al., 1964)",cohen1964,"(Cohen et al., 1964)",primary,journal_article,resolved,"(Cohen et al., 1964)",cohen1964
438,Homo sapiens,Homo,Kaufman__2004,TableA14,16,16,Whole_brain,Whole Brain (direct measurement),,CMRO2,cerebral_metabolic_rate,134.82,umol/100g/min,134.82,,9.0,umol/100g/min,conscious,resting_conscious,TRUE,single_primary_reference,single,,reported_via_secondary_compilation,,cohen1967,"(Cohen et al., 1967)","(Cohen et al., 1967)",cohen1967,"(Cohen et al., 1967)",primary,journal_article,resolved,"(Cohen et al., 1967)",cohen1967
439,Homo sapiens,Homo,Kaufman__2004,TableA14,17,17,Whole_brain,Whole Brain (direct measurement),,CMRO2,cerebral_metabolic_rate,156.7,umol/100g/min,156.7,,15.0,umol/100g/min,conscious,resting_conscious,TRUE,single_primary_reference,single,,reported_via_secondary_compilation,,dastur1985,"(Dastur, 1985)","(Dastur, 1985)",dastur1985,"(Dastur, 1985)",primary,journal_article,resolved,"(Dastur, 1985)",dastur1985
440,Homo sapiens,Homo,Kaufman__2004,TableA14,18,18,Whole_brain,Whole Brain (direct measurement),,CMRO2,cerebral_metabolic_rate,158.04,umol/100g/min,158.04,,15.0,umol/100g/min,conscious,resting_conscious,TRUE,single_primary_reference,single,,reported_via_secondary_compilation,,hoyer1984,"(Hoyer et al., 1984)","(Hoyer et al., 1984)",hoyer1984,"(Hoyer et al., 1984)",primary,journal_article,resolved,"(Hoyer et al., 1984)",hoyer1984
441,Homo sapiens,Homo,Kaufman__2004,TableA14,19,19,Whole_brain,Whole Brain (direct measurement),,CMRO2,cerebral_metabolic_rate,144.2,umol/100g/min,144.2,,6.0,umol/100g/min,conscious,resting_conscious,TRUE,single_primary_reference,single,,reported_via_secondary_compilation,,jobes1977,"(Jobes et al., 1977)","(Jobes et al., 1977)",jobes1977,"(Jobes et al., 1977)",primary,journal_article,resolved,"(Jobes et al., 1977)",jobes1977
442,Homo sapiens,Homo,Kaufman__2004,TableA14,20,20,Whole_brain,Whole Brain (direct measurement),,CMRO2,cerebral_metabolic_rate,142.5,umol/100g/min,142.5,,8.0,umol/100g/min,conscious,resting_conscious,TRUE,single_primary_reference,single,,reported_via_secondary_compilation,,madsen1995,"(Madsen et al., 1995)","(Madsen et al., 1995)",madsen1995,"(Madsen et al., 1995)",primary,journal_article,resolved,"(Madsen et al., 1995)",madsen1995
443,Homo sapiens,Homo,Kaufman__2004,TableA14,21,21,Whole_brain,Whole Brain (direct measurement),,CMRO2,cerebral_metabolic_rate,147.3,umol/100g/min,147.3,,9.0,umol/100g/min,conscious,resting_conscious,TRUE,single_primary_reference,single,,reported_via_secondary_compilation,,mielck1998,"(Mielck et al., 1998)","(Mielck et al., 1998)",mielck1998,"(Mielck et al., 1998)",primary,journal_article,resolved,"(Mielck et al., 1998)",mielck1998
444,Homo sapiens,Homo,Kaufman__2004,TableA14,22,22,Whole_brain,Whole Brain (direct measurement),,CMRO2,cerebral_metabolic_rate,71.4,umol/100g/min,71.4,,9.0,umol/100g/min,anesthetized,resting_anesthetized,FALSE,single_primary_reference,single,,reported_via_secondary_compilation,anesthetized,mielck1998,"(Mielck et al., 1998)","(Mielck et al., 1998)",mielck1998,"(Mielck et al., 1998)",primary,journal_article,resolved,"(Mielck et al., 1998)",mielck1998
445,Homo sapiens,Homo,Kaufman__2004,TableA14,23,23,Whole_brain,Whole Brain (direct measurement),,CMRO2,cerebral_metabolic_rate,136.74,umol/100g/min,136.74,,7.0,umol/100g/min,conscious,resting_conscious,TRUE,single_primary_reference,single,,reported_via_secondary_compilation,,ogawaetal1996,"(Ogawaetal., 1996)","(Ogawaetal., 1996)",ogawaetal1996,"(Ogawaetal., 1996)",primary,journal_article,resolved,"(Ogawaetal., 1996)",ogawaetal1996
446,Homo sapiens,Homo,Kaufman__2004,TableA14,24,24,Whole_brain,Whole Brain (direct measurement),,CMRO2,cerebral_metabolic_rate,154,umol/100g/min,154.0,,4.0,umol/100g/min,conscious,resting_conscious,TRUE,single_primary_reference,single,,reported_via_secondary_compilation,,redies1989,"(Redies et al., 1989)","(Redies et al., 1989)",redies1989,"(Redies et al., 1989)",primary,journal_article,resolved,"(Redies et al., 1989)",redies1989
447,Homo sapiens,Homo,Kaufman__2004,TableA14,25,25,Whole_brain,Whole Brain (direct measurement),,CMRO2,cerebral_metabolic_rate,169.2,umol/100g/min,169.2,,20.0,umol/100g/min,conscious,resting_conscious,TRUE,single_primary_reference,single,,reported_via_secondary_compilation,,scheinberg1949,"(Scheinberg and Stead, 1949)","(Scheinberg and Stead, 1949)",scheinberg1949,"(Scheinberg and Stead, 1949)",primary,journal_article,resolved,"(Scheinberg and Stead, 1949)",scheinberg1949
448,Homo sapiens,Homo,Kaufman__2004,TableA14,26,26,Whole_brain,Whole Brain (direct measurement),,CMRO2,cerebral_metabolic_rate,93.8,umol/100g/min,93.8,,9.0,umol/100g/min,anesthetized,resting_anesthetized,FALSE,single_primary_reference,single,,reported_via_secondary_compilation,anesthetized,felding1995,"(Felding et al., 1995)","(Felding et al., 1995)",felding1995,"(Felding et al., 1995)",primary,journal_article,resolved,"(Felding et al., 1995)",felding1995
449,Homo sapiens,Homo,Kaufman__2004,TableA14,27,27,Whole_brain,Whole Brain (direct measurement),,CMRO2,cerebral_metabolic_rate,201.79,umol/100g/min,201.79,,11.0,umol/100g/min,conscious,resting_conscious,TRUE,single_primary_reference,single,,reported_via_secondary_compilation,,frackowiak1980,"(Frackowiak et al., 1980)","(Frackowiak et al., 1980)",frackowiak1980,"(Frackowiak et al., 1980)",primary,journal_article,resolved,"(Frackowiak et al., 1980)",frackowiak1980
450,Homo sapiens,Homo,Kaufman__2004,TableA14,28,28,Whole_brain,Whole Brain (direct measurement),,CMRO2,cerebral_metabolic_rate,142.86,umol/100g/min,142.86,,8.0,umol/100g/min,conscious,resting_conscious,TRUE,single_primary_reference,single,,reported_via_secondary_compilation,,jakobsen1990,"(Jakobsen et al., 1990)","(Jakobsen et al., 1990)",jakobsen1990,"(Jakobsen et al., 1990)",primary,journal_article,resolved,"(Jakobsen et al., 1990)",jakobsen1990
451,Homo sapiens,Homo,Kaufman__2004,TableA14,29,29,Whole_brain,Whole Brain (direct measurement),,CMRO2,cerebral_metabolic_rate,117.86,umol/100g/min,117.86,,20.0,umol/100g/min,conscious,resting_conscious,TRUE,single_primary_reference,single,,reported_via_secondary_compilation,,carpenter1991,"(Carpenter et al., 1991)","(Carpenter et al., 1991)",carpenter1991,"(Carpenter et al., 1991)",primary,journal_article,resolved,"(Carpenter et al., 1991)",carpenter1991
452,Homo sapiens,Homo,Kaufman__2004,TableA14,30,30,Whole_brain,Whole Brain (direct measurement),,CMRO2,cerebral_metabolic_rate,156.7,umol/100g/min,156.7,,10.0,umol/100g/min,conscious,resting_conscious,TRUE,single_primary_reference,single,,reported_via_secondary_compilation,,lassen1955,"(Lassen and Munck, 1955)","(Lassen and Munck, 1955)",lassen1955,"(Lassen and Munck, 1955)",primary,journal_article,resolved,"(Lassen and Munck, 1955)",lassen1955
453,Homo sapiens,Homo,Kaufman__2004,TableA14,31,31,Whole_brain,Whole Brain (direct measurement),,CMRO2,cerebral_metabolic_rate,145.98,umol/100g/min,145.98,,10.0,umol/100g/min,conscious,resting_conscious,TRUE,single_primary_reference,single,,reported_via_secondary_compilation,,lassen1955,"(Lassen and Munck, 1955)","(Lassen and Munck, 1955)",lassen1955,"(Lassen and Munck, 1955)",primary,journal_article,resolved,"(Lassen and Munck, 1955)",lassen1955
454,Homo sapiens,Homo,Kaufman__2004,TableA14,32,32,Whole_brain,Whole Brain (direct measurement),,CMRO2,cerebral_metabolic_rate,151.8,umol/100g/min,151.8,,8.0,umol/100g/min,conscious,resting_conscious,TRUE,single_primary_reference,single,,reported_via_secondary_compilation,,madsen1990,"(Madsen et al., 1990b)","(Madsen et al., 1990b)",madsen1990,"(Madsen et al., 1990b)",primary,journal_article,resolved,"(Madsen et al., 1990b)",madsen1990
455,Homo sapiens,Homo,Kaufman__2004,TableA14,33,33,Whole_brain,Whole Brain (direct measurement),,CMRO2,cerebral_metabolic_rate,156.25,umol/100g/min,156.25,,11.0,umol/100g/min,conscious,resting_conscious,TRUE,single_primary_reference,single,,reported_via_secondary_compilation,,madsen1991,"(Madsen et al., 1991b)","(Madsen et al., 1991b)",madsen1991,"(Madsen et al., 1991b)",primary,journal_article,resolved,"(Madsen et al., 1991b)",madsen1991
456,Homo sapiens,Homo,Kaufman__2004,TableA14,34,34,Whole_brain,Whole Brain (direct measurement),,CMRO2,cerebral_metabolic_rate,121.88,umol/100g/min,121.88,,9.0,umol/100g/min,conscious,resting_conscious,TRUE,single_primary_reference,single,,reported_via_secondary_compilation,,madsen1991,"(Madsen et al., 1991a)","(Madsen et al., 1991a)",madsen1991,"(Madsen et al., 1991a)",primary,journal_article,resolved,"(Madsen et al., 1991a)",madsen1991
457,Homo sapiens,Homo,Kaufman__2004,TableA14,35,35,Whole_brain,Whole Brain (direct measurement),,CMRO2,cerebral_metabolic_rate,171.43,umol/100g/min,171.43,,10.0,umol/100g/min,conscious,resting_conscious,TRUE,single_primary_reference,single,,reported_via_secondary_compilation,,madsen1992,"(Madsen et al., 1992)","(Madsen et al., 1992)",madsen1992,"(Madsen et al., 1992)",primary,journal_article,resolved,"(Madsen et al., 1992)",madsen1992
458,Homo sapiens,Homo,Kaufman__2004,TableA14,36,36,Whole_brain,Whole Brain (direct measurement),,CMRO2,cerebral_metabolic_rate,162.05,umol/100g/min,162.05,,12.0,umol/100g/min,conscious,resting_conscious,TRUE,single_primary_reference,single,,reported_via_secondary_compilation,,madsen1993,"(Madsen et al., 1993)","(Madsen et al., 1993)",madsen1993,"(Madsen et al., 1993)",primary,journal_article,resolved,"(Madsen et al., 1993)",madsen1993
459,Homo sapiens,Homo,Kaufman__2004,TableA14,37,37,Whole_brain,Whole Brain (direct measurement),,CMRO2,cerebral_metabolic_rate,165,umol/100g/min,165.0,,3.0,umol/100g/min,conscious,resting_conscious,TRUE,single_primary_reference,single,,reported_via_secondary_compilation,,meyer1987,"(Meyer et al., 1987)","(Meyer et al., 1987)",meyer1987,"(Meyer et al., 1987)",primary,journal_article,resolved,"(Meyer et al., 1987)",meyer1987
460,Homo sapiens,Homo,Kaufman__2004,TableA14,38,38,Whole_brain,Whole Brain (direct measurement),,CMRO2,cerebral_metabolic_rate,191.96,umol/100g/min,191.96,,7.0,umol/100g/min,conscious,resting_conscious,TRUE,single_primary_reference,single,,reported_via_secondary_compilation,,mintun2002,"(Mintun et al., 2002)","(Mintun et al., 2002)",mintun2002,"(Mintun et al., 2002)",primary,journal_article,resolved,"(Mintun et al., 2002)",mintun2002
461,Homo sapiens,Homo,Kaufman__2004,TableA14,39,39,Whole_brain,Whole Brain (direct measurement),,CMRO2,cerebral_metabolic_rate,162.9,umol/100g/min,162.9,,19.0,umol/100g/min,conscious,resting_conscious,TRUE,single_primary_reference,single,,reported_via_secondary_compilation,,olsen1992,"(Olsen etal., 1992a)","(Olsen etal., 1992a)",olsen1992,"(Olsen etal., 1992a)",primary,journal_article,resolved,"(Olsen etal., 1992a)",olsen1992
462,Homo sapiens,Homo,Kaufman__2004,TableA14,40,40,Whole_brain,Whole Brain (direct measurement),,CMRO2,cerebral_metabolic_rate,174.1,umol/100g/min,174.1,,8.0,umol/100g/min,conscious,resting_conscious,TRUE,single_primary_reference,single,,reported_via_secondary_compilation,,olsen1992,"(Olsen et al., 1992b)","(Olsen et al., 1992b)",olsen1992,"(Olsen et al., 1992b)",primary,journal_article,resolved,"(Olsen et al., 1992b)",olsen1992
463,Homo sapiens,Homo,Kaufman__2004,TableA14,41,41,Whole_brain,Whole Brain (direct measurement),,CMRO2,cerebral_metabolic_rate,161.16,umol/100g/min,161.16,,8.0,umol/100g/min,conscious,resting_conscious,TRUE,single_primary_reference,single,,reported_via_secondary_compilation,,olsen1993,"(Olsen etal., 1993)","(Olsen etal., 1993)",olsen1993,"(Olsen etal., 1993)",primary,journal_article,resolved,"(Olsen etal., 1993)",olsen1993
464,Homo sapiens,Homo,Kaufman__2004,TableA14,42,42,Whole_brain,Whole Brain (direct measurement),,CMRO2,cerebral_metabolic_rate,129.5,umol/100g/min,129.5,,8.0,umol/100g/min,conscious,resting_conscious,TRUE,single_primary_reference,single,,reported_via_secondary_compilation,,olsen1995,"(Olsen etal., 1995)","(Olsen etal., 1995)",olsen1995,"(Olsen etal., 1995)",primary,journal_article,resolved,"(Olsen etal., 1995)",olsen1995
465,Homo sapiens,Homo,Kaufman__2004,TableA14,43,43,Whole_brain,Whole Brain (direct measurement),,CMRO2,cerebral_metabolic_rate,138.84,umol/100g/min,138.84,,7.0,umol/100g/min,conscious,resting_conscious,TRUE,single_primary_reference,single,,reported_via_secondary_compilation,,renou1978,"(Renou et al., 1978)","(Renou et al., 1978)",renou1978,"(Renou et al., 1978)",primary,journal_article,resolved,"(Renou et al., 1978)",renou1978
466,Homo sapiens,Homo,Kaufman__2004,TableA14,44,44,Whole_brain,Whole Brain (direct measurement),,CMRO2,cerebral_metabolic_rate,138.4,umol/100g/min,138.4,,13.0,umol/100g/min,conscious,resting_conscious,TRUE,single_primary_reference,single,,reported_via_secondary_compilation,,sari1976,"(Sari et al., 1976)","(Sari et al., 1976)",sari1976,"(Sari et al., 1976)",primary,journal_article,resolved,"(Sari et al., 1976)",sari1976
467,Homo sapiens,Homo,Kaufman__2004,TableA14,45,45,Whole_brain,Whole Brain (direct measurement),,CMRO2,cerebral_metabolic_rate,165.18,umol/100g/min,165.18,,8.0,umol/100g/min,conscious,resting_conscious,TRUE,single_primary_reference,single,,reported_via_secondary_compilation,,schmidt1990,"(Schmidt et al., 1990)","(Schmidt et al., 1990)",schmidt1990,"(Schmidt et al., 1990)",primary,journal_article,resolved,"(Schmidt et al., 1990)",schmidt1990
468,Homo sapiens,Homo,Kaufman__2004,TableA14,46,46,Whole_brain,Whole Brain (direct measurement),,CMRO2,cerebral_metabolic_rate,156.25,umol/100g/min,156.25,,8.0,umol/100g/min,conscious,resting_conscious,TRUE,single_primary_reference,single,,reported_via_secondary_compilation,,schmidt1991,"(Schmidt et al., 1991)","(Schmidt et al., 1991)",schmidt1991,"(Schmidt et al., 1991)",primary,journal_article,resolved,"(Schmidt et al., 1991)",schmidt1991
469,Homo sapiens,Homo,Kaufman__2004,TableA14,47,47,Whole_brain,Whole Brain (direct measurement),,CMRO2,cerebral_metabolic_rate,160.7,umol/100g/min,160.7,,5.0,umol/100g/min,conscious,resting_conscious,TRUE,single_primary_reference,single,,reported_via_secondary_compilation,,seitz1992,"(Seitz and Roland, 1992)","(Seitz and Roland, 1992)",seitz1992,"(Seitz and Roland, 1992)",primary,journal_article,resolved,"(Seitz and Roland, 1992)",seitz1992
470,Homo sapiens,Homo,Kaufman__2004,TableA14,48,48,Whole_brain,Whole Brain (direct measurement),,CMRO2,cerebral_metabolic_rate,159.9,umol/100g/min,159.9,,6.0,umol/100g/min,conscious,resting_conscious,TRUE,single_primary_reference,single,,reported_via_secondary_compilation,,vafaee1998,"(Vafaee etal., 1998)","(Vafaee etal., 1998)",vafaee1998,"(Vafaee etal., 1998)",primary,journal_article,resolved,"(Vafaee etal., 1998)",vafaee1998
471,Homo sapiens,Homo,Kaufman__2004,TableA14,49,49,Whole_brain,Whole Brain (direct measurement),,CMRO2,cerebral_metabolic_rate,127.2,umol/100g/min,127.2,,8.0,umol/100g/min,conscious,resting_conscious,TRUE,single_primary_reference,single,,reported_via_secondary_compilation,,vemhiet1978,"(Vemhiet et al., 1978)","(Vemhiet et al., 1978)",vemhiet1978,"(Vemhiet et al., 1978)",primary,journal_article,resolved,"(Vemhiet et al., 1978)",vemhiet1978
472,Homo sapiens,Homo,Kaufman__2004,TableA14,50,50,Whole_brain,Whole Brain (direct measurement),,CMRO2,cerebral_metabolic_rate,158.04,umol/100g/min,158.04,,6.0,umol/100g/min,conscious,resting_conscious,TRUE,single_primary_reference,single,,reported_via_secondary_compilation,,vorstmp1984,"(Vorstmp et al., 1984)","(Vorstmp et al., 1984)",vorstmp1984,"(Vorstmp et al., 1984)",primary,journal_article,resolved,"(Vorstmp et al., 1984)",vorstmp1984
473,Homo sapiens,Homo,Kaufman__2004,TableA14,51,51,Whole_brain,Whole Brain (direct measurement),,CMRO2,cerebral_metabolic_rate,187,umol/100g/min,187.0,,6.0,umol/100g/min,conscious,resting_conscious,TRUE,single_primary_reference,single,,reported_via_secondary_compilation,,wessen1997,"(Wessen et al., 1997)","(Wessen et al., 1997)",wessen1997,"(Wessen et al., 1997)",primary,journal_article,resolved,"(Wessen et al., 1997)",wessen1997
474,Homo sapiens,Homo,Kaufman__2004,TableA14,52,52,Whole_brain,Whole Brain (direct measurement),,CMRO2,cerebral_metabolic_rate,183,umol/100g/min,183.0,,8.0,umol/100g/min,conscious,resting_conscious,TRUE,single_primary_reference,single,,reported_via_secondary_compilation,,wolff1994,"(Wolff etal., 1994)","(Wolff etal., 1994)",wolff1994,"(Wolff etal., 1994)",primary,journal_article,resolved,"(Wolff etal., 1994)",wolff1994
475,Homo sapiens,Homo,Kaufman__2004,TableA14,53,53,Whole_brain,Whole Brain (direct measurement),,CMRO2,cerebral_metabolic_rate,137.95,umol/100g/min,137.95,,13.0,umol/100g/min,conscious,resting_conscious,TRUE,single_primary_reference,single,,reported_via_secondary_compilation,,wollman1964,"(Wollman et al., 1964)","(Wollman et al., 1964)",wollman1964,"(Wollman et al., 1964)",primary,journal_article,resolved,"(Wollman et al., 1964)",wollman1964
476,Homo sapiens,Homo,Kaufman__2004,TableA14,54,54,Whole_brain,Whole Brain (direct measurement),,CMRO2,cerebral_metabolic_rate,191.9,umol/100g/min,191.9,,5.0,umol/100g/min,conscious,resting_conscious,TRUE,single_primary_reference,single,,reported_via_secondary_compilation,,mintun1984,"(Mintun et al., 1984)","(Mintun et al., 1984)",mintun1984,"(Mintun et al., 1984)",primary,journal_article,resolved,"(Mintun et al., 1984)",mintun1984
477,Lepus sp.,Lepus,Kaufman__2004,TableA14,126,126,Whole_brain,Whole Brain (direct measurement),,CMRO2,cerebral_metabolic_rate,143.3,umol/100g/min,143.3,,12.0,umol/100g/min,anesthetized,resting_anesthetized,FALSE,single_primary_reference,single,,reported_via_secondary_compilation,anesthetized,drummond1986,"(Drummond et al., 1986)","(Drummond et al., 1986)",drummond1986,"(Drummond et al., 1986)",primary,journal_article,resolved,"(Drummond et al., 1986)",drummond1986
478,Lepus sp.,Lepus,Kaufman__2004,TableA14,127,127,Whole_brain,Whole Brain (direct measurement),,CMRO2,cerebral_metabolic_rate,165.2,umol/100g/min,165.2,,8.0,umol/100g/min,anesthetized,resting_anesthetized,FALSE,single_primary_reference,single,,reported_via_secondary_compilation,anesthetized,kaieda1989,"(Kaieda et al., 1989)","(Kaieda et al., 1989)",kaieda1989,"(Kaieda et al., 1989)",primary,journal_article,resolved,"(Kaieda et al., 1989)",kaieda1989
479,Lepus sp.,Lepus,Kaufman__2004,TableA14,128,128,Whole_brain,Whole Brain (direct measurement),,CMRO2,cerebral_metabolic_rate,120.5,umol/100g/min,120.5,,8.0,umol/100g/min,anesthetized,resting_anesthetized,FALSE,single_primary_reference,single,,reported_via_secondary_compilation,anesthetized,kaieda1989,"(Kaieda et al., 1989)","(Kaieda et al., 1989)",kaieda1989,"(Kaieda et al., 1989)",primary,journal_article,resolved,"(Kaieda et al., 1989)",kaieda1989
480,Lepus sp.,Lepus,Kaufman__2004,TableA14,129,129,Whole_brain,Whole Brain (direct measurement),,CMRO2,cerebral_metabolic_rate,205.4,umol/100g/min,205.4,,38.0,umol/100g/min,anesthetized,resting_anesthetized,FALSE,single_primary_reference,single,,reported_via_secondary_compilation,anesthetized,pearce1981,"(Pearce et al., 1981)","(Pearce et al., 1981)",pearce1981,"(Pearce et al., 1981)",primary,journal_article,resolved,"(Pearce et al., 1981)",pearce1981
481,Lepus sp.,Lepus,Kaufman__2004,TableA14,130,130,Whole_brain,Whole Brain (direct measurement),,CMRO2,cerebral_metabolic_rate,145.5,umol/100g/min,145.5,,7.0,umol/100g/min,anesthetized,resting_anesthetized,FALSE,single_primary_reference,single,,reported_via_secondary_compilation,anesthetized,todd1994,"(Todd etal., 1994)","(Todd etal., 1994)",todd1994,"(Todd etal., 1994)",primary,journal_article,resolved,"(Todd etal., 1994)",todd1994
482,Macaca fascicularis,M fascic,Kaufman__2004,TableA14,81,81,Whole_brain,Whole Brain (direct measurement),,CMRO2,cerebral_metabolic_rate,136.16,umol/100g/min,136.16,,10.0,umol/100g/min,conscious,resting_conscious,TRUE,single_primary_reference,single,,reported_via_secondary_compilation,,rockoff1980,"(Rockoff et al., 1980)","(Rockoff et al., 1980)",rockoff1980,"(Rockoff et al., 1980)",primary,journal_article,resolved,"(Rockoff et al., 1980)",rockoff1980
483,Macaca mulatta,M mulatta,Kaufman__2004,TableA1,51,51,Basal_ganglia,Basal Ganglia,,CMRO2,cerebral_metabolic_rate,255,umol/100g/min,255.0,,6.0,umol/100g/min,conscious,resting_conscious,TRUE,single_primary_reference,single,,reported_via_secondary_compilation,,cross2000,"(Cross et al., 2000)","(Cross et al., 2000)",cross2000,"(Cross et al., 2000)",primary,journal_article,resolved,"(Cross et al., 2000)",cross2000
484,Macaca mulatta,M mulatta,Kaufman__2004,TableA7,67,67,Frontal_cortex,Frontal Cortex,,CMRO2,cerebral_metabolic_rate,195,umol/100g/min,195.0,,4.0,umol/100g/min,anesthetized,resting_anesthetized,FALSE,single_primary_reference,single,,reported_via_secondary_compilation,anesthetized,enlund1997,"(Enlund et al., 1997)","(Enlund et al., 1997)",enlund1997,"(Enlund et al., 1997)",primary,journal_article,resolved,"(Enlund et al., 1997)",enlund1997
485,Macaca mulatta,M mulatta,Kaufman__2004,TableA6,61,61,Neocortex,Neocortex,,CMRO2,cerebral_metabolic_rate,218.9,umol/100g/min,218.9,,4.0,umol/100g/min,anesthetized,resting_anesthetized,FALSE,single_primary_reference,single,,reported_via_secondary_compilation,anesthetized,enlund1997,"(Enlund et al., 1997)","(Enlund et al., 1997)",enlund1997,"(Enlund et al., 1997)",primary,journal_article,resolved,"(Enlund et al., 1997)",enlund1997
486,Macaca mulatta,M mulatta,Kaufman__2004,TableA11,55,55,Occipital_cortex,Occipital Cortex,,CMRO2,cerebral_metabolic_rate,247.5,umol/100g/min,247.5,,4.0,umol/100g/min,anesthetized,resting_anesthetized,FALSE,single_primary_reference,single,,reported_via_secondary_compilation,anesthetized,enlund1997,"(Enlund et al., 1997)","(Enlund et al., 1997)",enlund1997,"(Enlund et al., 1997)",primary,journal_article,resolved,"(Enlund et al., 1997)",enlund1997
487,Macaca mulatta,M mulatta,Kaufman__2004,TableA8,56,56,Parietal_cortex,Parietal Cortex,,CMRO2,cerebral_metabolic_rate,191.5,umol/100g/min,191.5,,4.0,umol/100g/min,anesthetized,resting_anesthetized,FALSE,single_primary_reference,single,,reported_via_secondary_compilation,anesthetized,enlund1997,"(Enlund et a l, 1997)","(Enlund et a l, 1997)",enlund1997,"(Enlund et a l, 1997)",primary,journal_article,resolved,"(Enlund et a l, 1997)",enlund1997
488,Macaca mulatta,M mulatta,Kaufman__2004,TableA9,56,56,Temporal_cortex,Temporal Cortex,,CMRO2,cerebral_metabolic_rate,241.5,umol/100g/min,241.5,,4.0,umol/100g/min,anesthetized,resting_anesthetized,FALSE,single_primary_reference,single,,reported_via_secondary_compilation,anesthetized,enlundetal1997,"(Enlundetal., 1997)","(Enlundetal., 1997)",enlundetal1997,"(Enlundetal., 1997)",primary,journal_article,resolved,"(Enlundetal., 1997)",enlundetal1997
489,Macaca mulatta,M mulatta,Kaufman__2004,TableA5,27,27,White_matter,White Matter,,CMRO2,cerebral_metabolic_rate,128,umol/100g/min,128.0,,4.0,umol/100g/min,anesthetized,resting_anesthetized,FALSE,single_primary_reference,single,,reported_via_secondary_compilation,anesthetized,enlund1997,"(Enlund et al., 1997)","(Enlund et al., 1997)",enlund1997,"(Enlund et al., 1997)",primary,journal_article,resolved,"(Enlund et al., 1997)",enlund1997
490,Macaca mulatta,monkey,Karbowski__2007,TableS1,7,7,Whole_brain,Brain,Brain,CMRO2,cerebral_metabolic_rate,0.06,ml/g/min,6.0,0.5,,umol/100g/min,unknown,resting_unknown,FALSE,single_primary_reference,single,,reported_via_secondary_compilation,duplicate_secondary_compilation,nemoto1994,Nemoto et al 1994,Nemoto et al 1994,nemoto1994,Nemoto et al 1994,primary,journal_article,resolved,Nemoto et al 1994,nemoto1994
491,Macaca mulatta,M mulatta,Kaufman__2004,TableA14,74,74,Whole_brain,Whole Brain (direct measurement),,CMRO2,cerebral_metabolic_rate,165.18,umol/100g/min,165.18,,19.0,umol/100g/min,anesthetized,resting_anesthetized,FALSE,single_primary_reference,single,,reported_via_secondary_compilation,anesthetized,fein1975,"(Fein, 1975)","(Fein, 1975)",fein1975,"(Fein, 1975)",primary,journal_article,resolved,"(Fein, 1975)",fein1975
492,Macaca mulatta,M mulatta,Kaufman__2004,TableA14,75,75,Whole_brain,Whole Brain (direct measurement),,CMRO2,cerebral_metabolic_rate,270.1,umol/100g/min,270.1,,5.0,umol/100g/min,conscious,resting_conscious,TRUE,single_primary_reference,single,,reported_via_secondary_compilation,,mehta1980,"(Mehta et al., 1980)","(Mehta et al., 1980)",mehta1980,"(Mehta et al., 1980)",primary,journal_article,resolved,"(Mehta et al., 1980)",mehta1980
493,Macaca mulatta,M mulatta,Kaufman__2004,TableA14,76,76,Whole_brain,Whole Brain (direct measurement),,CMRO2,cerebral_metabolic_rate,265.6,umol/100g/min,265.6,,3.0,umol/100g/min,conscious,resting_conscious,TRUE,single_primary_reference,single,,reported_via_secondary_compilation,,nemoto1994,"(Nemoto et al., 1994)","(Nemoto et al., 1994)",nemoto1994,"(Nemoto et al., 1994)",primary,journal_article,resolved,"(Nemoto et al., 1994)",nemoto1994
494,Macaca mulatta,M mulatta,Kaufman__2004,TableA14,77,77,Whole_brain,Whole Brain (direct measurement),,CMRO2,cerebral_metabolic_rate,304.9,umol/100g/min,304.9,,4.0,umol/100g/min,conscious,resting_conscious,TRUE,single_primary_reference,single,,reported_via_secondary_compilation,,yao1992,"(Yao et al., 1992)","(Yao et al., 1992)",yao1992,"(Yao et al., 1992)",primary,journal_article,resolved,"(Yao et al., 1992)",yao1992
495,Macaca mulatta,M mulatta,Kaufman__2004,TableA14,78,78,Whole_brain,Whole Brain (direct measurement),,CMRO2,cerebral_metabolic_rate,165.18,umol/100g/min,165.18,,11.0,umol/100g/min,anesthetized,resting_anesthetized,FALSE,single_primary_reference,single,,reported_via_secondary_compilation,anesthetized,schmidt1945,"(Schmidt et al., 1945)","(Schmidt et al., 1945)",schmidt1945,"(Schmidt et al., 1945)",primary,journal_article,resolved,"(Schmidt et al., 1945)",schmidt1945
496,Macaca mulatta,M mulatta,Kaufman__2004,TableA14,79,79,Whole_brain,Whole Brain (direct measurement),,CMRO2,cerebral_metabolic_rate,151.8,umol/100g/min,151.8,,10.0,umol/100g/min,anesthetized,resting_anesthetized,FALSE,single_primary_reference,single,,reported_via_secondary_compilation,anesthetized,kliefothetal1979,"(Kliefothetal., 1979)","(Kliefothetal., 1979)",kliefothetal1979,"(Kliefothetal., 1979)",primary,journal_article,resolved,"(Kliefothetal., 1979)",kliefothetal1979
497,Mus musculus,Mus,Kaufman__2004,TableA1,120,120,Basal_ganglia,Basal Ganglia,,CMRO2,cerebral_metabolic_rate,5.2,umol/100g/min,5.2,,4.0,umol/100g/min,conscious,resting_conscious,TRUE,single_primary_reference,single,,reported_via_secondary_compilation,,zocchi2001,"(Zocchi et al., 2001)","(Zocchi et al., 2001)",zocchi2001,"(Zocchi et al., 2001)",primary,journal_article,resolved,"(Zocchi et al., 2001)",zocchi2001
498,Ovis aries,sheep,Karbowski__2007,TableS1,9,9,Whole_brain,Brain,Brain,CMRO2,cerebral_metabolic_rate,0.049,ml/g/min,4.9,0.7000000000000001,,umol/100g/min,unknown,resting_unknown,TRUE,single_primary_reference,single,,reported_via_secondary_compilation,,pell1983,Pell et al 1983,Pell et al 1983,pell1983,Pell et al 1983,primary,journal_article,resolved,Pell et al 1983,pell1983
499,Ovis aries,Ovis,Kaufman__2004,TableA14,189,189,Whole_brain,Whole Brain (direct measurement),,CMRO2,cerebral_metabolic_rate,204.9,umol/100g/min,204.9,,8.0,umol/100g/min,conscious,resting_conscious,TRUE,single_primary_reference,single,,reported_via_secondary_compilation,,rosenberg1982,"(Rosenberg et al., 1982)","(Rosenberg et al., 1982)",rosenberg1982,"(Rosenberg et al., 1982)",primary,journal_article,resolved,"(Rosenberg et al., 1982)",rosenberg1982
500,Ovis aries,Ovis,Kaufman__2004,TableA14,190,190,Whole_brain,Whole Brain (direct measurement),,CMRO2,cerebral_metabolic_rate,221,umol/100g/min,221.0,,7.0,umol/100g/min,conscious,resting_conscious,TRUE,single_primary_reference,single,,reported_via_secondary_compilation,,koehler1984,"(Koehler et al., 1984)","(Koehler et al., 1984)",koehler1984,"(Koehler et al., 1984)",primary,journal_article,resolved,"(Koehler et al., 1984)",koehler1984
501,Ovis aries,Ovis,Kaufman__2004,TableA14,191,191,Whole_brain,Whole Brain (direct measurement),,CMRO2,cerebral_metabolic_rate,245.5,umol/100g/min,245.5,,3.0,umol/100g/min,conscious,resting_conscious,TRUE,single_primary_reference,single,,reported_via_secondary_compilation,,donegan1985,"(Donegan et al., 1985)","(Donegan et al., 1985)",donegan1985,"(Donegan et al., 1985)",primary,journal_article,resolved,"(Donegan et al., 1985)",donegan1985
502,Papio anubis,Papio,Kaufman__2004,TableA6,57,57,Neocortex,Neocortex,,CMRO2,cerebral_metabolic_rate,145,umol/100g/min,145.0,,6.0,umol/100g/min,anesthetized,resting_anesthetized,FALSE,single_primary_reference,single,,reported_via_secondary_compilation,anesthetized,mackenzie1976,"(MacKenzie et al., 1976)","(MacKenzie et al., 1976)",mackenzie1976,"(MacKenzie et al., 1976)",primary,journal_article,resolved,"(MacKenzie et al., 1976)",mackenzie1976
503,Papio anubis,baboon,Karbowski__2007,TableS1,11,11,Whole_brain,Brain,Brain,CMRO2,cerebral_metabolic_rate,0.034,ml/g/min,3.4000000000000004,0.6,,umol/100g/min,unknown,resting_unknown,TRUE,single_primary_reference,single,,reported_via_secondary_compilation,,sahlin1987,Sahlin et al 1987,Sahlin et al 1987,sahlin1987,Sahlin et al 1987,primary,journal_article,resolved,Sahlin et al 1987,sahlin1987
504,Papio anubis,Papio,Kaufman__2004,TableA14,56,56,Whole_brain,Whole Brain (direct measurement),,CMRO2,cerebral_metabolic_rate,175.4,umol/100g/min,175.4,,5.0,umol/100g/min,anesthetized,resting_anesthetized,FALSE,single_primary_reference,single,,reported_via_secondary_compilation,anesthetized,hamar1979,"(Hamar et al., 1979)","(Hamar et al., 1979)",hamar1979,"(Hamar et al., 1979)",primary,journal_article,resolved,"(Hamar et al., 1979)",hamar1979
505,Papio anubis,Papio,Kaufman__2004,TableA14,57,57,Whole_brain,Whole Brain (direct measurement),,CMRO2,cerebral_metabolic_rate,144.2,umol/100g/min,144.2,,7.0,umol/100g/min,anesthetized,resting_anesthetized,FALSE,single_primary_reference,single,,reported_via_secondary_compilation,anesthetized,harper1977,"(Harper and MacKenzie, 1977)","(Harper and MacKenzie, 1977)",harper1977,"(Harper and MacKenzie, 1977)",primary,journal_article,resolved,"(Harper and MacKenzie, 1977)",harper1977
506,Papio anubis,Papio,Kaufman__2004,TableA14,58,58,Whole_brain,Whole Brain (direct measurement),,CMRO2,cerebral_metabolic_rate,143.8,umol/100g/min,143.8,,4.0,umol/100g/min,anesthetized,resting_anesthetized,FALSE,single_primary_reference,single,,reported_via_secondary_compilation,anesthetized,mcculloch1977,"(McCulloch and Harper, 1977)","(McCulloch and Harper, 1977)",mcculloch1977,"(McCulloch and Harper, 1977)",primary,journal_article,resolved,"(McCulloch and Harper, 1977)",mcculloch1977
507,Papio anubis,Papio,Kaufman__2004,TableA14,59,59,Whole_brain,Whole Brain (direct measurement),,CMRO2,cerebral_metabolic_rate,175.4,umol/100g/min,175.4,,3.0,umol/100g/min,anesthetized,resting_anesthetized,FALSE,single_primary_reference,single,,reported_via_secondary_compilation,anesthetized,reivich1972,"(Reivich et al., 1972)","(Reivich et al., 1972)",reivich1972,"(Reivich et al., 1972)",primary,journal_article,resolved,"(Reivich et al., 1972)",reivich1972
508,Papio anubis,Papio,Kaufman__2004,TableA14,60,60,Whole_brain,Whole Brain (direct measurement),,CMRO2,cerebral_metabolic_rate,124.6,umol/100g/min,124.6,,17.0,umol/100g/min,anesthetized,resting_anesthetized,FALSE,single_primary_reference,single,,reported_via_secondary_compilation,anesthetized,tagashira1977,"(Tagashira et al., 1977)","(Tagashira et al., 1977)",tagashira1977,"(Tagashira et al., 1977)",primary,journal_article,resolved,"(Tagashira et al., 1977)",tagashira1977
509,Papio anubis,Papio,Kaufman__2004,TableA14,61,61,Whole_brain,Whole Brain (direct measurement),,CMRO2,cerebral_metabolic_rate,162.5,umol/100g/min,162.5,,6.0,umol/100g/min,anesthetized,resting_anesthetized,FALSE,single_primary_reference,single,,reported_via_secondary_compilation,anesthetized,van1986,"(Van Aken et al., 1986)","(Van Aken et al., 1986)",van1986,"(Van Aken et al., 1986)",primary,journal_article,resolved,"(Van Aken et al., 1986)",van1986
510,Papio anubis,Papio,Kaufman__2004,TableA14,62,62,Whole_brain,Whole Brain (direct measurement),,CMRO2,cerebral_metabolic_rate,90.6,umol/100g/min,90.6,,7.0,umol/100g/min,anesthetized,resting_anesthetized,FALSE,single_primary_reference,single,,reported_via_secondary_compilation,anesthetized,van1990,"(Van Hemelrijck et al., 1990)","(Van Hemelrijck et al., 1990)",van1990,"(Van Hemelrijck et al., 1990)",primary,journal_article,resolved,"(Van Hemelrijck et al., 1990)",van1990
511,Papio anubis,Papio,Kaufman__2004,TableA14,63,63,Whole_brain,Whole Brain (direct measurement),,CMRO2,cerebral_metabolic_rate,151.8,umol/100g/min,151.8,,8.0,umol/100g/min,anesthetized,resting_anesthetized,FALSE,single_primary_reference,single,,reported_via_secondary_compilation,anesthetized,brussel1991,"(Brussel et al., 1991)","(Brussel et al., 1991)",brussel1991,"(Brussel et al., 1991)",primary,journal_article,resolved,"(Brussel et al., 1991)",brussel1991
512,Papio anubis,Papio,Kaufman__2004,TableA14,64,64,Whole_brain,Whole Brain (direct measurement),,CMRO2,cerebral_metabolic_rate,122.3,umol/100g/min,122.3,,5.0,umol/100g/min,anesthetized,resting_anesthetized,FALSE,single_primary_reference,single,,reported_via_secondary_compilation,anesthetized,pappata1993,"(Pappata et al., 1993)","(Pappata et al., 1993)",pappata1993,"(Pappata et al., 1993)",primary,journal_article,resolved,"(Pappata et al., 1993)",pappata1993
513,Papio anubis,Papio,Kaufman__2004,TableA14,65,65,Whole_brain,Whole Brain (direct measurement),,CMRO2,cerebral_metabolic_rate,145.5,umol/100g/min,145.5,,11.0,umol/100g/min,anesthetized,resting_anesthetized,FALSE,single_primary_reference,single,,reported_via_secondary_compilation,anesthetized,sahlin1986,"(Sahlin et al., 1986)","(Sahlin et al., 1986)",sahlin1986,"(Sahlin et al., 1986)",primary,journal_article,resolved,"(Sahlin et al., 1986)",sahlin1986
514,Papio anubis,Papio,Kaufman__2004,TableA14,66,66,Whole_brain,Whole Brain (direct measurement),,CMRO2,cerebral_metabolic_rate,134.4,umol/100g/min,134.4,,10.0,umol/100g/min,anesthetized,resting_anesthetized,FALSE,single_primary_reference,single,,reported_via_secondary_compilation,anesthetized,schumann1998,"(Schumann et al., 1998)","(Schumann et al., 1998)",schumann1998,"(Schumann et al., 1998)",primary,journal_article,resolved,"(Schumann et al., 1998)",schumann1998
515,Papio anubis,Papio,Kaufman__2004,TableA14,67,67,Whole_brain,Whole Brain (direct measurement),,CMRO2,cerebral_metabolic_rate,124.6,umol/100g/min,124.6,,7.0,umol/100g/min,anesthetized,resting_anesthetized,FALSE,single_primary_reference,single,,reported_via_secondary_compilation,anesthetized,touzanietal1995,"(TouzanietaL, 1995)","(TouzanietaL, 1995)",touzanietal1995,"(TouzanietaL, 1995)",primary,journal_article,resolved,"(TouzanietaL, 1995)",touzanietal1995
516,Papio anubis,Papio,Kaufman__2004,TableA14,68,68,Whole_brain,Whole Brain (direct measurement),,CMRO2,cerebral_metabolic_rate,143.75,umol/100g/min,143.75,,13.0,umol/100g/min,anesthetized,resting_anesthetized,FALSE,single_primary_reference,single,,reported_via_secondary_compilation,anesthetized,sahlin1987,"(Sahlin et al., 1987)","(Sahlin et al., 1987)",sahlin1987,"(Sahlin et al., 1987)",primary,journal_article,resolved,"(Sahlin et al., 1987)",sahlin1987
517,Papio anubis,Papio,Kaufman__2004,TableA14,69,69,Whole_brain,Whole Brain (direct measurement),,CMRO2,cerebral_metabolic_rate,110.16,umol/100g/min,110.16,,11.0,umol/100g/min,anesthetized,resting_anesthetized,FALSE,single_primary_reference,single,,reported_via_secondary_compilation,anesthetized,kawamura1975,"(Kawamura et al., 1975)","(Kawamura et al., 1975)",kawamura1975,"(Kawamura et al., 1975)",primary,journal_article,resolved,"(Kawamura et al., 1975)",kawamura1975
518,Papio anubis,Papio,Kaufman__2004,TableA14,70,70,Whole_brain,Whole Brain (direct measurement),,CMRO2,cerebral_metabolic_rate,115.4,umol/100g/min,115.4,,12.0,umol/100g/min,anesthetized,resting_anesthetized,FALSE,single_primary_reference,single,,reported_via_secondary_compilation,anesthetized,aoyagi1975,"(Aoyagi et al., 1975)","(Aoyagi et al., 1975)",aoyagi1975,"(Aoyagi et al., 1975)",primary,journal_article,resolved,"(Aoyagi et al., 1975)",aoyagi1975
519,Papio anubis,Papio,Kaufman__2004,TableA14,71,71,Whole_brain,Whole Brain (direct measurement),,CMRO2,cerebral_metabolic_rate,195.5,umol/100g/min,195.5,,4.0,umol/100g/min,anesthetized,resting_anesthetized,FALSE,single_primary_reference,single,,reported_via_secondary_compilation,anesthetized,harper1981,"(Harper et al., 1981)","(Harper et al., 1981)",harper1981,"(Harper et al., 1981)",primary,journal_article,resolved,"(Harper et al., 1981)",harper1981
520,Papio anubis,Papio,Kaufman__2004,TableA14,72,72,Whole_brain,Whole Brain (direct measurement),,CMRO2,cerebral_metabolic_rate,148.66,umol/100g/min,148.66,,4.0,umol/100g/min,anesthetized,resting_anesthetized,FALSE,single_primary_reference,single,,reported_via_secondary_compilation,anesthetized,young1996,"(Young et al., 1996)","(Young et al., 1996)",young1996,"(Young et al., 1996)",primary,journal_article,resolved,"(Young et al., 1996)",young1996
521,Rattus norvegicus,Rattus,Kaufman__2004,TableA1,109,109,Basal_ganglia,Basal Ganglia,,CMRO2,cerebral_metabolic_rate,84.5,umol/100g/min,84.5,,,umol/100g/min,unknown,resting_unknown,TRUE,single_primary_reference,single,,reported_via_secondary_compilation,,anonNA,(,(,anonNA,(,primary,journal_article,unresolved,(,anonNA
522,Rattus norvegicus,Rattus,Kaufman__2004,TableA4,77,77,Cerebellum,Cerebellum,,CMRO2,cerebral_metabolic_rate,61,umol/100g/min,61.0,,,umol/100g/min,unknown,resting_unknown,TRUE,single_primary_reference,single,,reported_via_secondary_compilation,,anonNA,(,(,anonNA,(,primary,journal_article,unresolved,(,anonNA
523,Rattus norvegicus,Rattus,Kaufman__2004,TableA2,69,69,Hippocampus,Hippocampus,,CMRO2,cerebral_metabolic_rate,79,umol/100g/min,79.0,,,umol/100g/min,unknown,resting_unknown,TRUE,single_primary_reference,single,,reported_via_secondary_compilation,,anonNA,(,(,anonNA,(,primary,journal_article,unresolved,(,anonNA
524,Rattus norvegicus,Rattus,Kaufman__2004,TableA6,130,130,Neocortex,Neocortex,,CMRO2,cerebral_metabolic_rate,124.4,umol/100g/min,124.4,,,umol/100g/min,unknown,resting_unknown,TRUE,single_primary_reference,single,,reported_via_secondary_compilation,,anonNA,(,(,anonNA,(,primary,journal_article,unresolved,(,anonNA
525,Rattus norvegicus,Rattus,Kaufman__2004,TableA6,138,138,Neocortex,Neocortex,,CMRO2,cerebral_metabolic_rate,464.3,umol/100g/min,464.3,,20.0,umol/100g/min,conscious,resting_conscious,TRUE,single_primary_reference,single,,reported_via_secondary_compilation,,baughman1990,"(Baughman et al., 1990)","(Baughman et al., 1990)",baughman1990,"(Baughman et al., 1990)",primary,journal_article,resolved,"(Baughman et al., 1990)",baughman1990
526,Rattus norvegicus,Rattus,Kaufman__2004,TableA6,139,139,Neocortex,Neocortex,,CMRO2,cerebral_metabolic_rate,263.4,umol/100g/min,263.4,,10.0,umol/100g/min,anesthetized,resting_anesthetized,FALSE,single_primary_reference,single,,reported_via_secondary_compilation,anesthetized,gjedde1977,"(Gjedde et al., 1977)","(Gjedde et al., 1977)",gjedde1977,"(Gjedde et al., 1977)",primary,journal_article,resolved,"(Gjedde et al., 1977)",gjedde1977
527,Rattus norvegicus,Rattus,Kaufman__2004,TableA6,140,140,Neocortex,Neocortex,,CMRO2,cerebral_metabolic_rate,452.2,umol/100g/min,452.2,,7.0,umol/100g/min,anesthetized,resting_anesthetized,FALSE,single_primary_reference,single,,reported_via_secondary_compilation,anesthetized,naughton1985,"(Naughton et al., 1985)","(Naughton et al., 1985)",naughton1985,"(Naughton et al., 1985)",primary,journal_article,resolved,"(Naughton et al., 1985)",naughton1985
528,Rattus norvegicus,Rattus,Kaufman__2004,TableA6,141,141,Neocortex,Neocortex,,CMRO2,cerebral_metabolic_rate,455.4,umol/100g/min,455.4,,6.0,umol/100g/min,anesthetized,resting_anesthetized,FALSE,single_primary_reference,single,,reported_via_secondary_compilation,anesthetized,norberg1974,"(Norberg and Siesjo, 1974)","(Norberg and Siesjo, 1974)",norberg1974,"(Norberg and Siesjo, 1974)",primary,journal_article,resolved,"(Norberg and Siesjo, 1974)",norberg1974
529,Rattus norvegicus,Rattus,Kaufman__2004,TableA8,97,97,Parietal_cortex,Parietal Cortex,,CMRO2,cerebral_metabolic_rate,110,umol/100g/min,110.0,,,umol/100g/min,unknown,resting_unknown,TRUE,single_primary_reference,single,,reported_via_secondary_compilation,,anonNA,(,(,anonNA,(,primary,journal_article,unresolved,(,anonNA
530,Rattus norvegicus,Rattus,Kaufman__2004,TableA3,111,111,Thalamus,Thalamus,,CMRO2,cerebral_metabolic_rate,104,umol/100g/min,104.0,,,umol/100g/min,unknown,resting_unknown,TRUE,single_primary_reference,single,,reported_via_secondary_compilation,,anonNA,(,(,anonNA,(,primary,journal_article,unresolved,(,anonNA
531,Rattus norvegicus,Rattus,Kaufman__2004,TableA5,73,73,White_matter,White Matter,,CMRO2,cerebral_metabolic_rate,36,umol/100g/min,36.0,,,umol/100g/min,unknown,resting_unknown,TRUE,single_primary_reference,single,,reported_via_secondary_compilation,,anonNA,(,(,anonNA,(,primary,journal_article,unresolved,(,anonNA
532,Rattus norvegicus,rat,Karbowski__2007,TableS1,1,1,Whole_brain,Brain,Brain,CMRO2,cerebral_metabolic_rate,0.084,ml/g/min,8.4,1.9,,umol/100g/min,unknown,resting_unknown,FALSE,single_primary_reference,single,,reported_via_secondary_compilation,duplicate_secondary_compilation,linde1999,Linde et al 1999,Linde et al 1999,linde1999,Linde et al 1999,primary,journal_article,resolved,Linde et al 1999,linde1999
533,Rattus norvegicus,Rattus,Kaufman__2004,TableA14,148,148,Whole_brain,Whole Brain (direct measurement),,CMRO2,cerebral_metabolic_rate,374,umol/100g/min,374.0,,8.0,umol/100g/min,conscious,resting_conscious,TRUE,single_primary_reference,single,,reported_via_secondary_compilation,,linde1999,"(Linde et al., 1999)","(Linde et al., 1999)",linde1999,"(Linde et al., 1999)",primary,journal_article,resolved,"(Linde et al., 1999)",linde1999
534,Rattus norvegicus,Rattus,Kaufman__2004,TableA14,149,149,Whole_brain,Whole Brain (direct measurement),,CMRO2,cerebral_metabolic_rate,392,umol/100g/min,392.0,,31.0,umol/100g/min,conscious,resting_conscious,TRUE,single_primary_reference,single,,reported_via_secondary_compilation,,madsen1998,"(Madsen et al., 1998)","(Madsen et al., 1998)",madsen1998,"(Madsen et al., 1998)",primary,journal_article,resolved,"(Madsen et al., 1998)",madsen1998
535,Rattus norvegicus,Rattus,Kaufman__2004,TableA14,150,150,Whole_brain,Whole Brain (direct measurement),,CMRO2,cerebral_metabolic_rate,440,umol/100g/min,440.0,,10.0,umol/100g/min,conscious,resting_conscious,TRUE,single_primary_reference,single,,reported_via_secondary_compilation,,meldrum1976,"(Meldrum and Nilsson, 1976)","(Meldrum and Nilsson, 1976)",meldrum1976,"(Meldrum and Nilsson, 1976)",primary,journal_article,resolved,"(Meldrum and Nilsson, 1976)",meldrum1976
536,Rattus norvegicus,Rattus,Kaufman__2004,TableA14,151,151,Whole_brain,Whole Brain (direct measurement),,CMRO2,cerebral_metabolic_rate,495,umol/100g/min,495.0,,15.0,umol/100g/min,conscious,resting_conscious,TRUE,single_primary_reference,single,,reported_via_secondary_compilation,,takei1983,"(Takei etal., 1983)","(Takei etal., 1983)",takei1983,"(Takei etal., 1983)",primary,journal_article,resolved,"(Takei etal., 1983)",takei1983
537,Rattus norvegicus,Rattus,Kaufman__2004,TableA14,152,152,Whole_brain,Whole Brain (direct measurement),,CMRO2,cerebral_metabolic_rate,485,umol/100g/min,485.0,,15.0,umol/100g/min,conscious,resting_conscious,TRUE,single_primary_reference,single,,reported_via_secondary_compilation,,takeietal1983,"(TakeietaL, 1983)","(TakeietaL, 1983)",takeietal1983,"(TakeietaL, 1983)",primary,journal_article,resolved,"(TakeietaL, 1983)",takeietal1983
538,Rattus norvegicus,Rattus,Kaufman__2004,TableA14,153,153,Whole_brain,Whole Brain (direct measurement),,CMRO2,cerebral_metabolic_rate,498,umol/100g/min,498.0,,15.0,umol/100g/min,conscious,resting_conscious,TRUE,single_primary_reference,single,,reported_via_secondary_compilation,,takei1983,"(Takei etal., 1983)","(Takei etal., 1983)",takei1983,"(Takei etal., 1983)",primary,journal_article,resolved,"(Takei etal., 1983)",takei1983
539,Rattus norvegicus,Rattus,Kaufman__2004,TableA14,155,155,Whole_brain,Whole Brain (direct measurement),,CMRO2,cerebral_metabolic_rate,352.7,umol/100g/min,352.7,,6.0,umol/100g/min,anesthetized,resting_anesthetized,FALSE,single_primary_reference,single,,reported_via_secondary_compilation,anesthetized,gjedde1975,"(Gjedde and Hindfelt, 1975)","(Gjedde and Hindfelt, 1975)",gjedde1975,"(Gjedde and Hindfelt, 1975)",primary,journal_article,resolved,"(Gjedde and Hindfelt, 1975)",gjedde1975
540,Rattus norvegicus,Rattus,Kaufman__2004,TableA14,156,156,Whole_brain,Whole Brain (direct measurement),,CMRO2,cerebral_metabolic_rate,357.1,umol/100g/min,357.1,,10.0,umol/100g/min,anesthetized,resting_anesthetized,FALSE,single_primary_reference,single,,reported_via_secondary_compilation,anesthetized,gjedde1977,"(Gjedde etal., 1977)","(Gjedde etal., 1977)",gjedde1977,"(Gjedde etal., 1977)",primary,journal_article,resolved,"(Gjedde etal., 1977)",gjedde1977
541,Rattus norvegicus,Rattus,Kaufman__2004,TableA14,157,157,Whole_brain,Whole Brain (direct measurement),,CMRO2,cerebral_metabolic_rate,321.4,umol/100g/min,321.4,,8.0,umol/100g/min,anesthetized,resting_anesthetized,FALSE,single_primary_reference,single,,reported_via_secondary_compilation,anesthetized,hauerberg1997,"(Hauerberg and Juhler, 1997)","(Hauerberg and Juhler, 1997)",hauerberg1997,"(Hauerberg and Juhler, 1997)",primary,journal_article,resolved,"(Hauerberg and Juhler, 1997)",hauerberg1997
542,Rattus norvegicus,Rattus,Kaufman__2004,TableA14,158,158,Whole_brain,Whole Brain (direct measurement),,CMRO2,cerebral_metabolic_rate,342.19,umol/100g/min,342.19,,17.0,umol/100g/min,anesthetized,resting_anesthetized,FALSE,single_primary_reference,single,,reported_via_secondary_compilation,anesthetized,nemoto1996,"(Nemoto et al., 1996a)","(Nemoto et al., 1996a)",nemoto1996,"(Nemoto et al., 1996a)",primary,journal_article,resolved,"(Nemoto et al., 1996a)",nemoto1996
543,Rattus norvegicus,Rattus,Kaufman__2004,TableA14,159,159,Whole_brain,Whole Brain (direct measurement),,CMRO2,cerebral_metabolic_rate,495.5,umol/100g/min,495.5,,5.0,umol/100g/min,anesthetized,resting_anesthetized,FALSE,single_primary_reference,single,,reported_via_secondary_compilation,anesthetized,nilsson1975,"(Nilsson and Siesjo, 1975)","(Nilsson and Siesjo, 1975)",nilsson1975,"(Nilsson and Siesjo, 1975)",primary,journal_article,resolved,"(Nilsson and Siesjo, 1975)",nilsson1975
544,Rattus norvegicus,Rattus,Kaufman__2004,TableA14,160,160,Whole_brain,Whole Brain (direct measurement),,CMRO2,cerebral_metabolic_rate,459.8,umol/100g/min,459.8,,9.0,umol/100g/min,anesthetized,resting_anesthetized,FALSE,single_primary_reference,single,,reported_via_secondary_compilation,anesthetized,harp1976,"(Harp et al., 1976)","(Harp et al., 1976)",harp1976,"(Harp et al., 1976)",primary,journal_article,resolved,"(Harp et al., 1976)",harp1976
545,Rattus norvegicus,Rattus,Kaufman__2004,TableA14,161,161,Whole_brain,Whole Brain (direct measurement),,CMRO2,cerebral_metabolic_rate,509.82,umol/100g/min,509.82,,6.0,umol/100g/min,anesthetized,resting_anesthetized,FALSE,single_primary_reference,single,,reported_via_secondary_compilation,anesthetized,harp1976,"(Harp et al., 1976)","(Harp et al., 1976)",harp1976,"(Harp et al., 1976)",primary,journal_article,resolved,"(Harp et al., 1976)",harp1976
546,Rattus norvegicus,Rattus,Kaufman__2004,TableA14,162,162,Whole_brain,Whole Brain (direct measurement),,CMRO2,cerebral_metabolic_rate,363.39,umol/100g/min,363.39,,8.0,umol/100g/min,anesthetized,resting_anesthetized,FALSE,single_primary_reference,single,,reported_via_secondary_compilation,anesthetized,harp1976,"(Harp et al., 1976)","(Harp et al., 1976)",harp1976,"(Harp et al., 1976)",primary,journal_article,resolved,"(Harp et al., 1976)",harp1976
547,Rattus norvegicus,Rattus,Kaufman__2004,TableA14,163,163,Whole_brain,Whole Brain (direct measurement),,CMRO2,cerebral_metabolic_rate,243.75,umol/100g/min,243.75,,6.0,umol/100g/min,anesthetized,resting_anesthetized,FALSE,single_primary_reference,single,,reported_via_secondary_compilation,anesthetized,harp1976,"(Harp et al., 1976)","(Harp et al., 1976)",harp1976,"(Harp et al., 1976)",primary,journal_article,resolved,"(Harp et al., 1976)",harp1976
548,Rattus norvegicus,Rattus,Kaufman__2004,TableA14,164,164,Whole_brain,Whole Brain (direct measurement),,CMRO2,cerebral_metabolic_rate,455.4,umol/100g/min,455.4,,5.0,umol/100g/min,anesthetized,resting_anesthetized,FALSE,single_primary_reference,single,,reported_via_secondary_compilation,anesthetized,carlsson1976,"(Carlsson et al., 1976)","(Carlsson et al., 1976)",carlsson1976,"(Carlsson et al., 1976)",primary,journal_article,resolved,"(Carlsson et al., 1976)",carlsson1976
549,Rattus norvegicus,Rattus,Kaufman__2004,TableA14,165,165,Whole_brain,Whole Brain (direct measurement),,CMRO2,cerebral_metabolic_rate,549.1,umol/100g/min,549.1,,10.0,umol/100g/min,anesthetized,resting_anesthetized,FALSE,single_primary_reference,single,,reported_via_secondary_compilation,anesthetized,hemmingsen1979,"(Hemmingsen et al., 1979a)","(Hemmingsen et al., 1979a)",hemmingsen1979,"(Hemmingsen et al., 1979a)",primary,journal_article,resolved,"(Hemmingsen et al., 1979a)",hemmingsen1979
550,Rattus norvegicus,Rattus,Kaufman__2004,TableA14,166,166,Whole_brain,Whole Brain (direct measurement),,CMRO2,cerebral_metabolic_rate,522.3,umol/100g/min,522.3,,8.0,umol/100g/min,anesthetized,resting_anesthetized,FALSE,single_primary_reference,single,,reported_via_secondary_compilation,anesthetized,hemmingsen1979,"(Hemmingsen et al., 1979a)","(Hemmingsen et al., 1979a)",hemmingsen1979,"(Hemmingsen et al., 1979a)",primary,journal_article,resolved,"(Hemmingsen et al., 1979a)",hemmingsen1979
551,Rattus norvegicus,Rattus,Kaufman__2004,TableA14,167,167,Whole_brain,Whole Brain (direct measurement),,CMRO2,cerebral_metabolic_rate,540.2,umol/100g/min,540.2,,9.0,umol/100g/min,anesthetized,resting_anesthetized,FALSE,single_primary_reference,single,,reported_via_secondary_compilation,anesthetized,hemmingsen1979,"(Hemmingsen et al., 1979a)","(Hemmingsen et al., 1979a)",hemmingsen1979,"(Hemmingsen et al., 1979a)",primary,journal_article,resolved,"(Hemmingsen et al., 1979a)",hemmingsen1979
552,Rattus norvegicus,Rattus,Kaufman__2004,TableA14,168,168,Whole_brain,Whole Brain (direct measurement),,CMRO2,cerebral_metabolic_rate,338.39,umol/100g/min,338.39,,8.0,umol/100g/min,anesthetized,resting_anesthetized,FALSE,single_primary_reference,single,,reported_via_secondary_compilation,anesthetized,nilsson1976,"(Nilsson and Siesjo, 1976)","(Nilsson and Siesjo, 1976)",nilsson1976,"(Nilsson and Siesjo, 1976)",primary,journal_article,resolved,"(Nilsson and Siesjo, 1976)",nilsson1976
553,Rattus norvegicus,Rattus,Kaufman__2004,TableA14,169,169,Whole_brain,Whole Brain (direct measurement),,CMRO2,cerebral_metabolic_rate,391,umol/100g/min,391.0,,8.0,umol/100g/min,anesthetized,resting_anesthetized,FALSE,single_primary_reference,single,,reported_via_secondary_compilation,anesthetized,dahlgren1981,"(Dahlgren et al., 1981b)","(Dahlgren et al., 1981b)",dahlgren1981,"(Dahlgren et al., 1981b)",primary,journal_article,resolved,"(Dahlgren et al., 1981b)",dahlgren1981
554,Rattus norvegicus,Rattus,Kaufman__2004,TableA14,170,170,Whole_brain,Whole Brain (direct measurement),,CMRO2,cerebral_metabolic_rate,584.8,umol/100g/min,584.8,,7.0,umol/100g/min,anesthetized,resting_anesthetized,FALSE,single_primary_reference,single,,reported_via_secondary_compilation,anesthetized,hemmingsen1979,"(Hemmingsen et al., 1979b)","(Hemmingsen et al., 1979b)",hemmingsen1979,"(Hemmingsen et al., 1979b)",primary,journal_article,resolved,"(Hemmingsen et al., 1979b)",hemmingsen1979
555,Rattus norvegicus,Rattus,Kaufman__2004,TableA14,171,171,Whole_brain,Whole Brain (direct measurement),,CMRO2,cerebral_metabolic_rate,305.8,umol/100g/min,305.8,,17.0,umol/100g/min,anesthetized,resting_anesthetized,FALSE,single_primary_reference,single,,reported_via_secondary_compilation,anesthetized,klementavicius1996,"(Klementavicius etal., 1996b)","(Klementavicius etal., 1996b)",klementavicius1996,"(Klementavicius etal., 1996b)",primary,journal_article,resolved,"(Klementavicius etal., 1996b)",klementavicius1996
556,Rattus norvegicus,Rattus,Kaufman__2004,TableA14,172,172,Whole_brain,Whole Brain (direct measurement),,CMRO2,cerebral_metabolic_rate,346.88,umol/100g/min,346.88,,14.0,umol/100g/min,anesthetized,resting_anesthetized,FALSE,single_primary_reference,single,,reported_via_secondary_compilation,anesthetized,nemoto1996,"(Nemoto et al., 1996b)","(Nemoto et al., 1996b)",nemoto1996,"(Nemoto et al., 1996b)",primary,journal_article,resolved,"(Nemoto et al., 1996b)",nemoto1996
557,Rattus norvegicus,Rattus,Kaufman__2004,TableA14,173,173,Whole_brain,Whole Brain (direct measurement),,CMRO2,cerebral_metabolic_rate,209,umol/100g/min,209.0,,5.0,umol/100g/min,anesthetized,resting_anesthetized,FALSE,single_primary_reference,single,,reported_via_secondary_compilation,anesthetized,fiat1993,"(Fiat and Kang, 1993)","(Fiat and Kang, 1993)",fiat1993,"(Fiat and Kang, 1993)",primary,journal_article,resolved,"(Fiat and Kang, 1993)",fiat1993
558,Rattus norvegicus,Rattus,Kaufman__2004,TableA14,174,174,Whole_brain,Whole Brain (direct measurement),,CMRO2,cerebral_metabolic_rate,316.96,umol/100g/min,316.96,,12.0,umol/100g/min,anesthetized,resting_anesthetized,FALSE,single_primary_reference,single,,reported_via_secondary_compilation,anesthetized,wang1993,"(Wang et al., 1993)","(Wang et al., 1993)",wang1993,"(Wang et al., 1993)",primary,journal_article,resolved,"(Wang et al., 1993)",wang1993
559,Rattus norvegicus,Rattus,Kaufman__2004,TableA14,175,175,Whole_brain,Whole Brain (direct measurement),,CMRO2,cerebral_metabolic_rate,424.1,umol/100g/min,424.1,,17.0,umol/100g/min,anesthetized,resting_anesthetized,FALSE,single_primary_reference,single,,reported_via_secondary_compilation,anesthetized,kochanek1988,"(Kochanek et al., 1988)","(Kochanek et al., 1988)",kochanek1988,"(Kochanek et al., 1988)",primary,journal_article,resolved,"(Kochanek et al., 1988)",kochanek1988
560,Rattus norvegicus,Rattus,Kaufman__2004,TableA14,176,176,Whole_brain,Whole Brain (direct measurement),,CMRO2,cerebral_metabolic_rate,455.36,umol/100g/min,455.36,,16.0,umol/100g/min,anesthetized,resting_anesthetized,FALSE,single_primary_reference,single,,reported_via_secondary_compilation,anesthetized,singh1992,"(Singh etal., 1992)","(Singh etal., 1992)",singh1992,"(Singh etal., 1992)",primary,journal_article,resolved,"(Singh etal., 1992)",singh1992
561,Rattus norvegicus,Rattus,Kaufman__2004,TableA14,177,177,Whole_brain,Whole Brain (direct measurement),,CMRO2,cerebral_metabolic_rate,334.8,umol/100g/min,334.8,,10.0,umol/100g/min,anesthetized,resting_anesthetized,FALSE,single_primary_reference,single,,reported_via_secondary_compilation,anesthetized,kozniewska1992,"(Kozniewska and Oseka, 1992)","(Kozniewska and Oseka, 1992)",kozniewska1992,"(Kozniewska and Oseka, 1992)",primary,journal_article,resolved,"(Kozniewska and Oseka, 1992)",kozniewska1992
562,Rattus norvegicus,Rattus,Kaufman__2004,TableA14,178,178,Whole_brain,Whole Brain (direct measurement),,CMRO2,cerebral_metabolic_rate,321.4,umol/100g/min,321.4,,4.0,umol/100g/min,anesthetized,resting_anesthetized,FALSE,single_primary_reference,single,,reported_via_secondary_compilation,anesthetized,nilsson1983,"(Nilsson and Siesjo, 1983)","(Nilsson and Siesjo, 1983)",nilsson1983,"(Nilsson and Siesjo, 1983)",primary,journal_article,resolved,"(Nilsson and Siesjo, 1983)",nilsson1983
563,Rattus norvegicus,Rattus,Kaufman__2004,TableA14,179,179,Whole_brain,Whole Brain (direct measurement),,CMRO2,cerebral_metabolic_rate,288.39,umol/100g/min,288.39,,10.0,umol/100g/min,anesthetized,resting_anesthetized,FALSE,single_primary_reference,single,,reported_via_secondary_compilation,anesthetized,klementavicius1996,"(Klementavicius et al., 1996a)","(Klementavicius et al., 1996a)",klementavicius1996,"(Klementavicius et al., 1996a)",primary,journal_article,resolved,"(Klementavicius et al., 1996a)",klementavicius1996
564,Rattus norvegicus,Rattus,Kaufman__2004,TableA14,180,180,Whole_brain,Whole Brain (direct measurement),,CMRO2,cerebral_metabolic_rate,511.16,umol/100g/min,511.16,,8.0,umol/100g/min,anesthetized,resting_anesthetized,FALSE,single_primary_reference,single,,reported_via_secondary_compilation,anesthetized,baughman1990,"(Baughman et al., 1990)","(Baughman et al., 1990)",baughman1990,"(Baughman et al., 1990)",primary,journal_article,resolved,"(Baughman et al., 1990)",baughman1990
565,Rattus norvegicus,Rattus,Kaufman__2004,TableA14,181,181,Whole_brain,Whole Brain (direct measurement),,CMRO2,cerebral_metabolic_rate,261.16,umol/100g/min,261.16,,10.0,umol/100g/min,anesthetized,resting_anesthetized,FALSE,single_primary_reference,single,,reported_via_secondary_compilation,anesthetized,nemoto1988,"(Nemoto et al., 1988)","(Nemoto et al., 1988)",nemoto1988,"(Nemoto et al., 1988)",primary,journal_article,resolved,"(Nemoto et al., 1988)",nemoto1988
566,Sus scrofa,Sus,Kaufman__2004,TableA14,120,120,Whole_brain,Whole Brain (direct measurement),,CMRO2,cerebral_metabolic_rate,171,umol/100g/min,171.0,,7.0,umol/100g/min,anesthetized,resting_anesthetized,FALSE,single_primary_reference,single,,reported_via_secondary_compilation,anesthetized,poulsen1997,"(Poulsen et al., 1997)","(Poulsen et al., 1997)",poulsen1997,"(Poulsen et al., 1997)",primary,journal_article,resolved,"(Poulsen et al., 1997)",poulsen1997
567,Sus scrofa,Sus,Kaufman__2004,TableA14,121,121,Whole_brain,Whole Brain (direct measurement),,CMRO2,cerebral_metabolic_rate,194,umol/100g/min,194.0,,9.0,umol/100g/min,anesthetized,resting_anesthetized,FALSE,single_primary_reference,single,,reported_via_secondary_compilation,anesthetized,akeson1992,"(Akeson et al., 1992)","(Akeson et al., 1992)",akeson1992,"(Akeson et al., 1992)",primary,journal_article,resolved,"(Akeson et al., 1992)",akeson1992
568,Sus scrofa,Sus,Kaufman__2004,TableA14,122,122,Whole_brain,Whole Brain (direct measurement),,CMRO2,cerebral_metabolic_rate,84.8,umol/100g/min,84.8,,4.0,umol/100g/min,anesthetized,resting_anesthetized,FALSE,single_primary_reference,single,,reported_via_secondary_compilation,anesthetized,miller1987,"(Miller et al., 1987)","(Miller et al., 1987)",miller1987,"(Miller et al., 1987)",primary,journal_article,resolved,"(Miller et al., 1987)",miller1987
569,Sus scrofa,Sus,Kaufman__2004,TableA14,123,123,Whole_brain,Whole Brain (direct measurement),,CMRO2,cerebral_metabolic_rate,197,umol/100g/min,197.0,,11.0,umol/100g/min,anesthetized,resting_anesthetized,FALSE,single_primary_reference,single,,reported_via_secondary_compilation,anesthetized,sakoh2000,"(Sakoh et al., 2000)","(Sakoh et al., 2000)",sakoh2000,"(Sakoh et al., 2000)",primary,journal_article,resolved,"(Sakoh et al., 2000)",sakoh2000
570,Sus scrofa,Sus,Kaufman__2004,TableA14,124,124,Whole_brain,Whole Brain (direct measurement),,CMRO2,cerebral_metabolic_rate,102.7,umol/100g/min,102.7,,8.0,umol/100g/min,anesthetized,resting_anesthetized,FALSE,single_primary_reference,single,,reported_via_secondary_compilation,anesthetized,stange1989,"(Stange et al., 1989)","(Stange et al., 1989)",stange1989,"(Stange et al., 1989)",primary,journal_article,resolved,"(Stange et al., 1989)",stange1989
571,Canis lupus familiaris,Canis,Kaufman__2004,TableA14,82,82,Whole_brain,Whole Brain (direct measurement),,CMRgl,cerebral_metabolic_rate,26.1,umol/100g/min,26.1,,7.0,umol/100g/min,anesthetized,resting_anesthetized,FALSE,single_primary_reference,single,,reported_via_secondary_compilation,anesthetized,michenfelder1974,"(Michenfelder, 1974)","(Michenfelder, 1974)",michenfelder1974,"(Michenfelder, 1974)",primary,journal_article,resolved,"(Michenfelder, 1974)",michenfelder1974
572,Canis lupus familiaris,Canis,Kaufman__2004,TableA14,83,83,Whole_brain,Whole Brain (direct measurement),,CMRgl,cerebral_metabolic_rate,24.6,umol/100g/min,24.6,,6.0,umol/100g/min,anesthetized,resting_anesthetized,FALSE,single_primary_reference,single,,reported_via_secondary_compilation,anesthetized,roald1986,"(Roald etal., 1986a)","(Roald etal., 1986a)",roald1986,"(Roald etal., 1986a)",primary,journal_article,resolved,"(Roald etal., 1986a)",roald1986
573,Canis lupus familiaris,Canis,Kaufman__2004,TableA14,84,84,Whole_brain,Whole Brain (direct measurement),,CMRgl,cerebral_metabolic_rate,27.67,umol/100g/min,27.67,,13.0,umol/100g/min,anesthetized,resting_anesthetized,FALSE,single_primary_reference,single,,reported_via_secondary_compilation,anesthetized,zimmer1975,"(Zimmer, 1975)","(Zimmer, 1975)",zimmer1975,"(Zimmer, 1975)",primary,journal_article,resolved,"(Zimmer, 1975)",zimmer1975
574,Canis lupus familiaris,Canis,Kaufman__2004,TableA14,85,85,Whole_brain,Whole Brain (direct measurement),,CMRgl,cerebral_metabolic_rate,28.9,umol/100g/min,28.9,,10.0,umol/100g/min,anesthetized,resting_anesthetized,FALSE,single_primary_reference,single,,reported_via_secondary_compilation,anesthetized,hamer1978,"(Hamer etal., 1978)","(Hamer etal., 1978)",hamer1978,"(Hamer etal., 1978)",primary,journal_article,resolved,"(Hamer etal., 1978)",hamer1978
575,Canis lupus familiaris,Canis,Kaufman__2004,TableA14,86,86,Whole_brain,Whole Brain (direct measurement),,CMRgl,cerebral_metabolic_rate,44.5,umol/100g/min,44.5,,8.0,umol/100g/min,conscious,resting_conscious,TRUE,single_primary_reference,single,,reported_via_secondary_compilation,,sieberetal1993,"(Sieberetal., 1993)","(Sieberetal., 1993)",sieberetal1993,"(Sieberetal., 1993)",primary,journal_article,resolved,"(Sieberetal., 1993)",sieberetal1993
576,Canis lupus familiaris,Canis,Kaufman__2004,TableA14,87,87,Whole_brain,Whole Brain (direct measurement),,CMRgl,cerebral_metabolic_rate,35.9,umol/100g/min,35.9,,13.0,umol/100g/min,anesthetized,resting_anesthetized,FALSE,single_primary_reference,single,,reported_via_secondary_compilation,anesthetized,frizzell1993,"(Frizzell et al., 1993)","(Frizzell et al., 1993)",frizzell1993,"(Frizzell et al., 1993)",primary,journal_article,resolved,"(Frizzell et al., 1993)",frizzell1993
577,Capra aegagrus hircus,goat,Karbowski__2007,TableS2,15,15,Whole_brain,Brain,Brain,CMRgl,cerebral_metabolic_rate,0.35,umol/g/min,35.0,4.0,,umol/100g/min,unknown,resting_unknown,TRUE,single_primary_reference,single,,reported_via_secondary_compilation,,pelligrino1987,Pelligrino et al 1987,Pelligrino et al 1987,pelligrino1987,Pelligrino et al 1987,primary,journal_article,resolved,Pelligrino et al 1987,pelligrino1987
578,Felis catus,cat,Karbowski__2007,TableS17,9,9,Amygdala,Amygdala,Amygdala,CMRgl,cerebral_metabolic_rate,0.54,umol/g/min,54.0,6.0,,umol/100g/min,unknown,resting_unknown,TRUE,single_primary_reference,single,,reported_via_secondary_compilation,,chugani1991,Chugani et al 1991,Chugani et al 1991,chugani1991,Chugani et al 1991,primary,journal_article,resolved,Chugani et al 1991,chugani1991
579,Felis catus,cat,Karbowski__2007,TableS17,10,10,Amygdala,Amygdala,Amygdala,CMRgl,cerebral_metabolic_rate,0.34,umol/g/min,34.0,4.0,,umol/100g/min,unknown,resting_unknown,TRUE,single_primary_reference,single,,reported_via_secondary_compilation,,sokoloff1984,Sokoloff 1984,Sokoloff 1984,sokoloff1984,Sokoloff 1984,primary,journal_article,resolved,Sokoloff 1984,sokoloff1984
580,Felis catus,Felis,Kaufman__2004,TableA1,63,63,Basal_ganglia,Basal Ganglia,,CMRgl,cerebral_metabolic_rate,59.4,umol/100g/min,59.4,,7.0,umol/100g/min,conscious,resting_conscious,TRUE,single_primary_reference,single,,reported_via_secondary_compilation,,hovda1996,"(Hovda et al., 1996)","(Hovda et al., 1996)",hovda1996,"(Hovda et al., 1996)",primary,journal_article,resolved,"(Hovda et al., 1996)",hovda1996
581,Felis catus,Felis,Kaufman__2004,TableA1,64,64,Basal_ganglia,Basal Ganglia,,CMRgl,cerebral_metabolic_rate,49.7,umol/100g/min,49.7,,4.0,umol/100g/min,conscious,resting_conscious,TRUE,single_primary_reference,single,,reported_via_secondary_compilation,,petitjean1982,"(Petitjean et al., 1982)","(Petitjean et al., 1982)",petitjean1982,"(Petitjean et al., 1982)",primary,journal_article,resolved,"(Petitjean et al., 1982)",petitjean1982
582,Felis catus,Felis,Kaufman__2004,TableA1,65,65,Basal_ganglia,Basal Ganglia,,CMRgl,cerebral_metabolic_rate,37.3,umol/100g/min,37.3,,6.0,umol/100g/min,anesthetized,resting_anesthetized,FALSE,single_primary_reference,single,,reported_via_secondary_compilation,anesthetized,triolo1990,"(Triolo et al., 1990)","(Triolo et al., 1990)",triolo1990,"(Triolo et al., 1990)",primary,journal_article,resolved,"(Triolo et al., 1990)",triolo1990
583,Felis catus,cat,Karbowski__2007,TableS22,10,10,Brain_stem,Brain stem,Superior colliculus,CMRgl,cerebral_metabolic_rate,0.86,umol/g/min,86.0,20.0,,umol/100g/min,unknown,resting_unknown,TRUE,single_primary_reference,single,,reported_via_secondary_compilation,,chugani1991,Chugani et al 1991,Chugani et al 1991,chugani1991,Chugani et al 1991,primary,journal_article,resolved,Chugani et al 1991,chugani1991
584,Felis catus,cat,Karbowski__2007,TableS22,11,11,Brain_stem,Brain stem,Superior colliculus,CMRgl,cerebral_metabolic_rate,0.82,umol/g/min,82.0,8.0,,umol/100g/min,unknown,resting_unknown,TRUE,single_primary_reference,single,,reported_via_secondary_compilation,,sokoloff1984,Sokoloff 1984,Sokoloff 1984,sokoloff1984,Sokoloff 1984,primary,journal_article,resolved,Sokoloff 1984,sokoloff1984
585,Felis catus,cat,Karbowski__2007,TableS22,24,24,Brain_stem,Brain stem,Inferior colliculus,CMRgl,cerebral_metabolic_rate,2.03,umol/g/min,202.99999999999997,74.0,,umol/100g/min,unknown,resting_unknown,TRUE,single_primary_reference,single,,reported_via_secondary_compilation,,chugani1991,Chugani et al 1991,Chugani et al 1991,chugani1991,Chugani et al 1991,primary,journal_article,resolved,Chugani et al 1991,chugani1991
586,Felis catus,cat,Karbowski__2007,TableS22,25,25,Brain_stem,Brain stem,Inferior colliculus,CMRgl,cerebral_metabolic_rate,1.71,umol/g/min,171.0,20.0,,umol/100g/min,unknown,resting_unknown,TRUE,single_primary_reference,single,,reported_via_secondary_compilation,,sokoloff1984,Sokoloff 1984,Sokoloff 1984,sokoloff1984,Sokoloff 1984,primary,journal_article,resolved,Sokoloff 1984,sokoloff1984
587,Felis catus,cat,Karbowski__2007,TableS19,9,9,Caudate_nucleus,Caudate,Caudate,CMRgl,cerebral_metabolic_rate,0.77,umol/g/min,77.0,6.0,,umol/100g/min,unknown,resting_unknown,TRUE,single_primary_reference,single,,reported_via_secondary_compilation,,schwartzman1986,Schwartzman et al 1986,Schwartzman et al 1986,schwartzman1986,Schwartzman et al 1986,primary,journal_article,resolved,Schwartzman et al 1986,schwartzman1986
588,Felis catus,cat,Karbowski__2007,TableS19,10,10,Caudate_nucleus,Caudate,Caudate,CMRgl,cerebral_metabolic_rate,0.83,umol/g/min,83.0,11.0,,umol/100g/min,unknown,resting_unknown,TRUE,single_primary_reference,single,,reported_via_secondary_compilation,,chugani1991,Chugani et al 1991,Chugani et al 1991,chugani1991,Chugani et al 1991,primary,journal_article,resolved,Chugani et al 1991,chugani1991
589,Felis catus,cat,Karbowski__2007,TableS19,11,11,Caudate_nucleus,Caudate,Caudate,CMRgl,cerebral_metabolic_rate,0.77,umol/g/min,77.0,2.0,,umol/100g/min,unknown,resting_unknown,TRUE,single_primary_reference,single,,reported_via_secondary_compilation,,sokoloff1984,Sokoloff 1984,Sokoloff 1984,sokoloff1984,Sokoloff 1984,primary,journal_article,resolved,Sokoloff 1984,sokoloff1984
590,Felis catus,cat,Karbowski__2007,TableS14,6,6,Cerebellum,Cerebellum,Cerebellum,CMRgl,cerebral_metabolic_rate,0.71,umol/g/min,71.0,8.0,,umol/100g/min,unknown,resting_unknown,TRUE,single_primary_reference,single,,reported_via_secondary_compilation,,sokoloff1984,Sokoloff 1984,Sokoloff 1984,sokoloff1984,Sokoloff 1984,primary,journal_article,resolved,Sokoloff 1984,sokoloff1984
591,Felis catus,cat,Karbowski__2007,TableS14,7,7,Cerebellum,Cerebellum,Cerebellum,CMRgl,cerebral_metabolic_rate,0.65,umol/g/min,65.0,13.0,,umol/100g/min,unknown,resting_unknown,TRUE,single_primary_reference,single,,reported_via_secondary_compilation,,chugani1991,Chugani et al 1991,Chugani et al 1991,chugani1991,Chugani et al 1991,primary,journal_article,resolved,Chugani et al 1991,chugani1991
592,Felis catus,Felis,Kaufman__2004,TableA4,46,46,Cerebellum,Cerebellum,,CMRgl,cerebral_metabolic_rate,31.5,umol/100g/min,31.5,,4.0,umol/100g/min,conscious,resting_conscious,TRUE,single_primary_reference,single,,reported_via_secondary_compilation,,petitjean1982,"(Petitjean et al., 1982)","(Petitjean et al., 1982)",petitjean1982,"(Petitjean et al., 1982)",primary,journal_article,resolved,"(Petitjean et al., 1982)",petitjean1982
593,Felis catus,Felis,Kaufman__2004,TableA4,47,47,Cerebellum,Cerebellum,,CMRgl,cerebral_metabolic_rate,26.2,umol/100g/min,26.2,,6.0,umol/100g/min,anesthetized,resting_anesthetized,FALSE,single_primary_reference,single,,reported_via_secondary_compilation,anesthetized,triolo1990,"(Triolo et al., 1990)","(Triolo et al., 1990)",triolo1990,"(Triolo et al., 1990)",primary,journal_article,resolved,"(Triolo et al., 1990)",triolo1990
594,Felis catus,cat,Karbowski__2007,TableS6,6,6,Cingulate_cortex,Cingulate cortex,Cingulate cortex,CMRgl,cerebral_metabolic_rate,0.7,umol/g/min,70.0,6.0,,umol/100g/min,unknown,resting_unknown,TRUE,single_primary_reference,single,,reported_via_secondary_compilation,,schwartzman1986,Schwartzman et al 1986,Schwartzman et al 1986,schwartzman1986,Schwartzman et al 1986,primary,journal_article,resolved,Schwartzman et al 1986,schwartzman1986
595,Felis catus,Felis,Kaufman__2004,TableA13,26,26,Cingulate_cortex,Cingulate Cortex,,CMRgl,cerebral_metabolic_rate,47,umol/100g/min,47.0,,4.0,umol/100g/min,conscious,resting_conscious,TRUE,single_primary_reference,single,,reported_via_secondary_compilation,,petitjean1982,"(Petitjean et al., 1982)","(Petitjean et al., 1982)",petitjean1982,"(Petitjean et al., 1982)",primary,journal_article,resolved,"(Petitjean et al., 1982)",petitjean1982
596,Felis catus,Felis,Kaufman__2004,TableA7,71,71,Frontal_cortex,Frontal Cortex,,CMRgl,cerebral_metabolic_rate,49,umol/100g/min,49.0,,4.0,umol/100g/min,conscious,resting_conscious,TRUE,single_primary_reference,single,,reported_via_secondary_compilation,,petitjean1982,"(Petitjean et al., 1982)","(Petitjean et al., 1982)",petitjean1982,"(Petitjean et al., 1982)",primary,journal_article,resolved,"(Petitjean et al., 1982)",petitjean1982
597,Felis catus,Felis,Kaufman__2004,TableA7,72,72,Frontal_cortex,Frontal Cortex,,CMRgl,cerebral_metabolic_rate,43.1,umol/100g/min,43.1,,6.0,umol/100g/min,anesthetized,resting_anesthetized,FALSE,single_primary_reference,single,,reported_via_secondary_compilation,anesthetized,triolo1990,"(Triolo et al., 1990)","(Triolo et al., 1990)",triolo1990,"(Triolo et al., 1990)",primary,journal_article,resolved,"(Triolo et al., 1990)",triolo1990
598,Felis catus,cat,Karbowski__2007,TableS16,9,9,Hippocampus,Hippocampus,Hippocampus,CMRgl,cerebral_metabolic_rate,0.52,umol/g/min,52.0,15.0,,umol/100g/min,unknown,resting_unknown,TRUE,single_primary_reference,single,,reported_via_secondary_compilation,,chugani1991,"Chugani et al 1991, dorsal + ventral","Chugani et al 1991, dorsal + ventral",chugani1991,"Chugani et al 1991, dorsal + ventral",primary,journal_article,resolved,"Chugani et al 1991, dorsal + ventral",chugani1991
599,Felis catus,cat,Karbowski__2007,TableS16,10,10,Hippocampus,Hippocampus,Hippocampus,CMRgl,cerebral_metabolic_rate,0.54,umol/g/min,54.0,4.0,,umol/100g/min,unknown,resting_unknown,TRUE,single_primary_reference,single,,reported_via_secondary_compilation,,lydic1991,Lydic et al 1991,Lydic et al 1991,lydic1991,Lydic et al 1991,primary,journal_article,resolved,Lydic et al 1991,lydic1991
600,Felis catus,cat,Karbowski__2007,TableS16,11,11,Hippocampus,Hippocampus,Hippocampus,CMRgl,cerebral_metabolic_rate,0.57,umol/g/min,56.99999999999999,5.0,,umol/100g/min,unknown,resting_unknown,TRUE,single_primary_reference,single,,reported_via_secondary_compilation,,sokoloff1984,Sokoloff 1984,Sokoloff 1984,sokoloff1984,Sokoloff 1984,primary,journal_article,resolved,Sokoloff 1984,sokoloff1984
601,Felis catus,Felis,Kaufman__2004,TableA2,23,23,Hippocampus,Hippocampus,,CMRgl,cerebral_metabolic_rate,52,umol/100g/min,52.0,,7.0,umol/100g/min,conscious,resting_conscious,TRUE,single_primary_reference,single,,reported_via_secondary_compilation,,hovda1996,"(Hovda et a l, 1996)","(Hovda et a l, 1996)",hovda1996,"(Hovda et a l, 1996)",primary,journal_article,resolved,"(Hovda et a l, 1996)",hovda1996
602,Felis catus,Felis,Kaufman__2004,TableA2,24,24,Hippocampus,Hippocampus,,CMRgl,cerebral_metabolic_rate,48,umol/100g/min,48.0,,4.0,umol/100g/min,conscious,resting_conscious,TRUE,single_primary_reference,single,,reported_via_secondary_compilation,,petitjean1982,"(Petitjean et al., 1982)","(Petitjean et al., 1982)",petitjean1982,"(Petitjean et al., 1982)",primary,journal_article,resolved,"(Petitjean et al., 1982)",petitjean1982
603,Felis catus,cat,Karbowski__2007,TableS15,12,12,Hypothalamus,Hypothalamus,Hypothalamus,CMRgl,cerebral_metabolic_rate,0.41,umol/g/min,41.0,6.0,,umol/100g/min,unknown,resting_unknown,TRUE,single_primary_reference,single,,reported_via_secondary_compilation,,chugani1991,Chugani et al 1991,Chugani et al 1991,chugani1991,Chugani et al 1991,primary,journal_article,resolved,Chugani et al 1991,chugani1991
604,Felis catus,cat,Karbowski__2007,TableS15,13,13,Hypothalamus,Hypothalamus,Hypothalamus,CMRgl,cerebral_metabolic_rate,0.41,umol/g/min,41.0,4.0,,umol/100g/min,unknown,resting_unknown,TRUE,single_primary_reference,single,,reported_via_secondary_compilation,,sokoloff1984,Sokoloff 1984,Sokoloff 1984,sokoloff1984,Sokoloff 1984,primary,journal_article,resolved,Sokoloff 1984,sokoloff1984
605,Felis catus,cat,Karbowski__2007,TableS15,25,25,Hypothalamus,Hypothalamus,Mammilary body,CMRgl,cerebral_metabolic_rate,0.99,umol/g/min,99.0,32.0,,umol/100g/min,unknown,resting_unknown,TRUE,single_primary_reference,single,,reported_via_secondary_compilation,,chugani1991,Chugani et al 1991,Chugani et al 1991,chugani1991,Chugani et al 1991,primary,journal_article,resolved,Chugani et al 1991,chugani1991
606,Felis catus,cat,Karbowski__2007,TableS15,26,26,Hypothalamus,Hypothalamus,Mammilary body,CMRgl,cerebral_metabolic_rate,0.85,umol/g/min,85.0,3.0,,umol/100g/min,unknown,resting_unknown,TRUE,single_primary_reference,single,,reported_via_secondary_compilation,,sokoloff1984,Sokoloff 1984,Sokoloff 1984,sokoloff1984,Sokoloff 1984,primary,journal_article,resolved,Sokoloff 1984,sokoloff1984
607,Felis catus,cat,Karbowski__2007,TableS11,4,4,Neocortex,Cerebral cortex,Cerebral cortex,CMRgl,cerebral_metabolic_rate,0.86,umol/g/min,86.0,8.0,,umol/100g/min,unknown,resting_unknown,TRUE,single_primary_reference,single,,reported_via_secondary_compilation,,nNA,N=6,N=6,nNA,N=6,primary,journal_article,unresolved,N=6,nNA
608,Felis catus,cat,Karbowski__2007,TableS12,9,9,Neocortex,Cerebral cortex,Cerebral cortex,CMRgl,cerebral_metabolic_rate,0.78,umol/g/min,78.0,12.0,,umol/100g/min,unknown,resting_unknown,TRUE,single_primary_reference,single,,reported_via_secondary_compilation,,chugani1991,Chugani et al 1991,Chugani et al 1991,chugani1991,Chugani et al 1991,primary,journal_article,resolved,Chugani et al 1991,chugani1991
609,Felis catus,cat,Karbowski__2007,TableS12,10,10,Neocortex,Cerebral cortex,Cerebral cortex,CMRgl,cerebral_metabolic_rate,0.87,umol/g/min,87.0,6.0,,umol/100g/min,unknown,resting_unknown,TRUE,single_primary_reference,single,,reported_via_secondary_compilation,,sokoloff1984,Sokoloff 1984,Sokoloff 1984,sokoloff1984,Sokoloff 1984,primary,journal_article,resolved,Sokoloff 1984,sokoloff1984
610,Felis catus,cat,Karbowski__2007,TableS12,11,11,Neocortex,Cerebral cortex,Cerebral cortex,CMRgl,cerebral_metabolic_rate,0.79,umol/g/min,79.0,4.0,,umol/100g/min,unknown,resting_unknown,TRUE,single_primary_reference,single,,reported_via_secondary_compilation,,schwartzman1986,Schwartzman et al 1986,Schwartzman et al 1986,schwartzman1986,Schwartzman et al 1986,primary,journal_article,resolved,Schwartzman et al 1986,schwartzman1986
611,Felis catus,Felis,Kaufman__2004,TableA6,74,74,Neocortex,Neocortex,,CMRgl,cerebral_metabolic_rate,77.6,umol/100g/min,77.6,,7.0,umol/100g/min,conscious,resting_conscious,TRUE,single_primary_reference,single,,reported_via_secondary_compilation,,hovdaNA,Hovda,Hovda,hovdaNA,Hovda,primary,journal_article,unresolved,Hovda,hovdaNA
612,Felis catus,Felis,Kaufman__2004,TableA6,75,75,Neocortex,Neocortex,,CMRgl,cerebral_metabolic_rate,47,umol/100g/min,47.0,,4.0,umol/100g/min,conscious,resting_conscious,TRUE,single_primary_reference,single,,reported_via_secondary_compilation,,petitjeanNA,Petitjean 82,Petitjean 82,petitjeanNA,Petitjean 82,primary,journal_article,unresolved,Petitjean 82,petitjeanNA
613,Felis catus,Felis,Kaufman__2004,TableA6,76,76,Neocortex,Neocortex,,CMRgl,cerebral_metabolic_rate,40.8,umol/100g/min,40.8,,6.0,umol/100g/min,anesthetized,resting_anesthetized,FALSE,single_primary_reference,single,,reported_via_secondary_compilation,anesthetized,trioloNA,Triolo 90,Triolo 90,trioloNA,Triolo 90,primary,journal_article,unresolved,Triolo 90,trioloNA
614,Felis catus,cat,Karbowski__2007,TableS9,4,4,Occipital_cortex,Occipital cortex,Occipital cortex,CMRgl,cerebral_metabolic_rate,1.26,umol/g/min,126.0,10.0,,umol/100g/min,unknown,resting_unknown,TRUE,single_primary_reference,single,,reported_via_secondary_compilation,,lydic1991,Lydic et al 1991,Lydic et al 1991,lydic1991,Lydic et al 1991,primary,journal_article,resolved,Lydic et al 1991,lydic1991
615,Felis catus,Felis,Kaufman__2004,TableA11,60,60,Occipital_cortex,Occipital Cortex,,CMRgl,cerebral_metabolic_rate,58,umol/100g/min,58.0,,4.0,umol/100g/min,conscious,resting_conscious,TRUE,single_primary_reference,single,,reported_via_secondary_compilation,,petitjean1982,"(Petitjean et al., 1982)","(Petitjean et al., 1982)",petitjean1982,"(Petitjean et al., 1982)",primary,journal_article,resolved,"(Petitjean et al., 1982)",petitjean1982
616,Felis catus,Felis,Kaufman__2004,TableA11,61,61,Occipital_cortex,Occipital Cortex,,CMRgl,cerebral_metabolic_rate,37,umol/100g/min,37.0,,6.0,umol/100g/min,anesthetized,resting_anesthetized,FALSE,single_primary_reference,single,,reported_via_secondary_compilation,anesthetized,triolo1990,"(Triolo et al., 1990)","(Triolo et al., 1990)",triolo1990,"(Triolo et al., 1990)",primary,journal_article,resolved,"(Triolo et al., 1990)",triolo1990
617,Felis catus,cat,Karbowski__2007,TableS21,10,10,Pallidum,Globus pallidus,Globus pallidus,CMRgl,cerebral_metabolic_rate,0.38,umol/g/min,38.0,4.0,,umol/100g/min,unknown,resting_unknown,TRUE,single_primary_reference,single,,reported_via_secondary_compilation,,schwartzman1986,Schwartzman et al 1986,Schwartzman et al 1986,schwartzman1986,Schwartzman et al 1986,primary,journal_article,resolved,Schwartzman et al 1986,schwartzman1986
618,Felis catus,cat,Karbowski__2007,TableS21,11,11,Pallidum,Globus pallidus,Globus pallidus,CMRgl,cerebral_metabolic_rate,0.44,umol/g/min,44.0,10.0,,umol/100g/min,unknown,resting_unknown,TRUE,single_primary_reference,single,,reported_via_secondary_compilation,,chugani1991,Chugani et al 1991,Chugani et al 1991,chugani1991,Chugani et al 1991,primary,journal_article,resolved,Chugani et al 1991,chugani1991
619,Felis catus,cat,Karbowski__2007,TableS21,12,12,Pallidum,Globus pallidus,Globus pallidus,CMRgl,cerebral_metabolic_rate,0.36,umol/g/min,36.0,2.0,,umol/100g/min,unknown,resting_unknown,TRUE,single_primary_reference,single,,reported_via_secondary_compilation,,sokoloff1984,Sokoloff 1984,Sokoloff 1984,sokoloff1984,Sokoloff 1984,primary,journal_article,resolved,Sokoloff 1984,sokoloff1984
620,Felis catus,cat,Karbowski__2007,TableS10,6,6,Parietal_cortex,Parietal cortex,Parietal cortex,CMRgl,cerebral_metabolic_rate,0.69,umol/g/min,69.0,8.0,,umol/100g/min,unknown,resting_unknown,TRUE,single_primary_reference,single,,reported_via_secondary_compilation,,sokoloff1984,Sokoloff 1984,Sokoloff 1984,sokoloff1984,Sokoloff 1984,primary,journal_article,resolved,Sokoloff 1984,sokoloff1984
621,Felis catus,Felis,Kaufman__2004,TableA8,61,61,Parietal_cortex,Parietal Cortex,,CMRgl,cerebral_metabolic_rate,45,umol/100g/min,45.0,,4.0,umol/100g/min,conscious,resting_conscious,TRUE,single_primary_reference,single,,reported_via_secondary_compilation,,petitjean1982,"(Petitjean et al., 1982)","(Petitjean et al., 1982)",petitjean1982,"(Petitjean et al., 1982)",primary,journal_article,resolved,"(Petitjean et al., 1982)",petitjean1982
622,Felis catus,Felis,Kaufman__2004,TableA8,62,62,Parietal_cortex,Parietal Cortex,,CMRgl,cerebral_metabolic_rate,43.9,umol/100g/min,43.9,,6.0,umol/100g/min,anesthetized,resting_anesthetized,FALSE,single_primary_reference,single,,reported_via_secondary_compilation,anesthetized,triolo1990,"(Triolo et al., 1990)","(Triolo et al., 1990)",triolo1990,"(Triolo et al., 1990)",primary,journal_article,resolved,"(Triolo et al., 1990)",triolo1990
623,Felis catus,cat,Karbowski__2007,TableS8,8,8,Sensorimotor_cortex,Sensorimotor cortex,Sensorimotor cortex,CMRgl,cerebral_metabolic_rate,0.64,umol/g/min,64.0,3.0,,umol/100g/min,unknown,resting_unknown,TRUE,single_primary_reference,single,,reported_via_secondary_compilation,,sokoloff1984,Sokoloff 1984,Sokoloff 1984,sokoloff1984,Sokoloff 1984,primary,journal_article,resolved,Sokoloff 1984,sokoloff1984
624,Felis catus,cat,Karbowski__2007,TableS18,12,12,Septum,Septum,Septum,CMRgl,cerebral_metabolic_rate,0.37,umol/g/min,37.0,5.0,,umol/100g/min,unknown,resting_unknown,TRUE,single_primary_reference,single,,reported_via_secondary_compilation,,chugani1991,Chugani et al 1991,Chugani et al 1991,chugani1991,Chugani et al 1991,primary,journal_article,resolved,Chugani et al 1991,chugani1991
625,Felis catus,cat,Karbowski__2007,TableS18,13,13,Septum,Septum,Septum,CMRgl,cerebral_metabolic_rate,0.39,umol/g/min,39.0,3.0,,umol/100g/min,unknown,resting_unknown,TRUE,single_primary_reference,single,,reported_via_secondary_compilation,,sokoloff1984,Sokoloff 1984,Sokoloff 1984,sokoloff1984,Sokoloff 1984,primary,journal_article,resolved,Sokoloff 1984,sokoloff1984
626,Felis catus,cat,Karbowski__2007,TableS20,9,9,Substantia_nigra,Substantia nigra,Substantia nigra,CMRgl,cerebral_metabolic_rate,0.34,umol/g/min,34.0,3.0,,umol/100g/min,unknown,resting_unknown,TRUE,single_primary_reference,single,,reported_via_secondary_compilation,,schwartzman1986,Schwartzman et al 1986,Schwartzman et al 1986,schwartzman1986,Schwartzman et al 1986,primary,journal_article,resolved,Schwartzman et al 1986,schwartzman1986
627,Felis catus,cat,Karbowski__2007,TableS20,10,10,Substantia_nigra,Substantia nigra,Substantia nigra,CMRgl,cerebral_metabolic_rate,0.46,umol/g/min,46.0,6.0,,umol/100g/min,unknown,resting_unknown,TRUE,single_primary_reference,single,,reported_via_secondary_compilation,,chugani1991,Chugani et al 1991,Chugani et al 1991,chugani1991,Chugani et al 1991,primary,journal_article,resolved,Chugani et al 1991,chugani1991
628,Felis catus,cat,Karbowski__2007,TableS20,11,11,Substantia_nigra,Substantia nigra,Substantia nigra,CMRgl,cerebral_metabolic_rate,0.4,umol/g/min,40.0,5.0,,umol/100g/min,unknown,resting_unknown,TRUE,single_primary_reference,single,,reported_via_secondary_compilation,,sokoloff1984,Sokoloff et al 1984,Sokoloff et al 1984,sokoloff1984,Sokoloff et al 1984,primary,journal_article,resolved,Sokoloff et al 1984,sokoloff1984
629,Felis catus,cat,Karbowski__2007,TableS7,10,10,Temporal_cortex,Temporal cortex,Temporal cortex,CMRgl,cerebral_metabolic_rate,0.97,umol/g/min,97.0,9.0,,umol/100g/min,unknown,resting_unknown,TRUE,single_primary_reference,single,,reported_via_secondary_compilation,,schwartzman1986,"Schwartzman et al 1986, auditory","Schwartzman et al 1986, auditory",schwartzman1986,"Schwartzman et al 1986, auditory",primary,journal_article,resolved,"Schwartzman et al 1986, auditory",schwartzman1986
630,Felis catus,cat,Karbowski__2007,TableS7,11,11,Temporal_cortex,Temporal cortex,Temporal cortex,CMRgl,cerebral_metabolic_rate,1.18,umol/g/min,118.0,4.0,,umol/100g/min,unknown,resting_unknown,TRUE,single_primary_reference,single,,reported_via_secondary_compilation,,sokoloff1984,"Sokoloff 1984, auditory","Sokoloff 1984, auditory",sokoloff1984,"Sokoloff 1984, auditory",primary,journal_article,resolved,"Sokoloff 1984, auditory",sokoloff1984
631,Felis catus,cat,Karbowski__2007,TableS7,12,12,Temporal_cortex,Temporal cortex,Temporal cortex,CMRgl,cerebral_metabolic_rate,1.05,umol/g/min,105.0,8.0,,umol/100g/min,unknown,resting_unknown,TRUE,single_primary_reference,single,,reported_via_secondary_compilation,,lydic1991,Lydic et al 1991,Lydic et al 1991,lydic1991,Lydic et al 1991,primary,journal_article,resolved,Lydic et al 1991,lydic1991
632,Felis catus,Felis,Kaufman__2004,TableA9,60,60,Temporal_cortex,Temporal Cortex,,CMRgl,cerebral_metabolic_rate,46,umol/100g/min,46.0,,4.0,umol/100g/min,conscious,resting_conscious,TRUE,single_primary_reference,single,,reported_via_secondary_compilation,,petitjean1982,"(Petitjean et al., 1982)","(Petitjean et al., 1982)",petitjean1982,"(Petitjean et al., 1982)",primary,journal_article,resolved,"(Petitjean et al., 1982)",petitjean1982
633,Felis catus,Felis,Kaufman__2004,TableA9,61,61,Temporal_cortex,Temporal Cortex,,CMRgl,cerebral_metabolic_rate,39.2,umol/100g/min,39.2,,6.0,umol/100g/min,anesthetized,resting_anesthetized,FALSE,single_primary_reference,single,,reported_via_secondary_compilation,anesthetized,triolo1990,"(Triolo et al., 1990)","(Triolo et al., 1990)",triolo1990,"(Triolo et al., 1990)",primary,journal_article,resolved,"(Triolo et al., 1990)",triolo1990
634,Felis catus,cat,Karbowski__2007,TableS13,11,11,Thalamus,Thalamus,Thalamus,CMRgl,cerebral_metabolic_rate,0.81,umol/g/min,81.0,11.0,,umol/100g/min,unknown,resting_unknown,TRUE,single_primary_reference,single,,reported_via_secondary_compilation,,schwartzman1986,Schwartzman et al 1986,Schwartzman et al 1986,schwartzman1986,Schwartzman et al 1986,primary,journal_article,resolved,Schwartzman et al 1986,schwartzman1986
635,Felis catus,cat,Karbowski__2007,TableS13,12,12,Thalamus,Thalamus,Thalamus,CMRgl,cerebral_metabolic_rate,0.85,umol/g/min,85.0,15.0,,umol/100g/min,unknown,resting_unknown,TRUE,single_primary_reference,single,,reported_via_secondary_compilation,,chugani1991,Chugani et al 1991,Chugani et al 1991,chugani1991,Chugani et al 1991,primary,journal_article,resolved,Chugani et al 1991,chugani1991
636,Felis catus,cat,Karbowski__2007,TableS13,13,13,Thalamus,Thalamus,Thalamus,CMRgl,cerebral_metabolic_rate,0.86,umol/g/min,86.0,8.0,,umol/100g/min,unknown,resting_unknown,TRUE,single_primary_reference,single,,reported_via_secondary_compilation,,sokoloff1984,Sokoloff 1984,Sokoloff 1984,sokoloff1984,Sokoloff 1984,primary,journal_article,resolved,Sokoloff 1984,sokoloff1984
637,Felis catus,Felis,Kaufman__2004,TableA3,63,63,Thalamus,Thalamus,,CMRgl,cerebral_metabolic_rate,85.4,umol/100g/min,85.4,,7.0,umol/100g/min,conscious,resting_conscious,TRUE,single_primary_reference,single,,reported_via_secondary_compilation,,hovda1996,"(Hovda et al., 1996)","(Hovda et al., 1996)",hovda1996,"(Hovda et al., 1996)",primary,journal_article,resolved,"(Hovda et al., 1996)",hovda1996
638,Felis catus,Felis,Kaufman__2004,TableA3,64,64,Thalamus,Thalamus,,CMRgl,cerebral_metabolic_rate,58,umol/100g/min,58.0,,4.0,umol/100g/min,conscious,resting_conscious,TRUE,single_primary_reference,single,,reported_via_secondary_compilation,,petitjean1982,"(Petitjean et al., 1982)","(Petitjean et al., 1982)",petitjean1982,"(Petitjean et al., 1982)",primary,journal_article,resolved,"(Petitjean et al., 1982)",petitjean1982
639,Felis catus,Felis,Kaufman__2004,TableA3,65,65,Thalamus,Thalamus,,CMRgl,cerebral_metabolic_rate,28.6,umol/100g/min,28.6,,6.0,umol/100g/min,anesthetized,resting_anesthetized,FALSE,single_primary_reference,single,,reported_via_secondary_compilation,anesthetized,triolo1990,"(Triolo et al., 1990)","(Triolo et al., 1990)",triolo1990,"(Triolo et al., 1990)",primary,journal_article,resolved,"(Triolo et al., 1990)",triolo1990
640,Felis catus,cat,Karbowski__2007,TableS3,8,8,Visual_cortex,Visual cortex,Visual cortex,CMRgl,cerebral_metabolic_rate,0.52,umol/g/min,52.0,3.0,,umol/100g/min,unknown,resting_unknown,TRUE,single_primary_reference,single,,reported_via_secondary_compilation,,herdman1989,Herdman et al 1989,Herdman et al 1989,herdman1989,Herdman et al 1989,primary,journal_article,resolved,Herdman et al 1989,herdman1989
641,Felis catus,cat,Karbowski__2007,TableS3,9,9,Visual_cortex,Visual cortex,Visual cortex,CMRgl,cerebral_metabolic_rate,0.95,umol/g/min,95.0,9.0,,umol/100g/min,unknown,resting_unknown,TRUE,single_primary_reference,single,,reported_via_secondary_compilation,,sokoloff1984,Sokoloff 1984,Sokoloff 1984,sokoloff1984,Sokoloff 1984,primary,journal_article,resolved,Sokoloff 1984,sokoloff1984
642,Felis catus,cat,Karbowski__2007,TableS3,10,10,Visual_cortex,Visual cortex,Visual cortex,CMRgl,cerebral_metabolic_rate,0.89,umol/g/min,89.0,3.0,,umol/100g/min,unknown,resting_unknown,TRUE,single_primary_reference,single,,reported_via_secondary_compilation,,schwartzman1986,Schwartzman et al 1986,Schwartzman et al 1986,schwartzman1986,Schwartzman et al 1986,primary,journal_article,resolved,Schwartzman et al 1986,schwartzman1986
643,Felis catus,cat,Karbowski__2007,TableS23,5,5,White_matter,White matter,Corpus callosum,CMRgl,cerebral_metabolic_rate,0.15,umol/g/min,15.0,2.0,,umol/100g/min,unknown,resting_unknown,TRUE,single_primary_reference,single,,reported_via_secondary_compilation,,sokoloff1984,Sokoloff 1984,Sokoloff 1984,sokoloff1984,Sokoloff 1984,primary,journal_article,resolved,Sokoloff 1984,sokoloff1984
644,Felis catus,cat,Karbowski__2007,TableS23,6,6,White_matter,White matter,Corpus callosum,CMRgl,cerebral_metabolic_rate,0.22,umol/g/min,22.0,2.0,,umol/100g/min,unknown,resting_unknown,TRUE,single_primary_reference,single,,reported_via_secondary_compilation,,chugani1991,Chugani et al 1991,Chugani et al 1991,chugani1991,Chugani et al 1991,primary,journal_article,resolved,Chugani et al 1991,chugani1991
645,Felis catus,cat,Karbowski__2007,TableS23,15,15,White_matter,White matter,Internal capsule,CMRgl,cerebral_metabolic_rate,0.17,umol/g/min,17.0,2.0,,umol/100g/min,unknown,resting_unknown,TRUE,single_primary_reference,single,,reported_via_secondary_compilation,,sokoloff1984,Sokoloff et al 1984,Sokoloff et al 1984,sokoloff1984,Sokoloff et al 1984,primary,journal_article,resolved,Sokoloff et al 1984,sokoloff1984
646,Felis catus,Felis,Kaufman__2004,TableA5,36,36,White_matter,White Matter,,CMRgl,cerebral_metabolic_rate,12,umol/100g/min,12.0,,4.0,umol/100g/min,conscious,resting_conscious,TRUE,single_primary_reference,single,,reported_via_secondary_compilation,,petitjean1982,"(Petitjean et al., 1982)","(Petitjean et al., 1982)",petitjean1982,"(Petitjean et al., 1982)",primary,journal_article,resolved,"(Petitjean et al., 1982)",petitjean1982
647,Felis catus,Felis,Kaufman__2004,TableA5,37,37,White_matter,White Matter,,CMRgl,cerebral_metabolic_rate,13.5,umol/100g/min,13.5,,6.0,umol/100g/min,anesthetized,resting_anesthetized,FALSE,single_primary_reference,single,,reported_via_secondary_compilation,anesthetized,triolo1990,"(Triolo et al., 1990)","(Triolo et al., 1990)",triolo1990,"(Triolo et al., 1990)",primary,journal_article,resolved,"(Triolo et al., 1990)",triolo1990
648,Felis catus,cat,Karbowski__2007,TableS2,9,9,Whole_brain,Brain,Brain,CMRgl,cerebral_metabolic_rate,0.69,umol/g/min,69.0,19.0,,umol/100g/min,unknown,resting_unknown,TRUE,multiple_primary_references,single,,reported_via_secondary_compilation,,chugani1991;sokoloff1984,Chugani et al 1991; Sokoloff 1984,Chugani et al 1991; Sokoloff 1984,chugani1991;sokoloff1984,Chugani et al 1991; Sokoloff 1984,primary,journal_article,resolved,Chugani et al 1991; Sokoloff 1984,chugani1991;sokoloff1984
649,Felis catus,Felis,Kaufman__2004,TableA14,131,131,Whole_brain,Whole Brain (direct measurement),,CMRgl,cerebral_metabolic_rate,21.9,umol/100g/min,21.9,,10.0,umol/100g/min,anesthetized,resting_anesthetized,FALSE,single_primary_reference,single,,reported_via_secondary_compilation,anesthetized,van1997,"(Van Zijl et al., 1997)","(Van Zijl et al., 1997)",van1997,"(Van Zijl et al., 1997)",primary,journal_article,resolved,"(Van Zijl et al., 1997)",van1997
650,Felis catus,Felis,Kaufman__2004,TableA14,132,132,Whole_brain,Whole Brain (direct measurement),,CMRgl,cerebral_metabolic_rate,35.2,umol/100g/min,35.2,,7.0,umol/100g/min,anesthetized,resting_anesthetized,FALSE,single_primary_reference,single,,reported_via_secondary_compilation,anesthetized,haller1990,"(Haller et al., 1990)","(Haller et al., 1990)",haller1990,"(Haller et al., 1990)",primary,journal_article,resolved,"(Haller et al., 1990)",haller1990
651,Felis catus,Felis,Kaufman__2004,TableA14,133,133,Whole_brain,Whole Brain (direct measurement),,CMRgl,cerebral_metabolic_rate,32,umol/100g/min,32.0,,7.0,umol/100g/min,anesthetized,resting_anesthetized,FALSE,single_primary_reference,single,,reported_via_secondary_compilation,anesthetized,unterberg1988,"(Unterberg et al., 1988)","(Unterberg et al., 1988)",unterberg1988,"(Unterberg et al., 1988)",primary,journal_article,resolved,"(Unterberg et al., 1988)",unterberg1988
652,Felis catus,Felis,Kaufman__2004,TableA14,134,134,Whole_brain,Whole Brain (direct measurement),,CMRgl,cerebral_metabolic_rate,29,umol/100g/min,29.0,,24.0,umol/100g/min,anesthetized,resting_anesthetized,FALSE,single_primary_reference,single,,reported_via_secondary_compilation,anesthetized,andersen1988,"(Andersen et al., 1988)","(Andersen et al., 1988)",andersen1988,"(Andersen et al., 1988)",primary,journal_article,resolved,"(Andersen et al., 1988)",andersen1988
653,Homo sapiens,Homo sapiens,Heiss_etal_2004,TABLE1,17,17,Amygdala,Corpus amygdaloideum,,CMRgl,cerebral_metabolic_rate,22.2,umol/100g/min,22.2,1.74,,umol/100g/min,conscious,resting_conscious,TRUE,single_primary_reference,single,,self_primary_reported_in_compilation,,heiss2004,Heiss et al 2004,Heiss et al 2004,heiss2004,Heiss et al 2004,primary,journal_article,resolved,Heiss et al 2004,heiss2004
654,Homo sapiens,human,Karbowski__2007,TableS17,16,16,Amygdala,Amygdala,Amygdala,CMRgl,cerebral_metabolic_rate,0.21,umol/g/min,21.0,3.0,,umol/100g/min,unknown,resting_unknown,TRUE,single_primary_reference,single,,reported_via_secondary_compilation,,blin1991,Blin et al 1991,Blin et al 1991,blin1991,Blin et al 1991,primary,journal_article,resolved,Blin et al 1991,blin1991
655,Homo sapiens,Homo,Kaufman__2004,TableA10,1,1,Auditory_cortex,Auditory Cortex,,CMRgl,cerebral_metabolic_rate,38.9,umol/100g/min,38.9,,8.0,umol/100g/min,conscious,resting_conscious,TRUE,single_primary_reference,single,,reported_via_secondary_compilation,,martinot1990,"(Martinot et al., 1990)","(Martinot et al., 1990)",martinot1990,"(Martinot et al., 1990)",primary,journal_article,resolved,"(Martinot et al., 1990)",martinot1990
656,Homo sapiens,Homo,Kaufman__2004,TableA10,2,2,Auditory_cortex,Auditory Cortex,,CMRgl,cerebral_metabolic_rate,37.2,umol/100g/min,37.2,,14.0,umol/100g/min,conscious,resting_conscious,TRUE,single_primary_reference,single,,reported_via_secondary_compilation,,phillips1991,"(Phillips et al., 1991)","(Phillips et al., 1991)",phillips1991,"(Phillips et al., 1991)",primary,journal_article,resolved,"(Phillips et al., 1991)",phillips1991
657,Homo sapiens,Homo,Kaufman__2004,TableA10,3,3,Auditory_cortex,Auditory Cortex,,CMRgl,cerebral_metabolic_rate,48.2,umol/100g/min,48.2,,13.0,umol/100g/min,conscious,resting_conscious,TRUE,single_primary_reference,single,,reported_via_secondary_compilation,,schapiro1990,"(Schapiro et al., 1990)","(Schapiro et al., 1990)",schapiro1990,"(Schapiro et al., 1990)",primary,journal_article,resolved,"(Schapiro et al., 1990)",schapiro1990
658,Homo sapiens,Homo,Kaufman__2004,TableA10,4,4,Auditory_cortex,Auditory Cortex,,CMRgl,cerebral_metabolic_rate,36.6,umol/100g/min,36.6,,10.0,umol/100g/min,conscious,resting_conscious,TRUE,single_primary_reference,single,,reported_via_secondary_compilation,,tommasino1995,"(Tommasino et al., 1995)","(Tommasino et al., 1995)",tommasino1995,"(Tommasino et al., 1995)",primary,journal_article,resolved,"(Tommasino et al., 1995)",tommasino1995
659,Homo sapiens,Homo sapiens,Heiss_etal_2004,TABLE1,16,16,Basal_forebrain,Basal forebrain,,CMRgl,cerebral_metabolic_rate,21.4,umol/100g/min,21.4,3.19,,umol/100g/min,conscious,resting_conscious,TRUE,single_primary_reference,single,,self_primary_reported_in_compilation,,heiss2004,Heiss et al 2004,Heiss et al 2004,heiss2004,Heiss et al 2004,primary,journal_article,resolved,Heiss et al 2004,heiss2004
660,Homo sapiens,Homo,Kaufman__2004,TableA1,1,1,Basal_ganglia,Basal Ganglia,,CMRgl,cerebral_metabolic_rate,29.4,umol/100g/min,29.4,,7.0,umol/100g/min,conscious,resting_conscious,TRUE,single_primary_reference,single,,reported_via_secondary_compilation,,baxter1987,"(Baxter et al., 1987)","(Baxter et al., 1987)",baxter1987,"(Baxter et al., 1987)",primary,journal_article,resolved,"(Baxter et al., 1987)",baxter1987
661,Homo sapiens,Homo,Kaufman__2004,TableA1,2,2,Basal_ganglia,Basal Ganglia,,CMRgl,cerebral_metabolic_rate,35.9,umol/100g/min,35.9,,7.0,umol/100g/min,conscious,resting_conscious,TRUE,single_primary_reference,single,,reported_via_secondary_compilation,,baxter1987,"(Baxter et al., 1987)","(Baxter et al., 1987)",baxter1987,"(Baxter et al., 1987)",primary,journal_article,resolved,"(Baxter et al., 1987)",baxter1987
662,Homo sapiens,Homo,Kaufman__2004,TableA1,3,3,Basal_ganglia,Basal Ganglia,,CMRgl,cerebral_metabolic_rate,33.5,umol/100g/min,33.5,,10.0,umol/100g/min,conscious,resting_conscious,TRUE,single_primary_reference,single,,reported_via_secondary_compilation,,baxter1988,"(Baxter et al., 1988)","(Baxter et al., 1988)",baxter1988,"(Baxter et al., 1988)",primary,journal_article,resolved,"(Baxter et al., 1988)",baxter1988
663,Homo sapiens,Homo,Kaufman__2004,TableA1,4,4,Basal_ganglia,Basal Ganglia,,CMRgl,cerebral_metabolic_rate,39.8,umol/100g/min,39.8,,12.0,umol/100g/min,conscious,resting_conscious,TRUE,single_primary_reference,single,,reported_via_secondary_compilation,,bromberg1990,"(Bromberg et al., 1990)","(Bromberg et al., 1990)",bromberg1990,"(Bromberg et al., 1990)",primary,journal_article,resolved,"(Bromberg et al., 1990)",bromberg1990
664,Homo sapiens,Homo,Kaufman__2004,TableA1,5,5,Basal_ganglia,Basal Ganglia,,CMRgl,cerebral_metabolic_rate,46.9,umol/100g/min,46.9,,27.0,umol/100g/min,conscious,resting_conscious,TRUE,single_primary_reference,single,,reported_via_secondary_compilation,,brooks1987,"(Brooks et al., 1987)","(Brooks et al., 1987)",brooks1987,"(Brooks et al., 1987)",primary,journal_article,resolved,"(Brooks et al., 1987)",brooks1987
665,Homo sapiens,Homo,Kaufman__2004,TableA1,6,6,Basal_ganglia,Basal Ganglia,,CMRgl,cerebral_metabolic_rate,24.8,umol/100g/min,24.8,,10.0,umol/100g/min,conscious,resting_conscious,TRUE,single_primary_reference,single,,reported_via_secondary_compilation,,buchsbaum1989,"(Buchsbaum et al., 1989)","(Buchsbaum et al., 1989)",buchsbaum1989,"(Buchsbaum et al., 1989)",primary,journal_article,resolved,"(Buchsbaum et al., 1989)",buchsbaum1989
666,Homo sapiens,Homo,Kaufman__2004,TableA1,7,7,Basal_ganglia,Basal Ganglia,,CMRgl,cerebral_metabolic_rate,32.9,umol/100g/min,32.9,,7.0,umol/100g/min,conscious,resting_conscious,TRUE,single_primary_reference,single,,reported_via_secondary_compilation,,chugani1987,"(Chugani et al., 1987)","(Chugani et al., 1987)",chugani1987,"(Chugani et al., 1987)",primary,journal_article,resolved,"(Chugani et al., 1987)",chugani1987
667,Homo sapiens,Homo,Kaufman__2004,TableA1,8,8,Basal_ganglia,Basal Ganglia,,CMRgl,cerebral_metabolic_rate,42.5,umol/100g/min,42.5,,32.0,umol/100g/min,conscious,resting_conscious,TRUE,single_primary_reference,single,,reported_via_secondary_compilation,,clark2001,"(Clark et al., 2001)","(Clark et al., 2001)",clark2001,"(Clark et al., 2001)",primary,journal_article,resolved,"(Clark et al., 2001)",clark2001
668,Homo sapiens,Homo,Kaufman__2004,TableA1,9,9,Basal_ganglia,Basal Ganglia,,CMRgl,cerebral_metabolic_rate,30.6,umol/100g/min,30.6,,10.0,umol/100g/min,conscious,resting_conscious,TRUE,single_primary_reference,single,,reported_via_secondary_compilation,,delvenne1997,"(Delvenne et al., 1997)","(Delvenne et al., 1997)",delvenne1997,"(Delvenne et al., 1997)",primary,journal_article,resolved,"(Delvenne et al., 1997)",delvenne1997
669,Homo sapiens,Homo,Kaufman__2004,TableA1,10,10,Basal_ganglia,Basal Ganglia,,CMRgl,cerebral_metabolic_rate,30.6,umol/100g/min,30.6,,10.0,umol/100g/min,conscious,resting_conscious,TRUE,single_primary_reference,single,,reported_via_secondary_compilation,,delvenne1999,"(Delvenne et al., 1999)","(Delvenne et al., 1999)",delvenne1999,"(Delvenne et al., 1999)",primary,journal_article,resolved,"(Delvenne et al., 1999)",delvenne1999
670,Homo sapiens,Homo,Kaufman__2004,TableA1,11,11,Basal_ganglia,Basal Ganglia,,CMRgl,cerebral_metabolic_rate,29.4,umol/100g/min,29.4,,18.0,umol/100g/min,conscious,resting_conscious,TRUE,single_primary_reference,single,,reported_via_secondary_compilation,,duara1983,"(Duara et al., 1983)","(Duara et al., 1983)",duara1983,"(Duara et al., 1983)",primary,journal_article,resolved,"(Duara et al., 1983)",duara1983
671,Homo sapiens,Homo,Kaufman__2004,TableA1,12,12,Basal_ganglia,Basal Ganglia,,CMRgl,cerebral_metabolic_rate,39.4,umol/100g/min,39.4,,8.0,umol/100g/min,conscious,resting_conscious,TRUE,single_primary_reference,single,,reported_via_secondary_compilation,,foster1984,"(Foster et al., 1984)","(Foster et al., 1984)",foster1984,"(Foster et al., 1984)",primary,journal_article,resolved,"(Foster et al., 1984)",foster1984
672,Homo sapiens,Homo,Kaufman__2004,TableA1,13,13,Basal_ganglia,Basal Ganglia,,CMRgl,cerebral_metabolic_rate,34.5,umol/100g/min,34.5,,13.0,umol/100g/min,conscious,resting_conscious,TRUE,single_primary_reference,single,,reported_via_secondary_compilation,,gilman1990,"(Gilman et al., 1990)","(Gilman et al., 1990)",gilman1990,"(Gilman et al., 1990)",primary,journal_article,resolved,"(Gilman et al., 1990)",gilman1990
673,Homo sapiens,Homo,Kaufman__2004,TableA1,14,14,Basal_ganglia,Basal Ganglia,,CMRgl,cerebral_metabolic_rate,38.3,umol/100g/min,38.3,,10.0,umol/100g/min,conscious,resting_conscious,TRUE,single_primary_reference,single,,reported_via_secondary_compilation,,gilman1990,"(Gilman et al., 1990)","(Gilman et al., 1990)",gilman1990,"(Gilman et al., 1990)",primary,journal_article,resolved,"(Gilman et al., 1990)",gilman1990
674,Homo sapiens,Homo,Kaufman__2004,TableA1,15,15,Basal_ganglia,Basal Ganglia,,CMRgl,cerebral_metabolic_rate,41.1,umol/100g/min,41.1,,6.0,umol/100g/min,conscious,resting_conscious,TRUE,single_primary_reference,single,,reported_via_secondary_compilation,,heiss1985,"(Heiss et al., 1985)","(Heiss et al., 1985)",heiss1985,"(Heiss et al., 1985)",primary,journal_article,resolved,"(Heiss et al., 1985)",heiss1985
675,Homo sapiens,Homo,Kaufman__2004,TableA1,16,16,Basal_ganglia,Basal Ganglia,,CMRgl,cerebral_metabolic_rate,41.3,umol/100g/min,41.3,,9.0,umol/100g/min,conscious,resting_conscious,TRUE,single_primary_reference,single,,reported_via_secondary_compilation,,hu2000,"(Hu et al., 2000)","(Hu et al., 2000)",hu2000,"(Hu et al., 2000)",primary,journal_article,resolved,"(Hu et al., 2000)",hu2000
676,Homo sapiens,Homo,Kaufman__2004,TableA1,17,17,Basal_ganglia,Basal Ganglia,,CMRgl,cerebral_metabolic_rate,36.3,umol/100g/min,36.3,,25.0,umol/100g/min,conscious,resting_conscious,TRUE,single_primary_reference,single,,reported_via_secondary_compilation,,kuhl1982,"(Kuhl et al., 1982)","(Kuhl et al., 1982)",kuhl1982,"(Kuhl et al., 1982)",primary,journal_article,resolved,"(Kuhl et al., 1982)",kuhl1982
677,Homo sapiens,Homo,Kaufman__2004,TableA1,18,18,Basal_ganglia,Basal Ganglia,,CMRgl,cerebral_metabolic_rate,48.2,umol/100g/min,48.2,,12.0,umol/100g/min,conscious,resting_conscious,TRUE,single_primary_reference,single,,reported_via_secondary_compilation,,ludolph1992,"(Ludolph et al., 1992)","(Ludolph et al., 1992)",ludolph1992,"(Ludolph et al., 1992)",primary,journal_article,resolved,"(Ludolph et al., 1992)",ludolph1992
678,Homo sapiens,Homo,Kaufman__2004,TableA1,19,19,Basal_ganglia,Basal Ganglia,,CMRgl,cerebral_metabolic_rate,38.5,umol/100g/min,38.5,,7.0,umol/100g/min,conscious,resting_conscious,TRUE,single_primary_reference,single,,reported_via_secondary_compilation,,mazziotta1981,"(Mazziotta et al., 1981)","(Mazziotta et al., 1981)",mazziotta1981,"(Mazziotta et al., 1981)",primary,journal_article,resolved,"(Mazziotta et al., 1981)",mazziotta1981
679,Homo sapiens,Homo,Kaufman__2004,TableA1,20,20,Basal_ganglia,Basal Ganglia,,CMRgl,cerebral_metabolic_rate,41.1,umol/100g/min,41.1,,15.0,umol/100g/min,conscious,resting_conscious,TRUE,single_primary_reference,single,,reported_via_secondary_compilation,,peranietal1995,"(Peranietal., 1995)","(Peranietal., 1995)",peranietal1995,"(Peranietal., 1995)",primary,journal_article,resolved,"(Peranietal., 1995)",peranietal1995
680,Homo sapiens,Homo,Kaufman__2004,TableA1,21,21,Basal_ganglia,Basal Ganglia,,CMRgl,cerebral_metabolic_rate,36.2,umol/100g/min,36.2,,14.0,umol/100g/min,conscious,resting_conscious,TRUE,single_primary_reference,single,,reported_via_secondary_compilation,,phillips1991,"(Phillips et al., 1991)","(Phillips et al., 1991)",phillips1991,"(Phillips et al., 1991)",primary,journal_article,resolved,"(Phillips et al., 1991)",phillips1991
681,Homo sapiens,Homo,Kaufman__2004,TableA1,22,22,Basal_ganglia,Basal Ganglia,,CMRgl,cerebral_metabolic_rate,31,umol/100g/min,31.0,,4.0,umol/100g/min,conscious,resting_conscious,TRUE,single_primary_reference,single,,reported_via_secondary_compilation,,redies1989,"(Redies et al., 1989)","(Redies et al., 1989)",redies1989,"(Redies et al., 1989)",primary,journal_article,resolved,"(Redies et al., 1989)",redies1989
682,Homo sapiens,Homo,Kaufman__2004,TableA1,23,23,Basal_ganglia,Basal Ganglia,,CMRgl,cerebral_metabolic_rate,39.4,umol/100g/min,39.4,,16.0,umol/100g/min,conscious,resting_conscious,TRUE,single_primary_reference,single,,reported_via_secondary_compilation,,rudolf2000,"(Rudolf et al., 2000)","(Rudolf et al., 2000)",rudolf2000,"(Rudolf et al., 2000)",primary,journal_article,resolved,"(Rudolf et al., 2000)",rudolf2000
683,Homo sapiens,Homo,Kaufman__2004,TableA1,24,24,Basal_ganglia,Basal Ganglia,,CMRgl,cerebral_metabolic_rate,55.4,umol/100g/min,55.4,,13.0,umol/100g/min,conscious,resting_conscious,TRUE,single_primary_reference,single,,reported_via_secondary_compilation,,schapiro1990,"(Schapiro et al., 1990)","(Schapiro et al., 1990)",schapiro1990,"(Schapiro et al., 1990)",primary,journal_article,resolved,"(Schapiro et al., 1990)",schapiro1990
684,Homo sapiens,Homo,Kaufman__2004,TableA1,25,25,Basal_ganglia,Basal Ganglia,,CMRgl,cerebral_metabolic_rate,35.9,umol/100g/min,35.9,,11.0,umol/100g/min,conscious,resting_conscious,TRUE,single_primary_reference,single,,reported_via_secondary_compilation,,tedeschi1995,"(Tedeschi et al., 1995)","(Tedeschi et al., 1995)",tedeschi1995,"(Tedeschi et al., 1995)",primary,journal_article,resolved,"(Tedeschi et al., 1995)",tedeschi1995
685,Homo sapiens,Homo,Kaufman__2004,TableA1,26,26,Basal_ganglia,Basal Ganglia,,CMRgl,cerebral_metabolic_rate,38.1,umol/100g/min,38.1,,10.0,umol/100g/min,conscious,resting_conscious,TRUE,single_primary_reference,single,,reported_via_secondary_compilation,,tommasino1995,"(Tommasino et al., 1995)","(Tommasino et al., 1995)",tommasino1995,"(Tommasino et al., 1995)",primary,journal_article,resolved,"(Tommasino et al., 1995)",tommasino1995
686,Homo sapiens,Homo,Kaufman__2004,TableA1,27,27,Basal_ganglia,Basal Ganglia,,CMRgl,cerebral_metabolic_rate,42.2,umol/100g/min,42.2,,11.0,umol/100g/min,conscious,resting_conscious,TRUE,single_primary_reference,single,,reported_via_secondary_compilation,,volkow1992,"(Volkow et al., 1992)","(Volkow et al., 1992)",volkow1992,"(Volkow et al., 1992)",primary,journal_article,resolved,"(Volkow et al., 1992)",volkow1992
687,Homo sapiens,Homo,Kaufman__2004,TableA1,28,28,Basal_ganglia,Basal Ganglia,,CMRgl,cerebral_metabolic_rate,27.1,umol/100g/min,27.1,,15.0,umol/100g/min,conscious,resting_conscious,TRUE,single_primary_reference,single,,reported_via_secondary_compilation,,wu1992,"(Wu et al., 1992)","(Wu et al., 1992)",wu1992,"(Wu et al., 1992)",primary,journal_article,resolved,"(Wu et al., 1992)",wu1992
688,Homo sapiens,Homo,Kaufman__2004,TableA1,29,29,Basal_ganglia,Basal Ganglia,,CMRgl,cerebral_metabolic_rate,42.6,umol/100g/min,42.6,,5.0,umol/100g/min,conscious,resting_conscious,TRUE,single_primary_reference,single,,reported_via_secondary_compilation,,kaufman2004_present,Present Study,Present Study,kaufman2004_present,Present Study,primary,journal_article,resolved,Present Study,kaufman2004_present
689,Homo sapiens,Homo,Kaufman__2004,TableA1,30,30,Basal_ganglia,Basal Ganglia,,CMRgl,cerebral_metabolic_rate,41.1,umol/100g/min,41.1,,3.0,umol/100g/min,conscious,resting_conscious,TRUE,single_primary_reference,single,,reported_via_secondary_compilation,,de1997,"(De Voider et al., 1997)","(De Voider et al., 1997)",de1997,"(De Voider et al., 1997)",primary,journal_article,resolved,"(De Voider et al., 1997)",de1997
690,Homo sapiens,Homo,Kaufman__2004,TableA1,31,31,Basal_ganglia,Basal Ganglia,,CMRgl,cerebral_metabolic_rate,27.3,umol/100g/min,27.3,,7.0,umol/100g/min,conscious,resting_conscious,TRUE,single_primary_reference,single,,reported_via_secondary_compilation,,hatazawa1988,"(Hatazawa et al., 1988)","(Hatazawa et al., 1988)",hatazawa1988,"(Hatazawa et al., 1988)",primary,journal_article,resolved,"(Hatazawa et al., 1988)",hatazawa1988
691,Homo sapiens,Homo,Kaufman__2004,TableA1,32,32,Basal_ganglia,Basal Ganglia,,CMRgl,cerebral_metabolic_rate,24.3,umol/100g/min,24.3,,8.0,umol/100g/min,conscious,resting_conscious,TRUE,single_primary_reference,single,,reported_via_secondary_compilation,,herold1988,"(Herold et al., 1988)","(Herold et al., 1988)",herold1988,"(Herold et al., 1988)",primary,journal_article,resolved,"(Herold et al., 1988)",herold1988
692,Homo sapiens,Homo sapiens,Heiss_etal_2004,TABLE1,26,26,Capsula_interna,Capsula interna,,CMRgl,cerebral_metabolic_rate,25.5,umol/100g/min,25.5,5.61,,umol/100g/min,conscious,resting_conscious,TRUE,single_primary_reference,single,,self_primary_reported_in_compilation,,heiss2004,Heiss et al 2004,Heiss et al 2004,heiss2004,Heiss et al 2004,primary,journal_article,resolved,Heiss et al 2004,heiss2004
693,Homo sapiens,Homo sapiens,Heiss_etal_2004,TABLE1,8,8,Caudate_nucleus,Caudatum,,CMRgl,cerebral_metabolic_rate,32.6,umol/100g/min,32.6,3.04,,umol/100g/min,conscious,resting_conscious,TRUE,single_primary_reference,single,,self_primary_reported_in_compilation,,heiss2004,Heiss et al 2004,Heiss et al 2004,heiss2004,Heiss et al 2004,primary,journal_article,resolved,Heiss et al 2004,heiss2004
694,Homo sapiens,human,Karbowski__2007,TableS19,18,18,Caudate_nucleus,Caudate,Caudate,CMRgl,cerebral_metabolic_rate,0.32,umol/g/min,32.0,6.0,,umol/100g/min,unknown,resting_unknown,TRUE,single_primary_reference,single,,reported_via_secondary_compilation,,blin1991,Blin et al 1991,Blin et al 1991,blin1991,Blin et al 1991,primary,journal_article,resolved,Blin et al 1991,blin1991
695,Homo sapiens,human,Karbowski__2007,TableS19,19,19,Caudate_nucleus,Caudate,Caudate,CMRgl,cerebral_metabolic_rate,0.39,umol/g/min,39.0,4.0,,umol/100g/min,unknown,resting_unknown,TRUE,single_primary_reference,single,,reported_via_secondary_compilation,,heiss1985,Heiss et al 1985,Heiss et al 1985,heiss1985,Heiss et al 1985,primary,journal_article,resolved,Heiss et al 1985,heiss1985
696,Homo sapiens,human,Karbowski__2007,TableS19,20,20,Caudate_nucleus,Caudate,Caudate,CMRgl,cerebral_metabolic_rate,0.35,umol/g/min,35.0,6.0,,umol/100g/min,unknown,resting_unknown,TRUE,single_primary_reference,single,,reported_via_secondary_compilation,,maquet1992,Maquet et al 1992,Maquet et al 1992,maquet1992,Maquet et al 1992,primary,journal_article,resolved,Maquet et al 1992,maquet1992
697,Homo sapiens,Homo sapiens,Heiss_etal_2004,TABLE1,25,25,Centrum_semiovale,Centrum semiovale,,CMRgl,cerebral_metabolic_rate,12.3,umol/100g/min,12.3,1.45,,umol/100g/min,conscious,resting_conscious,TRUE,single_primary_reference,single,,self_primary_reported_in_compilation,,heiss2004,Heiss et al 2004,Heiss et al 2004,heiss2004,Heiss et al 2004,primary,journal_article,resolved,Heiss et al 2004,heiss2004
698,Homo sapiens,Homo sapiens,Heiss_etal_2004,TABLE1,22,22,Cerebellar_cortex,Cerebellar cortex,,CMRgl,cerebral_metabolic_rate,29.8,umol/100g/min,29.8,2.2,,umol/100g/min,conscious,resting_conscious,TRUE,single_primary_reference,single,,self_primary_reported_in_compilation,,heiss2004,Heiss et al 2004,Heiss et al 2004,heiss2004,Heiss et al 2004,primary,journal_article,resolved,Heiss et al 2004,heiss2004
699,Homo sapiens,human,Karbowski__2007,TableS14,14,14,Cerebellum,Cerebellum,Cerebellum,CMRgl,cerebral_metabolic_rate,0.33,umol/g/min,33.0,5.0,,umol/100g/min,unknown,resting_unknown,FALSE,single_primary_reference,single,,reported_via_secondary_compilation,duplicate_secondary_compilation,de1997,De Volder et al 1997,De Volder et al 1997,de1997,De Volder et al 1997,primary,journal_article,resolved,De Volder et al 1997,de1997
700,Homo sapiens,human,Karbowski__2007,TableS14,15,15,Cerebellum,Cerebellum,Cerebellum,CMRgl,cerebral_metabolic_rate,0.28,umol/g/min,28.000000000000004,2.0,,umol/100g/min,unknown,resting_unknown,TRUE,single_primary_reference,single,,reported_via_secondary_compilation,,blomqvist1998,Blomqvist et al 1998,Blomqvist et al 1998,blomqvist1998,Blomqvist et al 1998,primary,journal_article,resolved,Blomqvist et al 1998,blomqvist1998
701,Homo sapiens,human,Karbowski__2007,TableS14,16,16,Cerebellum,Cerebellum,Cerebellum,CMRgl,cerebral_metabolic_rate,0.32,umol/g/min,32.0,6.0,,umol/100g/min,unknown,resting_unknown,FALSE,single_primary_reference,single,,reported_via_secondary_compilation,duplicate_secondary_compilation,heiss1985,Heiss et al 1985,Heiss et al 1985,heiss1985,Heiss et al 1985,primary,journal_article,resolved,Heiss et al 1985,heiss1985
702,Homo sapiens,human,Karbowski__2007,TableS14,17,17,Cerebellum,Cerebellum,Cerebellum,CMRgl,cerebral_metabolic_rate,0.29,umol/g/min,28.999999999999996,3.0,,umol/100g/min,unknown,resting_unknown,TRUE,single_primary_reference,single,,reported_via_secondary_compilation,,blin1991,Blin et al 1991,Blin et al 1991,blin1991,Blin et al 1991,primary,journal_article,resolved,Blin et al 1991,blin1991
703,Homo sapiens,human,Karbowski__2007,TableS14,18,18,Cerebellum,Cerebellum,Cerebellum,CMRgl,cerebral_metabolic_rate,0.24,umol/g/min,24.0,7.000000000000001,,umol/100g/min,unknown,resting_unknown,TRUE,single_primary_reference,single,,reported_via_secondary_compilation,,maquet1992,Maquet et al 1992,Maquet et al 1992,maquet1992,Maquet et al 1992,primary,journal_article,resolved,Maquet et al 1992,maquet1992
704,Homo sapiens,Homo,Kaufman__2004,TableA4,1,1,Cerebellum,Cerebellum,,CMRgl,cerebral_metabolic_rate,34.5,umol/100g/min,34.5,,9.0,umol/100g/min,conscious,resting_conscious,TRUE,single_primary_reference,single,,reported_via_secondary_compilation,,bartlett1994,"(Bartlett et al., 1994)","(Bartlett et al., 1994)",bartlett1994,"(Bartlett et al., 1994)",primary,journal_article,resolved,"(Bartlett et al., 1994)",bartlett1994
705,Homo sapiens,Homo,Kaufman__2004,TableA4,2,2,Cerebellum,Cerebellum,,CMRgl,cerebral_metabolic_rate,32.4,umol/100g/min,32.4,,12.0,umol/100g/min,conscious,resting_conscious,TRUE,single_primary_reference,single,,reported_via_secondary_compilation,,bromberg1990,"(Bromberg et al., 1990)","(Bromberg et al., 1990)",bromberg1990,"(Bromberg et al., 1990)",primary,journal_article,resolved,"(Bromberg et al., 1990)",bromberg1990
706,Homo sapiens,Homo,Kaufman__2004,TableA4,3,3,Cerebellum,Cerebellum,,CMRgl,cerebral_metabolic_rate,30.6,umol/100g/min,30.6,,27.0,umol/100g/min,conscious,resting_conscious,TRUE,single_primary_reference,single,,reported_via_secondary_compilation,,brooks1987,"(Brooks et al., 1987)","(Brooks et al., 1987)",brooks1987,"(Brooks et al., 1987)",primary,journal_article,resolved,"(Brooks et al., 1987)",brooks1987
707,Homo sapiens,Homo,Kaufman__2004,TableA4,4,4,Cerebellum,Cerebellum,,CMRgl,cerebral_metabolic_rate,44.6,umol/100g/min,44.6,,32.0,umol/100g/min,conscious,resting_conscious,TRUE,single_primary_reference,single,,reported_via_secondary_compilation,,clark2001,"(Clark et al., 2001)","(Clark et al., 2001)",clark2001,"(Clark et al., 2001)",primary,journal_article,resolved,"(Clark et al., 2001)",clark2001
708,Homo sapiens,Homo,Kaufman__2004,TableA4,5,5,Cerebellum,Cerebellum,,CMRgl,cerebral_metabolic_rate,25.1,umol/100g/min,25.1,,18.0,umol/100g/min,conscious,resting_conscious,TRUE,single_primary_reference,single,,reported_via_secondary_compilation,,duara1983,"(Duara et al., 1983)","(Duara et al., 1983)",duara1983,"(Duara et al., 1983)",primary,journal_article,resolved,"(Duara et al., 1983)",duara1983
709,Homo sapiens,Homo,Kaufman__2004,TableA4,6,6,Cerebellum,Cerebellum,,CMRgl,cerebral_metabolic_rate,28.8,umol/100g/min,28.8,,13.0,umol/100g/min,conscious,resting_conscious,TRUE,single_primary_reference,single,,reported_via_secondary_compilation,,gilman1990,"(Gilman et al., 1990)","(Gilman et al., 1990)",gilman1990,"(Gilman et al., 1990)",primary,journal_article,resolved,"(Gilman et al., 1990)",gilman1990
710,Homo sapiens,Homo,Kaufman__2004,TableA4,7,7,Cerebellum,Cerebellum,,CMRgl,cerebral_metabolic_rate,33.1,umol/100g/min,33.1,,10.0,umol/100g/min,conscious,resting_conscious,TRUE,single_primary_reference,single,,reported_via_secondary_compilation,,gilman1990,"(Gilman et al., 1990)","(Gilman et al., 1990)",gilman1990,"(Gilman et al., 1990)",primary,journal_article,resolved,"(Gilman et al., 1990)",gilman1990
711,Homo sapiens,Homo,Kaufman__2004,TableA4,8,8,Cerebellum,Cerebellum,,CMRgl,cerebral_metabolic_rate,32.9,umol/100g/min,32.9,,6.0,umol/100g/min,conscious,resting_conscious,TRUE,single_primary_reference,single,,reported_via_secondary_compilation,,heiss1985,"(Heiss et al., 1985)","(Heiss et al., 1985)",heiss1985,"(Heiss et al., 1985)",primary,journal_article,resolved,"(Heiss et al., 1985)",heiss1985
712,Homo sapiens,Homo,Kaufman__2004,TableA4,9,9,Cerebellum,Cerebellum,,CMRgl,cerebral_metabolic_rate,38.4,umol/100g/min,38.4,,15.0,umol/100g/min,conscious,resting_conscious,TRUE,single_primary_reference,single,,reported_via_secondary_compilation,,hirono2000,"(Hirono et al., 2000)","(Hirono et al., 2000)",hirono2000,"(Hirono et al., 2000)",primary,journal_article,resolved,"(Hirono et al., 2000)",hirono2000
713,Homo sapiens,Homo,Kaufman__2004,TableA4,10,10,Cerebellum,Cerebellum,,CMRgl,cerebral_metabolic_rate,29.4,umol/100g/min,29.4,,9.0,umol/100g/min,conscious,resting_conscious,TRUE,single_primary_reference,single,,reported_via_secondary_compilation,,hu2000,"(Hu et al., 2000)","(Hu et al., 2000)",hu2000,"(Hu et al., 2000)",primary,journal_article,resolved,"(Hu et al., 2000)",hu2000
714,Homo sapiens,Homo,Kaufman__2004,TableA4,11,11,Cerebellum,Cerebellum,,CMRgl,cerebral_metabolic_rate,37.1,umol/100g/min,37.1,,12.0,umol/100g/min,conscious,resting_conscious,TRUE,single_primary_reference,single,,reported_via_secondary_compilation,,ludolph1992,"(Ludolph et al., 1992)","(Ludolph et al., 1992)",ludolph1992,"(Ludolph et al., 1992)",primary,journal_article,resolved,"(Ludolph et al., 1992)",ludolph1992
715,Homo sapiens,Homo,Kaufman__2004,TableA4,12,12,Cerebellum,Cerebellum,,CMRgl,cerebral_metabolic_rate,33.9,umol/100g/min,33.9,,15.0,umol/100g/min,conscious,resting_conscious,TRUE,single_primary_reference,single,,reported_via_secondary_compilation,,perani1995,"(Perani et al., 1995)","(Perani et al., 1995)",perani1995,"(Perani et al., 1995)",primary,journal_article,resolved,"(Perani et al., 1995)",perani1995
716,Homo sapiens,Homo,Kaufman__2004,TableA4,13,13,Cerebellum,Cerebellum,,CMRgl,cerebral_metabolic_rate,29.3,umol/100g/min,29.3,,14.0,umol/100g/min,conscious,resting_conscious,TRUE,single_primary_reference,single,,reported_via_secondary_compilation,,phillips1991,"(Phillips et al., 1991)","(Phillips et al., 1991)",phillips1991,"(Phillips et al., 1991)",primary,journal_article,resolved,"(Phillips et al., 1991)",phillips1991
717,Homo sapiens,Homo,Kaufman__2004,TableA4,14,14,Cerebellum,Cerebellum,,CMRgl,cerebral_metabolic_rate,33.1,umol/100g/min,33.1,,16.0,umol/100g/min,conscious,resting_conscious,TRUE,single_primary_reference,single,,reported_via_secondary_compilation,,rudolf2000,"(Rudolf et al., 2000)","(Rudolf et al., 2000)",rudolf2000,"(Rudolf et al., 2000)",primary,journal_article,resolved,"(Rudolf et al., 2000)",rudolf2000
718,Homo sapiens,Homo,Kaufman__2004,TableA4,15,15,Cerebellum,Cerebellum,,CMRgl,cerebral_metabolic_rate,28,umol/100g/min,28.0,,9.0,umol/100g/min,conscious,resting_conscious,TRUE,single_primary_reference,single,,reported_via_secondary_compilation,,rudolf2002,"(Rudolf et al., 2002)","(Rudolf et al., 2002)",rudolf2002,"(Rudolf et al., 2002)",primary,journal_article,resolved,"(Rudolf et al., 2002)",rudolf2002
719,Homo sapiens,Homo,Kaufman__2004,TableA4,16,16,Cerebellum,Cerebellum,,CMRgl,cerebral_metabolic_rate,43.3,umol/100g/min,43.3,,25.0,umol/100g/min,conscious,resting_conscious,TRUE,single_primary_reference,single,,reported_via_secondary_compilation,,sachs1986,"(Sachs et al., 1986)","(Sachs et al., 1986)",sachs1986,"(Sachs et al., 1986)",primary,journal_article,resolved,"(Sachs et al., 1986)",sachs1986
720,Homo sapiens,Homo,Kaufman__2004,TableA4,17,17,Cerebellum,Cerebellum,,CMRgl,cerebral_metabolic_rate,40.4,umol/100g/min,40.4,,13.0,umol/100g/min,conscious,resting_conscious,TRUE,single_primary_reference,single,,reported_via_secondary_compilation,,schapiro1990,"(Schapiro et al., 1990)","(Schapiro et al., 1990)",schapiro1990,"(Schapiro et al., 1990)",primary,journal_article,resolved,"(Schapiro et al., 1990)",schapiro1990
721,Homo sapiens,Homo,Kaufman__2004,TableA4,18,18,Cerebellum,Cerebellum,,CMRgl,cerebral_metabolic_rate,32.5,umol/100g/min,32.5,,10.0,umol/100g/min,conscious,resting_conscious,TRUE,single_primary_reference,single,,reported_via_secondary_compilation,,tommasino1995,"(Tommasino et al., 1995)","(Tommasino et al., 1995)",tommasino1995,"(Tommasino et al., 1995)",primary,journal_article,resolved,"(Tommasino et al., 1995)",tommasino1995
722,Homo sapiens,Homo,Kaufman__2004,TableA4,19,19,Cerebellum,Cerebellum,,CMRgl,cerebral_metabolic_rate,31.8,umol/100g/min,31.8,,11.0,umol/100g/min,conscious,resting_conscious,TRUE,single_primary_reference,single,,reported_via_secondary_compilation,,volkow1992,"(Volkow et al., 1992)","(Volkow et al., 1992)",volkow1992,"(Volkow et al., 1992)",primary,journal_article,resolved,"(Volkow et al., 1992)",volkow1992
723,Homo sapiens,Homo,Kaufman__2004,TableA4,20,20,Cerebellum,Cerebellum,,CMRgl,cerebral_metabolic_rate,19.2,umol/100g/min,19.2,,15.0,umol/100g/min,conscious,resting_conscious,TRUE,single_primary_reference,single,,reported_via_secondary_compilation,,wu1992,"(Wu et al., 1992)","(Wu et al., 1992)",wu1992,"(Wu et al., 1992)",primary,journal_article,resolved,"(Wu et al., 1992)",wu1992
724,Homo sapiens,Homo,Kaufman__2004,TableA4,21,21,Cerebellum,Cerebellum,,CMRgl,cerebral_metabolic_rate,34.9,umol/100g/min,34.9,,5.0,umol/100g/min,conscious,resting_conscious,TRUE,single_primary_reference,single,,reported_via_secondary_compilation,,kaufman2004_present,Present Study,Present Study,kaufman2004_present,Present Study,primary,journal_article,resolved,Present Study,kaufman2004_present
725,Homo sapiens,Homo,Kaufman__2004,TableA4,22,22,Cerebellum,Cerebellum,,CMRgl,cerebral_metabolic_rate,33.1,umol/100g/min,33.1,,3.0,umol/100g/min,conscious,resting_conscious,TRUE,single_primary_reference,single,,reported_via_secondary_compilation,,de1997,"(De Voider et al., 1997)","(De Voider et al., 1997)",de1997,"(De Voider et al., 1997)",primary,journal_article,resolved,"(De Voider et al., 1997)",de1997
726,Homo sapiens,human,Karbowski__2007,TableS6,11,11,Cingulate_cortex,Cingulate cortex,Cingulate cortex,CMRgl,cerebral_metabolic_rate,0.31,umol/g/min,31.0,2.0,,umol/100g/min,unknown,resting_unknown,TRUE,single_primary_reference,single,,reported_via_secondary_compilation,,blin1991,Blin et al 1991,Blin et al 1991,blin1991,Blin et al 1991,primary,journal_article,resolved,Blin et al 1991,blin1991
727,Homo sapiens,Homo,Kaufman__2004,TableA13,1,1,Cingulate_cortex,Cingulate Cortex,,CMRgl,cerebral_metabolic_rate,29.3,umol/100g/min,29.3,,7.0,umol/100g/min,conscious,resting_conscious,TRUE,single_primary_reference,single,,reported_via_secondary_compilation,,baxter1987,"(Baxter et al., 1987)","(Baxter et al., 1987)",baxter1987,"(Baxter et al., 1987)",primary,journal_article,resolved,"(Baxter et al., 1987)",baxter1987
728,Homo sapiens,Homo,Kaufman__2004,TableA13,2,2,Cingulate_cortex,Cingulate Cortex,,CMRgl,cerebral_metabolic_rate,36.4,umol/100g/min,36.4,,7.0,umol/100g/min,conscious,resting_conscious,TRUE,single_primary_reference,single,,reported_via_secondary_compilation,,baxter1987,"(Baxter et al., 1987)","(Baxter et al., 1987)",baxter1987,"(Baxter et al., 1987)",primary,journal_article,resolved,"(Baxter et al., 1987)",baxter1987
729,Homo sapiens,Homo,Kaufman__2004,TableA13,3,3,Cingulate_cortex,Cingulate Cortex,,CMRgl,cerebral_metabolic_rate,29.8,umol/100g/min,29.8,,7.0,umol/100g/min,conscious,resting_conscious,TRUE,single_primary_reference,single,,reported_via_secondary_compilation,,chugani1987,"(Chugani et al., 1987)","(Chugani et al., 1987)",chugani1987,"(Chugani et al., 1987)",primary,journal_article,resolved,"(Chugani et al., 1987)",chugani1987
730,Homo sapiens,Homo,Kaufman__2004,TableA13,4,4,Cingulate_cortex,Cingulate Cortex,,CMRgl,cerebral_metabolic_rate,29.5,umol/100g/min,29.5,,9.0,umol/100g/min,conscious,resting_conscious,TRUE,single_primary_reference,single,,reported_via_secondary_compilation,,hasselbalch1994,"(Hasselbalch et al., 1994)","(Hasselbalch et al., 1994)",hasselbalch1994,"(Hasselbalch et al., 1994)",primary,journal_article,resolved,"(Hasselbalch et al., 1994)",hasselbalch1994
731,Homo sapiens,Homo,Kaufman__2004,TableA13,5,5,Cingulate_cortex,Cingulate Cortex,,CMRgl,cerebral_metabolic_rate,44.6,umol/100g/min,44.6,,6.0,umol/100g/min,conscious,resting_conscious,TRUE,single_primary_reference,single,,reported_via_secondary_compilation,,heiss1985,"(Heiss et al., 1985)","(Heiss et al., 1985)",heiss1985,"(Heiss et al., 1985)",primary,journal_article,resolved,"(Heiss et al., 1985)",heiss1985
732,Homo sapiens,Homo,Kaufman__2004,TableA13,6,6,Cingulate_cortex,Cingulate Cortex,,CMRgl,cerebral_metabolic_rate,40.2,umol/100g/min,40.2,,15.0,umol/100g/min,conscious,resting_conscious,TRUE,single_primary_reference,single,,reported_via_secondary_compilation,,hirono2000,"(Hirono et al., 2000)","(Hirono et al., 2000)",hirono2000,"(Hirono et al., 2000)",primary,journal_article,resolved,"(Hirono et al., 2000)",hirono2000
733,Homo sapiens,Homo,Kaufman__2004,TableA13,7,7,Cingulate_cortex,Cingulate Cortex,,CMRgl,cerebral_metabolic_rate,47.4,umol/100g/min,47.4,,9.0,umol/100g/min,conscious,resting_conscious,TRUE,single_primary_reference,single,,reported_via_secondary_compilation,,hu2000,"(Hu et al., 2000)","(Hu et al., 2000)",hu2000,"(Hu et al., 2000)",primary,journal_article,resolved,"(Hu et al., 2000)",hu2000
734,Homo sapiens,Homo,Kaufman__2004,TableA13,8,8,Cingulate_cortex,Cingulate Cortex,,CMRgl,cerebral_metabolic_rate,43.2,umol/100g/min,43.2,,7.0,umol/100g/min,conscious,resting_conscious,TRUE,single_primary_reference,single,,reported_via_secondary_compilation,,mazziotta1981,"(Mazziotta et al., 1981)","(Mazziotta et al., 1981)",mazziotta1981,"(Mazziotta et al., 1981)",primary,journal_article,resolved,"(Mazziotta et al., 1981)",mazziotta1981
735,Homo sapiens,Homo,Kaufman__2004,TableA13,9,9,Cingulate_cortex,Cingulate Cortex,,CMRgl,cerebral_metabolic_rate,33.3,umol/100g/min,33.3,,15.0,umol/100g/min,conscious,resting_conscious,TRUE,single_primary_reference,single,,reported_via_secondary_compilation,,perani1995,"(Perani et al., 1995)","(Perani et al., 1995)",perani1995,"(Perani et al., 1995)",primary,journal_article,resolved,"(Perani et al., 1995)",perani1995
736,Homo sapiens,Homo,Kaufman__2004,TableA13,10,10,Cingulate_cortex,Cingulate Cortex,,CMRgl,cerebral_metabolic_rate,52.5,umol/100g/min,52.5,,13.0,umol/100g/min,conscious,resting_conscious,TRUE,single_primary_reference,single,,reported_via_secondary_compilation,,schapiro1990,"(Schapiro et al., 1990)","(Schapiro et al., 1990)",schapiro1990,"(Schapiro et al., 1990)",primary,journal_article,resolved,"(Schapiro et al., 1990)",schapiro1990
737,Homo sapiens,Homo,Kaufman__2004,TableA13,11,11,Cingulate_cortex,Cingulate Cortex,,CMRgl,cerebral_metabolic_rate,38.6,umol/100g/min,38.6,,10.0,umol/100g/min,conscious,resting_conscious,TRUE,single_primary_reference,single,,reported_via_secondary_compilation,,tommasino1995,"(Tommasino et al., 1995)","(Tommasino et al., 1995)",tommasino1995,"(Tommasino et al., 1995)",primary,journal_article,resolved,"(Tommasino et al., 1995)",tommasino1995
738,Homo sapiens,Homo,Kaufman__2004,TableA13,12,12,Cingulate_cortex,Cingulate Cortex,,CMRgl,cerebral_metabolic_rate,42,umol/100g/min,42.0,,5.0,umol/100g/min,conscious,resting_conscious,TRUE,single_primary_reference,single,,reported_via_secondary_compilation,,kaufman2004_present,Present Study,Present Study,kaufman2004_present,Present Study,primary,journal_article,resolved,Present Study,kaufman2004_present
739,Homo sapiens,Homo,Kaufman__2004,TableA13,13,13,Cingulate_cortex,Cingulate Cortex,,CMRgl,cerebral_metabolic_rate,27.2,umol/100g/min,27.2,,10.0,umol/100g/min,conscious,resting_conscious,TRUE,single_primary_reference,single,,reported_via_secondary_compilation,,langsjo2003,"(Langsjo et al., 2003)","(Langsjo et al., 2003)",langsjo2003,"(Langsjo et al., 2003)",primary,journal_article,resolved,"(Langsjo et al., 2003)",langsjo2003
740,Homo sapiens,Homo,Kaufman__2004,TableA13,14,14,Cingulate_cortex,Cingulate Cortex,,CMRgl,cerebral_metabolic_rate,31.9,umol/100g/min,31.9,,32.0,umol/100g/min,conscious,resting_conscious,TRUE,single_primary_reference,single,,reported_via_secondary_compilation,,perlmutter1987,"(Perlmutter et al., 1987)","(Perlmutter et al., 1987)",perlmutter1987,"(Perlmutter et al., 1987)",primary,journal_article,resolved,"(Perlmutter et al., 1987)",perlmutter1987
741,Homo sapiens,Homo,Kaufman__2004,TableA13,15,15,Cingulate_cortex,Cingulate Cortex,,CMRgl,cerebral_metabolic_rate,21.1,umol/100g/min,21.1,,7.0,umol/100g/min,conscious,resting_conscious,TRUE,single_primary_reference,single,,reported_via_secondary_compilation,,sasaki1986,"(Sasaki et al., 1986)","(Sasaki et al., 1986)",sasaki1986,"(Sasaki et al., 1986)",primary,journal_article,resolved,"(Sasaki et al., 1986)",sasaki1986
742,Homo sapiens,Homo sapiens,Heiss_etal_2004,TABLE1,18,18,Colliculus_inferior,Colliculus inferior,,CMRgl,cerebral_metabolic_rate,31.4,umol/100g/min,31.4,3.63,,umol/100g/min,conscious,resting_conscious,TRUE,single_primary_reference,single,,self_primary_reported_in_compilation,,heiss2004,Heiss et al 2004,Heiss et al 2004,heiss2004,Heiss et al 2004,primary,journal_article,resolved,Heiss et al 2004,heiss2004
743,Homo sapiens,Homo sapiens,Heiss_etal_2004,TABLE1,19,19,Colliculus_superior,Colliculus superior,,CMRgl,cerebral_metabolic_rate,24.4,umol/100g/min,24.4,2.47,,umol/100g/min,conscious,resting_conscious,TRUE,single_primary_reference,single,,self_primary_reported_in_compilation,,heiss2004,Heiss et al 2004,Heiss et al 2004,heiss2004,Heiss et al 2004,primary,journal_article,resolved,Heiss et al 2004,heiss2004
744,Homo sapiens,Homo sapiens,Heiss_etal_2004,TABLE1,13,13,Corpus_geniculatum_laterale,Corpus geniculatum laterale,,CMRgl,cerebral_metabolic_rate,23.1,umol/100g/min,23.1,3.33,,umol/100g/min,conscious,resting_conscious,TRUE,single_primary_reference,single,,self_primary_reported_in_compilation,,heiss2004,Heiss et al 2004,Heiss et al 2004,heiss2004,Heiss et al 2004,primary,journal_article,resolved,Heiss et al 2004,heiss2004
745,Homo sapiens,Homo sapiens,Heiss_etal_2004,TABLE1,14,14,Corpus_geniculatum_mediale,Corpus geniculatum mediale,,CMRgl,cerebral_metabolic_rate,20.2,umol/100g/min,20.2,2.87,,umol/100g/min,conscious,resting_conscious,TRUE,single_primary_reference,single,,self_primary_reported_in_compilation,,heiss2004,Heiss et al 2004,Heiss et al 2004,heiss2004,Heiss et al 2004,primary,journal_article,resolved,Heiss et al 2004,heiss2004
746,Homo sapiens,Homo sapiens,Heiss_etal_2004,TABLE1,2,2,Frontal_cortex,Frontal lobe,,CMRgl,cerebral_metabolic_rate,35.3,umol/100g/min,35.3,3.51,,umol/100g/min,conscious,resting_conscious,TRUE,single_primary_reference,single,,self_primary_reported_in_compilation,,heiss2004,Heiss et al 2004,Heiss et al 2004,heiss2004,Heiss et al 2004,primary,journal_article,resolved,Heiss et al 2004,heiss2004
747,Homo sapiens,human,Karbowski__2007,TableS5,9,9,Frontal_cortex,Frontal cortex,Frontal cortex,CMRgl,cerebral_metabolic_rate,0.37,umol/g/min,37.0,9.0,,umol/100g/min,unknown,resting_unknown,FALSE,single_primary_reference,single,,reported_via_secondary_compilation,duplicate_secondary_compilation,de1997,De Volder et al 1997,De Volder et al 1997,de1997,De Volder et al 1997,primary,journal_article,resolved,De Volder et al 1997,de1997
748,Homo sapiens,human,Karbowski__2007,TableS5,10,10,Frontal_cortex,Frontal cortex,Frontal cortex,CMRgl,cerebral_metabolic_rate,0.28,umol/g/min,28.000000000000004,2.0,,umol/100g/min,unknown,resting_unknown,FALSE,single_primary_reference,single,,reported_via_secondary_compilation,duplicate_secondary_compilation,redies1989,Redies et al 1989,Redies et al 1989,redies1989,Redies et al 1989,primary,journal_article,resolved,Redies et al 1989,redies1989
749,Homo sapiens,human,Karbowski__2007,TableS5,11,11,Frontal_cortex,Frontal cortex,Frontal cortex,CMRgl,cerebral_metabolic_rate,0.25,umol/g/min,25.0,1.0,,umol/100g/min,unknown,resting_unknown,TRUE,single_primary_reference,single,,reported_via_secondary_compilation,,blomqvist1998,Blomqvist et al 1998,Blomqvist et al 1998,blomqvist1998,Blomqvist et al 1998,primary,journal_article,resolved,Blomqvist et al 1998,blomqvist1998
750,Homo sapiens,human,Karbowski__2007,TableS5,12,12,Frontal_cortex,Frontal cortex,Frontal cortex,CMRgl,cerebral_metabolic_rate,0.41,umol/g/min,41.0,2.0,,umol/100g/min,unknown,resting_unknown,FALSE,single_primary_reference,single,,reported_via_secondary_compilation,duplicate_secondary_compilation,heiss1985,Heiss et al 1985,Heiss et al 1985,heiss1985,Heiss et al 1985,primary,journal_article,resolved,Heiss et al 1985,heiss1985
751,Homo sapiens,human,Karbowski__2007,TableS5,13,13,Frontal_cortex,Frontal cortex,Frontal cortex,CMRgl,cerebral_metabolic_rate,0.33,umol/g/min,33.0,6.0,,umol/100g/min,unknown,resting_unknown,TRUE,single_primary_reference,single,,reported_via_secondary_compilation,,maquet1992,Maquet et al 1992,Maquet et al 1992,maquet1992,Maquet et al 1992,primary,journal_article,resolved,Maquet et al 1992,maquet1992
752,Homo sapiens,human,Karbowski__2007,TableS5,14,14,Frontal_cortex,Frontal cortex,Frontal cortex,CMRgl,cerebral_metabolic_rate,0.41,umol/g/min,41.0,12.0,,umol/100g/min,unknown,resting_unknown,TRUE,single_primary_reference,single,,reported_via_secondary_compilation,,haier1992,Haier et al 1992,Haier et al 1992,haier1992,Haier et al 1992,primary,journal_article,resolved,Haier et al 1992,haier1992
753,Homo sapiens,Homo,Kaufman__2004,TableA7,1,1,Frontal_cortex,Frontal Cortex,,CMRgl,cerebral_metabolic_rate,36.5,umol/100g/min,36.5,,6.0,umol/100g/min,conscious,resting_conscious,TRUE,single_primary_reference,single,,reported_via_secondary_compilation,,aikire1995,"(Aikire et al., 1995)","(Aikire et al., 1995)",aikire1995,"(Aikire et al., 1995)",primary,journal_article,resolved,"(Aikire et al., 1995)",aikire1995
754,Homo sapiens,Homo,Kaufman__2004,TableA7,2,2,Frontal_cortex,Frontal Cortex,,CMRgl,cerebral_metabolic_rate,25.3,umol/100g/min,25.3,,7.0,umol/100g/min,conscious,resting_conscious,TRUE,single_primary_reference,single,,reported_via_secondary_compilation,,baxter1987,"(Baxter et al., 1987)","(Baxter et al., 1987)",baxter1987,"(Baxter et al., 1987)",primary,journal_article,resolved,"(Baxter et al., 1987)",baxter1987
755,Homo sapiens,Homo,Kaufman__2004,TableA7,3,3,Frontal_cortex,Frontal Cortex,,CMRgl,cerebral_metabolic_rate,32.1,umol/100g/min,32.1,,7.0,umol/100g/min,conscious,resting_conscious,TRUE,single_primary_reference,single,,reported_via_secondary_compilation,,baxter1987,"(Baxter et al., 1987)","(Baxter et al., 1987)",baxter1987,"(Baxter et al., 1987)",primary,journal_article,resolved,"(Baxter et al., 1987)",baxter1987
756,Homo sapiens,Homo,Kaufman__2004,TableA7,4,4,Frontal_cortex,Frontal Cortex,,CMRgl,cerebral_metabolic_rate,42.7,umol/100g/min,42.7,,18.0,umol/100g/min,conscious,resting_conscious,TRUE,single_primary_reference,single,,reported_via_secondary_compilation,,bokde2001,"(Bokde et al., 2001)","(Bokde et al., 2001)",bokde2001,"(Bokde et al., 2001)",primary,journal_article,resolved,"(Bokde et al., 2001)",bokde2001
757,Homo sapiens,Homo,Kaufman__2004,TableA7,5,5,Frontal_cortex,Frontal Cortex,,CMRgl,cerebral_metabolic_rate,39.9,umol/100g/min,39.9,,27.0,umol/100g/min,conscious,resting_conscious,TRUE,single_primary_reference,single,,reported_via_secondary_compilation,,brooks1987,"(Brooks et al., 1987)","(Brooks et al., 1987)",brooks1987,"(Brooks et al., 1987)",primary,journal_article,resolved,"(Brooks et al., 1987)",brooks1987
758,Homo sapiens,Homo,Kaufman__2004,TableA7,6,6,Frontal_cortex,Frontal Cortex,,CMRgl,cerebral_metabolic_rate,23.5,umol/100g/min,23.5,,10.0,umol/100g/min,conscious,resting_conscious,TRUE,single_primary_reference,single,,reported_via_secondary_compilation,,buchsbaum1989,"(Buchsbaum et al., 1989)","(Buchsbaum et al., 1989)",buchsbaum1989,"(Buchsbaum et al., 1989)",primary,journal_article,resolved,"(Buchsbaum et al., 1989)",buchsbaum1989
759,Homo sapiens,Homo,Kaufman__2004,TableA7,7,7,Frontal_cortex,Frontal Cortex,,CMRgl,cerebral_metabolic_rate,27.1,umol/100g/min,27.1,,7.0,umol/100g/min,conscious,resting_conscious,TRUE,single_primary_reference,single,,reported_via_secondary_compilation,,chugani1987,"(Chugani et al., 1987)","(Chugani et al., 1987)",chugani1987,"(Chugani et al., 1987)",primary,journal_article,resolved,"(Chugani et al., 1987)",chugani1987
760,Homo sapiens,Homo,Kaufman__2004,TableA7,8,8,Frontal_cortex,Frontal Cortex,,CMRgl,cerebral_metabolic_rate,49.2,umol/100g/min,49.2,,32.0,umol/100g/min,conscious,resting_conscious,TRUE,single_primary_reference,single,,reported_via_secondary_compilation,,c2001,"(C larketal., 2001)","(C larketal., 2001)",c2001,"(C larketal., 2001)",primary,journal_article,resolved,"(C larketal., 2001)",c2001
761,Homo sapiens,Homo,Kaufman__2004,TableA7,9,9,Frontal_cortex,Frontal Cortex,,CMRgl,cerebral_metabolic_rate,29.9,umol/100g/min,29.9,,10.0,umol/100g/min,conscious,resting_conscious,TRUE,single_primary_reference,single,,reported_via_secondary_compilation,,delvenne1997,"(Delvenne et al., 1997)","(Delvenne et al., 1997)",delvenne1997,"(Delvenne et al., 1997)",primary,journal_article,resolved,"(Delvenne et al., 1997)",delvenne1997
762,Homo sapiens,Homo,Kaufman__2004,TableA7,10,10,Frontal_cortex,Frontal Cortex,,CMRgl,cerebral_metabolic_rate,29.9,umol/100g/min,29.9,,10.0,umol/100g/min,conscious,resting_conscious,TRUE,single_primary_reference,single,,reported_via_secondary_compilation,,delvenne1999,"(Delvenne et al., 1999)","(Delvenne et al., 1999)",delvenne1999,"(Delvenne et al., 1999)",primary,journal_article,resolved,"(Delvenne et al., 1999)",delvenne1999
763,Homo sapiens,Homo,Kaufman__2004,TableA7,11,11,Frontal_cortex,Frontal Cortex,,CMRgl,cerebral_metabolic_rate,30.4,umol/100g/min,30.4,,18.0,umol/100g/min,conscious,resting_conscious,TRUE,single_primary_reference,single,,reported_via_secondary_compilation,,duara1983,"(Duara et al., 1983)","(Duara et al., 1983)",duara1983,"(Duara et al., 1983)",primary,journal_article,resolved,"(Duara et al., 1983)",duara1983
764,Homo sapiens,Homo,Kaufman__2004,TableA7,12,12,Frontal_cortex,Frontal Cortex,,CMRgl,cerebral_metabolic_rate,27.9,umol/100g/min,27.9,,9.0,umol/100g/min,conscious,resting_conscious,TRUE,single_primary_reference,single,,reported_via_secondary_compilation,,hasselbalch1994,"(Hasselbalch et al., 1994)","(Hasselbalch et al., 1994)",hasselbalch1994,"(Hasselbalch et al., 1994)",primary,journal_article,resolved,"(Hasselbalch et al., 1994)",hasselbalch1994
765,Homo sapiens,Homo,Kaufman__2004,TableA7,13,13,Frontal_cortex,Frontal Cortex,,CMRgl,cerebral_metabolic_rate,28.3,umol/100g/min,28.3,,26.0,umol/100g/min,conscious,resting_conscious,TRUE,single_primary_reference,single,,reported_via_secondary_compilation,,haxbyetal1985,"(Haxbyetal., 1985)","(Haxbyetal., 1985)",haxbyetal1985,"(Haxbyetal., 1985)",primary,journal_article,resolved,"(Haxbyetal., 1985)",haxbyetal1985
766,Homo sapiens,Homo,Kaufman__2004,TableA7,14,14,Frontal_cortex,Frontal Cortex,,CMRgl,cerebral_metabolic_rate,42.7,umol/100g/min,42.7,,6.0,umol/100g/min,conscious,resting_conscious,TRUE,single_primary_reference,single,,reported_via_secondary_compilation,,heiss1985,"(Heiss et al., 1985)","(Heiss et al., 1985)",heiss1985,"(Heiss et al., 1985)",primary,journal_article,resolved,"(Heiss et al., 1985)",heiss1985
767,Homo sapiens,Homo,Kaufman__2004,TableA7,15,15,Frontal_cortex,Frontal Cortex,,CMRgl,cerebral_metabolic_rate,41.7,umol/100g/min,41.7,,15.0,umol/100g/min,conscious,resting_conscious,TRUE,single_primary_reference,single,,reported_via_secondary_compilation,,hirono2000,"(Hirono et al., 2000)","(Hirono et al., 2000)",hirono2000,"(Hirono et al., 2000)",primary,journal_article,resolved,"(Hirono et al., 2000)",hirono2000
768,Homo sapiens,Homo,Kaufman__2004,TableA7,16,16,Frontal_cortex,Frontal Cortex,,CMRgl,cerebral_metabolic_rate,41.7,umol/100g/min,41.7,,9.0,umol/100g/min,conscious,resting_conscious,TRUE,single_primary_reference,single,,reported_via_secondary_compilation,,hu2000,"(Hu et al., 2000)","(Hu et al., 2000)",hu2000,"(Hu et al., 2000)",primary,journal_article,resolved,"(Hu et al., 2000)",hu2000
769,Homo sapiens,Homo,Kaufman__2004,TableA7,17,17,Frontal_cortex,Frontal Cortex,,CMRgl,cerebral_metabolic_rate,32.4,umol/100g/min,32.4,,12.0,umol/100g/min,conscious,resting_conscious,TRUE,single_primary_reference,single,,reported_via_secondary_compilation,,kaye1990,"(Kaye et al., 1990)","(Kaye et al., 1990)",kaye1990,"(Kaye et al., 1990)",primary,journal_article,resolved,"(Kaye et al., 1990)",kaye1990
770,Homo sapiens,Homo,Kaufman__2004,TableA7,18,18,Frontal_cortex,Frontal Cortex,,CMRgl,cerebral_metabolic_rate,37.7,umol/100g/min,37.7,,8.0,umol/100g/min,conscious,resting_conscious,TRUE,single_primary_reference,single,,reported_via_secondary_compilation,,kuhl1979,"(Kuhl et a l, 1979)","(Kuhl et a l, 1979)",kuhl1979,"(Kuhl et a l, 1979)",primary,journal_article,resolved,"(Kuhl et a l, 1979)",kuhl1979
771,Homo sapiens,Homo,Kaufman__2004,TableA7,19,19,Frontal_cortex,Frontal Cortex,,CMRgl,cerebral_metabolic_rate,35.8,umol/100g/min,35.8,,25.0,umol/100g/min,conscious,resting_conscious,TRUE,single_primary_reference,single,,reported_via_secondary_compilation,,kuhl1982,"(Kuhl et al., 1982)","(Kuhl et al., 1982)",kuhl1982,"(Kuhl et al., 1982)",primary,journal_article,resolved,"(Kuhl et al., 1982)",kuhl1982
772,Homo sapiens,Homo,Kaufman__2004,TableA7,20,20,Frontal_cortex,Frontal Cortex,,CMRgl,cerebral_metabolic_rate,45.3,umol/100g/min,45.3,,12.0,umol/100g/min,conscious,resting_conscious,TRUE,single_primary_reference,single,,reported_via_secondary_compilation,,ludolph1992,"(Ludolph et al., 1992)","(Ludolph et al., 1992)",ludolph1992,"(Ludolph et al., 1992)",primary,journal_article,resolved,"(Ludolph et al., 1992)",ludolph1992
773,Homo sapiens,Homo,Kaufman__2004,TableA7,21,21,Frontal_cortex,Frontal Cortex,,CMRgl,cerebral_metabolic_rate,37.7,umol/100g/min,37.7,,8.0,umol/100g/min,conscious,resting_conscious,TRUE,single_primary_reference,single,,reported_via_secondary_compilation,,martinot1990,"(Martinot et al., 1990)","(Martinot et al., 1990)",martinot1990,"(Martinot et al., 1990)",primary,journal_article,resolved,"(Martinot et al., 1990)",martinot1990
774,Homo sapiens,Homo,Kaufman__2004,TableA7,22,22,Frontal_cortex,Frontal Cortex,,CMRgl,cerebral_metabolic_rate,43,umol/100g/min,43.0,,7.0,umol/100g/min,conscious,resting_conscious,TRUE,single_primary_reference,single,,reported_via_secondary_compilation,,mazziotta1981,"(Mazziotta et al., 1981)","(Mazziotta et al., 1981)",mazziotta1981,"(Mazziotta et al., 1981)",primary,journal_article,resolved,"(Mazziotta et al., 1981)",mazziotta1981
775,Homo sapiens,Homo,Kaufman__2004,TableA7,23,23,Frontal_cortex,Frontal Cortex,,CMRgl,cerebral_metabolic_rate,36.6,umol/100g/min,36.6,,14.0,umol/100g/min,conscious,resting_conscious,TRUE,single_primary_reference,single,,reported_via_secondary_compilation,,mcnamara1987,"(McNamara et al., 1987)","(McNamara et al., 1987)",mcnamara1987,"(McNamara et al., 1987)",primary,journal_article,resolved,"(McNamara et al., 1987)",mcnamara1987
776,Homo sapiens,Homo,Kaufman__2004,TableA7,24,24,Frontal_cortex,Frontal Cortex,,CMRgl,cerebral_metabolic_rate,40,umol/100g/min,40.0,,15.0,umol/100g/min,conscious,resting_conscious,TRUE,single_primary_reference,single,,reported_via_secondary_compilation,,peranietal1995,"(Peranietal., 1995)","(Peranietal., 1995)",peranietal1995,"(Peranietal., 1995)",primary,journal_article,resolved,"(Peranietal., 1995)",peranietal1995
777,Homo sapiens,Homo,Kaufman__2004,TableA7,25,25,Frontal_cortex,Frontal Cortex,,CMRgl,cerebral_metabolic_rate,36.9,umol/100g/min,36.9,,14.0,umol/100g/min,conscious,resting_conscious,TRUE,single_primary_reference,single,,reported_via_secondary_compilation,,phillips1991,"(Phillips et al., 1991)","(Phillips et al., 1991)",phillips1991,"(Phillips et al., 1991)",primary,journal_article,resolved,"(Phillips et al., 1991)",phillips1991
778,Homo sapiens,Homo,Kaufman__2004,TableA7,26,26,Frontal_cortex,Frontal Cortex,,CMRgl,cerebral_metabolic_rate,28,umol/100g/min,28.0,,4.0,umol/100g/min,conscious,resting_conscious,TRUE,single_primary_reference,single,,reported_via_secondary_compilation,,redies1989,"(Redies et al., 1989)","(Redies et al., 1989)",redies1989,"(Redies et al., 1989)",primary,journal_article,resolved,"(Redies et al., 1989)",redies1989
779,Homo sapiens,Homo,Kaufman__2004,TableA7,27,27,Frontal_cortex,Frontal Cortex,,CMRgl,cerebral_metabolic_rate,31.7,umol/100g/min,31.7,,16.0,umol/100g/min,conscious,resting_conscious,TRUE,single_primary_reference,single,,reported_via_secondary_compilation,,rudolf2000,"(Rudolf et al., 2000)","(Rudolf et al., 2000)",rudolf2000,"(Rudolf et al., 2000)",primary,journal_article,resolved,"(Rudolf et al., 2000)",rudolf2000
780,Homo sapiens,Homo,Kaufman__2004,TableA7,28,28,Frontal_cortex,Frontal Cortex,,CMRgl,cerebral_metabolic_rate,46,umol/100g/min,46.0,,25.0,umol/100g/min,conscious,resting_conscious,TRUE,single_primary_reference,single,,reported_via_secondary_compilation,,sachs1986,"(Sachs et al., 1986)","(Sachs et al., 1986)",sachs1986,"(Sachs et al., 1986)",primary,journal_article,resolved,"(Sachs et al., 1986)",sachs1986
781,Homo sapiens,Homo,Kaufman__2004,TableA7,29,29,Frontal_cortex,Frontal Cortex,,CMRgl,cerebral_metabolic_rate,49.7,umol/100g/min,49.7,,13.0,umol/100g/min,conscious,resting_conscious,TRUE,single_primary_reference,single,,reported_via_secondary_compilation,,schapiro1990,"(Schapiro et al., 1990)","(Schapiro et al., 1990)",schapiro1990,"(Schapiro et al., 1990)",primary,journal_article,resolved,"(Schapiro et al., 1990)",schapiro1990
782,Homo sapiens,Homo,Kaufman__2004,TableA7,30,30,Frontal_cortex,Frontal Cortex,,CMRgl,cerebral_metabolic_rate,32.9,umol/100g/min,32.9,,11.0,umol/100g/min,conscious,resting_conscious,TRUE,single_primary_reference,single,,reported_via_secondary_compilation,,tedeschi1995,"(Tedeschi et al., 1995)","(Tedeschi et al., 1995)",tedeschi1995,"(Tedeschi et al., 1995)",primary,journal_article,resolved,"(Tedeschi et al., 1995)",tedeschi1995
783,Homo sapiens,Homo,Kaufman__2004,TableA7,31,31,Frontal_cortex,Frontal Cortex,,CMRgl,cerebral_metabolic_rate,38.2,umol/100g/min,38.2,,10.0,umol/100g/min,conscious,resting_conscious,TRUE,single_primary_reference,single,,reported_via_secondary_compilation,,tommasino1995,"(Tommasino et al., 1995)","(Tommasino et al., 1995)",tommasino1995,"(Tommasino et al., 1995)",primary,journal_article,resolved,"(Tommasino et al., 1995)",tommasino1995
784,Homo sapiens,Homo,Kaufman__2004,TableA7,32,32,Frontal_cortex,Frontal Cortex,,CMRgl,cerebral_metabolic_rate,34.6,umol/100g/min,34.6,,11.0,umol/100g/min,conscious,resting_conscious,TRUE,single_primary_reference,single,,reported_via_secondary_compilation,,volkow1992,"(Volkow et al., 1992)","(Volkow et al., 1992)",volkow1992,"(Volkow et al., 1992)",primary,journal_article,resolved,"(Volkow et al., 1992)",volkow1992
785,Homo sapiens,Homo,Kaufman__2004,TableA7,33,33,Frontal_cortex,Frontal Cortex,,CMRgl,cerebral_metabolic_rate,40.9,umol/100g/min,40.9,,8.0,umol/100g/min,conscious,resting_conscious,TRUE,single_primary_reference,single,,reported_via_secondary_compilation,,wolkin1988,"(Wolkin et al., 1988)","(Wolkin et al., 1988)",wolkin1988,"(Wolkin et al., 1988)",primary,journal_article,resolved,"(Wolkin et al., 1988)",wolkin1988
786,Homo sapiens,Homo,Kaufman__2004,TableA7,34,34,Frontal_cortex,Frontal Cortex,,CMRgl,cerebral_metabolic_rate,44.4,umol/100g/min,44.4,,30.0,umol/100g/min,conscious,resting_conscious,TRUE,single_primary_reference,single,,reported_via_secondary_compilation,,yoshii1988,"(Yoshii et al., 1988)","(Yoshii et al., 1988)",yoshii1988,"(Yoshii et al., 1988)",primary,journal_article,resolved,"(Yoshii et al., 1988)",yoshii1988
787,Homo sapiens,Homo,Kaufman__2004,TableA7,35,35,Frontal_cortex,Frontal Cortex,,CMRgl,cerebral_metabolic_rate,36.6,umol/100g/min,36.6,,46.0,umol/100g/min,conscious,resting_conscious,TRUE,single_primary_reference,single,,reported_via_secondary_compilation,,yoshii1988,"(Yoshii et al., 1988)","(Yoshii et al., 1988)",yoshii1988,"(Yoshii et al., 1988)",primary,journal_article,resolved,"(Yoshii et al., 1988)",yoshii1988
788,Homo sapiens,Homo,Kaufman__2004,TableA7,36,36,Frontal_cortex,Frontal Cortex,,CMRgl,cerebral_metabolic_rate,38.2,umol/100g/min,38.2,,5.0,umol/100g/min,conscious,resting_conscious,TRUE,single_primary_reference,single,,reported_via_secondary_compilation,,kaufman2004_present,Present Study,Present Study,kaufman2004_present,Present Study,primary,journal_article,resolved,Present Study,kaufman2004_present
789,Homo sapiens,Homo,Kaufman__2004,TableA7,37,37,Frontal_cortex,Frontal Cortex,,CMRgl,cerebral_metabolic_rate,37.3,umol/100g/min,37.3,,3.0,umol/100g/min,conscious,resting_conscious,TRUE,single_primary_reference,single,,reported_via_secondary_compilation,,de1997,"(De Voider et al., 1997)","(De Voider et al., 1997)",de1997,"(De Voider et al., 1997)",primary,journal_article,resolved,"(De Voider et al., 1997)",de1997
790,Homo sapiens,Homo,Kaufman__2004,TableA7,38,38,Frontal_cortex,Frontal Cortex,,CMRgl,cerebral_metabolic_rate,36.1,umol/100g/min,36.1,,9.0,umol/100g/min,conscious,resting_conscious,TRUE,single_primary_reference,single,,reported_via_secondary_compilation,,fukuyama1994,"(Fukuyama et al., 1994)","(Fukuyama et al., 1994)",fukuyama1994,"(Fukuyama et al., 1994)",primary,journal_article,resolved,"(Fukuyama et al., 1994)",fukuyama1994
791,Homo sapiens,Homo,Kaufman__2004,TableA7,39,39,Frontal_cortex,Frontal Cortex,,CMRgl,cerebral_metabolic_rate,35.6,umol/100g/min,35.6,,7.0,umol/100g/min,conscious,resting_conscious,TRUE,single_primary_reference,single,,reported_via_secondary_compilation,,sasaki1986,"(Sasaki et al., 1986)","(Sasaki et al., 1986)",sasaki1986,"(Sasaki et al., 1986)",primary,journal_article,resolved,"(Sasaki et al., 1986)",sasaki1986
792,Homo sapiens,Homo,Kaufman__2004,TableA7,40,40,Frontal_cortex,Frontal Cortex,,CMRgl,cerebral_metabolic_rate,28.3,umol/100g/min,28.3,,20.0,umol/100g/min,conscious,resting_conscious,TRUE,single_primary_reference,single,,reported_via_secondary_compilation,,yamakiNA,Yamaki 96,Yamaki 96,yamakiNA,Yamaki 96,primary,journal_article,unresolved,Yamaki 96,yamakiNA
793,Homo sapiens,Homo sapiens,Heiss_etal_2004,TABLE1,7,7,Hippocampus,Hippocampus,,CMRgl,cerebral_metabolic_rate,25.7,umol/100g/min,25.7,2.11,,umol/100g/min,conscious,resting_conscious,TRUE,single_primary_reference,single,,self_primary_reported_in_compilation,,heiss2004,Heiss et al 2004,Heiss et al 2004,heiss2004,Heiss et al 2004,primary,journal_article,resolved,Heiss et al 2004,heiss2004
794,Homo sapiens,human,Karbowski__2007,TableS16,19,19,Hippocampus,Hippocampus,Hippocampus,CMRgl,cerebral_metabolic_rate,0.37,umol/g/min,37.0,5.0,,umol/100g/min,unknown,resting_unknown,FALSE,single_primary_reference,single,,reported_via_secondary_compilation,duplicate_secondary_compilation,heiss1985,Heiss et al 1985,Heiss et al 1985,heiss1985,Heiss et al 1985,primary,journal_article,resolved,Heiss et al 1985,heiss1985
795,Homo sapiens,human,Karbowski__2007,TableS16,20,20,Hippocampus,Hippocampus,Hippocampus,CMRgl,cerebral_metabolic_rate,0.23,umol/g/min,23.0,7.000000000000001,,umol/100g/min,unknown,resting_unknown,TRUE,single_primary_reference,single,,reported_via_secondary_compilation,,maquet1992,Maquet et al 1992,Maquet et al 1992,maquet1992,Maquet et al 1992,primary,journal_article,resolved,Maquet et al 1992,maquet1992
796,Homo sapiens,human,Karbowski__2007,TableS16,21,21,Hippocampus,Hippocampus,Hippocampus,CMRgl,cerebral_metabolic_rate,0.23,umol/g/min,23.0,3.0,,umol/100g/min,unknown,resting_unknown,TRUE,single_primary_reference,single,,reported_via_secondary_compilation,,blin1991,Blin et al 1991,Blin et al 1991,blin1991,Blin et al 1991,primary,journal_article,resolved,Blin et al 1991,blin1991
797,Homo sapiens,Homo,Kaufman__2004,TableA2,1,1,Hippocampus,Hippocampus,,CMRgl,cerebral_metabolic_rate,19.4,umol/100g/min,19.4,,12.0,umol/100g/min,conscious,resting_conscious,TRUE,single_primary_reference,single,,reported_via_secondary_compilation,,biver1994,"(Biver et al., 1994)","(Biver et al., 1994)",biver1994,"(Biver et al., 1994)",primary,journal_article,resolved,"(Biver et al., 1994)",biver1994
798,Homo sapiens,Homo,Kaufman__2004,TableA2,2,2,Hippocampus,Hippocampus,,CMRgl,cerebral_metabolic_rate,23,umol/100g/min,23.0,,18.0,umol/100g/min,conscious,resting_conscious,TRUE,single_primary_reference,single,,reported_via_secondary_compilation,,duara1983,"(Duara et al., 1983)","(Duara et al., 1983)",duara1983,"(Duara et al., 1983)",primary,journal_article,resolved,"(Duara et al., 1983)",duara1983
799,Homo sapiens,Homo,Kaufman__2004,TableA2,3,3,Hippocampus,Hippocampus,,CMRgl,cerebral_metabolic_rate,38.3,umol/100g/min,38.3,,6.0,umol/100g/min,conscious,resting_conscious,TRUE,single_primary_reference,single,,reported_via_secondary_compilation,,heiss1985,"(Heiss etal., 1985)","(Heiss etal., 1985)",heiss1985,"(Heiss etal., 1985)",primary,journal_article,resolved,"(Heiss etal., 1985)",heiss1985
800,Homo sapiens,Homo,Kaufman__2004,TableA2,4,4,Hippocampus,Hippocampus,,CMRgl,cerebral_metabolic_rate,29,umol/100g/min,29.0,,22.0,umol/100g/min,conscious,resting_conscious,TRUE,single_primary_reference,single,,reported_via_secondary_compilation,,ishiietal1998,"(Ishiietal., 1998)","(Ishiietal., 1998)",ishiietal1998,"(Ishiietal., 1998)",primary,journal_article,resolved,"(Ishiietal., 1998)",ishiietal1998
801,Homo sapiens,Homo,Kaufman__2004,TableA2,5,5,Hippocampus,Hippocampus,,CMRgl,cerebral_metabolic_rate,30.8,umol/100g/min,30.8,,14.0,umol/100g/min,conscious,resting_conscious,TRUE,single_primary_reference,single,,reported_via_secondary_compilation,,phillips1991,"(Phillips et al., 1991)","(Phillips et al., 1991)",phillips1991,"(Phillips et al., 1991)",primary,journal_article,resolved,"(Phillips et al., 1991)",phillips1991
802,Homo sapiens,Homo,Kaufman__2004,TableA2,6,6,Hippocampus,Hippocampus,,CMRgl,cerebral_metabolic_rate,30.5,umol/100g/min,30.5,,16.0,umol/100g/min,conscious,resting_conscious,TRUE,single_primary_reference,single,,reported_via_secondary_compilation,,rudolf2000,"(Rudolf et al., 2000)","(Rudolf et al., 2000)",rudolf2000,"(Rudolf et al., 2000)",primary,journal_article,resolved,"(Rudolf et al., 2000)",rudolf2000
803,Homo sapiens,Homo,Kaufman__2004,TableA2,7,7,Hippocampus,Hippocampus,,CMRgl,cerebral_metabolic_rate,38.6,umol/100g/min,38.6,,13.0,umol/100g/min,conscious,resting_conscious,TRUE,single_primary_reference,single,,reported_via_secondary_compilation,,schapiro1990,"(Schapiro et al., 1990)","(Schapiro et al., 1990)",schapiro1990,"(Schapiro et al., 1990)",primary,journal_article,resolved,"(Schapiro et al., 1990)",schapiro1990
804,Homo sapiens,Homo,Kaufman__2004,TableA2,8,8,Hippocampus,Hippocampus,,CMRgl,cerebral_metabolic_rate,33.2,umol/100g/min,33.2,,5.0,umol/100g/min,conscious,resting_conscious,TRUE,single_primary_reference,single,,reported_via_secondary_compilation,,kaufman2004_present,Present Study,Present Study,kaufman2004_present,Present Study,primary,journal_article,resolved,Present Study,kaufman2004_present
805,Homo sapiens,human,Karbowski__2007,TableS15,18,18,Hypothalamus,Hypothalamus,Hypothalamus,CMRgl,cerebral_metabolic_rate,0.27,umol/g/min,27.0,2.0,,umol/100g/min,unknown,resting_unknown,TRUE,single_primary_reference,single,,reported_via_secondary_compilation,,blin1991,Blin et al 1991,Blin et al 1991,blin1991,Blin et al 1991,primary,journal_article,resolved,Blin et al 1991,blin1991
806,Homo sapiens,Homo sapiens,Heiss_etal_2004,TABLE1,6,6,Insula,Insular lobe,,CMRgl,cerebral_metabolic_rate,30.3,umol/100g/min,30.3,2.55,,umol/100g/min,conscious,resting_conscious,TRUE,single_primary_reference,single,,self_primary_reported_in_compilation,,heiss2004,Heiss et al 2004,Heiss et al 2004,heiss2004,Heiss et al 2004,primary,journal_article,resolved,Heiss et al 2004,heiss2004
807,Homo sapiens,Homo sapiens,Heiss_etal_2004,TABLE1,1,1,Neocortex,Cerebral cortex (global average),,CMRgl,cerebral_metabolic_rate,33.5,umol/100g/min,33.5,2.98,,umol/100g/min,conscious,resting_conscious,TRUE,single_primary_reference,single,,self_primary_reported_in_compilation,,heiss2004,Heiss et al 2004,Heiss et al 2004,heiss2004,Heiss et al 2004,primary,journal_article,resolved,Heiss et al 2004,heiss2004
808,Homo sapiens,human,Karbowski__2007,TableS11,7,7,Neocortex,Cerebral cortex,Cerebral cortex,CMRgl,cerebral_metabolic_rate,0.34,umol/g/min,34.0,5.0,,umol/100g/min,unknown,resting_unknown,TRUE,single_primary_reference,single,,reported_via_secondary_compilation,,nNA,N=8,N=8,nNA,N=8,primary,journal_article,unresolved,N=8,nNA
809,Homo sapiens,human,Karbowski__2007,TableS12,19,19,Neocortex,Cerebral cortex,Cerebral cortex,CMRgl,cerebral_metabolic_rate,0.37,umol/g/min,37.0,7.000000000000001,,umol/100g/min,unknown,resting_unknown,FALSE,single_primary_reference,single,,reported_via_secondary_compilation,duplicate_secondary_compilation,de1997,De Volder et al 1997,De Volder et al 1997,de1997,De Volder et al 1997,primary,journal_article,resolved,De Volder et al 1997,de1997
810,Homo sapiens,human,Karbowski__2007,TableS12,20,20,Neocortex,Cerebral cortex,Cerebral cortex,CMRgl,cerebral_metabolic_rate,0.26,umol/g/min,26.0,2.0,,umol/100g/min,unknown,resting_unknown,TRUE,single_primary_reference,single,,reported_via_secondary_compilation,,blomqvist1998,Blomqvist et al 1998,Blomqvist et al 1998,blomqvist1998,Blomqvist et al 1998,primary,journal_article,resolved,Blomqvist et al 1998,blomqvist1998
811,Homo sapiens,human,Karbowski__2007,TableS12,21,21,Neocortex,Cerebral cortex,Cerebral cortex,CMRgl,cerebral_metabolic_rate,0.39,umol/g/min,39.0,3.0,,umol/100g/min,unknown,resting_unknown,FALSE,single_primary_reference,single,,reported_via_secondary_compilation,duplicate_secondary_compilation,heiss1985,Heiss et al 1985,Heiss et al 1985,heiss1985,Heiss et al 1985,primary,journal_article,resolved,Heiss et al 1985,heiss1985
812,Homo sapiens,human,Karbowski__2007,TableS12,22,22,Neocortex,Cerebral cortex,Cerebral cortex,CMRgl,cerebral_metabolic_rate,0.33,umol/g/min,33.0,4.0,,umol/100g/min,unknown,resting_unknown,TRUE,single_primary_reference,single,,reported_via_secondary_compilation,,blin1991,Blin et al 1991,Blin et al 1991,blin1991,Blin et al 1991,primary,journal_article,resolved,Blin et al 1991,blin1991
813,Homo sapiens,Homo,Kaufman__2004,TableA6,1,1,Neocortex,Neocortex,,CMRgl,cerebral_metabolic_rate,34.4,umol/100g/min,34.4,,6.0,umol/100g/min,conscious,resting_conscious,TRUE,single_primary_reference,single,,reported_via_secondary_compilation,,alkire1995,"(Alkire et a l, 1995)","(Alkire et a l, 1995)",alkire1995,"(Alkire et a l, 1995)",primary,journal_article,resolved,"(Alkire et a l, 1995)",alkire1995
814,Homo sapiens,Homo,Kaufman__2004,TableA6,2,2,Neocortex,Neocortex,,CMRgl,cerebral_metabolic_rate,37.5,umol/100g/min,37.5,,15.0,umol/100g/min,conscious,resting_conscious,TRUE,single_primary_reference,single,,reported_via_secondary_compilation,,azari1994,"(Azari et al., 1994)","(Azari et al., 1994)",azari1994,"(Azari et al., 1994)",primary,journal_article,resolved,"(Azari et al., 1994)",azari1994
815,Homo sapiens,Homo,Kaufman__2004,TableA6,3,3,Neocortex,Neocortex,,CMRgl,cerebral_metabolic_rate,26,umol/100g/min,26.0,,7.0,umol/100g/min,conscious,resting_conscious,TRUE,single_primary_reference,single,,reported_via_secondary_compilation,,baxter1987,"(Baxter et al., 1987)","(Baxter et al., 1987)",baxter1987,"(Baxter et al., 1987)",primary,journal_article,resolved,"(Baxter et al., 1987)",baxter1987
816,Homo sapiens,Homo,Kaufman__2004,TableA6,4,4,Neocortex,Neocortex,,CMRgl,cerebral_metabolic_rate,32.6,umol/100g/min,32.6,,7.0,umol/100g/min,conscious,resting_conscious,TRUE,single_primary_reference,single,,reported_via_secondary_compilation,,baxter1987,"(Baxter et al., 1987)","(Baxter et al., 1987)",baxter1987,"(Baxter et al., 1987)",primary,journal_article,resolved,"(Baxter et al., 1987)",baxter1987
817,Homo sapiens,Homo,Kaufman__2004,TableA6,5,5,Neocortex,Neocortex,,CMRgl,cerebral_metabolic_rate,42.6,umol/100g/min,42.6,,18.0,umol/100g/min,conscious,resting_conscious,TRUE,single_primary_reference,single,,reported_via_secondary_compilation,,bokde2001,"(Bokde et al., 2001)","(Bokde et al., 2001)",bokde2001,"(Bokde et al., 2001)",primary,journal_article,resolved,"(Bokde et al., 2001)",bokde2001
818,Homo sapiens,Homo,Kaufman__2004,TableA6,6,6,Neocortex,Neocortex,,CMRgl,cerebral_metabolic_rate,34.1,umol/100g/min,34.1,,12.0,umol/100g/min,conscious,resting_conscious,TRUE,single_primary_reference,single,,reported_via_secondary_compilation,,bromberg1990,"(Bromberg et al., 1990)","(Bromberg et al., 1990)",bromberg1990,"(Bromberg et al., 1990)",primary,journal_article,resolved,"(Bromberg et al., 1990)",bromberg1990
819,Homo sapiens,Homo,Kaufman__2004,TableA6,7,7,Neocortex,Neocortex,,CMRgl,cerebral_metabolic_rate,36.4,umol/100g/min,36.4,,27.0,umol/100g/min,conscious,resting_conscious,TRUE,single_primary_reference,single,,reported_via_secondary_compilation,,brooks1987,"(Brooks et al., 1987)","(Brooks et al., 1987)",brooks1987,"(Brooks et al., 1987)",primary,journal_article,resolved,"(Brooks et al., 1987)",brooks1987
820,Homo sapiens,Homo,Kaufman__2004,TableA6,8,8,Neocortex,Neocortex,,CMRgl,cerebral_metabolic_rate,21.4,umol/100g/min,21.4,,10.0,umol/100g/min,conscious,resting_conscious,TRUE,single_primary_reference,single,,reported_via_secondary_compilation,,buchsbaum1989,"(Buchsbaum et al., 1989)","(Buchsbaum et al., 1989)",buchsbaum1989,"(Buchsbaum et al., 1989)",primary,journal_article,resolved,"(Buchsbaum et al., 1989)",buchsbaum1989
821,Homo sapiens,Homo,Kaufman__2004,TableA6,9,9,Neocortex,Neocortex,,CMRgl,cerebral_metabolic_rate,26.3,umol/100g/min,26.3,,7.0,umol/100g/min,conscious,resting_conscious,TRUE,single_primary_reference,single,,reported_via_secondary_compilation,,chugani1987,"(Chugani et al., 1987)","(Chugani et al., 1987)",chugani1987,"(Chugani et al., 1987)",primary,journal_article,resolved,"(Chugani et al., 1987)",chugani1987
822,Homo sapiens,Homo,Kaufman__2004,TableA6,10,10,Neocortex,Neocortex,,CMRgl,cerebral_metabolic_rate,48.8,umol/100g/min,48.8,,32.0,umol/100g/min,conscious,resting_conscious,TRUE,single_primary_reference,single,,reported_via_secondary_compilation,,c2001,"(C larketal., 2001)","(C larketal., 2001)",c2001,"(C larketal., 2001)",primary,journal_article,resolved,"(C larketal., 2001)",c2001
823,Homo sapiens,Homo,Kaufman__2004,TableA6,11,11,Neocortex,Neocortex,,CMRgl,cerebral_metabolic_rate,29.7,umol/100g/min,29.7,,10.0,umol/100g/min,conscious,resting_conscious,TRUE,single_primary_reference,single,,reported_via_secondary_compilation,,delvenne1997,"(Delvenne et al., 1997)","(Delvenne et al., 1997)",delvenne1997,"(Delvenne et al., 1997)",primary,journal_article,resolved,"(Delvenne et al., 1997)",delvenne1997
824,Homo sapiens,Homo,Kaufman__2004,TableA6,12,12,Neocortex,Neocortex,,CMRgl,cerebral_metabolic_rate,29.6,umol/100g/min,29.6,,10.0,umol/100g/min,conscious,resting_conscious,TRUE,single_primary_reference,single,,reported_via_secondary_compilation,,delvenne1999,"(Delvenne et al., 1999)","(Delvenne et al., 1999)",delvenne1999,"(Delvenne et al., 1999)",primary,journal_article,resolved,"(Delvenne et al., 1999)",delvenne1999
825,Homo sapiens,Homo,Kaufman__2004,TableA6,13,13,Neocortex,Neocortex,,CMRgl,cerebral_metabolic_rate,28.4,umol/100g/min,28.4,,18.0,umol/100g/min,conscious,resting_conscious,TRUE,single_primary_reference,single,,reported_via_secondary_compilation,,duara1983,"(Duara et al., 1983)","(Duara et al., 1983)",duara1983,"(Duara et al., 1983)",primary,journal_article,resolved,"(Duara et al., 1983)",duara1983
826,Homo sapiens,Homo,Kaufman__2004,TableA6,14,14,Neocortex,Neocortex,,CMRgl,cerebral_metabolic_rate,40.2,umol/100g/min,40.2,,8.0,umol/100g/min,conscious,resting_conscious,TRUE,single_primary_reference,single,,reported_via_secondary_compilation,,foster1984,"(Foster et al., 1984)","(Foster et al., 1984)",foster1984,"(Foster et al., 1984)",primary,journal_article,resolved,"(Foster et al., 1984)",foster1984
827,Homo sapiens,Homo,Kaufman__2004,TableA6,15,15,Neocortex,Neocortex,,CMRgl,cerebral_metabolic_rate,36.6,umol/100g/min,36.6,,9.0,umol/100g/min,conscious,resting_conscious,TRUE,single_primary_reference,single,,reported_via_secondary_compilation,,fukuyama1994,"(Fukuyama et al., 1994)","(Fukuyama et al., 1994)",fukuyama1994,"(Fukuyama et al., 1994)",primary,journal_article,resolved,"(Fukuyama et al., 1994)",fukuyama1994
828,Homo sapiens,Homo,Kaufman__2004,TableA6,16,16,Neocortex,Neocortex,,CMRgl,cerebral_metabolic_rate,30.8,umol/100g/min,30.8,,13.0,umol/100g/min,conscious,resting_conscious,TRUE,single_primary_reference,single,,reported_via_secondary_compilation,,gilman1990,"(Gilman et al., 1990)","(Gilman et al., 1990)",gilman1990,"(Gilman et al., 1990)",primary,journal_article,resolved,"(Gilman et al., 1990)",gilman1990
829,Homo sapiens,Homo,Kaufman__2004,TableA6,17,17,Neocortex,Neocortex,,CMRgl,cerebral_metabolic_rate,34.1,umol/100g/min,34.1,,10.0,umol/100g/min,conscious,resting_conscious,TRUE,single_primary_reference,single,,reported_via_secondary_compilation,,gilman1990,"(Gilman et al., 1990)","(Gilman et al., 1990)",gilman1990,"(Gilman et al., 1990)",primary,journal_article,resolved,"(Gilman et al., 1990)",gilman1990
830,Homo sapiens,Homo,Kaufman__2004,TableA6,18,18,Neocortex,Neocortex,,CMRgl,cerebral_metabolic_rate,29.4,umol/100g/min,29.4,,9.0,umol/100g/min,conscious,resting_conscious,TRUE,single_primary_reference,single,,reported_via_secondary_compilation,,hasselbalch1994,"(Hasselbalch et al., 1994)","(Hasselbalch et al., 1994)",hasselbalch1994,"(Hasselbalch et al., 1994)",primary,journal_article,resolved,"(Hasselbalch et al., 1994)",hasselbalch1994
831,Homo sapiens,Homo,Kaufman__2004,TableA6,19,19,Neocortex,Neocortex,,CMRgl,cerebral_metabolic_rate,27.8,umol/100g/min,27.8,,26.0,umol/100g/min,conscious,resting_conscious,TRUE,single_primary_reference,single,,reported_via_secondary_compilation,,haxby1985,"(Haxby et al., 1985)","(Haxby et al., 1985)",haxby1985,"(Haxby et al., 1985)",primary,journal_article,resolved,"(Haxby et al., 1985)",haxby1985
832,Homo sapiens,Homo,Kaufman__2004,TableA6,20,20,Neocortex,Neocortex,,CMRgl,cerebral_metabolic_rate,41.1,umol/100g/min,41.1,,6.0,umol/100g/min,conscious,resting_conscious,TRUE,single_primary_reference,single,,reported_via_secondary_compilation,,heiss1985,"(Heiss et al., 1985)","(Heiss et al., 1985)",heiss1985,"(Heiss et al., 1985)",primary,journal_article,resolved,"(Heiss et al., 1985)",heiss1985
833,Homo sapiens,Homo,Kaufman__2004,TableA6,21,21,Neocortex,Neocortex,,CMRgl,cerebral_metabolic_rate,40.7,umol/100g/min,40.7,,15.0,umol/100g/min,conscious,resting_conscious,TRUE,single_primary_reference,single,,reported_via_secondary_compilation,,hirono2000,"(Hirono et al., 2000)","(Hirono et al., 2000)",hirono2000,"(Hirono et al., 2000)",primary,journal_article,resolved,"(Hirono et al., 2000)",hirono2000
834,Homo sapiens,Homo,Kaufman__2004,TableA6,22,22,Neocortex,Neocortex,,CMRgl,cerebral_metabolic_rate,48,umol/100g/min,48.0,,9.0,umol/100g/min,conscious,resting_conscious,TRUE,single_primary_reference,single,,reported_via_secondary_compilation,,hu2000,"(Hu et al., 2000)","(Hu et al., 2000)",hu2000,"(Hu et al., 2000)",primary,journal_article,resolved,"(Hu et al., 2000)",hu2000
835,Homo sapiens,Homo,Kaufman__2004,TableA6,23,23,Neocortex,Neocortex,,CMRgl,cerebral_metabolic_rate,40.9,umol/100g/min,40.9,,22.0,umol/100g/min,conscious,resting_conscious,TRUE,single_primary_reference,single,,reported_via_secondary_compilation,,ishii1998,"(Ishii et al., 1998)","(Ishii et al., 1998)",ishii1998,"(Ishii et al., 1998)",primary,journal_article,resolved,"(Ishii et al., 1998)",ishii1998
836,Homo sapiens,Homo,Kaufman__2004,TableA6,24,24,Neocortex,Neocortex,,CMRgl,cerebral_metabolic_rate,31.8,umol/100g/min,31.8,,12.0,umol/100g/min,conscious,resting_conscious,TRUE,single_primary_reference,single,,reported_via_secondary_compilation,,kaye1990,"(Kaye et al., 1990)","(Kaye et al., 1990)",kaye1990,"(Kaye et al., 1990)",primary,journal_article,resolved,"(Kaye et al., 1990)",kaye1990
837,Homo sapiens,Homo,Kaufman__2004,TableA6,25,25,Neocortex,Neocortex,,CMRgl,cerebral_metabolic_rate,37.8,umol/100g/min,37.8,,8.0,umol/100g/min,conscious,resting_conscious,TRUE,single_primary_reference,single,,reported_via_secondary_compilation,,kuhl1979,"(Kuhl etal., 1979)","(Kuhl etal., 1979)",kuhl1979,"(Kuhl etal., 1979)",primary,journal_article,resolved,"(Kuhl etal., 1979)",kuhl1979
838,Homo sapiens,Homo,Kaufman__2004,TableA6,26,26,Neocortex,Neocortex,,CMRgl,cerebral_metabolic_rate,36.6,umol/100g/min,36.6,,25.0,umol/100g/min,conscious,resting_conscious,TRUE,single_primary_reference,single,,reported_via_secondary_compilation,,kuhl1982,"(Kuhl et al., 1982)","(Kuhl et al., 1982)",kuhl1982,"(Kuhl et al., 1982)",primary,journal_article,resolved,"(Kuhl et al., 1982)",kuhl1982
839,Homo sapiens,Homo,Kaufman__2004,TableA6,27,27,Neocortex,Neocortex,,CMRgl,cerebral_metabolic_rate,44.1,umol/100g/min,44.1,,12.0,umol/100g/min,conscious,resting_conscious,TRUE,single_primary_reference,single,,reported_via_secondary_compilation,,ludolph1992,"(Ludolph et al., 1992)","(Ludolph et al., 1992)",ludolph1992,"(Ludolph et al., 1992)",primary,journal_article,resolved,"(Ludolph et al., 1992)",ludolph1992
840,Homo sapiens,Homo,Kaufman__2004,TableA6,28,28,Neocortex,Neocortex,,CMRgl,cerebral_metabolic_rate,36.1,umol/100g/min,36.1,,8.0,umol/100g/min,conscious,resting_conscious,TRUE,single_primary_reference,single,,reported_via_secondary_compilation,,martinot1990,"(Martinot et al., 1990)","(Martinot et al., 1990)",martinot1990,"(Martinot et al., 1990)",primary,journal_article,resolved,"(Martinot et al., 1990)",martinot1990
841,Homo sapiens,Homo,Kaufman__2004,TableA6,29,29,Neocortex,Neocortex,,CMRgl,cerebral_metabolic_rate,42.8,umol/100g/min,42.8,,7.0,umol/100g/min,conscious,resting_conscious,TRUE,single_primary_reference,single,,reported_via_secondary_compilation,,mazziotta1981,"(Mazziotta et al., 1981)","(Mazziotta et al., 1981)",mazziotta1981,"(Mazziotta et al., 1981)",primary,journal_article,resolved,"(Mazziotta et al., 1981)",mazziotta1981
842,Homo sapiens,Homo,Kaufman__2004,TableA6,30,30,Neocortex,Neocortex,,CMRgl,cerebral_metabolic_rate,33.7,umol/100g/min,33.7,,14.0,umol/100g/min,conscious,resting_conscious,TRUE,single_primary_reference,single,,reported_via_secondary_compilation,,mcnamara1987,"(McNamara et al., 1987)","(McNamara et al., 1987)",mcnamara1987,"(McNamara et al., 1987)",primary,journal_article,resolved,"(McNamara et al., 1987)",mcnamara1987
843,Homo sapiens,Homo,Kaufman__2004,TableA6,31,31,Neocortex,Neocortex,,CMRgl,cerebral_metabolic_rate,36.4,umol/100g/min,36.4,,15.0,umol/100g/min,conscious,resting_conscious,TRUE,single_primary_reference,single,,reported_via_secondary_compilation,,perani1995,"(Perani et al., 1995)","(Perani et al., 1995)",perani1995,"(Perani et al., 1995)",primary,journal_article,resolved,"(Perani et al., 1995)",perani1995
844,Homo sapiens,Homo,Kaufman__2004,TableA6,32,32,Neocortex,Neocortex,,CMRgl,cerebral_metabolic_rate,37.1,umol/100g/min,37.1,,14.0,umol/100g/min,conscious,resting_conscious,TRUE,single_primary_reference,single,,reported_via_secondary_compilation,,phillips1991,"(Phillips et al., 1991)","(Phillips et al., 1991)",phillips1991,"(Phillips et al., 1991)",primary,journal_article,resolved,"(Phillips et al., 1991)",phillips1991
845,Homo sapiens,Homo,Kaufman__2004,TableA6,33,33,Neocortex,Neocortex,,CMRgl,cerebral_metabolic_rate,30,umol/100g/min,30.0,,4.0,umol/100g/min,conscious,resting_conscious,TRUE,single_primary_reference,single,,reported_via_secondary_compilation,,redies1989,"(Redies et al., 1989)","(Redies et al., 1989)",redies1989,"(Redies et al., 1989)",primary,journal_article,resolved,"(Redies et al., 1989)",redies1989
846,Homo sapiens,Homo,Kaufman__2004,TableA6,34,34,Neocortex,Neocortex,,CMRgl,cerebral_metabolic_rate,45.1,umol/100g/min,45.1,,25.0,umol/100g/min,conscious,resting_conscious,TRUE,single_primary_reference,single,,reported_via_secondary_compilation,,sachs1986,"(Sachs et al., 1986)","(Sachs et al., 1986)",sachs1986,"(Sachs et al., 1986)",primary,journal_article,resolved,"(Sachs et al., 1986)",sachs1986
847,Homo sapiens,Homo,Kaufman__2004,TableA6,35,35,Neocortex,Neocortex,,CMRgl,cerebral_metabolic_rate,49.6,umol/100g/min,49.6,,13.0,umol/100g/min,conscious,resting_conscious,TRUE,single_primary_reference,single,,reported_via_secondary_compilation,,schapiro1990,"(Schapiro et al., 1990)","(Schapiro et al., 1990)",schapiro1990,"(Schapiro et al., 1990)",primary,journal_article,resolved,"(Schapiro et al., 1990)",schapiro1990
848,Homo sapiens,Homo,Kaufman__2004,TableA6,36,36,Neocortex,Neocortex,,CMRgl,cerebral_metabolic_rate,33.4,umol/100g/min,33.4,,11.0,umol/100g/min,conscious,resting_conscious,TRUE,single_primary_reference,single,,reported_via_secondary_compilation,,tedeschi1995,"(Tedeschi et al., 1995)","(Tedeschi et al., 1995)",tedeschi1995,"(Tedeschi et al., 1995)",primary,journal_article,resolved,"(Tedeschi et al., 1995)",tedeschi1995
849,Homo sapiens,Homo,Kaufman__2004,TableA6,37,37,Neocortex,Neocortex,,CMRgl,cerebral_metabolic_rate,37.5,umol/100g/min,37.5,,10.0,umol/100g/min,conscious,resting_conscious,TRUE,single_primary_reference,single,,reported_via_secondary_compilation,,tommasino1995,"(Tommasino et al., 1995)","(Tommasino et al., 1995)",tommasino1995,"(Tommasino et al., 1995)",primary,journal_article,resolved,"(Tommasino et al., 1995)",tommasino1995
850,Homo sapiens,Homo,Kaufman__2004,TableA6,38,38,Neocortex,Neocortex,,CMRgl,cerebral_metabolic_rate,38.4,umol/100g/min,38.4,,11.0,umol/100g/min,conscious,resting_conscious,TRUE,single_primary_reference,single,,reported_via_secondary_compilation,,volkow1992,"(Volkow et al., 1992)","(Volkow et al., 1992)",volkow1992,"(Volkow et al., 1992)",primary,journal_article,resolved,"(Volkow et al., 1992)",volkow1992
851,Homo sapiens,Homo,Kaufman__2004,TableA6,39,39,Neocortex,Neocortex,,CMRgl,cerebral_metabolic_rate,40.9,umol/100g/min,40.9,,8.0,umol/100g/min,conscious,resting_conscious,TRUE,single_primary_reference,single,,reported_via_secondary_compilation,,wolkin1988,"(Wolkin et al., 1988)","(Wolkin et al., 1988)",wolkin1988,"(Wolkin et al., 1988)",primary,journal_article,resolved,"(Wolkin et al., 1988)",wolkin1988
852,Homo sapiens,Homo,Kaufman__2004,TableA6,40,40,Neocortex,Neocortex,,CMRgl,cerebral_metabolic_rate,24,umol/100g/min,24.0,,15.0,umol/100g/min,conscious,resting_conscious,TRUE,single_primary_reference,single,,reported_via_secondary_compilation,,wu1992,"(Wu et al., 1992)","(Wu et al., 1992)",wu1992,"(Wu et al., 1992)",primary,journal_article,resolved,"(Wu et al., 1992)",wu1992
853,Homo sapiens,Homo,Kaufman__2004,TableA6,41,41,Neocortex,Neocortex,,CMRgl,cerebral_metabolic_rate,42.9,umol/100g/min,42.9,,30.0,umol/100g/min,conscious,resting_conscious,TRUE,single_primary_reference,single,,reported_via_secondary_compilation,,yoshii1988,"(Yoshii et al., 1988)","(Yoshii et al., 1988)",yoshii1988,"(Yoshii et al., 1988)",primary,journal_article,resolved,"(Yoshii et al., 1988)",yoshii1988
854,Homo sapiens,Homo,Kaufman__2004,TableA6,42,42,Neocortex,Neocortex,,CMRgl,cerebral_metabolic_rate,37.3,umol/100g/min,37.3,,46.0,umol/100g/min,conscious,resting_conscious,TRUE,single_primary_reference,single,,reported_via_secondary_compilation,,yoshii1988,"(Yoshii et al., 1988)","(Yoshii et al., 1988)",yoshii1988,"(Yoshii et al., 1988)",primary,journal_article,resolved,"(Yoshii et al., 1988)",yoshii1988
855,Homo sapiens,Homo,Kaufman__2004,TableA6,43,43,Neocortex,Neocortex,,CMRgl,cerebral_metabolic_rate,34.7,umol/100g/min,34.7,,5.0,umol/100g/min,conscious,resting_conscious,TRUE,single_primary_reference,single,,reported_via_secondary_compilation,,kaufman2004_present,Present Study,Present Study,kaufman2004_present,Present Study,primary,journal_article,resolved,Present Study,kaufman2004_present
856,Homo sapiens,Homo,Kaufman__2004,TableA6,44,44,Neocortex,Neocortex,,CMRgl,cerebral_metabolic_rate,37,umol/100g/min,37.0,,3.0,umol/100g/min,conscious,resting_conscious,TRUE,single_primary_reference,single,,reported_via_secondary_compilation,,de1997,"(De Voider et al., 1997)","(De Voider et al., 1997)",de1997,"(De Voider et al., 1997)",primary,journal_article,resolved,"(De Voider et al., 1997)",de1997
857,Homo sapiens,Homo,Kaufman__2004,TableA6,45,45,Neocortex,Neocortex,,CMRgl,cerebral_metabolic_rate,27.4,umol/100g/min,27.4,,7.0,umol/100g/min,conscious,resting_conscious,TRUE,single_primary_reference,single,,reported_via_secondary_compilation,,frackowiak1988,"(Frackowiak et al., 1988)","(Frackowiak et al., 1988)",frackowiak1988,"(Frackowiak et al., 1988)",primary,journal_article,resolved,"(Frackowiak et al., 1988)",frackowiak1988
858,Homo sapiens,Homo,Kaufman__2004,TableA6,46,46,Neocortex,Neocortex,,CMRgl,cerebral_metabolic_rate,28.7,umol/100g/min,28.7,,7.0,umol/100g/min,conscious,resting_conscious,TRUE,single_primary_reference,single,,reported_via_secondary_compilation,,hatazawa1988,"(Hatazawa et al., 1988)","(Hatazawa et al., 1988)",hatazawa1988,"(Hatazawa et al., 1988)",primary,journal_article,resolved,"(Hatazawa et al., 1988)",hatazawa1988
859,Homo sapiens,Homo,Kaufman__2004,TableA6,47,47,Neocortex,Neocortex,,CMRgl,cerebral_metabolic_rate,38.9,umol/100g/min,38.9,,20.0,umol/100g/min,conscious,resting_conscious,TRUE,single_primary_reference,single,,reported_via_secondary_compilation,,yamaki1996,"(Yamaki et al., 1996)","(Yamaki et al., 1996)",yamaki1996,"(Yamaki et al., 1996)",primary,journal_article,resolved,"(Yamaki et al., 1996)",yamaki1996
860,Homo sapiens,Homo,Kaufman__2004,TableA6,48,48,Neocortex,Neocortex,,CMRgl,cerebral_metabolic_rate,33.5,umol/100g/min,33.5,,7.0,umol/100g/min,conscious,resting_conscious,TRUE,single_primary_reference,single,,reported_via_secondary_compilation,,shishido1996,"(Shishido et al., 1996)","(Shishido et al., 1996)",shishido1996,"(Shishido et al., 1996)",primary,journal_article,resolved,"(Shishido et al., 1996)",shishido1996
861,Homo sapiens,Homo,Kaufman__2004,TableA6,49,49,Neocortex,Neocortex,,CMRgl,cerebral_metabolic_rate,35.6,umol/100g/min,35.6,,7.0,umol/100g/min,conscious,resting_conscious,TRUE,single_primary_reference,single,,reported_via_secondary_compilation,,sasaki1986,"(Sasaki et al., 1986)","(Sasaki et al., 1986)",sasaki1986,"(Sasaki et al., 1986)",primary,journal_article,resolved,"(Sasaki et al., 1986)",sasaki1986
862,Homo sapiens,Homo sapiens,Heiss_etal_2004,TABLE1,10,10,Nucleus_accumbens,Nucleus accumbens,,CMRgl,cerebral_metabolic_rate,32.3,umol/100g/min,32.3,2.39,,umol/100g/min,conscious,resting_conscious,TRUE,single_primary_reference,single,,self_primary_reported_in_compilation,,heiss2004,Heiss et al 2004,Heiss et al 2004,heiss2004,Heiss et al 2004,primary,journal_article,resolved,Heiss et al 2004,heiss2004
863,Homo sapiens,Homo sapiens,Heiss_etal_2004,TABLE1,24,24,Nucleus_dentatus_cerebelli,Nucleus dentatus cerebelli,,CMRgl,cerebral_metabolic_rate,24.2,umol/100g/min,24.2,3.48,,umol/100g/min,conscious,resting_conscious,TRUE,single_primary_reference,single,,self_primary_reported_in_compilation,,heiss2004,Heiss et al 2004,Heiss et al 2004,heiss2004,Heiss et al 2004,primary,journal_article,resolved,Heiss et al 2004,heiss2004
864,Homo sapiens,Homo sapiens,Heiss_etal_2004,TABLE1,21,21,Nucleus_ruber,Nucleus ruber,,CMRgl,cerebral_metabolic_rate,31,umol/100g/min,31.0,3.1,,umol/100g/min,conscious,resting_conscious,TRUE,single_primary_reference,single,,self_primary_reported_in_compilation,,heiss2004,Heiss et al 2004,Heiss et al 2004,heiss2004,Heiss et al 2004,primary,journal_article,resolved,Heiss et al 2004,heiss2004
865,Homo sapiens,Homo sapiens,Heiss_etal_2004,TABLE1,15,15,Nucleus_subthalamicus,Nucleus subthalamicus,,CMRgl,cerebral_metabolic_rate,25.2,umol/100g/min,25.2,3.29,,umol/100g/min,conscious,resting_conscious,TRUE,single_primary_reference,single,,self_primary_reported_in_compilation,,heiss2004,Heiss et al 2004,Heiss et al 2004,heiss2004,Heiss et al 2004,primary,journal_article,resolved,Heiss et al 2004,heiss2004
866,Homo sapiens,Homo sapiens,Heiss_etal_2004,TABLE1,5,5,Occipital_cortex,Occipital lobe,,CMRgl,cerebral_metabolic_rate,35.8,umol/100g/min,35.8,3.12,,umol/100g/min,conscious,resting_conscious,TRUE,single_primary_reference,single,,self_primary_reported_in_compilation,,heiss2004,Heiss et al 2004,Heiss et al 2004,heiss2004,Heiss et al 2004,primary,journal_article,resolved,Heiss et al 2004,heiss2004
867,Homo sapiens,human,Karbowski__2007,TableS9,7,7,Occipital_cortex,Occipital cortex,Occipital cortex,CMRgl,cerebral_metabolic_rate,0.32,umol/g/min,32.0,3.0,,umol/100g/min,unknown,resting_unknown,FALSE,single_primary_reference,single,,reported_via_secondary_compilation,duplicate_secondary_compilation,redies1989,Redies et al 1989,Redies et al 1989,redies1989,Redies et al 1989,primary,journal_article,resolved,Redies et al 1989,redies1989
868,Homo sapiens,human,Karbowski__2007,TableS9,8,8,Occipital_cortex,Occipital cortex,Occipital cortex,CMRgl,cerebral_metabolic_rate,0.28,umol/g/min,28.000000000000004,2.0,,umol/100g/min,unknown,resting_unknown,TRUE,single_primary_reference,single,,reported_via_secondary_compilation,,blomqvist1998,Blomqvist et al 1998,Blomqvist et al 1998,blomqvist1998,Blomqvist et al 1998,primary,journal_article,resolved,Blomqvist et al 1998,blomqvist1998
869,Homo sapiens,human,Karbowski__2007,TableS9,9,9,Occipital_cortex,Occipital cortex,Occipital cortex,CMRgl,cerebral_metabolic_rate,0.29,umol/g/min,28.999999999999996,5.0,,umol/100g/min,unknown,resting_unknown,TRUE,single_primary_reference,single,,reported_via_secondary_compilation,,maquet1992,Maquet et al 1992,Maquet et al 1992,maquet1992,Maquet et al 1992,primary,journal_article,resolved,Maquet et al 1992,maquet1992
870,Homo sapiens,human,Karbowski__2007,TableS9,10,10,Occipital_cortex,Occipital cortex,Occipital cortex,CMRgl,cerebral_metabolic_rate,0.42,umol/g/min,42.0,12.0,,umol/100g/min,unknown,resting_unknown,TRUE,single_primary_reference,single,,reported_via_secondary_compilation,,haier1992,Haier et al 1992,Haier et al 1992,haier1992,Haier et al 1992,primary,journal_article,resolved,Haier et al 1992,haier1992
871,Homo sapiens,human,Karbowski__2007,TableS9,11,11,Occipital_cortex,Occipital cortex,Occipital cortex,CMRgl,cerebral_metabolic_rate,0.33,umol/g/min,33.0,4.0,,umol/100g/min,unknown,resting_unknown,TRUE,single_primary_reference,single,,reported_via_secondary_compilation,,bline1991,Bline et al 1991,Bline et al 1991,bline1991,Bline et al 1991,primary,journal_article,resolved,Bline et al 1991,bline1991
872,Homo sapiens,Homo,Kaufman__2004,TableA11,1,1,Occipital_cortex,Occipital Cortex,,CMRgl,cerebral_metabolic_rate,33.7,umol/100g/min,33.7,,6.0,umol/100g/min,conscious,resting_conscious,TRUE,single_primary_reference,single,,reported_via_secondary_compilation,,alkire1995,"(Alkire et al., 1995)","(Alkire et al., 1995)",alkire1995,"(Alkire et al., 1995)",primary,journal_article,resolved,"(Alkire et al., 1995)",alkire1995
873,Homo sapiens,Homo,Kaufman__2004,TableA11,2,2,Occipital_cortex,Occipital Cortex,,CMRgl,cerebral_metabolic_rate,40.3,umol/100g/min,40.3,,18.0,umol/100g/min,conscious,resting_conscious,TRUE,single_primary_reference,single,,reported_via_secondary_compilation,,bokde2001,"(Bokde et al., 2001)","(Bokde et al., 2001)",bokde2001,"(Bokde et al., 2001)",primary,journal_article,resolved,"(Bokde et al., 2001)",bokde2001
874,Homo sapiens,Homo,Kaufman__2004,TableA11,3,3,Occipital_cortex,Occipital Cortex,,CMRgl,cerebral_metabolic_rate,33.6,umol/100g/min,33.6,,27.0,umol/100g/min,conscious,resting_conscious,TRUE,single_primary_reference,single,,reported_via_secondary_compilation,,brooks1987,"(Brooks et al., 1987)","(Brooks et al., 1987)",brooks1987,"(Brooks et al., 1987)",primary,journal_article,resolved,"(Brooks et al., 1987)",brooks1987
875,Homo sapiens,Homo,Kaufman__2004,TableA11,4,4,Occipital_cortex,Occipital Cortex,,CMRgl,cerebral_metabolic_rate,28.7,umol/100g/min,28.7,,7.0,umol/100g/min,conscious,resting_conscious,TRUE,single_primary_reference,single,,reported_via_secondary_compilation,,chugani1987,"(Chugani et al., 1987)","(Chugani et al., 1987)",chugani1987,"(Chugani et al., 1987)",primary,journal_article,resolved,"(Chugani et al., 1987)",chugani1987
876,Homo sapiens,Homo,Kaufman__2004,TableA11,5,5,Occipital_cortex,Occipital Cortex,,CMRgl,cerebral_metabolic_rate,29,umol/100g/min,29.0,,18.0,umol/100g/min,conscious,resting_conscious,TRUE,single_primary_reference,single,,reported_via_secondary_compilation,,duara1983,"(Duara et al., 1983)","(Duara et al., 1983)",duara1983,"(Duara et al., 1983)",primary,journal_article,resolved,"(Duara et al., 1983)",duara1983
877,Homo sapiens,Homo,Kaufman__2004,TableA11,6,6,Occipital_cortex,Occipital Cortex,,CMRgl,cerebral_metabolic_rate,31.7,umol/100g/min,31.7,,9.0,umol/100g/min,conscious,resting_conscious,TRUE,single_primary_reference,single,,reported_via_secondary_compilation,,hasselbalch1994,"(Hasselbalch et al., 1994)","(Hasselbalch et al., 1994)",hasselbalch1994,"(Hasselbalch et al., 1994)",primary,journal_article,resolved,"(Hasselbalch et al., 1994)",hasselbalch1994
878,Homo sapiens,Homo,Kaufman__2004,TableA11,7,7,Occipital_cortex,Occipital Cortex,,CMRgl,cerebral_metabolic_rate,28.7,umol/100g/min,28.7,,26.0,umol/100g/min,conscious,resting_conscious,TRUE,single_primary_reference,single,,reported_via_secondary_compilation,,haxby1985,"(Haxby et al., 1985)","(Haxby et al., 1985)",haxby1985,"(Haxby et al., 1985)",primary,journal_article,resolved,"(Haxby et al., 1985)",haxby1985
879,Homo sapiens,Homo,Kaufman__2004,TableA11,8,8,Occipital_cortex,Occipital Cortex,,CMRgl,cerebral_metabolic_rate,38.1,umol/100g/min,38.1,,6.0,umol/100g/min,conscious,resting_conscious,TRUE,single_primary_reference,single,,reported_via_secondary_compilation,,heiss1985,"(Heiss et al., 1985)","(Heiss et al., 1985)",heiss1985,"(Heiss et al., 1985)",primary,journal_article,resolved,"(Heiss et al., 1985)",heiss1985
880,Homo sapiens,Homo,Kaufman__2004,TableA11,9,9,Occipital_cortex,Occipital Cortex,,CMRgl,cerebral_metabolic_rate,42.7,umol/100g/min,42.7,,15.0,umol/100g/min,conscious,resting_conscious,TRUE,single_primary_reference,single,,reported_via_secondary_compilation,,hirono2000,"(Hirono et al., 2000)","(Hirono et al., 2000)",hirono2000,"(Hirono et al., 2000)",primary,journal_article,resolved,"(Hirono et al., 2000)",hirono2000
881,Homo sapiens,Homo,Kaufman__2004,TableA11,10,10,Occipital_cortex,Occipital Cortex,,CMRgl,cerebral_metabolic_rate,51.2,umol/100g/min,51.2,,9.0,umol/100g/min,conscious,resting_conscious,TRUE,single_primary_reference,single,,reported_via_secondary_compilation,,hu2000,"(Hu et al., 2000)","(Hu et al., 2000)",hu2000,"(Hu et al., 2000)",primary,journal_article,resolved,"(Hu et al., 2000)",hu2000
882,Homo sapiens,Homo,Kaufman__2004,TableA11,11,11,Occipital_cortex,Occipital Cortex,,CMRgl,cerebral_metabolic_rate,39.6,umol/100g/min,39.6,,8.0,umol/100g/min,conscious,resting_conscious,TRUE,single_primary_reference,single,,reported_via_secondary_compilation,,kuhl1979,"(Kuhl et al., 1979)","(Kuhl et al., 1979)",kuhl1979,"(Kuhl et al., 1979)",primary,journal_article,resolved,"(Kuhl et al., 1979)",kuhl1979
883,Homo sapiens,Homo,Kaufman__2004,TableA11,12,12,Occipital_cortex,Occipital Cortex,,CMRgl,cerebral_metabolic_rate,43.9,umol/100g/min,43.9,,12.0,umol/100g/min,conscious,resting_conscious,TRUE,single_primary_reference,single,,reported_via_secondary_compilation,,ludolph1992,"(Ludolph et al., 1992)","(Ludolph et al., 1992)",ludolph1992,"(Ludolph et al., 1992)",primary,journal_article,resolved,"(Ludolph et al., 1992)",ludolph1992
884,Homo sapiens,Homo,Kaufman__2004,TableA11,13,13,Occipital_cortex,Occipital Cortex,,CMRgl,cerebral_metabolic_rate,40.4,umol/100g/min,40.4,,7.0,umol/100g/min,conscious,resting_conscious,TRUE,single_primary_reference,single,,reported_via_secondary_compilation,,mazziotta1981,"(Mazziotta et al., 1981)","(Mazziotta et al., 1981)",mazziotta1981,"(Mazziotta et al., 1981)",primary,journal_article,resolved,"(Mazziotta et al., 1981)",mazziotta1981
885,Homo sapiens,Homo,Kaufman__2004,TableA11,14,14,Occipital_cortex,Occipital Cortex,,CMRgl,cerebral_metabolic_rate,44.9,umol/100g/min,44.9,,15.0,umol/100g/min,conscious,resting_conscious,TRUE,single_primary_reference,single,,reported_via_secondary_compilation,,perani1995,"(Perani et al., 1995)","(Perani et al., 1995)",perani1995,"(Perani et al., 1995)",primary,journal_article,resolved,"(Perani et al., 1995)",perani1995
886,Homo sapiens,Homo,Kaufman__2004,TableA11,15,15,Occipital_cortex,Occipital Cortex,,CMRgl,cerebral_metabolic_rate,39,umol/100g/min,39.0,,14.0,umol/100g/min,conscious,resting_conscious,TRUE,single_primary_reference,single,,reported_via_secondary_compilation,,phillips1991,"(Phillips et al., 1991)","(Phillips et al., 1991)",phillips1991,"(Phillips et al., 1991)",primary,journal_article,resolved,"(Phillips et al., 1991)",phillips1991
887,Homo sapiens,Homo,Kaufman__2004,TableA11,16,16,Occipital_cortex,Occipital Cortex,,CMRgl,cerebral_metabolic_rate,32,umol/100g/min,32.0,,4.0,umol/100g/min,conscious,resting_conscious,TRUE,single_primary_reference,single,,reported_via_secondary_compilation,,redies1989,"(Redies et al., 1989)","(Redies et al., 1989)",redies1989,"(Redies et al., 1989)",primary,journal_article,resolved,"(Redies et al., 1989)",redies1989
888,Homo sapiens,Homo,Kaufman__2004,TableA11,17,17,Occipital_cortex,Occipital Cortex,,CMRgl,cerebral_metabolic_rate,32.1,umol/100g/min,32.1,,16.0,umol/100g/min,conscious,resting_conscious,TRUE,single_primary_reference,single,,reported_via_secondary_compilation,,rudolf2000,"(Rudolf et al., 2000)","(Rudolf et al., 2000)",rudolf2000,"(Rudolf et al., 2000)",primary,journal_article,resolved,"(Rudolf et al., 2000)",rudolf2000
889,Homo sapiens,Homo,Kaufman__2004,TableA11,18,18,Occipital_cortex,Occipital Cortex,,CMRgl,cerebral_metabolic_rate,46.9,umol/100g/min,46.9,,25.0,umol/100g/min,conscious,resting_conscious,TRUE,single_primary_reference,single,,reported_via_secondary_compilation,,sachs1986,"(Sachs et al., 1986)","(Sachs et al., 1986)",sachs1986,"(Sachs et al., 1986)",primary,journal_article,resolved,"(Sachs et al., 1986)",sachs1986
890,Homo sapiens,Homo,Kaufman__2004,TableA11,19,19,Occipital_cortex,Occipital Cortex,,CMRgl,cerebral_metabolic_rate,46.3,umol/100g/min,46.3,,13.0,umol/100g/min,conscious,resting_conscious,TRUE,single_primary_reference,single,,reported_via_secondary_compilation,,schapiro1990,"(Schapiro et al., 1990)","(Schapiro et al., 1990)",schapiro1990,"(Schapiro et al., 1990)",primary,journal_article,resolved,"(Schapiro et al., 1990)",schapiro1990
891,Homo sapiens,Homo,Kaufman__2004,TableA11,20,20,Occipital_cortex,Occipital Cortex,,CMRgl,cerebral_metabolic_rate,36.1,umol/100g/min,36.1,,11.0,umol/100g/min,conscious,resting_conscious,TRUE,single_primary_reference,single,,reported_via_secondary_compilation,,tedeschi1995,"(Tedeschi et al., 1995)","(Tedeschi et al., 1995)",tedeschi1995,"(Tedeschi et al., 1995)",primary,journal_article,resolved,"(Tedeschi et al., 1995)",tedeschi1995
892,Homo sapiens,Homo,Kaufman__2004,TableA11,21,21,Occipital_cortex,Occipital Cortex,,CMRgl,cerebral_metabolic_rate,41.8,umol/100g/min,41.8,,10.0,umol/100g/min,conscious,resting_conscious,TRUE,single_primary_reference,single,,reported_via_secondary_compilation,,tommasino1995,"(Tommasino et al., 1995)","(Tommasino et al., 1995)",tommasino1995,"(Tommasino et al., 1995)",primary,journal_article,resolved,"(Tommasino et al., 1995)",tommasino1995
893,Homo sapiens,Homo,Kaufman__2004,TableA11,22,22,Occipital_cortex,Occipital Cortex,,CMRgl,cerebral_metabolic_rate,48.8,umol/100g/min,48.8,,11.0,umol/100g/min,conscious,resting_conscious,TRUE,single_primary_reference,single,,reported_via_secondary_compilation,,volkow1992,"(Volkow et al., 1992)","(Volkow et al., 1992)",volkow1992,"(Volkow et al., 1992)",primary,journal_article,resolved,"(Volkow et al., 1992)",volkow1992
894,Homo sapiens,Homo,Kaufman__2004,TableA11,23,23,Occipital_cortex,Occipital Cortex,,CMRgl,cerebral_metabolic_rate,45,umol/100g/min,45.0,,30.0,umol/100g/min,conscious,resting_conscious,TRUE,single_primary_reference,single,,reported_via_secondary_compilation,,yoshii1988,"(Yoshii et al., 1988)","(Yoshii et al., 1988)",yoshii1988,"(Yoshii et al., 1988)",primary,journal_article,resolved,"(Yoshii et al., 1988)",yoshii1988
895,Homo sapiens,Homo,Kaufman__2004,TableA11,24,24,Occipital_cortex,Occipital Cortex,,CMRgl,cerebral_metabolic_rate,41.1,umol/100g/min,41.1,,46.0,umol/100g/min,conscious,resting_conscious,TRUE,single_primary_reference,single,,reported_via_secondary_compilation,,yoshii1988,"(Yoshii et al., 1988)","(Yoshii et al., 1988)",yoshii1988,"(Yoshii et al., 1988)",primary,journal_article,resolved,"(Yoshii et al., 1988)",yoshii1988
896,Homo sapiens,Homo,Kaufman__2004,TableA11,25,25,Occipital_cortex,Occipital Cortex,,CMRgl,cerebral_metabolic_rate,28,umol/100g/min,28.0,,5.0,umol/100g/min,conscious,resting_conscious,TRUE,single_primary_reference,single,,reported_via_secondary_compilation,,kaufman2004_present,Present Study,Present Study,kaufman2004_present,Present Study,primary,journal_article,resolved,Present Study,kaufman2004_present
897,Homo sapiens,Homo,Kaufman__2004,TableA11,26,26,Occipital_cortex,Occipital Cortex,,CMRgl,cerebral_metabolic_rate,36.5,umol/100g/min,36.5,,3.0,umol/100g/min,conscious,resting_conscious,TRUE,single_primary_reference,single,,reported_via_secondary_compilation,,de1997,"(De Voider et al., 1997)","(De Voider et al., 1997)",de1997,"(De Voider et al., 1997)",primary,journal_article,resolved,"(De Voider et al., 1997)",de1997
898,Homo sapiens,Homo,Kaufman__2004,TableA11,27,27,Occipital_cortex,Occipital Cortex,,CMRgl,cerebral_metabolic_rate,36.6,umol/100g/min,36.6,,9.0,umol/100g/min,conscious,resting_conscious,TRUE,single_primary_reference,single,,reported_via_secondary_compilation,,fukuyama1994,"(Fukuyama et al., 1994)","(Fukuyama et al., 1994)",fukuyama1994,"(Fukuyama et al., 1994)",primary,journal_article,resolved,"(Fukuyama et al., 1994)",fukuyama1994
899,Homo sapiens,Homo,Kaufman__2004,TableA11,28,28,Occipital_cortex,Occipital Cortex,,CMRgl,cerebral_metabolic_rate,35.4,umol/100g/min,35.4,,7.0,umol/100g/min,conscious,resting_conscious,TRUE,single_primary_reference,single,,reported_via_secondary_compilation,,sasaki1986,"(Sasaki et al., 1986)","(Sasaki et al., 1986)",sasaki1986,"(Sasaki et al., 1986)",primary,journal_article,resolved,"(Sasaki et al., 1986)",sasaki1986
900,Homo sapiens,Homo,Kaufman__2004,TableA11,29,29,Occipital_cortex,Occipital Cortex,,CMRgl,cerebral_metabolic_rate,28,umol/100g/min,28.0,,20.0,umol/100g/min,conscious,resting_conscious,TRUE,single_primary_reference,single,,reported_via_secondary_compilation,,yamaki1996,"(Yamaki et al., 1996)","(Yamaki et al., 1996)",yamaki1996,"(Yamaki et al., 1996)",primary,journal_article,resolved,"(Yamaki et al., 1996)",yamaki1996
901,Homo sapiens,Homo sapiens,Heiss_etal_2004,TABLE1,11,11,Pallidum,Pallidum,,CMRgl,cerebral_metabolic_rate,21.9,umol/100g/min,21.9,2.26,,umol/100g/min,conscious,resting_conscious,TRUE,single_primary_reference,single,,self_primary_reported_in_compilation,,heiss2004,Heiss et al 2004,Heiss et al 2004,heiss2004,Heiss et al 2004,primary,journal_article,resolved,Heiss et al 2004,heiss2004
902,Homo sapiens,Homo sapiens,Heiss_etal_2004,TABLE1,3,3,Parietal_cortex,Parietal lobe,,CMRgl,cerebral_metabolic_rate,35.8,umol/100g/min,35.8,3.23,,umol/100g/min,conscious,resting_conscious,TRUE,single_primary_reference,single,,self_primary_reported_in_compilation,,heiss2004,Heiss et al 2004,Heiss et al 2004,heiss2004,Heiss et al 2004,primary,journal_article,resolved,Heiss et al 2004,heiss2004
903,Homo sapiens,human,Karbowski__2007,TableS10,9,9,Parietal_cortex,Parietal cortex,Parietal cortex,CMRgl,cerebral_metabolic_rate,0.27,umol/g/min,27.0,2.0,,umol/100g/min,unknown,resting_unknown,TRUE,single_primary_reference,single,,reported_via_secondary_compilation,,blomqvist1998,Blomqvist et al 1998,Blomqvist et al 1998,blomqvist1998,Blomqvist et al 1998,primary,journal_article,resolved,Blomqvist et al 1998,blomqvist1998
904,Homo sapiens,human,Karbowski__2007,TableS10,10,10,Parietal_cortex,Parietal cortex,Parietal cortex,CMRgl,cerebral_metabolic_rate,0.37,umol/g/min,37.0,2.0,,umol/100g/min,unknown,resting_unknown,FALSE,single_primary_reference,single,,reported_via_secondary_compilation,duplicate_secondary_compilation,heiss1985,Heiss et al 1985,Heiss et al 1985,heiss1985,Heiss et al 1985,primary,journal_article,resolved,Heiss et al 1985,heiss1985
905,Homo sapiens,human,Karbowski__2007,TableS10,11,11,Parietal_cortex,Parietal cortex,Parietal cortex,CMRgl,cerebral_metabolic_rate,0.43,umol/g/min,43.0,15.0,,umol/100g/min,unknown,resting_unknown,TRUE,single_primary_reference,single,,reported_via_secondary_compilation,,haier1992,Haier et al 1992,Haier et al 1992,haier1992,Haier et al 1992,primary,journal_article,resolved,Haier et al 1992,haier1992
906,Homo sapiens,human,Karbowski__2007,TableS10,12,12,Parietal_cortex,Parietal cortex,Parietal cortex,CMRgl,cerebral_metabolic_rate,0.33,umol/g/min,33.0,4.0,,umol/100g/min,unknown,resting_unknown,TRUE,single_primary_reference,single,,reported_via_secondary_compilation,,blin1991,Blin et al 1991,Blin et al 1991,blin1991,Blin et al 1991,primary,journal_article,resolved,Blin et al 1991,blin1991
907,Homo sapiens,Homo,Kaufman__2004,TableA8,1,1,Parietal_cortex,Parietal Cortex,,CMRgl,cerebral_metabolic_rate,37.2,umol/100g/min,37.2,,6.0,umol/100g/min,conscious,resting_conscious,TRUE,single_primary_reference,single,,reported_via_secondary_compilation,,alkire1995,"(Alkire et al., 1995)","(Alkire et al., 1995)",alkire1995,"(Alkire et al., 1995)",primary,journal_article,resolved,"(Alkire et al., 1995)",alkire1995
908,Homo sapiens,Homo,Kaufman__2004,TableA8,2,2,Parietal_cortex,Parietal Cortex,,CMRgl,cerebral_metabolic_rate,23,umol/100g/min,23.0,,7.0,umol/100g/min,conscious,resting_conscious,TRUE,single_primary_reference,single,,reported_via_secondary_compilation,,baxter1987,"(Baxter et al., 1987)","(Baxter et al., 1987)",baxter1987,"(Baxter et al., 1987)",primary,journal_article,resolved,"(Baxter et al., 1987)",baxter1987
909,Homo sapiens,Homo,Kaufman__2004,TableA8,3,3,Parietal_cortex,Parietal Cortex,,CMRgl,cerebral_metabolic_rate,29.3,umol/100g/min,29.3,,7.0,umol/100g/min,conscious,resting_conscious,TRUE,single_primary_reference,single,,reported_via_secondary_compilation,,baxter1987,"(Baxter et al., 1987)","(Baxter et al., 1987)",baxter1987,"(Baxter et al., 1987)",primary,journal_article,resolved,"(Baxter et al., 1987)",baxter1987
910,Homo sapiens,Homo,Kaufman__2004,TableA8,4,4,Parietal_cortex,Parietal Cortex,,CMRgl,cerebral_metabolic_rate,45,umol/100g/min,45.0,,18.0,umol/100g/min,conscious,resting_conscious,TRUE,single_primary_reference,single,,reported_via_secondary_compilation,,bokde2001,"(Bokde et al., 2001)","(Bokde et al., 2001)",bokde2001,"(Bokde et al., 2001)",primary,journal_article,resolved,"(Bokde et al., 2001)",bokde2001
911,Homo sapiens,Homo,Kaufman__2004,TableA8,5,5,Parietal_cortex,Parietal Cortex,,CMRgl,cerebral_metabolic_rate,36.1,umol/100g/min,36.1,,27.0,umol/100g/min,conscious,resting_conscious,TRUE,single_primary_reference,single,,reported_via_secondary_compilation,,brooks1987,"(Brooks et al., 1987)","(Brooks et al., 1987)",brooks1987,"(Brooks et al., 1987)",primary,journal_article,resolved,"(Brooks et al., 1987)",brooks1987
912,Homo sapiens,Homo,Kaufman__2004,TableA8,6,6,Parietal_cortex,Parietal Cortex,,CMRgl,cerebral_metabolic_rate,23.2,umol/100g/min,23.2,,10.0,umol/100g/min,conscious,resting_conscious,TRUE,single_primary_reference,single,,reported_via_secondary_compilation,,buchsbaum1989,"(Buchsbaum et al., 1989)","(Buchsbaum et al., 1989)",buchsbaum1989,"(Buchsbaum et al., 1989)",primary,journal_article,resolved,"(Buchsbaum et al., 1989)",buchsbaum1989
913,Homo sapiens,Homo,Kaufman__2004,TableA8,7,7,Parietal_cortex,Parietal Cortex,,CMRgl,cerebral_metabolic_rate,24.2,umol/100g/min,24.2,,7.0,umol/100g/min,conscious,resting_conscious,TRUE,single_primary_reference,single,,reported_via_secondary_compilation,,chugani1987,"(Chugani et al., 1987)","(Chugani et al., 1987)",chugani1987,"(Chugani et al., 1987)",primary,journal_article,resolved,"(Chugani et al., 1987)",chugani1987
914,Homo sapiens,Homo,Kaufman__2004,TableA8,8,8,Parietal_cortex,Parietal Cortex,,CMRgl,cerebral_metabolic_rate,51.5,umol/100g/min,51.5,,32.0,umol/100g/min,conscious,resting_conscious,TRUE,single_primary_reference,single,,reported_via_secondary_compilation,,clark2001,"(Clark et al., 2001)","(Clark et al., 2001)",clark2001,"(Clark et al., 2001)",primary,journal_article,resolved,"(Clark et al., 2001)",clark2001
915,Homo sapiens,Homo,Kaufman__2004,TableA8,9,9,Parietal_cortex,Parietal Cortex,,CMRgl,cerebral_metabolic_rate,32.3,umol/100g/min,32.3,,10.0,umol/100g/min,conscious,resting_conscious,TRUE,single_primary_reference,single,,reported_via_secondary_compilation,,delvenne1997,"(Delvenne et al., 1997)","(Delvenne et al., 1997)",delvenne1997,"(Delvenne et al., 1997)",primary,journal_article,resolved,"(Delvenne et al., 1997)",delvenne1997
916,Homo sapiens,Homo,Kaufman__2004,TableA8,10,10,Parietal_cortex,Parietal Cortex,,CMRgl,cerebral_metabolic_rate,32.2,umol/100g/min,32.2,,10.0,umol/100g/min,conscious,resting_conscious,TRUE,single_primary_reference,single,,reported_via_secondary_compilation,,delvenne1997,"(Delvenne et al., 1997)","(Delvenne et al., 1997)",delvenne1997,"(Delvenne et al., 1997)",primary,journal_article,resolved,"(Delvenne et al., 1997)",delvenne1997
917,Homo sapiens,Homo,Kaufman__2004,TableA8,11,11,Parietal_cortex,Parietal Cortex,,CMRgl,cerebral_metabolic_rate,31,umol/100g/min,31.0,,18.0,umol/100g/min,conscious,resting_conscious,TRUE,single_primary_reference,single,,reported_via_secondary_compilation,,duara1983,"(Duara et al., 1983)","(Duara et al., 1983)",duara1983,"(Duara et al., 1983)",primary,journal_article,resolved,"(Duara et al., 1983)",duara1983
918,Homo sapiens,Homo,Kaufman__2004,TableA8,12,12,Parietal_cortex,Parietal Cortex,,CMRgl,cerebral_metabolic_rate,26.6,umol/100g/min,26.6,,9.0,umol/100g/min,conscious,resting_conscious,TRUE,single_primary_reference,single,,reported_via_secondary_compilation,,hasselbalch1994,"(Hasselbalch et al., 1994)","(Hasselbalch et al., 1994)",hasselbalch1994,"(Hasselbalch et al., 1994)",primary,journal_article,resolved,"(Hasselbalch et al., 1994)",hasselbalch1994
919,Homo sapiens,Homo,Kaufman__2004,TableA8,13,13,Parietal_cortex,Parietal Cortex,,CMRgl,cerebral_metabolic_rate,28.1,umol/100g/min,28.1,,26.0,umol/100g/min,conscious,resting_conscious,TRUE,single_primary_reference,single,,reported_via_secondary_compilation,,haxby1985,"(Haxby et al., 1985)","(Haxby et al., 1985)",haxby1985,"(Haxby et al., 1985)",primary,journal_article,resolved,"(Haxby et al., 1985)",haxby1985
920,Homo sapiens,Homo,Kaufman__2004,TableA8,14,14,Parietal_cortex,Parietal Cortex,,CMRgl,cerebral_metabolic_rate,38.5,umol/100g/min,38.5,,6.0,umol/100g/min,conscious,resting_conscious,TRUE,single_primary_reference,single,,reported_via_secondary_compilation,,heiss1985,"(Heiss et al., 1985)","(Heiss et al., 1985)",heiss1985,"(Heiss et al., 1985)",primary,journal_article,resolved,"(Heiss et al., 1985)",heiss1985
921,Homo sapiens,Homo,Kaufman__2004,TableA8,15,15,Parietal_cortex,Parietal Cortex,,CMRgl,cerebral_metabolic_rate,41.2,umol/100g/min,41.2,,15.0,umol/100g/min,conscious,resting_conscious,TRUE,single_primary_reference,single,,reported_via_secondary_compilation,,hirono2000,"(Hirono et al., 2000)","(Hirono et al., 2000)",hirono2000,"(Hirono et al., 2000)",primary,journal_article,resolved,"(Hirono et al., 2000)",hirono2000
922,Homo sapiens,Homo,Kaufman__2004,TableA8,16,16,Parietal_cortex,Parietal Cortex,,CMRgl,cerebral_metabolic_rate,58.5,umol/100g/min,58.5,,9.0,umol/100g/min,conscious,resting_conscious,TRUE,single_primary_reference,single,,reported_via_secondary_compilation,,hu2000,"(Hu et al., 2000)","(Hu et al., 2000)",hu2000,"(Hu et al., 2000)",primary,journal_article,resolved,"(Hu et al., 2000)",hu2000
923,Homo sapiens,Homo,Kaufman__2004,TableA8,17,17,Parietal_cortex,Parietal Cortex,,CMRgl,cerebral_metabolic_rate,42.6,umol/100g/min,42.6,,22.0,umol/100g/min,conscious,resting_conscious,TRUE,single_primary_reference,single,,reported_via_secondary_compilation,,ishii1998,"(Ishii et al., 1998)","(Ishii et al., 1998)",ishii1998,"(Ishii et al., 1998)",primary,journal_article,resolved,"(Ishii et al., 1998)",ishii1998
924,Homo sapiens,Homo,Kaufman__2004,TableA8,18,18,Parietal_cortex,Parietal Cortex,,CMRgl,cerebral_metabolic_rate,31.4,umol/100g/min,31.4,,12.0,umol/100g/min,conscious,resting_conscious,TRUE,single_primary_reference,single,,reported_via_secondary_compilation,,kaye1990,"(Kaye et al., 1990)","(Kaye et al., 1990)",kaye1990,"(Kaye et al., 1990)",primary,journal_article,resolved,"(Kaye et al., 1990)",kaye1990
925,Homo sapiens,Homo,Kaufman__2004,TableA8,19,19,Parietal_cortex,Parietal Cortex,,CMRgl,cerebral_metabolic_rate,35.7,umol/100g/min,35.7,,8.0,umol/100g/min,conscious,resting_conscious,TRUE,single_primary_reference,single,,reported_via_secondary_compilation,,kuhl1979,"(Kuhl et al., 1979)","(Kuhl et al., 1979)",kuhl1979,"(Kuhl et al., 1979)",primary,journal_article,resolved,"(Kuhl et al., 1979)",kuhl1979
926,Homo sapiens,Homo,Kaufman__2004,TableA8,20,20,Parietal_cortex,Parietal Cortex,,CMRgl,cerebral_metabolic_rate,35.7,umol/100g/min,35.7,,25.0,umol/100g/min,conscious,resting_conscious,TRUE,single_primary_reference,single,,reported_via_secondary_compilation,,kuhl1982,"(Kuhl et al., 1982)","(Kuhl et al., 1982)",kuhl1982,"(Kuhl et al., 1982)",primary,journal_article,resolved,"(Kuhl et al., 1982)",kuhl1982
927,Homo sapiens,Homo,Kaufman__2004,TableA8,21,21,Parietal_cortex,Parietal Cortex,,CMRgl,cerebral_metabolic_rate,43.1,umol/100g/min,43.1,,7.0,umol/100g/min,conscious,resting_conscious,TRUE,single_primary_reference,single,,reported_via_secondary_compilation,,mazziotta1981,"(Mazziotta et al., 1981)","(Mazziotta et al., 1981)",mazziotta1981,"(Mazziotta et al., 1981)",primary,journal_article,resolved,"(Mazziotta et al., 1981)",mazziotta1981
928,Homo sapiens,Homo,Kaufman__2004,TableA8,22,22,Parietal_cortex,Parietal Cortex,,CMRgl,cerebral_metabolic_rate,32.1,umol/100g/min,32.1,,14.0,umol/100g/min,conscious,resting_conscious,TRUE,single_primary_reference,single,,reported_via_secondary_compilation,,mcnamara1987,"(McNamara et al., 1987)","(McNamara et al., 1987)",mcnamara1987,"(McNamara et al., 1987)",primary,journal_article,resolved,"(McNamara et al., 1987)",mcnamara1987
929,Homo sapiens,Homo,Kaufman__2004,TableA8,23,23,Parietal_cortex,Parietal Cortex,,CMRgl,cerebral_metabolic_rate,37.7,umol/100g/min,37.7,,15.0,umol/100g/min,conscious,resting_conscious,TRUE,single_primary_reference,single,,reported_via_secondary_compilation,,perani1995,"(Perani et al., 1995)","(Perani et al., 1995)",perani1995,"(Perani et al., 1995)",primary,journal_article,resolved,"(Perani et al., 1995)",perani1995
930,Homo sapiens,Homo,Kaufman__2004,TableA8,24,24,Parietal_cortex,Parietal Cortex,,CMRgl,cerebral_metabolic_rate,35.2,umol/100g/min,35.2,,14.0,umol/100g/min,conscious,resting_conscious,TRUE,single_primary_reference,single,,reported_via_secondary_compilation,,phillips1991,"(Phillips et al., 1991)","(Phillips et al., 1991)",phillips1991,"(Phillips et al., 1991)",primary,journal_article,resolved,"(Phillips et al., 1991)",phillips1991
931,Homo sapiens,Homo,Kaufman__2004,TableA8,25,25,Parietal_cortex,Parietal Cortex,,CMRgl,cerebral_metabolic_rate,32.1,umol/100g/min,32.1,,16.0,umol/100g/min,conscious,resting_conscious,TRUE,single_primary_reference,single,,reported_via_secondary_compilation,,rudolf2000,"(Rudolf et al., 2000)","(Rudolf et al., 2000)",rudolf2000,"(Rudolf et al., 2000)",primary,journal_article,resolved,"(Rudolf et al., 2000)",rudolf2000
932,Homo sapiens,Homo,Kaufman__2004,TableA8,26,26,Parietal_cortex,Parietal Cortex,,CMRgl,cerebral_metabolic_rate,43.4,umol/100g/min,43.4,,25.0,umol/100g/min,conscious,resting_conscious,TRUE,single_primary_reference,single,,reported_via_secondary_compilation,,sachs1986,"(Sachs et al., 1986)","(Sachs et al., 1986)",sachs1986,"(Sachs et al., 1986)",primary,journal_article,resolved,"(Sachs et al., 1986)",sachs1986
933,Homo sapiens,Homo,Kaufman__2004,TableA8,27,27,Parietal_cortex,Parietal Cortex,,CMRgl,cerebral_metabolic_rate,51.6,umol/100g/min,51.6,,13.0,umol/100g/min,conscious,resting_conscious,TRUE,single_primary_reference,single,,reported_via_secondary_compilation,,schapiro1990,"(Schapiro et al., 1990)","(Schapiro et al., 1990)",schapiro1990,"(Schapiro et al., 1990)",primary,journal_article,resolved,"(Schapiro et al., 1990)",schapiro1990
934,Homo sapiens,Homo,Kaufman__2004,TableA8,28,28,Parietal_cortex,Parietal Cortex,,CMRgl,cerebral_metabolic_rate,33.1,umol/100g/min,33.1,,11.0,umol/100g/min,conscious,resting_conscious,TRUE,single_primary_reference,single,,reported_via_secondary_compilation,,tedeschi1995,"(Tedeschi et al., 1995)","(Tedeschi et al., 1995)",tedeschi1995,"(Tedeschi et al., 1995)",primary,journal_article,resolved,"(Tedeschi et al., 1995)",tedeschi1995
935,Homo sapiens,Homo,Kaufman__2004,TableA8,29,29,Parietal_cortex,Parietal Cortex,,CMRgl,cerebral_metabolic_rate,37.7,umol/100g/min,37.7,,10.0,umol/100g/min,conscious,resting_conscious,TRUE,single_primary_reference,single,,reported_via_secondary_compilation,,tommasino1995,"(Tommasino et al., 1995)","(Tommasino et al., 1995)",tommasino1995,"(Tommasino et al., 1995)",primary,journal_article,resolved,"(Tommasino et al., 1995)",tommasino1995
936,Homo sapiens,Homo,Kaufman__2004,TableA8,30,30,Parietal_cortex,Parietal Cortex,,CMRgl,cerebral_metabolic_rate,34.5,umol/100g/min,34.5,,11.0,umol/100g/min,conscious,resting_conscious,TRUE,single_primary_reference,single,,reported_via_secondary_compilation,,voikow1992,"(Voikow et al., 1992)","(Voikow et al., 1992)",voikow1992,"(Voikow et al., 1992)",primary,journal_article,resolved,"(Voikow et al., 1992)",voikow1992
937,Homo sapiens,Homo,Kaufman__2004,TableA8,31,31,Parietal_cortex,Parietal Cortex,,CMRgl,cerebral_metabolic_rate,42.2,umol/100g/min,42.2,,30.0,umol/100g/min,conscious,resting_conscious,TRUE,single_primary_reference,single,,reported_via_secondary_compilation,,yoshii1988,"(Yoshii et al., 1988)","(Yoshii et al., 1988)",yoshii1988,"(Yoshii et al., 1988)",primary,journal_article,resolved,"(Yoshii et al., 1988)",yoshii1988
938,Homo sapiens,Homo,Kaufman__2004,TableA8,32,32,Parietal_cortex,Parietal Cortex,,CMRgl,cerebral_metabolic_rate,37.2,umol/100g/min,37.2,,46.0,umol/100g/min,conscious,resting_conscious,TRUE,single_primary_reference,single,,reported_via_secondary_compilation,,yoshii1988,"(Yoshii et al., 1988)","(Yoshii et al., 1988)",yoshii1988,"(Yoshii et al., 1988)",primary,journal_article,resolved,"(Yoshii et al., 1988)",yoshii1988
939,Homo sapiens,Homo,Kaufman__2004,TableA8,33,33,Parietal_cortex,Parietal Cortex,,CMRgl,cerebral_metabolic_rate,32.6,umol/100g/min,32.6,,5.0,umol/100g/min,conscious,resting_conscious,TRUE,single_primary_reference,single,,reported_via_secondary_compilation,,kaufman2004_present,Present Study,Present Study,kaufman2004_present,Present Study,primary,journal_article,resolved,Present Study,kaufman2004_present
940,Homo sapiens,Homo,Kaufman__2004,TableA8,34,34,Parietal_cortex,Parietal Cortex,,CMRgl,cerebral_metabolic_rate,36.7,umol/100g/min,36.7,,9.0,umol/100g/min,conscious,resting_conscious,TRUE,single_primary_reference,single,,reported_via_secondary_compilation,,fukuyama1994,"(Fukuyama et al., 1994)","(Fukuyama et al., 1994)",fukuyama1994,"(Fukuyama et al., 1994)",primary,journal_article,resolved,"(Fukuyama et al., 1994)",fukuyama1994
941,Homo sapiens,Homo,Kaufman__2004,TableA8,35,35,Parietal_cortex,Parietal Cortex,,CMRgl,cerebral_metabolic_rate,36.1,umol/100g/min,36.1,,7.0,umol/100g/min,conscious,resting_conscious,TRUE,single_primary_reference,single,,reported_via_secondary_compilation,,sasaki1986,"(Sasaki et al., 1986)","(Sasaki et al., 1986)",sasaki1986,"(Sasaki et al., 1986)",primary,journal_article,resolved,"(Sasaki et al., 1986)",sasaki1986
942,Homo sapiens,Homo,Kaufman__2004,TableA8,36,36,Parietal_cortex,Parietal Cortex,,CMRgl,cerebral_metabolic_rate,28,umol/100g/min,28.0,,20.0,umol/100g/min,conscious,resting_conscious,TRUE,single_primary_reference,single,,reported_via_secondary_compilation,,yamaki1996,"(Yamaki et al., 1996)","(Yamaki et al., 1996)",yamaki1996,"(Yamaki et al., 1996)",primary,journal_article,resolved,"(Yamaki et al., 1996)",yamaki1996
943,Homo sapiens,human,Karbowski__2007,TableS4,8,8,Prefrontal_cortex,Prefrontal cortex,Prefrontal cortex,CMRgl,cerebral_metabolic_rate,0.33,umol/g/min,33.0,4.0,,umol/100g/min,unknown,resting_unknown,TRUE,single_primary_reference,single,,reported_via_secondary_compilation,,blin1991,Blin et al 1991,Blin et al 1991,blin1991,Blin et al 1991,primary,journal_article,resolved,Blin et al 1991,blin1991
944,Homo sapiens,Homo sapiens,Heiss_etal_2004,TABLE1,9,9,Putamen,Putamen,,CMRgl,cerebral_metabolic_rate,40.2,umol/100g/min,40.2,3.5,,umol/100g/min,conscious,resting_conscious,TRUE,single_primary_reference,single,,self_primary_reported_in_compilation,,heiss2004,Heiss et al 2004,Heiss et al 2004,heiss2004,Heiss et al 2004,primary,journal_article,resolved,Heiss et al 2004,heiss2004
945,Homo sapiens,human,Karbowski__2007,TableS8,11,11,Sensorimotor_cortex,Sensorimotor cortex,Sensorimotor cortex,CMRgl,cerebral_metabolic_rate,0.42,umol/g/min,42.0,3.0,,umol/100g/min,unknown,resting_unknown,FALSE,single_primary_reference,single,,reported_via_secondary_compilation,duplicate_secondary_compilation,heiss1985,Heiss et al 1985,Heiss et al 1985,heiss1985,Heiss et al 1985,primary,journal_article,resolved,Heiss et al 1985,heiss1985
946,Homo sapiens,human,Karbowski__2007,TableS8,12,12,Sensorimotor_cortex,Sensorimotor cortex,Sensorimotor cortex,CMRgl,cerebral_metabolic_rate,0.33,umol/g/min,33.0,3.0,,umol/100g/min,unknown,resting_unknown,TRUE,single_primary_reference,single,,reported_via_secondary_compilation,,blin1991,Blin et al 1991,Blin et al 1991,blin1991,Blin et al 1991,primary,journal_article,resolved,Blin et al 1991,blin1991
947,Homo sapiens,Homo,Kaufman__2004,TableA12,1,1,Sensorimotor_cortex,Sensorimotor Cortex,,CMRgl,cerebral_metabolic_rate,23.83,umol/100g/min,23.83,,7.0,umol/100g/min,conscious,resting_conscious,TRUE,single_primary_reference,single,,reported_via_secondary_compilation,,chugani1987,"(Chugani et al., 1987)","(Chugani et al., 1987)",chugani1987,"(Chugani et al., 1987)",primary,journal_article,resolved,"(Chugani et al., 1987)",chugani1987
948,Homo sapiens,Homo,Kaufman__2004,TableA12,2,2,Sensorimotor_cortex,Sensorimotor Cortex,,CMRgl,cerebral_metabolic_rate,29.86,umol/100g/min,29.86,,26.0,umol/100g/min,conscious,resting_conscious,TRUE,single_primary_reference,single,,reported_via_secondary_compilation,,haxby1985,"(Haxby et al., 1985)","(Haxby et al., 1985)",haxby1985,"(Haxby et al., 1985)",primary,journal_article,resolved,"(Haxby et al., 1985)",haxby1985
949,Homo sapiens,Homo,Kaufman__2004,TableA12,3,3,Sensorimotor_cortex,Sensorimotor Cortex,,CMRgl,cerebral_metabolic_rate,44.2,umol/100g/min,44.2,,6.0,umol/100g/min,conscious,resting_conscious,TRUE,single_primary_reference,single,,reported_via_secondary_compilation,,heiss1985,"(Heiss et al., 1985)","(Heiss et al., 1985)",heiss1985,"(Heiss et al., 1985)",primary,journal_article,resolved,"(Heiss et al., 1985)",heiss1985
950,Homo sapiens,Homo,Kaufman__2004,TableA12,4,4,Sensorimotor_cortex,Sensorimotor Cortex,,CMRgl,cerebral_metabolic_rate,42.46,umol/100g/min,42.46,,15.0,umol/100g/min,conscious,resting_conscious,TRUE,single_primary_reference,single,,reported_via_secondary_compilation,,hirono2000,"(Hirono et al., 2000)","(Hirono et al., 2000)",hirono2000,"(Hirono et al., 2000)",primary,journal_article,resolved,"(Hirono et al., 2000)",hirono2000
951,Homo sapiens,Homo,Kaufman__2004,TableA12,5,5,Sensorimotor_cortex,Sensorimotor Cortex,,CMRgl,cerebral_metabolic_rate,36.08,umol/100g/min,36.08,,8.0,umol/100g/min,conscious,resting_conscious,TRUE,single_primary_reference,single,,reported_via_secondary_compilation,,martinet1990,"(Martinet et al., 1990)","(Martinet et al., 1990)",martinet1990,"(Martinet et al., 1990)",primary,journal_article,resolved,"(Martinet et al., 1990)",martinet1990
952,Homo sapiens,Homo,Kaufman__2004,TableA12,6,6,Sensorimotor_cortex,Sensorimotor Cortex,,CMRgl,cerebral_metabolic_rate,32.17,umol/100g/min,32.17,,14.0,umol/100g/min,conscious,resting_conscious,TRUE,single_primary_reference,single,,reported_via_secondary_compilation,,mcnamara1987,"(McNamara et al., 1987)","(McNamara et al., 1987)",mcnamara1987,"(McNamara et al., 1987)",primary,journal_article,resolved,"(McNamara et al., 1987)",mcnamara1987
953,Homo sapiens,Homo,Kaufman__2004,TableA12,7,7,Sensorimotor_cortex,Sensorimotor Cortex,,CMRgl,cerebral_metabolic_rate,51.4,umol/100g/min,51.4,,13.0,umol/100g/min,conscious,resting_conscious,TRUE,single_primary_reference,single,,reported_via_secondary_compilation,,schapiro1990,"(Schapiro et al., 1990)","(Schapiro et al., 1990)",schapiro1990,"(Schapiro et al., 1990)",primary,journal_article,resolved,"(Schapiro et al., 1990)",schapiro1990
954,Homo sapiens,Homo,Kaufman__2004,TableA12,8,8,Sensorimotor_cortex,Sensorimotor Cortex,,CMRgl,cerebral_metabolic_rate,38.9,umol/100g/min,38.9,,10.0,umol/100g/min,conscious,resting_conscious,TRUE,single_primary_reference,single,,reported_via_secondary_compilation,,tommasino1995,"(Tommasino et al., 1995)","(Tommasino et al., 1995)",tommasino1995,"(Tommasino et al., 1995)",primary,journal_article,resolved,"(Tommasino et al., 1995)",tommasino1995
955,Homo sapiens,Homo,Kaufman__2004,TableA12,9,9,Sensorimotor_cortex,Sensorimotor Cortex,,CMRgl,cerebral_metabolic_rate,38,umol/100g/min,38.0,,5.0,umol/100g/min,conscious,resting_conscious,TRUE,single_primary_reference,single,,reported_via_secondary_compilation,,kaufman2004_present,Present Study,Present Study,kaufman2004_present,Present Study,primary,journal_article,resolved,Present Study,kaufman2004_present
956,Homo sapiens,Homo,Kaufman__2004,TableA12,10,10,Sensorimotor_cortex,Sensorimotor Cortex,,CMRgl,cerebral_metabolic_rate,36.21,umol/100g/min,36.21,,9.0,umol/100g/min,conscious,resting_conscious,TRUE,single_primary_reference,single,,reported_via_secondary_compilation,,fukuyama1994,"(Fukuyama et al., 1994)","(Fukuyama et al., 1994)",fukuyama1994,"(Fukuyama et al., 1994)",primary,journal_article,resolved,"(Fukuyama et al., 1994)",fukuyama1994
957,Homo sapiens,Homo sapiens,Heiss_etal_2004,TABLE1,20,20,Substantia_nigra,Substantia nigra,,CMRgl,cerebral_metabolic_rate,22.8,umol/100g/min,22.8,2.35,,umol/100g/min,conscious,resting_conscious,TRUE,single_primary_reference,single,,self_primary_reported_in_compilation,,heiss2004,Heiss et al 2004,Heiss et al 2004,heiss2004,Heiss et al 2004,primary,journal_article,resolved,Heiss et al 2004,heiss2004
958,Homo sapiens,human,Karbowski__2007,TableS20,17,17,Substantia_nigra,Substantia nigra,Substantia nigra,CMRgl,cerebral_metabolic_rate,0.26,umol/g/min,26.0,5.0,,umol/100g/min,unknown,resting_unknown,TRUE,single_primary_reference,single,,reported_via_secondary_compilation,,blin1991,Blin et al 1991,Blin et al 1991,blin1991,Blin et al 1991,primary,journal_article,resolved,Blin et al 1991,blin1991
959,Homo sapiens,Homo sapiens,Heiss_etal_2004,TABLE1,4,4,Temporal_cortex,Temporal lobe,,CMRgl,cerebral_metabolic_rate,30.5,umol/100g/min,30.5,2.54,,umol/100g/min,conscious,resting_conscious,TRUE,single_primary_reference,single,,self_primary_reported_in_compilation,,heiss2004,Heiss et al 2004,Heiss et al 2004,heiss2004,Heiss et al 2004,primary,journal_article,resolved,Heiss et al 2004,heiss2004
960,Homo sapiens,human,Karbowski__2007,TableS7,19,19,Temporal_cortex,Temporal cortex,Temporal cortex,CMRgl,cerebral_metabolic_rate,0.23,umol/g/min,23.0,2.0,,umol/100g/min,unknown,resting_unknown,TRUE,single_primary_reference,single,,reported_via_secondary_compilation,,blomqvist1998,Blomqvist et al 1998,Blomqvist et al 1998,blomqvist1998,Blomqvist et al 1998,primary,journal_article,resolved,Blomqvist et al 1998,blomqvist1998
961,Homo sapiens,human,Karbowski__2007,TableS7,20,20,Temporal_cortex,Temporal cortex,Temporal cortex,CMRgl,cerebral_metabolic_rate,0.37,umol/g/min,37.0,3.0,,umol/100g/min,unknown,resting_unknown,TRUE,single_primary_reference,single,,reported_via_secondary_compilation,,heiss1985,Heiss et al 1985,Heiss et al 1985,heiss1985,Heiss et al 1985,primary,journal_article,resolved,Heiss et al 1985,heiss1985
962,Homo sapiens,human,Karbowski__2007,TableS7,21,21,Temporal_cortex,Temporal cortex,Temporal cortex,CMRgl,cerebral_metabolic_rate,0.31,umol/g/min,31.0,8.0,,umol/100g/min,unknown,resting_unknown,TRUE,single_primary_reference,single,,reported_via_secondary_compilation,,haier1992,Haier et al 1992,Haier et al 1992,haier1992,Haier et al 1992,primary,journal_article,resolved,Haier et al 1992,haier1992
963,Homo sapiens,human,Karbowski__2007,TableS7,22,22,Temporal_cortex,Temporal cortex,Temporal cortex,CMRgl,cerebral_metabolic_rate,0.36,umol/g/min,36.0,6.0,,umol/100g/min,unknown,resting_unknown,FALSE,single_primary_reference,single,,reported_via_secondary_compilation,duplicate_secondary_compilation,de1997,De Volder et al 1997,De Volder et al 1997,de1997,De Volder et al 1997,primary,journal_article,resolved,De Volder et al 1997,de1997
964,Homo sapiens,human,Karbowski__2007,TableS7,23,23,Temporal_cortex,Temporal cortex,Temporal cortex,CMRgl,cerebral_metabolic_rate,0.32,umol/g/min,32.0,3.0,,umol/100g/min,unknown,resting_unknown,FALSE,single_primary_reference,single,,reported_via_secondary_compilation,duplicate_secondary_compilation,redies1989,Redies et al 1989,Redies et al 1989,redies1989,Redies et al 1989,primary,journal_article,resolved,Redies et al 1989,redies1989
965,Homo sapiens,human,Karbowski__2007,TableS7,24,24,Temporal_cortex,Temporal cortex,Temporal cortex,CMRgl,cerebral_metabolic_rate,0.3,umol/g/min,30.0,6.0,,umol/100g/min,unknown,resting_unknown,TRUE,single_primary_reference,single,,reported_via_secondary_compilation,,maquet1992,Maquet et al 1992,Maquet et al 1992,maquet1992,Maquet et al 1992,primary,journal_article,resolved,Maquet et al 1992,maquet1992
966,Homo sapiens,Homo,Kaufman__2004,TableA9,1,1,Temporal_cortex,Temporal Cortex,,CMRgl,cerebral_metabolic_rate,30.1,umol/100g/min,30.1,,6.0,umol/100g/min,conscious,resting_conscious,TRUE,single_primary_reference,single,,reported_via_secondary_compilation,,alkire1995,"(Alkire etal., 1995)","(Alkire etal., 1995)",alkire1995,"(Alkire etal., 1995)",primary,journal_article,resolved,"(Alkire etal., 1995)",alkire1995
967,Homo sapiens,Homo,Kaufman__2004,TableA9,2,2,Temporal_cortex,Temporal Cortex,,CMRgl,cerebral_metabolic_rate,23.2,umol/100g/min,23.2,,7.0,umol/100g/min,conscious,resting_conscious,TRUE,single_primary_reference,single,,reported_via_secondary_compilation,,baxter1987,"(Baxter et al., 1987)","(Baxter et al., 1987)",baxter1987,"(Baxter et al., 1987)",primary,journal_article,resolved,"(Baxter et al., 1987)",baxter1987
968,Homo sapiens,Homo,Kaufman__2004,TableA9,3,3,Temporal_cortex,Temporal Cortex,,CMRgl,cerebral_metabolic_rate,28.6,umol/100g/min,28.6,,7.0,umol/100g/min,conscious,resting_conscious,TRUE,single_primary_reference,single,,reported_via_secondary_compilation,,baxter1987,"(Baxter et al., 1987)","(Baxter et al., 1987)",baxter1987,"(Baxter et al., 1987)",primary,journal_article,resolved,"(Baxter et al., 1987)",baxter1987
969,Homo sapiens,Homo,Kaufman__2004,TableA9,4,4,Temporal_cortex,Temporal Cortex,,CMRgl,cerebral_metabolic_rate,36.1,umol/100g/min,36.1,,27.0,umol/100g/min,conscious,resting_conscious,TRUE,single_primary_reference,single,,reported_via_secondary_compilation,,brooks1987,"(Brooks et al., 1987)","(Brooks et al., 1987)",brooks1987,"(Brooks et al., 1987)",primary,journal_article,resolved,"(Brooks et al., 1987)",brooks1987
970,Homo sapiens,Homo,Kaufman__2004,TableA9,5,5,Temporal_cortex,Temporal Cortex,,CMRgl,cerebral_metabolic_rate,17.6,umol/100g/min,17.6,,10.0,umol/100g/min,conscious,resting_conscious,TRUE,single_primary_reference,single,,reported_via_secondary_compilation,,buchsbaum1989,"(Buchsbaum et al., 1989)","(Buchsbaum et al., 1989)",buchsbaum1989,"(Buchsbaum et al., 1989)",primary,journal_article,resolved,"(Buchsbaum et al., 1989)",buchsbaum1989
971,Homo sapiens,Homo,Kaufman__2004,TableA9,6,6,Temporal_cortex,Temporal Cortex,,CMRgl,cerebral_metabolic_rate,24,umol/100g/min,24.0,,7.0,umol/100g/min,conscious,resting_conscious,TRUE,single_primary_reference,single,,reported_via_secondary_compilation,,chugani1987,"(Chugani et al., 1987)","(Chugani et al., 1987)",chugani1987,"(Chugani et al., 1987)",primary,journal_article,resolved,"(Chugani et al., 1987)",chugani1987
972,Homo sapiens,Homo,Kaufman__2004,TableA9,7,7,Temporal_cortex,Temporal Cortex,,CMRgl,cerebral_metabolic_rate,45.7,umol/100g/min,45.7,,32.0,umol/100g/min,conscious,resting_conscious,TRUE,single_primary_reference,single,,reported_via_secondary_compilation,,c2001,"(C larketal., 2001)","(C larketal., 2001)",c2001,"(C larketal., 2001)",primary,journal_article,resolved,"(C larketal., 2001)",c2001
973,Homo sapiens,Homo,Kaufman__2004,TableA9,8,8,Temporal_cortex,Temporal Cortex,,CMRgl,cerebral_metabolic_rate,23.8,umol/100g/min,23.8,,10.0,umol/100g/min,conscious,resting_conscious,TRUE,single_primary_reference,single,,reported_via_secondary_compilation,,delvenne1997,"(Delvenne et al., 1997)","(Delvenne et al., 1997)",delvenne1997,"(Delvenne et al., 1997)",primary,journal_article,resolved,"(Delvenne et al., 1997)",delvenne1997
974,Homo sapiens,Homo,Kaufman__2004,TableA9,9,9,Temporal_cortex,Temporal Cortex,,CMRgl,cerebral_metabolic_rate,30.1,umol/100g/min,30.1,,10.0,umol/100g/min,conscious,resting_conscious,TRUE,single_primary_reference,single,,reported_via_secondary_compilation,,delvenne1999,"(Delvenne et al., 1999)","(Delvenne et al., 1999)",delvenne1999,"(Delvenne et al., 1999)",primary,journal_article,resolved,"(Delvenne et al., 1999)",delvenne1999
975,Homo sapiens,Homo,Kaufman__2004,TableA9,10,10,Temporal_cortex,Temporal Cortex,,CMRgl,cerebral_metabolic_rate,23.1,umol/100g/min,23.1,,18.0,umol/100g/min,conscious,resting_conscious,TRUE,single_primary_reference,single,,reported_via_secondary_compilation,,duara1983,"(Duara et al., 1983)","(Duara et al., 1983)",duara1983,"(Duara et al., 1983)",primary,journal_article,resolved,"(Duara et al., 1983)",duara1983
976,Homo sapiens,Homo,Kaufman__2004,TableA9,11,11,Temporal_cortex,Temporal Cortex,,CMRgl,cerebral_metabolic_rate,28.9,umol/100g/min,28.9,,9.0,umol/100g/min,conscious,resting_conscious,TRUE,single_primary_reference,single,,reported_via_secondary_compilation,,hasselbalch1994,"(Hasselbalch et al., 1994)","(Hasselbalch et al., 1994)",hasselbalch1994,"(Hasselbalch et al., 1994)",primary,journal_article,resolved,"(Hasselbalch et al., 1994)",hasselbalch1994
977,Homo sapiens,Homo,Kaufman__2004,TableA9,12,12,Temporal_cortex,Temporal Cortex,,CMRgl,cerebral_metabolic_rate,24,umol/100g/min,24.0,,26.0,umol/100g/min,conscious,resting_conscious,TRUE,single_primary_reference,single,,reported_via_secondary_compilation,,haxby1985,"(Haxby et al., 1985)","(Haxby et al., 1985)",haxby1985,"(Haxby et al., 1985)",primary,journal_article,resolved,"(Haxby et al., 1985)",haxby1985
978,Homo sapiens,Homo,Kaufman__2004,TableA9,13,13,Temporal_cortex,Temporal Cortex,,CMRgl,cerebral_metabolic_rate,38.5,umol/100g/min,38.5,,6.0,umol/100g/min,conscious,resting_conscious,TRUE,single_primary_reference,single,,reported_via_secondary_compilation,,h1985,"(H eissetal., 1985)","(H eissetal., 1985)",h1985,"(H eissetal., 1985)",primary,journal_article,resolved,"(H eissetal., 1985)",h1985
979,Homo sapiens,Homo,Kaufman__2004,TableA9,14,14,Temporal_cortex,Temporal Cortex,,CMRgl,cerebral_metabolic_rate,36.4,umol/100g/min,36.4,,15.0,umol/100g/min,conscious,resting_conscious,TRUE,single_primary_reference,single,,reported_via_secondary_compilation,,hirono2000,"(Hirono et al., 2000)","(Hirono et al., 2000)",hirono2000,"(Hirono et al., 2000)",primary,journal_article,resolved,"(Hirono et al., 2000)",hirono2000
980,Homo sapiens,Homo,Kaufman__2004,TableA9,15,15,Temporal_cortex,Temporal Cortex,,CMRgl,cerebral_metabolic_rate,42.1,umol/100g/min,42.1,,9.0,umol/100g/min,conscious,resting_conscious,TRUE,single_primary_reference,single,,reported_via_secondary_compilation,,h2000,"(H uetal., 2000)","(H uetal., 2000)",h2000,"(H uetal., 2000)",primary,journal_article,resolved,"(H uetal., 2000)",h2000
981,Homo sapiens,Homo,Kaufman__2004,TableA9,16,16,Temporal_cortex,Temporal Cortex,,CMRgl,cerebral_metabolic_rate,39.1,umol/100g/min,39.1,,22.0,umol/100g/min,conscious,resting_conscious,TRUE,single_primary_reference,single,,reported_via_secondary_compilation,,ishii1998,"(Ishii et al., 1998)","(Ishii et al., 1998)",ishii1998,"(Ishii et al., 1998)",primary,journal_article,resolved,"(Ishii et al., 1998)",ishii1998
982,Homo sapiens,Homo,Kaufman__2004,TableA9,17,17,Temporal_cortex,Temporal Cortex,,CMRgl,cerebral_metabolic_rate,31.6,umol/100g/min,31.6,,12.0,umol/100g/min,conscious,resting_conscious,TRUE,single_primary_reference,single,,reported_via_secondary_compilation,,kaye1990,"(Kaye et al., 1990)","(Kaye et al., 1990)",kaye1990,"(Kaye et al., 1990)",primary,journal_article,resolved,"(Kaye et al., 1990)",kaye1990
983,Homo sapiens,Homo,Kaufman__2004,TableA9,18,18,Temporal_cortex,Temporal Cortex,,CMRgl,cerebral_metabolic_rate,38,umol/100g/min,38.0,,8.0,umol/100g/min,conscious,resting_conscious,TRUE,single_primary_reference,single,,reported_via_secondary_compilation,,kuhl1979,"(Kuhl et al., 1979)","(Kuhl et al., 1979)",kuhl1979,"(Kuhl et al., 1979)",primary,journal_article,resolved,"(Kuhl et al., 1979)",kuhl1979
984,Homo sapiens,Homo,Kaufman__2004,TableA9,19,19,Temporal_cortex,Temporal Cortex,,CMRgl,cerebral_metabolic_rate,36.9,umol/100g/min,36.9,,25.0,umol/100g/min,conscious,resting_conscious,TRUE,single_primary_reference,single,,reported_via_secondary_compilation,,kuhl1982,"(Kuhl et al., 1982)","(Kuhl et al., 1982)",kuhl1982,"(Kuhl et al., 1982)",primary,journal_article,resolved,"(Kuhl et al., 1982)",kuhl1982
985,Homo sapiens,Homo,Kaufman__2004,TableA9,20,20,Temporal_cortex,Temporal Cortex,,CMRgl,cerebral_metabolic_rate,32.8,umol/100g/min,32.8,,8.0,umol/100g/min,conscious,resting_conscious,TRUE,single_primary_reference,single,,reported_via_secondary_compilation,,martinot1990,"(Martinot et al., 1990)","(Martinot et al., 1990)",martinot1990,"(Martinot et al., 1990)",primary,journal_article,resolved,"(Martinot et al., 1990)",martinot1990
986,Homo sapiens,Homo,Kaufman__2004,TableA9,21,21,Temporal_cortex,Temporal Cortex,,CMRgl,cerebral_metabolic_rate,44.1,umol/100g/min,44.1,,7.0,umol/100g/min,conscious,resting_conscious,TRUE,single_primary_reference,single,,reported_via_secondary_compilation,,mazziotta1981,"(Mazziotta et al., 1981)","(Mazziotta et al., 1981)",mazziotta1981,"(Mazziotta et al., 1981)",primary,journal_article,resolved,"(Mazziotta et al., 1981)",mazziotta1981
987,Homo sapiens,Homo,Kaufman__2004,TableA9,22,22,Temporal_cortex,Temporal Cortex,,CMRgl,cerebral_metabolic_rate,31.6,umol/100g/min,31.6,,15.0,umol/100g/min,conscious,resting_conscious,TRUE,single_primary_reference,single,,reported_via_secondary_compilation,,perani1995,"(Perani et a l, 1995)","(Perani et a l, 1995)",perani1995,"(Perani et a l, 1995)",primary,journal_article,resolved,"(Perani et a l, 1995)",perani1995
988,Homo sapiens,Homo,Kaufman__2004,TableA9,23,23,Temporal_cortex,Temporal Cortex,,CMRgl,cerebral_metabolic_rate,32.5,umol/100g/min,32.5,,14.0,umol/100g/min,conscious,resting_conscious,TRUE,single_primary_reference,single,,reported_via_secondary_compilation,,phillips1991,"(Phillips et al., 1991)","(Phillips et al., 1991)",phillips1991,"(Phillips et al., 1991)",primary,journal_article,resolved,"(Phillips et al., 1991)",phillips1991
989,Homo sapiens,Homo,Kaufman__2004,TableA9,24,24,Temporal_cortex,Temporal Cortex,,CMRgl,cerebral_metabolic_rate,32,umol/100g/min,32.0,,4.0,umol/100g/min,conscious,resting_conscious,TRUE,single_primary_reference,single,,reported_via_secondary_compilation,,redies1989,"(Redies et al., 1989)","(Redies et al., 1989)",redies1989,"(Redies et al., 1989)",primary,journal_article,resolved,"(Redies et al., 1989)",redies1989
990,Homo sapiens,Homo,Kaufman__2004,TableA9,25,25,Temporal_cortex,Temporal Cortex,,CMRgl,cerebral_metabolic_rate,27.2,umol/100g/min,27.2,,16.0,umol/100g/min,conscious,resting_conscious,TRUE,single_primary_reference,single,,reported_via_secondary_compilation,,rudolf2000,"(Rudolf et al., 2000)","(Rudolf et al., 2000)",rudolf2000,"(Rudolf et al., 2000)",primary,journal_article,resolved,"(Rudolf et al., 2000)",rudolf2000
991,Homo sapiens,Homo,Kaufman__2004,TableA9,26,26,Temporal_cortex,Temporal Cortex,,CMRgl,cerebral_metabolic_rate,44.1,umol/100g/min,44.1,,25.0,umol/100g/min,conscious,resting_conscious,TRUE,single_primary_reference,single,,reported_via_secondary_compilation,,sachs1986,"(Sachs et al., 1986)","(Sachs et al., 1986)",sachs1986,"(Sachs et al., 1986)",primary,journal_article,resolved,"(Sachs et al., 1986)",sachs1986
992,Homo sapiens,Homo,Kaufman__2004,TableA9,27,27,Temporal_cortex,Temporal Cortex,,CMRgl,cerebral_metabolic_rate,46,umol/100g/min,46.0,,13.0,umol/100g/min,conscious,resting_conscious,TRUE,single_primary_reference,single,,reported_via_secondary_compilation,,schapiro1990,"(Schapiro et al., 1990)","(Schapiro et al., 1990)",schapiro1990,"(Schapiro et al., 1990)",primary,journal_article,resolved,"(Schapiro et al., 1990)",schapiro1990
993,Homo sapiens,Homo,Kaufman__2004,TableA9,28,28,Temporal_cortex,Temporal Cortex,,CMRgl,cerebral_metabolic_rate,33.2,umol/100g/min,33.2,,11.0,umol/100g/min,conscious,resting_conscious,TRUE,single_primary_reference,single,,reported_via_secondary_compilation,,tedeschi1995,"(Tedeschi et al., 1995)","(Tedeschi et al., 1995)",tedeschi1995,"(Tedeschi et al., 1995)",primary,journal_article,resolved,"(Tedeschi et al., 1995)",tedeschi1995
994,Homo sapiens,Homo,Kaufman__2004,TableA9,29,29,Temporal_cortex,Temporal Cortex,,CMRgl,cerebral_metabolic_rate,30.3,umol/100g/min,30.3,,10.0,umol/100g/min,conscious,resting_conscious,TRUE,single_primary_reference,single,,reported_via_secondary_compilation,,tommasino1995,"(Tommasino et al., 1995)","(Tommasino et al., 1995)",tommasino1995,"(Tommasino et al., 1995)",primary,journal_article,resolved,"(Tommasino et al., 1995)",tommasino1995
995,Homo sapiens,Homo,Kaufman__2004,TableA9,30,30,Temporal_cortex,Temporal Cortex,,CMRgl,cerebral_metabolic_rate,35.8,umol/100g/min,35.8,,11.0,umol/100g/min,conscious,resting_conscious,TRUE,single_primary_reference,single,,reported_via_secondary_compilation,,volkow1992,"(Volkow et al., 1992)","(Volkow et al., 1992)",volkow1992,"(Volkow et al., 1992)",primary,journal_article,resolved,"(Volkow et al., 1992)",volkow1992
996,Homo sapiens,Homo,Kaufman__2004,TableA9,31,31,Temporal_cortex,Temporal Cortex,,CMRgl,cerebral_metabolic_rate,40,umol/100g/min,40.0,,30.0,umol/100g/min,conscious,resting_conscious,TRUE,single_primary_reference,single,,reported_via_secondary_compilation,,yoshii1988,"(Yoshii et a l, 1988)","(Yoshii et a l, 1988)",yoshii1988,"(Yoshii et a l, 1988)",primary,journal_article,resolved,"(Yoshii et a l, 1988)",yoshii1988
997,Homo sapiens,Homo,Kaufman__2004,TableA9,32,32,Temporal_cortex,Temporal Cortex,,CMRgl,cerebral_metabolic_rate,34.4,umol/100g/min,34.4,,46.0,umol/100g/min,conscious,resting_conscious,TRUE,single_primary_reference,single,,reported_via_secondary_compilation,,yoshii1988,"(Yoshii et al., 1988)","(Yoshii et al., 1988)",yoshii1988,"(Yoshii et al., 1988)",primary,journal_article,resolved,"(Yoshii et al., 1988)",yoshii1988
998,Homo sapiens,Homo,Kaufman__2004,TableA9,33,33,Temporal_cortex,Temporal Cortex,,CMRgl,cerebral_metabolic_rate,31,umol/100g/min,31.0,,5.0,umol/100g/min,conscious,resting_conscious,TRUE,single_primary_reference,single,,reported_via_secondary_compilation,,kaufman2004_present,Present Study,Present Study,kaufman2004_present,Present Study,primary,journal_article,resolved,Present Study,kaufman2004_present
999,Homo sapiens,Homo,Kaufman__2004,TableA9,34,34,Temporal_cortex,Temporal Cortex,,CMRgl,cerebral_metabolic_rate,36.4,umol/100g/min,36.4,,3.0,umol/100g/min,conscious,resting_conscious,TRUE,single_primary_reference,single,,reported_via_secondary_compilation,,de1997,"(De Voider et al., 1997)","(De Voider et al., 1997)",de1997,"(De Voider et al., 1997)",primary,journal_article,resolved,"(De Voider et al., 1997)",de1997
1000,Homo sapiens,Homo,Kaufman__2004,TableA9,35,35,Temporal_cortex,Temporal Cortex,,CMRgl,cerebral_metabolic_rate,37.5,umol/100g/min,37.5,,9.0,umol/100g/min,conscious,resting_conscious,TRUE,single_primary_reference,single,,reported_via_secondary_compilation,,fukuyama1994,"(Fukuyama et al., 1994)","(Fukuyama et al., 1994)",fukuyama1994,"(Fukuyama et al., 1994)",primary,journal_article,resolved,"(Fukuyama et al., 1994)",fukuyama1994
1001,Homo sapiens,Homo,Kaufman__2004,TableA9,36,36,Temporal_cortex,Temporal Cortex,,CMRgl,cerebral_metabolic_rate,35.3,umol/100g/min,35.3,,7.0,umol/100g/min,conscious,resting_conscious,TRUE,single_primary_reference,single,,reported_via_secondary_compilation,,sasaki1986,"(Sasaki et al., 1986)","(Sasaki et al., 1986)",sasaki1986,"(Sasaki et al., 1986)",primary,journal_article,resolved,"(Sasaki et al., 1986)",sasaki1986
1002,Homo sapiens,Homo,Kaufman__2004,TableA9,37,37,Temporal_cortex,Temporal Cortex,,CMRgl,cerebral_metabolic_rate,27.8,umol/100g/min,27.8,,20.0,umol/100g/min,conscious,resting_conscious,TRUE,single_primary_reference,single,,reported_via_secondary_compilation,,yamaki1996,"(Yamaki et al., 1996)","(Yamaki et al., 1996)",yamaki1996,"(Yamaki et al., 1996)",primary,journal_article,resolved,"(Yamaki et al., 1996)",yamaki1996
1003,Homo sapiens,human,Karbowski__2007,TableS13,20,20,Thalamus,Thalamus,Thalamus,CMRgl,cerebral_metabolic_rate,0.39,umol/g/min,39.0,5.0,,umol/100g/min,unknown,resting_unknown,FALSE,single_primary_reference,single,,reported_via_secondary_compilation,duplicate_secondary_compilation,de1997,De Volder et al 1997,De Volder et al 1997,de1997,De Volder et al 1997,primary,journal_article,resolved,De Volder et al 1997,de1997
1004,Homo sapiens,human,Karbowski__2007,TableS13,21,21,Thalamus,Thalamus,Thalamus,CMRgl,cerebral_metabolic_rate,0.27,umol/g/min,27.0,2.0,,umol/100g/min,unknown,resting_unknown,TRUE,single_primary_reference,single,,reported_via_secondary_compilation,,blomqvist1998,Blomqvist et al 1998,Blomqvist et al 1998,blomqvist1998,Blomqvist et al 1998,primary,journal_article,resolved,Blomqvist et al 1998,blomqvist1998
1005,Homo sapiens,human,Karbowski__2007,TableS13,22,22,Thalamus,Thalamus,Thalamus,CMRgl,cerebral_metabolic_rate,0.36,umol/g/min,36.0,3.0,,umol/100g/min,unknown,resting_unknown,FALSE,single_primary_reference,single,,reported_via_secondary_compilation,duplicate_secondary_compilation,heiss1985,Heiss et al 1985,Heiss et al 1985,heiss1985,Heiss et al 1985,primary,journal_article,resolved,Heiss et al 1985,heiss1985
1006,Homo sapiens,human,Karbowski__2007,TableS13,23,23,Thalamus,Thalamus,Thalamus,CMRgl,cerebral_metabolic_rate,0.32,umol/g/min,32.0,4.0,,umol/100g/min,unknown,resting_unknown,TRUE,single_primary_reference,single,,reported_via_secondary_compilation,,blin1991,Blin et al 1991,Blin et al 1991,blin1991,Blin et al 1991,primary,journal_article,resolved,Blin et al 1991,blin1991
1007,Homo sapiens,human,Karbowski__2007,TableS13,24,24,Thalamus,Thalamus,Thalamus,CMRgl,cerebral_metabolic_rate,0.35,umol/g/min,35.0,5.0,,umol/100g/min,unknown,resting_unknown,TRUE,single_primary_reference,single,,reported_via_secondary_compilation,,maquet1992,Maquet et al 1992,Maquet et al 1992,maquet1992,Maquet et al 1992,primary,journal_article,resolved,Maquet et al 1992,maquet1992
1008,Homo sapiens,Homo,Kaufman__2004,TableA3,1,1,Thalamus,Thalamus,,CMRgl,cerebral_metabolic_rate,29.3,umol/100g/min,29.3,,7.0,umol/100g/min,conscious,resting_conscious,TRUE,single_primary_reference,single,,reported_via_secondary_compilation,,baxter1987,"(Baxter et al., 1987)","(Baxter et al., 1987)",baxter1987,"(Baxter et al., 1987)",primary,journal_article,resolved,"(Baxter et al., 1987)",baxter1987
1009,Homo sapiens,Homo,Kaufman__2004,TableA3,2,2,Thalamus,Thalamus,,CMRgl,cerebral_metabolic_rate,34.4,umol/100g/min,34.4,,7.0,umol/100g/min,conscious,resting_conscious,TRUE,single_primary_reference,single,,reported_via_secondary_compilation,,baxter1987,"(Baxter et al., 1987)","(Baxter et al., 1987)",baxter1987,"(Baxter et al., 1987)",primary,journal_article,resolved,"(Baxter et al., 1987)",baxter1987
1010,Homo sapiens,Homo,Kaufman__2004,TableA3,3,3,Thalamus,Thalamus,,CMRgl,cerebral_metabolic_rate,30.1,umol/100g/min,30.1,,12.0,umol/100g/min,conscious,resting_conscious,TRUE,single_primary_reference,single,,reported_via_secondary_compilation,,b1994,"(B iveretal., 1994)","(B iveretal., 1994)",b1994,"(B iveretal., 1994)",primary,journal_article,resolved,"(B iveretal., 1994)",b1994
1011,Homo sapiens,Homo,Kaufman__2004,TableA3,4,4,Thalamus,Thalamus,,CMRgl,cerebral_metabolic_rate,39,umol/100g/min,39.0,,12.0,umol/100g/min,conscious,resting_conscious,TRUE,single_primary_reference,single,,reported_via_secondary_compilation,,bromberg1990,"(Bromberg et al., 1990)","(Bromberg et al., 1990)",bromberg1990,"(Bromberg et al., 1990)",primary,journal_article,resolved,"(Bromberg et al., 1990)",bromberg1990
1012,Homo sapiens,Homo,Kaufman__2004,TableA3,5,5,Thalamus,Thalamus,,CMRgl,cerebral_metabolic_rate,45.2,umol/100g/min,45.2,,27.0,umol/100g/min,conscious,resting_conscious,TRUE,single_primary_reference,single,,reported_via_secondary_compilation,,brooks1987,"(Brooks et al., 1987)","(Brooks et al., 1987)",brooks1987,"(Brooks et al., 1987)",primary,journal_article,resolved,"(Brooks et al., 1987)",brooks1987
1013,Homo sapiens,Homo,Kaufman__2004,TableA3,6,6,Thalamus,Thalamus,,CMRgl,cerebral_metabolic_rate,24.3,umol/100g/min,24.3,,10.0,umol/100g/min,conscious,resting_conscious,TRUE,single_primary_reference,single,,reported_via_secondary_compilation,,buchsbaum1989,"(Buchsbaum et al., 1989)","(Buchsbaum et al., 1989)",buchsbaum1989,"(Buchsbaum et al., 1989)",primary,journal_article,resolved,"(Buchsbaum et al., 1989)",buchsbaum1989
1014,Homo sapiens,Homo,Kaufman__2004,TableA3,7,7,Thalamus,Thalamus,,CMRgl,cerebral_metabolic_rate,32.2,umol/100g/min,32.2,,7.0,umol/100g/min,conscious,resting_conscious,TRUE,single_primary_reference,single,,reported_via_secondary_compilation,,chugani1987,"(Chugani et al., 1987)","(Chugani et al., 1987)",chugani1987,"(Chugani et al., 1987)",primary,journal_article,resolved,"(Chugani et al., 1987)",chugani1987
1015,Homo sapiens,Homo,Kaufman__2004,TableA3,8,8,Thalamus,Thalamus,,CMRgl,cerebral_metabolic_rate,42.2,umol/100g/min,42.2,,32.0,umol/100g/min,conscious,resting_conscious,TRUE,single_primary_reference,single,,reported_via_secondary_compilation,,clark2001,"(Clark et al., 2001)","(Clark et al., 2001)",clark2001,"(Clark et al., 2001)",primary,journal_article,resolved,"(Clark et al., 2001)",clark2001
1016,Homo sapiens,Homo,Kaufman__2004,TableA3,9,9,Thalamus,Thalamus,,CMRgl,cerebral_metabolic_rate,30.1,umol/100g/min,30.1,,10.0,umol/100g/min,conscious,resting_conscious,TRUE,single_primary_reference,single,,reported_via_secondary_compilation,,delvenne1997,"(Delvenne et al., 1997)","(Delvenne et al., 1997)",delvenne1997,"(Delvenne et al., 1997)",primary,journal_article,resolved,"(Delvenne et al., 1997)",delvenne1997
1017,Homo sapiens,Homo,Kaufman__2004,TableA3,10,10,Thalamus,Thalamus,,CMRgl,cerebral_metabolic_rate,30.1,umol/100g/min,30.1,,10.0,umol/100g/min,conscious,resting_conscious,TRUE,single_primary_reference,single,,reported_via_secondary_compilation,,delvenne1999,"(Delvenne et al., 1999)","(Delvenne et al., 1999)",delvenne1999,"(Delvenne et al., 1999)",primary,journal_article,resolved,"(Delvenne et al., 1999)",delvenne1999
1018,Homo sapiens,Homo,Kaufman__2004,TableA3,11,11,Thalamus,Thalamus,,CMRgl,cerebral_metabolic_rate,27.4,umol/100g/min,27.4,,18.0,umol/100g/min,conscious,resting_conscious,TRUE,single_primary_reference,single,,reported_via_secondary_compilation,,duara1983,"(Duara et al., 1983)","(Duara et al., 1983)",duara1983,"(Duara et al., 1983)",primary,journal_article,resolved,"(Duara et al., 1983)",duara1983
1019,Homo sapiens,Homo,Kaufman__2004,TableA3,12,12,Thalamus,Thalamus,,CMRgl,cerebral_metabolic_rate,34.6,umol/100g/min,34.6,,13.0,umol/100g/min,conscious,resting_conscious,TRUE,single_primary_reference,single,,reported_via_secondary_compilation,,gilman1990,"(Gilman et al., 1990)","(Gilman et al., 1990)",gilman1990,"(Gilman et al., 1990)",primary,journal_article,resolved,"(Gilman et al., 1990)",gilman1990
1020,Homo sapiens,Homo,Kaufman__2004,TableA3,13,13,Thalamus,Thalamus,,CMRgl,cerebral_metabolic_rate,41.9,umol/100g/min,41.9,,10.0,umol/100g/min,conscious,resting_conscious,TRUE,single_primary_reference,single,,reported_via_secondary_compilation,,gilman1990,"(Gilman et al., 1990)","(Gilman et al., 1990)",gilman1990,"(Gilman et al., 1990)",primary,journal_article,resolved,"(Gilman et al., 1990)",gilman1990
1021,Homo sapiens,Homo,Kaufman__2004,TableA3,14,14,Thalamus,Thalamus,,CMRgl,cerebral_metabolic_rate,38.4,umol/100g/min,38.4,,6.0,umol/100g/min,conscious,resting_conscious,TRUE,single_primary_reference,single,,reported_via_secondary_compilation,,heiss1985,"(Heiss et al., 1985)","(Heiss et al., 1985)",heiss1985,"(Heiss et al., 1985)",primary,journal_article,resolved,"(Heiss et al., 1985)",heiss1985
1022,Homo sapiens,Homo,Kaufman__2004,TableA3,15,15,Thalamus,Thalamus,,CMRgl,cerebral_metabolic_rate,42.2,umol/100g/min,42.2,,15.0,umol/100g/min,conscious,resting_conscious,TRUE,single_primary_reference,single,,reported_via_secondary_compilation,,hirono2000,"(Hirono et al., 2000)","(Hirono et al., 2000)",hirono2000,"(Hirono et al., 2000)",primary,journal_article,resolved,"(Hirono et al., 2000)",hirono2000
1023,Homo sapiens,Homo,Kaufman__2004,TableA3,16,16,Thalamus,Thalamus,,CMRgl,cerebral_metabolic_rate,35.4,umol/100g/min,35.4,,9.0,umol/100g/min,conscious,resting_conscious,TRUE,single_primary_reference,single,,reported_via_secondary_compilation,,hu2000,"(Hu et al., 2000)","(Hu et al., 2000)",hu2000,"(Hu et al., 2000)",primary,journal_article,resolved,"(Hu et al., 2000)",hu2000
1024,Homo sapiens,Homo,Kaufman__2004,TableA3,17,17,Thalamus,Thalamus,,CMRgl,cerebral_metabolic_rate,35.4,umol/100g/min,35.4,,25.0,umol/100g/min,conscious,resting_conscious,TRUE,single_primary_reference,single,,reported_via_secondary_compilation,,kuhl1982,"(Kuhl et al., 1982)","(Kuhl et al., 1982)",kuhl1982,"(Kuhl et al., 1982)",primary,journal_article,resolved,"(Kuhl et al., 1982)",kuhl1982
1025,Homo sapiens,Homo,Kaufman__2004,TableA3,18,18,Thalamus,Thalamus,,CMRgl,cerebral_metabolic_rate,51,umol/100g/min,51.0,,12.0,umol/100g/min,conscious,resting_conscious,TRUE,single_primary_reference,single,,reported_via_secondary_compilation,,ludolph1992,"(Ludolph et al., 1992)","(Ludolph et al., 1992)",ludolph1992,"(Ludolph et al., 1992)",primary,journal_article,resolved,"(Ludolph et al., 1992)",ludolph1992
1026,Homo sapiens,Homo,Kaufman__2004,TableA3,19,19,Thalamus,Thalamus,,CMRgl,cerebral_metabolic_rate,35.3,umol/100g/min,35.3,,8.0,umol/100g/min,conscious,resting_conscious,TRUE,single_primary_reference,single,,reported_via_secondary_compilation,,martinot1990,"(Martinot et al., 1990)","(Martinot et al., 1990)",martinot1990,"(Martinot et al., 1990)",primary,journal_article,resolved,"(Martinot et al., 1990)",martinot1990
1027,Homo sapiens,Homo,Kaufman__2004,TableA3,20,20,Thalamus,Thalamus,,CMRgl,cerebral_metabolic_rate,36.6,umol/100g/min,36.6,,7.0,umol/100g/min,conscious,resting_conscious,TRUE,single_primary_reference,single,,reported_via_secondary_compilation,,mazziotta1981,"(Mazziotta et al., 1981)","(Mazziotta et al., 1981)",mazziotta1981,"(Mazziotta et al., 1981)",primary,journal_article,resolved,"(Mazziotta et al., 1981)",mazziotta1981
1028,Homo sapiens,Homo,Kaufman__2004,TableA3,21,21,Thalamus,Thalamus,,CMRgl,cerebral_metabolic_rate,39.1,umol/100g/min,39.1,,15.0,umol/100g/min,conscious,resting_conscious,TRUE,single_primary_reference,single,,reported_via_secondary_compilation,,perani1995,"(Perani et al., 1995)","(Perani et al., 1995)",perani1995,"(Perani et al., 1995)",primary,journal_article,resolved,"(Perani et al., 1995)",perani1995
1029,Homo sapiens,Homo,Kaufman__2004,TableA3,22,22,Thalamus,Thalamus,,CMRgl,cerebral_metabolic_rate,34.3,umol/100g/min,34.3,,14.0,umol/100g/min,conscious,resting_conscious,TRUE,single_primary_reference,single,,reported_via_secondary_compilation,,phillips1991,"(Phillips etal., 1991)","(Phillips etal., 1991)",phillips1991,"(Phillips etal., 1991)",primary,journal_article,resolved,"(Phillips etal., 1991)",phillips1991
1030,Homo sapiens,Homo,Kaufman__2004,TableA3,23,23,Thalamus,Thalamus,,CMRgl,cerebral_metabolic_rate,31,umol/100g/min,31.0,,4.0,umol/100g/min,conscious,resting_conscious,TRUE,single_primary_reference,single,,reported_via_secondary_compilation,,redies1989,"(Redies et al., 1989)","(Redies et al., 1989)",redies1989,"(Redies et al., 1989)",primary,journal_article,resolved,"(Redies et al., 1989)",redies1989
1031,Homo sapiens,Homo,Kaufman__2004,TableA3,24,24,Thalamus,Thalamus,,CMRgl,cerebral_metabolic_rate,36.6,umol/100g/min,36.6,,16.0,umol/100g/min,conscious,resting_conscious,TRUE,single_primary_reference,single,,reported_via_secondary_compilation,,rudolf2000,"(Rudolf et al., 2000)","(Rudolf et al., 2000)",rudolf2000,"(Rudolf et al., 2000)",primary,journal_article,resolved,"(Rudolf et al., 2000)",rudolf2000
1032,Homo sapiens,Homo,Kaufman__2004,TableA3,25,25,Thalamus,Thalamus,,CMRgl,cerebral_metabolic_rate,42.2,umol/100g/min,42.2,,25.0,umol/100g/min,conscious,resting_conscious,TRUE,single_primary_reference,single,,reported_via_secondary_compilation,,sachs1986,"(Sachs et al., 1986)","(Sachs et al., 1986)",sachs1986,"(Sachs et al., 1986)",primary,journal_article,resolved,"(Sachs et al., 1986)",sachs1986
1033,Homo sapiens,Homo,Kaufman__2004,TableA3,26,26,Thalamus,Thalamus,,CMRgl,cerebral_metabolic_rate,50.9,umol/100g/min,50.9,,13.0,umol/100g/min,conscious,resting_conscious,TRUE,single_primary_reference,single,,reported_via_secondary_compilation,,schapiro1990,"(Schapiro et al., 1990)","(Schapiro et al., 1990)",schapiro1990,"(Schapiro et al., 1990)",primary,journal_article,resolved,"(Schapiro et al., 1990)",schapiro1990
1034,Homo sapiens,Homo,Kaufman__2004,TableA3,27,27,Thalamus,Thalamus,,CMRgl,cerebral_metabolic_rate,38.8,umol/100g/min,38.8,,11.0,umol/100g/min,conscious,resting_conscious,TRUE,single_primary_reference,single,,reported_via_secondary_compilation,,tedeschi1995,"Tedeschi et al., 1995)","Tedeschi et al., 1995)",tedeschi1995,"Tedeschi et al., 1995)",primary,journal_article,resolved,"Tedeschi et al., 1995)",tedeschi1995
1035,Homo sapiens,Homo,Kaufman__2004,TableA3,28,28,Thalamus,Thalamus,,CMRgl,cerebral_metabolic_rate,37.7,umol/100g/min,37.7,,10.0,umol/100g/min,conscious,resting_conscious,TRUE,single_primary_reference,single,,reported_via_secondary_compilation,,tommasino1995,"Tommasino et al., 1995)","Tommasino et al., 1995)",tommasino1995,"Tommasino et al., 1995)",primary,journal_article,resolved,"Tommasino et al., 1995)",tommasino1995
1036,Homo sapiens,Homo,Kaufman__2004,TableA3,29,29,Thalamus,Thalamus,,CMRgl,cerebral_metabolic_rate,41.3,umol/100g/min,41.3,,11.0,umol/100g/min,conscious,resting_conscious,TRUE,single_primary_reference,single,,reported_via_secondary_compilation,,volkow1992,"Volkow et al., 1992)","Volkow et al., 1992)",volkow1992,"Volkow et al., 1992)",primary,journal_article,resolved,"Volkow et al., 1992)",volkow1992
1037,Homo sapiens,Homo,Kaufman__2004,TableA3,30,30,Thalamus,Thalamus,,CMRgl,cerebral_metabolic_rate,26.6,umol/100g/min,26.6,,15.0,umol/100g/min,conscious,resting_conscious,TRUE,single_primary_reference,single,,reported_via_secondary_compilation,,wu1992,"Wu et al., 1992)","Wu et al., 1992)",wu1992,"Wu et al., 1992)",primary,journal_article,resolved,"Wu et al., 1992)",wu1992
1038,Homo sapiens,Homo,Kaufman__2004,TableA3,31,31,Thalamus,Thalamus,,CMRgl,cerebral_metabolic_rate,38.7,umol/100g/min,38.7,,5.0,umol/100g/min,conscious,resting_conscious,TRUE,single_primary_reference,single,,reported_via_secondary_compilation,,resentNA,’resent Study,’resent Study,resentNA,’resent Study,primary,journal_article,unresolved,’resent Study,resentNA
1039,Homo sapiens,Homo,Kaufman__2004,TableA3,32,32,Thalamus,Thalamus,,CMRgl,cerebral_metabolic_rate,39.1,umol/100g/min,39.1,,3.0,umol/100g/min,conscious,resting_conscious,TRUE,single_primary_reference,single,,reported_via_secondary_compilation,,de1997,"De Voider et al., 1997)","De Voider et al., 1997)",de1997,"De Voider et al., 1997)",primary,journal_article,resolved,"De Voider et al., 1997)",de1997
1040,Homo sapiens,Homo,Kaufman__2004,TableA3,33,33,Thalamus,Thalamus,,CMRgl,cerebral_metabolic_rate,33.5,umol/100g/min,33.5,,7.0,umol/100g/min,conscious,resting_conscious,TRUE,single_primary_reference,single,,reported_via_secondary_compilation,,sasaki1986,"Sasaki et al., 1986)","Sasaki et al., 1986)",sasaki1986,"Sasaki et al., 1986)",primary,journal_article,resolved,"Sasaki et al., 1986)",sasaki1986
1041,Homo sapiens,Homo sapiens,Heiss_etal_2004,TABLE1,12,12,Thalamus_medial_nucleus,Nucleus medial thalami,,CMRgl,cerebral_metabolic_rate,36.6,umol/100g/min,36.6,4.72,,umol/100g/min,conscious,resting_conscious,TRUE,single_primary_reference,single,,self_primary_reported_in_compilation,,heiss2004,Heiss et al 2004,Heiss et al 2004,heiss2004,Heiss et al 2004,primary,journal_article,resolved,Heiss et al 2004,heiss2004
1042,Homo sapiens,Homo sapiens,Heiss_etal_2004,TABLE1,23,23,Vermis,Vermis,,CMRgl,cerebral_metabolic_rate,30.1,umol/100g/min,30.1,1.96,,umol/100g/min,conscious,resting_conscious,TRUE,single_primary_reference,single,,self_primary_reported_in_compilation,,heiss2004,Heiss et al 2004,Heiss et al 2004,heiss2004,Heiss et al 2004,primary,journal_article,resolved,Heiss et al 2004,heiss2004
1043,Homo sapiens,human,Karbowski__2007,TableS3,15,15,Visual_cortex,Visual cortex,Visual cortex,CMRgl,cerebral_metabolic_rate,0.39,umol/g/min,39.0,5.0,,umol/100g/min,unknown,resting_unknown,TRUE,single_primary_reference,single,,reported_via_secondary_compilation,,de1997,De Volder et al 1997,De Volder et al 1997,de1997,De Volder et al 1997,primary,journal_article,resolved,De Volder et al 1997,de1997
1044,Homo sapiens,human,Karbowski__2007,TableS3,16,16,Visual_cortex,Visual cortex,Visual cortex,CMRgl,cerebral_metabolic_rate,0.37,umol/g/min,37.0,4.0,,umol/100g/min,unknown,resting_unknown,TRUE,single_primary_reference,single,,reported_via_secondary_compilation,,heiss1985,Heiss et al 1985,Heiss et al 1985,heiss1985,Heiss et al 1985,primary,journal_article,resolved,Heiss et al 1985,heiss1985
1045,Homo sapiens,Homo,Kaufman__2004,TableA5,1,1,White_matter,White Matter,,CMRgl,cerebral_metabolic_rate,13.8,umol/100g/min,13.8,,27.0,umol/100g/min,conscious,resting_conscious,TRUE,single_primary_reference,single,,reported_via_secondary_compilation,,brooks1987,"(Brooks et al., 1987)","(Brooks et al., 1987)",brooks1987,"(Brooks et al., 1987)",primary,journal_article,resolved,"(Brooks et al., 1987)",brooks1987
1046,Homo sapiens,Homo,Kaufman__2004,TableA5,2,2,White_matter,White Matter,,CMRgl,cerebral_metabolic_rate,15.2,umol/100g/min,15.2,,18.0,umol/100g/min,conscious,resting_conscious,TRUE,single_primary_reference,single,,reported_via_secondary_compilation,,duara1983,"(Duara et al., 1983)","(Duara et al., 1983)",duara1983,"(Duara et al., 1983)",primary,journal_article,resolved,"(Duara et al., 1983)",duara1983
1047,Homo sapiens,Homo,Kaufman__2004,TableA5,3,3,White_matter,White Matter,,CMRgl,cerebral_metabolic_rate,29,umol/100g/min,29.0,,7.0,umol/100g/min,conscious,resting_conscious,TRUE,single_primary_reference,single,,reported_via_secondary_compilation,,mazziotta1981,"(Mazziotta et al., 1981)","(Mazziotta et al., 1981)",mazziotta1981,"(Mazziotta et al., 1981)",primary,journal_article,resolved,"(Mazziotta et al., 1981)",mazziotta1981
1048,Homo sapiens,Homo,Kaufman__2004,TableA5,4,4,White_matter,White Matter,,CMRgl,cerebral_metabolic_rate,14,umol/100g/min,14.0,,11.0,umol/100g/min,conscious,resting_conscious,TRUE,single_primary_reference,single,,reported_via_secondary_compilation,,tedeschi1995,"(Tedeschi et al., 1995)","(Tedeschi et al., 1995)",tedeschi1995,"(Tedeschi et al., 1995)",primary,journal_article,resolved,"(Tedeschi et al., 1995)",tedeschi1995
1049,Homo sapiens,Homo,Kaufman__2004,TableA5,5,5,White_matter,White Matter,,CMRgl,cerebral_metabolic_rate,21.2,umol/100g/min,21.2,,6.0,umol/100g/min,conscious,resting_conscious,TRUE,single_primary_reference,single,,reported_via_secondary_compilation,,heiss1985,"(Heiss et al., 1985)","(Heiss et al., 1985)",heiss1985,"(Heiss et al., 1985)",primary,journal_article,resolved,"(Heiss et al., 1985)",heiss1985
1050,Homo sapiens,Homo,Kaufman__2004,TableA5,6,6,White_matter,White Matter,,CMRgl,cerebral_metabolic_rate,20.5,umol/100g/min,20.5,,8.0,umol/100g/min,conscious,resting_conscious,TRUE,single_primary_reference,single,,reported_via_secondary_compilation,,kuhl1979,"(Kuhl et al., 1979)","(Kuhl et al., 1979)",kuhl1979,"(Kuhl et al., 1979)",primary,journal_article,resolved,"(Kuhl et al., 1979)",kuhl1979
1051,Homo sapiens,Homo,Kaufman__2004,TableA5,7,7,White_matter,White Matter,,CMRgl,cerebral_metabolic_rate,16.7,umol/100g/min,16.7,,25.0,umol/100g/min,conscious,resting_conscious,TRUE,single_primary_reference,single,,reported_via_secondary_compilation,,kuhl1982,"(Kuhl et al., 1982)","(Kuhl et al., 1982)",kuhl1982,"(Kuhl et al., 1982)",primary,journal_article,resolved,"(Kuhl et al., 1982)",kuhl1982
1052,Homo sapiens,Homo,Kaufman__2004,TableA5,8,8,White_matter,White Matter,,CMRgl,cerebral_metabolic_rate,21,umol/100g/min,21.0,,5.0,umol/100g/min,conscious,resting_conscious,TRUE,single_primary_reference,single,,reported_via_secondary_compilation,,kaufman2004_present,Present Study,Present Study,kaufman2004_present,Present Study,primary,journal_article,resolved,Present Study,kaufman2004_present
1053,Homo sapiens,Homo,Kaufman__2004,TableA5,9,9,White_matter,White Matter,,CMRgl,cerebral_metabolic_rate,12.7,umol/100g/min,12.7,,13.0,umol/100g/min,conscious,resting_conscious,TRUE,single_primary_reference,single,,reported_via_secondary_compilation,,schapiro1990,"(Schapiro et al., 1990)","(Schapiro et al., 1990)",schapiro1990,"(Schapiro et al., 1990)",primary,journal_article,resolved,"(Schapiro et al., 1990)",schapiro1990
1054,Homo sapiens,Homo,Kaufman__2004,TableA5,10,10,White_matter,White Matter,,CMRgl,cerebral_metabolic_rate,25,umol/100g/min,25.0,,4.0,umol/100g/min,conscious,resting_conscious,TRUE,single_primary_reference,single,,reported_via_secondary_compilation,,redies1989,"(Redies et al., 1989)","(Redies et al., 1989)",redies1989,"(Redies et al., 1989)",primary,journal_article,resolved,"(Redies et al., 1989)",redies1989
1055,Homo sapiens,Homo,Kaufman__2004,TableA5,11,11,White_matter,White Matter,,CMRgl,cerebral_metabolic_rate,14.8,umol/100g/min,14.8,,7.0,umol/100g/min,conscious,resting_conscious,TRUE,single_primary_reference,single,,reported_via_secondary_compilation,,hatazawa1988,"(Hatazawa et al., 1988)","(Hatazawa et al., 1988)",hatazawa1988,"(Hatazawa et al., 1988)",primary,journal_article,resolved,"(Hatazawa et al., 1988)",hatazawa1988
1056,Homo sapiens,Homo,Kaufman__2004,TableA5,12,12,White_matter,White Matter,,CMRgl,cerebral_metabolic_rate,17.8,umol/100g/min,17.8,,7.0,umol/100g/min,conscious,resting_conscious,TRUE,single_primary_reference,single,,reported_via_secondary_compilation,,sasaki1986,"(Sasaki et al., 1986)","(Sasaki et al., 1986)",sasaki1986,"(Sasaki et al., 1986)",primary,journal_article,resolved,"(Sasaki et al., 1986)",sasaki1986
1057,Homo sapiens,Homo,Kaufman__2004,TableA5,13,13,White_matter,White Matter,,CMRgl,cerebral_metabolic_rate,27.2,umol/100g/min,27.2,,20.0,umol/100g/min,conscious,resting_conscious,TRUE,single_primary_reference,single,,reported_via_secondary_compilation,,yamaki1996,"(Yamaki et al., 1996)","(Yamaki et al., 1996)",yamaki1996,"(Yamaki et al., 1996)",primary,journal_article,resolved,"(Yamaki et al., 1996)",yamaki1996
1058,Homo sapiens,human,Karbowski__2007,TableS2,19,19,Whole_brain,Brain,Brain,CMRgl,cerebral_metabolic_rate,0.31,umol/g/min,31.0,3.0,,umol/100g/min,unknown,resting_unknown,TRUE,single_primary_reference,single,,reported_via_secondary_compilation,,clarke1994,Clarke et al 1994,Clarke et al 1994,clarke1994,Clarke et al 1994,primary,journal_article,resolved,Clarke et al 1994,clarke1994
1059,Homo sapiens,Homo,Kaufman__2004,TableA14,1,1,Whole_brain,Whole Brain (direct measurement),,CMRgl,cerebral_metabolic_rate,29,umol/100g/min,29.0,,6.0,umol/100g/min,conscious,resting_conscious,TRUE,single_primary_reference,single,,reported_via_secondary_compilation,,alkire1995,"(Alkire et al., 1995)","(Alkire et al., 1995)",alkire1995,"(Alkire et al., 1995)",primary,journal_article,resolved,"(Alkire et al., 1995)",alkire1995
1060,Homo sapiens,Homo,Kaufman__2004,TableA14,2,2,Whole_brain,Whole Brain (direct measurement),,CMRgl,cerebral_metabolic_rate,25.7,umol/100g/min,25.7,,3.0,umol/100g/min,conscious,resting_conscious,TRUE,single_primary_reference,single,,reported_via_secondary_compilation,,blomqvist1994,"(Blomqvist et al., 1994)","(Blomqvist et al., 1994)",blomqvist1994,"(Blomqvist et al., 1994)",primary,journal_article,resolved,"(Blomqvist et al., 1994)",blomqvist1994
1061,Homo sapiens,Homo,Kaufman__2004,TableA14,3,3,Whole_brain,Whole Brain (direct measurement),,CMRgl,cerebral_metabolic_rate,24.65,umol/100g/min,24.65,,10.0,umol/100g/min,conscious,resting_conscious,TRUE,single_primary_reference,single,,reported_via_secondary_compilation,,delvenne1997,"(Delvenne etal., 1997)","(Delvenne etal., 1997)",delvenne1997,"(Delvenne etal., 1997)",primary,journal_article,resolved,"(Delvenne etal., 1997)",delvenne1997
1062,Homo sapiens,Homo,Kaufman__2004,TableA14,4,4,Whole_brain,Whole Brain (direct measurement),,CMRgl,cerebral_metabolic_rate,30.7,umol/100g/min,30.7,,9.0,umol/100g/min,conscious,resting_conscious,TRUE,single_primary_reference,single,,reported_via_secondary_compilation,,hasselbalch1994,"(Hasselbalch et al., 1994)","(Hasselbalch et al., 1994)",hasselbalch1994,"(Hasselbalch et al., 1994)",primary,journal_article,resolved,"(Hasselbalch et al., 1994)",hasselbalch1994
1063,Homo sapiens,Homo,Kaufman__2004,TableA14,5,5,Whole_brain,Whole Brain (direct measurement),,CMRgl,cerebral_metabolic_rate,36.2,umol/100g/min,36.2,,6.0,umol/100g/min,conscious,resting_conscious,TRUE,single_primary_reference,single,,reported_via_secondary_compilation,,heiss1985,"(Heiss et al., 1985)","(Heiss et al., 1985)",heiss1985,"(Heiss et al., 1985)",primary,journal_article,resolved,"(Heiss et al., 1985)",heiss1985
1064,Homo sapiens,Homo,Kaufman__2004,TableA14,6,6,Whole_brain,Whole Brain (direct measurement),,CMRgl,cerebral_metabolic_rate,29.25,umol/100g/min,29.25,,12.0,umol/100g/min,conscious,resting_conscious,TRUE,single_primary_reference,single,,reported_via_secondary_compilation,,kaye1990,"(Kaye et al., 1990)","(Kaye et al., 1990)",kaye1990,"(Kaye et al., 1990)",primary,journal_article,resolved,"(Kaye et al., 1990)",kaye1990
1065,Homo sapiens,Homo,Kaufman__2004,TableA14,7,7,Whole_brain,Whole Brain (direct measurement),,CMRgl,cerebral_metabolic_rate,34.5,umol/100g/min,34.5,,14.0,umol/100g/min,conscious,resting_conscious,TRUE,single_primary_reference,single,,reported_via_secondary_compilation,,phillips1991,"(Phillips et al., 1991)","(Phillips et al., 1991)",phillips1991,"(Phillips et al., 1991)",primary,journal_article,resolved,"(Phillips et al., 1991)",phillips1991
1066,Homo sapiens,Homo,Kaufman__2004,TableA14,8,8,Whole_brain,Whole Brain (direct measurement),,CMRgl,cerebral_metabolic_rate,32.75,umol/100g/min,32.75,,2.0,umol/100g/min,conscious,resting_conscious,TRUE,single_primary_reference,single,,reported_via_secondary_compilation,,reivich1979,"(Reivich et al., 1979)","(Reivich et al., 1979)",reivich1979,"(Reivich et al., 1979)",primary,journal_article,resolved,"(Reivich et al., 1979)",reivich1979
1067,Homo sapiens,Homo,Kaufman__2004,TableA14,9,9,Whole_brain,Whole Brain (direct measurement),,CMRgl,cerebral_metabolic_rate,35.2,umol/100g/min,35.2,,16.0,umol/100g/min,conscious,resting_conscious,TRUE,single_primary_reference,single,,reported_via_secondary_compilation,,rudolf2000,"(Rudolf et al., 2000)","(Rudolf et al., 2000)",rudolf2000,"(Rudolf et al., 2000)",primary,journal_article,resolved,"(Rudolf et al., 2000)",rudolf2000
1068,Homo sapiens,Homo,Kaufman__2004,TableA14,10,10,Whole_brain,Whole Brain (direct measurement),,CMRgl,cerebral_metabolic_rate,37.3,umol/100g/min,37.3,,10.0,umol/100g/min,conscious,resting_conscious,TRUE,single_primary_reference,single,,reported_via_secondary_compilation,,tommasino1995,"(Tommasino et al., 1995)","(Tommasino et al., 1995)",tommasino1995,"(Tommasino et al., 1995)",primary,journal_article,resolved,"(Tommasino et al., 1995)",tommasino1995
1069,Homo sapiens,Homo,Kaufman__2004,TableA14,11,11,Whole_brain,Whole Brain (direct measurement),,CMRgl,cerebral_metabolic_rate,26.8,umol/100g/min,26.8,,5.0,umol/100g/min,conscious,resting_conscious,TRUE,single_primary_reference,single,,reported_via_secondary_compilation,,kaufman2004_present,Present Study,Present Study,kaufman2004_present,Present Study,primary,journal_article,resolved,Present Study,kaufman2004_present
1070,Homo sapiens,Homo,Kaufman__2004,TableA14,12,12,Whole_brain,Whole Brain (direct measurement),,CMRgl,cerebral_metabolic_rate,28,umol/100g/min,28.0,,25.0,umol/100g/min,conscious,resting_conscious,TRUE,single_primary_reference,single,,reported_via_secondary_compilation,,kuhl1982,"(Kuhl et al., 1982)","(Kuhl et al., 1982)",kuhl1982,"(Kuhl et al., 1982)",primary,journal_article,resolved,"(Kuhl et al., 1982)",kuhl1982
1071,Homo sapiens,Homo,Kaufman__2004,TableA14,13,13,Whole_brain,Whole Brain (direct measurement),,CMRgl,cerebral_metabolic_rate,27.2,umol/100g/min,27.2,,6.0,umol/100g/min,conscious,resting_conscious,TRUE,single_primary_reference,single,,reported_via_secondary_compilation,,bednarczyk1992,"(Bednarczyk et al., 1992)","(Bednarczyk et al., 1992)",bednarczyk1992,"(Bednarczyk et al., 1992)",primary,journal_article,resolved,"(Bednarczyk et al., 1992)",bednarczyk1992
1072,Homo sapiens,Homo,Kaufman__2004,TableA14,14,14,Whole_brain,Whole Brain (direct measurement),,CMRgl,cerebral_metabolic_rate,28.3,umol/100g/min,28.3,,7.0,umol/100g/min,conscious,resting_conscious,TRUE,single_primary_reference,single,,reported_via_secondary_compilation,,blomqvist1990,"(Blomqvist et al., 1990)","(Blomqvist et al., 1990)",blomqvist1990,"(Blomqvist et al., 1990)",primary,journal_article,resolved,"(Blomqvist et al., 1990)",blomqvist1990
1073,Homo sapiens,Homo,Kaufman__2004,TableA14,15,15,Whole_brain,Whole Brain (direct measurement),,CMRgl,cerebral_metabolic_rate,23.03,umol/100g/min,23.03,,10.0,umol/100g/min,anesthetized,resting_anesthetized,FALSE,single_primary_reference,single,,reported_via_secondary_compilation,anesthetized,cohen1964,"(Cohen et al., 1964)","(Cohen et al., 1964)",cohen1964,"(Cohen et al., 1964)",primary,journal_article,resolved,"(Cohen et al., 1964)",cohen1964
1074,Homo sapiens,Homo,Kaufman__2004,TableA14,16,16,Whole_brain,Whole Brain (direct measurement),,CMRgl,cerebral_metabolic_rate,24.87,umol/100g/min,24.87,,9.0,umol/100g/min,conscious,resting_conscious,TRUE,single_primary_reference,single,,reported_via_secondary_compilation,,cohen1967,"(Cohen et al., 1967)","(Cohen et al., 1967)",cohen1967,"(Cohen et al., 1967)",primary,journal_article,resolved,"(Cohen et al., 1967)",cohen1967
1075,Homo sapiens,Homo,Kaufman__2004,TableA14,17,17,Whole_brain,Whole Brain (direct measurement),,CMRgl,cerebral_metabolic_rate,33.3,umol/100g/min,33.3,,15.0,umol/100g/min,conscious,resting_conscious,TRUE,single_primary_reference,single,,reported_via_secondary_compilation,,dastur1985,"(Dastur, 1985)","(Dastur, 1985)",dastur1985,"(Dastur, 1985)",primary,journal_article,resolved,"(Dastur, 1985)",dastur1985
1076,Homo sapiens,Homo,Kaufman__2004,TableA14,18,18,Whole_brain,Whole Brain (direct measurement),,CMRgl,cerebral_metabolic_rate,27.59,umol/100g/min,27.59,,15.0,umol/100g/min,conscious,resting_conscious,TRUE,single_primary_reference,single,,reported_via_secondary_compilation,,hoyer1984,"(Hoyer et al., 1984)","(Hoyer et al., 1984)",hoyer1984,"(Hoyer et al., 1984)",primary,journal_article,resolved,"(Hoyer et al., 1984)",hoyer1984
1077,Homo sapiens,Homo,Kaufman__2004,TableA14,19,19,Whole_brain,Whole Brain (direct measurement),,CMRgl,cerebral_metabolic_rate,23,umol/100g/min,23.0,,6.0,umol/100g/min,conscious,resting_conscious,TRUE,single_primary_reference,single,,reported_via_secondary_compilation,,jobes1977,"(Jobes et al., 1977)","(Jobes et al., 1977)",jobes1977,"(Jobes et al., 1977)",primary,journal_article,resolved,"(Jobes et al., 1977)",jobes1977
1078,Homo sapiens,Homo,Kaufman__2004,TableA14,20,20,Whole_brain,Whole Brain (direct measurement),,CMRgl,cerebral_metabolic_rate,23.3,umol/100g/min,23.3,,8.0,umol/100g/min,conscious,resting_conscious,TRUE,single_primary_reference,single,,reported_via_secondary_compilation,,madsen1995,"(Madsen et al., 1995)","(Madsen et al., 1995)",madsen1995,"(Madsen et al., 1995)",primary,journal_article,resolved,"(Madsen et al., 1995)",madsen1995
1079,Homo sapiens,Homo,Kaufman__2004,TableA14,21,21,Whole_brain,Whole Brain (direct measurement),,CMRgl,cerebral_metabolic_rate,22.2,umol/100g/min,22.2,,9.0,umol/100g/min,conscious,resting_conscious,TRUE,single_primary_reference,single,,reported_via_secondary_compilation,,mielck1998,"(Mielck et al., 1998)","(Mielck et al., 1998)",mielck1998,"(Mielck et al., 1998)",primary,journal_article,resolved,"(Mielck et al., 1998)",mielck1998
1080,Homo sapiens,Homo,Kaufman__2004,TableA14,22,22,Whole_brain,Whole Brain (direct measurement),,CMRgl,cerebral_metabolic_rate,14.4,umol/100g/min,14.4,,9.0,umol/100g/min,anesthetized,resting_anesthetized,FALSE,single_primary_reference,single,,reported_via_secondary_compilation,anesthetized,mielck1998,"(Mielck et al., 1998)","(Mielck et al., 1998)",mielck1998,"(Mielck et al., 1998)",primary,journal_article,resolved,"(Mielck et al., 1998)",mielck1998
1081,Homo sapiens,Homo,Kaufman__2004,TableA14,23,23,Whole_brain,Whole Brain (direct measurement),,CMRgl,cerebral_metabolic_rate,24.9,umol/100g/min,24.9,,7.0,umol/100g/min,conscious,resting_conscious,TRUE,single_primary_reference,single,,reported_via_secondary_compilation,,ogawaetal1996,"(Ogawaetal., 1996)","(Ogawaetal., 1996)",ogawaetal1996,"(Ogawaetal., 1996)",primary,journal_article,resolved,"(Ogawaetal., 1996)",ogawaetal1996
1082,Homo sapiens,Homo,Kaufman__2004,TableA14,24,24,Whole_brain,Whole Brain (direct measurement),,CMRgl,cerebral_metabolic_rate,29,umol/100g/min,29.0,,4.0,umol/100g/min,conscious,resting_conscious,TRUE,single_primary_reference,single,,reported_via_secondary_compilation,,redies1989,"(Redies et al., 1989)","(Redies et al., 1989)",redies1989,"(Redies et al., 1989)",primary,journal_article,resolved,"(Redies et al., 1989)",redies1989
1083,Homo sapiens,Homo,Kaufman__2004,TableA14,25,25,Whole_brain,Whole Brain (direct measurement),,CMRgl,cerebral_metabolic_rate,34.4,umol/100g/min,34.4,,20.0,umol/100g/min,conscious,resting_conscious,TRUE,single_primary_reference,single,,reported_via_secondary_compilation,,scheinberg1949,"(Scheinberg and Stead, 1949)","(Scheinberg and Stead, 1949)",scheinberg1949,"(Scheinberg and Stead, 1949)",primary,journal_article,resolved,"(Scheinberg and Stead, 1949)",scheinberg1949
1084,Lepus sp.,Lepus,Kaufman__2004,TableA1,62,62,Basal_ganglia,Basal Ganglia,,CMRgl,cerebral_metabolic_rate,58.7,umol/100g/min,58.7,,5.0,umol/100g/min,conscious,resting_conscious,TRUE,single_primary_reference,single,,reported_via_secondary_compilation,,passero1981,"(Passero et al., 1981)","(Passero et al., 1981)",passero1981,"(Passero et al., 1981)",primary,journal_article,resolved,"(Passero et al., 1981)",passero1981
1085,Lepus sp.,Lepus,Kaufman__2004,TableA2,22,22,Hippocampus,Hippocampus,,CMRgl,cerebral_metabolic_rate,58.1,umol/100g/min,58.1,,5.0,umol/100g/min,conscious,resting_conscious,TRUE,single_primary_reference,single,,reported_via_secondary_compilation,,passero1981,"(Passero et al., 1981)","(Passero et al., 1981)",passero1981,"(Passero et al., 1981)",primary,journal_article,resolved,"(Passero et al., 1981)",passero1981
1086,Lepus sp.,Lepus,Kaufman__2004,TableA6,70,70,Neocortex,Neocortex,,CMRgl,cerebral_metabolic_rate,77.4,umol/100g/min,77.4,,5.0,umol/100g/min,conscious,resting_conscious,TRUE,single_primary_reference,single,,reported_via_secondary_compilation,,passero1981,"(Passero et al., 1981)","(Passero et al., 1981)",passero1981,"(Passero et al., 1981)",primary,journal_article,resolved,"(Passero et al., 1981)",passero1981
1087,Lepus sp.,Lepus,Kaufman__2004,TableA11,59,59,Occipital_cortex,Occipital Cortex,,CMRgl,cerebral_metabolic_rate,76.4,umol/100g/min,76.4,,5.0,umol/100g/min,conscious,resting_conscious,TRUE,single_primary_reference,single,,reported_via_secondary_compilation,,passero1981,"(Passero et al., 1981)","(Passero et al., 1981)",passero1981,"(Passero et al., 1981)",primary,journal_article,resolved,"(Passero et al., 1981)",passero1981
1088,Lepus sp.,Lepus,Kaufman__2004,TableA8,60,60,Parietal_cortex,Parietal Cortex,,CMRgl,cerebral_metabolic_rate,73.1,umol/100g/min,73.1,,5.0,umol/100g/min,conscious,resting_conscious,TRUE,single_primary_reference,single,,reported_via_secondary_compilation,,passero1981,"(Passero et al., 1981)","(Passero et al., 1981)",passero1981,"(Passero et al., 1981)",primary,journal_article,resolved,"(Passero et al., 1981)",passero1981
1089,Lepus sp.,Lepus,Kaufman__2004,TableA12,24,24,Sensorimotor_cortex,Sensorimotor Cortex,,CMRgl,cerebral_metabolic_rate,82.65,umol/100g/min,82.65,,5.0,umol/100g/min,conscious,resting_conscious,TRUE,single_primary_reference,single,,reported_via_secondary_compilation,,passero1981,"(Passero et al., 1981)","(Passero et al., 1981)",passero1981,"(Passero et al., 1981)",primary,journal_article,resolved,"(Passero et al., 1981)",passero1981
1090,Lepus sp.,Lepus,Kaufman__2004,TableA3,62,62,Thalamus,Thalamus,,CMRgl,cerebral_metabolic_rate,89.7,umol/100g/min,89.7,,5.0,umol/100g/min,conscious,resting_conscious,TRUE,single_primary_reference,single,,reported_via_secondary_compilation,,passero1981,"(Passero et al., 1981)","(Passero et al., 1981)",passero1981,"(Passero et al., 1981)",primary,journal_article,resolved,"(Passero et al., 1981)",passero1981
1091,Lepus sp.,Lepus,Kaufman__2004,TableA5,35,35,White_matter,White Matter,,CMRgl,cerebral_metabolic_rate,26.1,umol/100g/min,26.1,,5.0,umol/100g/min,conscious,resting_conscious,TRUE,single_primary_reference,single,,reported_via_secondary_compilation,,passero1981,"(Passero et al., 1981)","(Passero et al., 1981)",passero1981,"(Passero et al., 1981)",primary,journal_article,resolved,"(Passero et al., 1981)",passero1981
1092,Macaca fascicularis,M fascic,Kaufman__2004,TableA10,5,5,Auditory_cortex,Auditory Cortex,,CMRgl,cerebral_metabolic_rate,70.3,umol/100g/min,70.3,,,umol/100g/min,anesthetized,resting_anesthetized,FALSE,single_primary_reference,single,,reported_via_secondary_compilation,anesthetized,schwartzman1988,"(Schwartzman et al., 1988)","(Schwartzman et al., 1988)",schwartzman1988,"(Schwartzman et al., 1988)",primary,journal_article,resolved,"(Schwartzman et al., 1988)",schwartzman1988
1093,Macaca fascicularis,M fascic,Kaufman__2004,TableA1,52,52,Basal_ganglia,Basal Ganglia,,CMRgl,cerebral_metabolic_rate,57.8,umol/100g/min,57.8,,1.0,umol/100g/min,anesthetized,resting_anesthetized,FALSE,single_primary_reference,single,,reported_via_secondary_compilation,anesthetized,brownell1994,"(Brownell et al., 1994)","(Brownell et al., 1994)",brownell1994,"(Brownell et al., 1994)",primary,journal_article,resolved,"(Brownell et al., 1994)",brownell1994
1094,Macaca fascicularis,M fascic,Kaufman__2004,TableA1,53,53,Basal_ganglia,Basal Ganglia,,CMRgl,cerebral_metabolic_rate,55.8,umol/100g/min,55.8,,4.0,umol/100g/min,conscious,resting_conscious,TRUE,single_primary_reference,single,,reported_via_secondary_compilation,,deuel1984,"(Deuel and Collins, 1984)","(Deuel and Collins, 1984)",deuel1984,"(Deuel and Collins, 1984)",primary,journal_article,resolved,"(Deuel and Collins, 1984)",deuel1984
1095,Macaca fascicularis,M fascic,Kaufman__2004,TableA1,54,54,Basal_ganglia,Basal Ganglia,,CMRgl,cerebral_metabolic_rate,45.5,umol/100g/min,45.5,,7.0,umol/100g/min,conscious,resting_conscious,TRUE,single_primary_reference,single,,reported_via_secondary_compilation,,kennedy1978,"(Kennedy et al., 1978)","(Kennedy et al., 1978)",kennedy1978,"(Kennedy et al., 1978)",primary,journal_article,resolved,"(Kennedy et al., 1978)",kennedy1978
1096,Macaca fascicularis,M fascic,Kaufman__2004,TableA1,55,55,Basal_ganglia,Basal Ganglia,,CMRgl,cerebral_metabolic_rate,35.5,umol/100g/min,35.5,,4.0,umol/100g/min,anesthetized,resting_anesthetized,FALSE,single_primary_reference,single,,reported_via_secondary_compilation,anesthetized,kuge2001,"(Kuge et al., 2001)","(Kuge et al., 2001)",kuge2001,"(Kuge et al., 2001)",primary,journal_article,resolved,"(Kuge et al., 2001)",kuge2001
1097,Macaca fascicularis,M fascic,Kaufman__2004,TableA1,56,56,Basal_ganglia,Basal Ganglia,,CMRgl,cerebral_metabolic_rate,42.2,umol/100g/min,42.2,,3.0,umol/100g/min,conscious,resting_conscious,TRUE,single_primary_reference,single,,reported_via_secondary_compilation,,lyons1996,"(Lyons et al., 1996)","(Lyons et al., 1996)",lyons1996,"(Lyons et al., 1996)",primary,journal_article,resolved,"(Lyons et al., 1996)",lyons1996
1098,Macaca fascicularis,M fascic,Kaufman__2004,TableA1,57,57,Basal_ganglia,Basal Ganglia,,CMRgl,cerebral_metabolic_rate,38,umol/100g/min,38.0,,6.0,umol/100g/min,conscious,resting_conscious,TRUE,single_primary_reference,single,,reported_via_secondary_compilation,,schwartzman1988,"(Schwartzman et al., 1988)","(Schwartzman et al., 1988)",schwartzman1988,"(Schwartzman et al., 1988)",primary,journal_article,resolved,"(Schwartzman et al., 1988)",schwartzman1988
1099,Macaca fascicularis,M fascic,Kaufman__2004,TableA4,39,39,Cerebellum,Cerebellum,,CMRgl,cerebral_metabolic_rate,48,umol/100g/min,48.0,,1.0,umol/100g/min,anesthetized,resting_anesthetized,FALSE,single_primary_reference,single,,reported_via_secondary_compilation,anesthetized,brownell1994,"(Brownell et al., 1994)","(Brownell et al., 1994)",brownell1994,"(Brownell et al., 1994)",primary,journal_article,resolved,"(Brownell et al., 1994)",brownell1994
1100,Macaca fascicularis,M fascic,Kaufman__2004,TableA4,40,40,Cerebellum,Cerebellum,,CMRgl,cerebral_metabolic_rate,36,umol/100g/min,36.0,,3.0,umol/100g/min,conscious,resting_conscious,TRUE,single_primary_reference,single,,reported_via_secondary_compilation,,lyons1996,"(Lyons et al., 1996)","(Lyons et al., 1996)",lyons1996,"(Lyons et al., 1996)",primary,journal_article,resolved,"(Lyons et al., 1996)",lyons1996
1101,Macaca fascicularis,M fascic,Kaufman__2004,TableA13,24,24,Cingulate_cortex,Cingulate Cortex,,CMRgl,cerebral_metabolic_rate,63.8,umol/100g/min,63.8,,4.0,umol/100g/min,conscious,resting_conscious,TRUE,single_primary_reference,single,,reported_via_secondary_compilation,,deuel1984,"(Deuel and Collins, 1984)","(Deuel and Collins, 1984)",deuel1984,"(Deuel and Collins, 1984)",primary,journal_article,resolved,"(Deuel and Collins, 1984)",deuel1984
1102,Macaca fascicularis,M fascic,Kaufman__2004,TableA13,25,25,Cingulate_cortex,Cingulate Cortex,,CMRgl,cerebral_metabolic_rate,44.6,umol/100g/min,44.6,,3.0,umol/100g/min,conscious,resting_conscious,TRUE,single_primary_reference,single,,reported_via_secondary_compilation,,lyons1996,"(Lyons et al., 1996)","(Lyons et al., 1996)",lyons1996,"(Lyons et al., 1996)",primary,journal_article,resolved,"(Lyons et al., 1996)",lyons1996
1103,Macaca fascicularis,M fascic,Kaufman__2004,TableA7,68,68,Frontal_cortex,Frontal Cortex,,CMRgl,cerebral_metabolic_rate,58,umol/100g/min,58.0,,1.0,umol/100g/min,anesthetized,resting_anesthetized,FALSE,single_primary_reference,single,,reported_via_secondary_compilation,anesthetized,brownell1994,"(Brownell et al., 1994)","(Brownell et al., 1994)",brownell1994,"(Brownell et al., 1994)",primary,journal_article,resolved,"(Brownell et al., 1994)",brownell1994
1104,Macaca fascicularis,M fascic,Kaufman__2004,TableA7,69,69,Frontal_cortex,Frontal Cortex,,CMRgl,cerebral_metabolic_rate,49,umol/100g/min,49.0,,3.0,umol/100g/min,conscious,resting_conscious,TRUE,single_primary_reference,single,,reported_via_secondary_compilation,,lyons1996,"(Lyons et al., 1996)","(Lyons et al., 1996)",lyons1996,"(Lyons et al., 1996)",primary,journal_article,resolved,"(Lyons et al., 1996)",lyons1996
1105,Macaca fascicularis,M fascic,Kaufman__2004,TableA2,19,19,Hippocampus,Hippocampus,,CMRgl,cerebral_metabolic_rate,39,umol/100g/min,39.0,,7.0,umol/100g/min,conscious,resting_conscious,TRUE,single_primary_reference,single,,reported_via_secondary_compilation,,kennedy1978,"(Kennedy et al., 1978)","(Kennedy et al., 1978)",kennedy1978,"(Kennedy et al., 1978)",primary,journal_article,resolved,"(Kennedy et al., 1978)",kennedy1978
1106,Macaca fascicularis,M fascic,Kaufman__2004,TableA2,20,20,Hippocampus,Hippocampus,,CMRgl,cerebral_metabolic_rate,30,umol/100g/min,30.0,,3.0,umol/100g/min,conscious,resting_conscious,TRUE,single_primary_reference,single,,reported_via_secondary_compilation,,lyons1996,"(Lyons et al., 1996)","(Lyons et al., 1996)",lyons1996,"(Lyons et al., 1996)",primary,journal_article,resolved,"(Lyons et al., 1996)",lyons1996
1107,Macaca fascicularis,M fascic,Kaufman__2004,TableA6,63,63,Neocortex,Neocortex,,CMRgl,cerebral_metabolic_rate,55.8,umol/100g/min,55.8,,7.0,umol/100g/min,conscious,resting_conscious,TRUE,single_primary_reference,single,,reported_via_secondary_compilation,,kennedy1978,"(Kennedy et al., 1978)","(Kennedy et al., 1978)",kennedy1978,"(Kennedy et al., 1978)",primary,journal_article,resolved,"(Kennedy et al., 1978)",kennedy1978
1108,Macaca fascicularis,M fascic,Kaufman__2004,TableA11,56,56,Occipital_cortex,Occipital Cortex,,CMRgl,cerebral_metabolic_rate,58,umol/100g/min,58.0,,3.0,umol/100g/min,conscious,resting_conscious,TRUE,single_primary_reference,single,,reported_via_secondary_compilation,,lyons1996,"(Lyons et al., 1996)","(Lyons et al., 1996)",lyons1996,"(Lyons et al., 1996)",primary,journal_article,resolved,"(Lyons et al., 1996)",lyons1996
1109,Macaca fascicularis,M fascic,Kaufman__2004,TableA11,57,57,Occipital_cortex,Occipital Cortex,,CMRgl,cerebral_metabolic_rate,60.8,umol/100g/min,60.8,,6.0,umol/100g/min,conscious,resting_conscious,TRUE,single_primary_reference,single,,reported_via_secondary_compilation,,schwartzman1988,"(Schwartzman et al., 1988)","(Schwartzman et al., 1988)",schwartzman1988,"(Schwartzman et al., 1988)",primary,journal_article,resolved,"(Schwartzman et al., 1988)",schwartzman1988
1110,Macaca fascicularis,M fascic,Kaufman__2004,TableA8,57,57,Parietal_cortex,Parietal Cortex,,CMRgl,cerebral_metabolic_rate,48.3,umol/100g/min,48.3,,4.0,umol/100g/min,conscious,resting_conscious,TRUE,single_primary_reference,single,,reported_via_secondary_compilation,,deuel1984,"(Deuel and Collins, 1984)","(Deuel and Collins, 1984)",deuel1984,"(Deuel and Collins, 1984)",primary,journal_article,resolved,"(Deuel and Collins, 1984)",deuel1984
1111,Macaca fascicularis,M fascic,Kaufman__2004,TableA8,58,58,Parietal_cortex,Parietal Cortex,,CMRgl,cerebral_metabolic_rate,28.9,umol/100g/min,28.9,,4.0,umol/100g/min,anesthetized,resting_anesthetized,FALSE,single_primary_reference,single,,reported_via_secondary_compilation,anesthetized,kuge2001,"(Kuge et al., 2001)","(Kuge et al., 2001)",kuge2001,"(Kuge et al., 2001)",primary,journal_article,resolved,"(Kuge et al., 2001)",kuge2001
1112,Macaca fascicularis,M fascic,Kaufman__2004,TableA12,21,21,Sensorimotor_cortex,Sensorimotor Cortex,,CMRgl,cerebral_metabolic_rate,56,umol/100g/min,56.0,,3.0,umol/100g/min,conscious,resting_conscious,TRUE,single_primary_reference,single,,reported_via_secondary_compilation,,lyons1996,"(Lyons et al., 1996)","(Lyons et al., 1996)",lyons1996,"(Lyons et al., 1996)",primary,journal_article,resolved,"(Lyons et al., 1996)",lyons1996
1113,Macaca fascicularis,M fascic,Kaufman__2004,TableA12,22,22,Sensorimotor_cortex,Sensorimotor Cortex,,CMRgl,cerebral_metabolic_rate,48.9,umol/100g/min,48.9,,6.0,umol/100g/min,conscious,resting_conscious,TRUE,single_primary_reference,single,,reported_via_secondary_compilation,,schwartzman1988,"(Schwartzman et al., 1988)","(Schwartzman et al., 1988)",schwartzman1988,"(Schwartzman et al., 1988)",primary,journal_article,resolved,"(Schwartzman et al., 1988)",schwartzman1988
1114,Macaca fascicularis,M fascic,Kaufman__2004,TableA12,23,23,Sensorimotor_cortex,Sensorimotor Cortex,,CMRgl,cerebral_metabolic_rate,64.75,umol/100g/min,64.75,,4.0,umol/100g/min,conscious,resting_conscious,TRUE,single_primary_reference,single,,reported_via_secondary_compilation,,deuel1984,"(Deuel and Collins, 1984)","(Deuel and Collins, 1984)",deuel1984,"(Deuel and Collins, 1984)",primary,journal_article,resolved,"(Deuel and Collins, 1984)",deuel1984
1115,Macaca fascicularis,M fascic,Kaufman__2004,TableA9,57,57,Temporal_cortex,Temporal Cortex,,CMRgl,cerebral_metabolic_rate,34.7,umol/100g/min,34.7,,4.0,umol/100g/min,anesthetized,resting_anesthetized,FALSE,single_primary_reference,single,,reported_via_secondary_compilation,anesthetized,kuge2001,"(Kuge et al., 2001)","(Kuge et al., 2001)",kuge2001,"(Kuge et al., 2001)",primary,journal_article,resolved,"(Kuge et al., 2001)",kuge2001
1116,Macaca fascicularis,M fascic,Kaufman__2004,TableA9,58,58,Temporal_cortex,Temporal Cortex,,CMRgl,cerebral_metabolic_rate,38,umol/100g/min,38.0,,3.0,umol/100g/min,conscious,resting_conscious,TRUE,single_primary_reference,single,,reported_via_secondary_compilation,,lyons1996,"(Lyons et al., 1996)","(Lyons et al., 1996)",lyons1996,"(Lyons et al., 1996)",primary,journal_article,resolved,"(Lyons et al., 1996)",lyons1996
1117,Macaca fascicularis,M fascic,Kaufman__2004,TableA3,53,53,Thalamus,Thalamus,,CMRgl,cerebral_metabolic_rate,48,umol/100g/min,48.0,,4.0,umol/100g/min,conscious,resting_conscious,TRUE,single_primary_reference,single,,reported_via_secondary_compilation,,deuel1984,"(Deuel and Collins, 1984)","(Deuel and Collins, 1984)",deuel1984,"(Deuel and Collins, 1984)",primary,journal_article,resolved,"(Deuel and Collins, 1984)",deuel1984
1118,Macaca fascicularis,M fascic,Kaufman__2004,TableA3,54,54,Thalamus,Thalamus,,CMRgl,cerebral_metabolic_rate,50.3,umol/100g/min,50.3,,7.0,umol/100g/min,conscious,resting_conscious,TRUE,single_primary_reference,single,,reported_via_secondary_compilation,,kennedy1978,"(Kennedy et al., 1978)","(Kennedy et al., 1978)",kennedy1978,"(Kennedy et al., 1978)",primary,journal_article,resolved,"(Kennedy et al., 1978)",kennedy1978
1119,Macaca fascicularis,M fascic,Kaufman__2004,TableA3,55,55,Thalamus,Thalamus,,CMRgl,cerebral_metabolic_rate,35.5,umol/100g/min,35.5,,4.0,umol/100g/min,anesthetized,resting_anesthetized,FALSE,single_primary_reference,single,,reported_via_secondary_compilation,anesthetized,kuge2001,"(Kuge et al., 2001)","(Kuge et al., 2001)",kuge2001,"(Kuge et al., 2001)",primary,journal_article,resolved,"(Kuge et al., 2001)",kuge2001
1120,Macaca fascicularis,M fascic,Kaufman__2004,TableA3,56,56,Thalamus,Thalamus,,CMRgl,cerebral_metabolic_rate,47.4,umol/100g/min,47.4,,3.0,umol/100g/min,conscious,resting_conscious,TRUE,single_primary_reference,single,,reported_via_secondary_compilation,,lyons1996,"(Lyons et al., 1996)","(Lyons et al., 1996)",lyons1996,"(Lyons et al., 1996)",primary,journal_article,resolved,"(Lyons et al., 1996)",lyons1996
1121,Macaca fascicularis,M fascic,Kaufman__2004,TableA3,57,57,Thalamus,Thalamus,,CMRgl,cerebral_metabolic_rate,40.1,umol/100g/min,40.1,,6.0,umol/100g/min,conscious,resting_conscious,TRUE,single_primary_reference,single,,reported_via_secondary_compilation,,schwartzman1988,"(Schwartzman et al., 1988)","(Schwartzman et al., 1988)",schwartzman1988,"(Schwartzman et al., 1988)",primary,journal_article,resolved,"(Schwartzman et al., 1988)",schwartzman1988
1122,Macaca fascicularis,M fascic,Kaufman__2004,TableA5,28,28,White_matter,White Matter,,CMRgl,cerebral_metabolic_rate,12,umol/100g/min,12.0,,7.0,umol/100g/min,conscious,resting_conscious,TRUE,single_primary_reference,single,,reported_via_secondary_compilation,,kennedy1978,"(Kennedy et al., 1978)","(Kennedy et al., 1978)",kennedy1978,"(Kennedy et al., 1978)",primary,journal_article,resolved,"(Kennedy et al., 1978)",kennedy1978
1123,Macaca fascicularis,M fascic,Kaufman__2004,TableA5,29,29,White_matter,White Matter,,CMRgl,cerebral_metabolic_rate,18.5,umol/100g/min,18.5,,3.0,umol/100g/min,conscious,resting_conscious,TRUE,single_primary_reference,single,,reported_via_secondary_compilation,,lyons1996,"(Lyons et al., 1996)","(Lyons et al., 1996)",lyons1996,"(Lyons et al., 1996)",primary,journal_article,resolved,"(Lyons et al., 1996)",lyons1996
1124,Macaca fascicularis,M fascic,Kaufman__2004,TableA14,81,81,Whole_brain,Whole Brain (direct measurement),,CMRgl,cerebral_metabolic_rate,31.64,umol/100g/min,31.64,,10.0,umol/100g/min,conscious,resting_conscious,TRUE,single_primary_reference,single,,reported_via_secondary_compilation,,rockoff1980,"(Rockoff et al., 1980)","(Rockoff et al., 1980)",rockoff1980,"(Rockoff et al., 1980)",primary,journal_article,resolved,"(Rockoff et al., 1980)",rockoff1980
1125,Macaca mulatta,monkey,Karbowski__2007,TableS17,12,12,Amygdala,Amygdala,Amygdala,CMRgl,cerebral_metabolic_rate,0.33,umol/g/min,33.0,1.0,,umol/100g/min,unknown,resting_unknown,TRUE,single_primary_reference,single,,reported_via_secondary_compilation,,porrino2002,Porrino et al 2002,Porrino et al 2002,porrino2002,Porrino et al 2002,primary,journal_article,resolved,Porrino et al 2002,porrino2002
1126,Macaca mulatta,monkey,Karbowski__2007,TableS17,13,13,Amygdala,Amygdala,Amygdala,CMRgl,cerebral_metabolic_rate,0.38,umol/g/min,38.0,2.0,,umol/100g/min,unknown,resting_unknown,TRUE,single_primary_reference,single,,reported_via_secondary_compilation,,palombo1990,Palombo et al 1990,Palombo et al 1990,palombo1990,Palombo et al 1990,primary,journal_article,resolved,Palombo et al 1990,palombo1990
1127,Macaca mulatta,monkey,Karbowski__2007,TableS17,14,14,Amygdala,Amygdala,Amygdala,CMRgl,cerebral_metabolic_rate,0.25,umol/g/min,25.0,2.0,,umol/100g/min,unknown,resting_unknown,TRUE,single_primary_reference,single,,reported_via_secondary_compilation,,kennedy1978,Kennedy et al 1978,Kennedy et al 1978,kennedy1978,Kennedy et al 1978,primary,journal_article,resolved,Kennedy et al 1978,kennedy1978
1128,Macaca mulatta,M mulatta,Kaufman__2004,TableA1,44,44,Basal_ganglia,Basal Ganglia,,CMRgl,cerebral_metabolic_rate,50.6,umol/100g/min,50.6,,2.0,umol/100g/min,anesthetized,resting_anesthetized,FALSE,single_primary_reference,single,,reported_via_secondary_compilation,anesthetized,brownell1994,"(Brownell et al., 1994)","(Brownell et al., 1994)",brownell1994,"(Brownell et al., 1994)",primary,journal_article,resolved,"(Brownell et al., 1994)",brownell1994
1129,Macaca mulatta,M mulatta,Kaufman__2004,TableA1,45,45,Basal_ganglia,Basal Ganglia,,CMRgl,cerebral_metabolic_rate,37.1,umol/100g/min,37.1,,4.0,umol/100g/min,anesthetized,resting_anesthetized,FALSE,single_primary_reference,single,,reported_via_secondary_compilation,anesthetized,enlund1997,"(Enlund et al., 1997)","(Enlund et al., 1997)",enlund1997,"(Enlund et al., 1997)",primary,journal_article,resolved,"(Enlund et al., 1997)",enlund1997
1130,Macaca mulatta,M mulatta,Kaufman__2004,TableA1,46,46,Basal_ganglia,Basal Ganglia,,CMRgl,cerebral_metabolic_rate,40,umol/100g/min,40.0,,3.0,umol/100g/min,conscious,resting_conscious,TRUE,single_primary_reference,single,,reported_via_secondary_compilation,,palombo1988,"(Palombo et al., 1988)","(Palombo et al., 1988)",palombo1988,"(Palombo et al., 1988)",primary,journal_article,resolved,"(Palombo et al., 1988)",palombo1988
1131,Macaca mulatta,M mulatta,Kaufman__2004,TableA1,47,47,Basal_ganglia,Basal Ganglia,,CMRgl,cerebral_metabolic_rate,51.3,umol/100g/min,51.3,,4.0,umol/100g/min,conscious,resting_conscious,TRUE,single_primary_reference,single,,reported_via_secondary_compilation,,palombo1990,"(Palombo et al., 1990)","(Palombo et al., 1990)",palombo1990,"(Palombo et al., 1990)",primary,journal_article,resolved,"(Palombo et al., 1990)",palombo1990
1132,Macaca mulatta,M mulatta,Kaufman__2004,TableA1,48,48,Basal_ganglia,Basal Ganglia,,CMRgl,cerebral_metabolic_rate,46,umol/100g/min,46.0,,4.0,umol/100g/min,conscious,resting_conscious,TRUE,single_primary_reference,single,,reported_via_secondary_compilation,,palombo1991,"(Palombo et al., 1991)","(Palombo et al., 1991)",palombo1991,"(Palombo et al., 1991)",primary,journal_article,resolved,"(Palombo et al., 1991)",palombo1991
1133,Macaca mulatta,M mulatta,Kaufman__2004,TableA1,49,49,Basal_ganglia,Basal Ganglia,,CMRgl,cerebral_metabolic_rate,40.8,umol/100g/min,40.8,,3.0,umol/100g/min,conscious,resting_conscious,TRUE,single_primary_reference,single,,reported_via_secondary_compilation,,porrino1987,"(Porrino et al., 1987)","(Porrino et al., 1987)",porrino1987,"(Porrino et al., 1987)",primary,journal_article,resolved,"(Porrino et al., 1987)",porrino1987
1134,Macaca mulatta,M mulatta,Kaufman__2004,TableA1,50,50,Basal_ganglia,Basal Ganglia,,CMRgl,cerebral_metabolic_rate,40.9,umol/100g/min,40.9,,6.0,umol/100g/min,conscious,resting_conscious,TRUE,single_primary_reference,single,,reported_via_secondary_compilation,,noda2002,"(Noda et al., 2002)","(Noda et al., 2002)",noda2002,"(Noda et al., 2002)",primary,journal_article,resolved,"(Noda et al., 2002)",noda2002
1135,Macaca mulatta,monkey,Karbowski__2007,TableS22,13,13,Brain_stem,Brain stem,Superior colliculus,CMRgl,cerebral_metabolic_rate,0.55,umol/g/min,55.00000000000001,4.0,,umol/100g/min,unknown,resting_unknown,TRUE,single_primary_reference,single,,reported_via_secondary_compilation,,kennedy1978,Kennedy et al 1978,Kennedy et al 1978,kennedy1978,Kennedy et al 1978,primary,journal_article,resolved,Kennedy et al 1978,kennedy1978
1136,Macaca mulatta,monkey,Karbowski__2007,TableS22,14,14,Brain_stem,Brain stem,Superior colliculus,CMRgl,cerebral_metabolic_rate,0.55,umol/g/min,55.00000000000001,3.0,,umol/100g/min,unknown,resting_unknown,TRUE,single_primary_reference,single,,reported_via_secondary_compilation,,palombo1990,Palombo et al 1990,Palombo et al 1990,palombo1990,Palombo et al 1990,primary,journal_article,resolved,Palombo et al 1990,palombo1990
1137,Macaca mulatta,monkey,Karbowski__2007,TableS22,27,27,Brain_stem,Brain stem,Inferior colliculus,CMRgl,cerebral_metabolic_rate,1.03,umol/g/min,103.0,6.0,,umol/100g/min,unknown,resting_unknown,TRUE,single_primary_reference,single,,reported_via_secondary_compilation,,kennedy1978,Kennedy et al 1978,Kennedy et al 1978,kennedy1978,Kennedy et al 1978,primary,journal_article,resolved,Kennedy et al 1978,kennedy1978
1138,Macaca mulatta,monkey,Karbowski__2007,TableS22,28,28,Brain_stem,Brain stem,Inferior colliculus,CMRgl,cerebral_metabolic_rate,1.3,umol/g/min,130.0,5.0,,umol/100g/min,unknown,resting_unknown,TRUE,single_primary_reference,single,,reported_via_secondary_compilation,,palombo1990,Palombo et al 1990,Palombo et al 1990,palombo1990,Palombo et al 1990,primary,journal_article,resolved,Palombo et al 1990,palombo1990
1139,Macaca mulatta,monkey,Karbowski__2007,TableS19,13,13,Caudate_nucleus,Caudate,Caudate,CMRgl,cerebral_metabolic_rate,0.6,umol/g/min,60.0,4.0,,umol/100g/min,unknown,resting_unknown,TRUE,single_primary_reference,single,,reported_via_secondary_compilation,,porrino2002,Porrino et al 2002,Porrino et al 2002,porrino2002,Porrino et al 2002,primary,journal_article,resolved,Porrino et al 2002,porrino2002
1140,Macaca mulatta,monkey,Karbowski__2007,TableS19,14,14,Caudate_nucleus,Caudate,Caudate,CMRgl,cerebral_metabolic_rate,0.52,umol/g/min,52.0,3.0,,umol/100g/min,unknown,resting_unknown,TRUE,single_primary_reference,single,,reported_via_secondary_compilation,,kennedy1978,Kennedy et al 1978,Kennedy et al 1978,kennedy1978,Kennedy et al 1978,primary,journal_article,resolved,Kennedy et al 1978,kennedy1978
1141,Macaca mulatta,monkey,Karbowski__2007,TableS19,15,15,Caudate_nucleus,Caudate,Caudate,CMRgl,cerebral_metabolic_rate,0.51,umol/g/min,51.0,3.0,,umol/100g/min,unknown,resting_unknown,TRUE,single_primary_reference,single,,reported_via_secondary_compilation,,palombo1990,Palombo et al 1990,Palombo et al 1990,palombo1990,Palombo et al 1990,primary,journal_article,resolved,Palombo et al 1990,palombo1990
1142,Macaca mulatta,monkey,Karbowski__2007,TableS14,9,9,Cerebellum,Cerebellum,Cerebellum,CMRgl,cerebral_metabolic_rate,0.38,umol/g/min,38.0,2.0,,umol/100g/min,unknown,resting_unknown,TRUE,single_primary_reference,single,,reported_via_secondary_compilation,,kennedy1978,Kennedy et al 1978,Kennedy et al 1978,kennedy1978,Kennedy et al 1978,primary,journal_article,resolved,Kennedy et al 1978,kennedy1978
1143,Macaca mulatta,monkey,Karbowski__2007,TableS14,10,10,Cerebellum,Cerebellum,Cerebellum,CMRgl,cerebral_metabolic_rate,0.27,umol/g/min,27.0,6.0,,umol/100g/min,unknown,resting_unknown,FALSE,single_primary_reference,single,,reported_via_secondary_compilation,duplicate_secondary_compilation,noda2002,Noda et al 2002,Noda et al 2002,noda2002,Noda et al 2002,primary,journal_article,resolved,Noda et al 2002,noda2002
1144,Macaca mulatta,monkey,Karbowski__2007,TableS14,11,11,Cerebellum,Cerebellum,Cerebellum,CMRgl,cerebral_metabolic_rate,0.46,umol/g/min,46.0,3.0,,umol/100g/min,unknown,resting_unknown,FALSE,single_primary_reference,single,,reported_via_secondary_compilation,duplicate_secondary_compilation,palombo1990,Palombo et al 1990,Palombo et al 1990,palombo1990,Palombo et al 1990,primary,journal_article,resolved,Palombo et al 1990,palombo1990
1145,Macaca mulatta,M mulatta,Kaufman__2004,TableA4,33,33,Cerebellum,Cerebellum,,CMRgl,cerebral_metabolic_rate,36,umol/100g/min,36.0,,2.0,umol/100g/min,anesthetized,resting_anesthetized,FALSE,single_primary_reference,single,,reported_via_secondary_compilation,anesthetized,brownell1994,"(Brownell et al., 1994)","(Brownell et al., 1994)",brownell1994,"(Brownell et al., 1994)",primary,journal_article,resolved,"(Brownell et al., 1994)",brownell1994
1146,Macaca mulatta,M mulatta,Kaufman__2004,TableA4,34,34,Cerebellum,Cerebellum,,CMRgl,cerebral_metabolic_rate,30.8,umol/100g/min,30.8,,6.0,umol/100g/min,conscious,resting_conscious,TRUE,single_primary_reference,single,,reported_via_secondary_compilation,,cross2000,"(Cross et al., 2000)","(Cross et al., 2000)",cross2000,"(Cross et al., 2000)",primary,journal_article,resolved,"(Cross et al., 2000)",cross2000
1147,Macaca mulatta,M mulatta,Kaufman__2004,TableA4,35,35,Cerebellum,Cerebellum,,CMRgl,cerebral_metabolic_rate,25.5,umol/100g/min,25.5,,3.0,umol/100g/min,conscious,resting_conscious,TRUE,single_primary_reference,single,,reported_via_secondary_compilation,,palombo1988,"(Palombo et al., 1988)","(Palombo et al., 1988)",palombo1988,"(Palombo et al., 1988)",primary,journal_article,resolved,"(Palombo et al., 1988)",palombo1988
1148,Macaca mulatta,M mulatta,Kaufman__2004,TableA4,36,36,Cerebellum,Cerebellum,,CMRgl,cerebral_metabolic_rate,24.5,umol/100g/min,24.5,,4.0,umol/100g/min,conscious,resting_conscious,TRUE,single_primary_reference,single,,reported_via_secondary_compilation,,palombo1990,"(Palombo et al., 1990)","(Palombo et al., 1990)",palombo1990,"(Palombo et al., 1990)",primary,journal_article,resolved,"(Palombo et al., 1990)",palombo1990
1149,Macaca mulatta,M mulatta,Kaufman__2004,TableA4,37,37,Cerebellum,Cerebellum,,CMRgl,cerebral_metabolic_rate,25,umol/100g/min,25.0,,3.0,umol/100g/min,conscious,resting_conscious,TRUE,single_primary_reference,single,,reported_via_secondary_compilation,,porrino1987,"(Porrino et al., 1987)","(Porrino et al., 1987)",porrino1987,"(Porrino et al., 1987)",primary,journal_article,resolved,"(Porrino et al., 1987)",porrino1987
1150,Macaca mulatta,M mulatta,Kaufman__2004,TableA4,38,38,Cerebellum,Cerebellum,,CMRgl,cerebral_metabolic_rate,26.8,umol/100g/min,26.8,,6.0,umol/100g/min,conscious,resting_conscious,TRUE,single_primary_reference,single,,reported_via_secondary_compilation,,noda2002,"(Noda et al., 2002)","(Noda et al., 2002)",noda2002,"(Noda et al., 2002)",primary,journal_article,resolved,"(Noda et al., 2002)",noda2002
1151,Macaca mulatta,monkey,Karbowski__2007,TableS6,7,7,Cingulate_cortex,Cingulate cortex,Cingulate cortex,CMRgl,cerebral_metabolic_rate,0.37,umol/g/min,37.0,9.0,,umol/100g/min,unknown,resting_unknown,FALSE,single_primary_reference,single,,reported_via_secondary_compilation,duplicate_secondary_compilation,noda2002,Noda et al 2002,Noda et al 2002,noda2002,Noda et al 2002,primary,journal_article,resolved,Noda et al 2002,noda2002
1152,Macaca mulatta,monkey,Karbowski__2007,TableS6,8,8,Cingulate_cortex,Cingulate cortex,Cingulate cortex,CMRgl,cerebral_metabolic_rate,0.4,umol/g/min,40.0,2.0,,umol/100g/min,unknown,resting_unknown,FALSE,single_primary_reference,single,,reported_via_secondary_compilation,duplicate_secondary_compilation,palombo1990,Palombo et al 1990,Palombo et al 1990,palombo1990,Palombo et al 1990,primary,journal_article,resolved,Palombo et al 1990,palombo1990
1153,Macaca mulatta,M mulatta,Kaufman__2004,TableA13,19,19,Cingulate_cortex,Cingulate Cortex,,CMRgl,cerebral_metabolic_rate,37.8,umol/100g/min,37.8,,6.0,umol/100g/min,conscious,resting_conscious,TRUE,single_primary_reference,single,,reported_via_secondary_compilation,,cross2000,"(Cross et al., 2000)","(Cross et al., 2000)",cross2000,"(Cross et al., 2000)",primary,journal_article,resolved,"(Cross et al., 2000)",cross2000
1154,Macaca mulatta,M mulatta,Kaufman__2004,TableA13,20,20,Cingulate_cortex,Cingulate Cortex,,CMRgl,cerebral_metabolic_rate,36.6,umol/100g/min,36.6,,6.0,umol/100g/min,conscious,resting_conscious,TRUE,single_primary_reference,single,,reported_via_secondary_compilation,,noda2002,"(Noda et al., 2002)","(Noda et al., 2002)",noda2002,"(Noda et al., 2002)",primary,journal_article,resolved,"(Noda et al., 2002)",noda2002
1155,Macaca mulatta,M mulatta,Kaufman__2004,TableA13,21,21,Cingulate_cortex,Cingulate Cortex,,CMRgl,cerebral_metabolic_rate,41,umol/100g/min,41.0,,3.0,umol/100g/min,conscious,resting_conscious,TRUE,single_primary_reference,single,,reported_via_secondary_compilation,,palombo1988,"(Palombo et al., 1988)","(Palombo et al., 1988)",palombo1988,"(Palombo et al., 1988)",primary,journal_article,resolved,"(Palombo et al., 1988)",palombo1988
1156,Macaca mulatta,M mulatta,Kaufman__2004,TableA13,22,22,Cingulate_cortex,Cingulate Cortex,,CMRgl,cerebral_metabolic_rate,39,umol/100g/min,39.0,,4.0,umol/100g/min,conscious,resting_conscious,TRUE,single_primary_reference,single,,reported_via_secondary_compilation,,palombo1990,"(Palombo et al., 1990)","(Palombo et al., 1990)",palombo1990,"(Palombo et al., 1990)",primary,journal_article,resolved,"(Palombo et al., 1990)",palombo1990
1157,Macaca mulatta,M mulatta,Kaufman__2004,TableA13,23,23,Cingulate_cortex,Cingulate Cortex,,CMRgl,cerebral_metabolic_rate,38,umol/100g/min,38.0,,3.0,umol/100g/min,conscious,resting_conscious,TRUE,single_primary_reference,single,,reported_via_secondary_compilation,,porrino1987,"(Porrino et al., 1987)","(Porrino et al., 1987)",porrino1987,"(Porrino et al., 1987)",primary,journal_article,resolved,"(Porrino et al., 1987)",porrino1987
1158,Macaca mulatta,monkey,Karbowski__2007,TableS5,6,6,Frontal_cortex,Frontal cortex,Frontal cortex,CMRgl,cerebral_metabolic_rate,0.34,umol/g/min,34.0,8.0,,umol/100g/min,unknown,resting_unknown,FALSE,single_primary_reference,single,,reported_via_secondary_compilation,duplicate_secondary_compilation,noda2002,Noda et al 2002,Noda et al 2002,noda2002,Noda et al 2002,primary,journal_article,resolved,Noda et al 2002,noda2002
1159,Macaca mulatta,monkey,Karbowski__2007,TableS5,7,7,Frontal_cortex,Frontal cortex,Frontal cortex,CMRgl,cerebral_metabolic_rate,0.58,umol/g/min,57.99999999999999,2.0,,umol/100g/min,unknown,resting_unknown,FALSE,single_primary_reference,single,,reported_via_secondary_compilation,duplicate_secondary_compilation,palombo1990,Palombo et al 1990,Palombo et al 1990,palombo1990,Palombo et al 1990,primary,journal_article,resolved,Palombo et al 1990,palombo1990
1160,Macaca mulatta,M mulatta,Kaufman__2004,TableA7,61,61,Frontal_cortex,Frontal Cortex,,CMRgl,cerebral_metabolic_rate,52,umol/100g/min,52.0,,2.0,umol/100g/min,anesthetized,resting_anesthetized,FALSE,single_primary_reference,single,,reported_via_secondary_compilation,anesthetized,brownell1994,"(Brownell et al., 1994)","(Brownell et al., 1994)",brownell1994,"(Brownell et al., 1994)",primary,journal_article,resolved,"(Brownell et al., 1994)",brownell1994
1161,Macaca mulatta,M mulatta,Kaufman__2004,TableA7,62,62,Frontal_cortex,Frontal Cortex,,CMRgl,cerebral_metabolic_rate,34,umol/100g/min,34.0,,6.0,umol/100g/min,conscious,resting_conscious,TRUE,single_primary_reference,single,,reported_via_secondary_compilation,,cross2000,"(Cross et al., 2000)","(Cross et al., 2000)",cross2000,"(Cross et al., 2000)",primary,journal_article,resolved,"(Cross et al., 2000)",cross2000
1162,Macaca mulatta,M mulatta,Kaufman__2004,TableA7,63,63,Frontal_cortex,Frontal Cortex,,CMRgl,cerebral_metabolic_rate,34.1,umol/100g/min,34.1,,6.0,umol/100g/min,conscious,resting_conscious,TRUE,single_primary_reference,single,,reported_via_secondary_compilation,,noda2002,"(Noda et al., 2002)","(Noda et al., 2002)",noda2002,"(Noda et al., 2002)",primary,journal_article,resolved,"(Noda et al., 2002)",noda2002
1163,Macaca mulatta,M mulatta,Kaufman__2004,TableA7,64,64,Frontal_cortex,Frontal Cortex,,CMRgl,cerebral_metabolic_rate,56.7,umol/100g/min,56.7,,3.0,umol/100g/min,conscious,resting_conscious,TRUE,single_primary_reference,single,,reported_via_secondary_compilation,,palombo1988,"(Palombo et al., 1988)","(Palombo et al., 1988)",palombo1988,"(Palombo et al., 1988)",primary,journal_article,resolved,"(Palombo et al., 1988)",palombo1988
1164,Macaca mulatta,M mulatta,Kaufman__2004,TableA7,65,65,Frontal_cortex,Frontal Cortex,,CMRgl,cerebral_metabolic_rate,54.7,umol/100g/min,54.7,,4.0,umol/100g/min,conscious,resting_conscious,TRUE,single_primary_reference,single,,reported_via_secondary_compilation,,palombo1990,"(Palombo et al., 1990)","(Palombo et al., 1990)",palombo1990,"(Palombo et al., 1990)",primary,journal_article,resolved,"(Palombo et al., 1990)",palombo1990
1165,Macaca mulatta,M mulatta,Kaufman__2004,TableA7,66,66,Frontal_cortex,Frontal Cortex,,CMRgl,cerebral_metabolic_rate,59,umol/100g/min,59.0,,3.0,umol/100g/min,conscious,resting_conscious,TRUE,single_primary_reference,single,,reported_via_secondary_compilation,,porrino1987,"(Porrino et al., 1987)","(Porrino et al., 1987)",porrino1987,"(Porrino et al., 1987)",primary,journal_article,resolved,"(Porrino et al., 1987)",porrino1987
1166,Macaca mulatta,monkey,Karbowski__2007,TableS16,13,13,Hippocampus,Hippocampus,Hippocampus,CMRgl,cerebral_metabolic_rate,0.32,umol/g/min,32.0,5.0,,umol/100g/min,unknown,resting_unknown,FALSE,single_primary_reference,single,,reported_via_secondary_compilation,duplicate_secondary_compilation,noda2002,Noda et al 2002,Noda et al 2002,noda2002,Noda et al 2002,primary,journal_article,resolved,Noda et al 2002,noda2002
1167,Macaca mulatta,monkey,Karbowski__2007,TableS16,14,14,Hippocampus,Hippocampus,Hippocampus,CMRgl,cerebral_metabolic_rate,0.37,umol/g/min,37.0,2.0,,umol/100g/min,unknown,resting_unknown,TRUE,single_primary_reference,single,,reported_via_secondary_compilation,,porrino2002,Porrino et al 2002,Porrino et al 2002,porrino2002,Porrino et al 2002,primary,journal_article,resolved,Porrino et al 2002,porrino2002
1168,Macaca mulatta,monkey,Karbowski__2007,TableS16,15,15,Hippocampus,Hippocampus,Hippocampus,CMRgl,cerebral_metabolic_rate,0.33,umol/g/min,33.0,1.0,,umol/100g/min,unknown,resting_unknown,FALSE,single_primary_reference,single,,reported_via_secondary_compilation,duplicate_secondary_compilation,palombo1990,Palombo et al 1990,Palombo et al 1990,palombo1990,Palombo et al 1990,primary,journal_article,resolved,Palombo et al 1990,palombo1990
1169,Macaca mulatta,monkey,Karbowski__2007,TableS16,16,16,Hippocampus,Hippocampus,Hippocampus,CMRgl,cerebral_metabolic_rate,0.39,umol/g/min,39.0,2.0,,umol/100g/min,unknown,resting_unknown,TRUE,single_primary_reference,single,,reported_via_secondary_compilation,,kennedy1978,Kennedy et al 1978,Kennedy et al 1978,kennedy1978,Kennedy et al 1978,primary,journal_article,resolved,Kennedy et al 1978,kennedy1978
1170,Macaca mulatta,M mulatta,Kaufman__2004,TableA2,14,14,Hippocampus,Hippocampus,,CMRgl,cerebral_metabolic_rate,42,umol/100g/min,42.0,,4.0,umol/100g/min,conscious,resting_conscious,TRUE,single_primary_reference,single,,reported_via_secondary_compilation,,nakamura1983,"(Nakamura et al., 1983)","(Nakamura et al., 1983)",nakamura1983,"(Nakamura et al., 1983)",primary,journal_article,resolved,"(Nakamura et al., 1983)",nakamura1983
1171,Macaca mulatta,M mulatta,Kaufman__2004,TableA2,15,15,Hippocampus,Hippocampus,,CMRgl,cerebral_metabolic_rate,32.2,umol/100g/min,32.2,,6.0,umol/100g/min,conscious,resting_conscious,TRUE,single_primary_reference,single,,reported_via_secondary_compilation,,noda2002,"(Noda et al., 2002)","(Noda et al., 2002)",noda2002,"(Noda et al., 2002)",primary,journal_article,resolved,"(Noda et al., 2002)",noda2002
1172,Macaca mulatta,M mulatta,Kaufman__2004,TableA2,16,16,Hippocampus,Hippocampus,,CMRgl,cerebral_metabolic_rate,33,umol/100g/min,33.0,,3.0,umol/100g/min,conscious,resting_conscious,TRUE,single_primary_reference,single,,reported_via_secondary_compilation,,palombo1988,"(Palombo et al., 1988)","(Palombo et al., 1988)",palombo1988,"(Palombo et al., 1988)",primary,journal_article,resolved,"(Palombo et al., 1988)",palombo1988
1173,Macaca mulatta,M mulatta,Kaufman__2004,TableA2,17,17,Hippocampus,Hippocampus,,CMRgl,cerebral_metabolic_rate,32,umol/100g/min,32.0,,4.0,umol/100g/min,conscious,resting_conscious,TRUE,single_primary_reference,single,,reported_via_secondary_compilation,,palombo1990,"(Palombo et al., 1990)","(Palombo et al., 1990)",palombo1990,"(Palombo et al., 1990)",primary,journal_article,resolved,"(Palombo et al., 1990)",palombo1990
1174,Macaca mulatta,M mulatta,Kaufman__2004,TableA2,18,18,Hippocampus,Hippocampus,,CMRgl,cerebral_metabolic_rate,30.5,umol/100g/min,30.5,,4.0,umol/100g/min,conscious,resting_conscious,TRUE,single_primary_reference,single,,reported_via_secondary_compilation,,palombo1991,"(Palombo et al., 1991)","(Palombo et al., 1991)",palombo1991,"(Palombo et al., 1991)",primary,journal_article,resolved,"(Palombo et al., 1991)",palombo1991
1175,Macaca mulatta,monkey,Karbowski__2007,TableS15,15,15,Hypothalamus,Hypothalamus,Hypothalamus,CMRgl,cerebral_metabolic_rate,0.3,umol/g/min,30.0,3.0,,umol/100g/min,unknown,resting_unknown,TRUE,single_primary_reference,single,,reported_via_secondary_compilation,,porrino2002,Porrino et al 2002,Porrino et al 2002,porrino2002,Porrino et al 2002,primary,journal_article,resolved,Porrino et al 2002,porrino2002
1176,Macaca mulatta,monkey,Karbowski__2007,TableS15,16,16,Hypothalamus,Hypothalamus,Hypothalamus,CMRgl,cerebral_metabolic_rate,0.26,umol/g/min,26.0,4.0,,umol/100g/min,unknown,resting_unknown,TRUE,single_primary_reference,single,,reported_via_secondary_compilation,,kennedy1978,Kennedy et al 1978,Kennedy et al 1978,kennedy1978,Kennedy et al 1978,primary,journal_article,resolved,Kennedy et al 1978,kennedy1978
1177,Macaca mulatta,monkey,Karbowski__2007,TableS15,28,28,Hypothalamus,Hypothalamus,Mammilary body,CMRgl,cerebral_metabolic_rate,0.57,umol/g/min,56.99999999999999,6.0,,umol/100g/min,unknown,resting_unknown,TRUE,single_primary_reference,single,,reported_via_secondary_compilation,,palombo1990,Palombo et al 1990,Palombo et al 1990,palombo1990,Palombo et al 1990,primary,journal_article,resolved,Palombo et al 1990,palombo1990
1178,Macaca mulatta,monkey,Karbowski__2007,TableS15,29,29,Hypothalamus,Hypothalamus,Mammilary body,CMRgl,cerebral_metabolic_rate,0.57,umol/g/min,56.99999999999999,3.0,,umol/100g/min,unknown,resting_unknown,TRUE,single_primary_reference,single,,reported_via_secondary_compilation,,kennedy1978,Kennedy et al 1978,Kennedy et al 1978,kennedy1978,Kennedy et al 1978,primary,journal_article,resolved,Kennedy et al 1978,kennedy1978
1179,Macaca mulatta,monkey,Karbowski__2007,TableS11,5,5,Neocortex,Cerebral cortex,Cerebral cortex,CMRgl,cerebral_metabolic_rate,0.46,umol/g/min,46.0,6.0,,umol/100g/min,unknown,resting_unknown,TRUE,single_primary_reference,single,,reported_via_secondary_compilation,,nNA,N=8,N=8,nNA,N=8,primary,journal_article,unresolved,N=8,nNA
1180,Macaca mulatta,monkey,Karbowski__2007,TableS12,13,13,Neocortex,Cerebral cortex,Cerebral cortex,CMRgl,cerebral_metabolic_rate,0.43,umol/g/min,43.0,3.0,,umol/100g/min,unknown,resting_unknown,TRUE,single_primary_reference,single,,reported_via_secondary_compilation,,porrino2002,Porrino et al 2002,Porrino et al 2002,porrino2002,Porrino et al 2002,primary,journal_article,resolved,Porrino et al 2002,porrino2002
1181,Macaca mulatta,monkey,Karbowski__2007,TableS12,14,14,Neocortex,Cerebral cortex,Cerebral cortex,CMRgl,cerebral_metabolic_rate,0.51,umol/g/min,51.0,3.0,,umol/100g/min,unknown,resting_unknown,TRUE,single_primary_reference,single,,reported_via_secondary_compilation,,palombo1990,Palombo et al 1990,Palombo et al 1990,palombo1990,Palombo et al 1990,primary,journal_article,resolved,Palombo et al 1990,palombo1990
1182,Macaca mulatta,monkey,Karbowski__2007,TableS12,15,15,Neocortex,Cerebral cortex,Cerebral cortex,CMRgl,cerebral_metabolic_rate,0.37,umol/g/min,37.0,8.0,,umol/100g/min,unknown,resting_unknown,TRUE,single_primary_reference,single,,reported_via_secondary_compilation,,noda2002,Noda et al 2002,Noda et al 2002,noda2002,Noda et al 2002,primary,journal_article,resolved,Noda et al 2002,noda2002
1183,Macaca mulatta,monkey,Karbowski__2007,TableS12,16,16,Neocortex,Cerebral cortex,Cerebral cortex,CMRgl,cerebral_metabolic_rate,0.57,umol/g/min,56.99999999999999,3.0,,umol/100g/min,unknown,resting_unknown,TRUE,single_primary_reference,single,,reported_via_secondary_compilation,,kennedy1978,Kennedy et al 1978,Kennedy et al 1978,kennedy1978,Kennedy et al 1978,primary,journal_article,resolved,Kennedy et al 1978,kennedy1978
1184,Macaca mulatta,M mulatta,Kaufman__2004,TableA6,59,59,Neocortex,Neocortex,,CMRgl,cerebral_metabolic_rate,37.2,umol/100g/min,37.2,,6.0,umol/100g/min,conscious,resting_conscious,TRUE,single_primary_reference,single,,reported_via_secondary_compilation,,cross2000,"(Cross et al., 2000)","(Cross et al., 2000)",cross2000,"(Cross et al., 2000)",primary,journal_article,resolved,"(Cross et al., 2000)",cross2000
1185,Macaca mulatta,M mulatta,Kaufman__2004,TableA6,60,60,Neocortex,Neocortex,,CMRgl,cerebral_metabolic_rate,51.1,umol/100g/min,51.1,,4.0,umol/100g/min,conscious,resting_conscious,TRUE,single_primary_reference,single,,reported_via_secondary_compilation,,palombo1991,"(Palombo et al., 1991)","(Palombo et al., 1991)",palombo1991,"(Palombo et al., 1991)",primary,journal_article,resolved,"(Palombo et al., 1991)",palombo1991
1186,Macaca mulatta,monkey,Karbowski__2007,TableS9,5,5,Occipital_cortex,Occipital cortex,Occipital cortex,CMRgl,cerebral_metabolic_rate,0.4,umol/g/min,40.0,9.0,,umol/100g/min,unknown,resting_unknown,FALSE,single_primary_reference,single,,reported_via_secondary_compilation,duplicate_secondary_compilation,noda2002,Noda et al 2002,Noda et al 2002,noda2002,Noda et al 2002,primary,journal_article,resolved,Noda et al 2002,noda2002
1187,Macaca mulatta,M mulatta,Kaufman__2004,TableA11,50,50,Occipital_cortex,Occipital Cortex,,CMRgl,cerebral_metabolic_rate,37.5,umol/100g/min,37.5,,6.0,umol/100g/min,conscious,resting_conscious,TRUE,single_primary_reference,single,,reported_via_secondary_compilation,,cross2000,"(Cross et al., 2000)","(Cross et al., 2000)",cross2000,"(Cross et al., 2000)",primary,journal_article,resolved,"(Cross et al., 2000)",cross2000
1188,Macaca mulatta,M mulatta,Kaufman__2004,TableA11,51,51,Occipital_cortex,Occipital Cortex,,CMRgl,cerebral_metabolic_rate,39.7,umol/100g/min,39.7,,6.0,umol/100g/min,conscious,resting_conscious,TRUE,single_primary_reference,single,,reported_via_secondary_compilation,,noda2002,"(Noda et al., 2002)","(Noda et al., 2002)",noda2002,"(Noda et al., 2002)",primary,journal_article,resolved,"(Noda et al., 2002)",noda2002
1189,Macaca mulatta,M mulatta,Kaufman__2004,TableA11,52,52,Occipital_cortex,Occipital Cortex,,CMRgl,cerebral_metabolic_rate,65,umol/100g/min,65.0,,3.0,umol/100g/min,conscious,resting_conscious,TRUE,single_primary_reference,single,,reported_via_secondary_compilation,,palombo1988,"(Palombo et al., 1988)","(Palombo et al., 1988)",palombo1988,"(Palombo et al., 1988)",primary,journal_article,resolved,"(Palombo et al., 1988)",palombo1988
1190,Macaca mulatta,M mulatta,Kaufman__2004,TableA11,53,53,Occipital_cortex,Occipital Cortex,,CMRgl,cerebral_metabolic_rate,66,umol/100g/min,66.0,,4.0,umol/100g/min,conscious,resting_conscious,TRUE,single_primary_reference,single,,reported_via_secondary_compilation,,palombo1990,"(Palombo et al., 1990)","(Palombo et al., 1990)",palombo1990,"(Palombo et al., 1990)",primary,journal_article,resolved,"(Palombo et al., 1990)",palombo1990
1191,Macaca mulatta,M mulatta,Kaufman__2004,TableA11,54,54,Occipital_cortex,Occipital Cortex,,CMRgl,cerebral_metabolic_rate,63.5,umol/100g/min,63.5,,3.0,umol/100g/min,conscious,resting_conscious,TRUE,single_primary_reference,single,,reported_via_secondary_compilation,,porrino1987,"(Porrino et al., 1987)","(Porrino et al., 1987)",porrino1987,"(Porrino et al., 1987)",primary,journal_article,resolved,"(Porrino et al., 1987)",porrino1987
1192,Macaca mulatta,monkey,Karbowski__2007,TableS21,14,14,Pallidum,Globus pallidus,Globus pallidus,CMRgl,cerebral_metabolic_rate,0.31,umol/g/min,31.0,4.0,,umol/100g/min,unknown,resting_unknown,TRUE,single_primary_reference,single,,reported_via_secondary_compilation,,porrino2002,Porrino et al 2002,Porrino et al 2002,porrino2002,Porrino et al 2002,primary,journal_article,resolved,Porrino et al 2002,porrino2002
1193,Macaca mulatta,monkey,Karbowski__2007,TableS21,15,15,Pallidum,Globus pallidus,Globus pallidus,CMRgl,cerebral_metabolic_rate,0.26,umol/g/min,26.0,2.0,,umol/100g/min,unknown,resting_unknown,TRUE,single_primary_reference,single,,reported_via_secondary_compilation,,kennedy1978,Kennedy et al 1978,Kennedy et al 1978,kennedy1978,Kennedy et al 1978,primary,journal_article,resolved,Kennedy et al 1978,kennedy1978
1194,Macaca mulatta,monkey,Karbowski__2007,TableS21,16,16,Pallidum,Globus pallidus,Globus pallidus,CMRgl,cerebral_metabolic_rate,0.27,umol/g/min,27.0,2.0,,umol/100g/min,unknown,resting_unknown,TRUE,single_primary_reference,single,,reported_via_secondary_compilation,,palombo1990,Palombo et al 1990,Palombo et al 1990,palombo1990,Palombo et al 1990,primary,journal_article,resolved,Palombo et al 1990,palombo1990
1195,Macaca mulatta,monkey,Karbowski__2007,TableS10,7,7,Parietal_cortex,Parietal cortex,Parietal cortex,CMRgl,cerebral_metabolic_rate,0.47,umol/g/min,47.0,4.0,,umol/100g/min,unknown,resting_unknown,TRUE,single_primary_reference,single,,reported_via_secondary_compilation,,kennedy1978,Kennedy et al 1978,Kennedy et al 1978,kennedy1978,Kennedy et al 1978,primary,journal_article,resolved,Kennedy et al 1978,kennedy1978
1196,Macaca mulatta,M mulatta,Kaufman__2004,TableA8,55,55,Parietal_cortex,Parietal Cortex,,CMRgl,cerebral_metabolic_rate,37.2,umol/100g/min,37.2,,6.0,umol/100g/min,conscious,resting_conscious,TRUE,single_primary_reference,single,,reported_via_secondary_compilation,,cross2000,"(Cross et al., 2000)","(Cross et al., 2000)",cross2000,"(Cross et al., 2000)",primary,journal_article,resolved,"(Cross et al., 2000)",cross2000
1197,Macaca mulatta,monkey,Karbowski__2007,TableS4,6,6,Prefrontal_cortex,Prefrontal cortex,Prefrontal cortex,CMRgl,cerebral_metabolic_rate,0.4,umol/g/min,40.0,3.0,,umol/100g/min,unknown,resting_unknown,TRUE,single_primary_reference,single,,reported_via_secondary_compilation,,porrino2002,Porrino et al 2002,Porrino et al 2002,porrino2002,Porrino et al 2002,primary,journal_article,resolved,Porrino et al 2002,porrino2002
1198,Macaca mulatta,monkey,Karbowski__2007,TableS8,9,9,Sensorimotor_cortex,Sensorimotor cortex,Sensorimotor cortex,CMRgl,cerebral_metabolic_rate,0.44,umol/g/min,44.0,3.0,,umol/100g/min,unknown,resting_unknown,TRUE,single_primary_reference,single,,reported_via_secondary_compilation,,kennedy1978,Kennedy et al 1978,Kennedy et al 1978,kennedy1978,Kennedy et al 1978,primary,journal_article,resolved,Kennedy et al 1978,kennedy1978
1199,Macaca mulatta,M mulatta,Kaufman__2004,TableA12,18,18,Sensorimotor_cortex,Sensorimotor Cortex,,CMRgl,cerebral_metabolic_rate,47,umol/100g/min,47.0,,3.0,umol/100g/min,conscious,resting_conscious,TRUE,single_primary_reference,single,,reported_via_secondary_compilation,,palombo1988,"(Palombo et al., 1988)","(Palombo et al., 1988)",palombo1988,"(Palombo et al., 1988)",primary,journal_article,resolved,"(Palombo et al., 1988)",palombo1988
1200,Macaca mulatta,M mulatta,Kaufman__2004,TableA12,19,19,Sensorimotor_cortex,Sensorimotor Cortex,,CMRgl,cerebral_metabolic_rate,46,umol/100g/min,46.0,,4.0,umol/100g/min,conscious,resting_conscious,TRUE,single_primary_reference,single,,reported_via_secondary_compilation,,palombo1990,"(Palombo et al., 1990)","(Palombo et al., 1990)",palombo1990,"(Palombo et al., 1990)",primary,journal_article,resolved,"(Palombo et al., 1990)",palombo1990
1201,Macaca mulatta,M mulatta,Kaufman__2004,TableA12,20,20,Sensorimotor_cortex,Sensorimotor Cortex,,CMRgl,cerebral_metabolic_rate,47,umol/100g/min,47.0,,3.0,umol/100g/min,conscious,resting_conscious,TRUE,single_primary_reference,single,,reported_via_secondary_compilation,,porrino1987,"(Porrino et al., 1987)","(Porrino et al., 1987)",porrino1987,"(Porrino et al., 1987)",primary,journal_article,resolved,"(Porrino et al., 1987)",porrino1987
1202,Macaca mulatta,monkey,Karbowski__2007,TableS18,15,15,Septum,Septum,Septum,CMRgl,cerebral_metabolic_rate,0.3,umol/g/min,30.0,3.0,,umol/100g/min,unknown,resting_unknown,TRUE,single_primary_reference,single,,reported_via_secondary_compilation,,porrino2002,Porrino et al 2002,Porrino et al 2002,porrino2002,Porrino et al 2002,primary,journal_article,resolved,Porrino et al 2002,porrino2002
1203,Macaca mulatta,monkey,Karbowski__2007,TableS18,16,16,Septum,Septum,Septum,CMRgl,cerebral_metabolic_rate,0.27,umol/g/min,27.0,1.0,,umol/100g/min,unknown,resting_unknown,TRUE,single_primary_reference,single,,reported_via_secondary_compilation,,palombo1990,Palombo 1990,Palombo 1990,palombo1990,Palombo 1990,primary,journal_article,resolved,Palombo 1990,palombo1990
1204,Macaca mulatta,monkey,Karbowski__2007,TableS18,17,17,Septum,Septum,Septum,CMRgl,cerebral_metabolic_rate,0.26,umol/g/min,26.0,2.0,,umol/100g/min,unknown,resting_unknown,TRUE,single_primary_reference,single,,reported_via_secondary_compilation,,kennedy1978,Kennedy 1978,Kennedy 1978,kennedy1978,Kennedy 1978,primary,journal_article,resolved,Kennedy 1978,kennedy1978
1205,Macaca mulatta,monkey,Karbowski__2007,TableS20,13,13,Substantia_nigra,Substantia nigra,Substantia nigra,CMRgl,cerebral_metabolic_rate,0.44,umol/g/min,44.0,1.0,,umol/100g/min,unknown,resting_unknown,TRUE,single_primary_reference,single,,reported_via_secondary_compilation,,porrino2002,Porrino et al 2002,Porrino et al 2002,porrino2002,Porrino et al 2002,primary,journal_article,resolved,Porrino et al 2002,porrino2002
1206,Macaca mulatta,monkey,Karbowski__2007,TableS20,14,14,Substantia_nigra,Substantia nigra,Substantia nigra,CMRgl,cerebral_metabolic_rate,0.29,umol/g/min,28.999999999999996,3.0,,umol/100g/min,unknown,resting_unknown,TRUE,single_primary_reference,single,,reported_via_secondary_compilation,,kennedy1978,Kennedy et al 1978,Kennedy et al 1978,kennedy1978,Kennedy et al 1978,primary,journal_article,resolved,Kennedy et al 1978,kennedy1978
1207,Macaca mulatta,monkey,Karbowski__2007,TableS20,15,15,Substantia_nigra,Substantia nigra,Substantia nigra,CMRgl,cerebral_metabolic_rate,0.37,umol/g/min,37.0,1.0,,umol/100g/min,unknown,resting_unknown,TRUE,single_primary_reference,single,,reported_via_secondary_compilation,,palombo1990,Palombo et al 1990,Palombo et al 1990,palombo1990,Palombo et al 1990,primary,journal_article,resolved,Palombo et al 1990,palombo1990
1208,Macaca mulatta,monkey,Karbowski__2007,TableS7,14,14,Temporal_cortex,Temporal cortex,Temporal cortex,CMRgl,cerebral_metabolic_rate,0.36,umol/g/min,36.0,7.000000000000001,,umol/100g/min,unknown,resting_unknown,FALSE,single_primary_reference,single,,reported_via_secondary_compilation,duplicate_secondary_compilation,noda2002,Noda et al 2002,Noda et al 2002,noda2002,Noda et al 2002,primary,journal_article,resolved,Noda et al 2002,noda2002
1209,Macaca mulatta,monkey,Karbowski__2007,TableS7,15,15,Temporal_cortex,Temporal cortex,Temporal cortex,CMRgl,cerebral_metabolic_rate,0.4,umol/g/min,40.0,2.0,,umol/100g/min,unknown,resting_unknown,TRUE,single_primary_reference,single,,reported_via_secondary_compilation,,porrino2002,Porrino et al 2002,Porrino et al 2002,porrino2002,Porrino et al 2002,primary,journal_article,resolved,Porrino et al 2002,porrino2002
1210,Macaca mulatta,monkey,Karbowski__2007,TableS7,16,16,Temporal_cortex,Temporal cortex,Temporal cortex,CMRgl,cerebral_metabolic_rate,0.79,umol/g/min,79.0,4.0,,umol/100g/min,unknown,resting_unknown,TRUE,single_primary_reference,single,,reported_via_secondary_compilation,,kennedy1978,"Kennedy et al 1978, auditory","Kennedy et al 1978, auditory",kennedy1978,"Kennedy et al 1978, auditory",primary,journal_article,resolved,"Kennedy et al 1978, auditory",kennedy1978
1211,Macaca mulatta,M mulatta,Kaufman__2004,TableA9,54,54,Temporal_cortex,Temporal Cortex,,CMRgl,cerebral_metabolic_rate,35.2,umol/100g/min,35.2,,6.0,umol/100g/min,conscious,resting_conscious,TRUE,single_primary_reference,single,,reported_via_secondary_compilation,,cross2000,"(Cross et at., 2000)","(Cross et at., 2000)",cross2000,"(Cross et at., 2000)",primary,journal_article,resolved,"(Cross et at., 2000)",cross2000
1212,Macaca mulatta,M mulatta,Kaufman__2004,TableA9,55,55,Temporal_cortex,Temporal Cortex,,CMRgl,cerebral_metabolic_rate,36,umol/100g/min,36.0,,6.0,umol/100g/min,conscious,resting_conscious,TRUE,single_primary_reference,single,,reported_via_secondary_compilation,,noda2002,"(Noda et al., 2002)","(Noda et al., 2002)",noda2002,"(Noda et al., 2002)",primary,journal_article,resolved,"(Noda et al., 2002)",noda2002
1213,Macaca mulatta,monkey,Karbowski__2007,TableS13,15,15,Thalamus,Thalamus,Thalamus,CMRgl,cerebral_metabolic_rate,0.41,umol/g/min,41.0,4.0,,umol/100g/min,unknown,resting_unknown,TRUE,single_primary_reference,single,,reported_via_secondary_compilation,,porrino2002,Porrino et al 2002,Porrino et al 2002,porrino2002,Porrino et al 2002,primary,journal_article,resolved,Porrino et al 2002,porrino2002
1214,Macaca mulatta,monkey,Karbowski__2007,TableS13,16,16,Thalamus,Thalamus,Thalamus,CMRgl,cerebral_metabolic_rate,0.47,umol/g/min,47.0,2.0,,umol/100g/min,unknown,resting_unknown,TRUE,single_primary_reference,single,,reported_via_secondary_compilation,,kennedy1978,Kennedy et al 1978,Kennedy et al 1978,kennedy1978,Kennedy et al 1978,primary,journal_article,resolved,Kennedy et al 1978,kennedy1978
1215,Macaca mulatta,monkey,Karbowski__2007,TableS13,17,17,Thalamus,Thalamus,Thalamus,CMRgl,cerebral_metabolic_rate,0.46,umol/g/min,46.0,3.0,,umol/100g/min,unknown,resting_unknown,FALSE,single_primary_reference,single,,reported_via_secondary_compilation,duplicate_secondary_compilation,palombo1990,Palombo et al 1990,Palombo et al 1990,palombo1990,Palombo et al 1990,primary,journal_article,resolved,Palombo et al 1990,palombo1990
1216,Macaca mulatta,M mulatta,Kaufman__2004,TableA3,46,46,Thalamus,Thalamus,,CMRgl,cerebral_metabolic_rate,38.8,umol/100g/min,38.8,,6.0,umol/100g/min,conscious,resting_conscious,TRUE,single_primary_reference,single,,reported_via_secondary_compilation,,cross2000,"Cross et al., 2000)","Cross et al., 2000)",cross2000,"Cross et al., 2000)",primary,journal_article,resolved,"Cross et al., 2000)",cross2000
1217,Macaca mulatta,M mulatta,Kaufman__2004,TableA3,47,47,Thalamus,Thalamus,,CMRgl,cerebral_metabolic_rate,38,umol/100g/min,38.0,,4.0,umol/100g/min,conscious,resting_conscious,TRUE,single_primary_reference,single,,reported_via_secondary_compilation,,takamuxa1983,"Takamuxa et al., 1983)","Takamuxa et al., 1983)",takamuxa1983,"Takamuxa et al., 1983)",primary,journal_article,resolved,"Takamuxa et al., 1983)",takamuxa1983
1218,Macaca mulatta,M mulatta,Kaufman__2004,TableA3,48,48,Thalamus,Thalamus,,CMRgl,cerebral_metabolic_rate,43.6,umol/100g/min,43.6,,3.0,umol/100g/min,conscious,resting_conscious,TRUE,single_primary_reference,single,,reported_via_secondary_compilation,,palombo1988,"Palombo et al., 1988)","Palombo et al., 1988)",palombo1988,"Palombo et al., 1988)",primary,journal_article,resolved,"Palombo et al., 1988)",palombo1988
1219,Macaca mulatta,M mulatta,Kaufman__2004,TableA3,49,49,Thalamus,Thalamus,,CMRgl,cerebral_metabolic_rate,47.5,umol/100g/min,47.5,,4.0,umol/100g/min,conscious,resting_conscious,TRUE,single_primary_reference,single,,reported_via_secondary_compilation,,palombo1990,"Palombo et al., 1990)","Palombo et al., 1990)",palombo1990,"Palombo et al., 1990)",primary,journal_article,resolved,"Palombo et al., 1990)",palombo1990
1220,Macaca mulatta,M mulatta,Kaufman__2004,TableA3,50,50,Thalamus,Thalamus,,CMRgl,cerebral_metabolic_rate,44.3,umol/100g/min,44.3,,4.0,umol/100g/min,conscious,resting_conscious,TRUE,single_primary_reference,single,,reported_via_secondary_compilation,,alombo1991,"’alombo et al., 1991)","’alombo et al., 1991)",alombo1991,"’alombo et al., 1991)",primary,journal_article,resolved,"’alombo et al., 1991)",alombo1991
1221,Macaca mulatta,M mulatta,Kaufman__2004,TableA3,51,51,Thalamus,Thalamus,,CMRgl,cerebral_metabolic_rate,54.3,umol/100g/min,54.3,,3.0,umol/100g/min,conscious,resting_conscious,TRUE,single_primary_reference,single,,reported_via_secondary_compilation,,orrino1987,"’orrino et al., 1987)","’orrino et al., 1987)",orrino1987,"’orrino et al., 1987)",primary,journal_article,resolved,"’orrino et al., 1987)",orrino1987
1222,Macaca mulatta,monkey,Karbowski__2007,TableS3,12,12,Visual_cortex,Visual cortex,Visual cortex,CMRgl,cerebral_metabolic_rate,0.59,umol/g/min,59.0,2.0,,umol/100g/min,unknown,resting_unknown,TRUE,single_primary_reference,single,,reported_via_secondary_compilation,,kennedy1978,Kennedy et al 1978,Kennedy et al 1978,kennedy1978,Kennedy et al 1978,primary,journal_article,resolved,Kennedy et al 1978,kennedy1978
1223,Macaca mulatta,monkey,Karbowski__2007,TableS3,13,13,Visual_cortex,Visual cortex,Visual cortex,CMRgl,cerebral_metabolic_rate,0.66,umol/g/min,66.0,2.0,,umol/100g/min,unknown,resting_unknown,TRUE,single_primary_reference,single,,reported_via_secondary_compilation,,palombo1990,Palombo et al 1990,Palombo et al 1990,palombo1990,Palombo et al 1990,primary,journal_article,resolved,Palombo et al 1990,palombo1990
1224,Macaca mulatta,monkey,Karbowski__2007,TableS23,8,8,White_matter,White matter,Corpus callosum,CMRgl,cerebral_metabolic_rate,0.11,umol/g/min,11.0,0.0,,umol/100g/min,unknown,resting_unknown,TRUE,single_primary_reference,single,,reported_via_secondary_compilation,,kennedy1978,Kennedy et al 1978,Kennedy et al 1978,kennedy1978,Kennedy et al 1978,primary,journal_article,resolved,Kennedy et al 1978,kennedy1978
1225,Macaca mulatta,monkey,Karbowski__2007,TableS23,9,9,White_matter,White matter,Corpus callosum,CMRgl,cerebral_metabolic_rate,0.11,umol/g/min,11.0,1.0,,umol/100g/min,unknown,resting_unknown,FALSE,single_primary_reference,single,,reported_via_secondary_compilation,duplicate_secondary_compilation,palombo1990,Palombo et al 1990,Palombo et al 1990,palombo1990,Palombo et al 1990,primary,journal_article,resolved,Palombo et al 1990,palombo1990
1226,Macaca mulatta,monkey,Karbowski__2007,TableS23,16,16,White_matter,White matter,Internal capsule,CMRgl,cerebral_metabolic_rate,0.13,umol/g/min,13.0,1.0,,umol/100g/min,unknown,resting_unknown,TRUE,single_primary_reference,single,,reported_via_secondary_compilation,,kennedy1978,Kennedy et al 1978,Kennedy et al 1978,kennedy1978,Kennedy et al 1978,primary,journal_article,resolved,Kennedy et al 1978,kennedy1978
1227,Macaca mulatta,monkey,Karbowski__2007,TableS23,17,17,White_matter,White matter,Internal capsule,CMRgl,cerebral_metabolic_rate,0.11,umol/g/min,11.0,2.0,,umol/100g/min,unknown,resting_unknown,FALSE,single_primary_reference,single,,reported_via_secondary_compilation,duplicate_secondary_compilation,palombo1990,Palombo et al 1990,Palombo et al 1990,palombo1990,Palombo et al 1990,primary,journal_article,resolved,Palombo et al 1990,palombo1990
1228,Macaca mulatta,M mulatta,Kaufman__2004,TableA5,23,23,White_matter,White Matter,,CMRgl,cerebral_metabolic_rate,11,umol/100g/min,11.0,,3.0,umol/100g/min,conscious,resting_conscious,TRUE,single_primary_reference,single,,reported_via_secondary_compilation,,palombo1988,"(Palombo et al., 1988)","(Palombo et al., 1988)",palombo1988,"(Palombo et al., 1988)",primary,journal_article,resolved,"(Palombo et al., 1988)",palombo1988
1229,Macaca mulatta,M mulatta,Kaufman__2004,TableA5,24,24,White_matter,White Matter,,CMRgl,cerebral_metabolic_rate,11,umol/100g/min,11.0,,4.0,umol/100g/min,conscious,resting_conscious,TRUE,single_primary_reference,single,,reported_via_secondary_compilation,,palombo1990,"(Palombo et al., 1990)","(Palombo et al., 1990)",palombo1990,"(Palombo et al., 1990)",primary,journal_article,resolved,"(Palombo et al., 1990)",palombo1990
1230,Macaca mulatta,M mulatta,Kaufman__2004,TableA5,25,25,White_matter,White Matter,,CMRgl,cerebral_metabolic_rate,11.3,umol/100g/min,11.3,,4.0,umol/100g/min,conscious,resting_conscious,TRUE,single_primary_reference,single,,reported_via_secondary_compilation,,palombo1991,"(Palombo et al., 1991)","(Palombo et al., 1991)",palombo1991,"(Palombo et al., 1991)",primary,journal_article,resolved,"(Palombo et al., 1991)",palombo1991
1231,Macaca mulatta,M mulatta,Kaufman__2004,TableA5,26,26,White_matter,White Matter,,CMRgl,cerebral_metabolic_rate,11.5,umol/100g/min,11.5,,3.0,umol/100g/min,conscious,resting_conscious,TRUE,single_primary_reference,single,,reported_via_secondary_compilation,,porrino1987,"(Porrino et al., 1987)","(Porrino et al., 1987)",porrino1987,"(Porrino et al., 1987)",primary,journal_article,resolved,"(Porrino et al., 1987)",porrino1987
1232,Macaca mulatta,monkey,Karbowski__2007,TableS2,11,11,Whole_brain,Brain,Brain,CMRgl,cerebral_metabolic_rate,0.36,umol/g/min,36.0,3.0,,umol/100g/min,unknown,resting_unknown,TRUE,single_primary_reference,single,,reported_via_secondary_compilation,,kennedy1978,Kennedy et al 1978,Kennedy et al 1978,kennedy1978,Kennedy et al 1978,primary,journal_article,resolved,Kennedy et al 1978,kennedy1978
1233,Macaca mulatta,M mulatta,Kaufman__2004,TableA14,74,74,Whole_brain,Whole Brain (direct measurement),,CMRgl,cerebral_metabolic_rate,32.75,umol/100g/min,32.75,,19.0,umol/100g/min,anesthetized,resting_anesthetized,FALSE,single_primary_reference,single,,reported_via_secondary_compilation,anesthetized,fein1975,"(Fein, 1975)","(Fein, 1975)",fein1975,"(Fein, 1975)",primary,journal_article,resolved,"(Fein, 1975)",fein1975
1234,Macaca mulatta,M mulatta,Kaufman__2004,TableA14,75,75,Whole_brain,Whole Brain (direct measurement),,CMRgl,cerebral_metabolic_rate,61.3,umol/100g/min,61.3,,5.0,umol/100g/min,conscious,resting_conscious,TRUE,single_primary_reference,single,,reported_via_secondary_compilation,,mehta1980,"(Mehta et al., 1980)","(Mehta et al., 1980)",mehta1980,"(Mehta et al., 1980)",primary,journal_article,resolved,"(Mehta et al., 1980)",mehta1980
1235,Macaca mulatta,M mulatta,Kaufman__2004,TableA14,76,76,Whole_brain,Whole Brain (direct measurement),,CMRgl,cerebral_metabolic_rate,44.9,umol/100g/min,44.9,,3.0,umol/100g/min,conscious,resting_conscious,TRUE,single_primary_reference,single,,reported_via_secondary_compilation,,nemoto1994,"(Nemoto et al., 1994)","(Nemoto et al., 1994)",nemoto1994,"(Nemoto et al., 1994)",primary,journal_article,resolved,"(Nemoto et al., 1994)",nemoto1994
1236,Macaca mulatta,M mulatta,Kaufman__2004,TableA14,77,77,Whole_brain,Whole Brain (direct measurement),,CMRgl,cerebral_metabolic_rate,43.3,umol/100g/min,43.3,,4.0,umol/100g/min,conscious,resting_conscious,TRUE,single_primary_reference,single,,reported_via_secondary_compilation,,yao1992,"(Yao et al., 1992)","(Yao et al., 1992)",yao1992,"(Yao et al., 1992)",primary,journal_article,resolved,"(Yao et al., 1992)",yao1992
1237,Macaca mulatta,M mulatta,Kaufman__2004,TableA14,80,80,Whole_brain,Whole Brain (direct measurement),,CMRgl,cerebral_metabolic_rate,34.6,umol/100g/min,34.6,,6.0,umol/100g/min,conscious,resting_conscious,TRUE,single_primary_reference,single,,reported_via_secondary_compilation,,cross2000,"(Cross et al., 2000)","(Cross et al., 2000)",cross2000,"(Cross et al., 2000)",primary,journal_article,resolved,"(Cross et al., 2000)",cross2000
1238,Meriones unguiculatus,Meriones,Kaufman__2004,TableA10,6,6,Auditory_cortex,Auditory Cortex,,CMRgl,cerebral_metabolic_rate,79,umol/100g/min,79.0,,,umol/100g/min,anesthetized,resting_anesthetized,FALSE,single_primary_reference,single,,reported_via_secondary_compilation,anesthetized,choki1984,"(Choki et al., 1984)","(Choki et al., 1984)",choki1984,"(Choki et al., 1984)",primary,journal_article,resolved,"(Choki et al., 1984)",choki1984
1239,Meriones unguiculatus,Meriones,Kaufman__2004,TableA1,66,66,Basal_ganglia,Basal Ganglia,,CMRgl,cerebral_metabolic_rate,75,umol/100g/min,75.0,,5.0,umol/100g/min,conscious,resting_conscious,TRUE,single_primary_reference,single,,reported_via_secondary_compilation,,paschen1992,"(Paschen et al., 1992)","(Paschen et al., 1992)",paschen1992,"(Paschen et al., 1992)",primary,journal_article,resolved,"(Paschen et al., 1992)",paschen1992
1240,Meriones unguiculatus,Meriones,Kaufman__2004,TableA4,48,48,Cerebellum,Cerebellum,,CMRgl,cerebral_metabolic_rate,44.4,umol/100g/min,44.4,,6.0,umol/100g/min,conscious,resting_conscious,TRUE,single_primary_reference,single,,reported_via_secondary_compilation,,choki1983,"(Choki et al., 1983)","(Choki et al., 1983)",choki1983,"(Choki et al., 1983)",primary,journal_article,resolved,"(Choki et al., 1983)",choki1983
1241,Meriones unguiculatus,Meriones,Kaufman__2004,TableA4,49,49,Cerebellum,Cerebellum,,CMRgl,cerebral_metabolic_rate,56,umol/100g/min,56.0,,3.0,umol/100g/min,anesthetized,resting_anesthetized,FALSE,single_primary_reference,single,,reported_via_secondary_compilation,anesthetized,choki1984,"(Choki et al., 1984)","(Choki et al., 1984)",choki1984,"(Choki et al., 1984)",primary,journal_article,resolved,"(Choki et al., 1984)",choki1984
1242,Meriones unguiculatus,Meriones,Kaufman__2004,TableA7,73,73,Frontal_cortex,Frontal Cortex,,CMRgl,cerebral_metabolic_rate,67.8,umol/100g/min,67.8,,6.0,umol/100g/min,conscious,resting_conscious,TRUE,single_primary_reference,single,,reported_via_secondary_compilation,,choki1983,"(Choki et al., 1983)","(Choki et al., 1983)",choki1983,"(Choki et al., 1983)",primary,journal_article,resolved,"(Choki et al., 1983)",choki1983
1243,Meriones unguiculatus,Meriones,Kaufman__2004,TableA2,25,25,Hippocampus,Hippocampus,,CMRgl,cerebral_metabolic_rate,69,umol/100g/min,69.0,,6.0,umol/100g/min,conscious,resting_conscious,TRUE,single_primary_reference,single,,reported_via_secondary_compilation,,choki1983,"(Choki et al., 1983)","(Choki et al., 1983)",choki1983,"(Choki et al., 1983)",primary,journal_article,resolved,"(Choki et al., 1983)",choki1983
1244,Meriones unguiculatus,Meriones,Kaufman__2004,TableA2,26,26,Hippocampus,Hippocampus,,CMRgl,cerebral_metabolic_rate,38.9,umol/100g/min,38.9,,3.0,umol/100g/min,anesthetized,resting_anesthetized,FALSE,single_primary_reference,single,,reported_via_secondary_compilation,anesthetized,choki1984,"(Choki et al., 1984)","(Choki et al., 1984)",choki1984,"(Choki et al., 1984)",primary,journal_article,resolved,"(Choki et al., 1984)",choki1984
1245,Meriones unguiculatus,Meriones,Kaufman__2004,TableA2,27,27,Hippocampus,Hippocampus,,CMRgl,cerebral_metabolic_rate,74.3,umol/100g/min,74.3,,4.0,umol/100g/min,anesthetized,resting_anesthetized,FALSE,single_primary_reference,single,,reported_via_secondary_compilation,anesthetized,mies1990,"(Mies et al., 1990)","(Mies et al., 1990)",mies1990,"(Mies et al., 1990)",primary,journal_article,resolved,"(Mies et al., 1990)",mies1990
1246,Meriones unguiculatus,Gerbil,Kaufman__2004,TableA6,77,77,Neocortex,Neocortex,,CMRgl,cerebral_metabolic_rate,97.4,umol/100g/min,97.4,,2.0,umol/100g/min,conscious,resting_conscious,TRUE,single_primary_reference,single,,reported_via_secondary_compilation,,mies1984,"(Mies et al., 1984)","(Mies et al., 1984)",mies1984,"(Mies et al., 1984)",primary,journal_article,resolved,"(Mies et al., 1984)",mies1984
1247,Meriones unguiculatus,Gerbil,Kaufman__2004,TableA6,78,78,Neocortex,Neocortex,,CMRgl,cerebral_metabolic_rate,70,umol/100g/min,70.0,,5.0,umol/100g/min,conscious,resting_conscious,TRUE,single_primary_reference,single,,reported_via_secondary_compilation,,paschen1992,"(Paschen et al., 1992)","(Paschen et al., 1992)",paschen1992,"(Paschen et al., 1992)",primary,journal_article,resolved,"(Paschen et al., 1992)",paschen1992
1248,Meriones unguiculatus,Meriones,Kaufman__2004,TableA11,62,62,Occipital_cortex,Occipital Cortex,,CMRgl,cerebral_metabolic_rate,69.4,umol/100g/min,69.4,,6.0,umol/100g/min,conscious,resting_conscious,TRUE,single_primary_reference,single,,reported_via_secondary_compilation,,choki1983,"(Choki et al., 1983)","(Choki et al., 1983)",choki1983,"(Choki et al., 1983)",primary,journal_article,resolved,"(Choki et al., 1983)",choki1983
1249,Meriones unguiculatus,Meriones,Kaufman__2004,TableA11,63,63,Occipital_cortex,Occipital Cortex,,CMRgl,cerebral_metabolic_rate,123,umol/100g/min,123.0,,3.0,umol/100g/min,anesthetized,resting_anesthetized,FALSE,single_primary_reference,single,,reported_via_secondary_compilation,anesthetized,choki1984,"(Choki et al., 1984)","(Choki et al., 1984)",choki1984,"(Choki et al., 1984)",primary,journal_article,resolved,"(Choki et al., 1984)",choki1984
1250,Meriones unguiculatus,Meriones,Kaufman__2004,TableA8,63,63,Parietal_cortex,Parietal Cortex,,CMRgl,cerebral_metabolic_rate,107,umol/100g/min,107.0,,3.0,umol/100g/min,anesthetized,resting_anesthetized,FALSE,single_primary_reference,single,,reported_via_secondary_compilation,anesthetized,choki1984,"(Choki etal., 1984)","(Choki etal., 1984)",choki1984,"(Choki etal., 1984)",primary,journal_article,resolved,"(Choki etal., 1984)",choki1984
1251,Meriones unguiculatus,Meriones,Kaufman__2004,TableA12,25,25,Sensorimotor_cortex,Sensorimotor Cortex,,CMRgl,cerebral_metabolic_rate,67.2,umol/100g/min,67.2,,6.0,umol/100g/min,conscious,resting_conscious,TRUE,single_primary_reference,single,,reported_via_secondary_compilation,,choki1983,"(Choki e ta l, 1983)","(Choki e ta l, 1983)",choki1983,"(Choki e ta l, 1983)",primary,journal_article,resolved,"(Choki e ta l, 1983)",choki1983
1252,Meriones unguiculatus,Meriones,Kaufman__2004,TableA12,26,26,Sensorimotor_cortex,Sensorimotor Cortex,,CMRgl,cerebral_metabolic_rate,102,umol/100g/min,102.0,,3.0,umol/100g/min,anesthetized,resting_anesthetized,FALSE,single_primary_reference,single,,reported_via_secondary_compilation,anesthetized,choki1984,"(Choki et al., 1984)","(Choki et al., 1984)",choki1984,"(Choki et al., 1984)",primary,journal_article,resolved,"(Choki et al., 1984)",choki1984
1253,Meriones unguiculatus,Meriones,Kaufman__2004,TableA3,66,66,Thalamus,Thalamus,,CMRgl,cerebral_metabolic_rate,78.3,umol/100g/min,78.3,,6.0,umol/100g/min,conscious,resting_conscious,TRUE,single_primary_reference,single,,reported_via_secondary_compilation,,choki1983,"(Choki et al., 1983)","(Choki et al., 1983)",choki1983,"(Choki et al., 1983)",primary,journal_article,resolved,"(Choki et al., 1983)",choki1983
1254,Meriones unguiculatus,Meriones,Kaufman__2004,TableA3,67,67,Thalamus,Thalamus,,CMRgl,cerebral_metabolic_rate,107,umol/100g/min,107.0,,3.0,umol/100g/min,anesthetized,resting_anesthetized,FALSE,single_primary_reference,single,,reported_via_secondary_compilation,anesthetized,choki1984,"(Choki et al., 1984)","(Choki et al., 1984)",choki1984,"(Choki et al., 1984)",primary,journal_article,resolved,"(Choki et al., 1984)",choki1984
1255,Meriones unguiculatus,Meriones,Kaufman__2004,TableA3,68,68,Thalamus,Thalamus,,CMRgl,cerebral_metabolic_rate,70.5,umol/100g/min,70.5,,2.0,umol/100g/min,conscious,resting_conscious,TRUE,single_primary_reference,single,,reported_via_secondary_compilation,,mies1984,"(Mies et al., 1984)","(Mies et al., 1984)",mies1984,"(Mies et al., 1984)",primary,journal_article,resolved,"(Mies et al., 1984)",mies1984
1256,Mus musculus,mouse,Karbowski__2007,TableS17,1,1,Amygdala,Amygdala,Amygdala,CMRgl,cerebral_metabolic_rate,0.58,umol/g/min,57.99999999999999,10.0,,umol/100g/min,unknown,resting_unknown,TRUE,single_primary_reference,single,,reported_via_secondary_compilation,,bouilleret2000,Bouilleret et al 2000,Bouilleret et al 2000,bouilleret2000,Bouilleret et al 2000,primary,journal_article,resolved,Bouilleret et al 2000,bouilleret2000
1257,Mus musculus,Mus,Kaufman__2004,TableA10,45,45,Auditory_cortex,Auditory Cortex,,CMRgl,cerebral_metabolic_rate,101,umol/100g/min,101.0,,8.0,umol/100g/min,conscious,resting_conscious,TRUE,single_primary_reference,single,,reported_via_secondary_compilation,,jay1985,"(Jay et al., 1985)","(Jay et al., 1985)",jay1985,"(Jay et al., 1985)",primary,journal_article,resolved,"(Jay et al., 1985)",jay1985
1258,Mus musculus,Mus,Kaufman__2004,TableA10,46,46,Auditory_cortex,Auditory Cortex,,CMRgl,cerebral_metabolic_rate,151,umol/100g/min,151.0,,6.0,umol/100g/min,conscious,resting_conscious,TRUE,single_primary_reference,single,,reported_via_secondary_compilation,,niwa2002,"(Niwa et al., 2002)","(Niwa et al., 2002)",niwa2002,"(Niwa et al., 2002)",primary,journal_article,resolved,"(Niwa et al., 2002)",niwa2002
1259,Mus musculus,Mus,Kaufman__2004,TableA10,47,47,Auditory_cortex,Auditory Cortex,,CMRgl,cerebral_metabolic_rate,146,umol/100g/min,146.0,,6.0,umol/100g/min,conscious,resting_conscious,TRUE,single_primary_reference,single,,reported_via_secondary_compilation,,niwa2002,"(Niwa et al., 2002)","(Niwa et al., 2002)",niwa2002,"(Niwa et al., 2002)",primary,journal_article,resolved,"(Niwa et al., 2002)",niwa2002
1260,Mus musculus,Mus,Kaufman__2004,TableA10,48,48,Auditory_cortex,Auditory Cortex,,CMRgl,cerebral_metabolic_rate,73,umol/100g/min,73.0,,4.0,umol/100g/min,conscious,resting_conscious,TRUE,single_primary_reference,single,,reported_via_secondary_compilation,,nowaczyk1981,"(Nowaczyk and Des Rosiers, 1981)","(Nowaczyk and Des Rosiers, 1981)",nowaczyk1981,"(Nowaczyk and Des Rosiers, 1981)",primary,journal_article,resolved,"(Nowaczyk and Des Rosiers, 1981)",nowaczyk1981
1261,Mus musculus,Mus,Kaufman__2004,TableA10,49,49,Auditory_cortex,Auditory Cortex,,CMRgl,cerebral_metabolic_rate,87,umol/100g/min,87.0,,6.0,umol/100g/min,conscious,resting_conscious,TRUE,single_primary_reference,single,,reported_via_secondary_compilation,,yamaguchi1992,"(Yamaguchi et al., 1992b)","(Yamaguchi et al., 1992b)",yamaguchi1992,"(Yamaguchi et al., 1992b)",primary,journal_article,resolved,"(Yamaguchi et al., 1992b)",yamaguchi1992
1262,Mus musculus,Mus,Kaufman__2004,TableA10,50,50,Auditory_cortex,Auditory Cortex,,CMRgl,cerebral_metabolic_rate,78,umol/100g/min,78.0,,4.0,umol/100g/min,conscious,resting_conscious,TRUE,single_primary_reference,single,,reported_via_secondary_compilation,,zocchi2001,"(Zocchi et al., 2001)","(Zocchi et al., 2001)",zocchi2001,"(Zocchi et al., 2001)",primary,journal_article,resolved,"(Zocchi et al., 2001)",zocchi2001
1263,Mus musculus,Mus,Kaufman__2004,TableA10,51,51,Auditory_cortex,Auditory Cortex,,CMRgl,cerebral_metabolic_rate,64,umol/100g/min,64.0,,6.0,umol/100g/min,conscious,resting_conscious,TRUE,single_primary_reference,single,,reported_via_secondary_compilation,,zocchi2001,"(Zocchi et al., 2001)","(Zocchi et al., 2001)",zocchi2001,"(Zocchi et al., 2001)",primary,journal_article,resolved,"(Zocchi et al., 2001)",zocchi2001
1264,Mus musculus,Mus,Kaufman__2004,TableA1,116,116,Basal_ganglia,Basal Ganglia,,CMRgl,cerebral_metabolic_rate,66.5,umol/100g/min,66.5,,8.0,umol/100g/min,conscious,resting_conscious,TRUE,single_primary_reference,single,,reported_via_secondary_compilation,,jay1985,"(Jay etal., 1985)","(Jay etal., 1985)",jay1985,"(Jay etal., 1985)",primary,journal_article,resolved,"(Jay etal., 1985)",jay1985
1265,Mus musculus,Mus,Kaufman__2004,TableA1,117,117,Basal_ganglia,Basal Ganglia,,CMRgl,cerebral_metabolic_rate,118.5,umol/100g/min,118.5,,6.0,umol/100g/min,conscious,resting_conscious,TRUE,single_primary_reference,single,,reported_via_secondary_compilation,,niwa2002,"(Niwa et al., 2002)","(Niwa et al., 2002)",niwa2002,"(Niwa et al., 2002)",primary,journal_article,resolved,"(Niwa et al., 2002)",niwa2002
1266,Mus musculus,Mus,Kaufman__2004,TableA1,118,118,Basal_ganglia,Basal Ganglia,,CMRgl,cerebral_metabolic_rate,119,umol/100g/min,119.0,,6.0,umol/100g/min,conscious,resting_conscious,TRUE,single_primary_reference,single,,reported_via_secondary_compilation,,niwa2002,"(Niwa et al., 2002)","(Niwa et al., 2002)",niwa2002,"(Niwa et al., 2002)",primary,journal_article,resolved,"(Niwa et al., 2002)",niwa2002
1267,Mus musculus,Mus,Kaufman__2004,TableA1,119,119,Basal_ganglia,Basal Ganglia,,CMRgl,cerebral_metabolic_rate,54.7,umol/100g/min,54.7,,6.0,umol/100g/min,conscious,resting_conscious,TRUE,single_primary_reference,single,,reported_via_secondary_compilation,,yamaguchi1992,"(Yamaguchi et a l, 1992b)","(Yamaguchi et a l, 1992b)",yamaguchi1992,"(Yamaguchi et a l, 1992b)",primary,journal_article,resolved,"(Yamaguchi et a l, 1992b)",yamaguchi1992
1268,Mus musculus,Mus,Kaufman__2004,TableA1,120,120,Basal_ganglia,Basal Ganglia,,CMRgl,cerebral_metabolic_rate,73,umol/100g/min,73.0,,4.0,umol/100g/min,conscious,resting_conscious,TRUE,single_primary_reference,single,,reported_via_secondary_compilation,,zocchi2001,"(Zocchi et al., 2001)","(Zocchi et al., 2001)",zocchi2001,"(Zocchi et al., 2001)",primary,journal_article,resolved,"(Zocchi et al., 2001)",zocchi2001
1269,Mus musculus,Mus,Kaufman__2004,TableA1,121,121,Basal_ganglia,Basal Ganglia,,CMRgl,cerebral_metabolic_rate,50.9,umol/100g/min,50.9,,6.0,umol/100g/min,conscious,resting_conscious,TRUE,single_primary_reference,single,,reported_via_secondary_compilation,,zocchi2001,"(Zocchi et al., 2001)","(Zocchi et al., 2001)",zocchi2001,"(Zocchi et al., 2001)",primary,journal_article,resolved,"(Zocchi et al., 2001)",zocchi2001
1270,Mus musculus,mouse,Karbowski__2007,TableS22,1,1,Brain_stem,Brain stem,Superior colliculus,CMRgl,cerebral_metabolic_rate,0.93,umol/g/min,93.0,8.0,,umol/100g/min,unknown,resting_unknown,TRUE,single_primary_reference,single,,reported_via_secondary_compilation,,bouilleret2000,Bouilleret et al 2000,Bouilleret et al 2000,bouilleret2000,Bouilleret et al 2000,primary,journal_article,resolved,Bouilleret et al 2000,bouilleret2000
1271,Mus musculus,mouse,Karbowski__2007,TableS22,2,2,Brain_stem,Brain stem,Superior colliculus,CMRgl,cerebral_metabolic_rate,0.87,umol/g/min,87.0,10.0,,umol/100g/min,unknown,resting_unknown,TRUE,single_primary_reference,single,,reported_via_secondary_compilation,,quelven2004,"Quelven et al 2004, estim.","Quelven et al 2004, estim.",quelven2004,"Quelven et al 2004, estim.",primary,journal_article,resolved,"Quelven et al 2004, estim.",quelven2004
1272,Mus musculus,mouse,Karbowski__2007,TableS22,16,16,Brain_stem,Brain stem,Inferior colliculus,CMRgl,cerebral_metabolic_rate,0.99,umol/g/min,99.0,5.0,,umol/100g/min,unknown,resting_unknown,TRUE,single_primary_reference,single,,reported_via_secondary_compilation,,quelven2004,"Quelven et al 2004, estim.","Quelven et al 2004, estim.",quelven2004,"Quelven et al 2004, estim.",primary,journal_article,resolved,"Quelven et al 2004, estim.",quelven2004
1273,Mus musculus,mouse,Karbowski__2007,TableS19,1,1,Caudate_nucleus,Caudate,Caudate,CMRgl,cerebral_metabolic_rate,1.25,umol/g/min,125.0,16.0,,umol/100g/min,unknown,resting_unknown,TRUE,single_primary_reference,single,,reported_via_secondary_compilation,,bouilleret2000,Bouilleret et al 2000,Bouilleret et al 2000,bouilleret2000,Bouilleret et al 2000,primary,journal_article,resolved,Bouilleret et al 2000,bouilleret2000
1274,Mus musculus,mouse,Karbowski__2007,TableS14,1,1,Cerebellum,Cerebellum,Cerebellum,CMRgl,cerebral_metabolic_rate,0.98,umol/g/min,98.0,10.0,,umol/100g/min,unknown,resting_unknown,TRUE,single_primary_reference,single,,reported_via_secondary_compilation,,quelven2004,"Quelven et al 2004, estim.","Quelven et al 2004, estim.",quelven2004,"Quelven et al 2004, estim.",primary,journal_article,resolved,"Quelven et al 2004, estim.",quelven2004
1275,Mus musculus,Mus,Kaufman__2004,TableA4,84,84,Cerebellum,Cerebellum,,CMRgl,cerebral_metabolic_rate,80,umol/100g/min,80.0,,5.0,umol/100g/min,conscious,resting_conscious,TRUE,single_primary_reference,single,,reported_via_secondary_compilation,,ito1994,"(Ito et al., 1994)","(Ito et al., 1994)",ito1994,"(Ito et al., 1994)",primary,journal_article,resolved,"(Ito et al., 1994)",ito1994
1276,Mus musculus,Mus,Kaufman__2004,TableA4,85,85,Cerebellum,Cerebellum,,CMRgl,cerebral_metabolic_rate,98,umol/100g/min,98.0,,8.0,umol/100g/min,conscious,resting_conscious,TRUE,single_primary_reference,single,,reported_via_secondary_compilation,,jay1985,"(Jay etal., 1985)","(Jay etal., 1985)",jay1985,"(Jay etal., 1985)",primary,journal_article,resolved,"(Jay etal., 1985)",jay1985
1277,Mus musculus,Mus,Kaufman__2004,TableA4,86,86,Cerebellum,Cerebellum,,CMRgl,cerebral_metabolic_rate,93,umol/100g/min,93.0,,6.0,umol/100g/min,conscious,resting_conscious,TRUE,single_primary_reference,single,,reported_via_secondary_compilation,,niwa2002,"(Niwa et al., 2002)","(Niwa et al., 2002)",niwa2002,"(Niwa et al., 2002)",primary,journal_article,resolved,"(Niwa et al., 2002)",niwa2002
1278,Mus musculus,Mus,Kaufman__2004,TableA4,87,87,Cerebellum,Cerebellum,,CMRgl,cerebral_metabolic_rate,91,umol/100g/min,91.0,,6.0,umol/100g/min,conscious,resting_conscious,TRUE,single_primary_reference,single,,reported_via_secondary_compilation,,niwa2002,"(Niwa et al., 2002)","(Niwa et al., 2002)",niwa2002,"(Niwa et al., 2002)",primary,journal_article,resolved,"(Niwa et al., 2002)",niwa2002
1279,Mus musculus,mouse,Karbowski__2007,TableS6,1,1,Cingulate_cortex,Cingulate cortex,Cingulate cortex,CMRgl,cerebral_metabolic_rate,1.06,umol/g/min,106.0,12.0,,umol/100g/min,unknown,resting_unknown,TRUE,single_primary_reference,single,,reported_via_secondary_compilation,,quelven2004,"Quelven et al 2004, estim.","Quelven et al 2004, estim.",quelven2004,"Quelven et al 2004, estim.",primary,journal_article,resolved,"Quelven et al 2004, estim.",quelven2004
1280,Mus musculus,Mus,Kaufman__2004,TableA13,60,60,Cingulate_cortex,Cingulate Cortex,,CMRgl,cerebral_metabolic_rate,96,umol/100g/min,96.0,,8.0,umol/100g/min,conscious,resting_conscious,TRUE,single_primary_reference,single,,reported_via_secondary_compilation,,jay1985,"(Jay et al., 1985)","(Jay et al., 1985)",jay1985,"(Jay et al., 1985)",primary,journal_article,resolved,"(Jay et al., 1985)",jay1985
1281,Mus musculus,Mus,Kaufman__2004,TableA13,61,61,Cingulate_cortex,Cingulate Cortex,,CMRgl,cerebral_metabolic_rate,93,umol/100g/min,93.0,,4.0,umol/100g/min,conscious,resting_conscious,TRUE,single_primary_reference,single,,reported_via_secondary_compilation,,zocchi2001,"(Zocchi et al., 2001)","(Zocchi et al., 2001)",zocchi2001,"(Zocchi et al., 2001)",primary,journal_article,resolved,"(Zocchi et al., 2001)",zocchi2001
1282,Mus musculus,Mus,Kaufman__2004,TableA13,62,62,Cingulate_cortex,Cingulate Cortex,,CMRgl,cerebral_metabolic_rate,60,umol/100g/min,60.0,,6.0,umol/100g/min,conscious,resting_conscious,TRUE,single_primary_reference,single,,reported_via_secondary_compilation,,zocchi2001,"(Zocchi et a l, 2001)","(Zocchi et a l, 2001)",zocchi2001,"(Zocchi et a l, 2001)",primary,journal_article,resolved,"(Zocchi et a l, 2001)",zocchi2001
1283,Mus musculus,mouse,Karbowski__2007,TableS5,1,1,Frontal_cortex,Frontal cortex,Frontal cortex,CMRgl,cerebral_metabolic_rate,1.07,umol/g/min,107.0,10.0,,umol/100g/min,unknown,resting_unknown,FALSE,single_primary_reference,single,,reported_via_secondary_compilation,duplicate_secondary_compilation,bouilleret2000,Bouilleret et al 2000,Bouilleret et al 2000,bouilleret2000,Bouilleret et al 2000,primary,journal_article,resolved,Bouilleret et al 2000,bouilleret2000
1284,Mus musculus,Mus,Kaufman__2004,TableA7,113,113,Frontal_cortex,Frontal Cortex,,CMRgl,cerebral_metabolic_rate,107,umol/100g/min,107.0,,4.0,umol/100g/min,conscious,resting_conscious,TRUE,single_primary_reference,single,,reported_via_secondary_compilation,,bouilleret2000,"(Bouilleret et al., 2000)","(Bouilleret et al., 2000)",bouilleret2000,"(Bouilleret et al., 2000)",primary,journal_article,resolved,"(Bouilleret et al., 2000)",bouilleret2000
1285,Mus musculus,Mus,Kaufman__2004,TableA7,114,114,Frontal_cortex,Frontal Cortex,,CMRgl,cerebral_metabolic_rate,89,umol/100g/min,89.0,,8.0,umol/100g/min,conscious,resting_conscious,TRUE,single_primary_reference,single,,reported_via_secondary_compilation,,jay1985,"(Jay et al., 1985)","(Jay et al., 1985)",jay1985,"(Jay et al., 1985)",primary,journal_article,resolved,"(Jay et al., 1985)",jay1985
1286,Mus musculus,Mus,Kaufman__2004,TableA7,115,115,Frontal_cortex,Frontal Cortex,,CMRgl,cerebral_metabolic_rate,129,umol/100g/min,129.0,,6.0,umol/100g/min,conscious,resting_conscious,TRUE,single_primary_reference,single,,reported_via_secondary_compilation,,niwa2002,"(Niwa et al., 2002)","(Niwa et al., 2002)",niwa2002,"(Niwa et al., 2002)",primary,journal_article,resolved,"(Niwa et al., 2002)",niwa2002
1287,Mus musculus,Mus,Kaufman__2004,TableA7,116,116,Frontal_cortex,Frontal Cortex,,CMRgl,cerebral_metabolic_rate,127,umol/100g/min,127.0,,6.0,umol/100g/min,conscious,resting_conscious,TRUE,single_primary_reference,single,,reported_via_secondary_compilation,,niwa2002,"(Niwa et al., 2002)","(Niwa et al., 2002)",niwa2002,"(Niwa et al., 2002)",primary,journal_article,resolved,"(Niwa et al., 2002)",niwa2002
1288,Mus musculus,Mus,Kaufman__2004,TableA7,117,117,Frontal_cortex,Frontal Cortex,,CMRgl,cerebral_metabolic_rate,69.6,umol/100g/min,69.6,,6.0,umol/100g/min,conscious,resting_conscious,TRUE,single_primary_reference,single,,reported_via_secondary_compilation,,yamaguchi1992,"(Yamaguchi et al., 1992b)","(Yamaguchi et al., 1992b)",yamaguchi1992,"(Yamaguchi et al., 1992b)",primary,journal_article,resolved,"(Yamaguchi et al., 1992b)",yamaguchi1992
1289,Mus musculus,Mus,Kaufman__2004,TableA7,118,118,Frontal_cortex,Frontal Cortex,,CMRgl,cerebral_metabolic_rate,117,umol/100g/min,117.0,,4.0,umol/100g/min,conscious,resting_conscious,TRUE,single_primary_reference,single,,reported_via_secondary_compilation,,zocchi2001,"(Zocchi et al., 2001)","(Zocchi et al., 2001)",zocchi2001,"(Zocchi et al., 2001)",primary,journal_article,resolved,"(Zocchi et al., 2001)",zocchi2001
1290,Mus musculus,Mus,Kaufman__2004,TableA7,119,119,Frontal_cortex,Frontal Cortex,,CMRgl,cerebral_metabolic_rate,84,umol/100g/min,84.0,,6.0,umol/100g/min,conscious,resting_conscious,TRUE,single_primary_reference,single,,reported_via_secondary_compilation,,zocchi2001,"(Zocchi et al., 2001)","(Zocchi et al., 2001)",zocchi2001,"(Zocchi et al., 2001)",primary,journal_article,resolved,"(Zocchi et al., 2001)",zocchi2001
1291,Mus musculus,mouse,Karbowski__2007,TableS16,1,1,Hippocampus,Hippocampus,Hippocampus,CMRgl,cerebral_metabolic_rate,0.84,umol/g/min,84.0,13.0,,umol/100g/min,unknown,resting_unknown,FALSE,single_primary_reference,single,,reported_via_secondary_compilation,duplicate_secondary_compilation,bouilleret2000,"Bouilleret et al 2000, CA1+CA3","Bouilleret et al 2000, CA1+CA3",bouilleret2000,"Bouilleret et al 2000, CA1+CA3",primary,journal_article,resolved,"Bouilleret et al 2000, CA1+CA3",bouilleret2000
1292,Mus musculus,Mus,Kaufman__2004,TableA2,80,80,Hippocampus,Hippocampus,,CMRgl,cerebral_metabolic_rate,84.3,umol/100g/min,84.3,,4.0,umol/100g/min,conscious,resting_conscious,TRUE,single_primary_reference,single,,reported_via_secondary_compilation,,bouilleret2000,"(Bouilleret et al., 2000)","(Bouilleret et al., 2000)",bouilleret2000,"(Bouilleret et al., 2000)",primary,journal_article,resolved,"(Bouilleret et al., 2000)",bouilleret2000
1293,Mus musculus,Mus,Kaufman__2004,TableA2,81,81,Hippocampus,Hippocampus,,CMRgl,cerebral_metabolic_rate,70,umol/100g/min,70.0,,8.0,umol/100g/min,conscious,resting_conscious,TRUE,single_primary_reference,single,,reported_via_secondary_compilation,,jay1985,"(Jay etal., 1985)","(Jay etal., 1985)",jay1985,"(Jay etal., 1985)",primary,journal_article,resolved,"(Jay etal., 1985)",jay1985
1294,Mus musculus,Mus,Kaufman__2004,TableA2,82,82,Hippocampus,Hippocampus,,CMRgl,cerebral_metabolic_rate,83,umol/100g/min,83.0,,10.0,umol/100g/min,conscious,resting_conscious,TRUE,single_primary_reference,single,,reported_via_secondary_compilation,,kamp1980,"(Kamp et al., 1980)","(Kamp et al., 1980)",kamp1980,"(Kamp et al., 1980)",primary,journal_article,resolved,"(Kamp et al., 1980)",kamp1980
1295,Mus musculus,Mus,Kaufman__2004,TableA2,83,83,Hippocampus,Hippocampus,,CMRgl,cerebral_metabolic_rate,87,umol/100g/min,87.0,,17.0,umol/100g/min,conscious,resting_conscious,TRUE,single_primary_reference,single,,reported_via_secondary_compilation,,kamp1980,"(Kamp et al., 1980)","(Kamp et al., 1980)",kamp1980,"(Kamp et al., 1980)",primary,journal_article,resolved,"(Kamp et al., 1980)",kamp1980
1296,Mus musculus,Mus,Kaufman__2004,TableA2,84,84,Hippocampus,Hippocampus,,CMRgl,cerebral_metabolic_rate,53.4,umol/100g/min,53.4,,6.0,umol/100g/min,conscious,resting_conscious,TRUE,single_primary_reference,single,,reported_via_secondary_compilation,,yamaguchi1992,"(Yamaguchi et al., 1992b)","(Yamaguchi et al., 1992b)",yamaguchi1992,"(Yamaguchi et al., 1992b)",primary,journal_article,resolved,"(Yamaguchi et al., 1992b)",yamaguchi1992
1297,Mus musculus,Mus,Kaufman__2004,TableA2,85,85,Hippocampus,Hippocampus,,CMRgl,cerebral_metabolic_rate,52.2,umol/100g/min,52.2,,4.0,umol/100g/min,conscious,resting_conscious,TRUE,single_primary_reference,single,,reported_via_secondary_compilation,,zocchi2001,"(Zocchi et al., 2001)","(Zocchi et al., 2001)",zocchi2001,"(Zocchi et al., 2001)",primary,journal_article,resolved,"(Zocchi et al., 2001)",zocchi2001
1298,Mus musculus,Mus,Kaufman__2004,TableA2,86,86,Hippocampus,Hippocampus,,CMRgl,cerebral_metabolic_rate,39.6,umol/100g/min,39.6,,6.0,umol/100g/min,conscious,resting_conscious,TRUE,single_primary_reference,single,,reported_via_secondary_compilation,,zocchi2001,"(Zocchi et al., 2001)","(Zocchi et al., 2001)",zocchi2001,"(Zocchi et al., 2001)",primary,journal_article,resolved,"(Zocchi et al., 2001)",zocchi2001
1299,Mus musculus,mouse,Karbowski__2007,TableS15,1,1,Hypothalamus,Hypothalamus,Hypothalamus,CMRgl,cerebral_metabolic_rate,0.59,umol/g/min,59.0,14.000000000000002,,umol/100g/min,unknown,resting_unknown,TRUE,single_primary_reference,single,,reported_via_secondary_compilation,,bouilleret2000,Bouilleret et al 2000,Bouilleret et al 2000,bouilleret2000,Bouilleret et al 2000,primary,journal_article,resolved,Bouilleret et al 2000,bouilleret2000
1300,Mus musculus,mouse,Karbowski__2007,TableS15,2,2,Hypothalamus,Hypothalamus,Hypothalamus,CMRgl,cerebral_metabolic_rate,0.56,umol/g/min,56.00000000000001,10.0,,umol/100g/min,unknown,resting_unknown,TRUE,single_primary_reference,single,,reported_via_secondary_compilation,,quelven2004,"Quelven et al 2004, estim.","Quelven et al 2004, estim.",quelven2004,"Quelven et al 2004, estim.",primary,journal_article,resolved,"Quelven et al 2004, estim.",quelven2004
1301,Mus musculus,mouse,Karbowski__2007,TableS15,19,19,Hypothalamus,Hypothalamus,Mammilary body,CMRgl,cerebral_metabolic_rate,1.56,umol/g/min,156.0,13.0,,umol/100g/min,unknown,resting_unknown,TRUE,single_primary_reference,single,,reported_via_secondary_compilation,,bouilleret2000,Bouilleret et al 2000,Bouilleret et al 2000,bouilleret2000,Bouilleret et al 2000,primary,journal_article,resolved,Bouilleret et al 2000,bouilleret2000
1302,Mus musculus,mouse,Karbowski__2007,TableS11,1,1,Neocortex,Cerebral cortex,Cerebral cortex,CMRgl,cerebral_metabolic_rate,1.1,umol/g/min,110.00000000000001,11.0,,umol/100g/min,unknown,resting_unknown,TRUE,single_primary_reference,single,,reported_via_secondary_compilation,,nNA,N=6,N=6,nNA,N=6,primary,journal_article,unresolved,N=6,nNA
1303,Mus musculus,mouse,Karbowski__2007,TableS12,1,1,Neocortex,Cerebral cortex,Cerebral cortex,CMRgl,cerebral_metabolic_rate,1.07,umol/g/min,107.0,10.0,,umol/100g/min,unknown,resting_unknown,FALSE,single_primary_reference,single,,reported_via_secondary_compilation,duplicate_secondary_compilation,bouilleret2000,Bouilleret et al 2000,Bouilleret et al 2000,bouilleret2000,Bouilleret et al 2000,primary,journal_article,resolved,Bouilleret et al 2000,bouilleret2000
1304,Mus musculus,Mus,Kaufman__2004,TableA6,143,143,Neocortex,Neocortex,,CMRgl,cerebral_metabolic_rate,116.7,umol/100g/min,116.7,,4.0,umol/100g/min,conscious,resting_conscious,TRUE,single_primary_reference,single,,reported_via_secondary_compilation,,bouilleret2000,"(Bouilleret et al., 2000)","(Bouilleret et al., 2000)",bouilleret2000,"(Bouilleret et al., 2000)",primary,journal_article,resolved,"(Bouilleret et al., 2000)",bouilleret2000
1305,Mus musculus,Mus,Kaufman__2004,TableA6,144,144,Neocortex,Neocortex,,CMRgl,cerebral_metabolic_rate,94,umol/100g/min,94.0,,5.0,umol/100g/min,conscious,resting_conscious,TRUE,single_primary_reference,single,,reported_via_secondary_compilation,,ito1994,"(Ito et al., 1994)","(Ito et al., 1994)",ito1994,"(Ito et al., 1994)",primary,journal_article,resolved,"(Ito et al., 1994)",ito1994
1306,Mus musculus,Mus,Kaufman__2004,TableA6,145,145,Neocortex,Neocortex,,CMRgl,cerebral_metabolic_rate,92.6,umol/100g/min,92.6,,8.0,umol/100g/min,conscious,resting_conscious,TRUE,single_primary_reference,single,,reported_via_secondary_compilation,,jay1985,"(Jay et al., 1985)","(Jay et al., 1985)",jay1985,"(Jay et al., 1985)",primary,journal_article,resolved,"(Jay et al., 1985)",jay1985
1307,Mus musculus,Mus,Kaufman__2004,TableA6,146,146,Neocortex,Neocortex,,CMRgl,cerebral_metabolic_rate,132.8,umol/100g/min,132.8,,6.0,umol/100g/min,conscious,resting_conscious,TRUE,single_primary_reference,single,,reported_via_secondary_compilation,,niwa2002,"(Niwa et al., 2002)","(Niwa et al., 2002)",niwa2002,"(Niwa et al., 2002)",primary,journal_article,resolved,"(Niwa et al., 2002)",niwa2002
1308,Mus musculus,Mus,Kaufman__2004,TableA6,147,147,Neocortex,Neocortex,,CMRgl,cerebral_metabolic_rate,130.2,umol/100g/min,130.2,,6.0,umol/100g/min,conscious,resting_conscious,TRUE,single_primary_reference,single,,reported_via_secondary_compilation,,niwa2002,"(Niwa et al., 2002)","(Niwa et al., 2002)",niwa2002,"(Niwa et al., 2002)",primary,journal_article,resolved,"(Niwa et al., 2002)",niwa2002
1309,Mus musculus,Mus,Kaufman__2004,TableA6,148,148,Neocortex,Neocortex,,CMRgl,cerebral_metabolic_rate,63,umol/100g/min,63.0,,4.0,umol/100g/min,conscious,resting_conscious,TRUE,single_primary_reference,single,,reported_via_secondary_compilation,,nowaczyk1981,"(Nowaczyk and Des Rosiers, 1981)","(Nowaczyk and Des Rosiers, 1981)",nowaczyk1981,"(Nowaczyk and Des Rosiers, 1981)",primary,journal_article,resolved,"(Nowaczyk and Des Rosiers, 1981)",nowaczyk1981
1310,Mus musculus,Mus,Kaufman__2004,TableA6,149,149,Neocortex,Neocortex,,CMRgl,cerebral_metabolic_rate,74.2,umol/100g/min,74.2,,6.0,umol/100g/min,conscious,resting_conscious,TRUE,single_primary_reference,single,,reported_via_secondary_compilation,,yamaguchi1992,"(Yamaguchi et al., 1992b)","(Yamaguchi et al., 1992b)",yamaguchi1992,"(Yamaguchi et al., 1992b)",primary,journal_article,resolved,"(Yamaguchi et al., 1992b)",yamaguchi1992
1311,Mus musculus,Mus,Kaufman__2004,TableA6,150,150,Neocortex,Neocortex,,CMRgl,cerebral_metabolic_rate,88.8,umol/100g/min,88.8,,4.0,umol/100g/min,conscious,resting_conscious,TRUE,single_primary_reference,single,,reported_via_secondary_compilation,,zocchi2001,"(Zocchi et al., 2001)","(Zocchi et al., 2001)",zocchi2001,"(Zocchi et al., 2001)",primary,journal_article,resolved,"(Zocchi et al., 2001)",zocchi2001
1312,Mus musculus,Mus,Kaufman__2004,TableA6,151,151,Neocortex,Neocortex,,CMRgl,cerebral_metabolic_rate,65,umol/100g/min,65.0,,6.0,umol/100g/min,conscious,resting_conscious,TRUE,single_primary_reference,single,,reported_via_secondary_compilation,,zocchi2001,"(Zocchi et al., 2001)","(Zocchi et al., 2001)",zocchi2001,"(Zocchi et al., 2001)",primary,journal_article,resolved,"(Zocchi et al., 2001)",zocchi2001
1313,Mus musculus,Mus,Kaufman__2004,TableA11,107,107,Occipital_cortex,Occipital Cortex,,CMRgl,cerebral_metabolic_rate,89,umol/100g/min,89.0,,8.0,umol/100g/min,conscious,resting_conscious,TRUE,single_primary_reference,single,,reported_via_secondary_compilation,,jay1985,"(Jay etal., 1985)","(Jay etal., 1985)",jay1985,"(Jay etal., 1985)",primary,journal_article,resolved,"(Jay etal., 1985)",jay1985
1314,Mus musculus,Mus,Kaufman__2004,TableA11,108,108,Occipital_cortex,Occipital Cortex,,CMRgl,cerebral_metabolic_rate,124,umol/100g/min,124.0,,6.0,umol/100g/min,conscious,resting_conscious,TRUE,single_primary_reference,single,,reported_via_secondary_compilation,,niwa2002,"(Niwa et al., 2002)","(Niwa et al., 2002)",niwa2002,"(Niwa et al., 2002)",primary,journal_article,resolved,"(Niwa et al., 2002)",niwa2002
1315,Mus musculus,Mus,Kaufman__2004,TableA11,109,109,Occipital_cortex,Occipital Cortex,,CMRgl,cerebral_metabolic_rate,125,umol/100g/min,125.0,,6.0,umol/100g/min,conscious,resting_conscious,TRUE,single_primary_reference,single,,reported_via_secondary_compilation,,niwa2002,"(Niwa et al., 2002)","(Niwa et al., 2002)",niwa2002,"(Niwa et al., 2002)",primary,journal_article,resolved,"(Niwa et al., 2002)",niwa2002
1316,Mus musculus,Mus,Kaufman__2004,TableA11,110,110,Occipital_cortex,Occipital Cortex,,CMRgl,cerebral_metabolic_rate,53,umol/100g/min,53.0,,4.0,umol/100g/min,conscious,resting_conscious,TRUE,single_primary_reference,single,,reported_via_secondary_compilation,,anon1981,1981),1981),anon1981,1981),primary,journal_article,resolved,1981),anon1981
1317,Mus musculus,Mus,Kaufman__2004,TableA11,111,111,Occipital_cortex,Occipital Cortex,,CMRgl,cerebral_metabolic_rate,70.4,umol/100g/min,70.4,,6.0,umol/100g/min,conscious,resting_conscious,TRUE,single_primary_reference,single,,reported_via_secondary_compilation,,yamaguchi1992,"(Yamaguchi et al., 1992b)","(Yamaguchi et al., 1992b)",yamaguchi1992,"(Yamaguchi et al., 1992b)",primary,journal_article,resolved,"(Yamaguchi et al., 1992b)",yamaguchi1992
1318,Mus musculus,mouse,Karbowski__2007,TableS21,1,1,Pallidum,Globus pallidus,Globus pallidus,CMRgl,cerebral_metabolic_rate,0.76,umol/g/min,76.0,3.0,,umol/100g/min,unknown,resting_unknown,TRUE,single_primary_reference,single,,reported_via_secondary_compilation,,bouilleret2000,Bouilleret et al 2000,Bouilleret et al 2000,bouilleret2000,Bouilleret et al 2000,primary,journal_article,resolved,Bouilleret et al 2000,bouilleret2000
1319,Mus musculus,Mus,Kaufman__2004,TableA8,101,101,Parietal_cortex,Parietal Cortex,,CMRgl,cerebral_metabolic_rate,128,umol/100g/min,128.0,,6.0,umol/100g/min,conscious,resting_conscious,TRUE,single_primary_reference,single,,reported_via_secondary_compilation,,niwa2002,"(Niwa et al., 2002)","(Niwa et al., 2002)",niwa2002,"(Niwa et al., 2002)",primary,journal_article,resolved,"(Niwa et al., 2002)",niwa2002
1320,Mus musculus,Mus,Kaufman__2004,TableA8,102,102,Parietal_cortex,Parietal Cortex,,CMRgl,cerebral_metabolic_rate,124,umol/100g/min,124.0,,6.0,umol/100g/min,conscious,resting_conscious,TRUE,single_primary_reference,single,,reported_via_secondary_compilation,,niwa2002,"(Niwa et al., 2002)","(Niwa et al., 2002)",niwa2002,"(Niwa et al., 2002)",primary,journal_article,resolved,"(Niwa et al., 2002)",niwa2002
1321,Mus musculus,Mus,Kaufman__2004,TableA8,103,103,Parietal_cortex,Parietal Cortex,,CMRgl,cerebral_metabolic_rate,71,umol/100g/min,71.0,,6.0,umol/100g/min,conscious,resting_conscious,TRUE,single_primary_reference,single,,reported_via_secondary_compilation,,yamaguchi1992,"(Yamaguchi et al., 1992b)","(Yamaguchi et al., 1992b)",yamaguchi1992,"(Yamaguchi et al., 1992b)",primary,journal_article,resolved,"(Yamaguchi et al., 1992b)",yamaguchi1992
1322,Mus musculus,mouse,Karbowski__2007,TableS4,1,1,Prefrontal_cortex,Prefrontal cortex,Prefrontal cortex,CMRgl,cerebral_metabolic_rate,1.22,umol/g/min,122.0,12.0,,umol/100g/min,unknown,resting_unknown,TRUE,single_primary_reference,single,,reported_via_secondary_compilation,,bouilleret2000,Bouilleret et al 2000,Bouilleret et al 2000,bouilleret2000,Bouilleret et al 2000,primary,journal_article,resolved,Bouilleret et al 2000,bouilleret2000
1323,Mus musculus,mouse,Karbowski__2007,TableS8,1,1,Sensorimotor_cortex,Sensorimotor cortex,Sensorimotor cortex,CMRgl,cerebral_metabolic_rate,1.21,umol/g/min,121.0,9.0,,umol/100g/min,unknown,resting_unknown,FALSE,single_primary_reference,single,,reported_via_secondary_compilation,duplicate_secondary_compilation,bouilleret2000,Bouilleret et al 2000,Bouilleret et al 2000,bouilleret2000,Bouilleret et al 2000,primary,journal_article,resolved,Bouilleret et al 2000,bouilleret2000
1324,Mus musculus,Mus,Kaufman__2004,TableA12,70,70,Sensorimotor_cortex,Sensorimotor Cortex,,CMRgl,cerebral_metabolic_rate,121,umol/100g/min,121.0,,4.0,umol/100g/min,conscious,resting_conscious,TRUE,single_primary_reference,single,,reported_via_secondary_compilation,,bouilleret2000,"(Bouilleret et al., 2000)","(Bouilleret et al., 2000)",bouilleret2000,"(Bouilleret et al., 2000)",primary,journal_article,resolved,"(Bouilleret et al., 2000)",bouilleret2000
1325,Mus musculus,Mus,Kaufman__2004,TableA12,71,71,Sensorimotor_cortex,Sensorimotor Cortex,,CMRgl,cerebral_metabolic_rate,88,umol/100g/min,88.0,,8.0,umol/100g/min,conscious,resting_conscious,TRUE,single_primary_reference,single,,reported_via_secondary_compilation,,jay1985,"(Jay et al., 1985)","(Jay et al., 1985)",jay1985,"(Jay et al., 1985)",primary,journal_article,resolved,"(Jay et al., 1985)",jay1985
1326,Mus musculus,Mus,Kaufman__2004,TableA12,72,72,Sensorimotor_cortex,Sensorimotor Cortex,,CMRgl,cerebral_metabolic_rate,132,umol/100g/min,132.0,,6.0,umol/100g/min,conscious,resting_conscious,TRUE,single_primary_reference,single,,reported_via_secondary_compilation,,niwa2002,"(Niwa et al., 2002)","(Niwa et al., 2002)",niwa2002,"(Niwa et al., 2002)",primary,journal_article,resolved,"(Niwa et al., 2002)",niwa2002
1327,Mus musculus,Mus,Kaufman__2004,TableA12,73,73,Sensorimotor_cortex,Sensorimotor Cortex,,CMRgl,cerebral_metabolic_rate,129,umol/100g/min,129.0,,6.0,umol/100g/min,conscious,resting_conscious,TRUE,single_primary_reference,single,,reported_via_secondary_compilation,,niwa2002,"(Niwa et al., 2002)","(Niwa et al., 2002)",niwa2002,"(Niwa et al., 2002)",primary,journal_article,resolved,"(Niwa et al., 2002)",niwa2002
1328,Mus musculus,Mus,Kaufman__2004,TableA12,74,74,Sensorimotor_cortex,Sensorimotor Cortex,,CMRgl,cerebral_metabolic_rate,82.1,umol/100g/min,82.1,,6.0,umol/100g/min,conscious,resting_conscious,TRUE,single_primary_reference,single,,reported_via_secondary_compilation,,yamaguchi1992,"(Yamaguchi et al., 1992b)","(Yamaguchi et al., 1992b)",yamaguchi1992,"(Yamaguchi et al., 1992b)",primary,journal_article,resolved,"(Yamaguchi et al., 1992b)",yamaguchi1992
1329,Mus musculus,Mus,Kaufman__2004,TableA12,75,75,Sensorimotor_cortex,Sensorimotor Cortex,,CMRgl,cerebral_metabolic_rate,86,umol/100g/min,86.0,,4.0,umol/100g/min,conscious,resting_conscious,TRUE,single_primary_reference,single,,reported_via_secondary_compilation,,zocchi2001,"(Zocchi et a l, 2001)","(Zocchi et a l, 2001)",zocchi2001,"(Zocchi et a l, 2001)",primary,journal_article,resolved,"(Zocchi et a l, 2001)",zocchi2001
1330,Mus musculus,Mus,Kaufman__2004,TableA12,76,76,Sensorimotor_cortex,Sensorimotor Cortex,,CMRgl,cerebral_metabolic_rate,65,umol/100g/min,65.0,,6.0,umol/100g/min,conscious,resting_conscious,TRUE,single_primary_reference,single,,reported_via_secondary_compilation,,zocchi2001,"(Zocchi et al., 2001)","(Zocchi et al., 2001)",zocchi2001,"(Zocchi et al., 2001)",primary,journal_article,resolved,"(Zocchi et al., 2001)",zocchi2001
1331,Mus musculus,mouse,Karbowski__2007,TableS18,1,1,Septum,Septum,Septum,CMRgl,cerebral_metabolic_rate,0.67,umol/g/min,67.0,12.0,,umol/100g/min,unknown,resting_unknown,TRUE,single_primary_reference,single,,reported_via_secondary_compilation,,bouilleret2000,Bouilleret et al 2000,Bouilleret et al 2000,bouilleret2000,Bouilleret et al 2000,primary,journal_article,resolved,Bouilleret et al 2000,bouilleret2000
1332,Mus musculus,mouse,Karbowski__2007,TableS18,2,2,Septum,Septum,Septum,CMRgl,cerebral_metabolic_rate,0.79,umol/g/min,79.0,3.0,,umol/100g/min,unknown,resting_unknown,TRUE,single_primary_reference,single,,reported_via_secondary_compilation,,quelven2004,"Quelven et al 2004, estim.","Quelven et al 2004, estim.",quelven2004,"Quelven et al 2004, estim.",primary,journal_article,resolved,"Quelven et al 2004, estim.",quelven2004
1333,Mus musculus,mouse,Karbowski__2007,TableS20,1,1,Substantia_nigra,Substantia nigra,Substantia nigra,CMRgl,cerebral_metabolic_rate,0.88,umol/g/min,88.0,7.000000000000001,,umol/100g/min,unknown,resting_unknown,TRUE,single_primary_reference,single,,reported_via_secondary_compilation,,bouilleret2000,Bouilleret et al 2000,Bouilleret et al 2000,bouilleret2000,Bouilleret et al 2000,primary,journal_article,resolved,Bouilleret et al 2000,bouilleret2000
1334,Mus musculus,mouse,Karbowski__2007,TableS7,1,1,Temporal_cortex,Temporal cortex,Temporal cortex,CMRgl,cerebral_metabolic_rate,0.93,umol/g/min,93.0,10.0,,umol/100g/min,unknown,resting_unknown,TRUE,single_primary_reference,single,,reported_via_secondary_compilation,,quelven2004,"Quelven et al 2004, estim","Quelven et al 2004, estim",quelven2004,"Quelven et al 2004, estim",primary,journal_article,resolved,"Quelven et al 2004, estim",quelven2004
1335,Mus musculus,mouse,Karbowski__2007,TableS13,1,1,Thalamus,Thalamus,Thalamus,CMRgl,cerebral_metabolic_rate,1.19,umol/g/min,119.0,10.0,,umol/100g/min,unknown,resting_unknown,FALSE,single_primary_reference,single,,reported_via_secondary_compilation,duplicate_secondary_compilation,bouilleret2000,Bouilleret et al 2000,Bouilleret et al 2000,bouilleret2000,Bouilleret et al 2000,primary,journal_article,resolved,Bouilleret et al 2000,bouilleret2000
1336,Mus musculus,mouse,Karbowski__2007,TableS13,2,2,Thalamus,Thalamus,Thalamus,CMRgl,cerebral_metabolic_rate,1.03,umol/g/min,103.0,10.0,,umol/100g/min,unknown,resting_unknown,TRUE,single_primary_reference,single,,reported_via_secondary_compilation,,quelven2004,"Quelven et al 2004, estim.","Quelven et al 2004, estim.",quelven2004,"Quelven et al 2004, estim.",primary,journal_article,resolved,"Quelven et al 2004, estim.",quelven2004
1337,Mus musculus,Mus,Kaufman__2004,TableA3,121,121,Thalamus,Thalamus,,CMRgl,cerebral_metabolic_rate,119.2,umol/100g/min,119.2,,4.0,umol/100g/min,conscious,resting_conscious,TRUE,single_primary_reference,single,,reported_via_secondary_compilation,,bouilleret2000,"(Bouilleret et al., 2000)","(Bouilleret et al., 2000)",bouilleret2000,"(Bouilleret et al., 2000)",primary,journal_article,resolved,"(Bouilleret et al., 2000)",bouilleret2000
1338,Mus musculus,Mus,Kaufman__2004,TableA3,122,122,Thalamus,Thalamus,,CMRgl,cerebral_metabolic_rate,96,umol/100g/min,96.0,,5.0,umol/100g/min,conscious,resting_conscious,TRUE,single_primary_reference,single,,reported_via_secondary_compilation,,ito1994,"(Ito et al., 1994)","(Ito et al., 1994)",ito1994,"(Ito et al., 1994)",primary,journal_article,resolved,"(Ito et al., 1994)",ito1994
1339,Mus musculus,Mus,Kaufman__2004,TableA3,123,123,Thalamus,Thalamus,,CMRgl,cerebral_metabolic_rate,81,umol/100g/min,81.0,,8.0,umol/100g/min,conscious,resting_conscious,TRUE,single_primary_reference,single,,reported_via_secondary_compilation,,jay1985,"(Jay etal., 1985)","(Jay etal., 1985)",jay1985,"(Jay etal., 1985)",primary,journal_article,resolved,"(Jay etal., 1985)",jay1985
1340,Mus musculus,Mus,Kaufman__2004,TableA3,124,124,Thalamus,Thalamus,,CMRgl,cerebral_metabolic_rate,141.6,umol/100g/min,141.6,,6.0,umol/100g/min,conscious,resting_conscious,TRUE,single_primary_reference,single,,reported_via_secondary_compilation,,niwa2002,"(Niwa et al., 2002)","(Niwa et al., 2002)",niwa2002,"(Niwa et al., 2002)",primary,journal_article,resolved,"(Niwa et al., 2002)",niwa2002
1341,Mus musculus,Mus,Kaufman__2004,TableA3,125,125,Thalamus,Thalamus,,CMRgl,cerebral_metabolic_rate,143.8,umol/100g/min,143.8,,6.0,umol/100g/min,conscious,resting_conscious,TRUE,single_primary_reference,single,,reported_via_secondary_compilation,,niwa2002,"(Niwa et al., 2002)","(Niwa et al., 2002)",niwa2002,"(Niwa et al., 2002)",primary,journal_article,resolved,"(Niwa et al., 2002)",niwa2002
1342,Mus musculus,Mus,Kaufman__2004,TableA3,126,126,Thalamus,Thalamus,,CMRgl,cerebral_metabolic_rate,64.1,umol/100g/min,64.1,,6.0,umol/100g/min,conscious,resting_conscious,TRUE,single_primary_reference,single,,reported_via_secondary_compilation,,yamaguchi1992,"(Yamaguchi et al., 1992a)","(Yamaguchi et al., 1992a)",yamaguchi1992,"(Yamaguchi et al., 1992a)",primary,journal_article,resolved,"(Yamaguchi et al., 1992a)",yamaguchi1992
1343,Mus musculus,mouse,Karbowski__2007,TableS3,1,1,Visual_cortex,Visual cortex,Visual cortex,CMRgl,cerebral_metabolic_rate,1.11,umol/g/min,111.00000000000001,12.0,,umol/100g/min,unknown,resting_unknown,TRUE,single_primary_reference,single,,reported_via_secondary_compilation,,quelven2004,"Quelven et al 2004, estim.","Quelven et al 2004, estim.",quelven2004,"Quelven et al 2004, estim.",primary,journal_article,resolved,"Quelven et al 2004, estim.",quelven2004
1344,Mus musculus,mouse,Karbowski__2007,TableS23,1,1,White_matter,White matter,Corpus callosum,CMRgl,cerebral_metabolic_rate,0.47,umol/g/min,47.0,10.0,,umol/100g/min,unknown,resting_unknown,TRUE,single_primary_reference,single,,reported_via_secondary_compilation,,quelven2004,"Quelven et al 2004, estim.","Quelven et al 2004, estim.",quelven2004,"Quelven et al 2004, estim.",primary,journal_article,resolved,"Quelven et al 2004, estim.",quelven2004
1345,Mus musculus,Mus,Kaufman__2004,TableA5,77,77,White_matter,White Matter,,CMRgl,cerebral_metabolic_rate,39.5,umol/100g/min,39.5,,4.0,umol/100g/min,conscious,resting_conscious,TRUE,single_primary_reference,single,,reported_via_secondary_compilation,,bouilleret2000,"(Bouilleret et al., 2000)","(Bouilleret et al., 2000)",bouilleret2000,"(Bouilleret et al., 2000)",primary,journal_article,resolved,"(Bouilleret et al., 2000)",bouilleret2000
1346,Mus musculus,Mus,Kaufman__2004,TableA5,78,78,White_matter,White Matter,,CMRgl,cerebral_metabolic_rate,28.5,umol/100g/min,28.5,,8.0,umol/100g/min,conscious,resting_conscious,TRUE,single_primary_reference,single,,reported_via_secondary_compilation,,jay1985,"(Jay et al., 1985)","(Jay et al., 1985)",jay1985,"(Jay et al., 1985)",primary,journal_article,resolved,"(Jay et al., 1985)",jay1985
1347,Mus musculus,Mus,Kaufman__2004,TableA5,79,79,White_matter,White Matter,,CMRgl,cerebral_metabolic_rate,66,umol/100g/min,66.0,,6.0,umol/100g/min,conscious,resting_conscious,TRUE,single_primary_reference,single,,reported_via_secondary_compilation,,niwa2002,"(Niwa et al., 2002)","(Niwa et al., 2002)",niwa2002,"(Niwa et al., 2002)",primary,journal_article,resolved,"(Niwa et al., 2002)",niwa2002
1348,Mus musculus,Mus,Kaufman__2004,TableA5,80,80,White_matter,White Matter,,CMRgl,cerebral_metabolic_rate,63,umol/100g/min,63.0,,6.0,umol/100g/min,conscious,resting_conscious,TRUE,single_primary_reference,single,,reported_via_secondary_compilation,,niwa2002,"(Niwa et al., 2002)","(Niwa et al., 2002)",niwa2002,"(Niwa et al., 2002)",primary,journal_article,resolved,"(Niwa et al., 2002)",niwa2002
1349,Mus musculus,Mus,Kaufman__2004,TableA5,81,81,White_matter,White Matter,,CMRgl,cerebral_metabolic_rate,22,umol/100g/min,22.0,,4.0,umol/100g/min,conscious,resting_conscious,TRUE,single_primary_reference,single,,reported_via_secondary_compilation,,nowaczyk1981,"(Nowaczyk and Des Rosiers, 1981)","(Nowaczyk and Des Rosiers, 1981)",nowaczyk1981,"(Nowaczyk and Des Rosiers, 1981)",primary,journal_article,resolved,"(Nowaczyk and Des Rosiers, 1981)",nowaczyk1981
1350,Mus musculus,Mus,Kaufman__2004,TableA5,82,82,White_matter,White Matter,,CMRgl,cerebral_metabolic_rate,26.5,umol/100g/min,26.5,,6.0,umol/100g/min,conscious,resting_conscious,TRUE,single_primary_reference,single,,reported_via_secondary_compilation,,yamaguchi1992,"(Yamaguchi et al., 1992b)","(Yamaguchi et al., 1992b)",yamaguchi1992,"(Yamaguchi et al., 1992b)",primary,journal_article,resolved,"(Yamaguchi et al., 1992b)",yamaguchi1992
1351,Mus musculus,mouse,Karbowski__2007,TableS2,1,1,Whole_brain,Brain,Brain,CMRgl,cerebral_metabolic_rate,0.89,umol/g/min,89.0,14.000000000000002,,umol/100g/min,unknown,resting_unknown,TRUE,single_primary_reference,single,,reported_via_secondary_compilation,,bouilleret2000,Bouilleret et al 2000,Bouilleret et al 2000,bouilleret2000,Bouilleret et al 2000,primary,journal_article,resolved,Bouilleret et al 2000,bouilleret2000
1352,Mus musculus,Mus,Kaufman__2004,TableA14,183,183,Whole_brain,Whole Brain (direct measurement),,CMRgl,cerebral_metabolic_rate,58,umol/100g/min,58.0,,5.0,umol/100g/min,conscious,resting_conscious,TRUE,single_primary_reference,single,,reported_via_secondary_compilation,,itoh2001,"(Itoh et al., 2001)","(Itoh et al., 2001)",itoh2001,"(Itoh et al., 2001)",primary,journal_article,resolved,"(Itoh et al., 2001)",itoh2001
1353,Mus musculus,Mus,Kaufman__2004,TableA14,184,184,Whole_brain,Whole Brain (direct measurement),,CMRgl,cerebral_metabolic_rate,71.6,umol/100g/min,71.6,,10.0,umol/100g/min,conscious,resting_conscious,TRUE,single_primary_reference,single,,reported_via_secondary_compilation,,kamp1980,"(Kamp et al., 1980)","(Kamp et al., 1980)",kamp1980,"(Kamp et al., 1980)",primary,journal_article,resolved,"(Kamp et al., 1980)",kamp1980
1354,Mus musculus,Mus,Kaufman__2004,TableA14,185,185,Whole_brain,Whole Brain (direct measurement),,CMRgl,cerebral_metabolic_rate,65,umol/100g/min,65.0,,17.0,umol/100g/min,conscious,resting_conscious,TRUE,single_primary_reference,single,,reported_via_secondary_compilation,,kamp1980,"(Kamp et al., 1980)","(Kamp et al., 1980)",kamp1980,"(Kamp et al., 1980)",primary,journal_article,resolved,"(Kamp et al., 1980)",kamp1980
1355,Mus musculus,Mus,Kaufman__2004,TableA14,186,186,Whole_brain,Whole Brain (direct measurement),,CMRgl,cerebral_metabolic_rate,77.53,umol/100g/min,77.53,,5.0,umol/100g/min,conscious,resting_conscious,TRUE,single_primary_reference,single,,reported_via_secondary_compilation,,vannucci1997,"(Vannucci et al., 1997)","(Vannucci et al., 1997)",vannucci1997,"(Vannucci et al., 1997)",primary,journal_article,resolved,"(Vannucci et al., 1997)",vannucci1997
1356,Oryctolagus cuniculus,rabbit,Karbowski__2007,TableS17,8,8,Amygdala,Amygdala,Amygdala,CMRgl,cerebral_metabolic_rate,0.39,umol/g/min,39.0,1.0,,umol/100g/min,unknown,resting_unknown,TRUE,single_primary_reference,single,,reported_via_secondary_compilation,,passero1981,Passero et al 1981,Passero et al 1981,passero1981,Passero et al 1981,primary,journal_article,resolved,Passero et al 1981,passero1981
1357,Oryctolagus cuniculus,rabbit,Karbowski__2007,TableS22,9,9,Brain_stem,Brain stem,Superior colliculus,CMRgl,cerebral_metabolic_rate,0.62,umol/g/min,62.0,1.0,,umol/100g/min,unknown,resting_unknown,TRUE,single_primary_reference,single,,reported_via_secondary_compilation,,passero1981,Passero et al 1981,Passero et al 1981,passero1981,Passero et al 1981,primary,journal_article,resolved,Passero et al 1981,passero1981
1358,Oryctolagus cuniculus,rabbit,Karbowski__2007,TableS22,23,23,Brain_stem,Brain stem,Inferior colliculus,CMRgl,cerebral_metabolic_rate,1.26,umol/g/min,126.0,3.0,,umol/100g/min,unknown,resting_unknown,TRUE,single_primary_reference,single,,reported_via_secondary_compilation,,passero1981,Passero et al 1981,Passero et al 1981,passero1981,Passero et al 1981,primary,journal_article,resolved,Passero et al 1981,passero1981
1359,Oryctolagus cuniculus,rabbit,Karbowski__2007,TableS16,8,8,Hippocampus,Hippocampus,Hippocampus,CMRgl,cerebral_metabolic_rate,0.58,umol/g/min,57.99999999999999,3.0,,umol/100g/min,unknown,resting_unknown,TRUE,single_primary_reference,single,,reported_via_secondary_compilation,,passero1981,Passero et al 1981,Passero et al 1981,passero1981,Passero et al 1981,primary,journal_article,resolved,Passero et al 1981,passero1981
1360,Oryctolagus cuniculus,rabbit,Karbowski__2007,TableS15,11,11,Hypothalamus,Hypothalamus,Hypothalamus,CMRgl,cerebral_metabolic_rate,0.62,umol/g/min,62.0,3.0,,umol/100g/min,unknown,resting_unknown,TRUE,single_primary_reference,single,,reported_via_secondary_compilation,,passero1981,Passero et al 1981,Passero et al 1981,passero1981,Passero et al 1981,primary,journal_article,resolved,Passero et al 1981,passero1981
1361,Oryctolagus cuniculus,rabbit,Karbowski__2007,TableS15,24,24,Hypothalamus,Hypothalamus,Mammilary body,CMRgl,cerebral_metabolic_rate,0.68,umol/g/min,68.0,3.0,,umol/100g/min,unknown,resting_unknown,TRUE,single_primary_reference,single,,reported_via_secondary_compilation,,passero1981,Passero et al 1981,Passero et al 1981,passero1981,Passero et al 1981,primary,journal_article,resolved,Passero et al 1981,passero1981
1362,Oryctolagus cuniculus,rabbit,Karbowski__2007,TableS11,3,3,Neocortex,Cerebral cortex,Cerebral cortex,CMRgl,cerebral_metabolic_rate,0.84,umol/g/min,84.0,9.0,,umol/100g/min,unknown,resting_unknown,TRUE,single_primary_reference,single,,reported_via_secondary_compilation,,nNA,N=4,N=4,nNA,N=4,primary,journal_article,unresolved,N=4,nNA
1363,Oryctolagus cuniculus,rabbit,Karbowski__2007,TableS12,8,8,Neocortex,Cerebral cortex,Cerebral cortex,CMRgl,cerebral_metabolic_rate,0.83,umol/g/min,83.0,8.0,,umol/100g/min,unknown,resting_unknown,TRUE,single_primary_reference,single,,reported_via_secondary_compilation,,passero1981,Passero et al 1981,Passero et al 1981,passero1981,Passero et al 1981,primary,journal_article,resolved,Passero et al 1981,passero1981
1364,Oryctolagus cuniculus,rabbit,Karbowski__2007,TableS21,9,9,Pallidum,Globus pallidus,Globus pallidus,CMRgl,cerebral_metabolic_rate,0.42,umol/g/min,42.0,2.0,,umol/100g/min,unknown,resting_unknown,TRUE,single_primary_reference,single,,reported_via_secondary_compilation,,passero1981,Passero et al 1981,Passero et al 1981,passero1981,Passero et al 1981,primary,journal_article,resolved,Passero et al 1981,passero1981
1365,Oryctolagus cuniculus,rabbit,Karbowski__2007,TableS10,5,5,Parietal_cortex,Parietal cortex,Parietal cortex,CMRgl,cerebral_metabolic_rate,0.73,umol/g/min,73.0,8.0,,umol/100g/min,unknown,resting_unknown,TRUE,single_primary_reference,single,,reported_via_secondary_compilation,,passero1981,Passero et al 1981,Passero et al 1981,passero1981,Passero et al 1981,primary,journal_article,resolved,Passero et al 1981,passero1981
1366,Oryctolagus cuniculus,rabbit,Karbowski__2007,TableS8,7,7,Sensorimotor_cortex,Sensorimotor cortex,Sensorimotor cortex,CMRgl,cerebral_metabolic_rate,0.83,umol/g/min,83.0,7.000000000000001,,umol/100g/min,unknown,resting_unknown,TRUE,single_primary_reference,single,,reported_via_secondary_compilation,,passero1981,Passero et al 1981,Passero et al 1981,passero1981,Passero et al 1981,primary,journal_article,resolved,Passero et al 1981,passero1981
1367,Oryctolagus cuniculus,rabbit,Karbowski__2007,TableS18,11,11,Septum,Septum,Septum,CMRgl,cerebral_metabolic_rate,0.48,umol/g/min,48.0,2.0,,umol/100g/min,unknown,resting_unknown,TRUE,single_primary_reference,single,,reported_via_secondary_compilation,,passero1981,Passero et al 1981,Passero et al 1981,passero1981,Passero et al 1981,primary,journal_article,resolved,Passero et al 1981,passero1981
1368,Oryctolagus cuniculus,rabbit,Karbowski__2007,TableS20,8,8,Substantia_nigra,Substantia nigra,Substantia nigra,CMRgl,cerebral_metabolic_rate,0.48,umol/g/min,48.0,3.0,,umol/100g/min,unknown,resting_unknown,TRUE,single_primary_reference,single,,reported_via_secondary_compilation,,passero1981,Passero et al 1981,Passero et al 1981,passero1981,Passero et al 1981,primary,journal_article,resolved,Passero et al 1981,passero1981
1369,Oryctolagus cuniculus,rabbit,Karbowski__2007,TableS7,9,9,Temporal_cortex,Temporal cortex,Temporal cortex,CMRgl,cerebral_metabolic_rate,1.02,umol/g/min,102.0,10.0,,umol/100g/min,unknown,resting_unknown,TRUE,single_primary_reference,single,,reported_via_secondary_compilation,,passero1981,Passero et al 1981,Passero et al 1981,passero1981,Passero et al 1981,primary,journal_article,resolved,Passero et al 1981,passero1981
1370,Oryctolagus cuniculus,rabbit,Karbowski__2007,TableS13,10,10,Thalamus,Thalamus,Thalamus,CMRgl,cerebral_metabolic_rate,0.9,umol/g/min,90.0,5.0,,umol/100g/min,unknown,resting_unknown,TRUE,single_primary_reference,single,,reported_via_secondary_compilation,,passero1981,Passero et al 1981,Passero et al 1981,passero1981,Passero et al 1981,primary,journal_article,resolved,Passero et al 1981,passero1981
1371,Oryctolagus cuniculus,rabbit,Karbowski__2007,TableS3,7,7,Visual_cortex,Visual cortex,Visual cortex,CMRgl,cerebral_metabolic_rate,0.76,umol/g/min,76.0,9.0,,umol/100g/min,unknown,resting_unknown,TRUE,single_primary_reference,single,,reported_via_secondary_compilation,,passero1981,Passero et al 1981,Passero et al 1981,passero1981,Passero et al 1981,primary,journal_article,resolved,Passero et al 1981,passero1981
1372,Oryctolagus cuniculus,rabbit,Karbowski__2007,TableS23,14,14,White_matter,White matter,Internal capsule,CMRgl,cerebral_metabolic_rate,0.26,umol/g/min,26.0,3.0,,umol/100g/min,unknown,resting_unknown,TRUE,single_primary_reference,single,,reported_via_secondary_compilation,,passero1981,Passero et al 1981,Passero et al 1981,passero1981,Passero et al 1981,primary,journal_article,resolved,Passero et al 1981,passero1981
1373,Oryctolagus cuniculus,rabbit,Karbowski__2007,TableS2,7,7,Whole_brain,Brain,Brain,CMRgl,cerebral_metabolic_rate,0.69,umol/g/min,69.0,5.0,,umol/100g/min,unknown,resting_unknown,TRUE,single_primary_reference,single,,reported_via_secondary_compilation,,passero1981,Passero et al 1981,Passero et al 1981,passero1981,Passero et al 1981,primary,journal_article,resolved,Passero et al 1981,passero1981
1374,Ovis aries,sheep,Karbowski__2007,TableS2,13,13,Whole_brain,Brain,Brain,CMRgl,cerebral_metabolic_rate,0.35,umol/g/min,35.0,3.0,,umol/100g/min,unknown,resting_unknown,TRUE,single_primary_reference,single,,reported_via_secondary_compilation,,pell1983,Pell et al 1983,Pell et al 1983,pell1983,Pell et al 1983,primary,journal_article,resolved,Pell et al 1983,pell1983
1375,Papio anubis,Papio,Kaufman__2004,TableA1,42,42,Basal_ganglia,Basal Ganglia,,CMRgl,cerebral_metabolic_rate,47.7,umol/100g/min,47.7,,8.0,umol/100g/min,anesthetized,resting_anesthetized,FALSE,single_primary_reference,single,,reported_via_secondary_compilation,anesthetized,meguro1999,"(Meguro et al., 1999)","(Meguro et al., 1999)",meguro1999,"(Meguro et al., 1999)",primary,journal_article,resolved,"(Meguro et al., 1999)",meguro1999
1376,Papio anubis,Papio,Kaufman__2004,TableA1,43,43,Basal_ganglia,Basal Ganglia,,CMRgl,cerebral_metabolic_rate,44.6,umol/100g/min,44.6,,2.0,umol/100g/min,anesthetized,resting_anesthetized,FALSE,single_primary_reference,single,,reported_via_secondary_compilation,anesthetized,kaufman2004_present,Present Study,Present Study,kaufman2004_present,Present Study,primary,journal_article,resolved,Present Study,kaufman2004_present
1377,Papio anubis,baboon,Karbowski__2007,TableS19,17,17,Caudate_nucleus,Caudate,Caudate,CMRgl,cerebral_metabolic_rate,0.41,umol/g/min,41.0,8.0,,umol/100g/min,unknown,resting_unknown,TRUE,single_primary_reference,single,,reported_via_secondary_compilation,,meguro1999,Meguro et al 1999,Meguro et al 1999,meguro1999,Meguro et al 1999,primary,journal_article,resolved,Meguro et al 1999,meguro1999
1378,Papio anubis,baboon,Karbowski__2007,TableS14,13,13,Cerebellum,Cerebellum,Cerebellum,CMRgl,cerebral_metabolic_rate,0.32,umol/g/min,32.0,5.0,,umol/100g/min,unknown,resting_unknown,TRUE,single_primary_reference,single,,reported_via_secondary_compilation,,meguro1999,Meguro et al 1999,Meguro et al 1999,meguro1999,Meguro et al 1999,primary,journal_article,resolved,Meguro et al 1999,meguro1999
1379,Papio anubis,Papio,Kaufman__2004,TableA4,31,31,Cerebellum,Cerebellum,,CMRgl,cerebral_metabolic_rate,35.2,umol/100g/min,35.2,,8.0,umol/100g/min,anesthetized,resting_anesthetized,FALSE,single_primary_reference,single,,reported_via_secondary_compilation,anesthetized,meguro1999,"(Meguro et al., 1999)","(Meguro et al., 1999)",meguro1999,"(Meguro et al., 1999)",primary,journal_article,resolved,"(Meguro et al., 1999)",meguro1999
1380,Papio anubis,Papio,Kaufman__2004,TableA4,32,32,Cerebellum,Cerebellum,,CMRgl,cerebral_metabolic_rate,41.2,umol/100g/min,41.2,,2.0,umol/100g/min,anesthetized,resting_anesthetized,FALSE,single_primary_reference,single,,reported_via_secondary_compilation,anesthetized,kaufman2004_present,Present Study,Present Study,kaufman2004_present,Present Study,primary,journal_article,resolved,Present Study,kaufman2004_present
1381,Papio anubis,baboon,Karbowski__2007,TableS6,10,10,Cingulate_cortex,Cingulate cortex,Cingulate cortex,CMRgl,cerebral_metabolic_rate,0.49,umol/g/min,49.0,17.0,,umol/100g/min,unknown,resting_unknown,TRUE,single_primary_reference,single,,reported_via_secondary_compilation,,meguro1999,Meguro et al 1999,Meguro et al 1999,meguro1999,Meguro et al 1999,primary,journal_article,resolved,Meguro et al 1999,meguro1999
1382,Papio anubis,Papio,Kaufman__2004,TableA13,16,16,Cingulate_cortex,Cingulate Cortex,,CMRgl,cerebral_metabolic_rate,49.3,umol/100g/min,49.3,,,umol/100g/min,anesthetized,resting_anesthetized,FALSE,single_primary_reference,single,,reported_via_secondary_compilation,anesthetized,meguro1999,"(Meguro et al., 1999)","(Meguro et al., 1999)",meguro1999,"(Meguro et al., 1999)",primary,journal_article,resolved,"(Meguro et al., 1999)",meguro1999
1383,Papio anubis,Papio,Kaufman__2004,TableA13,17,17,Cingulate_cortex,Cingulate Cortex,,CMRgl,cerebral_metabolic_rate,47.5,umol/100g/min,47.5,,,umol/100g/min,anesthetized,resting_anesthetized,FALSE,single_primary_reference,single,,reported_via_secondary_compilation,anesthetized,millien2002,"(Millien et al., 2002)","(Millien et al., 2002)",millien2002,"(Millien et al., 2002)",primary,journal_article,resolved,"(Millien et al., 2002)",millien2002
1384,Papio anubis,Papio,Kaufman__2004,TableA13,18,18,Cingulate_cortex,Cingulate Cortex,,CMRgl,cerebral_metabolic_rate,58.9,umol/100g/min,58.9,,2.0,umol/100g/min,anesthetized,resting_anesthetized,FALSE,single_primary_reference,single,,reported_via_secondary_compilation,anesthetized,kaufman2004_present,Present Study,Present Study,kaufman2004_present,Present Study,primary,journal_article,resolved,Present Study,kaufman2004_present
1385,Papio anubis,Papio,Kaufman__2004,TableA7,56,56,Frontal_cortex,Frontal Cortex,,CMRgl,cerebral_metabolic_rate,28.3,umol/100g/min,28.3,,9.0,umol/100g/min,anesthetized,resting_anesthetized,FALSE,single_primary_reference,single,,reported_via_secondary_compilation,anesthetized,kiyosawa1989,"(Kiyosawa et al., 1989)","(Kiyosawa et al., 1989)",kiyosawa1989,"(Kiyosawa et al., 1989)",primary,journal_article,resolved,"(Kiyosawa et al., 1989)",kiyosawa1989
1386,Papio anubis,Papio,Kaufman__2004,TableA7,57,57,Frontal_cortex,Frontal Cortex,,CMRgl,cerebral_metabolic_rate,50.4,umol/100g/min,50.4,,8.0,umol/100g/min,anesthetized,resting_anesthetized,FALSE,single_primary_reference,single,,reported_via_secondary_compilation,anesthetized,meguro1999,"(Meguro et al., 1999)","(Meguro et al., 1999)",meguro1999,"(Meguro et al., 1999)",primary,journal_article,resolved,"(Meguro et al., 1999)",meguro1999
1387,Papio anubis,Papio,Kaufman__2004,TableA7,58,58,Frontal_cortex,Frontal Cortex,,CMRgl,cerebral_metabolic_rate,49.4,umol/100g/min,49.4,,10.0,umol/100g/min,anesthetized,resting_anesthetized,FALSE,single_primary_reference,single,,reported_via_secondary_compilation,anesthetized,millien2002,"(Millien et a l, 2002)","(Millien et a l, 2002)",millien2002,"(Millien et a l, 2002)",primary,journal_article,resolved,"(Millien et a l, 2002)",millien2002
1388,Papio anubis,Papio,Kaufman__2004,TableA7,59,59,Frontal_cortex,Frontal Cortex,,CMRgl,cerebral_metabolic_rate,30,umol/100g/min,30.0,,4.0,umol/100g/min,anesthetized,resting_anesthetized,FALSE,single_primary_reference,single,,reported_via_secondary_compilation,anesthetized,yamaguchi1990,"(Yamaguchi et al., 1990)","(Yamaguchi et al., 1990)",yamaguchi1990,"(Yamaguchi et al., 1990)",primary,journal_article,resolved,"(Yamaguchi et al., 1990)",yamaguchi1990
1389,Papio anubis,Papio,Kaufman__2004,TableA7,60,60,Frontal_cortex,Frontal Cortex,,CMRgl,cerebral_metabolic_rate,50.2,umol/100g/min,50.2,,2.0,umol/100g/min,anesthetized,resting_anesthetized,FALSE,single_primary_reference,single,,reported_via_secondary_compilation,anesthetized,kaufman2004_present,Present Study,Present Study,kaufman2004_present,Present Study,primary,journal_article,resolved,Present Study,kaufman2004_present
1390,Papio anubis,baboon,Karbowski__2007,TableS16,18,18,Hippocampus,Hippocampus,Hippocampus,CMRgl,cerebral_metabolic_rate,0.32,umol/g/min,32.0,7.000000000000001,,umol/100g/min,unknown,resting_unknown,TRUE,single_primary_reference,single,,reported_via_secondary_compilation,,meguro1999,Meguro et al 1999,Meguro et al 1999,meguro1999,Meguro et al 1999,primary,journal_article,resolved,Meguro et al 1999,meguro1999
1391,Papio anubis,Papio,Kaufman__2004,TableA2,11,11,Hippocampus,Hippocampus,,CMRgl,cerebral_metabolic_rate,30.8,umol/100g/min,30.8,,8.0,umol/100g/min,anesthetized,resting_anesthetized,FALSE,single_primary_reference,single,,reported_via_secondary_compilation,anesthetized,meguro1999,"(Meguro et al., 1999)","(Meguro et al., 1999)",meguro1999,"(Meguro et al., 1999)",primary,journal_article,resolved,"(Meguro et al., 1999)",meguro1999
1392,Papio anubis,Papio,Kaufman__2004,TableA2,12,12,Hippocampus,Hippocampus,,CMRgl,cerebral_metabolic_rate,32.3,umol/100g/min,32.3,,10.0,umol/100g/min,anesthetized,resting_anesthetized,FALSE,single_primary_reference,single,,reported_via_secondary_compilation,anesthetized,millien2002,"(Millien et al., 2002)","(Millien et al., 2002)",millien2002,"(Millien et al., 2002)",primary,journal_article,resolved,"(Millien et al., 2002)",millien2002
1393,Papio anubis,Papio,Kaufman__2004,TableA2,13,13,Hippocampus,Hippocampus,,CMRgl,cerebral_metabolic_rate,33.1,umol/100g/min,33.1,,2.0,umol/100g/min,anesthetized,resting_anesthetized,FALSE,single_primary_reference,single,,reported_via_secondary_compilation,anesthetized,kaufman2004_present,Present Study,Present Study,kaufman2004_present,Present Study,primary,journal_article,resolved,Present Study,kaufman2004_present
1394,Papio anubis,baboon,Karbowski__2007,TableS11,6,6,Neocortex,Cerebral cortex,Cerebral cortex,CMRgl,cerebral_metabolic_rate,0.46,umol/g/min,46.0,13.0,,umol/100g/min,unknown,resting_unknown,TRUE,single_primary_reference,single,,reported_via_secondary_compilation,,nNA,N=6,N=6,nNA,N=6,primary,journal_article,unresolved,N=6,nNA
1395,Papio anubis,baboon,Karbowski__2007,TableS12,18,18,Neocortex,Cerebral cortex,Cerebral cortex,CMRgl,cerebral_metabolic_rate,0.46,umol/g/min,46.0,10.0,,umol/100g/min,unknown,resting_unknown,TRUE,single_primary_reference,single,,reported_via_secondary_compilation,,meguro1999,Meguro et al 1999,Meguro et al 1999,meguro1999,Meguro et al 1999,primary,journal_article,resolved,Meguro et al 1999,meguro1999
1396,Papio anubis,Papio,Kaufman__2004,TableA6,57,57,Neocortex,Neocortex,,CMRgl,cerebral_metabolic_rate,33.1,umol/100g/min,33.1,,6.0,umol/100g/min,anesthetized,resting_anesthetized,FALSE,single_primary_reference,single,,reported_via_secondary_compilation,anesthetized,mackenzie1976,"(MacKenzie et al., 1976)","(MacKenzie et al., 1976)",mackenzie1976,"(MacKenzie et al., 1976)",primary,journal_article,resolved,"(MacKenzie et al., 1976)",mackenzie1976
1397,Papio anubis,Papio,Kaufman__2004,TableA6,58,58,Neocortex,Neocortex,,CMRgl,cerebral_metabolic_rate,49,umol/100g/min,49.0,,2.0,umol/100g/min,anesthetized,resting_anesthetized,FALSE,single_primary_reference,single,,reported_via_secondary_compilation,anesthetized,kaufman2004_present,Present Study,Present Study,kaufman2004_present,Present Study,primary,journal_article,resolved,Present Study,kaufman2004_present
1398,Papio anubis,baboon,Karbowski__2007,TableS9,6,6,Occipital_cortex,Occipital cortex,Occipital cortex,CMRgl,cerebral_metabolic_rate,0.33,umol/g/min,33.0,6.0,,umol/100g/min,unknown,resting_unknown,TRUE,single_primary_reference,single,,reported_via_secondary_compilation,,meguro1999,Meguro et al 1999,Meguro et al 1999,meguro1999,Meguro et al 1999,primary,journal_article,resolved,Meguro et al 1999,meguro1999
1399,Papio anubis,Papio,Kaufman__2004,TableA11,45,45,Occipital_cortex,Occipital Cortex,,CMRgl,cerebral_metabolic_rate,24.4,umol/100g/min,24.4,,9.0,umol/100g/min,anesthetized,resting_anesthetized,FALSE,single_primary_reference,single,,reported_via_secondary_compilation,anesthetized,kiyosawa1989,"(Kiyosawa et al., 1989)","(Kiyosawa et al., 1989)",kiyosawa1989,"(Kiyosawa et al., 1989)",primary,journal_article,resolved,"(Kiyosawa et al., 1989)",kiyosawa1989
1400,Papio anubis,Papio,Kaufman__2004,TableA11,46,46,Occipital_cortex,Occipital Cortex,,CMRgl,cerebral_metabolic_rate,31.6,umol/100g/min,31.6,,8.0,umol/100g/min,anesthetized,resting_anesthetized,FALSE,single_primary_reference,single,,reported_via_secondary_compilation,anesthetized,meguro1999,"(Meguro et al., 1999)","(Meguro et al., 1999)",meguro1999,"(Meguro et al., 1999)",primary,journal_article,resolved,"(Meguro et al., 1999)",meguro1999
1401,Papio anubis,Papio,Kaufman__2004,TableA11,47,47,Occipital_cortex,Occipital Cortex,,CMRgl,cerebral_metabolic_rate,35,umol/100g/min,35.0,,10.0,umol/100g/min,anesthetized,resting_anesthetized,FALSE,single_primary_reference,single,,reported_via_secondary_compilation,anesthetized,millien2002,"(Millien et al., 2002)","(Millien et al., 2002)",millien2002,"(Millien et al., 2002)",primary,journal_article,resolved,"(Millien et al., 2002)",millien2002
1402,Papio anubis,Papio,Kaufman__2004,TableA11,48,48,Occipital_cortex,Occipital Cortex,,CMRgl,cerebral_metabolic_rate,23.1,umol/100g/min,23.1,,4.0,umol/100g/min,anesthetized,resting_anesthetized,FALSE,single_primary_reference,single,,reported_via_secondary_compilation,anesthetized,yamaguchi1990,"(Yamaguchi et al., 1990)","(Yamaguchi et al., 1990)",yamaguchi1990,"(Yamaguchi et al., 1990)",primary,journal_article,resolved,"(Yamaguchi et al., 1990)",yamaguchi1990
1403,Papio anubis,Papio,Kaufman__2004,TableA11,49,49,Occipital_cortex,Occipital Cortex,,CMRgl,cerebral_metabolic_rate,33.7,umol/100g/min,33.7,,2.0,umol/100g/min,anesthetized,resting_anesthetized,FALSE,single_primary_reference,single,,reported_via_secondary_compilation,anesthetized,kaufman2004_present,Present Study,Present Study,kaufman2004_present,Present Study,primary,journal_article,resolved,Present Study,kaufman2004_present
1404,Papio anubis,baboon,Karbowski__2007,TableS10,8,8,Parietal_cortex,Parietal cortex,Parietal cortex,CMRgl,cerebral_metabolic_rate,0.47,umol/g/min,47.0,10.0,,umol/100g/min,unknown,resting_unknown,TRUE,single_primary_reference,single,,reported_via_secondary_compilation,,meguro1999,Meguro et al 1999,Meguro et al 1999,meguro1999,Meguro et al 1999,primary,journal_article,resolved,Meguro et al 1999,meguro1999
1405,Papio anubis,Papio,Kaufman__2004,TableA8,51,51,Parietal_cortex,Parietal Cortex,,CMRgl,cerebral_metabolic_rate,26.6,umol/100g/min,26.6,,9.0,umol/100g/min,anesthetized,resting_anesthetized,FALSE,single_primary_reference,single,,reported_via_secondary_compilation,anesthetized,kiyosawa1989,"(Kiyosawa et al., 1989)","(Kiyosawa et al., 1989)",kiyosawa1989,"(Kiyosawa et al., 1989)",primary,journal_article,resolved,"(Kiyosawa et al., 1989)",kiyosawa1989
1406,Papio anubis,Papio,Kaufman__2004,TableA8,52,52,Parietal_cortex,Parietal Cortex,,CMRgl,cerebral_metabolic_rate,43.8,umol/100g/min,43.8,,8.0,umol/100g/min,anesthetized,resting_anesthetized,FALSE,single_primary_reference,single,,reported_via_secondary_compilation,anesthetized,meguro1999,"(Meguro etal., 1999)","(Meguro etal., 1999)",meguro1999,"(Meguro etal., 1999)",primary,journal_article,resolved,"(Meguro etal., 1999)",meguro1999
1407,Papio anubis,Papio,Kaufman__2004,TableA8,53,53,Parietal_cortex,Parietal Cortex,,CMRgl,cerebral_metabolic_rate,39.1,umol/100g/min,39.1,,10.0,umol/100g/min,anesthetized,resting_anesthetized,FALSE,single_primary_reference,single,,reported_via_secondary_compilation,anesthetized,millien2002,"(Millien et al., 2002)","(Millien et al., 2002)",millien2002,"(Millien et al., 2002)",primary,journal_article,resolved,"(Millien et al., 2002)",millien2002
1408,Papio anubis,Papio,Kaufman__2004,TableA8,54,54,Parietal_cortex,Parietal Cortex,,CMRgl,cerebral_metabolic_rate,45.2,umol/100g/min,45.2,,2.0,umol/100g/min,anesthetized,resting_anesthetized,FALSE,single_primary_reference,single,,reported_via_secondary_compilation,anesthetized,kaufman2004_present,Present Study,Present Study,kaufman2004_present,Present Study,primary,journal_article,resolved,Present Study,kaufman2004_present
1409,Papio anubis,baboon,Karbowski__2007,TableS4,7,7,Prefrontal_cortex,Prefrontal cortex,Prefrontal cortex,CMRgl,cerebral_metabolic_rate,0.52,umol/g/min,52.0,14.000000000000002,,umol/100g/min,unknown,resting_unknown,TRUE,single_primary_reference,single,,reported_via_secondary_compilation,,meguro1999,Meguro et al 1999,Meguro et al 1999,meguro1999,Meguro et al 1999,primary,journal_article,resolved,Meguro et al 1999,meguro1999
1410,Papio anubis,baboon,Karbowski__2007,TableS8,10,10,Sensorimotor_cortex,Sensorimotor cortex,Sensorimotor cortex,CMRgl,cerebral_metabolic_rate,0.49,umol/g/min,49.0,8.0,,umol/100g/min,unknown,resting_unknown,TRUE,single_primary_reference,single,,reported_via_secondary_compilation,,meguro1999,Meguro et al 1999,Meguro et al 1999,meguro1999,Meguro et al 1999,primary,journal_article,resolved,Meguro et al 1999,meguro1999
1411,Papio anubis,Papio,Kaufman__2004,TableA12,15,15,Sensorimotor_cortex,Sensorimotor Cortex,,CMRgl,cerebral_metabolic_rate,46.9,umol/100g/min,46.9,,8.0,umol/100g/min,anesthetized,resting_anesthetized,FALSE,single_primary_reference,single,,reported_via_secondary_compilation,anesthetized,meguro1999,"(Meguro et al., 1999)","(Meguro et al., 1999)",meguro1999,"(Meguro et al., 1999)",primary,journal_article,resolved,"(Meguro et al., 1999)",meguro1999
1412,Papio anubis,Papio,Kaufman__2004,TableA12,16,16,Sensorimotor_cortex,Sensorimotor Cortex,,CMRgl,cerebral_metabolic_rate,45.2,umol/100g/min,45.2,,10.0,umol/100g/min,anesthetized,resting_anesthetized,FALSE,single_primary_reference,single,,reported_via_secondary_compilation,anesthetized,millien2002,"(Millien et al., 2002)","(Millien et al., 2002)",millien2002,"(Millien et al., 2002)",primary,journal_article,resolved,"(Millien et al., 2002)",millien2002
1413,Papio anubis,Papio,Kaufman__2004,TableA12,17,17,Sensorimotor_cortex,Sensorimotor Cortex,,CMRgl,cerebral_metabolic_rate,60.3,umol/100g/min,60.3,,2.0,umol/100g/min,anesthetized,resting_anesthetized,FALSE,single_primary_reference,single,,reported_via_secondary_compilation,anesthetized,kaufman2004_present,Present Study,Present Study,kaufman2004_present,Present Study,primary,journal_article,resolved,Present Study,kaufman2004_present
1414,Papio anubis,baboon,Karbowski__2007,TableS7,18,18,Temporal_cortex,Temporal cortex,Temporal cortex,CMRgl,cerebral_metabolic_rate,0.47,umol/g/min,47.0,14.000000000000002,,umol/100g/min,unknown,resting_unknown,TRUE,single_primary_reference,single,,reported_via_secondary_compilation,,meguro1999,Meguro et al 1999,Meguro et al 1999,meguro1999,Meguro et al 1999,primary,journal_article,resolved,Meguro et al 1999,meguro1999
1415,Papio anubis,Papio,Kaufman__2004,TableA9,49,49,Temporal_cortex,Temporal Cortex,,CMRgl,cerebral_metabolic_rate,30.5,umol/100g/min,30.5,,9.0,umol/100g/min,anesthetized,resting_anesthetized,FALSE,single_primary_reference,single,,reported_via_secondary_compilation,anesthetized,kiyosawa1989,"(Kiyosawa et al., 1989)","(Kiyosawa et al., 1989)",kiyosawa1989,"(Kiyosawa et al., 1989)",primary,journal_article,resolved,"(Kiyosawa et al., 1989)",kiyosawa1989
1416,Papio anubis,Papio,Kaufman__2004,TableA9,50,50,Temporal_cortex,Temporal Cortex,,CMRgl,cerebral_metabolic_rate,43.5,umol/100g/min,43.5,,8.0,umol/100g/min,anesthetized,resting_anesthetized,FALSE,single_primary_reference,single,,reported_via_secondary_compilation,anesthetized,meguro1999,"(Meguro et al., 1999)","(Meguro et al., 1999)",meguro1999,"(Meguro et al., 1999)",primary,journal_article,resolved,"(Meguro et al., 1999)",meguro1999
1417,Papio anubis,Papio,Kaufman__2004,TableA9,51,51,Temporal_cortex,Temporal Cortex,,CMRgl,cerebral_metabolic_rate,42,umol/100g/min,42.0,,10.0,umol/100g/min,anesthetized,resting_anesthetized,FALSE,single_primary_reference,single,,reported_via_secondary_compilation,anesthetized,millien2002,"(Millien et al., 2002)","(Millien et al., 2002)",millien2002,"(Millien et al., 2002)",primary,journal_article,resolved,"(Millien et al., 2002)",millien2002
1418,Papio anubis,Papio,Kaufman__2004,TableA9,52,52,Temporal_cortex,Temporal Cortex,,CMRgl,cerebral_metabolic_rate,27.4,umol/100g/min,27.4,,4.0,umol/100g/min,anesthetized,resting_anesthetized,FALSE,single_primary_reference,single,,reported_via_secondary_compilation,anesthetized,yamaguchi1990,"(Yamaguchi et al., 1990)","(Yamaguchi et al., 1990)",yamaguchi1990,"(Yamaguchi et al., 1990)",primary,journal_article,resolved,"(Yamaguchi et al., 1990)",yamaguchi1990
1419,Papio anubis,Papio,Kaufman__2004,TableA9,53,53,Temporal_cortex,Temporal Cortex,,CMRgl,cerebral_metabolic_rate,45.6,umol/100g/min,45.6,,2.0,umol/100g/min,anesthetized,resting_anesthetized,FALSE,single_primary_reference,single,,reported_via_secondary_compilation,anesthetized,kaufman2004_present,Present Study,Present Study,kaufman2004_present,Present Study,primary,journal_article,resolved,Present Study,kaufman2004_present
1420,Papio anubis,baboon,Karbowski__2007,TableS13,19,19,Thalamus,Thalamus,Thalamus,CMRgl,cerebral_metabolic_rate,0.51,umol/g/min,51.0,16.0,,umol/100g/min,unknown,resting_unknown,TRUE,single_primary_reference,single,,reported_via_secondary_compilation,,meguro1999,Meguro et al 1999,Meguro et al 1999,meguro1999,Meguro et al 1999,primary,journal_article,resolved,Meguro et al 1999,meguro1999
1421,Papio anubis,Papio,Kaufman__2004,TableA3,43,43,Thalamus,Thalamus,,CMRgl,cerebral_metabolic_rate,43.8,umol/100g/min,43.8,,8.0,umol/100g/min,anesthetized,resting_anesthetized,FALSE,single_primary_reference,single,,reported_via_secondary_compilation,anesthetized,meguro1999,"Meguro et al., 1999)","Meguro et al., 1999)",meguro1999,"Meguro et al., 1999)",primary,journal_article,resolved,"Meguro et al., 1999)",meguro1999
1422,Papio anubis,Papio,Kaufman__2004,TableA3,44,44,Thalamus,Thalamus,,CMRgl,cerebral_metabolic_rate,43.6,umol/100g/min,43.6,,10.0,umol/100g/min,anesthetized,resting_anesthetized,FALSE,single_primary_reference,single,,reported_via_secondary_compilation,anesthetized,vlillien2002,"Vlillien et al., 2002)","Vlillien et al., 2002)",vlillien2002,"Vlillien et al., 2002)",primary,journal_article,resolved,"Vlillien et al., 2002)",vlillien2002
1423,Papio anubis,Papio,Kaufman__2004,TableA3,45,45,Thalamus,Thalamus,,CMRgl,cerebral_metabolic_rate,45.7,umol/100g/min,45.7,,2.0,umol/100g/min,anesthetized,resting_anesthetized,FALSE,single_primary_reference,single,,reported_via_secondary_compilation,anesthetized,resentNA,’resent Study,’resent Study,resentNA,’resent Study,primary,journal_article,unresolved,’resent Study,resentNA
1424,Papio anubis,Papio,Kaufman__2004,TableA5,22,22,White_matter,White Matter,,CMRgl,cerebral_metabolic_rate,14.6,umol/100g/min,14.6,,2.0,umol/100g/min,anesthetized,resting_anesthetized,FALSE,single_primary_reference,single,,reported_via_secondary_compilation,anesthetized,kaufman2004_present,Present Study,Present Study,kaufman2004_present,Present Study,primary,journal_article,resolved,Present Study,kaufman2004_present
1425,Papio anubis,baboon,Karbowski__2007,TableS2,17,17,Whole_brain,Brain,Brain,CMRgl,cerebral_metabolic_rate,0.44,umol/g/min,44.0,8.0,,umol/100g/min,unknown,resting_unknown,TRUE,single_primary_reference,single,,reported_via_secondary_compilation,,meguro1999,Meguro et al 1999,Meguro et al 1999,meguro1999,Meguro et al 1999,primary,journal_article,resolved,Meguro et al 1999,meguro1999
1426,Papio anubis,Papio,Kaufman__2004,TableA14,56,56,Whole_brain,Whole Brain (direct measurement),,CMRgl,cerebral_metabolic_rate,24.64,umol/100g/min,24.64,,5.0,umol/100g/min,anesthetized,resting_anesthetized,FALSE,single_primary_reference,single,,reported_via_secondary_compilation,anesthetized,hamar1979,"(Hamar et al., 1979)","(Hamar et al., 1979)",hamar1979,"(Hamar et al., 1979)",primary,journal_article,resolved,"(Hamar et al., 1979)",hamar1979
1427,Papio anubis,Papio,Kaufman__2004,TableA14,57,57,Whole_brain,Whole Brain (direct measurement),,CMRgl,cerebral_metabolic_rate,25.3,umol/100g/min,25.3,,7.0,umol/100g/min,anesthetized,resting_anesthetized,FALSE,single_primary_reference,single,,reported_via_secondary_compilation,anesthetized,harper1977,"(Harper and MacKenzie, 1977)","(Harper and MacKenzie, 1977)",harper1977,"(Harper and MacKenzie, 1977)",primary,journal_article,resolved,"(Harper and MacKenzie, 1977)",harper1977
1428,Papio anubis,Papio,Kaufman__2004,TableA14,58,58,Whole_brain,Whole Brain (direct measurement),,CMRgl,cerebral_metabolic_rate,18.3,umol/100g/min,18.3,,4.0,umol/100g/min,anesthetized,resting_anesthetized,FALSE,single_primary_reference,single,,reported_via_secondary_compilation,anesthetized,mcculloch1977,"(McCulloch and Harper, 1977)","(McCulloch and Harper, 1977)",mcculloch1977,"(McCulloch and Harper, 1977)",primary,journal_article,resolved,"(McCulloch and Harper, 1977)",mcculloch1977
1429,Papio anubis,Papio,Kaufman__2004,TableA14,59,59,Whole_brain,Whole Brain (direct measurement),,CMRgl,cerebral_metabolic_rate,24.6,umol/100g/min,24.6,,3.0,umol/100g/min,anesthetized,resting_anesthetized,FALSE,single_primary_reference,single,,reported_via_secondary_compilation,anesthetized,reivich1972,"(Reivich et al., 1972)","(Reivich et al., 1972)",reivich1972,"(Reivich et al., 1972)",primary,journal_article,resolved,"(Reivich et al., 1972)",reivich1972
1430,Papio anubis,Papio,Kaufman__2004,TableA14,60,60,Whole_brain,Whole Brain (direct measurement),,CMRgl,cerebral_metabolic_rate,23.2,umol/100g/min,23.2,,17.0,umol/100g/min,anesthetized,resting_anesthetized,FALSE,single_primary_reference,single,,reported_via_secondary_compilation,anesthetized,tagashira1977,"(Tagashira et al., 1977)","(Tagashira et al., 1977)",tagashira1977,"(Tagashira et al., 1977)",primary,journal_article,resolved,"(Tagashira et al., 1977)",tagashira1977
1431,Papio anubis,Papio,Kaufman__2004,TableA14,61,61,Whole_brain,Whole Brain (direct measurement),,CMRgl,cerebral_metabolic_rate,24.42,umol/100g/min,24.42,,6.0,umol/100g/min,anesthetized,resting_anesthetized,FALSE,single_primary_reference,single,,reported_via_secondary_compilation,anesthetized,van1986,"(Van Aken et al., 1986)","(Van Aken et al., 1986)",van1986,"(Van Aken et al., 1986)",primary,journal_article,resolved,"(Van Aken et al., 1986)",van1986
1432,Papio anubis,Papio,Kaufman__2004,TableA14,62,62,Whole_brain,Whole Brain (direct measurement),,CMRgl,cerebral_metabolic_rate,20.76,umol/100g/min,20.76,,7.0,umol/100g/min,anesthetized,resting_anesthetized,FALSE,single_primary_reference,single,,reported_via_secondary_compilation,anesthetized,van1990,"(Van Hemelrijck et al., 1990)","(Van Hemelrijck et al., 1990)",van1990,"(Van Hemelrijck et al., 1990)",primary,journal_article,resolved,"(Van Hemelrijck et al., 1990)",van1990
1433,Papio anubis,Papio,Kaufman__2004,TableA14,73,73,Whole_brain,Whole Brain (direct measurement),,CMRgl,cerebral_metabolic_rate,35.52,umol/100g/min,35.52,,2.0,umol/100g/min,anesthetized,resting_anesthetized,FALSE,single_primary_reference,single,,reported_via_secondary_compilation,anesthetized,kaufman2004_present,Present Study,Present Study,kaufman2004_present,Present Study,primary,journal_article,resolved,Present Study,kaufman2004_present
1434,Rattus norvegicus,rat,Karbowski__2007,TableS17,2,2,Amygdala,Amygdala,Amygdala,CMRgl,cerebral_metabolic_rate,0.67,umol/g/min,67.0,7.000000000000001,,umol/100g/min,unknown,resting_unknown,TRUE,single_primary_reference,single,,reported_via_secondary_compilation,,dube2001,Dube et al 2001,Dube et al 2001,dube2001,Dube et al 2001,primary,journal_article,resolved,Dube et al 2001,dube2001
1435,Rattus norvegicus,rat,Karbowski__2007,TableS17,3,3,Amygdala,Amygdala,Amygdala,CMRgl,cerebral_metabolic_rate,0.52,umol/g/min,52.0,2.0,,umol/100g/min,unknown,resting_unknown,TRUE,single_primary_reference,single,,reported_via_secondary_compilation,,nehling1988,Nehling et al 1988,Nehling et al 1988,nehling1988,Nehling et al 1988,primary,journal_article,resolved,Nehling et al 1988,nehling1988
1436,Rattus norvegicus,rat,Karbowski__2007,TableS17,4,4,Amygdala,Amygdala,Amygdala,CMRgl,cerebral_metabolic_rate,0.44,umol/g/min,44.0,3.0,,umol/100g/min,unknown,resting_unknown,TRUE,single_primary_reference,single,,reported_via_secondary_compilation,,levant2004,Levant et al 2004,Levant et al 2004,levant2004,Levant et al 2004,primary,journal_article,resolved,Levant et al 2004,levant2004
1437,Rattus norvegicus,rat,Karbowski__2007,TableS17,5,5,Amygdala,Amygdala,Amygdala,CMRgl,cerebral_metabolic_rate,0.57,umol/g/min,56.99999999999999,6.0,,umol/100g/min,unknown,resting_unknown,TRUE,single_primary_reference,single,,reported_via_secondary_compilation,,nehling2000,Nehling et al 2000,Nehling et al 2000,nehling2000,Nehling et al 2000,primary,journal_article,resolved,Nehling et al 2000,nehling2000
1438,Rattus norvegicus,rat,Karbowski__2007,TableS17,6,6,Amygdala,Amygdala,Amygdala,CMRgl,cerebral_metabolic_rate,0.4,umol/g/min,40.0,7.000000000000001,,umol/100g/min,unknown,resting_unknown,TRUE,single_primary_reference,single,,reported_via_secondary_compilation,,waschke1993,Waschke et al 1993,Waschke et al 1993,waschke1993,Waschke et al 1993,primary,journal_article,resolved,Waschke et al 1993,waschke1993
1439,Rattus norvegicus,Rattus,Kaufman__2004,TableA10,7,7,Auditory_cortex,Auditory Cortex,,CMRgl,cerebral_metabolic_rate,87.3,umol/100g/min,87.3,,10.0,umol/100g/min,conscious,resting_conscious,TRUE,single_primary_reference,single,,reported_via_secondary_compilation,,blin1991,"(Blin et al., 1991)","(Blin et al., 1991)",blin1991,"(Blin et al., 1991)",primary,journal_article,resolved,"(Blin et al., 1991)",blin1991
1440,Rattus norvegicus,Rattus,Kaufman__2004,TableA10,8,8,Auditory_cortex,Auditory Cortex,,CMRgl,cerebral_metabolic_rate,101,umol/100g/min,101.0,,10.0,umol/100g/min,conscious,resting_conscious,TRUE,single_primary_reference,single,,reported_via_secondary_compilation,,bryan1988,"(Bryan and Lehman, 1988)","(Bryan and Lehman, 1988)",bryan1988,"(Bryan and Lehman, 1988)",primary,journal_article,resolved,"(Bryan and Lehman, 1988)",bryan1988
1441,Rattus norvegicus,Rattus,Kaufman__2004,TableA10,9,9,Auditory_cortex,Auditory Cortex,,CMRgl,cerebral_metabolic_rate,112,umol/100g/min,112.0,,8.0,umol/100g/min,conscious,resting_conscious,TRUE,single_primary_reference,single,,reported_via_secondary_compilation,,chang2001,"(Chang et al., 2001)","(Chang et al., 2001)",chang2001,"(Chang et al., 2001)",primary,journal_article,resolved,"(Chang et al., 2001)",chang2001
1442,Rattus norvegicus,Rattus,Kaufman__2004,TableA10,10,10,Auditory_cortex,Auditory Cortex,,CMRgl,cerebral_metabolic_rate,153,umol/100g/min,153.0,,6.0,umol/100g/min,conscious,resting_conscious,TRUE,single_primary_reference,single,,reported_via_secondary_compilation,,crane1989,"(Crane and Porrino, 1989)","(Crane and Porrino, 1989)",crane1989,"(Crane and Porrino, 1989)",primary,journal_article,resolved,"(Crane and Porrino, 1989)",crane1989
1443,Rattus norvegicus,Rattus,Kaufman__2004,TableA10,11,11,Auditory_cortex,Auditory Cortex,,CMRgl,cerebral_metabolic_rate,143,umol/100g/min,143.0,,6.0,umol/100g/min,conscious,resting_conscious,TRUE,single_primary_reference,single,,reported_via_secondary_compilation,,crane1989,"(Crane and Porrino, 1989)","(Crane and Porrino, 1989)",crane1989,"(Crane and Porrino, 1989)",primary,journal_article,resolved,"(Crane and Porrino, 1989)",crane1989
1444,Rattus norvegicus,Rattus,Kaufman__2004,TableA10,12,12,Auditory_cortex,Auditory Cortex,,CMRgl,cerebral_metabolic_rate,128,umol/100g/min,128.0,,8.0,umol/100g/min,conscious,resting_conscious,TRUE,single_primary_reference,single,,reported_via_secondary_compilation,,crosby1982,"(Crosby et al., 1982)","(Crosby et al., 1982)",crosby1982,"(Crosby et al., 1982)",primary,journal_article,resolved,"(Crosby et al., 1982)",crosby1982
1445,Rattus norvegicus,Rattus,Kaufman__2004,TableA10,13,13,Auditory_cortex,Auditory Cortex,,CMRgl,cerebral_metabolic_rate,121,umol/100g/min,121.0,,5.0,umol/100g/min,conscious,resting_conscious,TRUE,single_primary_reference,single,,reported_via_secondary_compilation,,crosby1984,"(Crosby et al., 1984)","(Crosby et al., 1984)",crosby1984,"(Crosby et al., 1984)",primary,journal_article,resolved,"(Crosby et al., 1984)",crosby1984
1446,Rattus norvegicus,Rattus,Kaufman__2004,TableA10,14,14,Auditory_cortex,Auditory Cortex,,CMRgl,cerebral_metabolic_rate,115,umol/100g/min,115.0,,5.0,umol/100g/min,anesthetized,resting_anesthetized,FALSE,single_primary_reference,single,,reported_via_secondary_compilation,anesthetized,crosby1984,"(Crosby et al., 1984)","(Crosby et al., 1984)",crosby1984,"(Crosby et al., 1984)",primary,journal_article,resolved,"(Crosby et al., 1984)",crosby1984
1447,Rattus norvegicus,Rattus,Kaufman__2004,TableA10,15,15,Auditory_cortex,Auditory Cortex,,CMRgl,cerebral_metabolic_rate,155,umol/100g/min,155.0,,7.0,umol/100g/min,conscious,resting_conscious,TRUE,single_primary_reference,single,,reported_via_secondary_compilation,,cudennec1997,"(Cudennec et al., 1997)","(Cudennec et al., 1997)",cudennec1997,"(Cudennec et al., 1997)",primary,journal_article,resolved,"(Cudennec et al., 1997)",cudennec1997
1448,Rattus norvegicus,Rattus,Kaufman__2004,TableA10,16,16,Auditory_cortex,Auditory Cortex,,CMRgl,cerebral_metabolic_rate,134,umol/100g/min,134.0,,5.0,umol/100g/min,conscious,resting_conscious,TRUE,single_primary_reference,single,,reported_via_secondary_compilation,,d1990,"(D am et al., 1990)","(D am et al., 1990)",d1990,"(D am et al., 1990)",primary,journal_article,resolved,"(D am et al., 1990)",d1990
1449,Rattus norvegicus,Rattus,Kaufman__2004,TableA10,17,17,Auditory_cortex,Auditory Cortex,,CMRgl,cerebral_metabolic_rate,166,umol/100g/min,166.0,,4.0,umol/100g/min,conscious,resting_conscious,TRUE,single_primary_reference,single,,reported_via_secondary_compilation,,dow1986,"(Dow-Edwards et al., 1986)","(Dow-Edwards et al., 1986)",dow1986,"(Dow-Edwards et al., 1986)",primary,journal_article,resolved,"(Dow-Edwards et al., 1986)",dow1986
1450,Rattus norvegicus,Rattus,Kaufman__2004,TableA10,18,18,Auditory_cortex,Auditory Cortex,,CMRgl,cerebral_metabolic_rate,104.3,umol/100g/min,104.3,,5.0,umol/100g/min,conscious,resting_conscious,TRUE,single_primary_reference,single,,reported_via_secondary_compilation,,duelli2000,"(Duelli et al., 2000)","(Duelli et al., 2000)",duelli2000,"(Duelli et al., 2000)",primary,journal_article,resolved,"(Duelli et al., 2000)",duelli2000
1451,Rattus norvegicus,Rattus,Kaufman__2004,TableA10,19,19,Auditory_cortex,Auditory Cortex,,CMRgl,cerebral_metabolic_rate,139,umol/100g/min,139.0,,6.0,umol/100g/min,conscious,resting_conscious,TRUE,single_primary_reference,single,,reported_via_secondary_compilation,,eintrei1999,"(Eintrei et al., 1999)","(Eintrei et al., 1999)",eintrei1999,"(Eintrei et al., 1999)",primary,journal_article,resolved,"(Eintrei et al., 1999)",eintrei1999
1452,Rattus norvegicus,Rattus,Kaufman__2004,TableA10,20,20,Auditory_cortex,Auditory Cortex,,CMRgl,cerebral_metabolic_rate,140.3,umol/100g/min,140.3,,5.0,umol/100g/min,conscious,resting_conscious,TRUE,single_primary_reference,single,,reported_via_secondary_compilation,,freedland2002,"(Freedland et al., 2002)","(Freedland et al., 2002)",freedland2002,"(Freedland et al., 2002)",primary,journal_article,resolved,"(Freedland et al., 2002)",freedland2002
1453,Rattus norvegicus,Rattus,Kaufman__2004,TableA10,21,21,Auditory_cortex,Auditory Cortex,,CMRgl,cerebral_metabolic_rate,131,umol/100g/min,131.0,,12.0,umol/100g/min,conscious,resting_conscious,TRUE,single_primary_reference,single,,reported_via_secondary_compilation,,frietsch2000,"(Frietsch et al., 2000)","(Frietsch et al., 2000)",frietsch2000,"(Frietsch et al., 2000)",primary,journal_article,resolved,"(Frietsch et al., 2000)",frietsch2000
1454,Rattus norvegicus,Rattus,Kaufman__2004,TableA10,22,22,Auditory_cortex,Auditory Cortex,,CMRgl,cerebral_metabolic_rate,47,umol/100g/min,47.0,,12.0,umol/100g/min,anesthetized,resting_anesthetized,FALSE,single_primary_reference,single,,reported_via_secondary_compilation,anesthetized,frietsch2000,"(Frietsch et al., 2000)","(Frietsch et al., 2000)",frietsch2000,"(Frietsch et al., 2000)",primary,journal_article,resolved,"(Frietsch et al., 2000)",frietsch2000
1455,Rattus norvegicus,Rattus,Kaufman__2004,TableA10,23,23,Auditory_cortex,Auditory Cortex,,CMRgl,cerebral_metabolic_rate,132,umol/100g/min,132.0,,6.0,umol/100g/min,conscious,resting_conscious,TRUE,single_primary_reference,single,,reported_via_secondary_compilation,,grome1983,"(Grome and McCulloch, 1983)","(Grome and McCulloch, 1983)",grome1983,"(Grome and McCulloch, 1983)",primary,journal_article,resolved,"(Grome and McCulloch, 1983)",grome1983
1456,Rattus norvegicus,Rattus,Kaufman__2004,TableA10,24,24,Auditory_cortex,Auditory Cortex,,CMRgl,cerebral_metabolic_rate,173,umol/100g/min,173.0,,7.0,umol/100g/min,conscious,resting_conscious,TRUE,single_primary_reference,single,,reported_via_secondary_compilation,,hakim1983,"(Hakim et al., 1983)","(Hakim et al., 1983)",hakim1983,"(Hakim et al., 1983)",primary,journal_article,resolved,"(Hakim et al., 1983)",hakim1983
1457,Rattus norvegicus,Rattus,Kaufman__2004,TableA10,25,25,Auditory_cortex,Auditory Cortex,,CMRgl,cerebral_metabolic_rate,89,umol/100g/min,89.0,,10.0,umol/100g/min,anesthetized,resting_anesthetized,FALSE,single_primary_reference,single,,reported_via_secondary_compilation,anesthetized,ingvar1980,"(Ingvar et al., 1980)","(Ingvar et al., 1980)",ingvar1980,"(Ingvar et al., 1980)",primary,journal_article,resolved,"(Ingvar et al., 1980)",ingvar1980
1458,Rattus norvegicus,Rattus,Kaufman__2004,TableA10,26,26,Auditory_cortex,Auditory Cortex,,CMRgl,cerebral_metabolic_rate,82,umol/100g/min,82.0,,6.0,umol/100g/min,conscious,resting_conscious,TRUE,single_primary_reference,single,,reported_via_secondary_compilation,,ingvar1982,"(Ingvar and Siesjo, 1982)","(Ingvar and Siesjo, 1982)",ingvar1982,"(Ingvar and Siesjo, 1982)",primary,journal_article,resolved,"(Ingvar and Siesjo, 1982)",ingvar1982
1459,Rattus norvegicus,Rattus,Kaufman__2004,TableA10,27,27,Auditory_cortex,Auditory Cortex,,CMRgl,cerebral_metabolic_rate,91,umol/100g/min,91.0,,10.0,umol/100g/min,anesthetized,resting_anesthetized,FALSE,single_primary_reference,single,,reported_via_secondary_compilation,anesthetized,ingvar1982,"(Ingvar and Siesjo, 1982)","(Ingvar and Siesjo, 1982)",ingvar1982,"(Ingvar and Siesjo, 1982)",primary,journal_article,resolved,"(Ingvar and Siesjo, 1982)",ingvar1982
1460,Rattus norvegicus,Rattus,Kaufman__2004,TableA10,28,28,Auditory_cortex,Auditory Cortex,,CMRgl,cerebral_metabolic_rate,126,umol/100g/min,126.0,,7.0,umol/100g/min,conscious,resting_conscious,TRUE,single_primary_reference,single,,reported_via_secondary_compilation,,kadekaro1983,"(Kadekaro et al., 1983)","(Kadekaro et al., 1983)",kadekaro1983,"(Kadekaro et al., 1983)",primary,journal_article,resolved,"(Kadekaro et al., 1983)",kadekaro1983
1461,Rattus norvegicus,Rattus,Kaufman__2004,TableA10,29,29,Auditory_cortex,Auditory Cortex,,CMRgl,cerebral_metabolic_rate,113,umol/100g/min,113.0,,6.0,umol/100g/min,conscious,resting_conscious,TRUE,single_primary_reference,single,,reported_via_secondary_compilation,,lenz1998,"(Lenz et al., 1998)","(Lenz et al., 1998)",lenz1998,"(Lenz et al., 1998)",primary,journal_article,resolved,"(Lenz et al., 1998)",lenz1998
1462,Rattus norvegicus,Rattus,Kaufman__2004,TableA10,30,30,Auditory_cortex,Auditory Cortex,,CMRgl,cerebral_metabolic_rate,104,umol/100g/min,104.0,,10.0,umol/100g/min,conscious,resting_conscious,TRUE,single_primary_reference,single,,reported_via_secondary_compilation,,macneill1988,"(MacNeill and Bryan, 1988)","(MacNeill and Bryan, 1988)",macneill1988,"(MacNeill and Bryan, 1988)",primary,journal_article,resolved,"(MacNeill and Bryan, 1988)",macneill1988
1463,Rattus norvegicus,Rattus,Kaufman__2004,TableA10,31,31,Auditory_cortex,Auditory Cortex,,CMRgl,cerebral_metabolic_rate,94,umol/100g/min,94.0,,6.0,umol/100g/min,conscious,resting_conscious,TRUE,single_primary_reference,single,,reported_via_secondary_compilation,,maekawa1986,"(Maekawa et al., 1986)","(Maekawa et al., 1986)",maekawa1986,"(Maekawa et al., 1986)",primary,journal_article,resolved,"(Maekawa et al., 1986)",maekawa1986
1464,Rattus norvegicus,Rattus,Kaufman__2004,TableA10,32,32,Auditory_cortex,Auditory Cortex,,CMRgl,cerebral_metabolic_rate,159,umol/100g/min,159.0,,6.0,umol/100g/min,conscious,resting_conscious,TRUE,single_primary_reference,single,,reported_via_secondary_compilation,,nehlig1985,"(Nehlig et al., 1985)","(Nehlig et al., 1985)",nehlig1985,"(Nehlig et al., 1985)",primary,journal_article,resolved,"(Nehlig et al., 1985)",nehlig1985
1465,Rattus norvegicus,Rattus,Kaufman__2004,TableA10,33,33,Auditory_cortex,Auditory Cortex,,CMRgl,cerebral_metabolic_rate,116,umol/100g/min,116.0,,6.0,umol/100g/min,conscious,resting_conscious,TRUE,single_primary_reference,single,,reported_via_secondary_compilation,,ori1986,"(Ori et al., 1986)","(Ori et al., 1986)",ori1986,"(Ori et al., 1986)",primary,journal_article,resolved,"(Ori et al., 1986)",ori1986
1466,Rattus norvegicus,Rattus,Kaufman__2004,TableA10,34,34,Auditory_cortex,Auditory Cortex,,CMRgl,cerebral_metabolic_rate,134,umol/100g/min,134.0,,5.0,umol/100g/min,conscious,resting_conscious,TRUE,single_primary_reference,single,,reported_via_secondary_compilation,,orzi1983,"(Orzi et al., 1983)","(Orzi et al., 1983)",orzi1983,"(Orzi et al., 1983)",primary,journal_article,resolved,"(Orzi et al., 1983)",orzi1983
1467,Rattus norvegicus,Rattus,Kaufman__2004,TableA10,35,35,Auditory_cortex,Auditory Cortex,,CMRgl,cerebral_metabolic_rate,117.7,umol/100g/min,117.7,,7.0,umol/100g/min,conscious,resting_conscious,TRUE,single_primary_reference,single,,reported_via_secondary_compilation,,poindessous1998,"(Poindessous-Jazat et al., 1998)","(Poindessous-Jazat et al., 1998)",poindessous1998,"(Poindessous-Jazat et al., 1998)",primary,journal_article,resolved,"(Poindessous-Jazat et al., 1998)",poindessous1998
1468,Rattus norvegicus,Rattus,Kaufman__2004,TableA10,36,36,Auditory_cortex,Auditory Cortex,,CMRgl,cerebral_metabolic_rate,103.3,umol/100g/min,103.3,,5.0,umol/100g/min,conscious,resting_conscious,TRUE,single_primary_reference,single,,reported_via_secondary_compilation,,poindessous1998,"(Poindessous-Jazat et al., 1998)","(Poindessous-Jazat et al., 1998)",poindessous1998,"(Poindessous-Jazat et al., 1998)",primary,journal_article,resolved,"(Poindessous-Jazat et al., 1998)",poindessous1998
1469,Rattus norvegicus,Rattus,Kaufman__2004,TableA10,37,37,Auditory_cortex,Auditory Cortex,,CMRgl,cerebral_metabolic_rate,110,umol/100g/min,110.0,,5.0,umol/100g/min,anesthetized,resting_anesthetized,FALSE,single_primary_reference,single,,reported_via_secondary_compilation,anesthetized,sakurada1978,"(Sakurada et al., 1978)","(Sakurada et al., 1978)",sakurada1978,"(Sakurada et al., 1978)",primary,journal_article,resolved,"(Sakurada et al., 1978)",sakurada1978
1470,Rattus norvegicus,Rattus,Kaufman__2004,TableA10,38,38,Auditory_cortex,Auditory Cortex,,CMRgl,cerebral_metabolic_rate,149,umol/100g/min,149.0,,6.0,umol/100g/min,conscious,resting_conscious,TRUE,single_primary_reference,single,,reported_via_secondary_compilation,,schwartz1985,"(Schwartz and Crosby, 1985)","(Schwartz and Crosby, 1985)",schwartz1985,"(Schwartz and Crosby, 1985)",primary,journal_article,resolved,"(Schwartz and Crosby, 1985)",schwartz1985
1471,Rattus norvegicus,Rattus,Kaufman__2004,TableA10,39,39,Auditory_cortex,Auditory Cortex,,CMRgl,cerebral_metabolic_rate,1977,umol/100g/min,1977.0,,,umol/100g/min,unknown,resting_unknown,TRUE,single_primary_reference,single,,reported_via_secondary_compilation,,anonNA,(,(,anonNA,(,primary,journal_article,unresolved,(,anonNA
1472,Rattus norvegicus,Rattus,Kaufman__2004,TableA10,40,40,Auditory_cortex,Auditory Cortex,,CMRgl,cerebral_metabolic_rate,98,umol/100g/min,98.0,,16.0,umol/100g/min,conscious,resting_conscious,TRUE,single_primary_reference,single,,reported_via_secondary_compilation,,soncrant1992,"(Soncrant et al., 1992)","(Soncrant et al., 1992)",soncrant1992,"(Soncrant et al., 1992)",primary,journal_article,resolved,"(Soncrant et al., 1992)",soncrant1992
1473,Rattus norvegicus,Rattus,Kaufman__2004,TableA10,41,41,Auditory_cortex,Auditory Cortex,,CMRgl,cerebral_metabolic_rate,160,umol/100g/min,160.0,,5.0,umol/100g/min,conscious,resting_conscious,TRUE,single_primary_reference,single,,reported_via_secondary_compilation,,wechsler1979,"(Wechsler et al., 1979)","(Wechsler et al., 1979)",wechsler1979,"(Wechsler et al., 1979)",primary,journal_article,resolved,"(Wechsler et al., 1979)",wechsler1979
1474,Rattus norvegicus,Rattus,Kaufman__2004,TableA10,42,42,Auditory_cortex,Auditory Cortex,,CMRgl,cerebral_metabolic_rate,127,umol/100g/min,127.0,,16.0,umol/100g/min,conscious,resting_conscious,TRUE,single_primary_reference,single,,reported_via_secondary_compilation,,grome1981,"(Grome and McCulloch, 1981)","(Grome and McCulloch, 1981)",grome1981,"(Grome and McCulloch, 1981)",primary,journal_article,resolved,"(Grome and McCulloch, 1981)",grome1981
1475,Rattus norvegicus,Rattus,Kaufman__2004,TableA10,43,43,Auditory_cortex,Auditory Cortex,,CMRgl,cerebral_metabolic_rate,148.5,umol/100g/min,148.5,,5.0,umol/100g/min,conscious,resting_conscious,TRUE,single_primary_reference,single,,reported_via_secondary_compilation,,whitlow2002,"(Whitlow et al., 2002)","(Whitlow et al., 2002)",whitlow2002,"(Whitlow et al., 2002)",primary,journal_article,resolved,"(Whitlow et al., 2002)",whitlow2002
1476,Rattus norvegicus,Rattus,Kaufman__2004,TableA10,44,44,Auditory_cortex,Auditory Cortex,,CMRgl,cerebral_metabolic_rate,122.7,umol/100g/min,122.7,,5.0,umol/100g/min,conscious,resting_conscious,TRUE,single_primary_reference,single,,reported_via_secondary_compilation,,walker1999,"(Walker et al., 1999)","(Walker et al., 1999)",walker1999,"(Walker et al., 1999)",primary,journal_article,resolved,"(Walker et al., 1999)",walker1999
1477,Rattus norvegicus,Rattus,Kaufman__2004,TableA1,67,67,Basal_ganglia,Basal Ganglia,,CMRgl,cerebral_metabolic_rate,68,umol/100g/min,68.0,,7.0,umol/100g/min,conscious,resting_conscious,TRUE,single_primary_reference,single,,reported_via_secondary_compilation,,bassant1996,"(Bassant et al., 1996)","(Bassant et al., 1996)",bassant1996,"(Bassant et al., 1996)",primary,journal_article,resolved,"(Bassant et al., 1996)",bassant1996
1478,Rattus norvegicus,Rattus,Kaufman__2004,TableA1,68,68,Basal_ganglia,Basal Ganglia,,CMRgl,cerebral_metabolic_rate,56.5,umol/100g/min,56.5,,8.0,umol/100g/min,conscious,resting_conscious,TRUE,single_primary_reference,single,,reported_via_secondary_compilation,,bassant1996,"(Bassant et a l, 1996)","(Bassant et a l, 1996)",bassant1996,"(Bassant et a l, 1996)",primary,journal_article,resolved,"(Bassant et a l, 1996)",bassant1996
1479,Rattus norvegicus,Rattus,Kaufman__2004,TableA1,69,69,Basal_ganglia,Basal Ganglia,,CMRgl,cerebral_metabolic_rate,62.8,umol/100g/min,62.8,,10.0,umol/100g/min,conscious,resting_conscious,TRUE,single_primary_reference,single,,reported_via_secondary_compilation,,blin1991,"(Blin et al., 1991)","(Blin et al., 1991)",blin1991,"(Blin et al., 1991)",primary,journal_article,resolved,"(Blin et al., 1991)",blin1991
1480,Rattus norvegicus,Rattus,Kaufman__2004,TableA1,70,70,Basal_ganglia,Basal Ganglia,,CMRgl,cerebral_metabolic_rate,60,umol/100g/min,60.0,,6.0,umol/100g/min,conscious,resting_conscious,TRUE,single_primary_reference,single,,reported_via_secondary_compilation,,bryan1983,"(Bryan et al., 1983)","(Bryan et al., 1983)",bryan1983,"(Bryan et al., 1983)",primary,journal_article,resolved,"(Bryan et al., 1983)",bryan1983
1481,Rattus norvegicus,Rattus,Kaufman__2004,TableA1,71,71,Basal_ganglia,Basal Ganglia,,CMRgl,cerebral_metabolic_rate,58,umol/100g/min,58.0,,10.0,umol/100g/min,conscious,resting_conscious,TRUE,single_primary_reference,single,,reported_via_secondary_compilation,,bryan1988,"(Bryan and Lehman, 1988)","(Bryan and Lehman, 1988)",bryan1988,"(Bryan and Lehman, 1988)",primary,journal_article,resolved,"(Bryan and Lehman, 1988)",bryan1988
1482,Rattus norvegicus,Rattus,Kaufman__2004,TableA1,72,72,Basal_ganglia,Basal Ganglia,,CMRgl,cerebral_metabolic_rate,81.5,umol/100g/min,81.5,,6.0,umol/100g/min,conscious,resting_conscious,TRUE,single_primary_reference,single,,reported_via_secondary_compilation,,crane1989,"(Crane andPorrino, 1989)","(Crane andPorrino, 1989)",crane1989,"(Crane andPorrino, 1989)",primary,journal_article,resolved,"(Crane andPorrino, 1989)",crane1989
1483,Rattus norvegicus,Rattus,Kaufman__2004,TableA1,73,73,Basal_ganglia,Basal Ganglia,,CMRgl,cerebral_metabolic_rate,82,umol/100g/min,82.0,,6.0,umol/100g/min,conscious,resting_conscious,TRUE,single_primary_reference,single,,reported_via_secondary_compilation,,crane1989,"(Crane and Porrino, 1989)","(Crane and Porrino, 1989)",crane1989,"(Crane and Porrino, 1989)",primary,journal_article,resolved,"(Crane and Porrino, 1989)",crane1989
1484,Rattus norvegicus,Rattus,Kaufman__2004,TableA1,74,74,Basal_ganglia,Basal Ganglia,,CMRgl,cerebral_metabolic_rate,74.5,umol/100g/min,74.5,,8.0,umol/100g/min,conscious,resting_conscious,TRUE,single_primary_reference,single,,reported_via_secondary_compilation,,crosby1982,"(Crosby et al., 1982)","(Crosby et al., 1982)",crosby1982,"(Crosby et al., 1982)",primary,journal_article,resolved,"(Crosby et al., 1982)",crosby1982
1485,Rattus norvegicus,Rattus,Kaufman__2004,TableA1,75,75,Basal_ganglia,Basal Ganglia,,CMRgl,cerebral_metabolic_rate,67.5,umol/100g/min,67.5,,5.0,umol/100g/min,conscious,resting_conscious,TRUE,single_primary_reference,single,,reported_via_secondary_compilation,,crosby1984,"(Crosby et al., 1984)","(Crosby et al., 1984)",crosby1984,"(Crosby et al., 1984)",primary,journal_article,resolved,"(Crosby et al., 1984)",crosby1984
1486,Rattus norvegicus,Rattus,Kaufman__2004,TableA1,76,76,Basal_ganglia,Basal Ganglia,,CMRgl,cerebral_metabolic_rate,82.5,umol/100g/min,82.5,,5.0,umol/100g/min,anesthetized,resting_anesthetized,FALSE,single_primary_reference,single,,reported_via_secondary_compilation,anesthetized,crosby1984,"(Crosby et al., 1984)","(Crosby et al., 1984)",crosby1984,"(Crosby et al., 1984)",primary,journal_article,resolved,"(Crosby et al., 1984)",crosby1984
1487,Rattus norvegicus,Rattus,Kaufman__2004,TableA1,77,77,Basal_ganglia,Basal Ganglia,,CMRgl,cerebral_metabolic_rate,81.5,umol/100g/min,81.5,,7.0,umol/100g/min,conscious,resting_conscious,TRUE,single_primary_reference,single,,reported_via_secondary_compilation,,cudennec1997,"(Cudennec et al., 1997)","(Cudennec et al., 1997)",cudennec1997,"(Cudennec et al., 1997)",primary,journal_article,resolved,"(Cudennec et al., 1997)",cudennec1997
1488,Rattus norvegicus,Rattus,Kaufman__2004,TableA1,78,78,Basal_ganglia,Basal Ganglia,,CMRgl,cerebral_metabolic_rate,65,umol/100g/min,65.0,,5.0,umol/100g/min,conscious,resting_conscious,TRUE,single_primary_reference,single,,reported_via_secondary_compilation,,dam1990,"(Dam et al., 1990)","(Dam et al., 1990)",dam1990,"(Dam et al., 1990)",primary,journal_article,resolved,"(Dam et al., 1990)",dam1990
1489,Rattus norvegicus,Rattus,Kaufman__2004,TableA1,79,79,Basal_ganglia,Basal Ganglia,,CMRgl,cerebral_metabolic_rate,69,umol/100g/min,69.0,,10.0,umol/100g/min,conscious,resting_conscious,TRUE,single_primary_reference,single,,reported_via_secondary_compilation,,davis1986,"(Davis et al., 1986)","(Davis et al., 1986)",davis1986,"(Davis et al., 1986)",primary,journal_article,resolved,"(Davis et al., 1986)",davis1986
1490,Rattus norvegicus,Rattus,Kaufman__2004,TableA1,80,80,Basal_ganglia,Basal Ganglia,,CMRgl,cerebral_metabolic_rate,83.5,umol/100g/min,83.5,,4.0,umol/100g/min,conscious,resting_conscious,TRUE,single_primary_reference,single,,reported_via_secondary_compilation,,dow1986,"(Dow-Edwards et al., 1986)","(Dow-Edwards et al., 1986)",dow1986,"(Dow-Edwards et al., 1986)",primary,journal_article,resolved,"(Dow-Edwards et al., 1986)",dow1986
1491,Rattus norvegicus,Rattus,Kaufman__2004,TableA1,81,81,Basal_ganglia,Basal Ganglia,,CMRgl,cerebral_metabolic_rate,81.5,umol/100g/min,81.5,,6.0,umol/100g/min,conscious,resting_conscious,TRUE,single_primary_reference,single,,reported_via_secondary_compilation,,eintrei1999,"(Eintrei et al., 1999)","(Eintrei et al., 1999)",eintrei1999,"(Eintrei et al., 1999)",primary,journal_article,resolved,"(Eintrei et al., 1999)",eintrei1999
1492,Rattus norvegicus,Rattus,Kaufman__2004,TableA1,82,82,Basal_ganglia,Basal Ganglia,,CMRgl,cerebral_metabolic_rate,69.7,umol/100g/min,69.7,,5.0,umol/100g/min,conscious,resting_conscious,TRUE,single_primary_reference,single,,reported_via_secondary_compilation,,fomai2001,"(Fomai and Orzi, 2001)","(Fomai and Orzi, 2001)",fomai2001,"(Fomai and Orzi, 2001)",primary,journal_article,resolved,"(Fomai and Orzi, 2001)",fomai2001
1493,Rattus norvegicus,Rattus,Kaufman__2004,TableA1,83,83,Basal_ganglia,Basal Ganglia,,CMRgl,cerebral_metabolic_rate,83.8,umol/100g/min,83.8,,5.0,umol/100g/min,conscious,resting_conscious,TRUE,single_primary_reference,single,,reported_via_secondary_compilation,,freedland2002,"(Freedland et al., 2002)","(Freedland et al., 2002)",freedland2002,"(Freedland et al., 2002)",primary,journal_article,resolved,"(Freedland et al., 2002)",freedland2002
1494,Rattus norvegicus,Rattus,Kaufman__2004,TableA1,84,84,Basal_ganglia,Basal Ganglia,,CMRgl,cerebral_metabolic_rate,63.5,umol/100g/min,63.5,,12.0,umol/100g/min,conscious,resting_conscious,TRUE,single_primary_reference,single,,reported_via_secondary_compilation,,frietsch2000,"(Frietsch et al., 2000)","(Frietsch et al., 2000)",frietsch2000,"(Frietsch et al., 2000)",primary,journal_article,resolved,"(Frietsch et al., 2000)",frietsch2000
1495,Rattus norvegicus,Rattus,Kaufman__2004,TableA1,85,85,Basal_ganglia,Basal Ganglia,,CMRgl,cerebral_metabolic_rate,32,umol/100g/min,32.0,,12.0,umol/100g/min,anesthetized,resting_anesthetized,FALSE,single_primary_reference,single,,reported_via_secondary_compilation,anesthetized,frietsch2000,"(Frietsch et al., 2000)","(Frietsch et al., 2000)",frietsch2000,"(Frietsch et al., 2000)",primary,journal_article,resolved,"(Frietsch et al., 2000)",frietsch2000
1496,Rattus norvegicus,Rattus,Kaufman__2004,TableA1,86,86,Basal_ganglia,Basal Ganglia,,CMRgl,cerebral_metabolic_rate,66,umol/100g/min,66.0,,5.0,umol/100g/min,conscious,resting_conscious,TRUE,single_primary_reference,single,,reported_via_secondary_compilation,,furlow1983,"(Furlow et al., 1983)","(Furlow et al., 1983)",furlow1983,"(Furlow et al., 1983)",primary,journal_article,resolved,"(Furlow et al., 1983)",furlow1983
1497,Rattus norvegicus,Rattus,Kaufman__2004,TableA1,87,87,Basal_ganglia,Basal Ganglia,,CMRgl,cerebral_metabolic_rate,68,umol/100g/min,68.0,,,umol/100g/min,conscious,resting_conscious,TRUE,single_primary_reference,single,,reported_via_secondary_compilation,,grome1983,"(Grome and McCulloch, 1983) 6","(Grome and McCulloch, 1983) 6",grome1983,"(Grome and McCulloch, 1983) 6",primary,journal_article,resolved,"(Grome and McCulloch, 1983) 6",grome1983
1498,Rattus norvegicus,Rattus,Kaufman__2004,TableA1,88,88,Basal_ganglia,Basal Ganglia,,CMRgl,cerebral_metabolic_rate,79.5,umol/100g/min,79.5,,7.0,umol/100g/min,conscious,resting_conscious,TRUE,single_primary_reference,single,,reported_via_secondary_compilation,,hakim1983,"(Hakim et al., 1983)","(Hakim et al., 1983)",hakim1983,"(Hakim et al., 1983)",primary,journal_article,resolved,"(Hakim et al., 1983)",hakim1983
1499,Rattus norvegicus,Rattus,Kaufman__2004,TableA1,89,89,Basal_ganglia,Basal Ganglia,,CMRgl,cerebral_metabolic_rate,85,umol/100g/min,85.0,,19.0,umol/100g/min,conscious,resting_conscious,TRUE,single_primary_reference,single,,reported_via_secondary_compilation,,hawkins1979,"(Hawkins et al., 1979)","(Hawkins et al., 1979)",hawkins1979,"(Hawkins et al., 1979)",primary,journal_article,resolved,"(Hawkins et al., 1979)",hawkins1979
1500,Rattus norvegicus,Rattus,Kaufman__2004,TableA1,90,90,Basal_ganglia,Basal Ganglia,,CMRgl,cerebral_metabolic_rate,72,umol/100g/min,72.0,,9.0,umol/100g/min,conscious,resting_conscious,TRUE,single_primary_reference,single,,reported_via_secondary_compilation,,hawkins1985,"(Hawkins et al., 1985)","(Hawkins et al., 1985)",hawkins1985,"(Hawkins et al., 1985)",primary,journal_article,resolved,"(Hawkins et al., 1985)",hawkins1985
1501,Rattus norvegicus,Rattus,Kaufman__2004,TableA1,91,91,Basal_ganglia,Basal Ganglia,,CMRgl,cerebral_metabolic_rate,80,umol/100g/min,80.0,,10.0,umol/100g/min,anesthetized,resting_anesthetized,FALSE,single_primary_reference,single,,reported_via_secondary_compilation,anesthetized,ingvar1980,"(Ingvar et al., 1980)","(Ingvar et al., 1980)",ingvar1980,"(Ingvar et al., 1980)",primary,journal_article,resolved,"(Ingvar et al., 1980)",ingvar1980
1502,Rattus norvegicus,Rattus,Kaufman__2004,TableA1,92,92,Basal_ganglia,Basal Ganglia,,CMRgl,cerebral_metabolic_rate,51.5,umol/100g/min,51.5,,6.0,umol/100g/min,conscious,resting_conscious,TRUE,single_primary_reference,single,,reported_via_secondary_compilation,,ingvar1982,"(Ingvar and Siesjo, 1982)","(Ingvar and Siesjo, 1982)",ingvar1982,"(Ingvar and Siesjo, 1982)",primary,journal_article,resolved,"(Ingvar and Siesjo, 1982)",ingvar1982
1503,Rattus norvegicus,Rattus,Kaufman__2004,TableA1,93,93,Basal_ganglia,Basal Ganglia,,CMRgl,cerebral_metabolic_rate,53,umol/100g/min,53.0,,10.0,umol/100g/min,anesthetized,resting_anesthetized,FALSE,single_primary_reference,single,,reported_via_secondary_compilation,anesthetized,ingvar1982,"(Ingvar and Siesjo, 1982)","(Ingvar and Siesjo, 1982)",ingvar1982,"(Ingvar and Siesjo, 1982)",primary,journal_article,resolved,"(Ingvar and Siesjo, 1982)",ingvar1982
1504,Rattus norvegicus,Rattus,Kaufman__2004,TableA1,94,94,Basal_ganglia,Basal Ganglia,,CMRgl,cerebral_metabolic_rate,75.5,umol/100g/min,75.5,,7.0,umol/100g/min,conscious,resting_conscious,TRUE,single_primary_reference,single,,reported_via_secondary_compilation,,kadekaro1983,"(Kadekaro et al., 1983)","(Kadekaro et al., 1983)",kadekaro1983,"(Kadekaro et al., 1983)",primary,journal_article,resolved,"(Kadekaro et al., 1983)",kadekaro1983
1505,Rattus norvegicus,Rattus,Kaufman__2004,TableA1,95,95,Basal_ganglia,Basal Ganglia,,CMRgl,cerebral_metabolic_rate,60.5,umol/100g/min,60.5,,6.0,umol/100g/min,conscious,resting_conscious,TRUE,single_primary_reference,single,,reported_via_secondary_compilation,,lenz1998,"(Lenz et al., 1998)","(Lenz et al., 1998)",lenz1998,"(Lenz et al., 1998)",primary,journal_article,resolved,"(Lenz et al., 1998)",lenz1998
1506,Rattus norvegicus,Rattus,Kaufman__2004,TableA1,96,96,Basal_ganglia,Basal Ganglia,,CMRgl,cerebral_metabolic_rate,60.5,umol/100g/min,60.5,,10.0,umol/100g/min,conscious,resting_conscious,TRUE,single_primary_reference,single,,reported_via_secondary_compilation,,l1983,"(L uetal., 1983)","(L uetal., 1983)",l1983,"(L uetal., 1983)",primary,journal_article,resolved,"(L uetal., 1983)",l1983
1507,Rattus norvegicus,Rattus,Kaufman__2004,TableA1,97,97,Basal_ganglia,Basal Ganglia,,CMRgl,cerebral_metabolic_rate,85,umol/100g/min,85.0,,10.0,umol/100g/min,conscious,resting_conscious,TRUE,single_primary_reference,single,,reported_via_secondary_compilation,,macneill1988,"(MacNeill and Bryan, 1988)","(MacNeill and Bryan, 1988)",macneill1988,"(MacNeill and Bryan, 1988)",primary,journal_article,resolved,"(MacNeill and Bryan, 1988)",macneill1988
1508,Rattus norvegicus,Rattus,Kaufman__2004,TableA1,98,98,Basal_ganglia,Basal Ganglia,,CMRgl,cerebral_metabolic_rate,60.5,umol/100g/min,60.5,,6.0,umol/100g/min,conscious,resting_conscious,TRUE,single_primary_reference,single,,reported_via_secondary_compilation,,maekawa1986,"(Maekawa et al., 1986)","(Maekawa et al., 1986)",maekawa1986,"(Maekawa et al., 1986)",primary,journal_article,resolved,"(Maekawa et al., 1986)",maekawa1986
1509,Rattus norvegicus,Rattus,Kaufman__2004,TableA1,99,99,Basal_ganglia,Basal Ganglia,,CMRgl,cerebral_metabolic_rate,84.5,umol/100g/min,84.5,,6.0,umol/100g/min,conscious,resting_conscious,TRUE,single_primary_reference,single,,reported_via_secondary_compilation,,moore2000,"(Moore et al., 2000)","(Moore et al., 2000)",moore2000,"(Moore et al., 2000)",primary,journal_article,resolved,"(Moore et al., 2000)",moore2000
1510,Rattus norvegicus,Rattus,Kaufman__2004,TableA1,100,100,Basal_ganglia,Basal Ganglia,,CMRgl,cerebral_metabolic_rate,75.8,umol/100g/min,75.8,,6.0,umol/100g/min,conscious,resting_conscious,TRUE,single_primary_reference,single,,reported_via_secondary_compilation,,moore2000,"(Moore et al., 2000)","(Moore et al., 2000)",moore2000,"(Moore et al., 2000)",primary,journal_article,resolved,"(Moore et al., 2000)",moore2000
1511,Rattus norvegicus,Rattus,Kaufman__2004,TableA1,101,101,Basal_ganglia,Basal Ganglia,,CMRgl,cerebral_metabolic_rate,76.5,umol/100g/min,76.5,,6.0,umol/100g/min,conscious,resting_conscious,TRUE,single_primary_reference,single,,reported_via_secondary_compilation,,nehlig1985,"(Nehlig et al., 1985)","(Nehlig et al., 1985)",nehlig1985,"(Nehlig et al., 1985)",primary,journal_article,resolved,"(Nehlig et al., 1985)",nehlig1985
1512,Rattus norvegicus,Rattus,Kaufman__2004,TableA1,102,102,Basal_ganglia,Basal Ganglia,,CMRgl,cerebral_metabolic_rate,64.5,umol/100g/min,64.5,,6.0,umol/100g/min,conscious,resting_conscious,TRUE,single_primary_reference,single,,reported_via_secondary_compilation,,ori1986,"(Ori et al., 1986)","(Ori et al., 1986)",ori1986,"(Ori et al., 1986)",primary,journal_article,resolved,"(Ori et al., 1986)",ori1986
1513,Rattus norvegicus,Rattus,Kaufman__2004,TableA1,103,103,Basal_ganglia,Basal Ganglia,,CMRgl,cerebral_metabolic_rate,75.5,umol/100g/min,75.5,,5.0,umol/100g/min,conscious,resting_conscious,TRUE,single_primary_reference,single,,reported_via_secondary_compilation,,orzi1983,"(Orzi et al., 1983)","(Orzi et al., 1983)",orzi1983,"(Orzi et al., 1983)",primary,journal_article,resolved,"(Orzi et al., 1983)",orzi1983
1514,Rattus norvegicus,Rattus,Kaufman__2004,TableA1,104,104,Basal_ganglia,Basal Ganglia,,CMRgl,cerebral_metabolic_rate,56.7,umol/100g/min,56.7,,6.0,umol/100g/min,conscious,resting_conscious,TRUE,single_primary_reference,single,,reported_via_secondary_compilation,,otori2003,"(Otori et al., 2003)","(Otori et al., 2003)",otori2003,"(Otori et al., 2003)",primary,journal_article,resolved,"(Otori et al., 2003)",otori2003
1515,Rattus norvegicus,Rattus,Kaufman__2004,TableA1,105,105,Basal_ganglia,Basal Ganglia,,CMRgl,cerebral_metabolic_rate,73.5,umol/100g/min,73.5,,7.0,umol/100g/min,conscious,resting_conscious,TRUE,single_primary_reference,single,,reported_via_secondary_compilation,,anon1998,1998),1998),anon1998,1998),primary,journal_article,resolved,1998),anon1998
1516,Rattus norvegicus,Rattus,Kaufman__2004,TableA1,106,106,Basal_ganglia,Basal Ganglia,,CMRgl,cerebral_metabolic_rate,59,umol/100g/min,59.0,,5.0,umol/100g/min,conscious,resting_conscious,TRUE,single_primary_reference,single,,reported_via_secondary_compilation,,anon1998,1998),1998),anon1998,1998),primary,journal_article,resolved,1998),anon1998
1517,Rattus norvegicus,Rattus,Kaufman__2004,TableA1,107,107,Basal_ganglia,Basal Ganglia,,CMRgl,cerebral_metabolic_rate,67,umol/100g/min,67.0,,7.0,umol/100g/min,conscious,resting_conscious,TRUE,single_primary_reference,single,,reported_via_secondary_compilation,,savaki1983,"(Savaki et al., 1983)","(Savaki et al., 1983)",savaki1983,"(Savaki et al., 1983)",primary,journal_article,resolved,"(Savaki et al., 1983)",savaki1983
1518,Rattus norvegicus,Rattus,Kaufman__2004,TableA1,108,108,Basal_ganglia,Basal Ganglia,,CMRgl,cerebral_metabolic_rate,74.5,umol/100g/min,74.5,,,umol/100g/min,conscious,resting_conscious,TRUE,single_primary_reference,single,,reported_via_secondary_compilation,,schwartz1985,"(Schwartz and Crosby, 1985) 6","(Schwartz and Crosby, 1985) 6",schwartz1985,"(Schwartz and Crosby, 1985) 6",primary,journal_article,resolved,"(Schwartz and Crosby, 1985) 6",schwartz1985
1519,Rattus norvegicus,Rattus,Kaufman__2004,TableA1,109,109,Basal_ganglia,Basal Ganglia,,CMRgl,cerebral_metabolic_rate,1977,umol/100g/min,1977.0,,,umol/100g/min,unknown,resting_unknown,TRUE,single_primary_reference,single,,reported_via_secondary_compilation,,anonNA,(,(,anonNA,(,primary,journal_article,unresolved,(,anonNA
1520,Rattus norvegicus,Rattus,Kaufman__2004,TableA1,110,110,Basal_ganglia,Basal Ganglia,,CMRgl,cerebral_metabolic_rate,81,umol/100g/min,81.0,,5.0,umol/100g/min,conscious,resting_conscious,TRUE,single_primary_reference,single,,reported_via_secondary_compilation,,wechsler1979,"(Wechsler et al., 1979)","(Wechsler et al., 1979)",wechsler1979,"(Wechsler et al., 1979)",primary,journal_article,resolved,"(Wechsler et al., 1979)",wechsler1979
1521,Rattus norvegicus,Rattus,Kaufman__2004,TableA1,111,111,Basal_ganglia,Basal Ganglia,,CMRgl,cerebral_metabolic_rate,65,umol/100g/min,65.0,,,umol/100g/min,conscious,resting_conscious,TRUE,single_primary_reference,single,,reported_via_secondary_compilation,,grome1981,"(Grome and McCulloch, 1981) 16","(Grome and McCulloch, 1981) 16",grome1981,"(Grome and McCulloch, 1981) 16",primary,journal_article,resolved,"(Grome and McCulloch, 1981) 16",grome1981
1522,Rattus norvegicus,Rattus,Kaufman__2004,TableA1,112,112,Basal_ganglia,Basal Ganglia,,CMRgl,cerebral_metabolic_rate,91.8,umol/100g/min,91.8,,5.0,umol/100g/min,conscious,resting_conscious,TRUE,single_primary_reference,single,,reported_via_secondary_compilation,,whitlow2002,"(Whitlow et al., 2002)","(Whitlow et al., 2002)",whitlow2002,"(Whitlow et al., 2002)",primary,journal_article,resolved,"(Whitlow et al., 2002)",whitlow2002
1523,Rattus norvegicus,Rattus,Kaufman__2004,TableA1,113,113,Basal_ganglia,Basal Ganglia,,CMRgl,cerebral_metabolic_rate,85.9,umol/100g/min,85.9,,5.0,umol/100g/min,conscious,resting_conscious,TRUE,single_primary_reference,single,,reported_via_secondary_compilation,,walker1999,"(Walker et al., 1999)","(Walker et al., 1999)",walker1999,"(Walker et al., 1999)",primary,journal_article,resolved,"(Walker et al., 1999)",walker1999
1524,Rattus norvegicus,rat,Karbowski__2007,TableS22,4,4,Brain_stem,Brain stem,Superior colliculus,CMRgl,cerebral_metabolic_rate,0.76,umol/g/min,76.0,3.0,,umol/100g/min,unknown,resting_unknown,TRUE,single_primary_reference,single,,reported_via_secondary_compilation,,nehling1988,Nehling et al 1988,Nehling et al 1988,nehling1988,Nehling et al 1988,primary,journal_article,resolved,Nehling et al 1988,nehling1988
1525,Rattus norvegicus,rat,Karbowski__2007,TableS22,5,5,Brain_stem,Brain stem,Superior colliculus,CMRgl,cerebral_metabolic_rate,0.67,umol/g/min,67.0,13.0,,umol/100g/min,unknown,resting_unknown,TRUE,single_primary_reference,single,,reported_via_secondary_compilation,,dube2001,Dube et al 2001,Dube et al 2001,dube2001,Dube et al 2001,primary,journal_article,resolved,Dube et al 2001,dube2001
1526,Rattus norvegicus,rat,Karbowski__2007,TableS22,6,6,Brain_stem,Brain stem,Superior colliculus,CMRgl,cerebral_metabolic_rate,0.71,umol/g/min,71.0,5.0,,umol/100g/min,unknown,resting_unknown,TRUE,single_primary_reference,single,,reported_via_secondary_compilation,,waschke1993,Waschke et al 1993,Waschke et al 1993,waschke1993,Waschke et al 1993,primary,journal_article,resolved,Waschke et al 1993,waschke1993
1527,Rattus norvegicus,rat,Karbowski__2007,TableS22,7,7,Brain_stem,Brain stem,Superior colliculus,CMRgl,cerebral_metabolic_rate,0.73,umol/g/min,73.0,7.000000000000001,,umol/100g/min,unknown,resting_unknown,TRUE,single_primary_reference,single,,reported_via_secondary_compilation,,levant2004,Levant et al 2004,Levant et al 2004,levant2004,Levant et al 2004,primary,journal_article,resolved,Levant et al 2004,levant2004
1528,Rattus norvegicus,rat,Karbowski__2007,TableS22,17,17,Brain_stem,Brain stem,Inferior colliculus,CMRgl,cerebral_metabolic_rate,1.64,umol/g/min,164.0,5.0,,umol/100g/min,unknown,resting_unknown,TRUE,single_primary_reference,single,,reported_via_secondary_compilation,,nehling1988,Nehling et al 1988,Nehling et al 1988,nehling1988,Nehling et al 1988,primary,journal_article,resolved,Nehling et al 1988,nehling1988
1529,Rattus norvegicus,rat,Karbowski__2007,TableS22,18,18,Brain_stem,Brain stem,Inferior colliculus,CMRgl,cerebral_metabolic_rate,1.7,umol/g/min,170.0,15.0,,umol/100g/min,unknown,resting_unknown,TRUE,single_primary_reference,single,,reported_via_secondary_compilation,,nehling2000,Nehling et al 2000,Nehling et al 2000,nehling2000,Nehling et al 2000,primary,journal_article,resolved,Nehling et al 2000,nehling2000
1530,Rattus norvegicus,rat,Karbowski__2007,TableS22,19,19,Brain_stem,Brain stem,Inferior colliculus,CMRgl,cerebral_metabolic_rate,1.14,umol/g/min,113.99999999999999,22.0,,umol/100g/min,unknown,resting_unknown,TRUE,single_primary_reference,single,,reported_via_secondary_compilation,,dube2001,Dube et al 2001,Dube et al 2001,dube2001,Dube et al 2001,primary,journal_article,resolved,Dube et al 2001,dube2001
1531,Rattus norvegicus,rat,Karbowski__2007,TableS22,20,20,Brain_stem,Brain stem,Inferior colliculus,CMRgl,cerebral_metabolic_rate,1.27,umol/g/min,127.0,25.0,,umol/100g/min,unknown,resting_unknown,TRUE,single_primary_reference,single,,reported_via_secondary_compilation,,waschke1993,Waschke et al 1993,Waschke et al 1993,waschke1993,Waschke et al 1993,primary,journal_article,resolved,Waschke et al 1993,waschke1993
1532,Rattus norvegicus,rat,Karbowski__2007,TableS22,21,21,Brain_stem,Brain stem,Inferior colliculus,CMRgl,cerebral_metabolic_rate,1.71,umol/g/min,171.0,5.0,,umol/100g/min,unknown,resting_unknown,TRUE,single_primary_reference,single,,reported_via_secondary_compilation,,levant2004,Levant et al 2004,Levant et al 2004,levant2004,Levant et al 2004,primary,journal_article,resolved,Levant et al 2004,levant2004
1533,Rattus norvegicus,rat,Karbowski__2007,TableS19,2,2,Caudate_nucleus,Caudate,Caudate,CMRgl,cerebral_metabolic_rate,0.85,umol/g/min,85.0,4.0,,umol/100g/min,unknown,resting_unknown,TRUE,single_primary_reference,single,,reported_via_secondary_compilation,,nehling1988,Nehling et al 1988,Nehling et al 1988,nehling1988,Nehling et al 1988,primary,journal_article,resolved,Nehling et al 1988,nehling1988
1534,Rattus norvegicus,rat,Karbowski__2007,TableS19,3,3,Caudate_nucleus,Caudate,Caudate,CMRgl,cerebral_metabolic_rate,0.82,umol/g/min,82.0,14.000000000000002,,umol/100g/min,unknown,resting_unknown,TRUE,single_primary_reference,single,,reported_via_secondary_compilation,,dube2001,Dube et al 2001,Dube et al 2001,dube2001,Dube et al 2001,primary,journal_article,resolved,Dube et al 2001,dube2001
1535,Rattus norvegicus,rat,Karbowski__2007,TableS19,4,4,Caudate_nucleus,Caudate,Caudate,CMRgl,cerebral_metabolic_rate,0.82,umol/g/min,82.0,6.0,,umol/100g/min,unknown,resting_unknown,TRUE,single_primary_reference,single,,reported_via_secondary_compilation,,waschke1993,Waschke et al 1993,Waschke et al 1993,waschke1993,Waschke et al 1993,primary,journal_article,resolved,Waschke et al 1993,waschke1993
1536,Rattus norvegicus,rat,Karbowski__2007,TableS19,5,5,Caudate_nucleus,Caudate,Caudate,CMRgl,cerebral_metabolic_rate,0.85,umol/g/min,85.0,9.0,,umol/100g/min,unknown,resting_unknown,TRUE,single_primary_reference,single,,reported_via_secondary_compilation,,nehling2000,Nehling et al 2000,Nehling et al 2000,nehling2000,Nehling et al 2000,primary,journal_article,resolved,Nehling et al 2000,nehling2000
1537,Rattus norvegicus,rat,Karbowski__2007,TableS19,6,6,Caudate_nucleus,Caudate,Caudate,CMRgl,cerebral_metabolic_rate,0.77,umol/g/min,77.0,9.0,,umol/100g/min,unknown,resting_unknown,TRUE,single_primary_reference,single,,reported_via_secondary_compilation,,blin1991,Blin et al 1991,Blin et al 1991,blin1991,Blin et al 1991,primary,journal_article,resolved,Blin et al 1991,blin1991
1538,Rattus norvegicus,rat,Karbowski__2007,TableS19,7,7,Caudate_nucleus,Caudate,Caudate,CMRgl,cerebral_metabolic_rate,0.87,umol/g/min,87.0,7.000000000000001,,umol/100g/min,unknown,resting_unknown,TRUE,single_primary_reference,single,,reported_via_secondary_compilation,,zocchi2001,Zocchi et al 2001,Zocchi et al 2001,zocchi2001,Zocchi et al 2001,primary,journal_article,resolved,Zocchi et al 2001,zocchi2001
1539,Rattus norvegicus,rat,Karbowski__2007,TableS14,2,2,Cerebellum,Cerebellum,Cerebellum,CMRgl,cerebral_metabolic_rate,0.61,umol/g/min,61.0,2.0,,umol/100g/min,unknown,resting_unknown,TRUE,single_primary_reference,single,,reported_via_secondary_compilation,,nehling1988,Nehling et al 1988,Nehling et al 1988,nehling1988,Nehling et al 1988,primary,journal_article,resolved,Nehling et al 1988,nehling1988
1540,Rattus norvegicus,rat,Karbowski__2007,TableS14,3,3,Cerebellum,Cerebellum,Cerebellum,CMRgl,cerebral_metabolic_rate,0.68,umol/g/min,68.0,8.0,,umol/100g/min,unknown,resting_unknown,TRUE,single_primary_reference,single,,reported_via_secondary_compilation,,dube2001,Dube et al 2001,Dube et al 2001,dube2001,Dube et al 2001,primary,journal_article,resolved,Dube et al 2001,dube2001
1541,Rattus norvegicus,rat,Karbowski__2007,TableS14,4,4,Cerebellum,Cerebellum,Cerebellum,CMRgl,cerebral_metabolic_rate,0.57,umol/g/min,56.99999999999999,12.0,,umol/100g/min,unknown,resting_unknown,TRUE,single_primary_reference,single,,reported_via_secondary_compilation,,waschke1993,Waschke et al 1993,Waschke et al 1993,waschke1993,Waschke et al 1993,primary,journal_article,resolved,Waschke et al 1993,waschke1993
1542,Rattus norvegicus,Rattus,Kaufman__2004,TableA4,52,52,Cerebellum,Cerebellum,,CMRgl,cerebral_metabolic_rate,39.5,umol/100g/min,39.5,,10.0,umol/100g/min,conscious,resting_conscious,TRUE,single_primary_reference,single,,reported_via_secondary_compilation,,b1991,"(B linetal., 1991)","(B linetal., 1991)",b1991,"(B linetal., 1991)",primary,journal_article,resolved,"(B linetal., 1991)",b1991
1543,Rattus norvegicus,Rattus,Kaufman__2004,TableA4,53,53,Cerebellum,Cerebellum,,CMRgl,cerebral_metabolic_rate,55,umol/100g/min,55.0,,10.0,umol/100g/min,conscious,resting_conscious,TRUE,single_primary_reference,single,,reported_via_secondary_compilation,,bryan1988,"(Bryan and Lehman, 1988)","(Bryan and Lehman, 1988)",bryan1988,"(Bryan and Lehman, 1988)",primary,journal_article,resolved,"(Bryan and Lehman, 1988)",bryan1988
1544,Rattus norvegicus,Rattus,Kaufman__2004,TableA4,54,54,Cerebellum,Cerebellum,,CMRgl,cerebral_metabolic_rate,46.5,umol/100g/min,46.5,,6.0,umol/100g/min,conscious,resting_conscious,TRUE,single_primary_reference,single,,reported_via_secondary_compilation,,crane1989,"(Crane and Porrino, 1989)","(Crane and Porrino, 1989)",crane1989,"(Crane and Porrino, 1989)",primary,journal_article,resolved,"(Crane and Porrino, 1989)",crane1989
1545,Rattus norvegicus,Rattus,Kaufman__2004,TableA4,55,55,Cerebellum,Cerebellum,,CMRgl,cerebral_metabolic_rate,45.5,umol/100g/min,45.5,,6.0,umol/100g/min,conscious,resting_conscious,TRUE,single_primary_reference,single,,reported_via_secondary_compilation,,crane1989,"(Crane and Porrino, 1989)","(Crane and Porrino, 1989)",crane1989,"(Crane and Porrino, 1989)",primary,journal_article,resolved,"(Crane and Porrino, 1989)",crane1989
1546,Rattus norvegicus,Rattus,Kaufman__2004,TableA4,56,56,Cerebellum,Cerebellum,,CMRgl,cerebral_metabolic_rate,54,umol/100g/min,54.0,,8.0,umol/100g/min,conscious,resting_conscious,TRUE,single_primary_reference,single,,reported_via_secondary_compilation,,crosby1982,"(Crosby et al., 1982)","(Crosby et al., 1982)",crosby1982,"(Crosby et al., 1982)",primary,journal_article,resolved,"(Crosby et al., 1982)",crosby1982
1547,Rattus norvegicus,Rattus,Kaufman__2004,TableA4,57,57,Cerebellum,Cerebellum,,CMRgl,cerebral_metabolic_rate,67.5,umol/100g/min,67.5,,10.0,umol/100g/min,conscious,resting_conscious,TRUE,single_primary_reference,single,,reported_via_secondary_compilation,,davis1986,"(Davis et al., 1986)","(Davis et al., 1986)",davis1986,"(Davis et al., 1986)",primary,journal_article,resolved,"(Davis et al., 1986)",davis1986
1548,Rattus norvegicus,Rattus,Kaufman__2004,TableA4,58,58,Cerebellum,Cerebellum,,CMRgl,cerebral_metabolic_rate,37.5,umol/100g/min,37.5,,5.0,umol/100g/min,conscious,resting_conscious,TRUE,single_primary_reference,single,,reported_via_secondary_compilation,,duelli2000,"(Duelli et al., 2000)","(Duelli et al., 2000)",duelli2000,"(Duelli et al., 2000)",primary,journal_article,resolved,"(Duelli et al., 2000)",duelli2000
1549,Rattus norvegicus,Rattus,Kaufman__2004,TableA4,59,59,Cerebellum,Cerebellum,,CMRgl,cerebral_metabolic_rate,47,umol/100g/min,47.0,,6.0,umol/100g/min,conscious,resting_conscious,TRUE,single_primary_reference,single,,reported_via_secondary_compilation,,eintrei1999,"(Eintrei et al., 1999)","(Eintrei et al., 1999)",eintrei1999,"(Eintrei et al., 1999)",primary,journal_article,resolved,"(Eintrei et al., 1999)",eintrei1999
1550,Rattus norvegicus,Rattus,Kaufman__2004,TableA4,60,60,Cerebellum,Cerebellum,,CMRgl,cerebral_metabolic_rate,70.6,umol/100g/min,70.6,,5.0,umol/100g/min,conscious,resting_conscious,TRUE,single_primary_reference,single,,reported_via_secondary_compilation,,freedland2002,"(Freedland et al., 2002)","(Freedland et al., 2002)",freedland2002,"(Freedland et al., 2002)",primary,journal_article,resolved,"(Freedland et al., 2002)",freedland2002
1551,Rattus norvegicus,Rattus,Kaufman__2004,TableA4,61,61,Cerebellum,Cerebellum,,CMRgl,cerebral_metabolic_rate,35,umol/100g/min,35.0,,12.0,umol/100g/min,conscious,resting_conscious,TRUE,single_primary_reference,single,,reported_via_secondary_compilation,,frietsch2000,"(Frietsch et al., 2000)","(Frietsch et al., 2000)",frietsch2000,"(Frietsch et al., 2000)",primary,journal_article,resolved,"(Frietsch et al., 2000)",frietsch2000
1552,Rattus norvegicus,Rattus,Kaufman__2004,TableA4,62,62,Cerebellum,Cerebellum,,CMRgl,cerebral_metabolic_rate,18.5,umol/100g/min,18.5,,12.0,umol/100g/min,anesthetized,resting_anesthetized,FALSE,single_primary_reference,single,,reported_via_secondary_compilation,anesthetized,frietsch2000,"(Frietsch et al., 2000)","(Frietsch et al., 2000)",frietsch2000,"(Frietsch et al., 2000)",primary,journal_article,resolved,"(Frietsch et al., 2000)",frietsch2000
1553,Rattus norvegicus,Rattus,Kaufman__2004,TableA4,63,63,Cerebellum,Cerebellum,,CMRgl,cerebral_metabolic_rate,51,umol/100g/min,51.0,,6.0,umol/100g/min,conscious,resting_conscious,TRUE,single_primary_reference,single,,reported_via_secondary_compilation,,grome1983,"(Grome and McCulloch, 1983)","(Grome and McCulloch, 1983)",grome1983,"(Grome and McCulloch, 1983)",primary,journal_article,resolved,"(Grome and McCulloch, 1983)",grome1983
1554,Rattus norvegicus,Rattus,Kaufman__2004,TableA4,64,64,Cerebellum,Cerebellum,,CMRgl,cerebral_metabolic_rate,59.5,umol/100g/min,59.5,,7.0,umol/100g/min,conscious,resting_conscious,TRUE,single_primary_reference,single,,reported_via_secondary_compilation,,hakim1983,"(Hakim etal., 1983)","(Hakim etal., 1983)",hakim1983,"(Hakim etal., 1983)",primary,journal_article,resolved,"(Hakim etal., 1983)",hakim1983
1555,Rattus norvegicus,Rattus,Kaufman__2004,TableA4,65,65,Cerebellum,Cerebellum,,CMRgl,cerebral_metabolic_rate,62.5,umol/100g/min,62.5,,19.0,umol/100g/min,conscious,resting_conscious,TRUE,single_primary_reference,single,,reported_via_secondary_compilation,,hawkins1979,"(Hawkins et al., 1979)","(Hawkins et al., 1979)",hawkins1979,"(Hawkins et al., 1979)",primary,journal_article,resolved,"(Hawkins et al., 1979)",hawkins1979
1556,Rattus norvegicus,Rattus,Kaufman__2004,TableA4,66,66,Cerebellum,Cerebellum,,CMRgl,cerebral_metabolic_rate,73.7,umol/100g/min,73.7,,9.0,umol/100g/min,conscious,resting_conscious,TRUE,single_primary_reference,single,,reported_via_secondary_compilation,,hawkins1985,"(Hawkins et al., 1985)","(Hawkins et al., 1985)",hawkins1985,"(Hawkins et al., 1985)",primary,journal_article,resolved,"(Hawkins et al., 1985)",hawkins1985
1557,Rattus norvegicus,Rattus,Kaufman__2004,TableA4,67,67,Cerebellum,Cerebellum,,CMRgl,cerebral_metabolic_rate,39,umol/100g/min,39.0,,6.0,umol/100g/min,conscious,resting_conscious,TRUE,single_primary_reference,single,,reported_via_secondary_compilation,,ingvar1982,"(Ingvar and Siesjo, 1982)","(Ingvar and Siesjo, 1982)",ingvar1982,"(Ingvar and Siesjo, 1982)",primary,journal_article,resolved,"(Ingvar and Siesjo, 1982)",ingvar1982
1558,Rattus norvegicus,Rattus,Kaufman__2004,TableA4,68,68,Cerebellum,Cerebellum,,CMRgl,cerebral_metabolic_rate,39,umol/100g/min,39.0,,10.0,umol/100g/min,anesthetized,resting_anesthetized,FALSE,single_primary_reference,single,,reported_via_secondary_compilation,anesthetized,ingvar1982,"(Ingvar and Siesjo, 1982)","(Ingvar and Siesjo, 1982)",ingvar1982,"(Ingvar and Siesjo, 1982)",primary,journal_article,resolved,"(Ingvar and Siesjo, 1982)",ingvar1982
1559,Rattus norvegicus,Rattus,Kaufman__2004,TableA4,69,69,Cerebellum,Cerebellum,,CMRgl,cerebral_metabolic_rate,55,umol/100g/min,55.0,,4.0,umol/100g/min,conscious,resting_conscious,TRUE,single_primary_reference,single,,reported_via_secondary_compilation,,lear1981,"(Lear etal., 1981)","(Lear etal., 1981)",lear1981,"(Lear etal., 1981)",primary,journal_article,resolved,"(Lear etal., 1981)",lear1981
1560,Rattus norvegicus,Rattus,Kaufman__2004,TableA4,70,70,Cerebellum,Cerebellum,,CMRgl,cerebral_metabolic_rate,50,umol/100g/min,50.0,,6.0,umol/100g/min,conscious,resting_conscious,TRUE,single_primary_reference,single,,reported_via_secondary_compilation,,lenzetal1998,"(Lenzetal., 1998)","(Lenzetal., 1998)",lenzetal1998,"(Lenzetal., 1998)",primary,journal_article,resolved,"(Lenzetal., 1998)",lenzetal1998
1561,Rattus norvegicus,Rattus,Kaufman__2004,TableA4,71,71,Cerebellum,Cerebellum,,CMRgl,cerebral_metabolic_rate,61,umol/100g/min,61.0,,10.0,umol/100g/min,conscious,resting_conscious,TRUE,single_primary_reference,single,,reported_via_secondary_compilation,,lu1983,"(Lu et al., 1983)","(Lu et al., 1983)",lu1983,"(Lu et al., 1983)",primary,journal_article,resolved,"(Lu et al., 1983)",lu1983
1562,Rattus norvegicus,Rattus,Kaufman__2004,TableA4,72,72,Cerebellum,Cerebellum,,CMRgl,cerebral_metabolic_rate,79,umol/100g/min,79.0,,10.0,umol/100g/min,conscious,resting_conscious,TRUE,single_primary_reference,single,,reported_via_secondary_compilation,,macneill1988,"(MacNeill and Bryan, 1988)","(MacNeill and Bryan, 1988)",macneill1988,"(MacNeill and Bryan, 1988)",primary,journal_article,resolved,"(MacNeill and Bryan, 1988)",macneill1988
1563,Rattus norvegicus,Rattus,Kaufman__2004,TableA4,73,73,Cerebellum,Cerebellum,,CMRgl,cerebral_metabolic_rate,34.5,umol/100g/min,34.5,,6.0,umol/100g/min,conscious,resting_conscious,TRUE,single_primary_reference,single,,reported_via_secondary_compilation,,maekawa1986,"(Maekawa et al., 1986)","(Maekawa et al., 1986)",maekawa1986,"(Maekawa et al., 1986)",primary,journal_article,resolved,"(Maekawa et al., 1986)",maekawa1986
1564,Rattus norvegicus,Rattus,Kaufman__2004,TableA4,74,74,Cerebellum,Cerebellum,,CMRgl,cerebral_metabolic_rate,39,umol/100g/min,39.0,,5.0,umol/100g/min,conscious,resting_conscious,TRUE,single_primary_reference,single,,reported_via_secondary_compilation,,o1983,"(O rzietal., 1983)","(O rzietal., 1983)",o1983,"(O rzietal., 1983)",primary,journal_article,resolved,"(O rzietal., 1983)",o1983
1565,Rattus norvegicus,Rattus,Kaufman__2004,TableA4,75,75,Cerebellum,Cerebellum,,CMRgl,cerebral_metabolic_rate,44,umol/100g/min,44.0,,7.0,umol/100g/min,conscious,resting_conscious,TRUE,single_primary_reference,single,,reported_via_secondary_compilation,,savaki1983,"(Savaki et al., 1983)","(Savaki et al., 1983)",savaki1983,"(Savaki et al., 1983)",primary,journal_article,resolved,"(Savaki et al., 1983)",savaki1983
1566,Rattus norvegicus,Rattus,Kaufman__2004,TableA4,76,76,Cerebellum,Cerebellum,,CMRgl,cerebral_metabolic_rate,64.5,umol/100g/min,64.5,,6.0,umol/100g/min,conscious,resting_conscious,TRUE,single_primary_reference,single,,reported_via_secondary_compilation,,schwartz1985,"(Schwartz and Crosby, 1985)","(Schwartz and Crosby, 1985)",schwartz1985,"(Schwartz and Crosby, 1985)",primary,journal_article,resolved,"(Schwartz and Crosby, 1985)",schwartz1985
1567,Rattus norvegicus,Rattus,Kaufman__2004,TableA4,77,77,Cerebellum,Cerebellum,,CMRgl,cerebral_metabolic_rate,1977,umol/100g/min,1977.0,,,umol/100g/min,unknown,resting_unknown,TRUE,single_primary_reference,single,,reported_via_secondary_compilation,,anonNA,(,(,anonNA,(,primary,journal_article,unresolved,(,anonNA
1568,Rattus norvegicus,Rattus,Kaufman__2004,TableA4,78,78,Cerebellum,Cerebellum,,CMRgl,cerebral_metabolic_rate,54,umol/100g/min,54.0,,16.0,umol/100g/min,conscious,resting_conscious,TRUE,single_primary_reference,single,,reported_via_secondary_compilation,,soncrant1992,"(Soncrant et al., 1992)","(Soncrant et al., 1992)",soncrant1992,"(Soncrant et al., 1992)",primary,journal_article,resolved,"(Soncrant et al., 1992)",soncrant1992
1569,Rattus norvegicus,Rattus,Kaufman__2004,TableA4,79,79,Cerebellum,Cerebellum,,CMRgl,cerebral_metabolic_rate,55,umol/100g/min,55.0,,5.0,umol/100g/min,conscious,resting_conscious,TRUE,single_primary_reference,single,,reported_via_secondary_compilation,,wechsler1979,"(Wechsler et al., 1979)","(Wechsler et al., 1979)",wechsler1979,"(Wechsler et al., 1979)",primary,journal_article,resolved,"(Wechsler et al., 1979)",wechsler1979
1570,Rattus norvegicus,Rattus,Kaufman__2004,TableA4,80,80,Cerebellum,Cerebellum,,CMRgl,cerebral_metabolic_rate,70.5,umol/100g/min,70.5,,5.0,umol/100g/min,conscious,resting_conscious,TRUE,single_primary_reference,single,,reported_via_secondary_compilation,,whitlow2002,"(Whitlow et al., 2002)","(Whitlow et al., 2002)",whitlow2002,"(Whitlow et al., 2002)",primary,journal_article,resolved,"(Whitlow et al., 2002)",whitlow2002
1571,Rattus norvegicus,Rattus,Kaufman__2004,TableA4,81,81,Cerebellum,Cerebellum,,CMRgl,cerebral_metabolic_rate,59.2,umol/100g/min,59.2,,5.0,umol/100g/min,conscious,resting_conscious,TRUE,single_primary_reference,single,,reported_via_secondary_compilation,,walker1999,"(Walker et al., 1999)","(Walker et al., 1999)",walker1999,"(Walker et al., 1999)",primary,journal_article,resolved,"(Walker et al., 1999)",walker1999
1572,Rattus norvegicus,rat,Karbowski__2007,TableS6,2,2,Cingulate_cortex,Cingulate cortex,Cingulate cortex,CMRgl,cerebral_metabolic_rate,0.91,umol/g/min,91.0,16.0,,umol/100g/min,unknown,resting_unknown,TRUE,single_primary_reference,single,,reported_via_secondary_compilation,,dube2001,Dube et al 2001,Dube et al 2001,dube2001,Dube et al 2001,primary,journal_article,resolved,Dube et al 2001,dube2001
1573,Rattus norvegicus,rat,Karbowski__2007,TableS6,3,3,Cingulate_cortex,Cingulate cortex,Cingulate cortex,CMRgl,cerebral_metabolic_rate,1.21,umol/g/min,121.0,5.0,,umol/100g/min,unknown,resting_unknown,TRUE,single_primary_reference,single,,reported_via_secondary_compilation,,levant2004,Levant et al 2004,Levant et al 2004,levant2004,Levant et al 2004,primary,journal_article,resolved,Levant et al 2004,levant2004
1574,Rattus norvegicus,rat,Karbowski__2007,TableS6,4,4,Cingulate_cortex,Cingulate cortex,Cingulate cortex,CMRgl,cerebral_metabolic_rate,0.83,umol/g/min,83.0,9.0,,umol/100g/min,unknown,resting_unknown,FALSE,single_primary_reference,single,,reported_via_secondary_compilation,duplicate_secondary_compilation,blin1991,Blin et al 1991,Blin et al 1991,blin1991,Blin et al 1991,primary,journal_article,resolved,Blin et al 1991,blin1991
1575,Rattus norvegicus,Rattus,Kaufman__2004,TableA13,27,27,Cingulate_cortex,Cingulate Cortex,,CMRgl,cerebral_metabolic_rate,102,umol/100g/min,102.0,,7.0,umol/100g/min,conscious,resting_conscious,TRUE,single_primary_reference,single,,reported_via_secondary_compilation,,bassant1996,"(Bassant et al., 1996)","(Bassant et al., 1996)",bassant1996,"(Bassant et al., 1996)",primary,journal_article,resolved,"(Bassant et al., 1996)",bassant1996
1576,Rattus norvegicus,Rattus,Kaufman__2004,TableA13,28,28,Cingulate_cortex,Cingulate Cortex,,CMRgl,cerebral_metabolic_rate,96,umol/100g/min,96.0,,8.0,umol/100g/min,conscious,resting_conscious,TRUE,single_primary_reference,single,,reported_via_secondary_compilation,,bassant1996,"(Bassant et al., 1996)","(Bassant et al., 1996)",bassant1996,"(Bassant et al., 1996)",primary,journal_article,resolved,"(Bassant et al., 1996)",bassant1996
1577,Rattus norvegicus,Rattus,Kaufman__2004,TableA13,29,29,Cingulate_cortex,Cingulate Cortex,,CMRgl,cerebral_metabolic_rate,83,umol/100g/min,83.0,,10.0,umol/100g/min,conscious,resting_conscious,TRUE,single_primary_reference,single,,reported_via_secondary_compilation,,blin1991,"(Blin et al., 1991)","(Blin et al., 1991)",blin1991,"(Blin et al., 1991)",primary,journal_article,resolved,"(Blin et al., 1991)",blin1991
1578,Rattus norvegicus,Rattus,Kaufman__2004,TableA13,30,30,Cingulate_cortex,Cingulate Cortex,,CMRgl,cerebral_metabolic_rate,89,umol/100g/min,89.0,,6.0,umol/100g/min,conscious,resting_conscious,TRUE,single_primary_reference,single,,reported_via_secondary_compilation,,bryan1983,"(Bryan et al., 1983)","(Bryan et al., 1983)",bryan1983,"(Bryan et al., 1983)",primary,journal_article,resolved,"(Bryan et al., 1983)",bryan1983
1579,Rattus norvegicus,Rattus,Kaufman__2004,TableA13,31,31,Cingulate_cortex,Cingulate Cortex,,CMRgl,cerebral_metabolic_rate,91,umol/100g/min,91.0,,10.0,umol/100g/min,conscious,resting_conscious,TRUE,single_primary_reference,single,,reported_via_secondary_compilation,,bryan1988,"(Bryan and Lehman, 1988)","(Bryan and Lehman, 1988)",bryan1988,"(Bryan and Lehman, 1988)",primary,journal_article,resolved,"(Bryan and Lehman, 1988)",bryan1988
1580,Rattus norvegicus,Rattus,Kaufman__2004,TableA13,32,32,Cingulate_cortex,Cingulate Cortex,,CMRgl,cerebral_metabolic_rate,92,umol/100g/min,92.0,,8.0,umol/100g/min,conscious,resting_conscious,TRUE,single_primary_reference,single,,reported_via_secondary_compilation,,chang2001,"(Chang et al., 2001)","(Chang et al., 2001)",chang2001,"(Chang et al., 2001)",primary,journal_article,resolved,"(Chang et al., 2001)",chang2001
1581,Rattus norvegicus,Rattus,Kaufman__2004,TableA13,33,33,Cingulate_cortex,Cingulate Cortex,,CMRgl,cerebral_metabolic_rate,106,umol/100g/min,106.0,,6.0,umol/100g/min,conscious,resting_conscious,TRUE,single_primary_reference,single,,reported_via_secondary_compilation,,crane1989,"(Crane and Porrino, 1989)","(Crane and Porrino, 1989)",crane1989,"(Crane and Porrino, 1989)",primary,journal_article,resolved,"(Crane and Porrino, 1989)",crane1989
1582,Rattus norvegicus,Rattus,Kaufman__2004,TableA13,34,34,Cingulate_cortex,Cingulate Cortex,,CMRgl,cerebral_metabolic_rate,73,umol/100g/min,73.0,,8.0,umol/100g/min,conscious,resting_conscious,TRUE,single_primary_reference,single,,reported_via_secondary_compilation,,crosby1982,"(Crosby et al., 1982)","(Crosby et al., 1982)",crosby1982,"(Crosby et al., 1982)",primary,journal_article,resolved,"(Crosby et al., 1982)",crosby1982
1583,Rattus norvegicus,Rattus,Kaufman__2004,TableA13,35,35,Cingulate_cortex,Cingulate Cortex,,CMRgl,cerebral_metabolic_rate,122,umol/100g/min,122.0,,7.0,umol/100g/min,conscious,resting_conscious,TRUE,single_primary_reference,single,,reported_via_secondary_compilation,,cudennec1997,"(Cudennec et al., 1997)","(Cudennec et al., 1997)",cudennec1997,"(Cudennec et al., 1997)",primary,journal_article,resolved,"(Cudennec et al., 1997)",cudennec1997
1584,Rattus norvegicus,Rattus,Kaufman__2004,TableA13,36,36,Cingulate_cortex,Cingulate Cortex,,CMRgl,cerebral_metabolic_rate,83.5,umol/100g/min,83.5,,5.0,umol/100g/min,conscious,resting_conscious,TRUE,single_primary_reference,single,,reported_via_secondary_compilation,,dam1990,"(Dam et al., 1990)","(Dam et al., 1990)",dam1990,"(Dam et al., 1990)",primary,journal_article,resolved,"(Dam et al., 1990)",dam1990
1585,Rattus norvegicus,Rattus,Kaufman__2004,TableA13,37,37,Cingulate_cortex,Cingulate Cortex,,CMRgl,cerebral_metabolic_rate,98,umol/100g/min,98.0,,10.0,umol/100g/min,conscious,resting_conscious,TRUE,single_primary_reference,single,,reported_via_secondary_compilation,,davis1986,"(Davis et al., 1986)","(Davis et al., 1986)",davis1986,"(Davis et al., 1986)",primary,journal_article,resolved,"(Davis et al., 1986)",davis1986
1586,Rattus norvegicus,Rattus,Kaufman__2004,TableA13,38,38,Cingulate_cortex,Cingulate Cortex,,CMRgl,cerebral_metabolic_rate,81.6,umol/100g/min,81.6,,5.0,umol/100g/min,conscious,resting_conscious,TRUE,single_primary_reference,single,,reported_via_secondary_compilation,,duelli2000,"(Duelli et a l, 2000)","(Duelli et a l, 2000)",duelli2000,"(Duelli et a l, 2000)",primary,journal_article,resolved,"(Duelli et a l, 2000)",duelli2000
1587,Rattus norvegicus,Rattus,Kaufman__2004,TableA13,39,39,Cingulate_cortex,Cingulate Cortex,,CMRgl,cerebral_metabolic_rate,119,umol/100g/min,119.0,,6.0,umol/100g/min,conscious,resting_conscious,TRUE,single_primary_reference,single,,reported_via_secondary_compilation,,eintrei1999,"(Eintrei et al., 1999)","(Eintrei et al., 1999)",eintrei1999,"(Eintrei et al., 1999)",primary,journal_article,resolved,"(Eintrei et al., 1999)",eintrei1999
1588,Rattus norvegicus,Rattus,Kaufman__2004,TableA13,40,40,Cingulate_cortex,Cingulate Cortex,,CMRgl,cerebral_metabolic_rate,88,umol/100g/min,88.0,,5.0,umol/100g/min,conscious,resting_conscious,TRUE,single_primary_reference,single,,reported_via_secondary_compilation,,fomai2001,"(Fomai and Orzi, 2001)","(Fomai and Orzi, 2001)",fomai2001,"(Fomai and Orzi, 2001)",primary,journal_article,resolved,"(Fomai and Orzi, 2001)",fomai2001
1589,Rattus norvegicus,Rattus,Kaufman__2004,TableA13,41,41,Cingulate_cortex,Cingulate Cortex,,CMRgl,cerebral_metabolic_rate,116.2,umol/100g/min,116.2,,5.0,umol/100g/min,conscious,resting_conscious,TRUE,single_primary_reference,single,,reported_via_secondary_compilation,,freedland2002,"(Freedland et al., 2002)","(Freedland et al., 2002)",freedland2002,"(Freedland et al., 2002)",primary,journal_article,resolved,"(Freedland et al., 2002)",freedland2002
1590,Rattus norvegicus,Rattus,Kaufman__2004,TableA13,42,42,Cingulate_cortex,Cingulate Cortex,,CMRgl,cerebral_metabolic_rate,91,umol/100g/min,91.0,,6.0,umol/100g/min,conscious,resting_conscious,TRUE,single_primary_reference,single,,reported_via_secondary_compilation,,grome1983,"(Grome and McCulloch, 1983)","(Grome and McCulloch, 1983)",grome1983,"(Grome and McCulloch, 1983)",primary,journal_article,resolved,"(Grome and McCulloch, 1983)",grome1983
1591,Rattus norvegicus,Rattus,Kaufman__2004,TableA13,43,43,Cingulate_cortex,Cingulate Cortex,,CMRgl,cerebral_metabolic_rate,118,umol/100g/min,118.0,,19.0,umol/100g/min,conscious,resting_conscious,TRUE,single_primary_reference,single,,reported_via_secondary_compilation,,hawkins1979,"(Hawkins et al., 1979)","(Hawkins et al., 1979)",hawkins1979,"(Hawkins et al., 1979)",primary,journal_article,resolved,"(Hawkins et al., 1979)",hawkins1979
1592,Rattus norvegicus,Rattus,Kaufman__2004,TableA13,44,44,Cingulate_cortex,Cingulate Cortex,,CMRgl,cerebral_metabolic_rate,105,umol/100g/min,105.0,,9.0,umol/100g/min,conscious,resting_conscious,TRUE,single_primary_reference,single,,reported_via_secondary_compilation,,hawkins1985,"(Hawkins e ta l, 1985)","(Hawkins e ta l, 1985)",hawkins1985,"(Hawkins e ta l, 1985)",primary,journal_article,resolved,"(Hawkins e ta l, 1985)",hawkins1985
1593,Rattus norvegicus,Rattus,Kaufman__2004,TableA13,45,45,Cingulate_cortex,Cingulate Cortex,,CMRgl,cerebral_metabolic_rate,63,umol/100g/min,63.0,,6.0,umol/100g/min,conscious,resting_conscious,TRUE,single_primary_reference,single,,reported_via_secondary_compilation,,ingvar1982,"(Ingvar and Siesjo, 1982)","(Ingvar and Siesjo, 1982)",ingvar1982,"(Ingvar and Siesjo, 1982)",primary,journal_article,resolved,"(Ingvar and Siesjo, 1982)",ingvar1982
1594,Rattus norvegicus,Rattus,Kaufman__2004,TableA13,46,46,Cingulate_cortex,Cingulate Cortex,,CMRgl,cerebral_metabolic_rate,64,umol/100g/min,64.0,,10.0,umol/100g/min,anesthetized,resting_anesthetized,FALSE,single_primary_reference,single,,reported_via_secondary_compilation,anesthetized,ingvar1982,"(Ingvar and Siesjo, 1982)","(Ingvar and Siesjo, 1982)",ingvar1982,"(Ingvar and Siesjo, 1982)",primary,journal_article,resolved,"(Ingvar and Siesjo, 1982)",ingvar1982
1595,Rattus norvegicus,Rattus,Kaufman__2004,TableA13,47,47,Cingulate_cortex,Cingulate Cortex,,CMRgl,cerebral_metabolic_rate,105.6,umol/100g/min,105.6,,8.0,umol/100g/min,conscious,resting_conscious,TRUE,single_primary_reference,single,,reported_via_secondary_compilation,,knapp2002,"(Knapp et al., 2002)","(Knapp et al., 2002)",knapp2002,"(Knapp et al., 2002)",primary,journal_article,resolved,"(Knapp et al., 2002)",knapp2002
1596,Rattus norvegicus,Rattus,Kaufman__2004,TableA13,48,48,Cingulate_cortex,Cingulate Cortex,,CMRgl,cerebral_metabolic_rate,86,umol/100g/min,86.0,,6.0,umol/100g/min,conscious,resting_conscious,TRUE,single_primary_reference,single,,reported_via_secondary_compilation,,lenz1998,"(Lenz et al., 1998)","(Lenz et al., 1998)",lenz1998,"(Lenz et al., 1998)",primary,journal_article,resolved,"(Lenz et al., 1998)",lenz1998
1597,Rattus norvegicus,Rattus,Kaufman__2004,TableA13,49,49,Cingulate_cortex,Cingulate Cortex,,CMRgl,cerebral_metabolic_rate,96,umol/100g/min,96.0,,10.0,umol/100g/min,conscious,resting_conscious,TRUE,single_primary_reference,single,,reported_via_secondary_compilation,,lu1983,"(Lu et al., 1983)","(Lu et al., 1983)",lu1983,"(Lu et al., 1983)",primary,journal_article,resolved,"(Lu et al., 1983)",lu1983
1598,Rattus norvegicus,Rattus,Kaufman__2004,TableA13,50,50,Cingulate_cortex,Cingulate Cortex,,CMRgl,cerebral_metabolic_rate,113,umol/100g/min,113.0,,6.0,umol/100g/min,conscious,resting_conscious,TRUE,single_primary_reference,single,,reported_via_secondary_compilation,,nehlig1985,"(Nehlig et al., 1985)","(Nehlig et al., 1985)",nehlig1985,"(Nehlig et al., 1985)",primary,journal_article,resolved,"(Nehlig et al., 1985)",nehlig1985
1599,Rattus norvegicus,Rattus,Kaufman__2004,TableA13,51,51,Cingulate_cortex,Cingulate Cortex,,CMRgl,cerebral_metabolic_rate,100,umol/100g/min,100.0,,5.0,umol/100g/min,conscious,resting_conscious,TRUE,single_primary_reference,single,,reported_via_secondary_compilation,,orzi1983,"(Orzi et al., 1983)","(Orzi et al., 1983)",orzi1983,"(Orzi et al., 1983)",primary,journal_article,resolved,"(Orzi et al., 1983)",orzi1983
1600,Rattus norvegicus,Rattus,Kaufman__2004,TableA13,52,52,Cingulate_cortex,Cingulate Cortex,,CMRgl,cerebral_metabolic_rate,104,umol/100g/min,104.0,,7.0,umol/100g/min,conscious,resting_conscious,TRUE,single_primary_reference,single,,reported_via_secondary_compilation,,poindessous1998,"(Poindessous-Jazat et al., 1998)","(Poindessous-Jazat et al., 1998)",poindessous1998,"(Poindessous-Jazat et al., 1998)",primary,journal_article,resolved,"(Poindessous-Jazat et al., 1998)",poindessous1998
1601,Rattus norvegicus,Rattus,Kaufman__2004,TableA13,53,53,Cingulate_cortex,Cingulate Cortex,,CMRgl,cerebral_metabolic_rate,89,umol/100g/min,89.0,,5.0,umol/100g/min,conscious,resting_conscious,TRUE,single_primary_reference,single,,reported_via_secondary_compilation,,poindessous1998,"(Poindessous-Jazat et al., 1998)","(Poindessous-Jazat et al., 1998)",poindessous1998,"(Poindessous-Jazat et al., 1998)",primary,journal_article,resolved,"(Poindessous-Jazat et al., 1998)",poindessous1998
1602,Rattus norvegicus,Rattus,Kaufman__2004,TableA13,54,54,Cingulate_cortex,Cingulate Cortex,,CMRgl,cerebral_metabolic_rate,95,umol/100g/min,95.0,,7.0,umol/100g/min,conscious,resting_conscious,TRUE,single_primary_reference,single,,reported_via_secondary_compilation,,savaki1983,"(Savaki et al., 1983)","(Savaki et al., 1983)",savaki1983,"(Savaki et al., 1983)",primary,journal_article,resolved,"(Savaki et al., 1983)",savaki1983
1603,Rattus norvegicus,Rattus,Kaufman__2004,TableA13,55,55,Cingulate_cortex,Cingulate Cortex,,CMRgl,cerebral_metabolic_rate,105,umol/100g/min,105.0,,6.0,umol/100g/min,conscious,resting_conscious,TRUE,single_primary_reference,single,,reported_via_secondary_compilation,,schwartz1985,"(Schwartz and Crosby, 1985)","(Schwartz and Crosby, 1985)",schwartz1985,"(Schwartz and Crosby, 1985)",primary,journal_article,resolved,"(Schwartz and Crosby, 1985)",schwartz1985
1604,Rattus norvegicus,Rattus,Kaufman__2004,TableA13,56,56,Cingulate_cortex,Cingulate Cortex,,CMRgl,cerebral_metabolic_rate,94.5,umol/100g/min,94.5,,16.0,umol/100g/min,conscious,resting_conscious,TRUE,single_primary_reference,single,,reported_via_secondary_compilation,,soncrant1992,"(Soncrant et al., 1992)","(Soncrant et al., 1992)",soncrant1992,"(Soncrant et al., 1992)",primary,journal_article,resolved,"(Soncrant et al., 1992)",soncrant1992
1605,Rattus norvegicus,Rattus,Kaufman__2004,TableA13,57,57,Cingulate_cortex,Cingulate Cortex,,CMRgl,cerebral_metabolic_rate,87,umol/100g/min,87.0,,16.0,umol/100g/min,conscious,resting_conscious,TRUE,single_primary_reference,single,,reported_via_secondary_compilation,,grome1981,"(Grome and McCulloch, 1981)","(Grome and McCulloch, 1981)",grome1981,"(Grome and McCulloch, 1981)",primary,journal_article,resolved,"(Grome and McCulloch, 1981)",grome1981
1606,Rattus norvegicus,Rattus,Kaufman__2004,TableA13,58,58,Cingulate_cortex,Cingulate Cortex,,CMRgl,cerebral_metabolic_rate,119,umol/100g/min,119.0,,5.0,umol/100g/min,conscious,resting_conscious,TRUE,single_primary_reference,single,,reported_via_secondary_compilation,,whitlow2002,"(Whitlow et al., 2002)","(Whitlow et al., 2002)",whitlow2002,"(Whitlow et al., 2002)",primary,journal_article,resolved,"(Whitlow et al., 2002)",whitlow2002
1607,Rattus norvegicus,Rattus,Kaufman__2004,TableA13,59,59,Cingulate_cortex,Cingulate Cortex,,CMRgl,cerebral_metabolic_rate,120.7,umol/100g/min,120.7,,5.0,umol/100g/min,conscious,resting_conscious,TRUE,single_primary_reference,single,,reported_via_secondary_compilation,,walker1999,"(Walker et al., 1999)","(Walker et al., 1999)",walker1999,"(Walker et al., 1999)",primary,journal_article,resolved,"(Walker et al., 1999)",walker1999
1608,Rattus norvegicus,rat,Karbowski__2007,TableS5,2,2,Frontal_cortex,Frontal cortex,Frontal cortex,CMRgl,cerebral_metabolic_rate,0.84,umol/g/min,84.0,16.0,,umol/100g/min,unknown,resting_unknown,TRUE,single_primary_reference,single,,reported_via_secondary_compilation,,dube2001,Dube et al 2001,Dube et al 2001,dube2001,Dube et al 2001,primary,journal_article,resolved,Dube et al 2001,dube2001
1609,Rattus norvegicus,rat,Karbowski__2007,TableS5,3,3,Frontal_cortex,Frontal cortex,Frontal cortex,CMRgl,cerebral_metabolic_rate,0.86,umol/g/min,86.0,4.0,,umol/100g/min,unknown,resting_unknown,TRUE,single_primary_reference,single,,reported_via_secondary_compilation,,levant2004,Levant et al 2004,Levant et al 2004,levant2004,Levant et al 2004,primary,journal_article,resolved,Levant et al 2004,levant2004
1610,Rattus norvegicus,rat,Karbowski__2007,TableS5,4,4,Frontal_cortex,Frontal cortex,Frontal cortex,CMRgl,cerebral_metabolic_rate,0.78,umol/g/min,78.0,9.0,,umol/100g/min,unknown,resting_unknown,TRUE,single_primary_reference,single,,reported_via_secondary_compilation,,waschke1993,Waschke et al 1993,Waschke et al 1993,waschke1993,Waschke et al 1993,primary,journal_article,resolved,Waschke et al 1993,waschke1993
1611,Rattus norvegicus,Rattus,Kaufman__2004,TableA7,74,74,Frontal_cortex,Frontal Cortex,,CMRgl,cerebral_metabolic_rate,87,umol/100g/min,87.0,,6.0,umol/100g/min,conscious,resting_conscious,TRUE,single_primary_reference,single,,reported_via_secondary_compilation,,bryan1983,"(Bryan et al., 1983)","(Bryan et al., 1983)",bryan1983,"(Bryan et al., 1983)",primary,journal_article,resolved,"(Bryan et al., 1983)",bryan1983
1612,Rattus norvegicus,Rattus,Kaufman__2004,TableA7,75,75,Frontal_cortex,Frontal Cortex,,CMRgl,cerebral_metabolic_rate,91,umol/100g/min,91.0,,8.0,umol/100g/min,conscious,resting_conscious,TRUE,single_primary_reference,single,,reported_via_secondary_compilation,,chang2001,"(Chang et al., 2001)","(Chang et al., 2001)",chang2001,"(Chang et al., 2001)",primary,journal_article,resolved,"(Chang et al., 2001)",chang2001
1613,Rattus norvegicus,Rattus,Kaufman__2004,TableA7,76,76,Frontal_cortex,Frontal Cortex,,CMRgl,cerebral_metabolic_rate,93,umol/100g/min,93.0,,8.0,umol/100g/min,conscious,resting_conscious,TRUE,single_primary_reference,single,,reported_via_secondary_compilation,,crosby1982,"(Crosby et al., 1982)","(Crosby et al., 1982)",crosby1982,"(Crosby et al., 1982)",primary,journal_article,resolved,"(Crosby et al., 1982)",crosby1982
1614,Rattus norvegicus,Rattus,Kaufman__2004,TableA7,77,77,Frontal_cortex,Frontal Cortex,,CMRgl,cerebral_metabolic_rate,111,umol/100g/min,111.0,,7.0,umol/100g/min,conscious,resting_conscious,TRUE,single_primary_reference,single,,reported_via_secondary_compilation,,cudennec1997,"(Cudennec et al., 1997)","(Cudennec et al., 1997)",cudennec1997,"(Cudennec et al., 1997)",primary,journal_article,resolved,"(Cudennec et al., 1997)",cudennec1997
1615,Rattus norvegicus,Rattus,Kaufman__2004,TableA7,78,78,Frontal_cortex,Frontal Cortex,,CMRgl,cerebral_metabolic_rate,103,umol/100g/min,103.0,,5.0,umol/100g/min,conscious,resting_conscious,TRUE,single_primary_reference,single,,reported_via_secondary_compilation,,dam1990,"(Dam et al., 1990)","(Dam et al., 1990)",dam1990,"(Dam et al., 1990)",primary,journal_article,resolved,"(Dam et al., 1990)",dam1990
1616,Rattus norvegicus,Rattus,Kaufman__2004,TableA7,79,79,Frontal_cortex,Frontal Cortex,,CMRgl,cerebral_metabolic_rate,87,umol/100g/min,87.0,,10.0,umol/100g/min,conscious,resting_conscious,TRUE,single_primary_reference,single,,reported_via_secondary_compilation,,davis1986,"(Davis et al., 1986)","(Davis et al., 1986)",davis1986,"(Davis et al., 1986)",primary,journal_article,resolved,"(Davis et al., 1986)",davis1986
1617,Rattus norvegicus,Rattus,Kaufman__2004,TableA7,80,80,Frontal_cortex,Frontal Cortex,,CMRgl,cerebral_metabolic_rate,105,umol/100g/min,105.0,,4.0,umol/100g/min,conscious,resting_conscious,TRUE,single_primary_reference,single,,reported_via_secondary_compilation,,dow1986,"(Dow-Edwards et al., 1986)","(Dow-Edwards et al., 1986)",dow1986,"(Dow-Edwards et al., 1986)",primary,journal_article,resolved,"(Dow-Edwards et al., 1986)",dow1986
1618,Rattus norvegicus,Rattus,Kaufman__2004,TableA7,81,81,Frontal_cortex,Frontal Cortex,,CMRgl,cerebral_metabolic_rate,90,umol/100g/min,90.0,,5.0,umol/100g/min,conscious,resting_conscious,TRUE,single_primary_reference,single,,reported_via_secondary_compilation,,duelli2000,"(Duelli et al., 2000)","(Duelli et al., 2000)",duelli2000,"(Duelli et al., 2000)",primary,journal_article,resolved,"(Duelli et al., 2000)",duelli2000
1619,Rattus norvegicus,Rattus,Kaufman__2004,TableA7,82,82,Frontal_cortex,Frontal Cortex,,CMRgl,cerebral_metabolic_rate,94,umol/100g/min,94.0,,6.0,umol/100g/min,conscious,resting_conscious,TRUE,single_primary_reference,single,,reported_via_secondary_compilation,,eintrei1999,"(Eintrei et al., 1999)","(Eintrei et al., 1999)",eintrei1999,"(Eintrei et al., 1999)",primary,journal_article,resolved,"(Eintrei et al., 1999)",eintrei1999
1620,Rattus norvegicus,Rattus,Kaufman__2004,TableA7,83,83,Frontal_cortex,Frontal Cortex,,CMRgl,cerebral_metabolic_rate,105,umol/100g/min,105.0,,5.0,umol/100g/min,conscious,resting_conscious,TRUE,single_primary_reference,single,,reported_via_secondary_compilation,,fomai2001,"(Fomai and Orzi, 2001)","(Fomai and Orzi, 2001)",fomai2001,"(Fomai and Orzi, 2001)",primary,journal_article,resolved,"(Fomai and Orzi, 2001)",fomai2001
1621,Rattus norvegicus,Rattus,Kaufman__2004,TableA7,84,84,Frontal_cortex,Frontal Cortex,,CMRgl,cerebral_metabolic_rate,89,umol/100g/min,89.0,,12.0,umol/100g/min,conscious,resting_conscious,TRUE,single_primary_reference,single,,reported_via_secondary_compilation,,frietsch2000,"(Frietsch et al., 2000)","(Frietsch et al., 2000)",frietsch2000,"(Frietsch et al., 2000)",primary,journal_article,resolved,"(Frietsch et al., 2000)",frietsch2000
1622,Rattus norvegicus,Rattus,Kaufman__2004,TableA7,85,85,Frontal_cortex,Frontal Cortex,,CMRgl,cerebral_metabolic_rate,34,umol/100g/min,34.0,,12.0,umol/100g/min,anesthetized,resting_anesthetized,FALSE,single_primary_reference,single,,reported_via_secondary_compilation,anesthetized,frietsch2000,"(Frietsch et al., 2000)","(Frietsch et al., 2000)",frietsch2000,"(Frietsch et al., 2000)",primary,journal_article,resolved,"(Frietsch et al., 2000)",frietsch2000
1623,Rattus norvegicus,Rattus,Kaufman__2004,TableA7,86,86,Frontal_cortex,Frontal Cortex,,CMRgl,cerebral_metabolic_rate,83,umol/100g/min,83.0,,5.0,umol/100g/min,conscious,resting_conscious,TRUE,single_primary_reference,single,,reported_via_secondary_compilation,,furlow1983,"(Furlow et al., 1983)","(Furlow et al., 1983)",furlow1983,"(Furlow et al., 1983)",primary,journal_article,resolved,"(Furlow et al., 1983)",furlow1983
1624,Rattus norvegicus,Rattus,Kaufman__2004,TableA7,87,87,Frontal_cortex,Frontal Cortex,,CMRgl,cerebral_metabolic_rate,88,umol/100g/min,88.0,,6.0,umol/100g/min,conscious,resting_conscious,TRUE,single_primary_reference,single,,reported_via_secondary_compilation,,grome1983,"(Grome and McCulloch, 1983)","(Grome and McCulloch, 1983)",grome1983,"(Grome and McCulloch, 1983)",primary,journal_article,resolved,"(Grome and McCulloch, 1983)",grome1983
1625,Rattus norvegicus,Rattus,Kaufman__2004,TableA7,88,88,Frontal_cortex,Frontal Cortex,,CMRgl,cerebral_metabolic_rate,111,umol/100g/min,111.0,,7.0,umol/100g/min,conscious,resting_conscious,TRUE,single_primary_reference,single,,reported_via_secondary_compilation,,hakim1983,"(Hakim etal., 1983)","(Hakim etal., 1983)",hakim1983,"(Hakim etal., 1983)",primary,journal_article,resolved,"(Hakim etal., 1983)",hakim1983
1626,Rattus norvegicus,Rattus,Kaufman__2004,TableA7,89,89,Frontal_cortex,Frontal Cortex,,CMRgl,cerebral_metabolic_rate,106,umol/100g/min,106.0,,19.0,umol/100g/min,conscious,resting_conscious,TRUE,single_primary_reference,single,,reported_via_secondary_compilation,,hawkins1979,"(Hawkins et al., 1979)","(Hawkins et al., 1979)",hawkins1979,"(Hawkins et al., 1979)",primary,journal_article,resolved,"(Hawkins et al., 1979)",hawkins1979
1627,Rattus norvegicus,Rattus,Kaufman__2004,TableA7,90,90,Frontal_cortex,Frontal Cortex,,CMRgl,cerebral_metabolic_rate,94,umol/100g/min,94.0,,9.0,umol/100g/min,conscious,resting_conscious,TRUE,single_primary_reference,single,,reported_via_secondary_compilation,,hawkins1985,"(Hawkins et al., 1985)","(Hawkins et al., 1985)",hawkins1985,"(Hawkins et al., 1985)",primary,journal_article,resolved,"(Hawkins et al., 1985)",hawkins1985
1628,Rattus norvegicus,Rattus,Kaufman__2004,TableA7,91,91,Frontal_cortex,Frontal Cortex,,CMRgl,cerebral_metabolic_rate,71,umol/100g/min,71.0,,10.0,umol/100g/min,anesthetized,resting_anesthetized,FALSE,single_primary_reference,single,,reported_via_secondary_compilation,anesthetized,ingvar1980,"(Ingvar et al., 1980)","(Ingvar et al., 1980)",ingvar1980,"(Ingvar et al., 1980)",primary,journal_article,resolved,"(Ingvar et al., 1980)",ingvar1980
1629,Rattus norvegicus,Rattus,Kaufman__2004,TableA7,92,92,Frontal_cortex,Frontal Cortex,,CMRgl,cerebral_metabolic_rate,67,umol/100g/min,67.0,,6.0,umol/100g/min,conscious,resting_conscious,TRUE,single_primary_reference,single,,reported_via_secondary_compilation,,ingvar1982,"(Ingvar and Siesjo, 1982)","(Ingvar and Siesjo, 1982)",ingvar1982,"(Ingvar and Siesjo, 1982)",primary,journal_article,resolved,"(Ingvar and Siesjo, 1982)",ingvar1982
1630,Rattus norvegicus,Rattus,Kaufman__2004,TableA7,93,93,Frontal_cortex,Frontal Cortex,,CMRgl,cerebral_metabolic_rate,66,umol/100g/min,66.0,,10.0,umol/100g/min,anesthetized,resting_anesthetized,FALSE,single_primary_reference,single,,reported_via_secondary_compilation,anesthetized,ingvar1982,"(Ingvar and Siesjo, 1982)","(Ingvar and Siesjo, 1982)",ingvar1982,"(Ingvar and Siesjo, 1982)",primary,journal_article,resolved,"(Ingvar and Siesjo, 1982)",ingvar1982
1631,Rattus norvegicus,Rattus,Kaufman__2004,TableA7,94,94,Frontal_cortex,Frontal Cortex,,CMRgl,cerebral_metabolic_rate,108,umol/100g/min,108.0,,7.0,umol/100g/min,conscious,resting_conscious,TRUE,single_primary_reference,single,,reported_via_secondary_compilation,,kadekaro1983,"(Kadekaro et al., 1983)","(Kadekaro et al., 1983)",kadekaro1983,"(Kadekaro et al., 1983)",primary,journal_article,resolved,"(Kadekaro et al., 1983)",kadekaro1983
1632,Rattus norvegicus,Rattus,Kaufman__2004,TableA7,95,95,Frontal_cortex,Frontal Cortex,,CMRgl,cerebral_metabolic_rate,83.9,umol/100g/min,83.9,,5.0,umol/100g/min,conscious,resting_conscious,TRUE,single_primary_reference,single,,reported_via_secondary_compilation,,katsumata2001,"(Katsumata et al., 2001)","(Katsumata et al., 2001)",katsumata2001,"(Katsumata et al., 2001)",primary,journal_article,resolved,"(Katsumata et al., 2001)",katsumata2001
1633,Rattus norvegicus,Rattus,Kaufman__2004,TableA7,96,96,Frontal_cortex,Frontal Cortex,,CMRgl,cerebral_metabolic_rate,89.2,umol/100g/min,89.2,,8.0,umol/100g/min,conscious,resting_conscious,TRUE,single_primary_reference,single,,reported_via_secondary_compilation,,knapp2002,"(Knapp et al., 2002)","(Knapp et al., 2002)",knapp2002,"(Knapp et al., 2002)",primary,journal_article,resolved,"(Knapp et al., 2002)",knapp2002
1634,Rattus norvegicus,Rattus,Kaufman__2004,TableA7,97,97,Frontal_cortex,Frontal Cortex,,CMRgl,cerebral_metabolic_rate,108,umol/100g/min,108.0,,4.0,umol/100g/min,conscious,resting_conscious,TRUE,single_primary_reference,single,,reported_via_secondary_compilation,,lear1981,"(Lear et al., 1981)","(Lear et al., 1981)",lear1981,"(Lear et al., 1981)",primary,journal_article,resolved,"(Lear et al., 1981)",lear1981
1635,Rattus norvegicus,Rattus,Kaufman__2004,TableA7,98,98,Frontal_cortex,Frontal Cortex,,CMRgl,cerebral_metabolic_rate,80,umol/100g/min,80.0,,6.0,umol/100g/min,conscious,resting_conscious,TRUE,single_primary_reference,single,,reported_via_secondary_compilation,,lenz1998,"(Lenz et al., 1998)","(Lenz et al., 1998)",lenz1998,"(Lenz et al., 1998)",primary,journal_article,resolved,"(Lenz et al., 1998)",lenz1998
1636,Rattus norvegicus,Rattus,Kaufman__2004,TableA7,99,99,Frontal_cortex,Frontal Cortex,,CMRgl,cerebral_metabolic_rate,98,umol/100g/min,98.0,,10.0,umol/100g/min,conscious,resting_conscious,TRUE,single_primary_reference,single,,reported_via_secondary_compilation,,lu1983,"(Lu et al., 1983)","(Lu et al., 1983)",lu1983,"(Lu et al., 1983)",primary,journal_article,resolved,"(Lu et al., 1983)",lu1983
1637,Rattus norvegicus,Rattus,Kaufman__2004,TableA7,100,100,Frontal_cortex,Frontal Cortex,,CMRgl,cerebral_metabolic_rate,77,umol/100g/min,77.0,,6.0,umol/100g/min,conscious,resting_conscious,TRUE,single_primary_reference,single,,reported_via_secondary_compilation,,maekawa1986,"(Maekawa et al., 1986)","(Maekawa et al., 1986)",maekawa1986,"(Maekawa et al., 1986)",primary,journal_article,resolved,"(Maekawa et al., 1986)",maekawa1986
1638,Rattus norvegicus,Rattus,Kaufman__2004,TableA7,101,101,Frontal_cortex,Frontal Cortex,,CMRgl,cerebral_metabolic_rate,79,umol/100g/min,79.0,,6.0,umol/100g/min,anesthetized,resting_anesthetized,FALSE,single_primary_reference,single,,reported_via_secondary_compilation,anesthetized,moore2000,"(Moore et al., 2000)","(Moore et al., 2000)",moore2000,"(Moore et al., 2000)",primary,journal_article,resolved,"(Moore et al., 2000)",moore2000
1639,Rattus norvegicus,Rattus,Kaufman__2004,TableA7,102,102,Frontal_cortex,Frontal Cortex,,CMRgl,cerebral_metabolic_rate,65.1,umol/100g/min,65.1,,6.0,umol/100g/min,conscious,resting_conscious,TRUE,single_primary_reference,single,,reported_via_secondary_compilation,,moore2000,"(Moore et al., 2000)","(Moore et al., 2000)",moore2000,"(Moore et al., 2000)",primary,journal_article,resolved,"(Moore et al., 2000)",moore2000
1640,Rattus norvegicus,Rattus,Kaufman__2004,TableA7,103,103,Frontal_cortex,Frontal Cortex,,CMRgl,cerebral_metabolic_rate,110,umol/100g/min,110.0,,6.0,umol/100g/min,conscious,resting_conscious,TRUE,single_primary_reference,single,,reported_via_secondary_compilation,,nehlig1985,"(Nehlig et al., 1985)","(Nehlig et al., 1985)",nehlig1985,"(Nehlig et al., 1985)",primary,journal_article,resolved,"(Nehlig et al., 1985)",nehlig1985
1641,Rattus norvegicus,Rattus,Kaufman__2004,TableA7,104,104,Frontal_cortex,Frontal Cortex,,CMRgl,cerebral_metabolic_rate,83,umol/100g/min,83.0,,5.0,umol/100g/min,conscious,resting_conscious,TRUE,single_primary_reference,single,,reported_via_secondary_compilation,,orzi1983,"(Orzi et al., 1983)","(Orzi et al., 1983)",orzi1983,"(Orzi et al., 1983)",primary,journal_article,resolved,"(Orzi et al., 1983)",orzi1983
1642,Rattus norvegicus,Rattus,Kaufman__2004,TableA7,105,105,Frontal_cortex,Frontal Cortex,,CMRgl,cerebral_metabolic_rate,73.6,umol/100g/min,73.6,,6.0,umol/100g/min,conscious,resting_conscious,TRUE,single_primary_reference,single,,reported_via_secondary_compilation,,otori2003,"(Otori et al., 2003)","(Otori et al., 2003)",otori2003,"(Otori et al., 2003)",primary,journal_article,resolved,"(Otori et al., 2003)",otori2003
1643,Rattus norvegicus,Rattus,Kaufman__2004,TableA7,106,106,Frontal_cortex,Frontal Cortex,,CMRgl,cerebral_metabolic_rate,87,umol/100g/min,87.0,,5.0,umol/100g/min,anesthetized,resting_anesthetized,FALSE,single_primary_reference,single,,reported_via_secondary_compilation,anesthetized,sakurada1978,"(Sakurada et al., 1978)","(Sakurada et al., 1978)",sakurada1978,"(Sakurada et al., 1978)",primary,journal_article,resolved,"(Sakurada et al., 1978)",sakurada1978
1644,Rattus norvegicus,Rattus,Kaufman__2004,TableA7,107,107,Frontal_cortex,Frontal Cortex,,CMRgl,cerebral_metabolic_rate,87,umol/100g/min,87.0,,7.0,umol/100g/min,conscious,resting_conscious,TRUE,single_primary_reference,single,,reported_via_secondary_compilation,,savaki1983,"(Savaki et al., 1983)","(Savaki et al., 1983)",savaki1983,"(Savaki et al., 1983)",primary,journal_article,resolved,"(Savaki et al., 1983)",savaki1983
1645,Rattus norvegicus,Rattus,Kaufman__2004,TableA7,108,108,Frontal_cortex,Frontal Cortex,,CMRgl,cerebral_metabolic_rate,111,umol/100g/min,111.0,,6.0,umol/100g/min,conscious,resting_conscious,TRUE,single_primary_reference,single,,reported_via_secondary_compilation,,schwartz1985,"(Schwartz and Crosby, 1985)","(Schwartz and Crosby, 1985)",schwartz1985,"(Schwartz and Crosby, 1985)",primary,journal_article,resolved,"(Schwartz and Crosby, 1985)",schwartz1985
1646,Rattus norvegicus,Rattus,Kaufman__2004,TableA7,109,109,Frontal_cortex,Frontal Cortex,,CMRgl,cerebral_metabolic_rate,1977,umol/100g/min,1977.0,,,umol/100g/min,unknown,resting_unknown,TRUE,single_primary_reference,single,,reported_via_secondary_compilation,,anonNA,(,(,anonNA,(,primary,journal_article,unresolved,(,anonNA
1647,Rattus norvegicus,Rattus,Kaufman__2004,TableA7,110,110,Frontal_cortex,Frontal Cortex,,CMRgl,cerebral_metabolic_rate,87.5,umol/100g/min,87.5,,16.0,umol/100g/min,conscious,resting_conscious,TRUE,single_primary_reference,single,,reported_via_secondary_compilation,,soncrant1992,"(Soncrant et al., 1992)","(Soncrant et al., 1992)",soncrant1992,"(Soncrant et al., 1992)",primary,journal_article,resolved,"(Soncrant et al., 1992)",soncrant1992
1648,Rattus norvegicus,Rattus,Kaufman__2004,TableA7,111,111,Frontal_cortex,Frontal Cortex,,CMRgl,cerebral_metabolic_rate,109,umol/100g/min,109.0,,5.0,umol/100g/min,conscious,resting_conscious,TRUE,single_primary_reference,single,,reported_via_secondary_compilation,,wechsler1979,"(Wechsler et al., 1979)","(Wechsler et al., 1979)",wechsler1979,"(Wechsler et al., 1979)",primary,journal_article,resolved,"(Wechsler et al., 1979)",wechsler1979
1649,Rattus norvegicus,Rattus,Kaufman__2004,TableA7,112,112,Frontal_cortex,Frontal Cortex,,CMRgl,cerebral_metabolic_rate,115.9,umol/100g/min,115.9,,5.0,umol/100g/min,conscious,resting_conscious,TRUE,single_primary_reference,single,,reported_via_secondary_compilation,,walker1999,"(Walker et al., 1999)","(Walker et al., 1999)",walker1999,"(Walker et al., 1999)",primary,journal_article,resolved,"(Walker et al., 1999)",walker1999
1650,Rattus norvegicus,rat,Karbowski__2007,TableS16,2,2,Hippocampus,Hippocampus,Hippocampus,CMRgl,cerebral_metabolic_rate,0.6,umol/g/min,60.0,5.0,,umol/100g/min,unknown,resting_unknown,TRUE,single_primary_reference,single,,reported_via_secondary_compilation,,waschke1993,"Waschke et al 1993, CA1+CA3","Waschke et al 1993, CA1+CA3",waschke1993,"Waschke et al 1993, CA1+CA3",primary,journal_article,resolved,"Waschke et al 1993, CA1+CA3",waschke1993
1651,Rattus norvegicus,rat,Karbowski__2007,TableS16,3,3,Hippocampus,Hippocampus,Hippocampus,CMRgl,cerebral_metabolic_rate,0.63,umol/g/min,63.0,8.0,,umol/100g/min,unknown,resting_unknown,TRUE,single_primary_reference,single,,reported_via_secondary_compilation,,dube2001,"Dube et al 2001, CA1+CA3","Dube et al 2001, CA1+CA3",dube2001,"Dube et al 2001, CA1+CA3",primary,journal_article,resolved,"Dube et al 2001, CA1+CA3",dube2001
1652,Rattus norvegicus,rat,Karbowski__2007,TableS16,4,4,Hippocampus,Hippocampus,Hippocampus,CMRgl,cerebral_metabolic_rate,0.64,umol/g/min,64.0,3.0,,umol/100g/min,unknown,resting_unknown,TRUE,single_primary_reference,single,,reported_via_secondary_compilation,,nehling1988,"Nehling et al 1988, dorsal + ventral","Nehling et al 1988, dorsal + ventral",nehling1988,"Nehling et al 1988, dorsal + ventral",primary,journal_article,resolved,"Nehling et al 1988, dorsal + ventral",nehling1988
1653,Rattus norvegicus,rat,Karbowski__2007,TableS16,5,5,Hippocampus,Hippocampus,Hippocampus,CMRgl,cerebral_metabolic_rate,0.56,umol/g/min,56.00000000000001,3.0,,umol/100g/min,unknown,resting_unknown,TRUE,single_primary_reference,single,,reported_via_secondary_compilation,,levant2004,Levant et al 2004,Levant et al 2004,levant2004,Levant et al 2004,primary,journal_article,resolved,Levant et al 2004,levant2004
1654,Rattus norvegicus,rat,Karbowski__2007,TableS16,6,6,Hippocampus,Hippocampus,Hippocampus,CMRgl,cerebral_metabolic_rate,0.62,umol/g/min,62.0,3.0,,umol/100g/min,unknown,resting_unknown,TRUE,single_primary_reference,single,,reported_via_secondary_compilation,,zocchi2001,"Zocchi et al 2001, CA1+CA3","Zocchi et al 2001, CA1+CA3",zocchi2001,"Zocchi et al 2001, CA1+CA3",primary,journal_article,resolved,"Zocchi et al 2001, CA1+CA3",zocchi2001
1655,Rattus norvegicus,Rattus,Kaufman__2004,TableA2,30,30,Hippocampus,Hippocampus,,CMRgl,cerebral_metabolic_rate,62,umol/100g/min,62.0,,7.0,umol/100g/min,conscious,resting_conscious,TRUE,single_primary_reference,single,,reported_via_secondary_compilation,,bassant1996,"(Bassant et al., 1996)","(Bassant et al., 1996)",bassant1996,"(Bassant et al., 1996)",primary,journal_article,resolved,"(Bassant et al., 1996)",bassant1996
1656,Rattus norvegicus,Rattus,Kaufman__2004,TableA2,31,31,Hippocampus,Hippocampus,,CMRgl,cerebral_metabolic_rate,58,umol/100g/min,58.0,,8.0,umol/100g/min,conscious,resting_conscious,TRUE,single_primary_reference,single,,reported_via_secondary_compilation,,bassant1996,"(Bassant et al., 1996)","(Bassant et al., 1996)",bassant1996,"(Bassant et al., 1996)",primary,journal_article,resolved,"(Bassant et al., 1996)",bassant1996
1657,Rattus norvegicus,Rattus,Kaufman__2004,TableA2,32,32,Hippocampus,Hippocampus,,CMRgl,cerebral_metabolic_rate,56.4,umol/100g/min,56.4,,10.0,umol/100g/min,conscious,resting_conscious,TRUE,single_primary_reference,single,,reported_via_secondary_compilation,,blin1991,"(Blin et al., 1991)","(Blin et al., 1991)",blin1991,"(Blin et al., 1991)",primary,journal_article,resolved,"(Blin et al., 1991)",blin1991
1658,Rattus norvegicus,Rattus,Kaufman__2004,TableA2,33,33,Hippocampus,Hippocampus,,CMRgl,cerebral_metabolic_rate,50,umol/100g/min,50.0,,6.0,umol/100g/min,conscious,resting_conscious,TRUE,single_primary_reference,single,,reported_via_secondary_compilation,,bryan1983,"(Bryan etal., 1983)","(Bryan etal., 1983)",bryan1983,"(Bryan etal., 1983)",primary,journal_article,resolved,"(Bryan etal., 1983)",bryan1983
1659,Rattus norvegicus,Rattus,Kaufman__2004,TableA2,34,34,Hippocampus,Hippocampus,,CMRgl,cerebral_metabolic_rate,57,umol/100g/min,57.0,,10.0,umol/100g/min,conscious,resting_conscious,TRUE,single_primary_reference,single,,reported_via_secondary_compilation,,bryan1988,"(Bryan and Lehman, 1988)","(Bryan and Lehman, 1988)",bryan1988,"(Bryan and Lehman, 1988)",primary,journal_article,resolved,"(Bryan and Lehman, 1988)",bryan1988
1660,Rattus norvegicus,Rattus,Kaufman__2004,TableA2,35,35,Hippocampus,Hippocampus,,CMRgl,cerebral_metabolic_rate,63,umol/100g/min,63.0,,8.0,umol/100g/min,conscious,resting_conscious,TRUE,single_primary_reference,single,,reported_via_secondary_compilation,,chang2001,"(Chang et al., 2001)","(Chang et al., 2001)",chang2001,"(Chang et al., 2001)",primary,journal_article,resolved,"(Chang et al., 2001)",chang2001
1661,Rattus norvegicus,Rattus,Kaufman__2004,TableA2,36,36,Hippocampus,Hippocampus,,CMRgl,cerebral_metabolic_rate,72,umol/100g/min,72.0,,6.0,umol/100g/min,conscious,resting_conscious,TRUE,single_primary_reference,single,,reported_via_secondary_compilation,,crane1989,"(Crane and Porrino, 1989)","(Crane and Porrino, 1989)",crane1989,"(Crane and Porrino, 1989)",primary,journal_article,resolved,"(Crane and Porrino, 1989)",crane1989
1662,Rattus norvegicus,Rattus,Kaufman__2004,TableA2,37,37,Hippocampus,Hippocampus,,CMRgl,cerebral_metabolic_rate,71,umol/100g/min,71.0,,6.0,umol/100g/min,conscious,resting_conscious,TRUE,single_primary_reference,single,,reported_via_secondary_compilation,,crane1989,"(Crane and Porrino, 1989)","(Crane and Porrino, 1989)",crane1989,"(Crane and Porrino, 1989)",primary,journal_article,resolved,"(Crane and Porrino, 1989)",crane1989
1663,Rattus norvegicus,Rattus,Kaufman__2004,TableA2,38,38,Hippocampus,Hippocampus,,CMRgl,cerebral_metabolic_rate,73,umol/100g/min,73.0,,8.0,umol/100g/min,conscious,resting_conscious,TRUE,single_primary_reference,single,,reported_via_secondary_compilation,,crosby1982,"(Crosby et al., 1982)","(Crosby et al., 1982)",crosby1982,"(Crosby et al., 1982)",primary,journal_article,resolved,"(Crosby et al., 1982)",crosby1982
1664,Rattus norvegicus,Rattus,Kaufman__2004,TableA2,39,39,Hippocampus,Hippocampus,,CMRgl,cerebral_metabolic_rate,62,umol/100g/min,62.0,,5.0,umol/100g/min,conscious,resting_conscious,TRUE,single_primary_reference,single,,reported_via_secondary_compilation,,crosby1984,"(Crosby et al., 1984)","(Crosby et al., 1984)",crosby1984,"(Crosby et al., 1984)",primary,journal_article,resolved,"(Crosby et al., 1984)",crosby1984
1665,Rattus norvegicus,Rattus,Kaufman__2004,TableA2,40,40,Hippocampus,Hippocampus,,CMRgl,cerebral_metabolic_rate,77,umol/100g/min,77.0,,5.0,umol/100g/min,anesthetized,resting_anesthetized,FALSE,single_primary_reference,single,,reported_via_secondary_compilation,anesthetized,crosby1984,"(Crosby et al., 1984)","(Crosby et al., 1984)",crosby1984,"(Crosby et al., 1984)",primary,journal_article,resolved,"(Crosby et al., 1984)",crosby1984
1666,Rattus norvegicus,Rattus,Kaufman__2004,TableA2,41,41,Hippocampus,Hippocampus,,CMRgl,cerebral_metabolic_rate,51,umol/100g/min,51.0,,5.0,umol/100g/min,conscious,resting_conscious,TRUE,single_primary_reference,single,,reported_via_secondary_compilation,,dam1990,"(Dam etal., 1990)","(Dam etal., 1990)",dam1990,"(Dam etal., 1990)",primary,journal_article,resolved,"(Dam etal., 1990)",dam1990
1667,Rattus norvegicus,Rattus,Kaufman__2004,TableA2,42,42,Hippocampus,Hippocampus,,CMRgl,cerebral_metabolic_rate,64,umol/100g/min,64.0,,10.0,umol/100g/min,conscious,resting_conscious,TRUE,single_primary_reference,single,,reported_via_secondary_compilation,,davis1986,"(Davis et al., 1986)","(Davis et al., 1986)",davis1986,"(Davis et al., 1986)",primary,journal_article,resolved,"(Davis et al., 1986)",davis1986
1668,Rattus norvegicus,Rattus,Kaufman__2004,TableA2,43,43,Hippocampus,Hippocampus,,CMRgl,cerebral_metabolic_rate,75,umol/100g/min,75.0,,4.0,umol/100g/min,conscious,resting_conscious,TRUE,single_primary_reference,single,,reported_via_secondary_compilation,,dow1986,"(Dow-Edwards et al., 1986)","(Dow-Edwards et al., 1986)",dow1986,"(Dow-Edwards et al., 1986)",primary,journal_article,resolved,"(Dow-Edwards et al., 1986)",dow1986
1669,Rattus norvegicus,Rattus,Kaufman__2004,TableA2,44,44,Hippocampus,Hippocampus,,CMRgl,cerebral_metabolic_rate,60.2,umol/100g/min,60.2,,5.0,umol/100g/min,conscious,resting_conscious,TRUE,single_primary_reference,single,,reported_via_secondary_compilation,,duelli2000,"(Duelli et al., 2000)","(Duelli et al., 2000)",duelli2000,"(Duelli et al., 2000)",primary,journal_article,resolved,"(Duelli et al., 2000)",duelli2000
1670,Rattus norvegicus,Rattus,Kaufman__2004,TableA2,45,45,Hippocampus,Hippocampus,,CMRgl,cerebral_metabolic_rate,87,umol/100g/min,87.0,,6.0,umol/100g/min,conscious,resting_conscious,TRUE,single_primary_reference,single,,reported_via_secondary_compilation,,eintrei1999,"(Eintrei et al., 1999)","(Eintrei et al., 1999)",eintrei1999,"(Eintrei et al., 1999)",primary,journal_article,resolved,"(Eintrei et al., 1999)",eintrei1999
1671,Rattus norvegicus,Rattus,Kaufman__2004,TableA2,46,46,Hippocampus,Hippocampus,,CMRgl,cerebral_metabolic_rate,60.5,umol/100g/min,60.5,,5.0,umol/100g/min,conscious,resting_conscious,TRUE,single_primary_reference,single,,reported_via_secondary_compilation,,fomai2001,"(Fomai and Orzi, 2001)","(Fomai and Orzi, 2001)",fomai2001,"(Fomai and Orzi, 2001)",primary,journal_article,resolved,"(Fomai and Orzi, 2001)",fomai2001
1672,Rattus norvegicus,Rattus,Kaufman__2004,TableA2,47,47,Hippocampus,Hippocampus,,CMRgl,cerebral_metabolic_rate,72.6,umol/100g/min,72.6,,5.0,umol/100g/min,conscious,resting_conscious,TRUE,single_primary_reference,single,,reported_via_secondary_compilation,,freedland2002,"(Freedland et al., 2002)","(Freedland et al., 2002)",freedland2002,"(Freedland et al., 2002)",primary,journal_article,resolved,"(Freedland et al., 2002)",freedland2002
1673,Rattus norvegicus,Rattus,Kaufman__2004,TableA2,48,48,Hippocampus,Hippocampus,,CMRgl,cerebral_metabolic_rate,55,umol/100g/min,55.0,,12.0,umol/100g/min,conscious,resting_conscious,TRUE,single_primary_reference,single,,reported_via_secondary_compilation,,frietsch2000,"(Frietsch et al., 2000)","(Frietsch et al., 2000)",frietsch2000,"(Frietsch et al., 2000)",primary,journal_article,resolved,"(Frietsch et al., 2000)",frietsch2000
1674,Rattus norvegicus,Rattus,Kaufman__2004,TableA2,49,49,Hippocampus,Hippocampus,,CMRgl,cerebral_metabolic_rate,39.5,umol/100g/min,39.5,,12.0,umol/100g/min,anesthetized,resting_anesthetized,FALSE,single_primary_reference,single,,reported_via_secondary_compilation,anesthetized,frietsch2000,"(Frietsch et al., 2000)","(Frietsch et al., 2000)",frietsch2000,"(Frietsch et al., 2000)",primary,journal_article,resolved,"(Frietsch et al., 2000)",frietsch2000
1675,Rattus norvegicus,Rattus,Kaufman__2004,TableA2,50,50,Hippocampus,Hippocampus,,CMRgl,cerebral_metabolic_rate,53,umol/100g/min,53.0,,5.0,umol/100g/min,conscious,resting_conscious,TRUE,single_primary_reference,single,,reported_via_secondary_compilation,,furlow1983,"(Furlow et al., 1983)","(Furlow et al., 1983)",furlow1983,"(Furlow et al., 1983)",primary,journal_article,resolved,"(Furlow et al., 1983)",furlow1983
1676,Rattus norvegicus,Rattus,Kaufman__2004,TableA2,51,51,Hippocampus,Hippocampus,,CMRgl,cerebral_metabolic_rate,78,umol/100g/min,78.0,,6.0,umol/100g/min,conscious,resting_conscious,TRUE,single_primary_reference,single,,reported_via_secondary_compilation,,grome1983,"(Grome and McCulloch, 1983)","(Grome and McCulloch, 1983)",grome1983,"(Grome and McCulloch, 1983)",primary,journal_article,resolved,"(Grome and McCulloch, 1983)",grome1983
1677,Rattus norvegicus,Rattus,Kaufman__2004,TableA2,52,52,Hippocampus,Hippocampus,,CMRgl,cerebral_metabolic_rate,83,umol/100g/min,83.0,,7.0,umol/100g/min,conscious,resting_conscious,TRUE,single_primary_reference,single,,reported_via_secondary_compilation,,hakim1983,"(Hakim et al., 1983)","(Hakim et al., 1983)",hakim1983,"(Hakim et al., 1983)",primary,journal_article,resolved,"(Hakim et al., 1983)",hakim1983
1678,Rattus norvegicus,Rattus,Kaufman__2004,TableA2,53,53,Hippocampus,Hippocampus,,CMRgl,cerebral_metabolic_rate,72,umol/100g/min,72.0,,19.0,umol/100g/min,conscious,resting_conscious,TRUE,single_primary_reference,single,,reported_via_secondary_compilation,,hawkins1979,"(Hawkins et al., 1979)","(Hawkins et al., 1979)",hawkins1979,"(Hawkins et al., 1979)",primary,journal_article,resolved,"(Hawkins et al., 1979)",hawkins1979
1679,Rattus norvegicus,Rattus,Kaufman__2004,TableA2,54,54,Hippocampus,Hippocampus,,CMRgl,cerebral_metabolic_rate,66,umol/100g/min,66.0,,9.0,umol/100g/min,conscious,resting_conscious,TRUE,single_primary_reference,single,,reported_via_secondary_compilation,,hawkins1985,"(Hawkins et al., 1985)","(Hawkins et al., 1985)",hawkins1985,"(Hawkins et al., 1985)",primary,journal_article,resolved,"(Hawkins et al., 1985)",hawkins1985
1680,Rattus norvegicus,Rattus,Kaufman__2004,TableA2,55,55,Hippocampus,Hippocampus,,CMRgl,cerebral_metabolic_rate,48,umol/100g/min,48.0,,6.0,umol/100g/min,conscious,resting_conscious,TRUE,single_primary_reference,single,,reported_via_secondary_compilation,,ingvar1982,"(Ingvar and Siesjo, 1982)","(Ingvar and Siesjo, 1982)",ingvar1982,"(Ingvar and Siesjo, 1982)",primary,journal_article,resolved,"(Ingvar and Siesjo, 1982)",ingvar1982
1681,Rattus norvegicus,Rattus,Kaufman__2004,TableA2,56,56,Hippocampus,Hippocampus,,CMRgl,cerebral_metabolic_rate,46,umol/100g/min,46.0,,10.0,umol/100g/min,anesthetized,resting_anesthetized,FALSE,single_primary_reference,single,,reported_via_secondary_compilation,anesthetized,ingvar1982,"(Ingvar and Siesjo, 1982)","(Ingvar and Siesjo, 1982)",ingvar1982,"(Ingvar and Siesjo, 1982)",primary,journal_article,resolved,"(Ingvar and Siesjo, 1982)",ingvar1982
1682,Rattus norvegicus,Rattus,Kaufman__2004,TableA2,57,57,Hippocampus,Hippocampus,,CMRgl,cerebral_metabolic_rate,67.3,umol/100g/min,67.3,,5.0,umol/100g/min,conscious,resting_conscious,TRUE,single_primary_reference,single,,reported_via_secondary_compilation,,katsumata2001,"(Katsumata et al., 2001)","(Katsumata et al., 2001)",katsumata2001,"(Katsumata et al., 2001)",primary,journal_article,resolved,"(Katsumata et al., 2001)",katsumata2001
1683,Rattus norvegicus,Rattus,Kaufman__2004,TableA2,58,58,Hippocampus,Hippocampus,,CMRgl,cerebral_metabolic_rate,66.8,umol/100g/min,66.8,,8.0,umol/100g/min,conscious,resting_conscious,TRUE,single_primary_reference,single,,reported_via_secondary_compilation,,knapp2002,"(Knapp et al., 2002)","(Knapp et al., 2002)",knapp2002,"(Knapp et al., 2002)",primary,journal_article,resolved,"(Knapp et al., 2002)",knapp2002
1684,Rattus norvegicus,Rattus,Kaufman__2004,TableA2,59,59,Hippocampus,Hippocampus,,CMRgl,cerebral_metabolic_rate,59,umol/100g/min,59.0,,10.0,umol/100g/min,conscious,resting_conscious,TRUE,single_primary_reference,single,,reported_via_secondary_compilation,,lu1983,"(Lu et al., 1983)","(Lu et al., 1983)",lu1983,"(Lu et al., 1983)",primary,journal_article,resolved,"(Lu et al., 1983)",lu1983
1685,Rattus norvegicus,Rattus,Kaufman__2004,TableA2,60,60,Hippocampus,Hippocampus,,CMRgl,cerebral_metabolic_rate,62,umol/100g/min,62.0,,10.0,umol/100g/min,conscious,resting_conscious,TRUE,single_primary_reference,single,,reported_via_secondary_compilation,,macneill1988,"(MacNeill and Bryan, 1988)","(MacNeill and Bryan, 1988)",macneill1988,"(MacNeill and Bryan, 1988)",primary,journal_article,resolved,"(MacNeill and Bryan, 1988)",macneill1988
1686,Rattus norvegicus,Rattus,Kaufman__2004,TableA2,61,61,Hippocampus,Hippocampus,,CMRgl,cerebral_metabolic_rate,76,umol/100g/min,76.0,,6.0,umol/100g/min,conscious,resting_conscious,TRUE,single_primary_reference,single,,reported_via_secondary_compilation,,nehlig1985,"(Nehlig et al., 1985)","(Nehlig et al., 1985)",nehlig1985,"(Nehlig et al., 1985)",primary,journal_article,resolved,"(Nehlig et al., 1985)",nehlig1985
1687,Rattus norvegicus,Rattus,Kaufman__2004,TableA2,62,62,Hippocampus,Hippocampus,,CMRgl,cerebral_metabolic_rate,47,umol/100g/min,47.0,,6.0,umol/100g/min,conscious,resting_conscious,TRUE,single_primary_reference,single,,reported_via_secondary_compilation,,ori1986,"(Ori etal., 1986)","(Ori etal., 1986)",ori1986,"(Ori etal., 1986)",primary,journal_article,resolved,"(Ori etal., 1986)",ori1986
1688,Rattus norvegicus,Rattus,Kaufman__2004,TableA2,63,63,Hippocampus,Hippocampus,,CMRgl,cerebral_metabolic_rate,72,umol/100g/min,72.0,,5.0,umol/100g/min,conscious,resting_conscious,TRUE,single_primary_reference,single,,reported_via_secondary_compilation,,orzi1983,"(Orzi et al., 1983)","(Orzi et al., 1983)",orzi1983,"(Orzi et al., 1983)",primary,journal_article,resolved,"(Orzi et al., 1983)",orzi1983
1689,Rattus norvegicus,Rattus,Kaufman__2004,TableA2,64,64,Hippocampus,Hippocampus,,CMRgl,cerebral_metabolic_rate,45.3,umol/100g/min,45.3,,6.0,umol/100g/min,conscious,resting_conscious,TRUE,single_primary_reference,single,,reported_via_secondary_compilation,,otori2003,"(Otori et al., 2003)","(Otori et al., 2003)",otori2003,"(Otori et al., 2003)",primary,journal_article,resolved,"(Otori et al., 2003)",otori2003
1690,Rattus norvegicus,Rattus,Kaufman__2004,TableA2,65,65,Hippocampus,Hippocampus,,CMRgl,cerebral_metabolic_rate,65.5,umol/100g/min,65.5,,7.0,umol/100g/min,conscious,resting_conscious,TRUE,single_primary_reference,single,,reported_via_secondary_compilation,,poindessous1998,"(Poindessous-Jazat et al., 1998)","(Poindessous-Jazat et al., 1998)",poindessous1998,"(Poindessous-Jazat et al., 1998)",primary,journal_article,resolved,"(Poindessous-Jazat et al., 1998)",poindessous1998
1691,Rattus norvegicus,Rattus,Kaufman__2004,TableA2,66,66,Hippocampus,Hippocampus,,CMRgl,cerebral_metabolic_rate,59,umol/100g/min,59.0,,5.0,umol/100g/min,conscious,resting_conscious,TRUE,single_primary_reference,single,,reported_via_secondary_compilation,,poindessous1998,"(Poindessous-Jazat et al., 1998)","(Poindessous-Jazat et al., 1998)",poindessous1998,"(Poindessous-Jazat et al., 1998)",primary,journal_article,resolved,"(Poindessous-Jazat et al., 1998)",poindessous1998
1692,Rattus norvegicus,Rattus,Kaufman__2004,TableA2,67,67,Hippocampus,Hippocampus,,CMRgl,cerebral_metabolic_rate,68,umol/100g/min,68.0,,7.0,umol/100g/min,conscious,resting_conscious,TRUE,single_primary_reference,single,,reported_via_secondary_compilation,,savaki1983,"(Savaki et al., 1983)","(Savaki et al., 1983)",savaki1983,"(Savaki et al., 1983)",primary,journal_article,resolved,"(Savaki et al., 1983)",savaki1983
1693,Rattus norvegicus,Rattus,Kaufman__2004,TableA2,68,68,Hippocampus,Hippocampus,,CMRgl,cerebral_metabolic_rate,80,umol/100g/min,80.0,,6.0,umol/100g/min,conscious,resting_conscious,TRUE,single_primary_reference,single,,reported_via_secondary_compilation,,schwartz1985,"(Schwartz and Crosby, 1985)","(Schwartz and Crosby, 1985)",schwartz1985,"(Schwartz and Crosby, 1985)",primary,journal_article,resolved,"(Schwartz and Crosby, 1985)",schwartz1985
1694,Rattus norvegicus,Rattus,Kaufman__2004,TableA2,69,69,Hippocampus,Hippocampus,,CMRgl,cerebral_metabolic_rate,1977,umol/100g/min,1977.0,,,umol/100g/min,unknown,resting_unknown,TRUE,single_primary_reference,single,,reported_via_secondary_compilation,,anonNA,(,(,anonNA,(,primary,journal_article,unresolved,(,anonNA
1695,Rattus norvegicus,Rattus,Kaufman__2004,TableA2,70,70,Hippocampus,Hippocampus,,CMRgl,cerebral_metabolic_rate,58,umol/100g/min,58.0,,16.0,umol/100g/min,conscious,resting_conscious,TRUE,single_primary_reference,single,,reported_via_secondary_compilation,,soncrant1992,"(Soncrant et al., 1992)","(Soncrant et al., 1992)",soncrant1992,"(Soncrant et al., 1992)",primary,journal_article,resolved,"(Soncrant et al., 1992)",soncrant1992
1696,Rattus norvegicus,Rattus,Kaufman__2004,TableA2,71,71,Hippocampus,Hippocampus,,CMRgl,cerebral_metabolic_rate,79,umol/100g/min,79.0,,5.0,umol/100g/min,conscious,resting_conscious,TRUE,single_primary_reference,single,,reported_via_secondary_compilation,,wechsler1979,"(Wechsler et al., 1979)","(Wechsler et al., 1979)",wechsler1979,"(Wechsler et al., 1979)",primary,journal_article,resolved,"(Wechsler et al., 1979)",wechsler1979
1697,Rattus norvegicus,Rattus,Kaufman__2004,TableA2,72,72,Hippocampus,Hippocampus,,CMRgl,cerebral_metabolic_rate,73,umol/100g/min,73.0,,16.0,umol/100g/min,conscious,resting_conscious,TRUE,single_primary_reference,single,,reported_via_secondary_compilation,,grome1981,"(Grome and McCulloch, 1981)","(Grome and McCulloch, 1981)",grome1981,"(Grome and McCulloch, 1981)",primary,journal_article,resolved,"(Grome and McCulloch, 1981)",grome1981
1698,Rattus norvegicus,Rattus,Kaufman__2004,TableA2,73,73,Hippocampus,Hippocampus,,CMRgl,cerebral_metabolic_rate,78.8,umol/100g/min,78.8,,5.0,umol/100g/min,conscious,resting_conscious,TRUE,single_primary_reference,single,,reported_via_secondary_compilation,,whitlow2002,"(Whitlow et al., 2002)","(Whitlow et al., 2002)",whitlow2002,"(Whitlow et al., 2002)",primary,journal_article,resolved,"(Whitlow et al., 2002)",whitlow2002
1699,Rattus norvegicus,Rattus,Kaufman__2004,TableA2,74,74,Hippocampus,Hippocampus,,CMRgl,cerebral_metabolic_rate,74.7,umol/100g/min,74.7,,5.0,umol/100g/min,conscious,resting_conscious,TRUE,single_primary_reference,single,,reported_via_secondary_compilation,,walker1999,"(Walker et al., 1999)","(Walker et al., 1999)",walker1999,"(Walker et al., 1999)",primary,journal_article,resolved,"(Walker et al., 1999)",walker1999
1700,Rattus norvegicus,Rattus,Kaufman__2004,TableA2,75,75,Hippocampus,Hippocampus,,CMRgl,cerebral_metabolic_rate,70,umol/100g/min,70.0,,4.0,umol/100g/min,conscious,resting_conscious,TRUE,single_primary_reference,single,,reported_via_secondary_compilation,,lear1981,"(Lear etal., 1981)","(Lear etal., 1981)",lear1981,"(Lear etal., 1981)",primary,journal_article,resolved,"(Lear etal., 1981)",lear1981
1701,Rattus norvegicus,Rattus,Kaufman__2004,TableA2,76,76,Hippocampus,Hippocampus,,CMRgl,cerebral_metabolic_rate,52,umol/100g/min,52.0,,6.0,umol/100g/min,conscious,resting_conscious,TRUE,single_primary_reference,single,,reported_via_secondary_compilation,,lenz1998,"(Lenz et al., 1998)","(Lenz et al., 1998)",lenz1998,"(Lenz et al., 1998)",primary,journal_article,resolved,"(Lenz et al., 1998)",lenz1998
1702,Rattus norvegicus,Rattus,Kaufman__2004,TableA2,77,77,Hippocampus,Hippocampus,,CMRgl,cerebral_metabolic_rate,57,umol/100g/min,57.0,,6.0,umol/100g/min,conscious,resting_conscious,TRUE,single_primary_reference,single,,reported_via_secondary_compilation,,maekawa1986,"(Maekawa et al., 1986)","(Maekawa et al., 1986)",maekawa1986,"(Maekawa et al., 1986)",primary,journal_article,resolved,"(Maekawa et al., 1986)",maekawa1986
1703,Rattus norvegicus,rat,Karbowski__2007,TableS15,4,4,Hypothalamus,Hypothalamus,Hypothalamus,CMRgl,cerebral_metabolic_rate,0.48,umol/g/min,48.0,2.0,,umol/100g/min,unknown,resting_unknown,TRUE,single_primary_reference,single,,reported_via_secondary_compilation,,nehling1988,Nehling et al 1988,Nehling et al 1988,nehling1988,Nehling et al 1988,primary,journal_article,resolved,Nehling et al 1988,nehling1988
1704,Rattus norvegicus,rat,Karbowski__2007,TableS15,5,5,Hypothalamus,Hypothalamus,Hypothalamus,CMRgl,cerebral_metabolic_rate,0.49,umol/g/min,49.0,9.0,,umol/100g/min,unknown,resting_unknown,TRUE,single_primary_reference,single,,reported_via_secondary_compilation,,dube2001,Dube et al 2001,Dube et al 2001,dube2001,Dube et al 2001,primary,journal_article,resolved,Dube et al 2001,dube2001
1705,Rattus norvegicus,rat,Karbowski__2007,TableS15,6,6,Hypothalamus,Hypothalamus,Hypothalamus,CMRgl,cerebral_metabolic_rate,0.44,umol/g/min,44.0,3.0,,umol/100g/min,unknown,resting_unknown,TRUE,single_primary_reference,single,,reported_via_secondary_compilation,,levant2004,Levant et al 2004,Levant et al 2004,levant2004,Levant et al 2004,primary,journal_article,resolved,Levant et al 2004,levant2004
1706,Rattus norvegicus,rat,Karbowski__2007,TableS15,7,7,Hypothalamus,Hypothalamus,Hypothalamus,CMRgl,cerebral_metabolic_rate,0.39,umol/g/min,39.0,5.0,,umol/100g/min,unknown,resting_unknown,TRUE,single_primary_reference,single,,reported_via_secondary_compilation,,waschke1993,Waschke et al 1993,Waschke et al 1993,waschke1993,Waschke et al 1993,primary,journal_article,resolved,Waschke et al 1993,waschke1993
1707,Rattus norvegicus,rat,Karbowski__2007,TableS15,8,8,Hypothalamus,Hypothalamus,Hypothalamus,CMRgl,cerebral_metabolic_rate,0.54,umol/g/min,54.0,5.0,,umol/100g/min,unknown,resting_unknown,TRUE,single_primary_reference,single,,reported_via_secondary_compilation,,nehling2000,Nehling et al 2000,Nehling et al 2000,nehling2000,Nehling et al 2000,primary,journal_article,resolved,Nehling et al 2000,nehling2000
1708,Rattus norvegicus,rat,Karbowski__2007,TableS15,9,9,Hypothalamus,Hypothalamus,Hypothalamus,CMRgl,cerebral_metabolic_rate,0.4,umol/g/min,40.0,4.0,,umol/100g/min,unknown,resting_unknown,TRUE,single_primary_reference,single,,reported_via_secondary_compilation,,blin1991,Blin et al 1991,Blin et al 1991,blin1991,Blin et al 1991,primary,journal_article,resolved,Blin et al 1991,blin1991
1709,Rattus norvegicus,rat,Karbowski__2007,TableS15,20,20,Hypothalamus,Hypothalamus,Mammilary body,CMRgl,cerebral_metabolic_rate,1.03,umol/g/min,103.0,4.0,,umol/100g/min,unknown,resting_unknown,TRUE,single_primary_reference,single,,reported_via_secondary_compilation,,nehling1988,Nehling et al 1988,Nehling et al 1988,nehling1988,Nehling et al 1988,primary,journal_article,resolved,Nehling et al 1988,nehling1988
1710,Rattus norvegicus,rat,Karbowski__2007,TableS15,21,21,Hypothalamus,Hypothalamus,Mammilary body,CMRgl,cerebral_metabolic_rate,1.04,umol/g/min,104.0,17.0,,umol/100g/min,unknown,resting_unknown,TRUE,single_primary_reference,single,,reported_via_secondary_compilation,,dube2001,Dube et al 2001,Dube et al 2001,dube2001,Dube et al 2001,primary,journal_article,resolved,Dube et al 2001,dube2001
1711,Rattus norvegicus,rat,Karbowski__2007,TableS15,22,22,Hypothalamus,Hypothalamus,Mammilary body,CMRgl,cerebral_metabolic_rate,0.76,umol/g/min,76.0,5.0,,umol/100g/min,unknown,resting_unknown,TRUE,single_primary_reference,single,,reported_via_secondary_compilation,,waschke1993,Waschke et al 1993,Waschke et al 1993,waschke1993,Waschke et al 1993,primary,journal_article,resolved,Waschke et al 1993,waschke1993
1712,Rattus norvegicus,rat,Karbowski__2007,TableS11,2,2,Neocortex,Cerebral cortex,Cerebral cortex,CMRgl,cerebral_metabolic_rate,0.95,umol/g/min,95.0,11.0,,umol/100g/min,unknown,resting_unknown,TRUE,single_primary_reference,single,,reported_via_secondary_compilation,,nNA,N=8,N=8,nNA,N=8,primary,journal_article,unresolved,N=8,nNA
1713,Rattus norvegicus,rat,Karbowski__2007,TableS12,2,2,Neocortex,Cerebral cortex,Cerebral cortex,CMRgl,cerebral_metabolic_rate,0.97,umol/g/min,97.0,4.0,,umol/100g/min,unknown,resting_unknown,TRUE,single_primary_reference,single,,reported_via_secondary_compilation,,nehling1988,Nehling et al 1988,Nehling et al 1988,nehling1988,Nehling et al 1988,primary,journal_article,resolved,Nehling et al 1988,nehling1988
1714,Rattus norvegicus,rat,Karbowski__2007,TableS12,3,3,Neocortex,Cerebral cortex,Cerebral cortex,CMRgl,cerebral_metabolic_rate,0.83,umol/g/min,83.0,13.0,,umol/100g/min,unknown,resting_unknown,TRUE,single_primary_reference,single,,reported_via_secondary_compilation,,dube2001,Dube et al 2001,Dube et al 2001,dube2001,Dube et al 2001,primary,journal_article,resolved,Dube et al 2001,dube2001
1715,Rattus norvegicus,rat,Karbowski__2007,TableS12,4,4,Neocortex,Cerebral cortex,Cerebral cortex,CMRgl,cerebral_metabolic_rate,0.88,umol/g/min,88.0,6.0,,umol/100g/min,unknown,resting_unknown,TRUE,single_primary_reference,single,,reported_via_secondary_compilation,,levant2004,Levant et al 2004,Levant et al 2004,levant2004,Levant et al 2004,primary,journal_article,resolved,Levant et al 2004,levant2004
1716,Rattus norvegicus,rat,Karbowski__2007,TableS12,5,5,Neocortex,Cerebral cortex,Cerebral cortex,CMRgl,cerebral_metabolic_rate,0.95,umol/g/min,95.0,13.0,,umol/100g/min,unknown,resting_unknown,TRUE,single_primary_reference,single,,reported_via_secondary_compilation,,zocchi2001,Zocchi et al 2001,Zocchi et al 2001,zocchi2001,Zocchi et al 2001,primary,journal_article,resolved,Zocchi et al 2001,zocchi2001
1717,Rattus norvegicus,rat,Karbowski__2007,TableS12,6,6,Neocortex,Cerebral cortex,Cerebral cortex,CMRgl,cerebral_metabolic_rate,0.88,umol/g/min,88.0,10.0,,umol/100g/min,unknown,resting_unknown,TRUE,single_primary_reference,single,,reported_via_secondary_compilation,,waschke1993,Waschke et al 1993,Waschke et al 1993,waschke1993,Waschke et al 1993,primary,journal_article,resolved,Waschke et al 1993,waschke1993
1718,Rattus norvegicus,Rattus,Kaufman__2004,TableA6,81,81,Neocortex,Neocortex,,CMRgl,cerebral_metabolic_rate,98.2,umol/100g/min,98.2,,7.0,umol/100g/min,conscious,resting_conscious,TRUE,single_primary_reference,single,,reported_via_secondary_compilation,,bassant1996,"(Bassant et al., 1996)","(Bassant et al., 1996)",bassant1996,"(Bassant et al., 1996)",primary,journal_article,resolved,"(Bassant et al., 1996)",bassant1996
1719,Rattus norvegicus,Rattus,Kaufman__2004,TableA6,82,82,Neocortex,Neocortex,,CMRgl,cerebral_metabolic_rate,87.2,umol/100g/min,87.2,,8.0,umol/100g/min,conscious,resting_conscious,TRUE,single_primary_reference,single,,reported_via_secondary_compilation,,bassant1996,"(Bassant et al., 1996)","(Bassant et al., 1996)",bassant1996,"(Bassant et al., 1996)",primary,journal_article,resolved,"(Bassant et al., 1996)",bassant1996
1720,Rattus norvegicus,Rattus,Kaufman__2004,TableA6,83,83,Neocortex,Neocortex,,CMRgl,cerebral_metabolic_rate,79.4,umol/100g/min,79.4,,10.0,umol/100g/min,conscious,resting_conscious,TRUE,single_primary_reference,single,,reported_via_secondary_compilation,,blin1991,"(Blin et al., 1991)","(Blin et al., 1991)",blin1991,"(Blin et al., 1991)",primary,journal_article,resolved,"(Blin et al., 1991)",blin1991
1721,Rattus norvegicus,Rattus,Kaufman__2004,TableA6,84,84,Neocortex,Neocortex,,CMRgl,cerebral_metabolic_rate,77,umol/100g/min,77.0,,7.0,umol/100g/min,conscious,resting_conscious,TRUE,single_primary_reference,single,,reported_via_secondary_compilation,,borgstrom1976,"(Borgstrom et al., 1976)","(Borgstrom et al., 1976)",borgstrom1976,"(Borgstrom et al., 1976)",primary,journal_article,resolved,"(Borgstrom et al., 1976)",borgstrom1976
1722,Rattus norvegicus,Rattus,Kaufman__2004,TableA6,85,85,Neocortex,Neocortex,,CMRgl,cerebral_metabolic_rate,81,umol/100g/min,81.0,,6.0,umol/100g/min,conscious,resting_conscious,TRUE,single_primary_reference,single,,reported_via_secondary_compilation,,bryan1983,"(Bryan etal., 1983)","(Bryan etal., 1983)",bryan1983,"(Bryan etal., 1983)",primary,journal_article,resolved,"(Bryan etal., 1983)",bryan1983
1723,Rattus norvegicus,Rattus,Kaufman__2004,TableA6,86,86,Neocortex,Neocortex,,CMRgl,cerebral_metabolic_rate,92.5,umol/100g/min,92.5,,10.0,umol/100g/min,conscious,resting_conscious,TRUE,single_primary_reference,single,,reported_via_secondary_compilation,,bryan1988,"(Bryan and Lehman, 1988)","(Bryan and Lehman, 1988)",bryan1988,"(Bryan and Lehman, 1988)",primary,journal_article,resolved,"(Bryan and Lehman, 1988)",bryan1988
1724,Rattus norvegicus,Rattus,Kaufman__2004,TableA6,87,87,Neocortex,Neocortex,,CMRgl,cerebral_metabolic_rate,96,umol/100g/min,96.0,,8.0,umol/100g/min,conscious,resting_conscious,TRUE,single_primary_reference,single,,reported_via_secondary_compilation,,chang2001,"(Chang et al., 2001)","(Chang et al., 2001)",chang2001,"(Chang et al., 2001)",primary,journal_article,resolved,"(Chang et al., 2001)",chang2001
1725,Rattus norvegicus,Rattus,Kaufman__2004,TableA6,88,88,Neocortex,Neocortex,,CMRgl,cerebral_metabolic_rate,115.3,umol/100g/min,115.3,,6.0,umol/100g/min,conscious,resting_conscious,TRUE,single_primary_reference,single,,reported_via_secondary_compilation,,crane1989,"(Crane and Porrino, 1989)","(Crane and Porrino, 1989)",crane1989,"(Crane and Porrino, 1989)",primary,journal_article,resolved,"(Crane and Porrino, 1989)",crane1989
1726,Rattus norvegicus,Rattus,Kaufman__2004,TableA6,89,89,Neocortex,Neocortex,,CMRgl,cerebral_metabolic_rate,111.6,umol/100g/min,111.6,,6.0,umol/100g/min,conscious,resting_conscious,TRUE,single_primary_reference,single,,reported_via_secondary_compilation,,crane1989,"(Crane and Porrino, 1989)","(Crane and Porrino, 1989)",crane1989,"(Crane and Porrino, 1989)",primary,journal_article,resolved,"(Crane and Porrino, 1989)",crane1989
1727,Rattus norvegicus,Rattus,Kaufman__2004,TableA6,90,90,Neocortex,Neocortex,,CMRgl,cerebral_metabolic_rate,95.8,umol/100g/min,95.8,,8.0,umol/100g/min,conscious,resting_conscious,TRUE,single_primary_reference,single,,reported_via_secondary_compilation,,crosby1982,"(Crosby et al., 1982)","(Crosby et al., 1982)",crosby1982,"(Crosby et al., 1982)",primary,journal_article,resolved,"(Crosby et al., 1982)",crosby1982
1728,Rattus norvegicus,Rattus,Kaufman__2004,TableA6,91,91,Neocortex,Neocortex,,CMRgl,cerebral_metabolic_rate,96.7,umol/100g/min,96.7,,5.0,umol/100g/min,conscious,resting_conscious,TRUE,single_primary_reference,single,,reported_via_secondary_compilation,,crosby1984,"(Crosby et al., 1984)","(Crosby et al., 1984)",crosby1984,"(Crosby et al., 1984)",primary,journal_article,resolved,"(Crosby et al., 1984)",crosby1984
1729,Rattus norvegicus,Rattus,Kaufman__2004,TableA6,92,92,Neocortex,Neocortex,,CMRgl,cerebral_metabolic_rate,103.3,umol/100g/min,103.3,,5.0,umol/100g/min,anesthetized,resting_anesthetized,FALSE,single_primary_reference,single,,reported_via_secondary_compilation,anesthetized,crosby1984,"(Crosby et al., 1984)","(Crosby et al., 1984)",crosby1984,"(Crosby et al., 1984)",primary,journal_article,resolved,"(Crosby et al., 1984)",crosby1984
1730,Rattus norvegicus,Rattus,Kaufman__2004,TableA6,93,93,Neocortex,Neocortex,,CMRgl,cerebral_metabolic_rate,123.8,umol/100g/min,123.8,,7.0,umol/100g/min,conscious,resting_conscious,TRUE,single_primary_reference,single,,reported_via_secondary_compilation,,cudennec1997,"(Cudennec et al., 1997)","(Cudennec et al., 1997)",cudennec1997,"(Cudennec et al., 1997)",primary,journal_article,resolved,"(Cudennec et al., 1997)",cudennec1997
1731,Rattus norvegicus,Rattus,Kaufman__2004,TableA6,94,94,Neocortex,Neocortex,,CMRgl,cerebral_metabolic_rate,99,umol/100g/min,99.0,,5.0,umol/100g/min,conscious,resting_conscious,TRUE,single_primary_reference,single,,reported_via_secondary_compilation,,dam1990,"(Dam etal., 1990)","(Dam etal., 1990)",dam1990,"(Dam etal., 1990)",primary,journal_article,resolved,"(Dam etal., 1990)",dam1990
1732,Rattus norvegicus,Rattus,Kaufman__2004,TableA6,95,95,Neocortex,Neocortex,,CMRgl,cerebral_metabolic_rate,93.8,umol/100g/min,93.8,,10.0,umol/100g/min,conscious,resting_conscious,TRUE,single_primary_reference,single,,reported_via_secondary_compilation,,davis1986,"(Davis et al., 1986)","(Davis et al., 1986)",davis1986,"(Davis et al., 1986)",primary,journal_article,resolved,"(Davis et al., 1986)",davis1986
1733,Rattus norvegicus,Rattus,Kaufman__2004,TableA6,96,96,Neocortex,Neocortex,,CMRgl,cerebral_metabolic_rate,120.8,umol/100g/min,120.8,,4.0,umol/100g/min,conscious,resting_conscious,TRUE,single_primary_reference,single,,reported_via_secondary_compilation,,dow1986,"(Dow-Edwards et al., 1986)","(Dow-Edwards et al., 1986)",dow1986,"(Dow-Edwards et al., 1986)",primary,journal_article,resolved,"(Dow-Edwards et al., 1986)",dow1986
1734,Rattus norvegicus,Rattus,Kaufman__2004,TableA6,97,97,Neocortex,Neocortex,,CMRgl,cerebral_metabolic_rate,91.1,umol/100g/min,91.1,,5.0,umol/100g/min,conscious,resting_conscious,TRUE,single_primary_reference,single,,reported_via_secondary_compilation,,duelli2000,"(Duelli et al., 2000)","(Duelli et al., 2000)",duelli2000,"(Duelli et al., 2000)",primary,journal_article,resolved,"(Duelli et al., 2000)",duelli2000
1735,Rattus norvegicus,Rattus,Kaufman__2004,TableA6,98,98,Neocortex,Neocortex,,CMRgl,cerebral_metabolic_rate,106,umol/100g/min,106.0,,6.0,umol/100g/min,conscious,resting_conscious,TRUE,single_primary_reference,single,,reported_via_secondary_compilation,,eintrei1999,"(Eintrei et al., 1999)","(Eintrei et al., 1999)",eintrei1999,"(Eintrei et al., 1999)",primary,journal_article,resolved,"(Eintrei et al., 1999)",eintrei1999
1736,Rattus norvegicus,Rattus,Kaufman__2004,TableA6,99,99,Neocortex,Neocortex,,CMRgl,cerebral_metabolic_rate,89.9,umol/100g/min,89.9,,5.0,umol/100g/min,conscious,resting_conscious,TRUE,single_primary_reference,single,,reported_via_secondary_compilation,,fomai2001,"(Fomai and Orzi, 2001)","(Fomai and Orzi, 2001)",fomai2001,"(Fomai and Orzi, 2001)",primary,journal_article,resolved,"(Fomai and Orzi, 2001)",fomai2001
1737,Rattus norvegicus,Rattus,Kaufman__2004,TableA6,100,100,Neocortex,Neocortex,,CMRgl,cerebral_metabolic_rate,120,umol/100g/min,120.0,,5.0,umol/100g/min,conscious,resting_conscious,TRUE,single_primary_reference,single,,reported_via_secondary_compilation,,freedland2002,"(Freedland et al., 2002)","(Freedland et al., 2002)",freedland2002,"(Freedland et al., 2002)",primary,journal_article,resolved,"(Freedland et al., 2002)",freedland2002
1738,Rattus norvegicus,Rattus,Kaufman__2004,TableA6,101,101,Neocortex,Neocortex,,CMRgl,cerebral_metabolic_rate,95.8,umol/100g/min,95.8,,12.0,umol/100g/min,conscious,resting_conscious,TRUE,single_primary_reference,single,,reported_via_secondary_compilation,,frietsch2000,"(Frietsch et al., 2000)","(Frietsch et al., 2000)",frietsch2000,"(Frietsch et al., 2000)",primary,journal_article,resolved,"(Frietsch et al., 2000)",frietsch2000
1739,Rattus norvegicus,Rattus,Kaufman__2004,TableA6,102,102,Neocortex,Neocortex,,CMRgl,cerebral_metabolic_rate,38.8,umol/100g/min,38.8,,12.0,umol/100g/min,anesthetized,resting_anesthetized,FALSE,single_primary_reference,single,,reported_via_secondary_compilation,anesthetized,frietsch2000,"(Frietsch et al., 2000)","(Frietsch et al., 2000)",frietsch2000,"(Frietsch et al., 2000)",primary,journal_article,resolved,"(Frietsch et al., 2000)",frietsch2000
1740,Rattus norvegicus,Rattus,Kaufman__2004,TableA6,103,103,Neocortex,Neocortex,,CMRgl,cerebral_metabolic_rate,80.3,umol/100g/min,80.3,,5.0,umol/100g/min,conscious,resting_conscious,TRUE,single_primary_reference,single,,reported_via_secondary_compilation,,furlow1983,"(Furlow et al., 1983)","(Furlow et al., 1983)",furlow1983,"(Furlow et al., 1983)",primary,journal_article,resolved,"(Furlow et al., 1983)",furlow1983
1741,Rattus norvegicus,Rattus,Kaufman__2004,TableA6,104,104,Neocortex,Neocortex,,CMRgl,cerebral_metabolic_rate,96.8,umol/100g/min,96.8,,6.0,umol/100g/min,conscious,resting_conscious,TRUE,single_primary_reference,single,,reported_via_secondary_compilation,,grome1983,"(Grome and McCulloch, 1983)","(Grome and McCulloch, 1983)",grome1983,"(Grome and McCulloch, 1983)",primary,journal_article,resolved,"(Grome and McCulloch, 1983)",grome1983
1742,Rattus norvegicus,Rattus,Kaufman__2004,TableA6,105,105,Neocortex,Neocortex,,CMRgl,cerebral_metabolic_rate,122.2,umol/100g/min,122.2,,7.0,umol/100g/min,conscious,resting_conscious,TRUE,single_primary_reference,single,,reported_via_secondary_compilation,,hakim1983,"(Hakim et al., 1983)","(Hakim et al., 1983)",hakim1983,"(Hakim et al., 1983)",primary,journal_article,resolved,"(Hakim et al., 1983)",hakim1983
1743,Rattus norvegicus,Rattus,Kaufman__2004,TableA6,106,106,Neocortex,Neocortex,,CMRgl,cerebral_metabolic_rate,113.5,umol/100g/min,113.5,,19.0,umol/100g/min,conscious,resting_conscious,TRUE,single_primary_reference,single,,reported_via_secondary_compilation,,hawkins1979,"(Hawkins et al., 1979)","(Hawkins et al., 1979)",hawkins1979,"(Hawkins et al., 1979)",primary,journal_article,resolved,"(Hawkins et al., 1979)",hawkins1979
1744,Rattus norvegicus,Rattus,Kaufman__2004,TableA6,107,107,Neocortex,Neocortex,,CMRgl,cerebral_metabolic_rate,100,umol/100g/min,100.0,,9.0,umol/100g/min,conscious,resting_conscious,TRUE,single_primary_reference,single,,reported_via_secondary_compilation,,hawkins1985,"(Hawkins et al., 1985)","(Hawkins et al., 1985)",hawkins1985,"(Hawkins et al., 1985)",primary,journal_article,resolved,"(Hawkins et al., 1985)",hawkins1985
1745,Rattus norvegicus,Rattus,Kaufman__2004,TableA6,108,108,Neocortex,Neocortex,,CMRgl,cerebral_metabolic_rate,72.6,umol/100g/min,72.6,,10.0,umol/100g/min,anesthetized,resting_anesthetized,FALSE,single_primary_reference,single,,reported_via_secondary_compilation,anesthetized,ingvar1980,"(Ingvar et al., 1980)","(Ingvar et al., 1980)",ingvar1980,"(Ingvar et al., 1980)",primary,journal_article,resolved,"(Ingvar et al., 1980)",ingvar1980
1746,Rattus norvegicus,Rattus,Kaufman__2004,TableA6,109,109,Neocortex,Neocortex,,CMRgl,cerebral_metabolic_rate,70.2,umol/100g/min,70.2,,6.0,umol/100g/min,conscious,resting_conscious,TRUE,single_primary_reference,single,,reported_via_secondary_compilation,,ingvar1982,"(Ingvar and Siesjo, 1982)","(Ingvar and Siesjo, 1982)",ingvar1982,"(Ingvar and Siesjo, 1982)",primary,journal_article,resolved,"(Ingvar and Siesjo, 1982)",ingvar1982
1747,Rattus norvegicus,Rattus,Kaufman__2004,TableA6,110,110,Neocortex,Neocortex,,CMRgl,cerebral_metabolic_rate,69.3,umol/100g/min,69.3,,10.0,umol/100g/min,anesthetized,resting_anesthetized,FALSE,single_primary_reference,single,,reported_via_secondary_compilation,anesthetized,ingvar1982,"(Ingvar and Siesjo, 1982)","(Ingvar and Siesjo, 1982)",ingvar1982,"(Ingvar and Siesjo, 1982)",primary,journal_article,resolved,"(Ingvar and Siesjo, 1982)",ingvar1982
1748,Rattus norvegicus,Rattus,Kaufman__2004,TableA6,111,111,Neocortex,Neocortex,,CMRgl,cerebral_metabolic_rate,112,umol/100g/min,112.0,,7.0,umol/100g/min,conscious,resting_conscious,TRUE,single_primary_reference,single,,reported_via_secondary_compilation,,kadekaro1983,"(Kadekaro et al., 1983)","(Kadekaro et al., 1983)",kadekaro1983,"(Kadekaro et al., 1983)",primary,journal_article,resolved,"(Kadekaro et al., 1983)",kadekaro1983
1749,Rattus norvegicus,Rattus,Kaufman__2004,TableA6,112,112,Neocortex,Neocortex,,CMRgl,cerebral_metabolic_rate,89.2,umol/100g/min,89.2,,5.0,umol/100g/min,conscious,resting_conscious,TRUE,single_primary_reference,single,,reported_via_secondary_compilation,,katsumata2001,"(Katsumata et al., 2001)","(Katsumata et al., 2001)",katsumata2001,"(Katsumata et al., 2001)",primary,journal_article,resolved,"(Katsumata et al., 2001)",katsumata2001
1750,Rattus norvegicus,Rattus,Kaufman__2004,TableA6,113,113,Neocortex,Neocortex,,CMRgl,cerebral_metabolic_rate,97,umol/100g/min,97.0,,8.0,umol/100g/min,conscious,resting_conscious,TRUE,single_primary_reference,single,,reported_via_secondary_compilation,,knapp2002,"(Knapp et al., 2002)","(Knapp et al., 2002)",knapp2002,"(Knapp et al., 2002)",primary,journal_article,resolved,"(Knapp et al., 2002)",knapp2002
1751,Rattus norvegicus,Rattus,Kaufman__2004,TableA6,114,114,Neocortex,Neocortex,,CMRgl,cerebral_metabolic_rate,85.8,umol/100g/min,85.8,,6.0,umol/100g/min,conscious,resting_conscious,TRUE,single_primary_reference,single,,reported_via_secondary_compilation,,lenz1998,"(Lenz et al., 1998)","(Lenz et al., 1998)",lenz1998,"(Lenz et al., 1998)",primary,journal_article,resolved,"(Lenz et al., 1998)",lenz1998
1752,Rattus norvegicus,Rattus,Kaufman__2004,TableA6,115,115,Neocortex,Neocortex,,CMRgl,cerebral_metabolic_rate,93.5,umol/100g/min,93.5,,10.0,umol/100g/min,conscious,resting_conscious,TRUE,single_primary_reference,single,,reported_via_secondary_compilation,,lu1983,"(Lu et al., 1983)","(Lu et al., 1983)",lu1983,"(Lu et al., 1983)",primary,journal_article,resolved,"(Lu et al., 1983)",lu1983
1753,Rattus norvegicus,Rattus,Kaufman__2004,TableA6,116,116,Neocortex,Neocortex,,CMRgl,cerebral_metabolic_rate,98,umol/100g/min,98.0,,10.0,umol/100g/min,conscious,resting_conscious,TRUE,single_primary_reference,single,,reported_via_secondary_compilation,,macneill1988,"(MacNeill and Bryan, 1988)","(MacNeill and Bryan, 1988)",macneill1988,"(MacNeill and Bryan, 1988)",primary,journal_article,resolved,"(MacNeill and Bryan, 1988)",macneill1988
1754,Rattus norvegicus,Rattus,Kaufman__2004,TableA6,117,117,Neocortex,Neocortex,,CMRgl,cerebral_metabolic_rate,81.5,umol/100g/min,81.5,,6.0,umol/100g/min,conscious,resting_conscious,TRUE,single_primary_reference,single,,reported_via_secondary_compilation,,maekawa1986,"(Maekawa et al., 1986)","(Maekawa et al., 1986)",maekawa1986,"(Maekawa et al., 1986)",primary,journal_article,resolved,"(Maekawa et al., 1986)",maekawa1986
1755,Rattus norvegicus,Rattus,Kaufman__2004,TableA6,118,118,Neocortex,Neocortex,,CMRgl,cerebral_metabolic_rate,77,umol/100g/min,77.0,,6.0,umol/100g/min,conscious,resting_conscious,TRUE,single_primary_reference,single,,reported_via_secondary_compilation,,moore2000,"(Moore et al., 2000)","(Moore et al., 2000)",moore2000,"(Moore et al., 2000)",primary,journal_article,resolved,"(Moore et al., 2000)",moore2000
1756,Rattus norvegicus,Rattus,Kaufman__2004,TableA6,119,119,Neocortex,Neocortex,,CMRgl,cerebral_metabolic_rate,63.1,umol/100g/min,63.1,,6.0,umol/100g/min,conscious,resting_conscious,TRUE,single_primary_reference,single,,reported_via_secondary_compilation,,moore2000,"(Moore et al., 2000)","(Moore et al., 2000)",moore2000,"(Moore et al., 2000)",primary,journal_article,resolved,"(Moore et al., 2000)",moore2000
1757,Rattus norvegicus,Rattus,Kaufman__2004,TableA6,120,120,Neocortex,Neocortex,,CMRgl,cerebral_metabolic_rate,118.7,umol/100g/min,118.7,,6.0,umol/100g/min,conscious,resting_conscious,TRUE,single_primary_reference,single,,reported_via_secondary_compilation,,nehlig1985,"(Nehlig et al., 1985)","(Nehlig et al., 1985)",nehlig1985,"(Nehlig et al., 1985)",primary,journal_article,resolved,"(Nehlig et al., 1985)",nehlig1985
1758,Rattus norvegicus,Rattus,Kaufman__2004,TableA6,121,121,Neocortex,Neocortex,,CMRgl,cerebral_metabolic_rate,96.8,umol/100g/min,96.8,,6.0,umol/100g/min,conscious,resting_conscious,TRUE,single_primary_reference,single,,reported_via_secondary_compilation,,o1986,"(O rietal., 1986)","(O rietal., 1986)",o1986,"(O rietal., 1986)",primary,journal_article,resolved,"(O rietal., 1986)",o1986
1759,Rattus norvegicus,Rattus,Kaufman__2004,TableA6,122,122,Neocortex,Neocortex,,CMRgl,cerebral_metabolic_rate,99.5,umol/100g/min,99.5,,5.0,umol/100g/min,conscious,resting_conscious,TRUE,single_primary_reference,single,,reported_via_secondary_compilation,,orzi1983,"(Orzi et al., 1983)","(Orzi et al., 1983)",orzi1983,"(Orzi et al., 1983)",primary,journal_article,resolved,"(Orzi et al., 1983)",orzi1983
1760,Rattus norvegicus,Rattus,Kaufman__2004,TableA6,123,123,Neocortex,Neocortex,,CMRgl,cerebral_metabolic_rate,75.4,umol/100g/min,75.4,,6.0,umol/100g/min,conscious,resting_conscious,TRUE,single_primary_reference,single,,reported_via_secondary_compilation,,otori2003,"(Otori et al., 2003)","(Otori et al., 2003)",otori2003,"(Otori et al., 2003)",primary,journal_article,resolved,"(Otori et al., 2003)",otori2003
1761,Rattus norvegicus,Rattus,Kaufman__2004,TableA6,124,124,Neocortex,Neocortex,,CMRgl,cerebral_metabolic_rate,65.7,umol/100g/min,65.7,,5.0,umol/100g/min,anesthetized,resting_anesthetized,FALSE,single_primary_reference,single,,reported_via_secondary_compilation,anesthetized,ouchi1996,"(Ouchi et al., 1996)","(Ouchi et al., 1996)",ouchi1996,"(Ouchi et al., 1996)",primary,journal_article,resolved,"(Ouchi et al., 1996)",ouchi1996
1762,Rattus norvegicus,Rattus,Kaufman__2004,TableA6,125,125,Neocortex,Neocortex,,CMRgl,cerebral_metabolic_rate,103.1,umol/100g/min,103.1,,7.0,umol/100g/min,conscious,resting_conscious,TRUE,single_primary_reference,single,,reported_via_secondary_compilation,,poindessous1998,"(Poindessous-Jazat et al., 1998)","(Poindessous-Jazat et al., 1998)",poindessous1998,"(Poindessous-Jazat et al., 1998)",primary,journal_article,resolved,"(Poindessous-Jazat et al., 1998)",poindessous1998
1763,Rattus norvegicus,Rattus,Kaufman__2004,TableA6,126,126,Neocortex,Neocortex,,CMRgl,cerebral_metabolic_rate,91,umol/100g/min,91.0,,5.0,umol/100g/min,conscious,resting_conscious,TRUE,single_primary_reference,single,,reported_via_secondary_compilation,,poindessous1998,"(Poindessous-Jazat et al., 1998)","(Poindessous-Jazat et al., 1998)",poindessous1998,"(Poindessous-Jazat et al., 1998)",primary,journal_article,resolved,"(Poindessous-Jazat et al., 1998)",poindessous1998
1764,Rattus norvegicus,Rattus,Kaufman__2004,TableA6,127,127,Neocortex,Neocortex,,CMRgl,cerebral_metabolic_rate,86.4,umol/100g/min,86.4,,5.0,umol/100g/min,anesthetized,resting_anesthetized,FALSE,single_primary_reference,single,,reported_via_secondary_compilation,anesthetized,sakurada1978,"(Sakurada et al., 1978)","(Sakurada et al., 1978)",sakurada1978,"(Sakurada et al., 1978)",primary,journal_article,resolved,"(Sakurada et al., 1978)",sakurada1978
1765,Rattus norvegicus,Rattus,Kaufman__2004,TableA6,128,128,Neocortex,Neocortex,,CMRgl,cerebral_metabolic_rate,91.4,umol/100g/min,91.4,,7.0,umol/100g/min,conscious,resting_conscious,TRUE,single_primary_reference,single,,reported_via_secondary_compilation,,savaki1983,"(Savaki et al., 1983)","(Savaki et al., 1983)",savaki1983,"(Savaki et al., 1983)",primary,journal_article,resolved,"(Savaki et al., 1983)",savaki1983
1766,Rattus norvegicus,Rattus,Kaufman__2004,TableA6,129,129,Neocortex,Neocortex,,CMRgl,cerebral_metabolic_rate,115.3,umol/100g/min,115.3,,6.0,umol/100g/min,conscious,resting_conscious,TRUE,single_primary_reference,single,,reported_via_secondary_compilation,,schwartz1985,"(Schwartz and Crosby, 1985)","(Schwartz and Crosby, 1985)",schwartz1985,"(Schwartz and Crosby, 1985)",primary,journal_article,resolved,"(Schwartz and Crosby, 1985)",schwartz1985
1767,Rattus norvegicus,Rattus,Kaufman__2004,TableA6,130,130,Neocortex,Neocortex,,CMRgl,cerebral_metabolic_rate,1977,umol/100g/min,1977.0,,,umol/100g/min,unknown,resting_unknown,TRUE,single_primary_reference,single,,reported_via_secondary_compilation,,anonNA,(,(,anonNA,(,primary,journal_article,unresolved,(,anonNA
1768,Rattus norvegicus,Rattus,Kaufman__2004,TableA6,131,131,Neocortex,Neocortex,,CMRgl,cerebral_metabolic_rate,93.5,umol/100g/min,93.5,,16.0,umol/100g/min,conscious,resting_conscious,TRUE,single_primary_reference,single,,reported_via_secondary_compilation,,soncrant1992,"(Soncrant et al., 1992)","(Soncrant et al., 1992)",soncrant1992,"(Soncrant et al., 1992)",primary,journal_article,resolved,"(Soncrant et al., 1992)",soncrant1992
1769,Rattus norvegicus,Rattus,Kaufman__2004,TableA6,132,132,Neocortex,Neocortex,,CMRgl,cerebral_metabolic_rate,124,umol/100g/min,124.0,,5.0,umol/100g/min,conscious,resting_conscious,TRUE,single_primary_reference,single,,reported_via_secondary_compilation,,wechsler1979,"(Wechsler et al., 1979)","(Wechsler et al., 1979)",wechsler1979,"(Wechsler et al., 1979)",primary,journal_article,resolved,"(Wechsler et al., 1979)",wechsler1979
1770,Rattus norvegicus,Rattus,Kaufman__2004,TableA6,133,133,Neocortex,Neocortex,,CMRgl,cerebral_metabolic_rate,98.3,umol/100g/min,98.3,,16.0,umol/100g/min,conscious,resting_conscious,TRUE,single_primary_reference,single,,reported_via_secondary_compilation,,grome1981,"(Grome and McCulloch, 1981)","(Grome and McCulloch, 1981)",grome1981,"(Grome and McCulloch, 1981)",primary,journal_article,resolved,"(Grome and McCulloch, 1981)",grome1981
1771,Rattus norvegicus,Rattus,Kaufman__2004,TableA6,134,134,Neocortex,Neocortex,,CMRgl,cerebral_metabolic_rate,123,umol/100g/min,123.0,,5.0,umol/100g/min,conscious,resting_conscious,TRUE,single_primary_reference,single,,reported_via_secondary_compilation,,whitlow2002,"(Whitlow et al., 2002)","(Whitlow et al., 2002)",whitlow2002,"(Whitlow et al., 2002)",primary,journal_article,resolved,"(Whitlow et al., 2002)",whitlow2002
1772,Rattus norvegicus,Rattus,Kaufman__2004,TableA6,135,135,Neocortex,Neocortex,,CMRgl,cerebral_metabolic_rate,117.9,umol/100g/min,117.9,,5.0,umol/100g/min,conscious,resting_conscious,TRUE,single_primary_reference,single,,reported_via_secondary_compilation,,walker1999,"(Walker et al., 1999)","(Walker et al., 1999)",walker1999,"(Walker et al., 1999)",primary,journal_article,resolved,"(Walker et al., 1999)",walker1999
1773,Rattus norvegicus,Rattus,Kaufman__2004,TableA6,136,136,Neocortex,Neocortex,,CMRgl,cerebral_metabolic_rate,115,umol/100g/min,115.0,,4.0,umol/100g/min,conscious,resting_conscious,TRUE,single_primary_reference,single,,reported_via_secondary_compilation,,lear1981,"(Lear et al., 1981)","(Lear et al., 1981)",lear1981,"(Lear et al., 1981)",primary,journal_article,resolved,"(Lear et al., 1981)",lear1981
1774,Rattus norvegicus,Rattus,Kaufman__2004,TableA6,137,137,Neocortex,Neocortex,,CMRgl,cerebral_metabolic_rate,67.2,umol/100g/min,67.2,,6.0,umol/100g/min,anesthetized,resting_anesthetized,FALSE,single_primary_reference,single,,reported_via_secondary_compilation,anesthetized,mies1981,"(Mies et al., 1981)","(Mies et al., 1981)",mies1981,"(Mies et al., 1981)",primary,journal_article,resolved,"(Mies et al., 1981)",mies1981
1775,Rattus norvegicus,rat,Karbowski__2007,TableS9,1,1,Occipital_cortex,Occipital cortex,Occipital cortex,CMRgl,cerebral_metabolic_rate,1,umol/g/min,100.0,7.000000000000001,,umol/100g/min,unknown,resting_unknown,TRUE,single_primary_reference,single,,reported_via_secondary_compilation,,levant2004,Levant et al 2004,Levant et al 2004,levant2004,Levant et al 2004,primary,journal_article,resolved,Levant et al 2004,levant2004
1776,Rattus norvegicus,rat,Karbowski__2007,TableS9,2,2,Occipital_cortex,Occipital cortex,Occipital cortex,CMRgl,cerebral_metabolic_rate,0.83,umol/g/min,83.0,9.0,,umol/100g/min,unknown,resting_unknown,FALSE,single_primary_reference,single,,reported_via_secondary_compilation,duplicate_secondary_compilation,blin1991,Blin et al 1991,Blin et al 1991,blin1991,Blin et al 1991,primary,journal_article,resolved,Blin et al 1991,blin1991
1777,Rattus norvegicus,Rattus,Kaufman__2004,TableA11,64,64,Occipital_cortex,Occipital Cortex,,CMRgl,cerebral_metabolic_rate,97,umol/100g/min,97.0,,7.0,umol/100g/min,conscious,resting_conscious,TRUE,single_primary_reference,single,,reported_via_secondary_compilation,,bassant1996,"(Bassant et al., 1996)","(Bassant et al., 1996)",bassant1996,"(Bassant et al., 1996)",primary,journal_article,resolved,"(Bassant et al., 1996)",bassant1996
1778,Rattus norvegicus,Rattus,Kaufman__2004,TableA11,65,65,Occipital_cortex,Occipital Cortex,,CMRgl,cerebral_metabolic_rate,78,umol/100g/min,78.0,,8.0,umol/100g/min,conscious,resting_conscious,TRUE,single_primary_reference,single,,reported_via_secondary_compilation,,bassant1996,"(Bassant et al., 1996)","(Bassant et al., 1996)",bassant1996,"(Bassant et al., 1996)",primary,journal_article,resolved,"(Bassant et al., 1996)",bassant1996
1779,Rattus norvegicus,Rattus,Kaufman__2004,TableA11,66,66,Occipital_cortex,Occipital Cortex,,CMRgl,cerebral_metabolic_rate,82.6,umol/100g/min,82.6,,10.0,umol/100g/min,conscious,resting_conscious,TRUE,single_primary_reference,single,,reported_via_secondary_compilation,,blin1991,"(Blin et al., 1991)","(Blin et al., 1991)",blin1991,"(Blin et al., 1991)",primary,journal_article,resolved,"(Blin et al., 1991)",blin1991
1780,Rattus norvegicus,Rattus,Kaufman__2004,TableA11,67,67,Occipital_cortex,Occipital Cortex,,CMRgl,cerebral_metabolic_rate,71,umol/100g/min,71.0,,6.0,umol/100g/min,conscious,resting_conscious,TRUE,single_primary_reference,single,,reported_via_secondary_compilation,,bryan1983,"(Bryan et al., 1983)","(Bryan et al., 1983)",bryan1983,"(Bryan et al., 1983)",primary,journal_article,resolved,"(Bryan et al., 1983)",bryan1983
1781,Rattus norvegicus,Rattus,Kaufman__2004,TableA11,68,68,Occipital_cortex,Occipital Cortex,,CMRgl,cerebral_metabolic_rate,87,umol/100g/min,87.0,,10.0,umol/100g/min,conscious,resting_conscious,TRUE,single_primary_reference,single,,reported_via_secondary_compilation,,bryan1988,"(Bryan and Lehman, 1988)","(Bryan and Lehman, 1988)",bryan1988,"(Bryan and Lehman, 1988)",primary,journal_article,resolved,"(Bryan and Lehman, 1988)",bryan1988
1782,Rattus norvegicus,Rattus,Kaufman__2004,TableA11,69,69,Occipital_cortex,Occipital Cortex,,CMRgl,cerebral_metabolic_rate,98,umol/100g/min,98.0,,6.0,umol/100g/min,conscious,resting_conscious,TRUE,single_primary_reference,single,,reported_via_secondary_compilation,,crane1989,"(Crane and Porrino, 1989)","(Crane and Porrino, 1989)",crane1989,"(Crane and Porrino, 1989)",primary,journal_article,resolved,"(Crane and Porrino, 1989)",crane1989
1783,Rattus norvegicus,Rattus,Kaufman__2004,TableA11,70,70,Occipital_cortex,Occipital Cortex,,CMRgl,cerebral_metabolic_rate,98,umol/100g/min,98.0,,6.0,umol/100g/min,conscious,resting_conscious,TRUE,single_primary_reference,single,,reported_via_secondary_compilation,,crane1989,"(Crane and Porrino, 1989)","(Crane and Porrino, 1989)",crane1989,"(Crane and Porrino, 1989)",primary,journal_article,resolved,"(Crane and Porrino, 1989)",crane1989
1784,Rattus norvegicus,Rattus,Kaufman__2004,TableA11,71,71,Occipital_cortex,Occipital Cortex,,CMRgl,cerebral_metabolic_rate,94,umol/100g/min,94.0,,8.0,umol/100g/min,conscious,resting_conscious,TRUE,single_primary_reference,single,,reported_via_secondary_compilation,,crosby1982,"(Crosby et al., 1982)","(Crosby et al., 1982)",crosby1982,"(Crosby et al., 1982)",primary,journal_article,resolved,"(Crosby et al., 1982)",crosby1982
1785,Rattus norvegicus,Rattus,Kaufman__2004,TableA11,72,72,Occipital_cortex,Occipital Cortex,,CMRgl,cerebral_metabolic_rate,81,umol/100g/min,81.0,,5.0,umol/100g/min,conscious,resting_conscious,TRUE,single_primary_reference,single,,reported_via_secondary_compilation,,crosby1984,"(Crosby et al., 1984)","(Crosby et al., 1984)",crosby1984,"(Crosby et al., 1984)",primary,journal_article,resolved,"(Crosby et al., 1984)",crosby1984
1786,Rattus norvegicus,Rattus,Kaufman__2004,TableA11,73,73,Occipital_cortex,Occipital Cortex,,CMRgl,cerebral_metabolic_rate,100,umol/100g/min,100.0,,5.0,umol/100g/min,anesthetized,resting_anesthetized,FALSE,single_primary_reference,single,,reported_via_secondary_compilation,anesthetized,crosby1984,"(Crosby et al., 1984)","(Crosby et al., 1984)",crosby1984,"(Crosby et al., 1984)",primary,journal_article,resolved,"(Crosby et al., 1984)",crosby1984
1787,Rattus norvegicus,Rattus,Kaufman__2004,TableA11,74,74,Occipital_cortex,Occipital Cortex,,CMRgl,cerebral_metabolic_rate,114,umol/100g/min,114.0,,7.0,umol/100g/min,conscious,resting_conscious,TRUE,single_primary_reference,single,,reported_via_secondary_compilation,,cudennec1997,"(Cudennec et al., 1997)","(Cudennec et al., 1997)",cudennec1997,"(Cudennec et al., 1997)",primary,journal_article,resolved,"(Cudennec et al., 1997)",cudennec1997
1788,Rattus norvegicus,Rattus,Kaufman__2004,TableA11,76,76,Occipital_cortex,Occipital Cortex,,CMRgl,cerebral_metabolic_rate,94,umol/100g/min,94.0,,10.0,umol/100g/min,conscious,resting_conscious,TRUE,single_primary_reference,single,,reported_via_secondary_compilation,,davis1986,"(Davis et al., 1986)","(Davis et al., 1986)",davis1986,"(Davis et al., 1986)",primary,journal_article,resolved,"(Davis et al., 1986)",davis1986
1789,Rattus norvegicus,Rattus,Kaufman__2004,TableA11,77,77,Occipital_cortex,Occipital Cortex,,CMRgl,cerebral_metabolic_rate,110,umol/100g/min,110.0,,4.0,umol/100g/min,conscious,resting_conscious,TRUE,single_primary_reference,single,,reported_via_secondary_compilation,,dow1986,"(Dow-Edwards et al., 1986)","(Dow-Edwards et al., 1986)",dow1986,"(Dow-Edwards et al., 1986)",primary,journal_article,resolved,"(Dow-Edwards et al., 1986)",dow1986
1790,Rattus norvegicus,Rattus,Kaufman__2004,TableA11,78,78,Occipital_cortex,Occipital Cortex,,CMRgl,cerebral_metabolic_rate,95.6,umol/100g/min,95.6,,5.0,umol/100g/min,conscious,resting_conscious,TRUE,single_primary_reference,single,,reported_via_secondary_compilation,,duelli2000,"(Duelli et al., 2000)","(Duelli et al., 2000)",duelli2000,"(Duelli et al., 2000)",primary,journal_article,resolved,"(Duelli et al., 2000)",duelli2000
1791,Rattus norvegicus,Rattus,Kaufman__2004,TableA11,79,79,Occipital_cortex,Occipital Cortex,,CMRgl,cerebral_metabolic_rate,93,umol/100g/min,93.0,,6.0,umol/100g/min,conscious,resting_conscious,TRUE,single_primary_reference,single,,reported_via_secondary_compilation,,eintrei1999,"(Eintrei et al., 1999)","(Eintrei et al., 1999)",eintrei1999,"(Eintrei et al., 1999)",primary,journal_article,resolved,"(Eintrei et al., 1999)",eintrei1999
1792,Rattus norvegicus,Rattus,Kaufman__2004,TableA11,80,80,Occipital_cortex,Occipital Cortex,,CMRgl,cerebral_metabolic_rate,84,umol/100g/min,84.0,,12.0,umol/100g/min,conscious,resting_conscious,TRUE,single_primary_reference,single,,reported_via_secondary_compilation,,frietsch2000,"(Frietsch et al., 2000)","(Frietsch et al., 2000)",frietsch2000,"(Frietsch et al., 2000)",primary,journal_article,resolved,"(Frietsch et al., 2000)",frietsch2000
1793,Rattus norvegicus,Rattus,Kaufman__2004,TableA11,81,81,Occipital_cortex,Occipital Cortex,,CMRgl,cerebral_metabolic_rate,41,umol/100g/min,41.0,,12.0,umol/100g/min,anesthetized,resting_anesthetized,FALSE,single_primary_reference,single,,reported_via_secondary_compilation,anesthetized,frietsch2000,"(Frietsch et al., 2000)","(Frietsch et al., 2000)",frietsch2000,"(Frietsch et al., 2000)",primary,journal_article,resolved,"(Frietsch et al., 2000)",frietsch2000
1794,Rattus norvegicus,Rattus,Kaufman__2004,TableA11,82,82,Occipital_cortex,Occipital Cortex,,CMRgl,cerebral_metabolic_rate,82,umol/100g/min,82.0,,5.0,umol/100g/min,conscious,resting_conscious,TRUE,single_primary_reference,single,,reported_via_secondary_compilation,,furlow1983,"(Furlow et al., 1983)","(Furlow et al., 1983)",furlow1983,"(Furlow et al., 1983)",primary,journal_article,resolved,"(Furlow et al., 1983)",furlow1983
1795,Rattus norvegicus,Rattus,Kaufman__2004,TableA11,83,83,Occipital_cortex,Occipital Cortex,,CMRgl,cerebral_metabolic_rate,103,umol/100g/min,103.0,,7.0,umol/100g/min,conscious,resting_conscious,TRUE,single_primary_reference,single,,reported_via_secondary_compilation,,hakim1983,"(Hakim et al., 1983)","(Hakim et al., 1983)",hakim1983,"(Hakim et al., 1983)",primary,journal_article,resolved,"(Hakim et al., 1983)",hakim1983
1796,Rattus norvegicus,Rattus,Kaufman__2004,TableA11,84,84,Occipital_cortex,Occipital Cortex,,CMRgl,cerebral_metabolic_rate,107,umol/100g/min,107.0,,19.0,umol/100g/min,conscious,resting_conscious,TRUE,single_primary_reference,single,,reported_via_secondary_compilation,,hawkins1979,"(Hawkins et al., 1979)","(Hawkins et al., 1979)",hawkins1979,"(Hawkins et al., 1979)",primary,journal_article,resolved,"(Hawkins et al., 1979)",hawkins1979
1797,Rattus norvegicus,Rattus,Kaufman__2004,TableA11,85,85,Occipital_cortex,Occipital Cortex,,CMRgl,cerebral_metabolic_rate,96,umol/100g/min,96.0,,9.0,umol/100g/min,conscious,resting_conscious,TRUE,single_primary_reference,single,,reported_via_secondary_compilation,,hawkins1985,"(Hawkins et al., 1985)","(Hawkins et al., 1985)",hawkins1985,"(Hawkins et al., 1985)",primary,journal_article,resolved,"(Hawkins et al., 1985)",hawkins1985
1798,Rattus norvegicus,Rattus,Kaufman__2004,TableA11,86,86,Occipital_cortex,Occipital Cortex,,CMRgl,cerebral_metabolic_rate,65,umol/100g/min,65.0,,10.0,umol/100g/min,anesthetized,resting_anesthetized,FALSE,single_primary_reference,single,,reported_via_secondary_compilation,anesthetized,ingvar1980,"(Ingvar et al., 1980)","(Ingvar et al., 1980)",ingvar1980,"(Ingvar et al., 1980)",primary,journal_article,resolved,"(Ingvar et al., 1980)",ingvar1980
1799,Rattus norvegicus,Rattus,Kaufman__2004,TableA11,87,87,Occipital_cortex,Occipital Cortex,,CMRgl,cerebral_metabolic_rate,69,umol/100g/min,69.0,,6.0,umol/100g/min,conscious,resting_conscious,TRUE,single_primary_reference,single,,reported_via_secondary_compilation,,ingvar1982,"(Ingvar and Siesjo, 1982)","(Ingvar and Siesjo, 1982)",ingvar1982,"(Ingvar and Siesjo, 1982)",primary,journal_article,resolved,"(Ingvar and Siesjo, 1982)",ingvar1982
1800,Rattus norvegicus,Rattus,Kaufman__2004,TableA11,88,88,Occipital_cortex,Occipital Cortex,,CMRgl,cerebral_metabolic_rate,66,umol/100g/min,66.0,,10.0,umol/100g/min,anesthetized,resting_anesthetized,FALSE,single_primary_reference,single,,reported_via_secondary_compilation,anesthetized,ingvar1982,"(Ingvar and Siesjo, 1982)","(Ingvar and Siesjo, 1982)",ingvar1982,"(Ingvar and Siesjo, 1982)",primary,journal_article,resolved,"(Ingvar and Siesjo, 1982)",ingvar1982
1801,Rattus norvegicus,Rattus,Kaufman__2004,TableA11,89,89,Occipital_cortex,Occipital Cortex,,CMRgl,cerebral_metabolic_rate,122,umol/100g/min,122.0,,4.0,umol/100g/min,conscious,resting_conscious,TRUE,single_primary_reference,single,,reported_via_secondary_compilation,,lear1981,"(Lear et al., 1981)","(Lear et al., 1981)",lear1981,"(Lear et al., 1981)",primary,journal_article,resolved,"(Lear et al., 1981)",lear1981
1802,Rattus norvegicus,Rattus,Kaufman__2004,TableA11,90,90,Occipital_cortex,Occipital Cortex,,CMRgl,cerebral_metabolic_rate,79,umol/100g/min,79.0,,6.0,umol/100g/min,conscious,resting_conscious,TRUE,single_primary_reference,single,,reported_via_secondary_compilation,,lenz1998,"(Lenz et al., 1998)","(Lenz et al., 1998)",lenz1998,"(Lenz et al., 1998)",primary,journal_article,resolved,"(Lenz et al., 1998)",lenz1998
1803,Rattus norvegicus,Rattus,Kaufman__2004,TableA11,91,91,Occipital_cortex,Occipital Cortex,,CMRgl,cerebral_metabolic_rate,84,umol/100g/min,84.0,,10.0,umol/100g/min,conscious,resting_conscious,TRUE,single_primary_reference,single,,reported_via_secondary_compilation,,lu1983,"(Lu et al., 1983)","(Lu et al., 1983)",lu1983,"(Lu et al., 1983)",primary,journal_article,resolved,"(Lu et al., 1983)",lu1983
1804,Rattus norvegicus,Rattus,Kaufman__2004,TableA11,92,92,Occipital_cortex,Occipital Cortex,,CMRgl,cerebral_metabolic_rate,95,umol/100g/min,95.0,,10.0,umol/100g/min,conscious,resting_conscious,TRUE,single_primary_reference,single,,reported_via_secondary_compilation,,macneill1988,"(MacNeill and Bryan, 1988)","(MacNeill and Bryan, 1988)",macneill1988,"(MacNeill and Bryan, 1988)",primary,journal_article,resolved,"(MacNeill and Bryan, 1988)",macneill1988
1805,Rattus norvegicus,Rattus,Kaufman__2004,TableA11,93,93,Occipital_cortex,Occipital Cortex,,CMRgl,cerebral_metabolic_rate,75,umol/100g/min,75.0,,6.0,umol/100g/min,conscious,resting_conscious,TRUE,single_primary_reference,single,,reported_via_secondary_compilation,,maekawa1986,"(Maekawa et al., 1986)","(Maekawa et al., 1986)",maekawa1986,"(Maekawa et al., 1986)",primary,journal_article,resolved,"(Maekawa et al., 1986)",maekawa1986
1806,Rattus norvegicus,Rattus,Kaufman__2004,TableA11,94,94,Occipital_cortex,Occipital Cortex,,CMRgl,cerebral_metabolic_rate,117,umol/100g/min,117.0,,6.0,umol/100g/min,conscious,resting_conscious,TRUE,single_primary_reference,single,,reported_via_secondary_compilation,,nehlig1985,"(Nehlig et al., 1985)","(Nehlig et al., 1985)",nehlig1985,"(Nehlig et al., 1985)",primary,journal_article,resolved,"(Nehlig et al., 1985)",nehlig1985
1807,Rattus norvegicus,Rattus,Kaufman__2004,TableA11,95,95,Occipital_cortex,Occipital Cortex,,CMRgl,cerebral_metabolic_rate,94,umol/100g/min,94.0,,6.0,umol/100g/min,conscious,resting_conscious,TRUE,single_primary_reference,single,,reported_via_secondary_compilation,,ori1986,"(Ori et al., 1986)","(Ori et al., 1986)",ori1986,"(Ori et al., 1986)",primary,journal_article,resolved,"(Ori et al., 1986)",ori1986
1808,Rattus norvegicus,Rattus,Kaufman__2004,TableA11,96,96,Occipital_cortex,Occipital Cortex,,CMRgl,cerebral_metabolic_rate,98,umol/100g/min,98.0,,5.0,umol/100g/min,conscious,resting_conscious,TRUE,single_primary_reference,single,,reported_via_secondary_compilation,,o1983,"(O rzietal., 1983)","(O rzietal., 1983)",o1983,"(O rzietal., 1983)",primary,journal_article,resolved,"(O rzietal., 1983)",o1983
1809,Rattus norvegicus,Rattus,Kaufman__2004,TableA11,97,97,Occipital_cortex,Occipital Cortex,,CMRgl,cerebral_metabolic_rate,74.3,umol/100g/min,74.3,,6.0,umol/100g/min,conscious,resting_conscious,TRUE,single_primary_reference,single,,reported_via_secondary_compilation,,otori2003,"(Otori et al., 2003)","(Otori et al., 2003)",otori2003,"(Otori et al., 2003)",primary,journal_article,resolved,"(Otori et al., 2003)",otori2003
1810,Rattus norvegicus,Rattus,Kaufman__2004,TableA11,98,98,Occipital_cortex,Occipital Cortex,,CMRgl,cerebral_metabolic_rate,97,umol/100g/min,97.0,,7.0,umol/100g/min,conscious,resting_conscious,TRUE,single_primary_reference,single,,reported_via_secondary_compilation,,poindessous1998,"(Poindessous-Jazat et al., 1998)","(Poindessous-Jazat et al., 1998)",poindessous1998,"(Poindessous-Jazat et al., 1998)",primary,journal_article,resolved,"(Poindessous-Jazat et al., 1998)",poindessous1998
1811,Rattus norvegicus,Rattus,Kaufman__2004,TableA11,99,99,Occipital_cortex,Occipital Cortex,,CMRgl,cerebral_metabolic_rate,83.3,umol/100g/min,83.3,,,umol/100g/min,conscious,resting_conscious,TRUE,single_primary_reference,single,,reported_via_secondary_compilation,,poindessous1998,"(Poindessous-Jazat et al., 1998)","(Poindessous-Jazat et al., 1998)",poindessous1998,"(Poindessous-Jazat et al., 1998)",primary,journal_article,resolved,"(Poindessous-Jazat et al., 1998)",poindessous1998
1812,Rattus norvegicus,Rattus,Kaufman__2004,TableA11,100,100,Occipital_cortex,Occipital Cortex,,CMRgl,cerebral_metabolic_rate,76,umol/100g/min,76.0,,5.0,umol/100g/min,anesthetized,resting_anesthetized,FALSE,single_primary_reference,single,,reported_via_secondary_compilation,anesthetized,sakurada1978,"(Sakurada et al., 1978)","(Sakurada et al., 1978)",sakurada1978,"(Sakurada et al., 1978)",primary,journal_article,resolved,"(Sakurada et al., 1978)",sakurada1978
1813,Rattus norvegicus,Rattus,Kaufman__2004,TableA11,101,101,Occipital_cortex,Occipital Cortex,,CMRgl,cerebral_metabolic_rate,83,umol/100g/min,83.0,,7.0,umol/100g/min,conscious,resting_conscious,TRUE,single_primary_reference,single,,reported_via_secondary_compilation,,savaki1983,"(Savaki et al., 1983)","(Savaki et al., 1983)",savaki1983,"(Savaki et al., 1983)",primary,journal_article,resolved,"(Savaki et al., 1983)",savaki1983
1814,Rattus norvegicus,Rattus,Kaufman__2004,TableA11,102,102,Occipital_cortex,Occipital Cortex,,CMRgl,cerebral_metabolic_rate,116,umol/100g/min,116.0,,6.0,umol/100g/min,conscious,resting_conscious,TRUE,single_primary_reference,single,,reported_via_secondary_compilation,,schwartz1985,"(Schwartz and Crosby, 1985)","(Schwartz and Crosby, 1985)",schwartz1985,"(Schwartz and Crosby, 1985)",primary,journal_article,resolved,"(Schwartz and Crosby, 1985)",schwartz1985
1815,Rattus norvegicus,Rattus,Kaufman__2004,TableA11,103,103,Occipital_cortex,Occipital Cortex,,CMRgl,cerebral_metabolic_rate,1977,umol/100g/min,1977.0,,,umol/100g/min,unknown,resting_unknown,TRUE,single_primary_reference,single,,reported_via_secondary_compilation,,anonNA,(,(,anonNA,(,primary,journal_article,unresolved,(,anonNA
1816,Rattus norvegicus,Rattus,Kaufman__2004,TableA11,104,104,Occipital_cortex,Occipital Cortex,,CMRgl,cerebral_metabolic_rate,96.2,umol/100g/min,96.2,,16.0,umol/100g/min,conscious,resting_conscious,TRUE,single_primary_reference,single,,reported_via_secondary_compilation,,soncrant1992,"(Soncrant et al., 1992)","(Soncrant et al., 1992)",soncrant1992,"(Soncrant et al., 1992)",primary,journal_article,resolved,"(Soncrant et al., 1992)",soncrant1992
1817,Rattus norvegicus,Rattus,Kaufman__2004,TableA11,105,105,Occipital_cortex,Occipital Cortex,,CMRgl,cerebral_metabolic_rate,102,umol/100g/min,102.0,,5.0,umol/100g/min,conscious,resting_conscious,TRUE,single_primary_reference,single,,reported_via_secondary_compilation,,wechsler1979,"(Wechsler et al., 1979)","(Wechsler et al., 1979)",wechsler1979,"(Wechsler et al., 1979)",primary,journal_article,resolved,"(Wechsler et al., 1979)",wechsler1979
1818,Rattus norvegicus,Rattus,Kaufman__2004,TableA11,106,106,Occipital_cortex,Occipital Cortex,,CMRgl,cerebral_metabolic_rate,114.4,umol/100g/min,114.4,,5.0,umol/100g/min,conscious,resting_conscious,TRUE,single_primary_reference,single,,reported_via_secondary_compilation,,walker1999,"(Walker et al., 1999)","(Walker et al., 1999)",walker1999,"(Walker et al., 1999)",primary,journal_article,resolved,"(Walker et al., 1999)",walker1999
1819,Rattus norvegicus,rat,Karbowski__2007,TableS21,2,2,Pallidum,Globus pallidus,Globus pallidus,CMRgl,cerebral_metabolic_rate,0.46,umol/g/min,46.0,2.0,,umol/100g/min,unknown,resting_unknown,TRUE,single_primary_reference,single,,reported_via_secondary_compilation,,nehling1988,Nehling et al 1988,Nehling et al 1988,nehling1988,Nehling et al 1988,primary,journal_article,resolved,Nehling et al 1988,nehling1988
1820,Rattus norvegicus,rat,Karbowski__2007,TableS21,3,3,Pallidum,Globus pallidus,Globus pallidus,CMRgl,cerebral_metabolic_rate,0.42,umol/g/min,42.0,4.0,,umol/100g/min,unknown,resting_unknown,TRUE,single_primary_reference,single,,reported_via_secondary_compilation,,dube2001,Dube et al 2001,Dube et al 2001,dube2001,Dube et al 2001,primary,journal_article,resolved,Dube et al 2001,dube2001
1821,Rattus norvegicus,rat,Karbowski__2007,TableS21,4,4,Pallidum,Globus pallidus,Globus pallidus,CMRgl,cerebral_metabolic_rate,0.45,umol/g/min,45.0,5.0,,umol/100g/min,unknown,resting_unknown,TRUE,single_primary_reference,single,,reported_via_secondary_compilation,,waschke1993,Waschke et al 1993,Waschke et al 1993,waschke1993,Waschke et al 1993,primary,journal_article,resolved,Waschke et al 1993,waschke1993
1822,Rattus norvegicus,rat,Karbowski__2007,TableS21,5,5,Pallidum,Globus pallidus,Globus pallidus,CMRgl,cerebral_metabolic_rate,0.44,umol/g/min,44.0,6.0,,umol/100g/min,unknown,resting_unknown,TRUE,single_primary_reference,single,,reported_via_secondary_compilation,,nehling2000,Nehling et al 2000,Nehling et al 2000,nehling2000,Nehling et al 2000,primary,journal_article,resolved,Nehling et al 2000,nehling2000
1823,Rattus norvegicus,rat,Karbowski__2007,TableS21,6,6,Pallidum,Globus pallidus,Globus pallidus,CMRgl,cerebral_metabolic_rate,0.57,umol/g/min,56.99999999999999,5.0,,umol/100g/min,unknown,resting_unknown,TRUE,single_primary_reference,single,,reported_via_secondary_compilation,,zocchi2001,Zocchi et al 2001,Zocchi et al 2001,zocchi2001,Zocchi et al 2001,primary,journal_article,resolved,Zocchi et al 2001,zocchi2001
1824,Rattus norvegicus,rat,Karbowski__2007,TableS21,7,7,Pallidum,Globus pallidus,Globus pallidus,CMRgl,cerebral_metabolic_rate,0.44,umol/g/min,44.0,4.0,,umol/100g/min,unknown,resting_unknown,TRUE,single_primary_reference,single,,reported_via_secondary_compilation,,levant2004,Levant et al 2004,Levant et al 2004,levant2004,Levant et al 2004,primary,journal_article,resolved,Levant et al 2004,levant2004
1825,Rattus norvegicus,rat,Karbowski__2007,TableS10,1,1,Parietal_cortex,Parietal cortex,Parietal cortex,CMRgl,cerebral_metabolic_rate,0.77,umol/g/min,77.0,8.0,,umol/100g/min,unknown,resting_unknown,TRUE,single_primary_reference,single,,reported_via_secondary_compilation,,waschke1993,Waschke et al 1993,Waschke et al 1993,waschke1993,Waschke et al 1993,primary,journal_article,resolved,Waschke et al 1993,waschke1993
1826,Rattus norvegicus,rat,Karbowski__2007,TableS10,2,2,Parietal_cortex,Parietal cortex,Parietal cortex,CMRgl,cerebral_metabolic_rate,0.89,umol/g/min,89.0,11.0,,umol/100g/min,unknown,resting_unknown,TRUE,single_primary_reference,single,,reported_via_secondary_compilation,,dube2001,Dube et al 2001,Dube et al 2001,dube2001,Dube et al 2001,primary,journal_article,resolved,Dube et al 2001,dube2001
1827,Rattus norvegicus,rat,Karbowski__2007,TableS10,3,3,Parietal_cortex,Parietal cortex,Parietal cortex,CMRgl,cerebral_metabolic_rate,0.96,umol/g/min,96.0,4.0,,umol/100g/min,unknown,resting_unknown,TRUE,single_primary_reference,single,,reported_via_secondary_compilation,,levant2004,Levant et al 2004,Levant et al 2004,levant2004,Levant et al 2004,primary,journal_article,resolved,Levant et al 2004,levant2004
1828,Rattus norvegicus,Rattus,Kaufman__2004,TableA8,64,64,Parietal_cortex,Parietal Cortex,,CMRgl,cerebral_metabolic_rate,97,umol/100g/min,97.0,,7.0,umol/100g/min,conscious,resting_conscious,TRUE,single_primary_reference,single,,reported_via_secondary_compilation,,bassant1996,"(Bassant et al., 1996)","(Bassant et al., 1996)",bassant1996,"(Bassant et al., 1996)",primary,journal_article,resolved,"(Bassant et al., 1996)",bassant1996
1829,Rattus norvegicus,Rattus,Kaufman__2004,TableA8,65,65,Parietal_cortex,Parietal Cortex,,CMRgl,cerebral_metabolic_rate,89,umol/100g/min,89.0,,8.0,umol/100g/min,conscious,resting_conscious,TRUE,single_primary_reference,single,,reported_via_secondary_compilation,,bassant1996,"(Bassant et al., 1996)","(Bassant et al., 1996)",bassant1996,"(Bassant et al., 1996)",primary,journal_article,resolved,"(Bassant et al., 1996)",bassant1996
1830,Rattus norvegicus,Rattus,Kaufman__2004,TableA8,66,66,Parietal_cortex,Parietal Cortex,,CMRgl,cerebral_metabolic_rate,76.4,umol/100g/min,76.4,,10.0,umol/100g/min,conscious,resting_conscious,TRUE,single_primary_reference,single,,reported_via_secondary_compilation,,blin1991,"(Blin et al., 1991)","(Blin et al., 1991)",blin1991,"(Blin et al., 1991)",primary,journal_article,resolved,"(Blin et al., 1991)",blin1991
1831,Rattus norvegicus,Rattus,Kaufman__2004,TableA8,67,67,Parietal_cortex,Parietal Cortex,,CMRgl,cerebral_metabolic_rate,77,umol/100g/min,77.0,,6.0,umol/100g/min,conscious,resting_conscious,TRUE,single_primary_reference,single,,reported_via_secondary_compilation,,bryan1983,"(Bryan et al., 1983)","(Bryan et al., 1983)",bryan1983,"(Bryan et al., 1983)",primary,journal_article,resolved,"(Bryan et al., 1983)",bryan1983
1832,Rattus norvegicus,Rattus,Kaufman__2004,TableA8,68,68,Parietal_cortex,Parietal Cortex,,CMRgl,cerebral_metabolic_rate,90,umol/100g/min,90.0,,8.0,umol/100g/min,conscious,resting_conscious,TRUE,single_primary_reference,single,,reported_via_secondary_compilation,,crosby1982,"(Crosby et al., 1982)","(Crosby et al., 1982)",crosby1982,"(Crosby et al., 1982)",primary,journal_article,resolved,"(Crosby et al., 1982)",crosby1982
1833,Rattus norvegicus,Rattus,Kaufman__2004,TableA8,69,69,Parietal_cortex,Parietal Cortex,,CMRgl,cerebral_metabolic_rate,112,umol/100g/min,112.0,,7.0,umol/100g/min,conscious,resting_conscious,TRUE,single_primary_reference,single,,reported_via_secondary_compilation,,cudennec1997,"(Cudennec et al., 1997)","(Cudennec et al., 1997)",cudennec1997,"(Cudennec et al., 1997)",primary,journal_article,resolved,"(Cudennec et al., 1997)",cudennec1997
1834,Rattus norvegicus,Rattus,Kaufman__2004,TableA8,70,70,Parietal_cortex,Parietal Cortex,,CMRgl,cerebral_metabolic_rate,96,umol/100g/min,96.0,,10.0,umol/100g/min,conscious,resting_conscious,TRUE,single_primary_reference,single,,reported_via_secondary_compilation,,davis1986,"(Davis et al., 1986)","(Davis et al., 1986)",davis1986,"(Davis et al., 1986)",primary,journal_article,resolved,"(Davis et al., 1986)",davis1986
1835,Rattus norvegicus,Rattus,Kaufman__2004,TableA8,71,71,Parietal_cortex,Parietal Cortex,,CMRgl,cerebral_metabolic_rate,110,umol/100g/min,110.0,,4.0,umol/100g/min,conscious,resting_conscious,TRUE,single_primary_reference,single,,reported_via_secondary_compilation,,dow1986,"(Dow-Edwards et al., 1986)","(Dow-Edwards et al., 1986)",dow1986,"(Dow-Edwards et al., 1986)",primary,journal_article,resolved,"(Dow-Edwards et al., 1986)",dow1986
1836,Rattus norvegicus,Rattus,Kaufman__2004,TableA8,72,72,Parietal_cortex,Parietal Cortex,,CMRgl,cerebral_metabolic_rate,87,umol/100g/min,87.0,,5.0,umol/100g/min,conscious,resting_conscious,TRUE,single_primary_reference,single,,reported_via_secondary_compilation,,duelli2000,"(Duelli et al., 2000)","(Duelli et al., 2000)",duelli2000,"(Duelli et al., 2000)",primary,journal_article,resolved,"(Duelli et al., 2000)",duelli2000
1837,Rattus norvegicus,Rattus,Kaufman__2004,TableA8,73,73,Parietal_cortex,Parietal Cortex,,CMRgl,cerebral_metabolic_rate,85,umol/100g/min,85.0,,12.0,umol/100g/min,conscious,resting_conscious,TRUE,single_primary_reference,single,,reported_via_secondary_compilation,,frietsch2000,"(Frietsch et al., 2000)","(Frietsch et al., 2000)",frietsch2000,"(Frietsch et al., 2000)",primary,journal_article,resolved,"(Frietsch et al., 2000)",frietsch2000
1838,Rattus norvegicus,Rattus,Kaufman__2004,TableA8,74,74,Parietal_cortex,Parietal Cortex,,CMRgl,cerebral_metabolic_rate,39,umol/100g/min,39.0,,12.0,umol/100g/min,conscious,resting_conscious,TRUE,single_primary_reference,single,,reported_via_secondary_compilation,,frietsch2000,"(Frietsch et al., 2000)","(Frietsch et al., 2000)",frietsch2000,"(Frietsch et al., 2000)",primary,journal_article,resolved,"(Frietsch et al., 2000)",frietsch2000
1839,Rattus norvegicus,Rattus,Kaufman__2004,TableA8,75,75,Parietal_cortex,Parietal Cortex,,CMRgl,cerebral_metabolic_rate,76,umol/100g/min,76.0,,5.0,umol/100g/min,conscious,resting_conscious,TRUE,single_primary_reference,single,,reported_via_secondary_compilation,,furlow1983,"(Furlow et al., 1983)","(Furlow et al., 1983)",furlow1983,"(Furlow et al., 1983)",primary,journal_article,resolved,"(Furlow et al., 1983)",furlow1983
1840,Rattus norvegicus,Rattus,Kaufman__2004,TableA8,76,76,Parietal_cortex,Parietal Cortex,,CMRgl,cerebral_metabolic_rate,86,umol/100g/min,86.0,,16.0,umol/100g/min,conscious,resting_conscious,TRUE,single_primary_reference,single,,reported_via_secondary_compilation,,grome1981,"(Grome and McCulloch, 1981)","(Grome and McCulloch, 1981)",grome1981,"(Grome and McCulloch, 1981)",primary,journal_article,resolved,"(Grome and McCulloch, 1981)",grome1981
1841,Rattus norvegicus,Rattus,Kaufman__2004,TableA8,77,77,Parietal_cortex,Parietal Cortex,,CMRgl,cerebral_metabolic_rate,89,umol/100g/min,89.0,,6.0,umol/100g/min,conscious,resting_conscious,TRUE,single_primary_reference,single,,reported_via_secondary_compilation,,grome1983,"(Grome and McCulloch, 1983)","(Grome and McCulloch, 1983)",grome1983,"(Grome and McCulloch, 1983)",primary,journal_article,resolved,"(Grome and McCulloch, 1983)",grome1983
1842,Rattus norvegicus,Rattus,Kaufman__2004,TableA8,78,78,Parietal_cortex,Parietal Cortex,,CMRgl,cerebral_metabolic_rate,108,umol/100g/min,108.0,,7.0,umol/100g/min,conscious,resting_conscious,TRUE,single_primary_reference,single,,reported_via_secondary_compilation,,hakim1983,"(Hakim et al., 1983)","(Hakim et al., 1983)",hakim1983,"(Hakim et al., 1983)",primary,journal_article,resolved,"(Hakim et al., 1983)",hakim1983
1843,Rattus norvegicus,Rattus,Kaufman__2004,TableA8,79,79,Parietal_cortex,Parietal Cortex,,CMRgl,cerebral_metabolic_rate,123,umol/100g/min,123.0,,19.0,umol/100g/min,conscious,resting_conscious,TRUE,single_primary_reference,single,,reported_via_secondary_compilation,,hawkins1979,"(Hawkins et al., 1979)","(Hawkins et al., 1979)",hawkins1979,"(Hawkins et al., 1979)",primary,journal_article,resolved,"(Hawkins et al., 1979)",hawkins1979
1844,Rattus norvegicus,Rattus,Kaufman__2004,TableA8,80,80,Parietal_cortex,Parietal Cortex,,CMRgl,cerebral_metabolic_rate,105,umol/100g/min,105.0,,9.0,umol/100g/min,conscious,resting_conscious,TRUE,single_primary_reference,single,,reported_via_secondary_compilation,,hawkins1985,"(Hawkins et al., 1985)","(Hawkins et al., 1985)",hawkins1985,"(Hawkins et al., 1985)",primary,journal_article,resolved,"(Hawkins et al., 1985)",hawkins1985
1845,Rattus norvegicus,Rattus,Kaufman__2004,TableA8,81,81,Parietal_cortex,Parietal Cortex,,CMRgl,cerebral_metabolic_rate,69,umol/100g/min,69.0,,10.0,umol/100g/min,anesthetized,resting_anesthetized,FALSE,single_primary_reference,single,,reported_via_secondary_compilation,anesthetized,ingvar1980,"(Ingvar et al., 1980)","(Ingvar et al., 1980)",ingvar1980,"(Ingvar et al., 1980)",primary,journal_article,resolved,"(Ingvar et al., 1980)",ingvar1980
1846,Rattus norvegicus,Rattus,Kaufman__2004,TableA8,82,82,Parietal_cortex,Parietal Cortex,,CMRgl,cerebral_metabolic_rate,68,umol/100g/min,68.0,,6.0,umol/100g/min,conscious,resting_conscious,TRUE,single_primary_reference,single,,reported_via_secondary_compilation,,ingvar1982,"(Ingvar and Siesjo, 1982)","(Ingvar and Siesjo, 1982)",ingvar1982,"(Ingvar and Siesjo, 1982)",primary,journal_article,resolved,"(Ingvar and Siesjo, 1982)",ingvar1982
1847,Rattus norvegicus,Rattus,Kaufman__2004,TableA8,83,83,Parietal_cortex,Parietal Cortex,,CMRgl,cerebral_metabolic_rate,65,umol/100g/min,65.0,,10.0,umol/100g/min,anesthetized,resting_anesthetized,FALSE,single_primary_reference,single,,reported_via_secondary_compilation,anesthetized,ingvar1982,"(Ingvar and Siesjo, 1982)","(Ingvar and Siesjo, 1982)",ingvar1982,"(Ingvar and Siesjo, 1982)",primary,journal_article,resolved,"(Ingvar and Siesjo, 1982)",ingvar1982
1848,Rattus norvegicus,Rattus,Kaufman__2004,TableA8,84,84,Parietal_cortex,Parietal Cortex,,CMRgl,cerebral_metabolic_rate,90.8,umol/100g/min,90.8,,5.0,umol/100g/min,conscious,resting_conscious,TRUE,single_primary_reference,single,,reported_via_secondary_compilation,,katsumata2001,"(Katsumata et al., 2001)","(Katsumata et al., 2001)",katsumata2001,"(Katsumata et al., 2001)",primary,journal_article,resolved,"(Katsumata et al., 2001)",katsumata2001
1849,Rattus norvegicus,Rattus,Kaufman__2004,TableA8,85,85,Parietal_cortex,Parietal Cortex,,CMRgl,cerebral_metabolic_rate,76,umol/100g/min,76.0,,6.0,umol/100g/min,conscious,resting_conscious,TRUE,single_primary_reference,single,,reported_via_secondary_compilation,,lenz1998,"(Lenz et al., 1998)","(Lenz et al., 1998)",lenz1998,"(Lenz et al., 1998)",primary,journal_article,resolved,"(Lenz et al., 1998)",lenz1998
1850,Rattus norvegicus,Rattus,Kaufman__2004,TableA8,86,86,Parietal_cortex,Parietal Cortex,,CMRgl,cerebral_metabolic_rate,96,umol/100g/min,96.0,,10.0,umol/100g/min,conscious,resting_conscious,TRUE,single_primary_reference,single,,reported_via_secondary_compilation,,lu1983,"(Lu et al., 1983)","(Lu et al., 1983)",lu1983,"(Lu et al., 1983)",primary,journal_article,resolved,"(Lu et al., 1983)",lu1983
1851,Rattus norvegicus,Rattus,Kaufman__2004,TableA8,87,87,Parietal_cortex,Parietal Cortex,,CMRgl,cerebral_metabolic_rate,74.9,umol/100g/min,74.9,,6.0,umol/100g/min,conscious,resting_conscious,TRUE,single_primary_reference,single,,reported_via_secondary_compilation,,moore2000,"(Moore et al., 2000)","(Moore et al., 2000)",moore2000,"(Moore et al., 2000)",primary,journal_article,resolved,"(Moore et al., 2000)",moore2000
1852,Rattus norvegicus,Rattus,Kaufman__2004,TableA8,88,88,Parietal_cortex,Parietal Cortex,,CMRgl,cerebral_metabolic_rate,61.1,umol/100g/min,61.1,,6.0,umol/100g/min,conscious,resting_conscious,TRUE,single_primary_reference,single,,reported_via_secondary_compilation,,moore2000,"(Moore et al., 2000)","(Moore et al., 2000)",moore2000,"(Moore et al., 2000)",primary,journal_article,resolved,"(Moore et al., 2000)",moore2000
1853,Rattus norvegicus,Rattus,Kaufman__2004,TableA8,89,89,Parietal_cortex,Parietal Cortex,,CMRgl,cerebral_metabolic_rate,106,umol/100g/min,106.0,,6.0,umol/100g/min,conscious,resting_conscious,TRUE,single_primary_reference,single,,reported_via_secondary_compilation,,nehlig1985,"(Nehlig et al., 1985)","(Nehlig et al., 1985)",nehlig1985,"(Nehlig et al., 1985)",primary,journal_article,resolved,"(Nehlig et al., 1985)",nehlig1985
1854,Rattus norvegicus,Rattus,Kaufman__2004,TableA8,90,90,Parietal_cortex,Parietal Cortex,,CMRgl,cerebral_metabolic_rate,92,umol/100g/min,92.0,,5.0,umol/100g/min,conscious,resting_conscious,TRUE,single_primary_reference,single,,reported_via_secondary_compilation,,orzi1983,"(Orzi et al., 1983)","(Orzi et al., 1983)",orzi1983,"(Orzi et al., 1983)",primary,journal_article,resolved,"(Orzi et al., 1983)",orzi1983
1855,Rattus norvegicus,Rattus,Kaufman__2004,TableA8,91,91,Parietal_cortex,Parietal Cortex,,CMRgl,cerebral_metabolic_rate,73.4,umol/100g/min,73.4,,6.0,umol/100g/min,conscious,resting_conscious,TRUE,single_primary_reference,single,,reported_via_secondary_compilation,,otori2003,"(Otori et al., 2003)","(Otori et al., 2003)",otori2003,"(Otori et al., 2003)",primary,journal_article,resolved,"(Otori et al., 2003)",otori2003
1856,Rattus norvegicus,Rattus,Kaufman__2004,TableA8,92,92,Parietal_cortex,Parietal Cortex,,CMRgl,cerebral_metabolic_rate,104,umol/100g/min,104.0,,7.0,umol/100g/min,conscious,resting_conscious,TRUE,single_primary_reference,single,,reported_via_secondary_compilation,,poindessous1998,"(Poindessous-Jazat et al., 1998)","(Poindessous-Jazat et al., 1998)",poindessous1998,"(Poindessous-Jazat et al., 1998)",primary,journal_article,resolved,"(Poindessous-Jazat et al., 1998)",poindessous1998
1857,Rattus norvegicus,Rattus,Kaufman__2004,TableA8,93,93,Parietal_cortex,Parietal Cortex,,CMRgl,cerebral_metabolic_rate,94.3,umol/100g/min,94.3,,5.0,umol/100g/min,conscious,resting_conscious,TRUE,single_primary_reference,single,,reported_via_secondary_compilation,,poindessous1998,"(Poindessous-Jazat et al., 1998)","(Poindessous-Jazat et al., 1998)",poindessous1998,"(Poindessous-Jazat et al., 1998)",primary,journal_article,resolved,"(Poindessous-Jazat et al., 1998)",poindessous1998
1858,Rattus norvegicus,Rattus,Kaufman__2004,TableA8,94,94,Parietal_cortex,Parietal Cortex,,CMRgl,cerebral_metabolic_rate,79,umol/100g/min,79.0,,5.0,umol/100g/min,anesthetized,resting_anesthetized,FALSE,single_primary_reference,single,,reported_via_secondary_compilation,anesthetized,sakurada1978,"(Sakurada et al., 1978)","(Sakurada et al., 1978)",sakurada1978,"(Sakurada et al., 1978)",primary,journal_article,resolved,"(Sakurada et al., 1978)",sakurada1978
1859,Rattus norvegicus,Rattus,Kaufman__2004,TableA8,95,95,Parietal_cortex,Parietal Cortex,,CMRgl,cerebral_metabolic_rate,93,umol/100g/min,93.0,,7.0,umol/100g/min,conscious,resting_conscious,TRUE,single_primary_reference,single,,reported_via_secondary_compilation,,savaki1983,"(Savaki et al., 1983)","(Savaki et al., 1983)",savaki1983,"(Savaki et al., 1983)",primary,journal_article,resolved,"(Savaki et al., 1983)",savaki1983
1860,Rattus norvegicus,Rattus,Kaufman__2004,TableA8,96,96,Parietal_cortex,Parietal Cortex,,CMRgl,cerebral_metabolic_rate,97,umol/100g/min,97.0,,6.0,umol/100g/min,conscious,resting_conscious,TRUE,single_primary_reference,single,,reported_via_secondary_compilation,,schwartz1985,"(Schwartz and Crosby, 1985)","(Schwartz and Crosby, 1985)",schwartz1985,"(Schwartz and Crosby, 1985)",primary,journal_article,resolved,"(Schwartz and Crosby, 1985)",schwartz1985
1861,Rattus norvegicus,Rattus,Kaufman__2004,TableA8,97,97,Parietal_cortex,Parietal Cortex,,CMRgl,cerebral_metabolic_rate,1977,umol/100g/min,1977.0,,,umol/100g/min,unknown,resting_unknown,TRUE,single_primary_reference,single,,reported_via_secondary_compilation,,anonNA,(,(,anonNA,(,primary,journal_article,unresolved,(,anonNA
1862,Rattus norvegicus,Rattus,Kaufman__2004,TableA8,98,98,Parietal_cortex,Parietal Cortex,,CMRgl,cerebral_metabolic_rate,92.8,umol/100g/min,92.8,,16.0,umol/100g/min,conscious,resting_conscious,TRUE,single_primary_reference,single,,reported_via_secondary_compilation,,soncrant1992,"(Soncrant et al., 1992)","(Soncrant et al., 1992)",soncrant1992,"(Soncrant et al., 1992)",primary,journal_article,resolved,"(Soncrant et al., 1992)",soncrant1992
1863,Rattus norvegicus,Rattus,Kaufman__2004,TableA8,99,99,Parietal_cortex,Parietal Cortex,,CMRgl,cerebral_metabolic_rate,109.9,umol/100g/min,109.9,,5.0,umol/100g/min,conscious,resting_conscious,TRUE,single_primary_reference,single,,reported_via_secondary_compilation,,walker1999,"(Walker et al., 1999)","(Walker et al., 1999)",walker1999,"(Walker et al., 1999)",primary,journal_article,resolved,"(Walker et al., 1999)",walker1999
1864,Rattus norvegicus,Rattus,Kaufman__2004,TableA8,100,100,Parietal_cortex,Parietal Cortex,,CMRgl,cerebral_metabolic_rate,109,umol/100g/min,109.0,,5.0,umol/100g/min,conscious,resting_conscious,TRUE,single_primary_reference,single,,reported_via_secondary_compilation,,wechsler1979,"(Wechsler et al., 1979)","(Wechsler et al., 1979)",wechsler1979,"(Wechsler et al., 1979)",primary,journal_article,resolved,"(Wechsler et al., 1979)",wechsler1979
1865,Rattus norvegicus,rat,Karbowski__2007,TableS4,2,2,Prefrontal_cortex,Prefrontal cortex,Prefrontal cortex,CMRgl,cerebral_metabolic_rate,0.99,umol/g/min,99.0,15.0,,umol/100g/min,unknown,resting_unknown,TRUE,single_primary_reference,single,,reported_via_secondary_compilation,,dube2001,Dube et al 2001,Dube et al 2001,dube2001,Dube et al 2001,primary,journal_article,resolved,Dube et al 2001,dube2001
1866,Rattus norvegicus,rat,Karbowski__2007,TableS4,3,3,Prefrontal_cortex,Prefrontal cortex,Prefrontal cortex,CMRgl,cerebral_metabolic_rate,1.03,umol/g/min,103.0,5.0,,umol/100g/min,unknown,resting_unknown,TRUE,single_primary_reference,single,,reported_via_secondary_compilation,,nehling1988,Nehling et al 1988,Nehling et al 1988,nehling1988,Nehling et al 1988,primary,journal_article,resolved,Nehling et al 1988,nehling1988
1867,Rattus norvegicus,rat,Karbowski__2007,TableS4,4,4,Prefrontal_cortex,Prefrontal cortex,Prefrontal cortex,CMRgl,cerebral_metabolic_rate,0.91,umol/g/min,91.0,21.0,,umol/100g/min,unknown,resting_unknown,TRUE,single_primary_reference,single,,reported_via_secondary_compilation,,zocchi2001,Zocchi et al 2001,Zocchi et al 2001,zocchi2001,Zocchi et al 2001,primary,journal_article,resolved,Zocchi et al 2001,zocchi2001
1868,Rattus norvegicus,rat,Karbowski__2007,TableS8,2,2,Sensorimotor_cortex,Sensorimotor cortex,Sensorimotor cortex,CMRgl,cerebral_metabolic_rate,0.84,umol/g/min,84.0,13.0,,umol/100g/min,unknown,resting_unknown,TRUE,single_primary_reference,single,,reported_via_secondary_compilation,,dube2001,Dube et al 2001,Dube et al 2001,dube2001,Dube et al 2001,primary,journal_article,resolved,Dube et al 2001,dube2001
1869,Rattus norvegicus,rat,Karbowski__2007,TableS8,3,3,Sensorimotor_cortex,Sensorimotor cortex,Sensorimotor cortex,CMRgl,cerebral_metabolic_rate,0.89,umol/g/min,89.0,7.000000000000001,,umol/100g/min,unknown,resting_unknown,TRUE,single_primary_reference,single,,reported_via_secondary_compilation,,waschke1993,Waschke et al 1993,Waschke et al 1993,waschke1993,Waschke et al 1993,primary,journal_article,resolved,Waschke et al 1993,waschke1993
1870,Rattus norvegicus,rat,Karbowski__2007,TableS8,4,4,Sensorimotor_cortex,Sensorimotor cortex,Sensorimotor cortex,CMRgl,cerebral_metabolic_rate,0.9,umol/g/min,90.0,7.000000000000001,,umol/100g/min,unknown,resting_unknown,TRUE,single_primary_reference,single,,reported_via_secondary_compilation,,zocchi2001,Zocchi et al 2001,Zocchi et al 2001,zocchi2001,Zocchi et al 2001,primary,journal_article,resolved,Zocchi et al 2001,zocchi2001
1871,Rattus norvegicus,rat,Karbowski__2007,TableS8,5,5,Sensorimotor_cortex,Sensorimotor cortex,Sensorimotor cortex,CMRgl,cerebral_metabolic_rate,0.9,umol/g/min,90.0,9.0,,umol/100g/min,unknown,resting_unknown,TRUE,single_primary_reference,single,,reported_via_secondary_compilation,,nehlig2000,Nehlig et al 2000,Nehlig et al 2000,nehlig2000,Nehlig et al 2000,primary,journal_article,resolved,Nehlig et al 2000,nehlig2000
1872,Rattus norvegicus,Rattus,Kaufman__2004,TableA12,27,27,Sensorimotor_cortex,Sensorimotor Cortex,,CMRgl,cerebral_metabolic_rate,96,umol/100g/min,96.0,,7.0,umol/100g/min,conscious,resting_conscious,TRUE,single_primary_reference,single,,reported_via_secondary_compilation,,bassant1996,"(Bassant et al., 1996)","(Bassant et al., 1996)",bassant1996,"(Bassant et al., 1996)",primary,journal_article,resolved,"(Bassant et al., 1996)",bassant1996
1873,Rattus norvegicus,Rattus,Kaufman__2004,TableA12,28,28,Sensorimotor_cortex,Sensorimotor Cortex,,CMRgl,cerebral_metabolic_rate,96,umol/100g/min,96.0,,8.0,umol/100g/min,conscious,resting_conscious,TRUE,single_primary_reference,single,,reported_via_secondary_compilation,,bassant1996,"(Bassant et al., 1996)","(Bassant et al., 1996)",bassant1996,"(Bassant et al., 1996)",primary,journal_article,resolved,"(Bassant et al., 1996)",bassant1996
1874,Rattus norvegicus,Rattus,Kaufman__2004,TableA12,29,29,Sensorimotor_cortex,Sensorimotor Cortex,,CMRgl,cerebral_metabolic_rate,74.4,umol/100g/min,74.4,,10.0,umol/100g/min,conscious,resting_conscious,TRUE,single_primary_reference,single,,reported_via_secondary_compilation,,blin1991,"(Blin et al., 1991)","(Blin et al., 1991)",blin1991,"(Blin et al., 1991)",primary,journal_article,resolved,"(Blin et al., 1991)",blin1991
1875,Rattus norvegicus,Rattus,Kaufman__2004,TableA12,30,30,Sensorimotor_cortex,Sensorimotor Cortex,,CMRgl,cerebral_metabolic_rate,91,umol/100g/min,91.0,,10.0,umol/100g/min,conscious,resting_conscious,TRUE,single_primary_reference,single,,reported_via_secondary_compilation,,bryan1988,"(Bryan and Lehman, 1988)","(Bryan and Lehman, 1988)",bryan1988,"(Bryan and Lehman, 1988)",primary,journal_article,resolved,"(Bryan and Lehman, 1988)",bryan1988
1876,Rattus norvegicus,Rattus,Kaufman__2004,TableA12,31,31,Sensorimotor_cortex,Sensorimotor Cortex,,CMRgl,cerebral_metabolic_rate,93,umol/100g/min,93.0,,8.0,umol/100g/min,conscious,resting_conscious,TRUE,single_primary_reference,single,,reported_via_secondary_compilation,,chang2001,"(Chang et al., 2001)","(Chang et al., 2001)",chang2001,"(Chang et al., 2001)",primary,journal_article,resolved,"(Chang et al., 2001)",chang2001
1877,Rattus norvegicus,Rattus,Kaufman__2004,TableA12,32,32,Sensorimotor_cortex,Sensorimotor Cortex,,CMRgl,cerebral_metabolic_rate,95,umol/100g/min,95.0,,6.0,umol/100g/min,conscious,resting_conscious,TRUE,single_primary_reference,single,,reported_via_secondary_compilation,,crane1989,"(Crane and Porrino, 1989)","(Crane and Porrino, 1989)",crane1989,"(Crane and Porrino, 1989)",primary,journal_article,resolved,"(Crane and Porrino, 1989)",crane1989
1878,Rattus norvegicus,Rattus,Kaufman__2004,TableA12,33,33,Sensorimotor_cortex,Sensorimotor Cortex,,CMRgl,cerebral_metabolic_rate,105,umol/100g/min,105.0,,6.0,umol/100g/min,conscious,resting_conscious,TRUE,single_primary_reference,single,,reported_via_secondary_compilation,,crane1989,"(Crane and Porrino, 1989)","(Crane and Porrino, 1989)",crane1989,"(Crane and Porrino, 1989)",primary,journal_article,resolved,"(Crane and Porrino, 1989)",crane1989
1879,Rattus norvegicus,Rattus,Kaufman__2004,TableA12,34,34,Sensorimotor_cortex,Sensorimotor Cortex,,CMRgl,cerebral_metabolic_rate,97,umol/100g/min,97.0,,8.0,umol/100g/min,conscious,resting_conscious,TRUE,single_primary_reference,single,,reported_via_secondary_compilation,,crosby1982,"(Crosby et al., 1982)","(Crosby et al., 1982)",crosby1982,"(Crosby et al., 1982)",primary,journal_article,resolved,"(Crosby et al., 1982)",crosby1982
1880,Rattus norvegicus,Rattus,Kaufman__2004,TableA12,35,35,Sensorimotor_cortex,Sensorimotor Cortex,,CMRgl,cerebral_metabolic_rate,88,umol/100g/min,88.0,,5.0,umol/100g/min,conscious,resting_conscious,TRUE,single_primary_reference,single,,reported_via_secondary_compilation,,crosby1984,"(Crosby et al., 1984)","(Crosby et al., 1984)",crosby1984,"(Crosby et al., 1984)",primary,journal_article,resolved,"(Crosby et al., 1984)",crosby1984
1881,Rattus norvegicus,Rattus,Kaufman__2004,TableA12,36,36,Sensorimotor_cortex,Sensorimotor Cortex,,CMRgl,cerebral_metabolic_rate,95,umol/100g/min,95.0,,5.0,umol/100g/min,anesthetized,resting_anesthetized,FALSE,single_primary_reference,single,,reported_via_secondary_compilation,anesthetized,crosby1984,"(Crosby et al., 1984)","(Crosby et al., 1984)",crosby1984,"(Crosby et al., 1984)",primary,journal_article,resolved,"(Crosby et al., 1984)",crosby1984
1882,Rattus norvegicus,Rattus,Kaufman__2004,TableA12,37,37,Sensorimotor_cortex,Sensorimotor Cortex,,CMRgl,cerebral_metabolic_rate,98,umol/100g/min,98.0,,5.0,umol/100g/min,conscious,resting_conscious,TRUE,single_primary_reference,single,,reported_via_secondary_compilation,,dam1990,"(Dam et al., 1990)","(Dam et al., 1990)",dam1990,"(Dam et al., 1990)",primary,journal_article,resolved,"(Dam et al., 1990)",dam1990
1883,Rattus norvegicus,Rattus,Kaufman__2004,TableA12,38,38,Sensorimotor_cortex,Sensorimotor Cortex,,CMRgl,cerebral_metabolic_rate,113,umol/100g/min,113.0,,4.0,umol/100g/min,conscious,resting_conscious,TRUE,single_primary_reference,single,,reported_via_secondary_compilation,,dow1986,"(Dow-Edwards et al., 1986)","(Dow-Edwards et al., 1986)",dow1986,"(Dow-Edwards et al., 1986)",primary,journal_article,resolved,"(Dow-Edwards et al., 1986)",dow1986
1884,Rattus norvegicus,Rattus,Kaufman__2004,TableA12,39,39,Sensorimotor_cortex,Sensorimotor Cortex,,CMRgl,cerebral_metabolic_rate,87.8,umol/100g/min,87.8,,5.0,umol/100g/min,conscious,resting_conscious,TRUE,single_primary_reference,single,,reported_via_secondary_compilation,,duelli2000,"(Duelli et al., 2000)","(Duelli et al., 2000)",duelli2000,"(Duelli et al., 2000)",primary,journal_article,resolved,"(Duelli et al., 2000)",duelli2000
1885,Rattus norvegicus,Rattus,Kaufman__2004,TableA12,40,40,Sensorimotor_cortex,Sensorimotor Cortex,,CMRgl,cerebral_metabolic_rate,101,umol/100g/min,101.0,,6.0,umol/100g/min,conscious,resting_conscious,TRUE,single_primary_reference,single,,reported_via_secondary_compilation,,eintrei1999,"(Eintrei et al., 1999)","(Eintrei et al., 1999)",eintrei1999,"(Eintrei et al., 1999)",primary,journal_article,resolved,"(Eintrei et al., 1999)",eintrei1999
1886,Rattus norvegicus,Rattus,Kaufman__2004,TableA12,41,41,Sensorimotor_cortex,Sensorimotor Cortex,,CMRgl,cerebral_metabolic_rate,84,umol/100g/min,84.0,,5.0,umol/100g/min,conscious,resting_conscious,TRUE,single_primary_reference,single,,reported_via_secondary_compilation,,fomai2001,"(Fomai and Orzi, 2001)","(Fomai and Orzi, 2001)",fomai2001,"(Fomai and Orzi, 2001)",primary,journal_article,resolved,"(Fomai and Orzi, 2001)",fomai2001
1887,Rattus norvegicus,Rattus,Kaufman__2004,TableA12,42,42,Sensorimotor_cortex,Sensorimotor Cortex,,CMRgl,cerebral_metabolic_rate,103.5,umol/100g/min,103.5,,5.0,umol/100g/min,conscious,resting_conscious,TRUE,single_primary_reference,single,,reported_via_secondary_compilation,,freedland2002,"(Freedland et al., 2002)","(Freedland et al., 2002)",freedland2002,"(Freedland et al., 2002)",primary,journal_article,resolved,"(Freedland et al., 2002)",freedland2002
1888,Rattus norvegicus,Rattus,Kaufman__2004,TableA12,43,43,Sensorimotor_cortex,Sensorimotor Cortex,,CMRgl,cerebral_metabolic_rate,90,umol/100g/min,90.0,,12.0,umol/100g/min,conscious,resting_conscious,TRUE,single_primary_reference,single,,reported_via_secondary_compilation,,frietsch2000,"(Frietsch et al., 2000)","(Frietsch et al., 2000)",frietsch2000,"(Frietsch et al., 2000)",primary,journal_article,resolved,"(Frietsch et al., 2000)",frietsch2000
1889,Rattus norvegicus,Rattus,Kaufman__2004,TableA12,44,44,Sensorimotor_cortex,Sensorimotor Cortex,,CMRgl,cerebral_metabolic_rate,33,umol/100g/min,33.0,,12.0,umol/100g/min,anesthetized,resting_anesthetized,FALSE,single_primary_reference,single,,reported_via_secondary_compilation,anesthetized,frietsch2000,"(Frietsch et al., 2000)","(Frietsch et al., 2000)",frietsch2000,"(Frietsch et al., 2000)",primary,journal_article,resolved,"(Frietsch et al., 2000)",frietsch2000
1890,Rattus norvegicus,Rattus,Kaufman__2004,TableA12,45,45,Sensorimotor_cortex,Sensorimotor Cortex,,CMRgl,cerebral_metabolic_rate,90,umol/100g/min,90.0,,6.0,umol/100g/min,conscious,resting_conscious,TRUE,single_primary_reference,single,,reported_via_secondary_compilation,,grome1983,"(Grome and McCulloch, 1983)","(Grome and McCulloch, 1983)",grome1983,"(Grome and McCulloch, 1983)",primary,journal_article,resolved,"(Grome and McCulloch, 1983)",grome1983
1891,Rattus norvegicus,Rattus,Kaufman__2004,TableA12,46,46,Sensorimotor_cortex,Sensorimotor Cortex,,CMRgl,cerebral_metabolic_rate,116,umol/100g/min,116.0,,7.0,umol/100g/min,conscious,resting_conscious,TRUE,single_primary_reference,single,,reported_via_secondary_compilation,,hakim1983,"(Hakim et al., 1983)","(Hakim et al., 1983)",hakim1983,"(Hakim et al., 1983)",primary,journal_article,resolved,"(Hakim et al., 1983)",hakim1983
1892,Rattus norvegicus,Rattus,Kaufman__2004,TableA12,47,47,Sensorimotor_cortex,Sensorimotor Cortex,,CMRgl,cerebral_metabolic_rate,69,umol/100g/min,69.0,,10.0,umol/100g/min,anesthetized,resting_anesthetized,FALSE,single_primary_reference,single,,reported_via_secondary_compilation,anesthetized,ingvar1980,"(Ingvar et al., 1980)","(Ingvar et al., 1980)",ingvar1980,"(Ingvar et al., 1980)",primary,journal_article,resolved,"(Ingvar et al., 1980)",ingvar1980
1893,Rattus norvegicus,Rattus,Kaufman__2004,TableA12,48,48,Sensorimotor_cortex,Sensorimotor Cortex,,CMRgl,cerebral_metabolic_rate,72,umol/100g/min,72.0,,6.0,umol/100g/min,conscious,resting_conscious,TRUE,single_primary_reference,single,,reported_via_secondary_compilation,,ingvar1982,"(Ingvar and Siesjo, 1982)","(Ingvar and Siesjo, 1982)",ingvar1982,"(Ingvar and Siesjo, 1982)",primary,journal_article,resolved,"(Ingvar and Siesjo, 1982)",ingvar1982
1894,Rattus norvegicus,Rattus,Kaufman__2004,TableA12,49,49,Sensorimotor_cortex,Sensorimotor Cortex,,CMRgl,cerebral_metabolic_rate,64,umol/100g/min,64.0,,10.0,umol/100g/min,anesthetized,resting_anesthetized,FALSE,single_primary_reference,single,,reported_via_secondary_compilation,anesthetized,ingvar1982,"(Ingvar and Siesjo, 1982)","(Ingvar and Siesjo, 1982)",ingvar1982,"(Ingvar and Siesjo, 1982)",primary,journal_article,resolved,"(Ingvar and Siesjo, 1982)",ingvar1982
1895,Rattus norvegicus,Rattus,Kaufman__2004,TableA12,50,50,Sensorimotor_cortex,Sensorimotor Cortex,,CMRgl,cerebral_metabolic_rate,102,umol/100g/min,102.0,,7.0,umol/100g/min,conscious,resting_conscious,TRUE,single_primary_reference,single,,reported_via_secondary_compilation,,kadekaro1983,"(Kadekaro et al., 1983)","(Kadekaro et al., 1983)",kadekaro1983,"(Kadekaro et al., 1983)",primary,journal_article,resolved,"(Kadekaro et al., 1983)",kadekaro1983
1896,Rattus norvegicus,Rattus,Kaufman__2004,TableA12,51,51,Sensorimotor_cortex,Sensorimotor Cortex,,CMRgl,cerebral_metabolic_rate,92.8,umol/100g/min,92.8,,5.0,umol/100g/min,conscious,resting_conscious,TRUE,single_primary_reference,single,,reported_via_secondary_compilation,,katsumata2001,"(Katsumata et al., 2001)","(Katsumata et al., 2001)",katsumata2001,"(Katsumata et al., 2001)",primary,journal_article,resolved,"(Katsumata et al., 2001)",katsumata2001
1897,Rattus norvegicus,Rattus,Kaufman__2004,TableA12,52,52,Sensorimotor_cortex,Sensorimotor Cortex,,CMRgl,cerebral_metabolic_rate,96.1,umol/100g/min,96.1,,8.0,umol/100g/min,conscious,resting_conscious,TRUE,single_primary_reference,single,,reported_via_secondary_compilation,,knapp2002,"(Knapp et al., 2002)","(Knapp et al., 2002)",knapp2002,"(Knapp et al., 2002)",primary,journal_article,resolved,"(Knapp et al., 2002)",knapp2002
1898,Rattus norvegicus,Rattus,Kaufman__2004,TableA12,53,53,Sensorimotor_cortex,Sensorimotor Cortex,,CMRgl,cerebral_metabolic_rate,81,umol/100g/min,81.0,,6.0,umol/100g/min,conscious,resting_conscious,TRUE,single_primary_reference,single,,reported_via_secondary_compilation,,lenzetal1998,"(Lenzetal., 1998)","(Lenzetal., 1998)",lenzetal1998,"(Lenzetal., 1998)",primary,journal_article,resolved,"(Lenzetal., 1998)",lenzetal1998
1899,Rattus norvegicus,Rattus,Kaufman__2004,TableA12,54,54,Sensorimotor_cortex,Sensorimotor Cortex,,CMRgl,cerebral_metabolic_rate,95,umol/100g/min,95.0,,10.0,umol/100g/min,conscious,resting_conscious,TRUE,single_primary_reference,single,,reported_via_secondary_compilation,,macneill1988,"(MacNeill and Bryan, 1988)","(MacNeill and Bryan, 1988)",macneill1988,"(MacNeill and Bryan, 1988)",primary,journal_article,resolved,"(MacNeill and Bryan, 1988)",macneill1988
1900,Rattus norvegicus,Rattus,Kaufman__2004,TableA12,55,55,Sensorimotor_cortex,Sensorimotor Cortex,,CMRgl,cerebral_metabolic_rate,80,umol/100g/min,80.0,,6.0,umol/100g/min,conscious,resting_conscious,TRUE,single_primary_reference,single,,reported_via_secondary_compilation,,maekawa1986,"(Maekawa et al., 1986)","(Maekawa et al., 1986)",maekawa1986,"(Maekawa et al., 1986)",primary,journal_article,resolved,"(Maekawa et al., 1986)",maekawa1986
1901,Rattus norvegicus,Rattus,Kaufman__2004,TableA12,56,56,Sensorimotor_cortex,Sensorimotor Cortex,,CMRgl,cerebral_metabolic_rate,112,umol/100g/min,112.0,,6.0,umol/100g/min,conscious,resting_conscious,TRUE,single_primary_reference,single,,reported_via_secondary_compilation,,nehlig1985,"(Nehlig et al., 1985)","(Nehlig et al., 1985)",nehlig1985,"(Nehlig et al., 1985)",primary,journal_article,resolved,"(Nehlig et al., 1985)",nehlig1985
1902,Rattus norvegicus,Rattus,Kaufman__2004,TableA12,57,57,Sensorimotor_cortex,Sensorimotor Cortex,,CMRgl,cerebral_metabolic_rate,89,umol/100g/min,89.0,,6.0,umol/100g/min,conscious,resting_conscious,TRUE,single_primary_reference,single,,reported_via_secondary_compilation,,o1986,"(O rietal., 1986)","(O rietal., 1986)",o1986,"(O rietal., 1986)",primary,journal_article,resolved,"(O rietal., 1986)",o1986
1903,Rattus norvegicus,Rattus,Kaufman__2004,TableA12,58,58,Sensorimotor_cortex,Sensorimotor Cortex,,CMRgl,cerebral_metabolic_rate,90,umol/100g/min,90.0,,5.0,umol/100g/min,conscious,resting_conscious,TRUE,single_primary_reference,single,,reported_via_secondary_compilation,,orzi1983,"(Orzi et al., 1983)","(Orzi et al., 1983)",orzi1983,"(Orzi et al., 1983)",primary,journal_article,resolved,"(Orzi et al., 1983)",orzi1983
1904,Rattus norvegicus,Rattus,Kaufman__2004,TableA12,59,59,Sensorimotor_cortex,Sensorimotor Cortex,,CMRgl,cerebral_metabolic_rate,104,umol/100g/min,104.0,,7.0,umol/100g/min,conscious,resting_conscious,TRUE,single_primary_reference,single,,reported_via_secondary_compilation,,poindessous1998,"(Poindessous-Jazat et a l, 1998)","(Poindessous-Jazat et a l, 1998)",poindessous1998,"(Poindessous-Jazat et a l, 1998)",primary,journal_article,resolved,"(Poindessous-Jazat et a l, 1998)",poindessous1998
1905,Rattus norvegicus,Rattus,Kaufman__2004,TableA12,60,60,Sensorimotor_cortex,Sensorimotor Cortex,,CMRgl,cerebral_metabolic_rate,94.7,umol/100g/min,94.7,,5.0,umol/100g/min,conscious,resting_conscious,TRUE,single_primary_reference,single,,reported_via_secondary_compilation,,poindessous1998,"(Poindessous-Jazat et al., 1998)","(Poindessous-Jazat et al., 1998)",poindessous1998,"(Poindessous-Jazat et al., 1998)",primary,journal_article,resolved,"(Poindessous-Jazat et al., 1998)",poindessous1998
1906,Rattus norvegicus,Rattus,Kaufman__2004,TableA12,61,61,Sensorimotor_cortex,Sensorimotor Cortex,,CMRgl,cerebral_metabolic_rate,80,umol/100g/min,80.0,,5.0,umol/100g/min,anesthetized,resting_anesthetized,FALSE,single_primary_reference,single,,reported_via_secondary_compilation,anesthetized,sakurada1978,"(Sakurada et al., 1978)","(Sakurada et al., 1978)",sakurada1978,"(Sakurada et al., 1978)",primary,journal_article,resolved,"(Sakurada et al., 1978)",sakurada1978
1907,Rattus norvegicus,Rattus,Kaufman__2004,TableA12,62,62,Sensorimotor_cortex,Sensorimotor Cortex,,CMRgl,cerebral_metabolic_rate,95,umol/100g/min,95.0,,7.0,umol/100g/min,conscious,resting_conscious,TRUE,single_primary_reference,single,,reported_via_secondary_compilation,,savaki1983,"(Savaki et al., 1983)","(Savaki et al., 1983)",savaki1983,"(Savaki et al., 1983)",primary,journal_article,resolved,"(Savaki et al., 1983)",savaki1983
1908,Rattus norvegicus,Rattus,Kaufman__2004,TableA12,63,63,Sensorimotor_cortex,Sensorimotor Cortex,,CMRgl,cerebral_metabolic_rate,101,umol/100g/min,101.0,,6.0,umol/100g/min,conscious,resting_conscious,TRUE,single_primary_reference,single,,reported_via_secondary_compilation,,schwartz1985,"(Schwartz and Crosby, 1985)","(Schwartz and Crosby, 1985)",schwartz1985,"(Schwartz and Crosby, 1985)",primary,journal_article,resolved,"(Schwartz and Crosby, 1985)",schwartz1985
1909,Rattus norvegicus,Rattus,Kaufman__2004,TableA12,64,64,Sensorimotor_cortex,Sensorimotor Cortex,,CMRgl,cerebral_metabolic_rate,1977,umol/100g/min,1977.0,,,umol/100g/min,unknown,resting_unknown,TRUE,single_primary_reference,single,,reported_via_secondary_compilation,,anonNA,(,(,anonNA,(,primary,journal_article,unresolved,(,anonNA
1910,Rattus norvegicus,Rattus,Kaufman__2004,TableA12,65,65,Sensorimotor_cortex,Sensorimotor Cortex,,CMRgl,cerebral_metabolic_rate,93.5,umol/100g/min,93.5,,16.0,umol/100g/min,conscious,resting_conscious,TRUE,single_primary_reference,single,,reported_via_secondary_compilation,,soncrant1992,"(Soncrant et al., 1992)","(Soncrant et al., 1992)",soncrant1992,"(Soncrant et al., 1992)",primary,journal_article,resolved,"(Soncrant et al., 1992)",soncrant1992
1911,Rattus norvegicus,Rattus,Kaufman__2004,TableA12,66,66,Sensorimotor_cortex,Sensorimotor Cortex,,CMRgl,cerebral_metabolic_rate,118,umol/100g/min,118.0,,5.0,umol/100g/min,conscious,resting_conscious,TRUE,single_primary_reference,single,,reported_via_secondary_compilation,,wechsler1979,"(Wechsler et al., 1979)","(Wechsler et al., 1979)",wechsler1979,"(Wechsler et al., 1979)",primary,journal_article,resolved,"(Wechsler et al., 1979)",wechsler1979
1912,Rattus norvegicus,Rattus,Kaufman__2004,TableA12,67,67,Sensorimotor_cortex,Sensorimotor Cortex,,CMRgl,cerebral_metabolic_rate,93,umol/100g/min,93.0,,16.0,umol/100g/min,conscious,resting_conscious,TRUE,single_primary_reference,single,,reported_via_secondary_compilation,,grome1981,"(Grome and McCulloch, 1981)","(Grome and McCulloch, 1981)",grome1981,"(Grome and McCulloch, 1981)",primary,journal_article,resolved,"(Grome and McCulloch, 1981)",grome1981
1913,Rattus norvegicus,Rattus,Kaufman__2004,TableA12,68,68,Sensorimotor_cortex,Sensorimotor Cortex,,CMRgl,cerebral_metabolic_rate,101.6,umol/100g/min,101.6,,5.0,umol/100g/min,conscious,resting_conscious,TRUE,single_primary_reference,single,,reported_via_secondary_compilation,,whitlow2002,"(Whitlow et al., 2002)","(Whitlow et al., 2002)",whitlow2002,"(Whitlow et al., 2002)",primary,journal_article,resolved,"(Whitlow et al., 2002)",whitlow2002
1914,Rattus norvegicus,Rattus,Kaufman__2004,TableA12,69,69,Sensorimotor_cortex,Sensorimotor Cortex,,CMRgl,cerebral_metabolic_rate,117.7,umol/100g/min,117.7,,5.0,umol/100g/min,conscious,resting_conscious,TRUE,single_primary_reference,single,,reported_via_secondary_compilation,,walker1999,"(Walker et al., 1999)","(Walker et al., 1999)",walker1999,"(Walker et al., 1999)",primary,journal_article,resolved,"(Walker et al., 1999)",walker1999
1915,Rattus norvegicus,rat,Karbowski__2007,TableS18,4,4,Septum,Septum,Septum,CMRgl,cerebral_metabolic_rate,0.48,umol/g/min,48.0,3.0,,umol/100g/min,unknown,resting_unknown,TRUE,single_primary_reference,single,,reported_via_secondary_compilation,,waschke1993,Waschke et al 1993,Waschke et al 1993,waschke1993,Waschke et al 1993,primary,journal_article,resolved,Waschke et al 1993,waschke1993
1916,Rattus norvegicus,rat,Karbowski__2007,TableS18,5,5,Septum,Septum,Septum,CMRgl,cerebral_metabolic_rate,0.47,umol/g/min,47.0,8.0,,umol/100g/min,unknown,resting_unknown,TRUE,single_primary_reference,single,,reported_via_secondary_compilation,,dube2001,Dube et al 2001,Dube et al 2001,dube2001,Dube et al 2001,primary,journal_article,resolved,Dube et al 2001,dube2001
1917,Rattus norvegicus,rat,Karbowski__2007,TableS18,6,6,Septum,Septum,Septum,CMRgl,cerebral_metabolic_rate,0.61,umol/g/min,61.0,2.0,,umol/100g/min,unknown,resting_unknown,TRUE,single_primary_reference,single,,reported_via_secondary_compilation,,nehling1988,Nehling et al 1988,Nehling et al 1988,nehling1988,Nehling et al 1988,primary,journal_article,resolved,Nehling et al 1988,nehling1988
1918,Rattus norvegicus,rat,Karbowski__2007,TableS18,7,7,Septum,Septum,Septum,CMRgl,cerebral_metabolic_rate,0.45,umol/g/min,45.0,5.0,,umol/100g/min,unknown,resting_unknown,TRUE,single_primary_reference,single,,reported_via_secondary_compilation,,nehling2000,Nehling et al 2000,Nehling et al 2000,nehling2000,Nehling et al 2000,primary,journal_article,resolved,Nehling et al 2000,nehling2000
1919,Rattus norvegicus,rat,Karbowski__2007,TableS18,8,8,Septum,Septum,Septum,CMRgl,cerebral_metabolic_rate,0.45,umol/g/min,45.0,3.0,,umol/100g/min,unknown,resting_unknown,TRUE,single_primary_reference,single,,reported_via_secondary_compilation,,levant2004,Levant et al 2004,Levant et al 2004,levant2004,Levant et al 2004,primary,journal_article,resolved,Levant et al 2004,levant2004
1920,Rattus norvegicus,rat,Karbowski__2007,TableS18,9,9,Septum,Septum,Septum,CMRgl,cerebral_metabolic_rate,0.61,umol/g/min,61.0,7.000000000000001,,umol/100g/min,unknown,resting_unknown,TRUE,single_primary_reference,single,,reported_via_secondary_compilation,,zocchi2001,Zocchi et al 2001,Zocchi et al 2001,zocchi2001,Zocchi et al 2001,primary,journal_article,resolved,Zocchi et al 2001,zocchi2001
1921,Rattus norvegicus,rat,Karbowski__2007,TableS20,2,2,Substantia_nigra,Substantia nigra,Substantia nigra,CMRgl,cerebral_metabolic_rate,0.57,umol/g/min,56.99999999999999,1.0,,umol/100g/min,unknown,resting_unknown,TRUE,single_primary_reference,single,,reported_via_secondary_compilation,,nehling1988,Nehling et al 1988,Nehling et al 1988,nehling1988,Nehling et al 1988,primary,journal_article,resolved,Nehling et al 1988,nehling1988
1922,Rattus norvegicus,rat,Karbowski__2007,TableS20,3,3,Substantia_nigra,Substantia nigra,Substantia nigra,CMRgl,cerebral_metabolic_rate,0.52,umol/g/min,52.0,8.0,,umol/100g/min,unknown,resting_unknown,TRUE,single_primary_reference,single,,reported_via_secondary_compilation,,waschke1993,Waschke et al 1993,Waschke et al 1993,waschke1993,Waschke et al 1993,primary,journal_article,resolved,Waschke et al 1993,waschke1993
1923,Rattus norvegicus,rat,Karbowski__2007,TableS20,4,4,Substantia_nigra,Substantia nigra,Substantia nigra,CMRgl,cerebral_metabolic_rate,0.56,umol/g/min,56.00000000000001,4.0,,umol/100g/min,unknown,resting_unknown,TRUE,single_primary_reference,single,,reported_via_secondary_compilation,,nehling2000,Nehling et al 2000,Nehling et al 2000,nehling2000,Nehling et al 2000,primary,journal_article,resolved,Nehling et al 2000,nehling2000
1924,Rattus norvegicus,rat,Karbowski__2007,TableS20,5,5,Substantia_nigra,Substantia nigra,Substantia nigra,CMRgl,cerebral_metabolic_rate,0.52,umol/g/min,52.0,3.0,,umol/100g/min,unknown,resting_unknown,TRUE,single_primary_reference,single,,reported_via_secondary_compilation,,levant2004,Levant et al 2004,Levant et al 2004,levant2004,Levant et al 2004,primary,journal_article,resolved,Levant et al 2004,levant2004
1925,Rattus norvegicus,rat,Karbowski__2007,TableS20,6,6,Substantia_nigra,Substantia nigra,Substantia nigra,CMRgl,cerebral_metabolic_rate,0.49,umol/g/min,49.0,9.0,,umol/100g/min,unknown,resting_unknown,TRUE,single_primary_reference,single,,reported_via_secondary_compilation,,blin1991,Blin et al 1991,Blin et al 1991,blin1991,Blin et al 1991,primary,journal_article,resolved,Blin et al 1991,blin1991
1926,Rattus norvegicus,rat,Karbowski__2007,TableS7,2,2,Temporal_cortex,Temporal cortex,Temporal cortex,CMRgl,cerebral_metabolic_rate,1.08,umol/g/min,108.0,12.0,,umol/100g/min,unknown,resting_unknown,TRUE,single_primary_reference,single,,reported_via_secondary_compilation,,waschke1993,"Waschke et al 1993, auditory","Waschke et al 1993, auditory",waschke1993,"Waschke et al 1993, auditory",primary,journal_article,resolved,"Waschke et al 1993, auditory",waschke1993
1927,Rattus norvegicus,rat,Karbowski__2007,TableS7,3,3,Temporal_cortex,Temporal cortex,Temporal cortex,CMRgl,cerebral_metabolic_rate,0.94,umol/g/min,94.0,13.0,,umol/100g/min,unknown,resting_unknown,TRUE,single_primary_reference,single,,reported_via_secondary_compilation,,dube2001,Dube et al 2001,Dube et al 2001,dube2001,Dube et al 2001,primary,journal_article,resolved,Dube et al 2001,dube2001
1928,Rattus norvegicus,rat,Karbowski__2007,TableS7,4,4,Temporal_cortex,Temporal cortex,Temporal cortex,CMRgl,cerebral_metabolic_rate,1.45,umol/g/min,145.0,4.0,,umol/100g/min,unknown,resting_unknown,TRUE,single_primary_reference,single,,reported_via_secondary_compilation,,nehling1988,"Nehling et al 1988, auditory","Nehling et al 1988, auditory",nehling1988,"Nehling et al 1988, auditory",primary,journal_article,resolved,"Nehling et al 1988, auditory",nehling1988
1929,Rattus norvegicus,rat,Karbowski__2007,TableS7,5,5,Temporal_cortex,Temporal cortex,Temporal cortex,CMRgl,cerebral_metabolic_rate,1.34,umol/g/min,134.0,11.0,,umol/100g/min,unknown,resting_unknown,TRUE,single_primary_reference,single,,reported_via_secondary_compilation,,nehling2000,"Nehling et al 2000, auditory","Nehling et al 2000, auditory",nehling2000,"Nehling et al 2000, auditory",primary,journal_article,resolved,"Nehling et al 2000, auditory",nehling2000
1930,Rattus norvegicus,rat,Karbowski__2007,TableS7,6,6,Temporal_cortex,Temporal cortex,Temporal cortex,CMRgl,cerebral_metabolic_rate,1.22,umol/g/min,122.0,8.0,,umol/100g/min,unknown,resting_unknown,TRUE,single_primary_reference,single,,reported_via_secondary_compilation,,levant2004,Levant et al 2004,Levant et al 2004,levant2004,Levant et al 2004,primary,journal_article,resolved,Levant et al 2004,levant2004
1931,Rattus norvegicus,rat,Karbowski__2007,TableS7,7,7,Temporal_cortex,Temporal cortex,Temporal cortex,CMRgl,cerebral_metabolic_rate,1.34,umol/g/min,134.0,8.0,,umol/100g/min,unknown,resting_unknown,TRUE,single_primary_reference,single,,reported_via_secondary_compilation,,zocchi2001,"Zocchi et al 2001, auditory","Zocchi et al 2001, auditory",zocchi2001,"Zocchi et al 2001, auditory",primary,journal_article,resolved,"Zocchi et al 2001, auditory",zocchi2001
1932,Rattus norvegicus,Rattus,Kaufman__2004,TableA9,62,62,Temporal_cortex,Temporal Cortex,,CMRgl,cerebral_metabolic_rate,112,umol/100g/min,112.0,,7.0,umol/100g/min,conscious,resting_conscious,TRUE,single_primary_reference,single,,reported_via_secondary_compilation,,bassant1996,"(Bassant et al., 1996)","(Bassant et al., 1996)",bassant1996,"(Bassant et al., 1996)",primary,journal_article,resolved,"(Bassant et al., 1996)",bassant1996
1933,Rattus norvegicus,Rattus,Kaufman__2004,TableA9,63,63,Temporal_cortex,Temporal Cortex,,CMRgl,cerebral_metabolic_rate,86,umol/100g/min,86.0,,8.0,umol/100g/min,conscious,resting_conscious,TRUE,single_primary_reference,single,,reported_via_secondary_compilation,,bassant1996,"(Bassant et al., 1996)","(Bassant et al., 1996)",bassant1996,"(Bassant et al., 1996)",primary,journal_article,resolved,"(Bassant et al., 1996)",bassant1996
1934,Rattus norvegicus,Rattus,Kaufman__2004,TableA9,64,64,Temporal_cortex,Temporal Cortex,,CMRgl,cerebral_metabolic_rate,80.3,umol/100g/min,80.3,,6.0,umol/100g/min,conscious,resting_conscious,TRUE,single_primary_reference,single,,reported_via_secondary_compilation,,otori2003,"(Otori et al., 2003)","(Otori et al., 2003)",otori2003,"(Otori et al., 2003)",primary,journal_article,resolved,"(Otori et al., 2003)",otori2003
1935,Rattus norvegicus,Rattus,Kaufman__2004,TableA9,65,65,Temporal_cortex,Temporal Cortex,,CMRgl,cerebral_metabolic_rate,116,umol/100g/min,116.0,,5.0,umol/100g/min,conscious,resting_conscious,TRUE,single_primary_reference,single,,reported_via_secondary_compilation,,walker1999,"(Walker et al., 1999)","(Walker et al., 1999)",walker1999,"(Walker et al., 1999)",primary,journal_article,resolved,"(Walker et al., 1999)",walker1999
1936,Rattus norvegicus,rat,Karbowski__2007,TableS13,4,4,Thalamus,Thalamus,Thalamus,CMRgl,cerebral_metabolic_rate,0.92,umol/g/min,92.0,3.0,,umol/100g/min,unknown,resting_unknown,TRUE,single_primary_reference,single,,reported_via_secondary_compilation,,nehling1988,Nehling et al 1988,Nehling et al 1988,nehling1988,Nehling et al 1988,primary,journal_article,resolved,Nehling et al 1988,nehling1988
1937,Rattus norvegicus,rat,Karbowski__2007,TableS13,5,5,Thalamus,Thalamus,Thalamus,CMRgl,cerebral_metabolic_rate,0.88,umol/g/min,88.0,8.0,,umol/100g/min,unknown,resting_unknown,TRUE,single_primary_reference,single,,reported_via_secondary_compilation,,nehling2000,Nehling et al 2000,Nehling et al 2000,nehling2000,Nehling et al 2000,primary,journal_article,resolved,Nehling et al 2000,nehling2000
1938,Rattus norvegicus,rat,Karbowski__2007,TableS13,6,6,Thalamus,Thalamus,Thalamus,CMRgl,cerebral_metabolic_rate,0.94,umol/g/min,94.0,14.000000000000002,,umol/100g/min,unknown,resting_unknown,TRUE,single_primary_reference,single,,reported_via_secondary_compilation,,dube2001,Dube et al 2001,Dube et al 2001,dube2001,Dube et al 2001,primary,journal_article,resolved,Dube et al 2001,dube2001
1939,Rattus norvegicus,rat,Karbowski__2007,TableS13,7,7,Thalamus,Thalamus,Thalamus,CMRgl,cerebral_metabolic_rate,0.98,umol/g/min,98.0,5.0,,umol/100g/min,unknown,resting_unknown,TRUE,single_primary_reference,single,,reported_via_secondary_compilation,,levant2004,Levant et al 2004,Levant et al 2004,levant2004,Levant et al 2004,primary,journal_article,resolved,Levant et al 2004,levant2004
1940,Rattus norvegicus,rat,Karbowski__2007,TableS13,8,8,Thalamus,Thalamus,Thalamus,CMRgl,cerebral_metabolic_rate,0.72,umol/g/min,72.0,9.0,,umol/100g/min,unknown,resting_unknown,TRUE,single_primary_reference,single,,reported_via_secondary_compilation,,waschke1993,Waschke et al 1993,Waschke et al 1993,waschke1993,Waschke et al 1993,primary,journal_article,resolved,Waschke et al 1993,waschke1993
1941,Rattus norvegicus,Rattus,Kaufman__2004,TableA3,70,70,Thalamus,Thalamus,,CMRgl,cerebral_metabolic_rate,89,umol/100g/min,89.0,,7.0,umol/100g/min,conscious,resting_conscious,TRUE,single_primary_reference,single,,reported_via_secondary_compilation,,bassant1996,"(Bassant et al., 1996)","(Bassant et al., 1996)",bassant1996,"(Bassant et al., 1996)",primary,journal_article,resolved,"(Bassant et al., 1996)",bassant1996
1942,Rattus norvegicus,Rattus,Kaufman__2004,TableA3,71,71,Thalamus,Thalamus,,CMRgl,cerebral_metabolic_rate,84,umol/100g/min,84.0,,8.0,umol/100g/min,conscious,resting_conscious,TRUE,single_primary_reference,single,,reported_via_secondary_compilation,,bassant1996,"(Bassant et al., 1996)","(Bassant et al., 1996)",bassant1996,"(Bassant et al., 1996)",primary,journal_article,resolved,"(Bassant et al., 1996)",bassant1996
1943,Rattus norvegicus,Rattus,Kaufman__2004,TableA3,72,72,Thalamus,Thalamus,,CMRgl,cerebral_metabolic_rate,67.4,umol/100g/min,67.4,,10.0,umol/100g/min,conscious,resting_conscious,TRUE,single_primary_reference,single,,reported_via_secondary_compilation,,blin1991,"(Blin et al., 1991)","(Blin et al., 1991)",blin1991,"(Blin et al., 1991)",primary,journal_article,resolved,"(Blin et al., 1991)",blin1991
1944,Rattus norvegicus,Rattus,Kaufman__2004,TableA3,73,73,Thalamus,Thalamus,,CMRgl,cerebral_metabolic_rate,88,umol/100g/min,88.0,,6.0,umol/100g/min,conscious,resting_conscious,TRUE,single_primary_reference,single,,reported_via_secondary_compilation,,bryan1983,"(Bryan et al., 1983)","(Bryan et al., 1983)",bryan1983,"(Bryan et al., 1983)",primary,journal_article,resolved,"(Bryan et al., 1983)",bryan1983
1945,Rattus norvegicus,Rattus,Kaufman__2004,TableA3,74,74,Thalamus,Thalamus,,CMRgl,cerebral_metabolic_rate,86,umol/100g/min,86.0,,10.0,umol/100g/min,conscious,resting_conscious,TRUE,single_primary_reference,single,,reported_via_secondary_compilation,,bryan1988,"(Bryan and Lehman, 1988)","(Bryan and Lehman, 1988)",bryan1988,"(Bryan and Lehman, 1988)",primary,journal_article,resolved,"(Bryan and Lehman, 1988)",bryan1988
1946,Rattus norvegicus,Rattus,Kaufman__2004,TableA3,75,75,Thalamus,Thalamus,,CMRgl,cerebral_metabolic_rate,93.6,umol/100g/min,93.6,,8.0,umol/100g/min,conscious,resting_conscious,TRUE,single_primary_reference,single,,reported_via_secondary_compilation,,chang2001,"Chang et al., 2001)","Chang et al., 2001)",chang2001,"Chang et al., 2001)",primary,journal_article,resolved,"Chang et al., 2001)",chang2001
1947,Rattus norvegicus,Rattus,Kaufman__2004,TableA3,76,76,Thalamus,Thalamus,,CMRgl,cerebral_metabolic_rate,103.5,umol/100g/min,103.5,,6.0,umol/100g/min,conscious,resting_conscious,TRUE,single_primary_reference,single,,reported_via_secondary_compilation,,crane1989,"Crane and Porrino, 1989)","Crane and Porrino, 1989)",crane1989,"Crane and Porrino, 1989)",primary,journal_article,resolved,"Crane and Porrino, 1989)",crane1989
1948,Rattus norvegicus,Rattus,Kaufman__2004,TableA3,77,77,Thalamus,Thalamus,,CMRgl,cerebral_metabolic_rate,98.5,umol/100g/min,98.5,,6.0,umol/100g/min,conscious,resting_conscious,TRUE,single_primary_reference,single,,reported_via_secondary_compilation,,crane1989,"Crane and Porrino, 1989)","Crane and Porrino, 1989)",crane1989,"Crane and Porrino, 1989)",primary,journal_article,resolved,"Crane and Porrino, 1989)",crane1989
1949,Rattus norvegicus,Rattus,Kaufman__2004,TableA3,78,78,Thalamus,Thalamus,,CMRgl,cerebral_metabolic_rate,77,umol/100g/min,77.0,,8.0,umol/100g/min,conscious,resting_conscious,TRUE,single_primary_reference,single,,reported_via_secondary_compilation,,crosby1982,"Crosby et al., 1982)","Crosby et al., 1982)",crosby1982,"Crosby et al., 1982)",primary,journal_article,resolved,"Crosby et al., 1982)",crosby1982
1950,Rattus norvegicus,Rattus,Kaufman__2004,TableA3,79,79,Thalamus,Thalamus,,CMRgl,cerebral_metabolic_rate,80,umol/100g/min,80.0,,5.0,umol/100g/min,conscious,resting_conscious,TRUE,single_primary_reference,single,,reported_via_secondary_compilation,,crosby1984,"Crosby etal., 1984)","Crosby etal., 1984)",crosby1984,"Crosby etal., 1984)",primary,journal_article,resolved,"Crosby etal., 1984)",crosby1984
1951,Rattus norvegicus,Rattus,Kaufman__2004,TableA3,80,80,Thalamus,Thalamus,,CMRgl,cerebral_metabolic_rate,98,umol/100g/min,98.0,,5.0,umol/100g/min,anesthetized,resting_anesthetized,FALSE,single_primary_reference,single,,reported_via_secondary_compilation,anesthetized,crosby1984,"Crosby etal., 1984)","Crosby etal., 1984)",crosby1984,"Crosby etal., 1984)",primary,journal_article,resolved,"Crosby etal., 1984)",crosby1984
1952,Rattus norvegicus,Rattus,Kaufman__2004,TableA3,81,81,Thalamus,Thalamus,,CMRgl,cerebral_metabolic_rate,102,umol/100g/min,102.0,,7.0,umol/100g/min,conscious,resting_conscious,TRUE,single_primary_reference,single,,reported_via_secondary_compilation,,cudennec1997,"Cudennec et al., 1997)","Cudennec et al., 1997)",cudennec1997,"Cudennec et al., 1997)",primary,journal_article,resolved,"Cudennec et al., 1997)",cudennec1997
1953,Rattus norvegicus,Rattus,Kaufman__2004,TableA3,82,82,Thalamus,Thalamus,,CMRgl,cerebral_metabolic_rate,73,umol/100g/min,73.0,,5.0,umol/100g/min,conscious,resting_conscious,TRUE,single_primary_reference,single,,reported_via_secondary_compilation,,dam1990,"Dam etal., 1990)","Dam etal., 1990)",dam1990,"Dam etal., 1990)",primary,journal_article,resolved,"Dam etal., 1990)",dam1990
1954,Rattus norvegicus,Rattus,Kaufman__2004,TableA3,83,83,Thalamus,Thalamus,,CMRgl,cerebral_metabolic_rate,97.8,umol/100g/min,97.8,,10.0,umol/100g/min,conscious,resting_conscious,TRUE,single_primary_reference,single,,reported_via_secondary_compilation,,davis1986,"Davis et al., 1986)","Davis et al., 1986)",davis1986,"Davis et al., 1986)",primary,journal_article,resolved,"Davis et al., 1986)",davis1986
1955,Rattus norvegicus,Rattus,Kaufman__2004,TableA3,84,84,Thalamus,Thalamus,,CMRgl,cerebral_metabolic_rate,81.5,umol/100g/min,81.5,,5.0,umol/100g/min,conscious,resting_conscious,TRUE,single_primary_reference,single,,reported_via_secondary_compilation,,duelli2000,"Duelli et al., 2000)","Duelli et al., 2000)",duelli2000,"Duelli et al., 2000)",primary,journal_article,resolved,"Duelli et al., 2000)",duelli2000
1956,Rattus norvegicus,Rattus,Kaufman__2004,TableA3,85,85,Thalamus,Thalamus,,CMRgl,cerebral_metabolic_rate,116.2,umol/100g/min,116.2,,5.0,umol/100g/min,conscious,resting_conscious,TRUE,single_primary_reference,single,,reported_via_secondary_compilation,,freedland2002,"Freedland et al., 2002)","Freedland et al., 2002)",freedland2002,"Freedland et al., 2002)",primary,journal_article,resolved,"Freedland et al., 2002)",freedland2002
1957,Rattus norvegicus,Rattus,Kaufman__2004,TableA3,86,86,Thalamus,Thalamus,,CMRgl,cerebral_metabolic_rate,71,umol/100g/min,71.0,,12.0,umol/100g/min,conscious,resting_conscious,TRUE,single_primary_reference,single,,reported_via_secondary_compilation,,frietsch2000,"Frietsch et al., 2000)","Frietsch et al., 2000)",frietsch2000,"Frietsch et al., 2000)",primary,journal_article,resolved,"Frietsch et al., 2000)",frietsch2000
1958,Rattus norvegicus,Rattus,Kaufman__2004,TableA3,87,87,Thalamus,Thalamus,,CMRgl,cerebral_metabolic_rate,32,umol/100g/min,32.0,,12.0,umol/100g/min,anesthetized,resting_anesthetized,FALSE,single_primary_reference,single,,reported_via_secondary_compilation,anesthetized,frietsch2000,"Frietsch et al., 2000)","Frietsch et al., 2000)",frietsch2000,"Frietsch et al., 2000)",primary,journal_article,resolved,"Frietsch et al., 2000)",frietsch2000
1959,Rattus norvegicus,Rattus,Kaufman__2004,TableA3,88,88,Thalamus,Thalamus,,CMRgl,cerebral_metabolic_rate,70,umol/100g/min,70.0,,5.0,umol/100g/min,conscious,resting_conscious,TRUE,single_primary_reference,single,,reported_via_secondary_compilation,,furlow1983,"Furlow etal., 1983)","Furlow etal., 1983)",furlow1983,"Furlow etal., 1983)",primary,journal_article,resolved,"Furlow etal., 1983)",furlow1983
1960,Rattus norvegicus,Rattus,Kaufman__2004,TableA3,89,89,Thalamus,Thalamus,,CMRgl,cerebral_metabolic_rate,83,umol/100g/min,83.0,,6.0,umol/100g/min,conscious,resting_conscious,TRUE,single_primary_reference,single,,reported_via_secondary_compilation,,grome1983,"Grome and McCulloch, 1983)","Grome and McCulloch, 1983)",grome1983,"Grome and McCulloch, 1983)",primary,journal_article,resolved,"Grome and McCulloch, 1983)",grome1983
1961,Rattus norvegicus,Rattus,Kaufman__2004,TableA3,90,90,Thalamus,Thalamus,,CMRgl,cerebral_metabolic_rate,95,umol/100g/min,95.0,,7.0,umol/100g/min,conscious,resting_conscious,TRUE,single_primary_reference,single,,reported_via_secondary_compilation,,hakim1983,"Hakim etal., 1983)","Hakim etal., 1983)",hakim1983,"Hakim etal., 1983)",primary,journal_article,resolved,"Hakim etal., 1983)",hakim1983
1962,Rattus norvegicus,Rattus,Kaufman__2004,TableA3,91,91,Thalamus,Thalamus,,CMRgl,cerebral_metabolic_rate,117,umol/100g/min,117.0,,19.0,umol/100g/min,conscious,resting_conscious,TRUE,single_primary_reference,single,,reported_via_secondary_compilation,,hawkins1979,"Hawkins et al., 1979)","Hawkins et al., 1979)",hawkins1979,"Hawkins et al., 1979)",primary,journal_article,resolved,"Hawkins et al., 1979)",hawkins1979
1963,Rattus norvegicus,Rattus,Kaufman__2004,TableA3,92,92,Thalamus,Thalamus,,CMRgl,cerebral_metabolic_rate,101,umol/100g/min,101.0,,9.0,umol/100g/min,conscious,resting_conscious,TRUE,single_primary_reference,single,,reported_via_secondary_compilation,,flawkins1985,"Flawkins et al., 1985)","Flawkins et al., 1985)",flawkins1985,"Flawkins et al., 1985)",primary,journal_article,resolved,"Flawkins et al., 1985)",flawkins1985
1964,Rattus norvegicus,Rattus,Kaufman__2004,TableA3,93,93,Thalamus,Thalamus,,CMRgl,cerebral_metabolic_rate,66,umol/100g/min,66.0,,6.0,umol/100g/min,conscious,resting_conscious,TRUE,single_primary_reference,single,,reported_via_secondary_compilation,,ingvar1982,"ingvar and Siesjo, 1982)","ingvar and Siesjo, 1982)",ingvar1982,"ingvar and Siesjo, 1982)",primary,journal_article,resolved,"ingvar and Siesjo, 1982)",ingvar1982
1965,Rattus norvegicus,Rattus,Kaufman__2004,TableA3,94,94,Thalamus,Thalamus,,CMRgl,cerebral_metabolic_rate,82,umol/100g/min,82.0,,10.0,umol/100g/min,anesthetized,resting_anesthetized,FALSE,single_primary_reference,single,,reported_via_secondary_compilation,anesthetized,ingvar1982,"Ingvar and Siesjo, 1982)","Ingvar and Siesjo, 1982)",ingvar1982,"Ingvar and Siesjo, 1982)",primary,journal_article,resolved,"Ingvar and Siesjo, 1982)",ingvar1982
1966,Rattus norvegicus,Rattus,Kaufman__2004,TableA3,95,95,Thalamus,Thalamus,,CMRgl,cerebral_metabolic_rate,82,umol/100g/min,82.0,,7.0,umol/100g/min,conscious,resting_conscious,TRUE,single_primary_reference,single,,reported_via_secondary_compilation,,sadekaro1983,"Sadekaro et al., 1983)","Sadekaro et al., 1983)",sadekaro1983,"Sadekaro et al., 1983)",primary,journal_article,resolved,"Sadekaro et al., 1983)",sadekaro1983
1967,Rattus norvegicus,Rattus,Kaufman__2004,TableA3,96,96,Thalamus,Thalamus,,CMRgl,cerebral_metabolic_rate,88.9,umol/100g/min,88.9,,5.0,umol/100g/min,conscious,resting_conscious,TRUE,single_primary_reference,single,,reported_via_secondary_compilation,,katsumata2001,"katsumata et al., 2001)","katsumata et al., 2001)",katsumata2001,"katsumata et al., 2001)",primary,journal_article,resolved,"katsumata et al., 2001)",katsumata2001
1968,Rattus norvegicus,Rattus,Kaufman__2004,TableA3,97,97,Thalamus,Thalamus,,CMRgl,cerebral_metabolic_rate,93.9,umol/100g/min,93.9,,8.0,umol/100g/min,conscious,resting_conscious,TRUE,single_primary_reference,single,,reported_via_secondary_compilation,,knapp2002,"Knapp et al., 2002)","Knapp et al., 2002)",knapp2002,"Knapp et al., 2002)",primary,journal_article,resolved,"Knapp et al., 2002)",knapp2002
1969,Rattus norvegicus,Rattus,Kaufman__2004,TableA3,98,98,Thalamus,Thalamus,,CMRgl,cerebral_metabolic_rate,97,umol/100g/min,97.0,,10.0,umol/100g/min,conscious,resting_conscious,TRUE,single_primary_reference,single,,reported_via_secondary_compilation,,lu1983,"Lu et al., 1983)","Lu et al., 1983)",lu1983,"Lu et al., 1983)",primary,journal_article,resolved,"Lu et al., 1983)",lu1983
1970,Rattus norvegicus,Rattus,Kaufman__2004,TableA3,99,99,Thalamus,Thalamus,,CMRgl,cerebral_metabolic_rate,77,umol/100g/min,77.0,,10.0,umol/100g/min,conscious,resting_conscious,TRUE,single_primary_reference,single,,reported_via_secondary_compilation,,vlacneill1988,"VlacNeill and Bryan, 1988)","VlacNeill and Bryan, 1988)",vlacneill1988,"VlacNeill and Bryan, 1988)",primary,journal_article,resolved,"VlacNeill and Bryan, 1988)",vlacneill1988
1971,Rattus norvegicus,Rattus,Kaufman__2004,TableA3,100,100,Thalamus,Thalamus,,CMRgl,cerebral_metabolic_rate,57.6,umol/100g/min,57.6,,6.0,umol/100g/min,conscious,resting_conscious,TRUE,single_primary_reference,single,,reported_via_secondary_compilation,,mies1981,"Mies et al., 1981)","Mies et al., 1981)",mies1981,"Mies et al., 1981)",primary,journal_article,resolved,"Mies et al., 1981)",mies1981
1972,Rattus norvegicus,Rattus,Kaufman__2004,TableA3,101,101,Thalamus,Thalamus,,CMRgl,cerebral_metabolic_rate,82.3,umol/100g/min,82.3,,6.0,umol/100g/min,conscious,resting_conscious,TRUE,single_primary_reference,single,,reported_via_secondary_compilation,,moore2000,"Moore et al., 2000)","Moore et al., 2000)",moore2000,"Moore et al., 2000)",primary,journal_article,resolved,"Moore et al., 2000)",moore2000
1973,Rattus norvegicus,Rattus,Kaufman__2004,TableA3,102,102,Thalamus,Thalamus,,CMRgl,cerebral_metabolic_rate,72.7,umol/100g/min,72.7,,6.0,umol/100g/min,conscious,resting_conscious,TRUE,single_primary_reference,single,,reported_via_secondary_compilation,,vloore2000,"Vloore et al., 2000)","Vloore et al., 2000)",vloore2000,"Vloore et al., 2000)",primary,journal_article,resolved,"Vloore et al., 2000)",vloore2000
1974,Rattus norvegicus,Rattus,Kaufman__2004,TableA3,103,103,Thalamus,Thalamus,,CMRgl,cerebral_metabolic_rate,102.3,umol/100g/min,102.3,,6.0,umol/100g/min,conscious,resting_conscious,TRUE,single_primary_reference,single,,reported_via_secondary_compilation,,nehlig1985,"(Nehlig et al., 1985)","(Nehlig et al., 1985)",nehlig1985,"(Nehlig et al., 1985)",primary,journal_article,resolved,"(Nehlig et al., 1985)",nehlig1985
1975,Rattus norvegicus,Rattus,Kaufman__2004,TableA3,104,104,Thalamus,Thalamus,,CMRgl,cerebral_metabolic_rate,72,umol/100g/min,72.0,,6.0,umol/100g/min,conscious,resting_conscious,TRUE,single_primary_reference,single,,reported_via_secondary_compilation,,q1986,"(Q rietal., 1986)","(Q rietal., 1986)",q1986,"(Q rietal., 1986)",primary,journal_article,resolved,"(Q rietal., 1986)",q1986
1976,Rattus norvegicus,Rattus,Kaufman__2004,TableA3,105,105,Thalamus,Thalamus,,CMRgl,cerebral_metabolic_rate,93.7,umol/100g/min,93.7,,5.0,umol/100g/min,conscious,resting_conscious,TRUE,single_primary_reference,single,,reported_via_secondary_compilation,,orzi1983,"(Orzi et al., 1983)","(Orzi et al., 1983)",orzi1983,"(Orzi et al., 1983)",primary,journal_article,resolved,"(Orzi et al., 1983)",orzi1983
1977,Rattus norvegicus,Rattus,Kaufman__2004,TableA3,106,106,Thalamus,Thalamus,,CMRgl,cerebral_metabolic_rate,71.9,umol/100g/min,71.9,,6.0,umol/100g/min,conscious,resting_conscious,TRUE,single_primary_reference,single,,reported_via_secondary_compilation,,otori2003,"(Otori et al., 2003)","(Otori et al., 2003)",otori2003,"(Otori et al., 2003)",primary,journal_article,resolved,"(Otori et al., 2003)",otori2003
1978,Rattus norvegicus,Rattus,Kaufman__2004,TableA3,107,107,Thalamus,Thalamus,,CMRgl,cerebral_metabolic_rate,89,umol/100g/min,89.0,,7.0,umol/100g/min,conscious,resting_conscious,TRUE,single_primary_reference,single,,reported_via_secondary_compilation,,poindessous1998,"(Poindessous-Jazat et al., 1998)","(Poindessous-Jazat et al., 1998)",poindessous1998,"(Poindessous-Jazat et al., 1998)",primary,journal_article,resolved,"(Poindessous-Jazat et al., 1998)",poindessous1998
1979,Rattus norvegicus,Rattus,Kaufman__2004,TableA3,108,108,Thalamus,Thalamus,,CMRgl,cerebral_metabolic_rate,90,umol/100g/min,90.0,,5.0,umol/100g/min,conscious,resting_conscious,TRUE,single_primary_reference,single,,reported_via_secondary_compilation,,poindessous1998,"(Poindessous-Jazat et al., 1998)","(Poindessous-Jazat et al., 1998)",poindessous1998,"(Poindessous-Jazat et al., 1998)",primary,journal_article,resolved,"(Poindessous-Jazat et al., 1998)",poindessous1998
1980,Rattus norvegicus,Rattus,Kaufman__2004,TableA3,109,109,Thalamus,Thalamus,,CMRgl,cerebral_metabolic_rate,88,umol/100g/min,88.0,,7.0,umol/100g/min,conscious,resting_conscious,TRUE,single_primary_reference,single,,reported_via_secondary_compilation,,savaki1983,"(Savaki et al., 1983)","(Savaki et al., 1983)",savaki1983,"(Savaki et al., 1983)",primary,journal_article,resolved,"(Savaki et al., 1983)",savaki1983
1981,Rattus norvegicus,Rattus,Kaufman__2004,TableA3,110,110,Thalamus,Thalamus,,CMRgl,cerebral_metabolic_rate,100,umol/100g/min,100.0,,6.0,umol/100g/min,conscious,resting_conscious,TRUE,single_primary_reference,single,,reported_via_secondary_compilation,,schwartz1985,"(Schwartz and Crosby, 1985)","(Schwartz and Crosby, 1985)",schwartz1985,"(Schwartz and Crosby, 1985)",primary,journal_article,resolved,"(Schwartz and Crosby, 1985)",schwartz1985
1982,Rattus norvegicus,Rattus,Kaufman__2004,TableA3,111,111,Thalamus,Thalamus,,CMRgl,cerebral_metabolic_rate,1977,umol/100g/min,1977.0,,,umol/100g/min,unknown,resting_unknown,TRUE,single_primary_reference,single,,reported_via_secondary_compilation,,anonNA,(,(,anonNA,(,primary,journal_article,unresolved,(,anonNA
1983,Rattus norvegicus,Rattus,Kaufman__2004,TableA3,112,112,Thalamus,Thalamus,,CMRgl,cerebral_metabolic_rate,93.5,umol/100g/min,93.5,,16.0,umol/100g/min,conscious,resting_conscious,TRUE,single_primary_reference,single,,reported_via_secondary_compilation,,soncrant1992,"(Soncrant et al., 1992)","(Soncrant et al., 1992)",soncrant1992,"(Soncrant et al., 1992)",primary,journal_article,resolved,"(Soncrant et al., 1992)",soncrant1992
1984,Rattus norvegicus,Rattus,Kaufman__2004,TableA3,113,113,Thalamus,Thalamus,,CMRgl,cerebral_metabolic_rate,98,umol/100g/min,98.0,,5.0,umol/100g/min,conscious,resting_conscious,TRUE,single_primary_reference,single,,reported_via_secondary_compilation,,wechsler1979,"(Wechsler et al., 1979)","(Wechsler et al., 1979)",wechsler1979,"(Wechsler et al., 1979)",primary,journal_article,resolved,"(Wechsler et al., 1979)",wechsler1979
1985,Rattus norvegicus,Rattus,Kaufman__2004,TableA3,114,114,Thalamus,Thalamus,,CMRgl,cerebral_metabolic_rate,79.5,umol/100g/min,79.5,,16.0,umol/100g/min,conscious,resting_conscious,TRUE,single_primary_reference,single,,reported_via_secondary_compilation,,grome1981,"(Grome and McCulloch, 1981)","(Grome and McCulloch, 1981)",grome1981,"(Grome and McCulloch, 1981)",primary,journal_article,resolved,"(Grome and McCulloch, 1981)",grome1981
1986,Rattus norvegicus,Rattus,Kaufman__2004,TableA3,115,115,Thalamus,Thalamus,,CMRgl,cerebral_metabolic_rate,126.1,umol/100g/min,126.1,,5.0,umol/100g/min,conscious,resting_conscious,TRUE,single_primary_reference,single,,reported_via_secondary_compilation,,whitlow2002,"(Whitlow et al., 2002)","(Whitlow et al., 2002)",whitlow2002,"(Whitlow et al., 2002)",primary,journal_article,resolved,"(Whitlow et al., 2002)",whitlow2002
1987,Rattus norvegicus,Rattus,Kaufman__2004,TableA3,116,116,Thalamus,Thalamus,,CMRgl,cerebral_metabolic_rate,109.1,umol/100g/min,109.1,,5.0,umol/100g/min,conscious,resting_conscious,TRUE,single_primary_reference,single,,reported_via_secondary_compilation,,walker1999,"(Walker etal., 1999)","(Walker etal., 1999)",walker1999,"(Walker etal., 1999)",primary,journal_article,resolved,"(Walker etal., 1999)",walker1999
1988,Rattus norvegicus,Rattus,Kaufman__2004,TableA3,117,117,Thalamus,Thalamus,,CMRgl,cerebral_metabolic_rate,76,umol/100g/min,76.0,,6.0,umol/100g/min,conscious,resting_conscious,TRUE,single_primary_reference,single,,reported_via_secondary_compilation,,lenzetal1998,"(Lenzetal., 1998)","(Lenzetal., 1998)",lenzetal1998,"(Lenzetal., 1998)",primary,journal_article,resolved,"(Lenzetal., 1998)",lenzetal1998
1989,Rattus norvegicus,Rattus,Kaufman__2004,TableA3,118,118,Thalamus,Thalamus,,CMRgl,cerebral_metabolic_rate,78,umol/100g/min,78.0,,6.0,umol/100g/min,conscious,resting_conscious,TRUE,single_primary_reference,single,,reported_via_secondary_compilation,,maekawa1986,"(Maekawa et al., 1986)","(Maekawa et al., 1986)",maekawa1986,"(Maekawa et al., 1986)",primary,journal_article,resolved,"(Maekawa et al., 1986)",maekawa1986
1990,Rattus norvegicus,rat,Karbowski__2007,TableS3,2,2,Visual_cortex,Visual cortex,Visual cortex,CMRgl,cerebral_metabolic_rate,0.86,umol/g/min,86.0,14.000000000000002,,umol/100g/min,unknown,resting_unknown,TRUE,single_primary_reference,single,,reported_via_secondary_compilation,,waschke1993,Waschke et al 1993,Waschke et al 1993,waschke1993,Waschke et al 1993,primary,journal_article,resolved,Waschke et al 1993,waschke1993
1991,Rattus norvegicus,rat,Karbowski__2007,TableS3,3,3,Visual_cortex,Visual cortex,Visual cortex,CMRgl,cerebral_metabolic_rate,0.82,umol/g/min,82.0,12.0,,umol/100g/min,unknown,resting_unknown,TRUE,single_primary_reference,single,,reported_via_secondary_compilation,,dube2001,Dube et al 2001,Dube et al 2001,dube2001,Dube et al 2001,primary,journal_article,resolved,Dube et al 2001,dube2001
1992,Rattus norvegicus,rat,Karbowski__2007,TableS3,4,4,Visual_cortex,Visual cortex,Visual cortex,CMRgl,cerebral_metabolic_rate,0.97,umol/g/min,97.0,5.0,,umol/100g/min,unknown,resting_unknown,TRUE,single_primary_reference,single,,reported_via_secondary_compilation,,nehling1988,Nehling et al 1988,Nehling et al 1988,nehling1988,Nehling et al 1988,primary,journal_article,resolved,Nehling et al 1988,nehling1988
1993,Rattus norvegicus,rat,Karbowski__2007,TableS3,5,5,Visual_cortex,Visual cortex,Visual cortex,CMRgl,cerebral_metabolic_rate,1,umol/g/min,100.0,10.0,,umol/100g/min,unknown,resting_unknown,TRUE,single_primary_reference,single,,reported_via_secondary_compilation,,nehling2000,Nehling et al 2000,Nehling et al 2000,nehling2000,Nehling et al 2000,primary,journal_article,resolved,Nehling et al 2000,nehling2000
1994,Rattus norvegicus,rat,Karbowski__2007,TableS23,2,2,White_matter,White matter,Corpus callosum,CMRgl,cerebral_metabolic_rate,0.29,umol/g/min,28.999999999999996,3.0,,umol/100g/min,unknown,resting_unknown,TRUE,single_primary_reference,single,,reported_via_secondary_compilation,,waschke1993,Waschke et al 1993,Waschke et al 1993,waschke1993,Waschke et al 1993,primary,journal_article,resolved,Waschke et al 1993,waschke1993
1995,Rattus norvegicus,rat,Karbowski__2007,TableS23,3,3,White_matter,White matter,Corpus callosum,CMRgl,cerebral_metabolic_rate,0.22,umol/g/min,22.0,2.0,,umol/100g/min,unknown,resting_unknown,TRUE,single_primary_reference,single,,reported_via_secondary_compilation,,nehlig2000,Nehlig et al 2000,Nehlig et al 2000,nehlig2000,Nehlig et al 2000,primary,journal_article,resolved,Nehlig et al 2000,nehlig2000
1996,Rattus norvegicus,rat,Karbowski__2007,TableS23,11,11,White_matter,White matter,Internal capsule,CMRgl,cerebral_metabolic_rate,0.25,umol/g/min,25.0,4.0,,umol/100g/min,unknown,resting_unknown,TRUE,single_primary_reference,single,,reported_via_secondary_compilation,,waschke1993,Waschke et al 1993,Waschke et al 1993,waschke1993,Waschke et al 1993,primary,journal_article,resolved,Waschke et al 1993,waschke1993
1997,Rattus norvegicus,rat,Karbowski__2007,TableS23,12,12,White_matter,White matter,Internal capsule,CMRgl,cerebral_metabolic_rate,0.32,umol/g/min,32.0,3.0,,umol/100g/min,unknown,resting_unknown,TRUE,single_primary_reference,single,,reported_via_secondary_compilation,,nehlig1988,Nehlig et al 1988,Nehlig et al 1988,nehlig1988,Nehlig et al 1988,primary,journal_article,resolved,Nehlig et al 1988,nehlig1988
1998,Rattus norvegicus,Rattus,Kaufman__2004,TableA5,39,39,White_matter,White Matter,,CMRgl,cerebral_metabolic_rate,28,umol/100g/min,28.0,,7.0,umol/100g/min,conscious,resting_conscious,TRUE,single_primary_reference,single,,reported_via_secondary_compilation,,bassant1996,"(Bassant etal., 1996)","(Bassant etal., 1996)",bassant1996,"(Bassant etal., 1996)",primary,journal_article,resolved,"(Bassant etal., 1996)",bassant1996
1999,Rattus norvegicus,Rattus,Kaufman__2004,TableA5,40,40,White_matter,White Matter,,CMRgl,cerebral_metabolic_rate,25,umol/100g/min,25.0,,8.0,umol/100g/min,conscious,resting_conscious,TRUE,single_primary_reference,single,,reported_via_secondary_compilation,,bassant1996,"(Bassant et al., 1996)","(Bassant et al., 1996)",bassant1996,"(Bassant et al., 1996)",primary,journal_article,resolved,"(Bassant et al., 1996)",bassant1996
2000,Rattus norvegicus,Rattus,Kaufman__2004,TableA5,41,41,White_matter,White Matter,,CMRgl,cerebral_metabolic_rate,37.5,umol/100g/min,37.5,,6.0,umol/100g/min,conscious,resting_conscious,TRUE,single_primary_reference,single,,reported_via_secondary_compilation,,bryan1983,"(Bryan etal., 1983)","(Bryan etal., 1983)",bryan1983,"(Bryan etal., 1983)",primary,journal_article,resolved,"(Bryan etal., 1983)",bryan1983
2001,Rattus norvegicus,Rattus,Kaufman__2004,TableA5,42,42,White_matter,White Matter,,CMRgl,cerebral_metabolic_rate,43,umol/100g/min,43.0,,10.0,umol/100g/min,conscious,resting_conscious,TRUE,single_primary_reference,single,,reported_via_secondary_compilation,,bryan1988,"(Bryan and Lehman, 1988)","(Bryan and Lehman, 1988)",bryan1988,"(Bryan and Lehman, 1988)",primary,journal_article,resolved,"(Bryan and Lehman, 1988)",bryan1988
2002,Rattus norvegicus,Rattus,Kaufman__2004,TableA5,43,43,White_matter,White Matter,,CMRgl,cerebral_metabolic_rate,31,umol/100g/min,31.0,,6.0,umol/100g/min,conscious,resting_conscious,TRUE,single_primary_reference,single,,reported_via_secondary_compilation,,crane1989,"(Crane and Porrino, 1989)","(Crane and Porrino, 1989)",crane1989,"(Crane and Porrino, 1989)",primary,journal_article,resolved,"(Crane and Porrino, 1989)",crane1989
2003,Rattus norvegicus,Rattus,Kaufman__2004,TableA5,44,44,White_matter,White Matter,,CMRgl,cerebral_metabolic_rate,33.5,umol/100g/min,33.5,,6.0,umol/100g/min,conscious,resting_conscious,TRUE,single_primary_reference,single,,reported_via_secondary_compilation,,crane1989,"(Crane and Porrino, 1989)","(Crane and Porrino, 1989)",crane1989,"(Crane and Porrino, 1989)",primary,journal_article,resolved,"(Crane and Porrino, 1989)",crane1989
2004,Rattus norvegicus,Rattus,Kaufman__2004,TableA5,45,45,White_matter,White Matter,,CMRgl,cerebral_metabolic_rate,34.5,umol/100g/min,34.5,,8.0,umol/100g/min,conscious,resting_conscious,TRUE,single_primary_reference,single,,reported_via_secondary_compilation,,crosby1982,"(Crosby et al., 1982)","(Crosby et al., 1982)",crosby1982,"(Crosby et al., 1982)",primary,journal_article,resolved,"(Crosby et al., 1982)",crosby1982
2005,Rattus norvegicus,Rattus,Kaufman__2004,TableA5,46,46,White_matter,White Matter,,CMRgl,cerebral_metabolic_rate,23.5,umol/100g/min,23.5,,5.0,umol/100g/min,conscious,resting_conscious,TRUE,single_primary_reference,single,,reported_via_secondary_compilation,,dam1990,"(Dam etal., 1990)","(Dam etal., 1990)",dam1990,"(Dam etal., 1990)",primary,journal_article,resolved,"(Dam etal., 1990)",dam1990
2006,Rattus norvegicus,Rattus,Kaufman__2004,TableA5,47,47,White_matter,White Matter,,CMRgl,cerebral_metabolic_rate,50.5,umol/100g/min,50.5,,10.0,umol/100g/min,conscious,resting_conscious,TRUE,single_primary_reference,single,,reported_via_secondary_compilation,,davis1986,"(Davis et al., 1986)","(Davis et al., 1986)",davis1986,"(Davis et al., 1986)",primary,journal_article,resolved,"(Davis et al., 1986)",davis1986
2007,Rattus norvegicus,Rattus,Kaufman__2004,TableA5,48,48,White_matter,White Matter,,CMRgl,cerebral_metabolic_rate,29.5,umol/100g/min,29.5,,4.0,umol/100g/min,conscious,resting_conscious,TRUE,single_primary_reference,single,,reported_via_secondary_compilation,,dow1986,"(Dow-Edwards et al., 1986)","(Dow-Edwards et al., 1986)",dow1986,"(Dow-Edwards et al., 1986)",primary,journal_article,resolved,"(Dow-Edwards et al., 1986)",dow1986
2008,Rattus norvegicus,Rattus,Kaufman__2004,TableA5,49,49,White_matter,White Matter,,CMRgl,cerebral_metabolic_rate,26.5,umol/100g/min,26.5,,5.0,umol/100g/min,conscious,resting_conscious,TRUE,single_primary_reference,single,,reported_via_secondary_compilation,,duelli2000,"(Duelli et al., 2000)","(Duelli et al., 2000)",duelli2000,"(Duelli et al., 2000)",primary,journal_article,resolved,"(Duelli et al., 2000)",duelli2000
2009,Rattus norvegicus,Rattus,Kaufman__2004,TableA5,50,50,White_matter,White Matter,,CMRgl,cerebral_metabolic_rate,37,umol/100g/min,37.0,,6.0,umol/100g/min,conscious,resting_conscious,TRUE,single_primary_reference,single,,reported_via_secondary_compilation,,eintrei1999,"(Eintrei et al., 1999)","(Eintrei et al., 1999)",eintrei1999,"(Eintrei et al., 1999)",primary,journal_article,resolved,"(Eintrei et al., 1999)",eintrei1999
2010,Rattus norvegicus,Rattus,Kaufman__2004,TableA5,51,51,White_matter,White Matter,,CMRgl,cerebral_metabolic_rate,31.3,umol/100g/min,31.3,,5.0,umol/100g/min,conscious,resting_conscious,TRUE,single_primary_reference,single,,reported_via_secondary_compilation,,freedland2002,"(Freedland et al., 2002)","(Freedland et al., 2002)",freedland2002,"(Freedland et al., 2002)",primary,journal_article,resolved,"(Freedland et al., 2002)",freedland2002
2011,Rattus norvegicus,Rattus,Kaufman__2004,TableA5,52,52,White_matter,White Matter,,CMRgl,cerebral_metabolic_rate,26.5,umol/100g/min,26.5,,12.0,umol/100g/min,conscious,resting_conscious,TRUE,single_primary_reference,single,,reported_via_secondary_compilation,,frietsch2000,"(Frietsch et al., 2000)","(Frietsch et al., 2000)",frietsch2000,"(Frietsch et al., 2000)",primary,journal_article,resolved,"(Frietsch et al., 2000)",frietsch2000
2012,Rattus norvegicus,Rattus,Kaufman__2004,TableA5,53,53,White_matter,White Matter,,CMRgl,cerebral_metabolic_rate,13,umol/100g/min,13.0,,12.0,umol/100g/min,anesthetized,resting_anesthetized,FALSE,single_primary_reference,single,,reported_via_secondary_compilation,anesthetized,frietsch2000,"(Frietsch et al., 2000)","(Frietsch et al., 2000)",frietsch2000,"(Frietsch et al., 2000)",primary,journal_article,resolved,"(Frietsch et al., 2000)",frietsch2000
2013,Rattus norvegicus,Rattus,Kaufman__2004,TableA5,54,54,White_matter,White Matter,,CMRgl,cerebral_metabolic_rate,31,umol/100g/min,31.0,,5.0,umol/100g/min,conscious,resting_conscious,TRUE,single_primary_reference,single,,reported_via_secondary_compilation,,furlow1983,"(Furlow etal., 1983)","(Furlow etal., 1983)",furlow1983,"(Furlow etal., 1983)",primary,journal_article,resolved,"(Furlow etal., 1983)",furlow1983
2014,Rattus norvegicus,Rattus,Kaufman__2004,TableA5,55,55,White_matter,White Matter,,CMRgl,cerebral_metabolic_rate,32,umol/100g/min,32.0,,16.0,umol/100g/min,conscious,resting_conscious,TRUE,single_primary_reference,single,,reported_via_secondary_compilation,,grome1981,"(Grome and McCulloch, 1981)","(Grome and McCulloch, 1981)",grome1981,"(Grome and McCulloch, 1981)",primary,journal_article,resolved,"(Grome and McCulloch, 1981)",grome1981
2015,Rattus norvegicus,Rattus,Kaufman__2004,TableA5,56,56,White_matter,White Matter,,CMRgl,cerebral_metabolic_rate,32,umol/100g/min,32.0,,6.0,umol/100g/min,conscious,resting_conscious,TRUE,single_primary_reference,single,,reported_via_secondary_compilation,,grome1983,"(Grome and McCulloch, 1983)","(Grome and McCulloch, 1983)",grome1983,"(Grome and McCulloch, 1983)",primary,journal_article,resolved,"(Grome and McCulloch, 1983)",grome1983
2016,Rattus norvegicus,Rattus,Kaufman__2004,TableA5,57,57,White_matter,White Matter,,CMRgl,cerebral_metabolic_rate,37,umol/100g/min,37.0,,7.0,umol/100g/min,conscious,resting_conscious,TRUE,single_primary_reference,single,,reported_via_secondary_compilation,,hakim1983,"(Hakim etal., 1983)","(Hakim etal., 1983)",hakim1983,"(Hakim etal., 1983)",primary,journal_article,resolved,"(Hakim etal., 1983)",hakim1983
2017,Rattus norvegicus,Rattus,Kaufman__2004,TableA5,58,58,White_matter,White Matter,,CMRgl,cerebral_metabolic_rate,36.5,umol/100g/min,36.5,,19.0,umol/100g/min,conscious,resting_conscious,TRUE,single_primary_reference,single,,reported_via_secondary_compilation,,hawkins1979,"(Hawkins et al., 1979)","(Hawkins et al., 1979)",hawkins1979,"(Hawkins et al., 1979)",primary,journal_article,resolved,"(Hawkins et al., 1979)",hawkins1979
2018,Rattus norvegicus,Rattus,Kaufman__2004,TableA5,59,59,White_matter,White Matter,,CMRgl,cerebral_metabolic_rate,53,umol/100g/min,53.0,,9.0,umol/100g/min,conscious,resting_conscious,TRUE,single_primary_reference,single,,reported_via_secondary_compilation,,hawkins1985,"(Hawkins et al., 1985)","(Hawkins et al., 1985)",hawkins1985,"(Hawkins et al., 1985)",primary,journal_article,resolved,"(Hawkins et al., 1985)",hawkins1985
2019,Rattus norvegicus,Rattus,Kaufman__2004,TableA5,60,60,White_matter,White Matter,,CMRgl,cerebral_metabolic_rate,31,umol/100g/min,31.0,,7.0,umol/100g/min,conscious,resting_conscious,TRUE,single_primary_reference,single,,reported_via_secondary_compilation,,kadekaro1983,"(Kadekaro et al., 1983)","(Kadekaro et al., 1983)",kadekaro1983,"(Kadekaro et al., 1983)",primary,journal_article,resolved,"(Kadekaro et al., 1983)",kadekaro1983
2020,Rattus norvegicus,Rattus,Kaufman__2004,TableA5,61,61,White_matter,White Matter,,CMRgl,cerebral_metabolic_rate,33,umol/100g/min,33.0,,4.0,umol/100g/min,conscious,resting_conscious,TRUE,single_primary_reference,single,,reported_via_secondary_compilation,,lear1981,"(Lear etal., 1981)","(Lear etal., 1981)",lear1981,"(Lear etal., 1981)",primary,journal_article,resolved,"(Lear etal., 1981)",lear1981
2021,Rattus norvegicus,Rattus,Kaufman__2004,TableA5,62,62,White_matter,White Matter,,CMRgl,cerebral_metabolic_rate,23,umol/100g/min,23.0,,6.0,umol/100g/min,conscious,resting_conscious,TRUE,single_primary_reference,single,,reported_via_secondary_compilation,,lenz1998,"(Lenz et al., 1998)","(Lenz et al., 1998)",lenz1998,"(Lenz et al., 1998)",primary,journal_article,resolved,"(Lenz et al., 1998)",lenz1998
2022,Rattus norvegicus,Rattus,Kaufman__2004,TableA5,63,63,White_matter,White Matter,,CMRgl,cerebral_metabolic_rate,43,umol/100g/min,43.0,,10.0,umol/100g/min,conscious,resting_conscious,TRUE,single_primary_reference,single,,reported_via_secondary_compilation,,lu1983,"(Lu et al., 1983)","(Lu et al., 1983)",lu1983,"(Lu et al., 1983)",primary,journal_article,resolved,"(Lu et al., 1983)",lu1983
2023,Rattus norvegicus,Rattus,Kaufman__2004,TableA5,64,64,White_matter,White Matter,,CMRgl,cerebral_metabolic_rate,51,umol/100g/min,51.0,,10.0,umol/100g/min,conscious,resting_conscious,TRUE,single_primary_reference,single,,reported_via_secondary_compilation,,macneill1988,"(MacNeill and Bryan, 1988)","(MacNeill and Bryan, 1988)",macneill1988,"(MacNeill and Bryan, 1988)",primary,journal_article,resolved,"(MacNeill and Bryan, 1988)",macneill1988
2024,Rattus norvegicus,Rattus,Kaufman__2004,TableA5,65,65,White_matter,White Matter,,CMRgl,cerebral_metabolic_rate,34.5,umol/100g/min,34.5,,6.0,umol/100g/min,conscious,resting_conscious,TRUE,single_primary_reference,single,,reported_via_secondary_compilation,,maekawa1986,"(Maekawa et al., 1986)","(Maekawa et al., 1986)",maekawa1986,"(Maekawa et al., 1986)",primary,journal_article,resolved,"(Maekawa et al., 1986)",maekawa1986
2025,Rattus norvegicus,Rattus,Kaufman__2004,TableA5,66,66,White_matter,White Matter,,CMRgl,cerebral_metabolic_rate,30,umol/100g/min,30.0,,6.0,umol/100g/min,conscious,resting_conscious,TRUE,single_primary_reference,single,,reported_via_secondary_compilation,,nehlig1985,"(Nehlig et al., 1985)","(Nehlig et al., 1985)",nehlig1985,"(Nehlig et al., 1985)",primary,journal_article,resolved,"(Nehlig et al., 1985)",nehlig1985
2026,Rattus norvegicus,Rattus,Kaufman__2004,TableA5,67,67,White_matter,White Matter,,CMRgl,cerebral_metabolic_rate,31,umol/100g/min,31.0,,5.0,umol/100g/min,conscious,resting_conscious,TRUE,single_primary_reference,single,,reported_via_secondary_compilation,,orzi1983,"(Orzi et al., 1983)","(Orzi et al., 1983)",orzi1983,"(Orzi et al., 1983)",primary,journal_article,resolved,"(Orzi et al., 1983)",orzi1983
2027,Rattus norvegicus,Rattus,Kaufman__2004,TableA5,68,68,White_matter,White Matter,,CMRgl,cerebral_metabolic_rate,27.7,umol/100g/min,27.7,,6.0,umol/100g/min,conscious,resting_conscious,TRUE,single_primary_reference,single,,reported_via_secondary_compilation,,otori2003,"(Otori et al., 2003)","(Otori et al., 2003)",otori2003,"(Otori et al., 2003)",primary,journal_article,resolved,"(Otori et al., 2003)",otori2003
2028,Rattus norvegicus,Rattus,Kaufman__2004,TableA5,69,69,White_matter,White Matter,,CMRgl,cerebral_metabolic_rate,30,umol/100g/min,30.0,,7.0,umol/100g/min,conscious,resting_conscious,TRUE,single_primary_reference,single,,reported_via_secondary_compilation,,poindessous1998,"(Poindessous-Jazat et al., 1998)","(Poindessous-Jazat et al., 1998)",poindessous1998,"(Poindessous-Jazat et al., 1998)",primary,journal_article,resolved,"(Poindessous-Jazat et al., 1998)",poindessous1998
2029,Rattus norvegicus,Rattus,Kaufman__2004,TableA5,70,70,White_matter,White Matter,,CMRgl,cerebral_metabolic_rate,23,umol/100g/min,23.0,,5.0,umol/100g/min,conscious,resting_conscious,TRUE,single_primary_reference,single,,reported_via_secondary_compilation,,poindessous1998,"(Poindessous-Jazat et al., 1998)","(Poindessous-Jazat et al., 1998)",poindessous1998,"(Poindessous-Jazat et al., 1998)",primary,journal_article,resolved,"(Poindessous-Jazat et al., 1998)",poindessous1998
2030,Rattus norvegicus,Rattus,Kaufman__2004,TableA5,71,71,White_matter,White Matter,,CMRgl,cerebral_metabolic_rate,27.5,umol/100g/min,27.5,,7.0,umol/100g/min,conscious,resting_conscious,TRUE,single_primary_reference,single,,reported_via_secondary_compilation,,savaki1983,"(Savaki et al., 1983)","(Savaki et al., 1983)",savaki1983,"(Savaki et al., 1983)",primary,journal_article,resolved,"(Savaki et al., 1983)",savaki1983
2031,Rattus norvegicus,Rattus,Kaufman__2004,TableA5,72,72,White_matter,White Matter,,CMRgl,cerebral_metabolic_rate,30,umol/100g/min,30.0,,6.0,umol/100g/min,conscious,resting_conscious,TRUE,single_primary_reference,single,,reported_via_secondary_compilation,,schwartz1985,"(Schwartz and Crosby, 1985)","(Schwartz and Crosby, 1985)",schwartz1985,"(Schwartz and Crosby, 1985)",primary,journal_article,resolved,"(Schwartz and Crosby, 1985)",schwartz1985
2032,Rattus norvegicus,Rattus,Kaufman__2004,TableA5,73,73,White_matter,White Matter,,CMRgl,cerebral_metabolic_rate,1977,umol/100g/min,1977.0,,,umol/100g/min,unknown,resting_unknown,TRUE,single_primary_reference,single,,reported_via_secondary_compilation,,anonNA,(,(,anonNA,(,primary,journal_article,unresolved,(,anonNA
2033,Rattus norvegicus,Rattus,Kaufman__2004,TableA5,74,74,White_matter,White Matter,,CMRgl,cerebral_metabolic_rate,46.5,umol/100g/min,46.5,,5.0,umol/100g/min,conscious,resting_conscious,TRUE,single_primary_reference,single,,reported_via_secondary_compilation,,walker1999,"(Walker et al., 1999)","(Walker et al., 1999)",walker1999,"(Walker et al., 1999)",primary,journal_article,resolved,"(Walker et al., 1999)",walker1999
2034,Rattus norvegicus,Rattus,Kaufman__2004,TableA5,75,75,White_matter,White Matter,,CMRgl,cerebral_metabolic_rate,22,umol/100g/min,22.0,,5.0,umol/100g/min,conscious,resting_conscious,TRUE,single_primary_reference,single,,reported_via_secondary_compilation,,wechsler1979,"(Wechsler et al., 1979)","(Wechsler et al., 1979)",wechsler1979,"(Wechsler et al., 1979)",primary,journal_article,resolved,"(Wechsler et al., 1979)",wechsler1979
2035,Rattus norvegicus,Rattus,Kaufman__2004,TableA5,76,76,White_matter,White Matter,,CMRgl,cerebral_metabolic_rate,33.2,umol/100g/min,33.2,,5.0,umol/100g/min,conscious,resting_conscious,TRUE,single_primary_reference,single,,reported_via_secondary_compilation,,whitlow2002,"(Whitlow et al., 2002)","(Whitlow et al., 2002)",whitlow2002,"(Whitlow et al., 2002)",primary,journal_article,resolved,"(Whitlow et al., 2002)",whitlow2002
2036,Rattus norvegicus,rat,Karbowski__2007,TableS2,3,3,Whole_brain,Brain,Brain,CMRgl,cerebral_metabolic_rate,0.68,umol/g/min,68.0,4.0,,umol/100g/min,unknown,resting_unknown,TRUE,multiple_primary_references,single,,reported_via_secondary_compilation,,nehlig1988;waschke1993;levant2004,Nehlig et al 1988; Waschke et al 1993; Levant et al 2004,Nehlig et al 1988; Waschke et al 1993; Levant et al 2004,nehlig1988;waschke1993;levant2004,Nehlig et al 1988; Waschke et al 1993; Levant et al 2004,primary,journal_article,resolved,Nehlig et al 1988; Waschke et al 1993; Levant et al 2004,nehlig1988;waschke1993;levant2004
2037,Rattus norvegicus,Rattus,Kaufman__2004,TableA14,142,142,Whole_brain,Whole Brain (direct measurement),,CMRgl,cerebral_metabolic_rate,56.1,umol/100g/min,56.1,,10.0,umol/100g/min,conscious,resting_conscious,TRUE,single_primary_reference,single,,reported_via_secondary_compilation,,b1991,"(B linetal., 1991)","(B linetal., 1991)",b1991,"(B linetal., 1991)",primary,journal_article,resolved,"(B linetal., 1991)",b1991
2038,Rattus norvegicus,Rattus,Kaufman__2004,TableA14,143,143,Whole_brain,Whole Brain (direct measurement),,CMRgl,cerebral_metabolic_rate,60,umol/100g/min,60.0,,7.0,umol/100g/min,conscious,resting_conscious,TRUE,single_primary_reference,single,,reported_via_secondary_compilation,,borgstrom1976,"(Borgstrom et al., 1976)","(Borgstrom et al., 1976)",borgstrom1976,"(Borgstrom et al., 1976)",primary,journal_article,resolved,"(Borgstrom et al., 1976)",borgstrom1976
2039,Rattus norvegicus,Rattus,Kaufman__2004,TableA14,144,144,Whole_brain,Whole Brain (direct measurement),,CMRgl,cerebral_metabolic_rate,72,umol/100g/min,72.0,,5.0,umol/100g/min,conscious,resting_conscious,TRUE,single_primary_reference,single,,reported_via_secondary_compilation,,duelli2000,"(Duelli et al., 2000)","(Duelli et al., 2000)",duelli2000,"(Duelli et al., 2000)",primary,journal_article,resolved,"(Duelli et al., 2000)",duelli2000
2040,Rattus norvegicus,Rattus,Kaufman__2004,TableA14,145,145,Whole_brain,Whole Brain (direct measurement),,CMRgl,cerebral_metabolic_rate,62,umol/100g/min,62.0,,27.0,umol/100g/min,conscious,resting_conscious,TRUE,single_primary_reference,single,,reported_via_secondary_compilation,,hawkins1974,"(Hawkins et al., 1974)","(Hawkins et al., 1974)",hawkins1974,"(Hawkins et al., 1974)",primary,journal_article,resolved,"(Hawkins et al., 1974)",hawkins1974
2041,Rattus norvegicus,Rattus,Kaufman__2004,TableA14,146,146,Whole_brain,Whole Brain (direct measurement),,CMRgl,cerebral_metabolic_rate,74,umol/100g/min,74.0,,6.0,umol/100g/min,conscious,resting_conscious,TRUE,single_primary_reference,single,,reported_via_secondary_compilation,,schwartz1985,"(Schwartz and Crosby, 1985)","(Schwartz and Crosby, 1985)",schwartz1985,"(Schwartz and Crosby, 1985)",primary,journal_article,resolved,"(Schwartz and Crosby, 1985)",schwartz1985
2042,Rattus norvegicus,Rattus,Kaufman__2004,TableA14,147,147,Whole_brain,Whole Brain (direct measurement),,CMRgl,cerebral_metabolic_rate,84,umol/100g/min,84.0,,16.0,umol/100g/min,conscious,resting_conscious,TRUE,single_primary_reference,single,,reported_via_secondary_compilation,,soncrant1992,"(Soncrant et al., 1992)","(Soncrant et al., 1992)",soncrant1992,"(Soncrant et al., 1992)",primary,journal_article,resolved,"(Soncrant et al., 1992)",soncrant1992
2043,Rattus norvegicus,Rattus,Kaufman__2004,TableA14,148,148,Whole_brain,Whole Brain (direct measurement),,CMRgl,cerebral_metabolic_rate,66,umol/100g/min,66.0,,8.0,umol/100g/min,conscious,resting_conscious,TRUE,single_primary_reference,single,,reported_via_secondary_compilation,,linde1999,"(Linde et al., 1999)","(Linde et al., 1999)",linde1999,"(Linde et al., 1999)",primary,journal_article,resolved,"(Linde et al., 1999)",linde1999
2044,Rattus norvegicus,Rattus,Kaufman__2004,TableA14,149,149,Whole_brain,Whole Brain (direct measurement),,CMRgl,cerebral_metabolic_rate,66,umol/100g/min,66.0,,31.0,umol/100g/min,conscious,resting_conscious,TRUE,single_primary_reference,single,,reported_via_secondary_compilation,,madsen1998,"(Madsen et al., 1998)","(Madsen et al., 1998)",madsen1998,"(Madsen et al., 1998)",primary,journal_article,resolved,"(Madsen et al., 1998)",madsen1998
2045,Rattus norvegicus,Rattus,Kaufman__2004,TableA14,150,150,Whole_brain,Whole Brain (direct measurement),,CMRgl,cerebral_metabolic_rate,77,umol/100g/min,77.0,,10.0,umol/100g/min,conscious,resting_conscious,TRUE,single_primary_reference,single,,reported_via_secondary_compilation,,meldrum1976,"(Meldrum and Nilsson, 1976)","(Meldrum and Nilsson, 1976)",meldrum1976,"(Meldrum and Nilsson, 1976)",primary,journal_article,resolved,"(Meldrum and Nilsson, 1976)",meldrum1976
2046,Rattus norvegicus,Rattus,Kaufman__2004,TableA14,151,151,Whole_brain,Whole Brain (direct measurement),,CMRgl,cerebral_metabolic_rate,92,umol/100g/min,92.0,,15.0,umol/100g/min,conscious,resting_conscious,TRUE,single_primary_reference,single,,reported_via_secondary_compilation,,takei1983,"(Takei etal., 1983)","(Takei etal., 1983)",takei1983,"(Takei etal., 1983)",primary,journal_article,resolved,"(Takei etal., 1983)",takei1983
2047,Rattus norvegicus,Rattus,Kaufman__2004,TableA14,152,152,Whole_brain,Whole Brain (direct measurement),,CMRgl,cerebral_metabolic_rate,97,umol/100g/min,97.0,,15.0,umol/100g/min,conscious,resting_conscious,TRUE,single_primary_reference,single,,reported_via_secondary_compilation,,takeietal1983,"(TakeietaL, 1983)","(TakeietaL, 1983)",takeietal1983,"(TakeietaL, 1983)",primary,journal_article,resolved,"(TakeietaL, 1983)",takeietal1983
2048,Rattus norvegicus,Rattus,Kaufman__2004,TableA14,153,153,Whole_brain,Whole Brain (direct measurement),,CMRgl,cerebral_metabolic_rate,84,umol/100g/min,84.0,,15.0,umol/100g/min,conscious,resting_conscious,TRUE,single_primary_reference,single,,reported_via_secondary_compilation,,takei1983,"(Takei etal., 1983)","(Takei etal., 1983)",takei1983,"(Takei etal., 1983)",primary,journal_article,resolved,"(Takei etal., 1983)",takei1983
2049,Rattus norvegicus,Rattus,Kaufman__2004,TableA14,154,154,Whole_brain,Whole Brain (direct measurement),,CMRgl,cerebral_metabolic_rate,51,umol/100g/min,51.0,,7.0,umol/100g/min,anesthetized,resting_anesthetized,FALSE,single_primary_reference,single,,reported_via_secondary_compilation,anesthetized,magata1995,"(Magata et al., 1995)","(Magata et al., 1995)",magata1995,"(Magata et al., 1995)",primary,journal_article,resolved,"(Magata et al., 1995)",magata1995
2050,Saimiri sciureus,Saimiri,Kaufman__2004,TableA1,58,58,Basal_ganglia,Basal Ganglia,,CMRgl,cerebral_metabolic_rate,97,umol/100g/min,97.0,,4.0,umol/100g/min,anesthetized,resting_anesthetized,FALSE,single_primary_reference,single,,reported_via_secondary_compilation,anesthetized,anon1993,1993),1993),anon1993,1993),primary,journal_article,resolved,1993),anon1993
2051,Saimiri sciureus,Saimiri,Kaufman__2004,TableA4,41,41,Cerebellum,Cerebellum,,CMRgl,cerebral_metabolic_rate,68,umol/100g/min,68.0,,4.0,umol/100g/min,anesthetized,resting_anesthetized,FALSE,single_primary_reference,single,,reported_via_secondary_compilation,anesthetized,delgado1993,"(Delgado-Zygmunt et al., 1993)","(Delgado-Zygmunt et al., 1993)",delgado1993,"(Delgado-Zygmunt et al., 1993)",primary,journal_article,resolved,"(Delgado-Zygmunt et al., 1993)",delgado1993
2052,Saimiri sciureus,Saimiri,Kaufman__2004,TableA7,70,70,Frontal_cortex,Frontal Cortex,,CMRgl,cerebral_metabolic_rate,70,umol/100g/min,70.0,,4.0,umol/100g/min,anesthetized,resting_anesthetized,FALSE,single_primary_reference,single,,reported_via_secondary_compilation,anesthetized,delgado1993,"(Delgado-Zygmunt et al., 1993)","(Delgado-Zygmunt et al., 1993)",delgado1993,"(Delgado-Zygmunt et al., 1993)",primary,journal_article,resolved,"(Delgado-Zygmunt et al., 1993)",delgado1993
2053,Saimiri sciureus,Saimiri,Kaufman__2004,TableA2,21,21,Hippocampus,Hippocampus,,CMRgl,cerebral_metabolic_rate,48,umol/100g/min,48.0,,4.0,umol/100g/min,anesthetized,resting_anesthetized,FALSE,single_primary_reference,single,,reported_via_secondary_compilation,anesthetized,delgado1993,"(Delgado-Zygmunt et al., 1993)","(Delgado-Zygmunt et al., 1993)",delgado1993,"(Delgado-Zygmunt et al., 1993)",primary,journal_article,resolved,"(Delgado-Zygmunt et al., 1993)",delgado1993
2054,Saimiri sciureus,Saimiri,Kaufman__2004,TableA11,58,58,Occipital_cortex,Occipital Cortex,,CMRgl,cerebral_metabolic_rate,46,umol/100g/min,46.0,,4.0,umol/100g/min,anesthetized,resting_anesthetized,FALSE,single_primary_reference,single,,reported_via_secondary_compilation,anesthetized,delgado1993,"(Delgado-Zygmunt et al., 1993)","(Delgado-Zygmunt et al., 1993)",delgado1993,"(Delgado-Zygmunt et al., 1993)",primary,journal_article,resolved,"(Delgado-Zygmunt et al., 1993)",delgado1993
2055,Saimiri sciureus,Saimiri,Kaufman__2004,TableA8,59,59,Parietal_cortex,Parietal Cortex,,CMRgl,cerebral_metabolic_rate,67,umol/100g/min,67.0,,4.0,umol/100g/min,anesthetized,resting_anesthetized,FALSE,single_primary_reference,single,,reported_via_secondary_compilation,anesthetized,delgado1993,"(Delgado-Zygmunt et al., 1993)","(Delgado-Zygmunt et al., 1993)",delgado1993,"(Delgado-Zygmunt et al., 1993)",primary,journal_article,resolved,"(Delgado-Zygmunt et al., 1993)",delgado1993
2056,Saimiri sciureus,Saimiri,Kaufman__2004,TableA9,59,59,Temporal_cortex,Temporal Cortex,,CMRgl,cerebral_metabolic_rate,57,umol/100g/min,57.0,,4.0,umol/100g/min,anesthetized,resting_anesthetized,FALSE,single_primary_reference,single,,reported_via_secondary_compilation,anesthetized,delgado1993,"(Delgado-Zygmunt et al., 1993)","(Delgado-Zygmunt et al., 1993)",delgado1993,"(Delgado-Zygmunt et al., 1993)",primary,journal_article,resolved,"(Delgado-Zygmunt et al., 1993)",delgado1993
2057,Saimiri sciureus,Saimiri,Kaufman__2004,TableA3,58,58,Thalamus,Thalamus,,CMRgl,cerebral_metabolic_rate,59,umol/100g/min,59.0,,4.0,umol/100g/min,anesthetized,resting_anesthetized,FALSE,single_primary_reference,single,,reported_via_secondary_compilation,anesthetized,delgado1993,"(Delgado-Zygmunt et al., 1993)","(Delgado-Zygmunt et al., 1993)",delgado1993,"(Delgado-Zygmunt et al., 1993)",primary,journal_article,resolved,"(Delgado-Zygmunt et al., 1993)",delgado1993
2058,Saimiri sciureus,Saimiri,Kaufman__2004,TableA5,30,30,White_matter,White Matter,,CMRgl,cerebral_metabolic_rate,25,umol/100g/min,25.0,,4.0,umol/100g/min,anesthetized,resting_anesthetized,FALSE,single_primary_reference,single,,reported_via_secondary_compilation,anesthetized,delgado1993,"(Delgado-Zygmunt et al., 1993)","(Delgado-Zygmunt et al., 1993)",delgado1993,"(Delgado-Zygmunt et al., 1993)",primary,journal_article,resolved,"(Delgado-Zygmunt et al., 1993)",delgado1993
2059,Spermophilus tridecemlineatus,squirrel,Karbowski__2007,TableS2,5,5,Whole_brain,Brain,Brain,CMRgl,cerebral_metabolic_rate,0.6,umol/g/min,60.0,18.0,,umol/100g/min,unknown,resting_unknown,TRUE,single_primary_reference,single,,reported_via_secondary_compilation,,frerichs1995,Frerichs et al 1995,Frerichs et al 1995,frerichs1995,Frerichs et al 1995,primary,journal_article,resolved,Frerichs et al 1995,frerichs1995
2060,Sus scrofa,Sus,Kaufman__2004,TableA14,120,120,Whole_brain,Whole Brain (direct measurement),,CMRgl,cerebral_metabolic_rate,25.25,umol/100g/min,25.25,,7.0,umol/100g/min,anesthetized,resting_anesthetized,FALSE,single_primary_reference,single,,reported_via_secondary_compilation,anesthetized,poulsen1997,"(Poulsen et al., 1997)","(Poulsen et al., 1997)",poulsen1997,"(Poulsen et al., 1997)",primary,journal_article,resolved,"(Poulsen et al., 1997)",poulsen1997
2061,Canis lupus familiaris,dog,Karbowski__2007,TableS1,6,6,Whole_brain,Brain,Brain,Total_O2_consumption,cerebral_absolute_rate,4.392,ml/min,4.392,,,mL/min,unknown,resting_unknown,TRUE,single_primary_reference,single,,reported_via_secondary_compilation,,nakanishi1997,Nakanishi et al 1997,Nakanishi et al 1997,nakanishi1997,Nakanishi et al 1997,primary,journal_article,resolved,Nakanishi et al 1997,nakanishi1997
2062,Felis catus,cat,Karbowski__2007,TableS1,4,4,Whole_brain,Brain,Brain,Total_O2_consumption,cerebral_absolute_rate,1.844,ml/min,1.844,,,mL/min,unknown,resting_unknown,TRUE,single_primary_reference,single,,reported_via_secondary_compilation,,stingele1996,Stingele et al 1996,Stingele et al 1996,stingele1996,Stingele et al 1996,primary,journal_article,resolved,Stingele et al 1996,stingele1996
2063,Homo sapiens,human,Karbowski__2007,TableS1,14,14,Whole_brain,Brain,Brain,Total_O2_consumption,cerebral_absolute_rate,48.615,ml/min,48.615,,,mL/min,unknown,resting_unknown,TRUE,multiple_primary_references,single,,reported_via_secondary_compilation,,clarke1994;madsen1991,Clarke et al 1994; Madsen et al 1991,Clarke et al 1994; Madsen et al 1991,clarke1994;madsen1991,Clarke et al 1994; Madsen et al 1991,primary,journal_article,resolved,Clarke et al 1994; Madsen et al 1991,clarke1994;madsen1991
2064,Macaca mulatta,monkey,Karbowski__2007,TableS1,8,8,Whole_brain,Brain,Brain,Total_O2_consumption,cerebral_absolute_rate,6,ml/min,6.0,,,mL/min,unknown,resting_unknown,TRUE,single_primary_reference,single,,reported_via_secondary_compilation,,nemoto1994,Nemoto et al 1994,Nemoto et al 1994,nemoto1994,Nemoto et al 1994,primary,journal_article,resolved,Nemoto et al 1994,nemoto1994
2065,Ovis aries,sheep,Karbowski__2007,TableS1,10,10,Whole_brain,Brain,Brain,Total_O2_consumption,cerebral_absolute_rate,5.586,ml/min,5.586,,,mL/min,unknown,resting_unknown,TRUE,single_primary_reference,single,,reported_via_secondary_compilation,,pell1983,Pell et al 1983,Pell et al 1983,pell1983,Pell et al 1983,primary,journal_article,resolved,Pell et al 1983,pell1983
2066,Papio anubis,baboon,Karbowski__2007,TableS1,12,12,Whole_brain,Brain,Brain,Total_O2_consumption,cerebral_absolute_rate,4.658,ml/min,4.658,,,mL/min,unknown,resting_unknown,TRUE,single_primary_reference,single,,reported_via_secondary_compilation,,sahlin1987,Sahlin et al 1987,Sahlin et al 1987,sahlin1987,Sahlin et al 1987,primary,journal_article,resolved,Sahlin et al 1987,sahlin1987
2067,Rattus norvegicus,rat,Karbowski__2007,TableS1,2,2,Whole_brain,Brain,Brain,Total_O2_consumption,cerebral_absolute_rate,0.19,ml/min,0.19,,,mL/min,unknown,resting_unknown,TRUE,single_primary_reference,single,,reported_via_secondary_compilation,,linde1999,Linde et al 1999,Linde et al 1999,linde1999,Linde et al 1999,primary,journal_article,resolved,Linde et al 1999,linde1999
2068,Capra aegagrus hircus,goat,Karbowski__2007,TableS2,16,16,Whole_brain,Brain,Brain,Total_glucose_utilization,cerebral_absolute_rate,40.09,umol/min,40.09,,,umol/min,unknown,resting_unknown,TRUE,single_primary_reference,single,,reported_via_secondary_compilation,,pelligrino1987,Pelligrino et al 1987,Pelligrino et al 1987,pelligrino1987,Pelligrino et al 1987,primary,journal_article,resolved,Pelligrino et al 1987,pelligrino1987
2069,Felis catus,cat,Karbowski__2007,TableS2,10,10,Whole_brain,Brain,Brain,Total_glucose_utilization,cerebral_absolute_rate,21.78,umol/min,21.78,,,umol/min,unknown,resting_unknown,TRUE,multiple_primary_references,single,,reported_via_secondary_compilation,,chugani1991;sokoloff1984,Chugani et al 1991; Sokoloff 1984,Chugani et al 1991; Sokoloff 1984,chugani1991;sokoloff1984,Chugani et al 1991; Sokoloff 1984,primary,journal_article,resolved,Chugani et al 1991; Sokoloff 1984,chugani1991;sokoloff1984
2070,Homo sapiens,human,Karbowski__2007,TableS2,20,20,Whole_brain,Brain,Brain,Total_glucose_utilization,cerebral_absolute_rate,428.55,umol/min,428.55,,,umol/min,unknown,resting_unknown,TRUE,single_primary_reference,single,,reported_via_secondary_compilation,,clarke1994,Clarke et al 1994,Clarke et al 1994,clarke1994,Clarke et al 1994,primary,journal_article,resolved,Clarke et al 1994,clarke1994
2071,Macaca mulatta,monkey,Karbowski__2007,TableS2,12,12,Whole_brain,Brain,Brain,Total_glucose_utilization,cerebral_absolute_rate,35.98,umol/min,35.98,,,umol/min,unknown,resting_unknown,TRUE,single_primary_reference,single,,reported_via_secondary_compilation,,kennedy1978,Kennedy et al 1978,Kennedy et al 1978,kennedy1978,Kennedy et al 1978,primary,journal_article,resolved,Kennedy et al 1978,kennedy1978
2072,Mus musculus,mouse,Karbowski__2007,TableS2,2,2,Whole_brain,Brain,Brain,Total_glucose_utilization,cerebral_absolute_rate,0.32,umol/min,0.32,,,umol/min,unknown,resting_unknown,TRUE,single_primary_reference,single,,reported_via_secondary_compilation,,bouilleret2000,Bouilleret et al 2000,Bouilleret et al 2000,bouilleret2000,Bouilleret et al 2000,primary,journal_article,resolved,Bouilleret et al 2000,bouilleret2000
2073,Oryctolagus cuniculus,rabbit,Karbowski__2007,TableS2,8,8,Whole_brain,Brain,Brain,Total_glucose_utilization,cerebral_absolute_rate,7.93,umol/min,7.93,,,umol/min,unknown,resting_unknown,TRUE,single_primary_reference,single,,reported_via_secondary_compilation,,passero1981,Passero et al 1981,Passero et al 1981,passero1981,Passero et al 1981,primary,journal_article,resolved,Passero et al 1981,passero1981
2074,Ovis aries,sheep,Karbowski__2007,TableS2,14,14,Whole_brain,Brain,Brain,Total_glucose_utilization,cerebral_absolute_rate,40.18,umol/min,40.18,,,umol/min,unknown,resting_unknown,TRUE,single_primary_reference,single,,reported_via_secondary_compilation,,pell1983,Pell et al 1983,Pell et al 1983,pell1983,Pell et al 1983,primary,journal_article,resolved,Pell et al 1983,pell1983
2075,Papio anubis,baboon,Karbowski__2007,TableS2,18,18,Whole_brain,Brain,Brain,Total_glucose_utilization,cerebral_absolute_rate,60.4,umol/min,60.4,,,umol/min,unknown,resting_unknown,TRUE,single_primary_reference,single,,reported_via_secondary_compilation,,meguro1999,Meguro et al 1999,Meguro et al 1999,meguro1999,Meguro et al 1999,primary,journal_article,resolved,Meguro et al 1999,meguro1999
2076,Rattus norvegicus,rat,Karbowski__2007,TableS2,4,4,Whole_brain,Brain,Brain,Total_glucose_utilization,cerebral_absolute_rate,1.52,umol/min,1.52,,,umol/min,unknown,resting_unknown,TRUE,multiple_primary_references,single,,reported_via_secondary_compilation,,nehlig1988;waschke1993;levant2004,Nehlig et al 1988; Waschke et al 1993; Levant et al 2004,Nehlig et al 1988; Waschke et al 1993; Levant et al 2004,nehlig1988;waschke1993;levant2004,Nehlig et al 1988; Waschke et al 1993; Levant et al 2004,primary,journal_article,resolved,Nehlig et al 1988; Waschke et al 1993; Levant et al 2004,nehlig1988;waschke1993;levant2004
2077,Spermophilus tridecemlineatus,squirrel,Karbowski__2007,TableS2,6,6,Whole_brain,Brain,Brain,Total_glucose_utilization,cerebral_absolute_rate,3.88,umol/min,3.88,,,umol/min,unknown,resting_unknown,TRUE,single_primary_reference,single,,reported_via_secondary_compilation,,frerichs1995,Frerichs et al 1995,Frerichs et al 1995,frerichs1995,Frerichs et al 1995,primary,journal_article,resolved,Frerichs et al 1995,frerichs1995
