Species,Variable,Value,Source
Amblysomus hottentotus,Body_Mass.g,79,HerculanoHouzel_etal_2015_Table5
Amblysomus hottentotus,Cerebellum_C.n,42644000,HerculanoHouzel_etal_2015_Table2
Amblysomus hottentotus,Cerebellum_Mass.g,0.084,HerculanoHouzel_etal_2015_Table2
Amblysomus hottentotus,Cerebellum_N.n,34488379,HerculanoHouzel_etal_2015_Table2
Amblysomus hottentotus,Cerebellum_N.p.mg,409687,HerculanoHouzel_etal_2015_Table2
Amblysomus hottentotus,Cerebellum_O.n,8155621,HerculanoHouzel_etal_2015_Table2
Amblysomus hottentotus,Cerebellum_O.p.N,0.236,HerculanoHouzel_etal_2015_Table2
Amblysomus hottentotus,Cerebellum_O.p.mg,96849,HerculanoHouzel_etal_2015_Table2
Amblysomus hottentotus,Cerebellum_p.C.N,80.8751031798143,HerculanoHouzel_etal_2015_Table2
Amblysomus hottentotus,CerebralCortex_C.n,42886000,HerculanoHouzel_etal_2015_Table1
Amblysomus hottentotus,CerebralCortex_Mass.g,0.439,HerculanoHouzel_etal_2015_Table1
Amblysomus hottentotus,CerebralCortex_N.n,21516000,HerculanoHouzel_etal_2015_Table1
Amblysomus hottentotus,CerebralCortex_N.p.mg,48932,HerculanoHouzel_etal_2015_Table1
Amblysomus hottentotus,CerebralCortex_O.n,21370000,HerculanoHouzel_etal_2015_Table1
Amblysomus hottentotus,CerebralCortex_O.p.N,0.982,HerculanoHouzel_etal_2015_Table1
Amblysomus hottentotus,CerebralCortex_O.p.mg,48146,HerculanoHouzel_etal_2015_Table1
Amblysomus hottentotus,CerebralCortex_p.C.N,50.1702187193956,HerculanoHouzel_etal_2015_Table1
Amblysomus hottentotus,RoB_C.n,25905000,HerculanoHouzel_etal_2015_Table3
Amblysomus hottentotus,RoB_Mass.g,0.289,HerculanoHouzel_etal_2015_Table3
Amblysomus hottentotus,RoB_N.n,9070358,HerculanoHouzel_etal_2015_Table3
Amblysomus hottentotus,RoB_N.p.mg,31616,HerculanoHouzel_etal_2015_Table3
Amblysomus hottentotus,RoB_O.n,16834642,HerculanoHouzel_etal_2015_Table3
Amblysomus hottentotus,RoB_O.p.N,1.839,HerculanoHouzel_etal_2015_Table3
Amblysomus hottentotus,RoB_O.p.mg,58880,HerculanoHouzel_etal_2015_Table3
Amblysomus hottentotus,RoB_p.C.N,35.0139278131635,HerculanoHouzel_etal_2015_Table3
Amblysomus hottentotus,WholeBrain_C.n,111705000,HerculanoHouzel_etal_2015_Table5
Amblysomus hottentotus,WholeBrain_Mass.g,0.812,HerculanoHouzel_etal_2015_Table5
Amblysomus hottentotus,WholeBrain_N.n,65074000,HerculanoHouzel_etal_2015_Table5
Amblysomus hottentotus,WholeBrain_N.p.mg,80140.3940886699,HerculanoHouzel_etal_2015_Table5
Amblysomus hottentotus,WholeBrain_O.n,46631000,HerculanoHouzel_etal_2015_Table5
Amblysomus hottentotus,WholeBrain_O.p.N,0.716584196453269,HerculanoHouzel_etal_2015_Table5
Amblysomus hottentotus,WholeBrain_O.p.mg,57427.3399014778,HerculanoHouzel_etal_2015_Table5
Amblysomus hottentotus,WholeBrain_p.C.N,58.2552258180028,HerculanoHouzel_etal_2015_Table5
Antidorcas marsupialis,Body_Mass.g,25000,HerculanoHouzel_etal_2015_Table5
Antidorcas marsupialis,Cerebellum_C.n,2724458750,HerculanoHouzel_etal_2015_Table2
Antidorcas marsupialis,Cerebellum_I.n,58975662,DosSantos_etal_2020_unpublished_HerculanoHouzel_etal_2015_Table2
Antidorcas marsupialis,Cerebellum_I.p.C,0.0216467443304106,DosSantos_etal_2020_unpublished
Antidorcas marsupialis,Cerebellum_I.p.mg,5147.11659975563,DosSantos_etal_2020_unpublished_HerculanoHouzel_etal_2015_Table2_HerculanoHouzel_etal_2015_Table2
Antidorcas marsupialis,Cerebellum_Mass.g,11.458,HerculanoHouzel_etal_2015_Table2
Antidorcas marsupialis,Cerebellum_N.n,2257214074,HerculanoHouzel_etal_2015_Table2
Antidorcas marsupialis,Cerebellum_N.p.mg,196999,HerculanoHouzel_etal_2015_Table2
Antidorcas marsupialis,Cerebellum_O.n,467244676,HerculanoHouzel_etal_2015_Table2
Antidorcas marsupialis,Cerebellum_O.p.N,0.207,HerculanoHouzel_etal_2015_Table2
Antidorcas marsupialis,Cerebellum_O.p.mg,40779,HerculanoHouzel_etal_2015_Table2
Antidorcas marsupialis,Cerebellum_p.C.N,82.8499999862358,HerculanoHouzel_etal_2015_Table2
Antidorcas marsupialis,CerebralCortexGrey_N.n,293770000,Kazu_etal_2015_TABLE1
Antidorcas marsupialis,CerebralCortexGrey_N.p.mg,6684,Kazu_etal_2015_TABLE1
Antidorcas marsupialis,CerebralCortexGrey_O.p.N,7.239,Kazu_etal_2015_TABLE1
Antidorcas marsupialis,CerebralCortexNoHippocampus_I.p.C,0.0587,DosSantos_etal_2020_unpublished
Antidorcas marsupialis,CerebralCortex_C.n,4523155434,HerculanoHouzel_etal_2015_Table1
Antidorcas marsupialis,CerebralCortex_I.n,265211296.841804,DosSantos_etal_2020_unpublished_HerculanoHouzel_etal_2015_Table1
Antidorcas marsupialis,CerebralCortex_I.p.C,0.0586341328994011,DosSantos_etal_2020_unpublished
Antidorcas marsupialis,CerebralCortex_I.p.mg,3854.4792146296,DosSantos_etal_2020_unpublished_HerculanoHouzel_etal_2015_Table1_HerculanoHouzel_etal_2015_Table1
Antidorcas marsupialis,CerebralCortex_Mass.g,68.806,HerculanoHouzel_etal_2015_Table1
Antidorcas marsupialis,CerebralCortex_N.n,396896159,HerculanoHouzel_etal_2015_Table1
Antidorcas marsupialis,CerebralCortex_N.p.mg,5768,HerculanoHouzel_etal_2015_Table1
Antidorcas marsupialis,CerebralCortex_O.n,4126259275,HerculanoHouzel_etal_2015_Table1
Antidorcas marsupialis,CerebralCortex_O.p.N,10.396,HerculanoHouzel_etal_2015_Table1
Antidorcas marsupialis,CerebralCortex_O.p.mg,59969,HerculanoHouzel_etal_2015_Table1
Antidorcas marsupialis,CerebralCortex_p.C.N,8.77476276885337,HerculanoHouzel_etal_2015_Table1
Antidorcas marsupialis,DiencephalonStriatum_Mass.g,12.194,Kazu_etal_2015_TABLE1
Antidorcas marsupialis,DiencephalonStriatum_N.n,40120000,Kazu_etal_2015_TABLE1
Antidorcas marsupialis,DiencephalonStriatum_N.p.mg,3290,Kazu_etal_2015_TABLE1
Antidorcas marsupialis,DiencephalonStriatum_O.p.N,19.408,Kazu_etal_2015_TABLE1
Antidorcas marsupialis,Hippocampus_I.p.C,0.057,DosSantos_etal_2020_unpublished
Antidorcas marsupialis,Hippocampus_Mass.g,3.434,Kazu_etal_2015_TABLE1
Antidorcas marsupialis,Hippocampus_N.n,20480000,Kazu_etal_2015_TABLE1
Antidorcas marsupialis,Hippocampus_N.p.mg,5965,Kazu_etal_2015_TABLE1
Antidorcas marsupialis,Hippocampus_O.p.N,10.111,Kazu_etal_2015_TABLE1
Antidorcas marsupialis,Mesencephalon_Mass.g,5.304,Kazu_etal_2015_TABLE1
Antidorcas marsupialis,Mesencephalon_N.n,7520000,Kazu_etal_2015_TABLE1
Antidorcas marsupialis,Mesencephalon_N.p.mg,1418,Kazu_etal_2015_TABLE1
Antidorcas marsupialis,Mesencephalon_O.p.N,30.25,Kazu_etal_2015_TABLE1
Antidorcas marsupialis,OlfactoryBulb_C.n,121200000,HerculanoHouzel_etal_2015_Table4
Antidorcas marsupialis,OlfactoryBulb_Mass.g,1.2,HerculanoHouzel_etal_2015_Table4
Antidorcas marsupialis,OlfactoryBulb_N.n,15998400,HerculanoHouzel_etal_2015_Table4
Antidorcas marsupialis,OlfactoryBulb_N.p.mg,13332,HerculanoHouzel_etal_2015_Table4
Antidorcas marsupialis,OlfactoryBulb_O.n,105201600,HerculanoHouzel_etal_2015_Table4
Antidorcas marsupialis,OlfactoryBulb_O.p.N,6.576,HerculanoHouzel_etal_2015_Table4
Antidorcas marsupialis,OlfactoryBulb_O.p.mg,87668,HerculanoHouzel_etal_2015_Table4
Antidorcas marsupialis,OlfactoryBulb_p.C.N,13.2,HerculanoHouzel_etal_2015_Table4
Antidorcas marsupialis,PonsMedulla_Mass.g,8.312,Kazu_etal_2015_TABLE1
Antidorcas marsupialis,PonsMedulla_N.n,22840000,Kazu_etal_2015_TABLE1
Antidorcas marsupialis,PonsMedulla_N.p.mg,2748,Kazu_etal_2015_TABLE1
Antidorcas marsupialis,PonsMedulla_O.p.N,13.706,Kazu_etal_2015_TABLE1
Antidorcas marsupialis,RoB_C.n,1389765624,HerculanoHouzel_etal_2015_Table3
Antidorcas marsupialis,RoB_I.n,84309976,DosSantos_etal_2020_unpublished_HerculanoHouzel_etal_2015_Table3
Antidorcas marsupialis,RoB_I.p.C,0.0606648880530952,DosSantos_etal_2020_unpublished
Antidorcas marsupialis,RoB_I.p.mg,3266.56241766757,DosSantos_etal_2020_unpublished_HerculanoHouzel_etal_2015_Table3_HerculanoHouzel_etal_2015_Table3
Antidorcas marsupialis,RoB_Mass.g,25.81,HerculanoHouzel_etal_2015_Table3
Antidorcas marsupialis,RoB_N.n,70485000,HerculanoHouzel_etal_2015_Table3
Antidorcas marsupialis,RoB_N.p.mg,2731,HerculanoHouzel_etal_2015_Table3
Antidorcas marsupialis,RoB_O.n,1319280624,HerculanoHouzel_etal_2015_Table3
Antidorcas marsupialis,RoB_O.p.N,18.71,HerculanoHouzel_etal_2015_Table3
Antidorcas marsupialis,RoB_O.p.mg,51115,HerculanoHouzel_etal_2015_Table3
Antidorcas marsupialis,RoB_p.C.N,5.07171848136028,HerculanoHouzel_etal_2015_Table3
Antidorcas marsupialis,Species_Kazu2015,NA,Kazu_etal_2015_TABLE1
Antidorcas marsupialis,WholeBrain_C.n,8637379808,HerculanoHouzel_etal_2015_Table5
Antidorcas marsupialis,WholeBrain_I.n,407587369.037256,DosSantos_etal_2020_unpublished_HerculanoHouzel_etal_2015_Table5
Antidorcas marsupialis,WholeBrain_I.p.C,0.0471887746165505,DosSantos_etal_2020_unpublished
Antidorcas marsupialis,WholeBrain_I.p.mg,3842.4813718466,DosSantos_etal_2020_unpublished_HerculanoHouzel_etal_2015_Table5_HerculanoHouzel_etal_2015_Table5
Antidorcas marsupialis,WholeBrain_Mass.g,106.074,HerculanoHouzel_etal_2015_Table5
Antidorcas marsupialis,WholeBrain_N.n,2724595233,HerculanoHouzel_etal_2015_Table5
Antidorcas marsupialis,WholeBrain_N.p.mg,25685.7970190622,HerculanoHouzel_etal_2015_Table5
Antidorcas marsupialis,WholeBrain_O.n,5912784575,HerculanoHouzel_etal_2015_Table5
Antidorcas marsupialis,WholeBrain_O.p.N,2.17015155256274,HerculanoHouzel_etal_2015_Table5
Antidorcas marsupialis,WholeBrain_O.p.mg,55742.0722797292,HerculanoHouzel_etal_2015_Table5
Antidorcas marsupialis,WholeBrain_p.C.N,31.5,HerculanoHouzel_etal_2015_Table5
Antidorcas marsupialis,body_mass_approximate,NA,Kazu_etal_2015_TABLE1
Antidorcas marsupialis,source_printing,NA,Kazu_etal_2015_TABLE1
Aotus trivirgatus,Body_Mass.g,925,HerculanoHouzel_etal_2015_Table5
Aotus trivirgatus,Cerebellum_C.n,1185270000,HerculanoHouzel_etal_2015_Table2
Aotus trivirgatus,Cerebellum_Mass.g,1.732,HerculanoHouzel_etal_2015_Table2
Aotus trivirgatus,Cerebellum_N.n,1040000000,HerculanoHouzel_etal_2015_Table2
Aotus trivirgatus,Cerebellum_N.p.mg,605080,HerculanoHouzel_etal_2015_Table2
Aotus trivirgatus,Cerebellum_O.n,145270000,HerculanoHouzel_etal_2015_Table2
Aotus trivirgatus,Cerebellum_O.p.N,0.14,HerculanoHouzel_etal_2015_Table2
Aotus trivirgatus,Cerebellum_O.p.mg,82890,HerculanoHouzel_etal_2015_Table2
Aotus trivirgatus,Cerebellum_p.C.N,87.7437208399774,HerculanoHouzel_etal_2015_Table2
Aotus trivirgatus,CerebralCortex_C.n,1137320000,HerculanoHouzel_etal_2015_Table1
Aotus trivirgatus,CerebralCortex_I.n,20926688,DosSantos_etal_2020_unpublished_HerculanoHouzel_etal_2015_Table1
Aotus trivirgatus,CerebralCortex_I.p.C,0.0184,DosSantos_etal_2020_unpublished
Aotus trivirgatus,CerebralCortex_I.p.mg,1971.05472355656,DosSantos_etal_2020_unpublished_HerculanoHouzel_etal_2015_Table1_HerculanoHouzel_etal_2015_Table1
Aotus trivirgatus,CerebralCortex_Mass.g,10.617,HerculanoHouzel_etal_2015_Table1
Aotus trivirgatus,CerebralCortex_N.n,441900000,HerculanoHouzel_etal_2015_Table1
Aotus trivirgatus,CerebralCortex_N.p.mg,41990,HerculanoHouzel_etal_2015_Table1
Aotus trivirgatus,CerebralCortex_O.n,695420000,HerculanoHouzel_etal_2015_Table1
Aotus trivirgatus,CerebralCortex_O.p.N,1.574,HerculanoHouzel_etal_2015_Table1
Aotus trivirgatus,CerebralCortex_O.p.mg,65330,HerculanoHouzel_etal_2015_Table1
Aotus trivirgatus,CerebralCortex_p.C.N,38.8545000527556,HerculanoHouzel_etal_2015_Table1
Aotus trivirgatus,OlfactoryBulb_C.n,16286000,HerculanoHouzel_etal_2015_Table4
Aotus trivirgatus,OlfactoryBulb_Mass.g,0.05,HerculanoHouzel_etal_2015_Table4
Aotus trivirgatus,OlfactoryBulb_N.n,7925468,HerculanoHouzel_etal_2015_Table4
Aotus trivirgatus,OlfactoryBulb_N.p.mg,155879,HerculanoHouzel_etal_2015_Table4
Aotus trivirgatus,OlfactoryBulb_O.n,8360532,HerculanoHouzel_etal_2015_Table4
Aotus trivirgatus,OlfactoryBulb_O.p.N,1.055,HerculanoHouzel_etal_2015_Table4
Aotus trivirgatus,OlfactoryBulb_O.p.mg,162922,HerculanoHouzel_etal_2015_Table4
Aotus trivirgatus,OlfactoryBulb_p.C.N,48.6643006263048,HerculanoHouzel_etal_2015_Table4
Aotus trivirgatus,RoB_C.n,362800000,HerculanoHouzel_etal_2015_Table3
Aotus trivirgatus,RoB_Mass.g,3.104,HerculanoHouzel_etal_2015_Table3
Aotus trivirgatus,RoB_N.n,49340000,HerculanoHouzel_etal_2015_Table3
Aotus trivirgatus,RoB_N.p.mg,15900,HerculanoHouzel_etal_2015_Table3
Aotus trivirgatus,RoB_O.n,313460000,HerculanoHouzel_etal_2015_Table3
Aotus trivirgatus,RoB_O.p.N,6.353,HerculanoHouzel_etal_2015_Table3
Aotus trivirgatus,RoB_O.p.mg,100990,HerculanoHouzel_etal_2015_Table3
Aotus trivirgatus,RoB_p.C.N,13.5997794928335,HerculanoHouzel_etal_2015_Table3
Aotus trivirgatus,SpinalCord_C.n,96820000,Burish_etal_2010_Table1
Aotus trivirgatus,SpinalCord_Length.mm,169.88,Burish_etal_2010_Table1
Aotus trivirgatus,SpinalCord_Mass.g,2.131,Burish_etal_2010_Table1
Aotus trivirgatus,SpinalCord_N.n,5820000,Burish_etal_2010_Table1
Aotus trivirgatus,SpinalCord_N.p.mg,2911,Burish_etal_2010_Table1
Aotus trivirgatus,SpinalCord_O.n,91000000,Burish_etal_2010_Table1
Aotus trivirgatus,SpinalCord_O.p.N,15.6357388316151,Burish_etal_2010_Table1
Aotus trivirgatus,SpinalCord_O.p.mg,44202,Burish_etal_2010_Table1
Aotus trivirgatus,SpinalCord_p.C.Body.mass,0.18,Burish_etal_2010_Table1
Aotus trivirgatus,SpinalCord_p.C.CNS.mass,11.93,Burish_etal_2010_Table1
Aotus trivirgatus,SpinalCord_p.C.CNS.neurons,0.39,Burish_etal_2010_Table1
Aotus trivirgatus,SpinalCord_p.C.N,6.11,Burish_etal_2010_Table1
Aotus trivirgatus,WholeBrain_C.n,2663540000,HerculanoHouzel_etal_2015_Table5
Aotus trivirgatus,WholeBrain_Mass.g,15.73,HerculanoHouzel_etal_2015_Table5
Aotus trivirgatus,WholeBrain_N.n,1468410000,HerculanoHouzel_etal_2015_Table5
Aotus trivirgatus,WholeBrain_N.p.mg,93350.9218054673,HerculanoHouzel_etal_2015_Table5
Aotus trivirgatus,WholeBrain_O.n,1195130000,HerculanoHouzel_etal_2015_Table5
Aotus trivirgatus,WholeBrain_O.p.N,0.813893939703489,HerculanoHouzel_etal_2015_Table5
Aotus trivirgatus,WholeBrain_O.p.mg,75977.7495232041,HerculanoHouzel_etal_2015_Table5
Aotus trivirgatus,WholeBrain_p.C.N,55.1,HerculanoHouzel_etal_2015_Table5
Balaenoptera acutorostrata,Amygdala_C.n,591000000,AvelinodeSouza_etal_2025_TABLE1
Balaenoptera acutorostrata,Amygdala_Mass.g,7.5,AvelinodeSouza_etal_2025_TABLE1
Balaenoptera acutorostrata,Amygdala_N.n,4137000,AvelinodeSouza_etal_2025_TABLE1
Balaenoptera acutorostrata,Amygdala_N.p.mg,551,AvelinodeSouza_etal_2025_TABLE1
Balaenoptera acutorostrata,Amygdala_O.n,586863000,AvelinodeSouza_etal_2025_TABLE1
Balaenoptera acutorostrata,Amygdala_O.p.N,141.9,AvelinodeSouza_etal_2025_TABLE1
Balaenoptera acutorostrata,Amygdala_O.p.mg,78144,AvelinodeSouza_etal_2025_TABLE1
Balaenoptera acutorostrata,Amygdala_p.C.N,0.7,AvelinodeSouza_etal_2025_TABLE1
Balaenoptera acutorostrata,Cerebellum_C.n,76529362501,AvelinodeSouza_etal_2025_TABLE1
Balaenoptera acutorostrata,Cerebellum_Mass.g,415.9,AvelinodeSouza_etal_2025_TABLE1
Balaenoptera acutorostrata,Cerebellum_N.n,54216171588,AvelinodeSouza_etal_2025_TABLE1
Balaenoptera acutorostrata,Cerebellum_N.p.mg,130353,AvelinodeSouza_etal_2025_TABLE1
Balaenoptera acutorostrata,Cerebellum_O.n,22313190913,AvelinodeSouza_etal_2025_TABLE1
Balaenoptera acutorostrata,Cerebellum_O.p.N,0.4,AvelinodeSouza_etal_2025_TABLE1
Balaenoptera acutorostrata,Cerebellum_O.p.mg,53648,AvelinodeSouza_etal_2025_TABLE1
Balaenoptera acutorostrata,Cerebellum_p.C.N,70.8436210837266,AvelinodeSouza_etal_2025_TABLE1
Balaenoptera acutorostrata,CerebralCortexGrey_C.n,50161586500,AvelinodeSouza_etal_2025_TABLE1
Balaenoptera acutorostrata,CerebralCortexGrey_Mass.g,1136.5,AvelinodeSouza_etal_2025_TABLE1
Balaenoptera acutorostrata,CerebralCortexGrey_N.n,2690224290,AvelinodeSouza_etal_2025_TABLE1
Balaenoptera acutorostrata,CerebralCortexGrey_N.p.mg,2367,AvelinodeSouza_etal_2025_TABLE1
Balaenoptera acutorostrata,CerebralCortexGrey_O.n,47471362210,AvelinodeSouza_etal_2025_TABLE1
Balaenoptera acutorostrata,CerebralCortexGrey_O.p.N,17.6,AvelinodeSouza_etal_2025_TABLE1
Balaenoptera acutorostrata,CerebralCortexGrey_O.p.mg,41768,AvelinodeSouza_etal_2025_TABLE1
Balaenoptera acutorostrata,CerebralCortexGrey_p.C.N,5.36311643572119,AvelinodeSouza_etal_2025_TABLE1
Balaenoptera acutorostrata,CerebralCortexWhite_C.n,85838362500,AvelinodeSouza_etal_2025_TABLE1
Balaenoptera acutorostrata,CerebralCortexWhite_Mass.g,900.5,AvelinodeSouza_etal_2025_TABLE1
Balaenoptera acutorostrata,CerebralCortexWhite_N.n,458756249,AvelinodeSouza_etal_2025_TABLE1
Balaenoptera acutorostrata,CerebralCortexWhite_N.p.mg,509,AvelinodeSouza_etal_2025_TABLE1
Balaenoptera acutorostrata,CerebralCortexWhite_O.n,85379606251,AvelinodeSouza_etal_2025_TABLE1
Balaenoptera acutorostrata,CerebralCortexWhite_O.p.N,186.1,AvelinodeSouza_etal_2025_TABLE1
Balaenoptera acutorostrata,CerebralCortexWhite_O.p.mg,94816,AvelinodeSouza_etal_2025_TABLE1
Balaenoptera acutorostrata,CerebralCortexWhite_p.C.N,0.534441985656471,AvelinodeSouza_etal_2025_TABLE1
Balaenoptera acutorostrata,CerebralCortex_C.n,136638699000,AvelinodeSouza_etal_2025_TABLE1
Balaenoptera acutorostrata,CerebralCortex_Mass.g,2052.2,AvelinodeSouza_etal_2025_TABLE1
Balaenoptera acutorostrata,CerebralCortex_N.n,3166399674,AvelinodeSouza_etal_2025_TABLE1
Balaenoptera acutorostrata,CerebralCortex_N.p.mg,1543,AvelinodeSouza_etal_2025_TABLE1
Balaenoptera acutorostrata,CerebralCortex_O.n,133472299326,AvelinodeSouza_etal_2025_TABLE1
Balaenoptera acutorostrata,CerebralCortex_O.p.N,42.2,AvelinodeSouza_etal_2025_TABLE1
Balaenoptera acutorostrata,CerebralCortex_O.p.mg,65038,AvelinodeSouza_etal_2025_TABLE1
Balaenoptera acutorostrata,CerebralCortex_p.C.N,2.31735203655591,AvelinodeSouza_etal_2025_TABLE1
Balaenoptera acutorostrata,DiencephalonStriatum_C.n,11156350002,AvelinodeSouza_etal_2025_TABLE1
Balaenoptera acutorostrata,DiencephalonStriatum_Mass.g,123.3,AvelinodeSouza_etal_2025_TABLE1
Balaenoptera acutorostrata,DiencephalonStriatum_N.n,70703706,AvelinodeSouza_etal_2025_TABLE1
Balaenoptera acutorostrata,DiencephalonStriatum_N.p.mg,573,AvelinodeSouza_etal_2025_TABLE1
Balaenoptera acutorostrata,DiencephalonStriatum_O.n,11085646296,AvelinodeSouza_etal_2025_TABLE1
Balaenoptera acutorostrata,DiencephalonStriatum_O.p.N,156.9,AvelinodeSouza_etal_2025_TABLE1
Balaenoptera acutorostrata,DiencephalonStriatum_O.p.mg,89908,AvelinodeSouza_etal_2025_TABLE1
Balaenoptera acutorostrata,DiencephalonStriatum_p.C.N,0.633753028430669,AvelinodeSouza_etal_2025_TABLE1
Balaenoptera acutorostrata,Hippocampus_C.n,638750000,AvelinodeSouza_etal_2025_TABLE1
Balaenoptera acutorostrata,Hippocampus_Mass.g,7.7,AvelinodeSouza_etal_2025_TABLE1
Balaenoptera acutorostrata,Hippocampus_N.n,13282136,AvelinodeSouza_etal_2025_TABLE1
Balaenoptera acutorostrata,Hippocampus_N.p.mg,1725,AvelinodeSouza_etal_2025_TABLE1
Balaenoptera acutorostrata,Hippocampus_O.n,625467864,AvelinodeSouza_etal_2025_TABLE1
Balaenoptera acutorostrata,Hippocampus_O.p.N,47.1,AvelinodeSouza_etal_2025_TABLE1
Balaenoptera acutorostrata,Hippocampus_O.p.mg,81208,AvelinodeSouza_etal_2025_TABLE1
Balaenoptera acutorostrata,Hippocampus_p.C.N,2.07939506849315,AvelinodeSouza_etal_2025_TABLE1
Balaenoptera acutorostrata,Medulla_C.n,1834812500,AvelinodeSouza_etal_2025_TABLE1
Balaenoptera acutorostrata,Medulla_Mass.g,29.1,AvelinodeSouza_etal_2025_TABLE1
Balaenoptera acutorostrata,Medulla_N.n,5710568,AvelinodeSouza_etal_2025_TABLE1
Balaenoptera acutorostrata,Medulla_N.p.mg,196,AvelinodeSouza_etal_2025_TABLE1
Balaenoptera acutorostrata,Medulla_O.n,1829101932,AvelinodeSouza_etal_2025_TABLE1
Balaenoptera acutorostrata,Medulla_O.p.N,320.7,AvelinodeSouza_etal_2025_TABLE1
Balaenoptera acutorostrata,Medulla_O.p.mg,62856,AvelinodeSouza_etal_2025_TABLE1
Balaenoptera acutorostrata,Medulla_p.C.N,0.311234417685731,AvelinodeSouza_etal_2025_TABLE1
Balaenoptera acutorostrata,Mesencephalon_C.n,2311275002,AvelinodeSouza_etal_2025_TABLE1
Balaenoptera acutorostrata,Mesencephalon_Mass.g,29.7,AvelinodeSouza_etal_2025_TABLE1
Balaenoptera acutorostrata,Mesencephalon_N.n,5413766,AvelinodeSouza_etal_2025_TABLE1
Balaenoptera acutorostrata,Mesencephalon_N.p.mg,182,AvelinodeSouza_etal_2025_TABLE1
Balaenoptera acutorostrata,Mesencephalon_O.n,2305861236,AvelinodeSouza_etal_2025_TABLE1
Balaenoptera acutorostrata,Mesencephalon_O.p.N,426.6,AvelinodeSouza_etal_2025_TABLE1
Balaenoptera acutorostrata,Mesencephalon_O.p.mg,77638,AvelinodeSouza_etal_2025_TABLE1
Balaenoptera acutorostrata,Mesencephalon_p.C.N,0.234232879917593,AvelinodeSouza_etal_2025_TABLE1
Balaenoptera acutorostrata,Pons_C.n,2102925002,AvelinodeSouza_etal_2025_TABLE1
Balaenoptera acutorostrata,Pons_Mass.g,33.7,AvelinodeSouza_etal_2025_TABLE1
Balaenoptera acutorostrata,Pons_N.n,6321406,AvelinodeSouza_etal_2025_TABLE1
Balaenoptera acutorostrata,Pons_N.p.mg,188,AvelinodeSouza_etal_2025_TABLE1
Balaenoptera acutorostrata,Pons_O.n,2096603596,AvelinodeSouza_etal_2025_TABLE1
Balaenoptera acutorostrata,Pons_O.p.N,330.9,AvelinodeSouza_etal_2025_TABLE1
Balaenoptera acutorostrata,Pons_O.p.mg,62214,AvelinodeSouza_etal_2025_TABLE1
Balaenoptera acutorostrata,Pons_p.C.N,0.300600639299451,AvelinodeSouza_etal_2025_TABLE1
Balaenoptera acutorostrata,RoB_C.n,17405362500,AvelinodeSouza_etal_2025_TABLE1
Balaenoptera acutorostrata,RoB_Mass.g,215.8,AvelinodeSouza_etal_2025_TABLE1
Balaenoptera acutorostrata,RoB_N.n,88149444,AvelinodeSouza_etal_2025_TABLE1
Balaenoptera acutorostrata,RoB_N.p.mg,409,AvelinodeSouza_etal_2025_TABLE1
Balaenoptera acutorostrata,RoB_O.n,17317213056,AvelinodeSouza_etal_2025_TABLE1
Balaenoptera acutorostrata,RoB_O.p.N,196.4,AvelinodeSouza_etal_2025_TABLE1
Balaenoptera acutorostrata,RoB_O.p.mg,80256,AvelinodeSouza_etal_2025_TABLE1
Balaenoptera acutorostrata,RoB_p.C.N,0.506449917374602,AvelinodeSouza_etal_2025_TABLE1
Balaenoptera acutorostrata,WholeBrain_C.n,230868924000,AvelinodeSouza_etal_2025_TABLE1
Balaenoptera acutorostrata,WholeBrain_Mass.g,2683.9,AvelinodeSouza_etal_2025_TABLE1
Balaenoptera acutorostrata,WholeBrain_N.n,57472789206,AvelinodeSouza_etal_2025_TABLE1
Balaenoptera acutorostrata,WholeBrain_N.p.mg,21414,AvelinodeSouza_etal_2025_TABLE1
Balaenoptera acutorostrata,WholeBrain_O.n,173396134794,AvelinodeSouza_etal_2025_TABLE1
Balaenoptera acutorostrata,WholeBrain_O.p.N,3,AvelinodeSouza_etal_2025_TABLE1
Balaenoptera acutorostrata,WholeBrain_O.p.mg,64505,AvelinodeSouza_etal_2025_TABLE1
Balaenoptera acutorostrata,WholeBrain_p.C.N,24.8941209627676,AvelinodeSouza_etal_2025_TABLE1
Bathyergus suillus,Amygdala_Vol.mm3,50,Kverkova_etal_2018_TableS1
Bathyergus suillus,Body_Mass.g,907.82,Kverkova_etal_2018_TableS1
Bathyergus suillus,Cerebellum_N.n,268890000,Kverkova_etal_2018_TableS5
Bathyergus suillus,Cerebellum_Vol.mm3,683,Kverkova_etal_2018_TableS1
Bathyergus suillus,CerebralCortex_N.n,43480000,Kverkova_etal_2018_TableS5
Bathyergus suillus,EntorhinalCortex_Vol.mm3,96,Kverkova_etal_2018_TableS1
Bathyergus suillus,Hippocampus_Vol.mm3,194,Kverkova_etal_2018_TableS1
Bathyergus suillus,Hypothalamus_Vol.mm3,85,Kverkova_etal_2018_TableS1
Bathyergus suillus,Medulla_Vol.mm3,368,Kverkova_etal_2018_TableS1
Bathyergus suillus,MesencephalonMedulla_N.n,8670000,Kverkova_etal_2018_TableS5
Bathyergus suillus,Neocortex_Vol.mm3,1011,Kverkova_etal_2018_TableS1
Bathyergus suillus,OlfactoryBulb_N.n,23810000,Kverkova_etal_2018_TableS5
Bathyergus suillus,OlfactoryBulb_Vol.mm3,132,Kverkova_etal_2018_TableS1
Bathyergus suillus,OlfactoryCortices_Vol.mm3,173,Kverkova_etal_2018_TableS1
Bathyergus suillus,Septum_Vol.mm3,35,Kverkova_etal_2018_TableS1
Bathyergus suillus,Striatum_Vol.mm3,249,Kverkova_etal_2018_TableS1
Bathyergus suillus,SubcorticalForebrain_N.n,16420000,Kverkova_etal_2018_TableS5
Bathyergus suillus,Tectum_Vol.mm3,69,Kverkova_etal_2018_TableS1
Bathyergus suillus,Tegmentum_Vol.mm3,156,Kverkova_etal_2018_TableS1
Bathyergus suillus,Thalamus_Vol.mm3,173,Kverkova_etal_2018_TableS1
Bathyergus suillus,WholeBrainOlfactoryBulb_Mass.g,3.78,Kverkova_etal_2018_TableS1
Bathyergus suillus,WholeBrainOlfactoryBulb_N.n,361290000,Kverkova_etal_2018_TableS5
Bathyergus suillus,WholeBrainOlfactoryBulb_N.p.mg,95579.3650793651,Kverkova_etal_2018_TableS5_Kverkova_etal_2018_TableS1
Bathyergus suillus,WholeBrain_N.n,337480000,Kverkova_etal_2018_TableS5
Blarina brevicauda,Body_Mass.g,16.2,HerculanoHouzel_etal_2015_Table5
Blarina brevicauda,Cerebellum_C.n,37840000,HerculanoHouzel_etal_2015_Table2
Blarina brevicauda,Cerebellum_Mass.g,0.037,HerculanoHouzel_etal_2015_Table2
Blarina brevicauda,Cerebellum_N.n,33430000,HerculanoHouzel_etal_2015_Table2
Blarina brevicauda,Cerebellum_N.p.mg,919942,HerculanoHouzel_etal_2015_Table2
Blarina brevicauda,Cerebellum_O.n,4410000,HerculanoHouzel_etal_2015_Table2
Blarina brevicauda,Cerebellum_O.p.N,0.132,HerculanoHouzel_etal_2015_Table2
Blarina brevicauda,Cerebellum_O.p.mg,118736,HerculanoHouzel_etal_2015_Table2
Blarina brevicauda,Cerebellum_p.C.N,88.345665961945,HerculanoHouzel_etal_2015_Table2
Blarina brevicauda,CerebralCortex_C.n,27696000,HerculanoHouzel_etal_2015_Table1
Blarina brevicauda,CerebralCortex_Mass.g,0.197,HerculanoHouzel_etal_2015_Table1
Blarina brevicauda,CerebralCortex_N.n,11876000,HerculanoHouzel_etal_2015_Table1
Blarina brevicauda,CerebralCortex_N.p.mg,60214,HerculanoHouzel_etal_2015_Table1
Blarina brevicauda,CerebralCortex_O.n,15820000,HerculanoHouzel_etal_2015_Table1
Blarina brevicauda,CerebralCortex_O.p.N,1.357,HerculanoHouzel_etal_2015_Table1
Blarina brevicauda,CerebralCortex_O.p.mg,80729,HerculanoHouzel_etal_2015_Table1
Blarina brevicauda,CerebralCortex_p.C.N,42.8798382437897,HerculanoHouzel_etal_2015_Table1
Blarina brevicauda,OlfactoryBulb_C.n,13000000,HerculanoHouzel_etal_2015_Table4
Blarina brevicauda,OlfactoryBulb_Mass.g,0.026,HerculanoHouzel_etal_2015_Table4
Blarina brevicauda,OlfactoryBulb_N.n,8090000,HerculanoHouzel_etal_2015_Table4
Blarina brevicauda,OlfactoryBulb_N.p.mg,318164,HerculanoHouzel_etal_2015_Table4
Blarina brevicauda,OlfactoryBulb_O.n,4910000,HerculanoHouzel_etal_2015_Table4
Blarina brevicauda,OlfactoryBulb_O.p.N,0.607,HerculanoHouzel_etal_2015_Table4
Blarina brevicauda,OlfactoryBulb_O.p.mg,193631,HerculanoHouzel_etal_2015_Table4
Blarina brevicauda,OlfactoryBulb_p.C.N,62.2307692307692,HerculanoHouzel_etal_2015_Table4
Blarina brevicauda,RoB_C.n,19660000,HerculanoHouzel_etal_2015_Table3
Blarina brevicauda,RoB_Mass.g,0.113,HerculanoHouzel_etal_2015_Table3
Blarina brevicauda,RoB_N.n,6340000,HerculanoHouzel_etal_2015_Table3
Blarina brevicauda,RoB_N.p.mg,55924,HerculanoHouzel_etal_2015_Table3
Blarina brevicauda,RoB_O.n,13320000,HerculanoHouzel_etal_2015_Table3
Blarina brevicauda,RoB_O.p.N,2.102,HerculanoHouzel_etal_2015_Table3
Blarina brevicauda,RoB_O.p.mg,117736,HerculanoHouzel_etal_2015_Table3
Blarina brevicauda,RoB_p.C.N,32.248219735503604,HerculanoHouzel_etal_2015_Table3
Blarina brevicauda,WholeBrain_C.n,88740000,HerculanoHouzel_etal_2015_Table5
Blarina brevicauda,WholeBrain_Mass.g,0.347,HerculanoHouzel_etal_2015_Table5
Blarina brevicauda,WholeBrain_N.n,55190000,HerculanoHouzel_etal_2015_Table5
Blarina brevicauda,WholeBrain_N.p.mg,159048.991354467,HerculanoHouzel_etal_2015_Table5
Blarina brevicauda,WholeBrain_O.n,33550000,HerculanoHouzel_etal_2015_Table5
Blarina brevicauda,WholeBrain_O.p.N,0.607899981880776,HerculanoHouzel_etal_2015_Table5
Blarina brevicauda,WholeBrain_O.p.mg,96685.878962536,HerculanoHouzel_etal_2015_Table5
Blarina brevicauda,WholeBrain_p.C.N,64.8,HerculanoHouzel_etal_2015_Table5
Callimico goeldii,CerebralCortex_C.n,1072460000,HerculanoHouzel_etal_2015_Table1
Callimico goeldii,CerebralCortex_Mass.g,12.984,HerculanoHouzel_etal_2015_Table1
Callimico goeldii,CerebralCortex_N.n,357129180,HerculanoHouzel_etal_2015_Table1
Callimico goeldii,CerebralCortex_N.p.mg,27505,HerculanoHouzel_etal_2015_Table1
Callimico goeldii,CerebralCortex_O.n,715330820,HerculanoHouzel_etal_2015_Table1
Callimico goeldii,CerebralCortex_O.p.N,2.003,HerculanoHouzel_etal_2015_Table1
Callimico goeldii,CerebralCortex_O.p.mg,55093,HerculanoHouzel_etal_2015_Table1
Callimico goeldii,CerebralCortex_p.C.N,33.3,HerculanoHouzel_etal_2015_Table1
Callimico goeldii,RoB_C.n,248440000,HerculanoHouzel_etal_2015_Table3
Callimico goeldii,RoB_Mass.g,2.086,HerculanoHouzel_etal_2015_Table3
Callimico goeldii,RoB_N.n,53911480,HerculanoHouzel_etal_2015_Table3
Callimico goeldii,RoB_N.p.mg,25844,HerculanoHouzel_etal_2015_Table3
Callimico goeldii,RoB_O.n,194528520,HerculanoHouzel_etal_2015_Table3
Callimico goeldii,RoB_O.p.N,3.608,HerculanoHouzel_etal_2015_Table3
Callimico goeldii,RoB_O.p.mg,93254,HerculanoHouzel_etal_2015_Table3
Callimico goeldii,RoB_p.C.N,21.7,HerculanoHouzel_etal_2015_Table3
Callithrix jacchus,Body_Mass.g,361,HerculanoHouzel_etal_2015_Table5
Callithrix jacchus,Cerebellum_C.n,410860000,HerculanoHouzel_etal_2015_Table2
Callithrix jacchus,Cerebellum_Mass.g,0.73,HerculanoHouzel_etal_2015_Table2
Callithrix jacchus,Cerebellum_N.n,361370000,HerculanoHouzel_etal_2015_Table2
Callithrix jacchus,Cerebellum_N.p.mg,494970,HerculanoHouzel_etal_2015_Table2
Callithrix jacchus,Cerebellum_O.n,49490000,HerculanoHouzel_etal_2015_Table2
Callithrix jacchus,Cerebellum_O.p.N,0.137,HerculanoHouzel_etal_2015_Table2
Callithrix jacchus,Cerebellum_O.p.mg,68170,HerculanoHouzel_etal_2015_Table2
Callithrix jacchus,Cerebellum_p.C.N,87.9545343912768,HerculanoHouzel_etal_2015_Table2
Callithrix jacchus,CerebralCortex_C.n,640060000,HerculanoHouzel_etal_2015_Table1
Callithrix jacchus,CerebralCortex_Mass.g,5.561,HerculanoHouzel_etal_2015_Table1
Callithrix jacchus,CerebralCortex_N.n,244720000,HerculanoHouzel_etal_2015_Table1
Callithrix jacchus,CerebralCortex_N.p.mg,44280,HerculanoHouzel_etal_2015_Table1
Callithrix jacchus,CerebralCortex_O.n,395340000,HerculanoHouzel_etal_2015_Table1
Callithrix jacchus,CerebralCortex_O.p.N,1.615,HerculanoHouzel_etal_2015_Table1
Callithrix jacchus,CerebralCortex_O.p.mg,71800,HerculanoHouzel_etal_2015_Table1
Callithrix jacchus,CerebralCortex_p.C.N,38.2339155704153,HerculanoHouzel_etal_2015_Table1
Callithrix jacchus,OlfactoryBulb_C.n,4656000,HerculanoHouzel_etal_2015_Table4
Callithrix jacchus,OlfactoryBulb_Mass.g,0.008,HerculanoHouzel_etal_2015_Table4
Callithrix jacchus,OlfactoryBulb_N.n,2108078,HerculanoHouzel_etal_2015_Table4
Callithrix jacchus,OlfactoryBulb_N.p.mg,232309,HerculanoHouzel_etal_2015_Table4
Callithrix jacchus,OlfactoryBulb_O.n,2547922,HerculanoHouzel_etal_2015_Table4
Callithrix jacchus,OlfactoryBulb_O.p.N,1.209,HerculanoHouzel_etal_2015_Table4
Callithrix jacchus,OlfactoryBulb_O.p.mg,269383,HerculanoHouzel_etal_2015_Table4
Callithrix jacchus,OlfactoryBulb_p.C.N,45.276589347079,HerculanoHouzel_etal_2015_Table4
Callithrix jacchus,RoB_C.n,175630000,HerculanoHouzel_etal_2015_Table3
Callithrix jacchus,RoB_Mass.g,1.489,HerculanoHouzel_etal_2015_Table3
Callithrix jacchus,RoB_N.n,29720000,HerculanoHouzel_etal_2015_Table3
Callithrix jacchus,RoB_N.p.mg,19650,HerculanoHouzel_etal_2015_Table3
Callithrix jacchus,RoB_O.n,145910000,HerculanoHouzel_etal_2015_Table3
Callithrix jacchus,RoB_O.p.N,4.909,HerculanoHouzel_etal_2015_Table3
Callithrix jacchus,RoB_O.p.mg,98370,HerculanoHouzel_etal_2015_Table3
Callithrix jacchus,RoB_p.C.N,16.9219381654615,HerculanoHouzel_etal_2015_Table3
Callithrix jacchus,SpinalCord_C.n,48200000,Burish_etal_2010_Table1
Callithrix jacchus,SpinalCord_Mass.g,0.621,Burish_etal_2010_Table1
Callithrix jacchus,SpinalCord_N.n,3650000,Burish_etal_2010_Table1
Callithrix jacchus,SpinalCord_N.p.mg,5875,Burish_etal_2010_Table1
Callithrix jacchus,SpinalCord_O.n,44550000,Burish_etal_2010_Table1
Callithrix jacchus,SpinalCord_O.p.N,12.2054794520548,Burish_etal_2010_Table1
Callithrix jacchus,SpinalCord_O.p.mg,71734,Burish_etal_2010_Table1
Callithrix jacchus,SpinalCord_p.C.Body.mass,0.18,Burish_etal_2010_Table1
Callithrix jacchus,SpinalCord_p.C.CNS.mass,7.39,Burish_etal_2010_Table1
Callithrix jacchus,SpinalCord_p.C.CNS.neurons,0.57,Burish_etal_2010_Table1
Callithrix jacchus,SpinalCord_p.C.N,7.57,Burish_etal_2010_Table1
Callithrix jacchus,WholeBrain_C.n,1226540000,HerculanoHouzel_etal_2015_Table5
Callithrix jacchus,WholeBrain_Mass.g,7.78,HerculanoHouzel_etal_2015_Table5
Callithrix jacchus,WholeBrain_N.n,635800000,HerculanoHouzel_etal_2015_Table5
Callithrix jacchus,WholeBrain_N.p.mg,81722.3650385604,HerculanoHouzel_etal_2015_Table5
Callithrix jacchus,WholeBrain_O.n,590740000,HerculanoHouzel_etal_2015_Table5
Callithrix jacchus,WholeBrain_O.p.N,0.929128656810318,HerculanoHouzel_etal_2015_Table5
Callithrix jacchus,WholeBrain_O.p.mg,75930.5912596401,HerculanoHouzel_etal_2015_Table5
Callithrix jacchus,WholeBrain_p.C.N,51.7,HerculanoHouzel_etal_2015_Table5
Canis lupus familiaris,Body_Mass.g,19700,JardimMesseder_etal_2017_Table1
Canis lupus familiaris,Cerebellum_C.n,2525310000,JardimMesseder_etal_2017_Table1
Canis lupus familiaris,Cerebellum_I.n,48233421,DosSantos_etal_2020_unpublished_JardimMesseder_etal_2017_Table1
Canis lupus familiaris,Cerebellum_I.p.C,0.0191,DosSantos_etal_2020_unpublished
Canis lupus familiaris,Cerebellum_I.p.mg,6420.84944089457,DosSantos_etal_2020_unpublished_JardimMesseder_etal_2017_Table1_JardimMesseder_etal_2017_Table1
Canis lupus familiaris,Cerebellum_Mass.g,7.512,JardimMesseder_etal_2017_Table1
Canis lupus familiaris,Cerebellum_N.n,1676630000,JardimMesseder_etal_2017_Table1
Canis lupus familiaris,Cerebellum_N.p.mg,223194,JardimMesseder_etal_2017_Table1
Canis lupus familiaris,Cerebellum_O.n,848680000,JardimMesseder_etal_2017_Table1
Canis lupus familiaris,Cerebellum_O.p.N,0.506,JardimMesseder_etal_2017_Table1
Canis lupus familiaris,Cerebellum_O.p.mg,112976.570820021,JardimMesseder_etal_2017_Table1
Canis lupus familiaris,Cerebellum_p.C.N,66.3930368944803,JardimMesseder_etal_2017_Table1
Canis lupus familiaris,CerebralCortexNoHippocampus_I.p.C,0.0796,DosSantos_etal_2020_unpublished
Canis lupus familiaris,CerebralCortex_C.n,3944370000,JardimMesseder_etal_2017_Table1
Canis lupus familiaris,CerebralCortex_I.n,313577415,DosSantos_etal_2020_unpublished_JardimMesseder_etal_2017_Table1
Canis lupus familiaris,CerebralCortex_I.p.C,0.0795,DosSantos_etal_2020_unpublished
Canis lupus familiaris,CerebralCortex_I.p.mg,4788.09935716358,DosSantos_etal_2020_unpublished_JardimMesseder_etal_2017_Table1_JardimMesseder_etal_2017_Table1
Canis lupus familiaris,CerebralCortex_Mass.g,65.491,JardimMesseder_etal_2017_Table1
Canis lupus familiaris,CerebralCortex_N.n,527910000,JardimMesseder_etal_2017_Table1
Canis lupus familiaris,CerebralCortex_N.p.mg,8061,JardimMesseder_etal_2017_Table1
Canis lupus familiaris,CerebralCortex_O.n,3416460000,JardimMesseder_etal_2017_Table1
Canis lupus familiaris,CerebralCortex_O.p.N,6.472,JardimMesseder_etal_2017_Table1
Canis lupus familiaris,CerebralCortex_O.p.mg,52166.8626223451,JardimMesseder_etal_2017_Table1
Canis lupus familiaris,CerebralCortex_p.C.N,13.3838864001095,JardimMesseder_etal_2017_Table1
Canis lupus familiaris,Hippocampus_C.n,142660000,JardimMesseder_etal_2017_Table1
Canis lupus familiaris,Hippocampus_I.n,11141746,DosSantos_etal_2020_unpublished_JardimMesseder_etal_2017_Table1
Canis lupus familiaris,Hippocampus_I.p.C,0.0781,DosSantos_etal_2020_unpublished
Canis lupus familiaris,Hippocampus_I.p.mg,5543.15721393035,DosSantos_etal_2020_unpublished_JardimMesseder_etal_2017_Table1_JardimMesseder_etal_2017_Table1
Canis lupus familiaris,Hippocampus_Mass.g,2.01,JardimMesseder_etal_2017_Table1
Canis lupus familiaris,Hippocampus_N.n,8610000,JardimMesseder_etal_2017_Table1
Canis lupus familiaris,Hippocampus_N.p.mg,4282,JardimMesseder_etal_2017_Table1
Canis lupus familiaris,Hippocampus_O.n,134050000,JardimMesseder_etal_2017_Table1
Canis lupus familiaris,Hippocampus_O.p.N,15.575,JardimMesseder_etal_2017_Table1
Canis lupus familiaris,Hippocampus_O.p.mg,66691.5422885572,JardimMesseder_etal_2017_Table1
Canis lupus familiaris,Hippocampus_p.C.N,6.03532875368008,JardimMesseder_etal_2017_Table1
Canis lupus familiaris,RoB_C.n,976240000,JardimMesseder_etal_2017_Table1
Canis lupus familiaris,RoB_I.n,103383816,DosSantos_etal_2020_unpublished_JardimMesseder_etal_2017_Table1
Canis lupus familiaris,RoB_I.p.C,0.1059,DosSantos_etal_2020_unpublished
Canis lupus familiaris,RoB_I.p.mg,7681.3891076603,DosSantos_etal_2020_unpublished_JardimMesseder_etal_2017_Table1_JardimMesseder_etal_2017_Table1
Canis lupus familiaris,RoB_Mass.g,13.459,JardimMesseder_etal_2017_Table1
Canis lupus familiaris,RoB_N.n,48150000,JardimMesseder_etal_2017_Table1
Canis lupus familiaris,RoB_N.p.mg,3577,JardimMesseder_etal_2017_Table1
Canis lupus familiaris,RoB_O.n,928090000,JardimMesseder_etal_2017_Table1
Canis lupus familiaris,RoB_O.p.N,19.275,JardimMesseder_etal_2017_Table1
Canis lupus familiaris,RoB_O.p.mg,68956.8318597221,JardimMesseder_etal_2017_Table1
Canis lupus familiaris,RoB_p.C.N,4.9321888060313,JardimMesseder_etal_2017_Table1
Canis lupus familiaris,WholeBrain_C.n,7445920000,JardimMesseder_etal_2017_Table1
Canis lupus familiaris,WholeBrain_I.n,465370000,DosSantos_etal_2020_unpublished_JardimMesseder_etal_2017_Table1
Canis lupus familiaris,WholeBrain_I.p.C,0.0625,DosSantos_etal_2020_unpublished
Canis lupus familiaris,WholeBrain_I.p.mg,5382.36450695103,DosSantos_etal_2020_unpublished_JardimMesseder_etal_2017_Table1_JardimMesseder_etal_2017_Table1
Canis lupus familiaris,WholeBrain_Mass.g,86.462,JardimMesseder_etal_2017_Table1
Canis lupus familiaris,WholeBrain_N.n,2252690000,JardimMesseder_etal_2017_Table1
Canis lupus familiaris,WholeBrain_N.p.mg,26054.1046933913,JardimMesseder_etal_2017_Table1
Canis lupus familiaris,WholeBrain_O.n,5193230000,JardimMesseder_etal_2017_Table1
Canis lupus familiaris,WholeBrain_O.p.N,2.305,JardimMesseder_etal_2017_Table1
Canis lupus familiaris,WholeBrain_O.p.mg,60063.7274178252,JardimMesseder_etal_2017_Table1
Canis lupus familiaris,WholeBrain_p.C.N,30.254018308013,JardimMesseder_etal_2017_Table1
Cardioderma cor,Body_Mass.g,26,HerculanoHouzel_etal_2020_TABLE1
Cardioderma cor,Cerebellum_Mass.g,0.103475348622945,HerculanoHouzel_etal_2020_TABLE2
Cardioderma cor,Cerebellum_N.n,63792242,HerculanoHouzel_etal_2020_TABLE2
Cardioderma cor,Cerebellum_N.p.mg,616497,HerculanoHouzel_etal_2020_TABLE2
Cardioderma cor,CerebralCortex_Mass.g,0.257039682140522,HerculanoHouzel_etal_2020_TABLE2
Cardioderma cor,CerebralCortex_N.n,10221440,HerculanoHouzel_etal_2020_TABLE2
Cardioderma cor,CerebralCortex_N.p.mg,39766,HerculanoHouzel_etal_2020_TABLE2
Cardioderma cor,RoB_Mass.g,0.201212912805565,HerculanoHouzel_etal_2020_TABLE2
Cardioderma cor,RoB_N.n,7317510,HerculanoHouzel_etal_2020_TABLE2
Cardioderma cor,RoB_N.p.mg,36367,HerculanoHouzel_etal_2020_TABLE2
Cardioderma cor,WholeBrain_Mass.g,0.562,HerculanoHouzel_etal_2020_TABLE1
Cardioderma cor,WholeBrain_N.n,81331192,HerculanoHouzel_etal_2020_TABLE1
Cardioderma cor,WholeBrain_N.p.mg,144717.423487544,HerculanoHouzel_etal_2020_TABLE1
Casinycteris argynnis,Body_Mass.g,27,HerculanoHouzel_etal_2020_TABLE1
Casinycteris argynnis,Cerebellum_Mass.g,0.128000061152779,HerculanoHouzel_etal_2020_TABLE2
Casinycteris argynnis,Cerebellum_N.n,77445413,HerculanoHouzel_etal_2020_TABLE2
Casinycteris argynnis,Cerebellum_N.p.mg,605042,HerculanoHouzel_etal_2020_TABLE2
Casinycteris argynnis,CerebralCortex_Mass.g,0.462003220682961,HerculanoHouzel_etal_2020_TABLE2
Casinycteris argynnis,CerebralCortex_N.n,10471765,HerculanoHouzel_etal_2020_TABLE2
Casinycteris argynnis,CerebralCortex_N.p.mg,22666,HerculanoHouzel_etal_2020_TABLE2
Casinycteris argynnis,RoB_Mass.g,0.302002666594106,HerculanoHouzel_etal_2020_TABLE2
Casinycteris argynnis,RoB_N.n,11098900,HerculanoHouzel_etal_2020_TABLE2
Casinycteris argynnis,RoB_N.p.mg,36751,HerculanoHouzel_etal_2020_TABLE2
Casinycteris argynnis,WholeBrain_Mass.g,0.892,HerculanoHouzel_etal_2020_TABLE1
Casinycteris argynnis,WholeBrain_N.n,99016077,HerculanoHouzel_etal_2020_TABLE1
Casinycteris argynnis,WholeBrain_N.p.mg,111004.570627803,HerculanoHouzel_etal_2020_TABLE1
Cavia porcellus,Body_Mass.g,311,HerculanoHouzel_etal_2015_Table5
Cavia porcellus,Cerebellum_C.n,204145000,HerculanoHouzel_etal_2015_Table2
Cavia porcellus,Cerebellum_Mass.g,0.5,HerculanoHouzel_etal_2015_Table2
Cavia porcellus,Cerebellum_N.n,167854925,HerculanoHouzel_etal_2015_Table2
Cavia porcellus,Cerebellum_N.p.mg,339755,HerculanoHouzel_etal_2015_Table2
Cavia porcellus,Cerebellum_O.n,36290075,HerculanoHouzel_etal_2015_Table2
Cavia porcellus,Cerebellum_O.p.N,0.216,HerculanoHouzel_etal_2015_Table2
Cavia porcellus,Cerebellum_O.p.mg,72824,HerculanoHouzel_etal_2015_Table2
Cavia porcellus,Cerebellum_p.C.N,82.2233828896128,HerculanoHouzel_etal_2015_Table2
Cavia porcellus,CerebralCortex_C.n,152125000,HerculanoHouzel_etal_2015_Table1
Cavia porcellus,CerebralCortex_Mass.g,1.938,HerculanoHouzel_etal_2015_Table1
Cavia porcellus,CerebralCortex_N.n,43510525,HerculanoHouzel_etal_2015_Table1
Cavia porcellus,CerebralCortex_N.p.mg,22508,HerculanoHouzel_etal_2015_Table1
Cavia porcellus,CerebralCortex_O.n,108614475,HerculanoHouzel_etal_2015_Table1
Cavia porcellus,CerebralCortex_O.p.N,2.492,HerculanoHouzel_etal_2015_Table1
Cavia porcellus,CerebralCortex_O.p.mg,56036,HerculanoHouzel_etal_2015_Table1
Cavia porcellus,CerebralCortex_p.C.N,28.601824157765,HerculanoHouzel_etal_2015_Table1
Cavia porcellus,OlfactoryBulb_C.n,16220000,HerculanoHouzel_etal_2015_Table4
Cavia porcellus,OlfactoryBulb_Mass.g,0.103,HerculanoHouzel_etal_2015_Table4
Cavia porcellus,OlfactoryBulb_N.n,6065700,HerculanoHouzel_etal_2015_Table4
Cavia porcellus,OlfactoryBulb_N.p.mg,58560,HerculanoHouzel_etal_2015_Table4
Cavia porcellus,OlfactoryBulb_O.n,10154300,HerculanoHouzel_etal_2015_Table4
Cavia porcellus,OlfactoryBulb_O.p.N,1.637,HerculanoHouzel_etal_2015_Table4
Cavia porcellus,OlfactoryBulb_O.p.mg,96793,HerculanoHouzel_etal_2015_Table4
Cavia porcellus,OlfactoryBulb_p.C.N,37.3964241676942,HerculanoHouzel_etal_2015_Table4
Cavia porcellus,RoB_C.n,105375000,HerculanoHouzel_etal_2015_Table3
Cavia porcellus,RoB_Mass.g,1.218,HerculanoHouzel_etal_2015_Table3
Cavia porcellus,RoB_N.n,22191825,HerculanoHouzel_etal_2015_Table3
Cavia porcellus,RoB_N.p.mg,18990,HerculanoHouzel_etal_2015_Table3
Cavia porcellus,RoB_O.n,83183175,HerculanoHouzel_etal_2015_Table3
Cavia porcellus,RoB_O.p.N,4.035,HerculanoHouzel_etal_2015_Table3
Cavia porcellus,RoB_O.p.mg,69528,HerculanoHouzel_etal_2015_Table3
Cavia porcellus,RoB_p.C.N,21.0598576512456,HerculanoHouzel_etal_2015_Table3
Cavia porcellus,WholeBrain_C.n,461645000,HerculanoHouzel_etal_2015_Table5
Cavia porcellus,WholeBrain_Mass.g,3.656,HerculanoHouzel_etal_2015_Table5
Cavia porcellus,WholeBrain_N.n,233557275,HerculanoHouzel_etal_2015_Table5
Cavia porcellus,WholeBrain_N.p.mg,63883.2809080963,HerculanoHouzel_etal_2015_Table5
Cavia porcellus,WholeBrain_O.n,228087725,HerculanoHouzel_etal_2015_Table5
Cavia porcellus,WholeBrain_O.p.N,0.976581547288561,HerculanoHouzel_etal_2015_Table5
Cavia porcellus,WholeBrain_O.p.mg,62387.2333150985,HerculanoHouzel_etal_2015_Table5
Cavia porcellus,WholeBrain_p.C.N,50.6,HerculanoHouzel_etal_2015_Table5
Coleura afra,Body_Mass.g,11.5,HerculanoHouzel_etal_2020_TABLE1
Coleura afra,Cerebellum_Mass.g,0.0540341106919655,HerculanoHouzel_etal_2020_TABLE2
Coleura afra,Cerebellum_N.n,47984992,HerculanoHouzel_etal_2020_TABLE2
Coleura afra,Cerebellum_N.p.mg,888050,HerculanoHouzel_etal_2020_TABLE2
Coleura afra,CerebralCortex_Mass.g,0.089982784272051,HerculanoHouzel_etal_2020_TABLE2
Coleura afra,CerebralCortex_N.n,5080428,HerculanoHouzel_etal_2020_TABLE2
Coleura afra,CerebralCortex_N.p.mg,56460,HerculanoHouzel_etal_2020_TABLE2
Coleura afra,RoB_Mass.g,0.0988031030528881,HerculanoHouzel_etal_2020_TABLE2
Coleura afra,RoB_N.n,5514794,HerculanoHouzel_etal_2020_TABLE2
Coleura afra,RoB_N.p.mg,55816,HerculanoHouzel_etal_2020_TABLE2
Coleura afra,WholeBrain_Mass.g,0.244,HerculanoHouzel_etal_2020_TABLE1
Coleura afra,WholeBrain_N.n,58580214,HerculanoHouzel_etal_2020_TABLE1
Coleura afra,WholeBrain_N.p.mg,240082.844262295,HerculanoHouzel_etal_2020_TABLE1
Condylura cristata,Body_Mass.g,41.1,HerculanoHouzel_etal_2015_Table5
Condylura cristata,Cerebellum_C.n,125400000,HerculanoHouzel_etal_2015_Table2
Condylura cristata,Cerebellum_Mass.g,0.138,HerculanoHouzel_etal_2015_Table2
Condylura cristata,Cerebellum_N.n,105920000,HerculanoHouzel_etal_2015_Table2
Condylura cristata,Cerebellum_N.p.mg,776460,HerculanoHouzel_etal_2015_Table2
Condylura cristata,Cerebellum_O.n,19480000,HerculanoHouzel_etal_2015_Table2
Condylura cristata,Cerebellum_O.p.N,0.184,HerculanoHouzel_etal_2015_Table2
Condylura cristata,Cerebellum_O.p.mg,139912,HerculanoHouzel_etal_2015_Table2
Condylura cristata,Cerebellum_p.C.N,84.4657097288676,HerculanoHouzel_etal_2015_Table2
Condylura cristata,CerebralCortex_C.n,49260000,HerculanoHouzel_etal_2015_Table1
Condylura cristata,CerebralCortex_Mass.g,0.42,HerculanoHouzel_etal_2015_Table1
Condylura cristata,CerebralCortex_N.n,17250000,HerculanoHouzel_etal_2015_Table1
Condylura cristata,CerebralCortex_N.p.mg,40777,HerculanoHouzel_etal_2015_Table1
Condylura cristata,CerebralCortex_O.n,32010000,HerculanoHouzel_etal_2015_Table1
Condylura cristata,CerebralCortex_O.p.N,1.966,HerculanoHouzel_etal_2015_Table1
Condylura cristata,CerebralCortex_O.p.mg,76995,HerculanoHouzel_etal_2015_Table1
Condylura cristata,CerebralCortex_p.C.N,35.0182704019488,HerculanoHouzel_etal_2015_Table1
Condylura cristata,OlfactoryBulb_C.n,18020000,HerculanoHouzel_etal_2015_Table4
Condylura cristata,OlfactoryBulb_Mass.g,0.04,HerculanoHouzel_etal_2015_Table4
Condylura cristata,OlfactoryBulb_N.n,10550000,HerculanoHouzel_etal_2015_Table4
Condylura cristata,OlfactoryBulb_N.p.mg,254720,HerculanoHouzel_etal_2015_Table4
Condylura cristata,OlfactoryBulb_O.n,7470000,HerculanoHouzel_etal_2015_Table4
Condylura cristata,OlfactoryBulb_O.p.N,0.708,HerculanoHouzel_etal_2015_Table4
Condylura cristata,OlfactoryBulb_O.p.mg,185124,HerculanoHouzel_etal_2015_Table4
Condylura cristata,OlfactoryBulb_p.C.N,58.5460599334073,HerculanoHouzel_etal_2015_Table4
Condylura cristata,RoB_C.n,39710000,HerculanoHouzel_etal_2015_Table3
Condylura cristata,RoB_Mass.g,0.244,HerculanoHouzel_etal_2015_Table3
Condylura cristata,RoB_N.n,8160000,HerculanoHouzel_etal_2015_Table3
Condylura cristata,RoB_N.p.mg,33475,HerculanoHouzel_etal_2015_Table3
Condylura cristata,RoB_O.n,31550000,HerculanoHouzel_etal_2015_Table3
Condylura cristata,RoB_O.p.N,3.866,HerculanoHouzel_etal_2015_Table3
Condylura cristata,RoB_O.p.mg,128990,HerculanoHouzel_etal_2015_Table3
Condylura cristata,RoB_p.C.N,20.5489801057668,HerculanoHouzel_etal_2015_Table3
Condylura cristata,WholeBrain_C.n,214370000,HerculanoHouzel_etal_2015_Table5
Condylura cristata,WholeBrain_Mass.g,0.802,HerculanoHouzel_etal_2015_Table5
Condylura cristata,WholeBrain_N.n,131330000,HerculanoHouzel_etal_2015_Table5
Condylura cristata,WholeBrain_N.p.mg,163753.117206983,HerculanoHouzel_etal_2015_Table5
Condylura cristata,WholeBrain_O.n,83040000,HerculanoHouzel_etal_2015_Table5
Condylura cristata,WholeBrain_O.p.N,0.632300312190665,HerculanoHouzel_etal_2015_Table5
Condylura cristata,WholeBrain_O.p.mg,103541.14713217,HerculanoHouzel_etal_2015_Table5
Condylura cristata,WholeBrain_p.C.N,61.3,HerculanoHouzel_etal_2015_Table5
Cryptomys hottentotus,Amygdala_Vol.mm3,14,Kverkova_etal_2018_TableS1
Cryptomys hottentotus,Body_Mass.g,68.58,Kverkova_etal_2018_TableS1
Cryptomys hottentotus,Cerebellum_N.n,68810000,Kverkova_etal_2018_TableS5
Cryptomys hottentotus,Cerebellum_Vol.mm3,121,Kverkova_etal_2018_TableS1
Cryptomys hottentotus,CerebralCortex_N.n,11730000,Kverkova_etal_2018_TableS5
Cryptomys hottentotus,EntorhinalCortex_Vol.mm3,25,Kverkova_etal_2018_TableS1
Cryptomys hottentotus,Hippocampus_Vol.mm3,59,Kverkova_etal_2018_TableS1
Cryptomys hottentotus,Hypothalamus_Vol.mm3,25,Kverkova_etal_2018_TableS1
Cryptomys hottentotus,Medulla_Vol.mm3,79,Kverkova_etal_2018_TableS1
Cryptomys hottentotus,MesencephalonMedulla_N.n,3170000,Kverkova_etal_2018_TableS5
Cryptomys hottentotus,Neocortex_Vol.mm3,183,Kverkova_etal_2018_TableS1
Cryptomys hottentotus,OlfactoryBulb_N.n,7990000,Kverkova_etal_2018_TableS5
Cryptomys hottentotus,OlfactoryBulb_Vol.mm3,37,Kverkova_etal_2018_TableS1
Cryptomys hottentotus,OlfactoryCortices_Vol.mm3,50,Kverkova_etal_2018_TableS1
Cryptomys hottentotus,Septum_Vol.mm3,11,Kverkova_etal_2018_TableS1
Cryptomys hottentotus,Striatum_Vol.mm3,59,Kverkova_etal_2018_TableS1
Cryptomys hottentotus,SubcorticalForebrain_N.n,4550000,Kverkova_etal_2018_TableS5
Cryptomys hottentotus,Tectum_Vol.mm3,17,Kverkova_etal_2018_TableS1
Cryptomys hottentotus,Tegmentum_Vol.mm3,34,Kverkova_etal_2018_TableS1
Cryptomys hottentotus,Thalamus_Vol.mm3,39,Kverkova_etal_2018_TableS1
Cryptomys hottentotus,WholeBrainOlfactoryBulb_Mass.g,0.85,Kverkova_etal_2018_TableS1
Cryptomys hottentotus,WholeBrainOlfactoryBulb_N.n,96240000,Kverkova_etal_2018_TableS5
Cryptomys hottentotus,WholeBrainOlfactoryBulb_N.p.mg,113223.529411765,Kverkova_etal_2018_TableS5_Kverkova_etal_2018_TableS1
Cryptomys hottentotus,WholeBrain_N.n,88250000,Kverkova_etal_2018_TableS5
Cryptomys hottentotus natalensis,Amygdala_Vol.mm3,20,Kverkova_etal_2018_TableS1
Cryptomys hottentotus natalensis,Body_Mass.g,99.02,Kverkova_etal_2018_TableS1
Cryptomys hottentotus natalensis,Cerebellum_N.n,109750000,Kverkova_etal_2018_TableS5
Cryptomys hottentotus natalensis,Cerebellum_Vol.mm3,175,Kverkova_etal_2018_TableS1
Cryptomys hottentotus natalensis,CerebralCortex_N.n,17460000,Kverkova_etal_2018_TableS5
Cryptomys hottentotus natalensis,EntorhinalCortex_Vol.mm3,43,Kverkova_etal_2018_TableS1
Cryptomys hottentotus natalensis,Hippocampus_Vol.mm3,80,Kverkova_etal_2018_TableS1
Cryptomys hottentotus natalensis,Hypothalamus_Vol.mm3,31,Kverkova_etal_2018_TableS1
Cryptomys hottentotus natalensis,Medulla_Vol.mm3,97,Kverkova_etal_2018_TableS1
Cryptomys hottentotus natalensis,MesencephalonMedulla_N.n,4110000,Kverkova_etal_2018_TableS5
Cryptomys hottentotus natalensis,Neocortex_Vol.mm3,321,Kverkova_etal_2018_TableS1
Cryptomys hottentotus natalensis,OlfactoryBulb_N.n,11850000,Kverkova_etal_2018_TableS5
Cryptomys hottentotus natalensis,OlfactoryBulb_Vol.mm3,55,Kverkova_etal_2018_TableS1
Cryptomys hottentotus natalensis,OlfactoryCortices_Vol.mm3,76,Kverkova_etal_2018_TableS1
Cryptomys hottentotus natalensis,Septum_Vol.mm3,14,Kverkova_etal_2018_TableS1
Cryptomys hottentotus natalensis,Striatum_Vol.mm3,84,Kverkova_etal_2018_TableS1
Cryptomys hottentotus natalensis,SubcorticalForebrain_N.n,6820000,Kverkova_etal_2018_TableS5
Cryptomys hottentotus natalensis,Tectum_Vol.mm3,24,Kverkova_etal_2018_TableS1
Cryptomys hottentotus natalensis,Tegmentum_Vol.mm3,42,Kverkova_etal_2018_TableS1
Cryptomys hottentotus natalensis,Thalamus_Vol.mm3,54,Kverkova_etal_2018_TableS1
Cryptomys hottentotus natalensis,WholeBrainOlfactoryBulb_Mass.g,1.24,Kverkova_etal_2018_TableS1
Cryptomys hottentotus natalensis,WholeBrainOlfactoryBulb_N.n,149980000,Kverkova_etal_2018_TableS5
Cryptomys hottentotus natalensis,WholeBrainOlfactoryBulb_N.p.mg,120951.612903226,Kverkova_etal_2018_TableS5_Kverkova_etal_2018_TableS1
Cryptomys hottentotus natalensis,WholeBrain_N.n,138130000,Kverkova_etal_2018_TableS5
Cryptomys hottentotus pretoriae,Amygdala_Vol.mm3,20,Kverkova_etal_2018_TableS1
Cryptomys hottentotus pretoriae,Body_Mass.g,104.27,Kverkova_etal_2018_TableS1
Cryptomys hottentotus pretoriae,Cerebellum_N.n,120580000,Kverkova_etal_2018_TableS5
Cryptomys hottentotus pretoriae,Cerebellum_Vol.mm3,188,Kverkova_etal_2018_TableS1
Cryptomys hottentotus pretoriae,CerebralCortex_N.n,20560000,Kverkova_etal_2018_TableS5
Cryptomys hottentotus pretoriae,EntorhinalCortex_Vol.mm3,46,Kverkova_etal_2018_TableS1
Cryptomys hottentotus pretoriae,Hippocampus_Vol.mm3,95,Kverkova_etal_2018_TableS1
Cryptomys hottentotus pretoriae,Hypothalamus_Vol.mm3,33,Kverkova_etal_2018_TableS1
Cryptomys hottentotus pretoriae,Medulla_Vol.mm3,119,Kverkova_etal_2018_TableS1
Cryptomys hottentotus pretoriae,MesencephalonMedulla_N.n,6030000,Kverkova_etal_2018_TableS5
Cryptomys hottentotus pretoriae,Neocortex_Vol.mm3,315,Kverkova_etal_2018_TableS1
Cryptomys hottentotus pretoriae,OlfactoryBulb_N.n,12070000,Kverkova_etal_2018_TableS5
Cryptomys hottentotus pretoriae,OlfactoryBulb_Vol.mm3,57,Kverkova_etal_2018_TableS1
Cryptomys hottentotus pretoriae,OlfactoryCortices_Vol.mm3,76,Kverkova_etal_2018_TableS1
Cryptomys hottentotus pretoriae,Septum_Vol.mm3,15,Kverkova_etal_2018_TableS1
Cryptomys hottentotus pretoriae,Striatum_Vol.mm3,85,Kverkova_etal_2018_TableS1
Cryptomys hottentotus pretoriae,SubcorticalForebrain_N.n,9920000,Kverkova_etal_2018_TableS5
Cryptomys hottentotus pretoriae,Tectum_Vol.mm3,25,Kverkova_etal_2018_TableS1
Cryptomys hottentotus pretoriae,Tegmentum_Vol.mm3,47,Kverkova_etal_2018_TableS1
Cryptomys hottentotus pretoriae,Thalamus_Vol.mm3,57,Kverkova_etal_2018_TableS1
Cryptomys hottentotus pretoriae,WholeBrainOlfactoryBulb_Mass.g,1.35,Kverkova_etal_2018_TableS1
Cryptomys hottentotus pretoriae,WholeBrainOlfactoryBulb_N.n,169160000,Kverkova_etal_2018_TableS5
Cryptomys hottentotus pretoriae,WholeBrainOlfactoryBulb_N.p.mg,125303.703703704,Kverkova_etal_2018_TableS5_Kverkova_etal_2018_TableS1
Cryptomys hottentotus pretoriae,WholeBrain_N.n,157090000,Kverkova_etal_2018_TableS5
Cynomys sp.,Body_Mass.g,1515,HerculanoHouzel_etal_2015_Table5
Cynomys sp.,Cerebellum_C.n,416240000,HerculanoHouzel_etal_2015_Table2
Cynomys sp.,Cerebellum_Mass.g,0.789,HerculanoHouzel_etal_2015_Table2
Cynomys sp.,Cerebellum_N.n,350084813,HerculanoHouzel_etal_2015_Table2
Cynomys sp.,Cerebellum_N.p.mg,440658,HerculanoHouzel_etal_2015_Table2
Cynomys sp.,Cerebellum_O.n,66155187,HerculanoHouzel_etal_2015_Table2
Cynomys sp.,Cerebellum_O.p.N,0.192,HerculanoHouzel_etal_2015_Table2
Cynomys sp.,Cerebellum_O.p.mg,84802,HerculanoHouzel_etal_2015_Table2
Cynomys sp.,Cerebellum_p.C.N,84.1064801556794,HerculanoHouzel_etal_2015_Table2
Cynomys sp.,CerebralCortex_C.n,237220000,HerculanoHouzel_etal_2015_Table1
Cynomys sp.,CerebralCortex_Mass.g,2.586,HerculanoHouzel_etal_2015_Table1
Cynomys sp.,CerebralCortex_N.n,53768353,HerculanoHouzel_etal_2015_Table1
Cynomys sp.,CerebralCortex_N.p.mg,20866,HerculanoHouzel_etal_2015_Table1
Cynomys sp.,CerebralCortex_O.n,183451647,HerculanoHouzel_etal_2015_Table1
Cynomys sp.,CerebralCortex_O.p.N,3.432,HerculanoHouzel_etal_2015_Table1
Cynomys sp.,CerebralCortex_O.p.mg,71202,HerculanoHouzel_etal_2015_Table1
Cynomys sp.,CerebralCortex_p.C.N,22.666028581064,HerculanoHouzel_etal_2015_Table1
Cynomys sp.,RoB_C.n,201833333,HerculanoHouzel_etal_2015_Table3
Cynomys sp.,RoB_Mass.g,1.945,HerculanoHouzel_etal_2015_Table3
Cynomys sp.,RoB_N.n,34090600,HerculanoHouzel_etal_2015_Table3
Cynomys sp.,RoB_N.p.mg,17590,HerculanoHouzel_etal_2015_Table3
Cynomys sp.,RoB_O.n,167742733,HerculanoHouzel_etal_2015_Table3
Cynomys sp.,RoB_O.p.N,4.923,HerculanoHouzel_etal_2015_Table3
Cynomys sp.,RoB_O.p.mg,86542,HerculanoHouzel_etal_2015_Table3
Cynomys sp.,RoB_p.C.N,16.8904707132791,HerculanoHouzel_etal_2015_Table3
Cynomys sp.,WholeBrain_C.n,855293334,HerculanoHouzel_etal_2015_Table5
Cynomys sp.,WholeBrain_Mass.g,5.321,HerculanoHouzel_etal_2015_Table5
Cynomys sp.,WholeBrain_N.n,437943767,HerculanoHouzel_etal_2015_Table5
Cynomys sp.,WholeBrain_N.p.mg,82304.7861304266,HerculanoHouzel_etal_2015_Table5
Cynomys sp.,WholeBrain_O.n,417349567,HerculanoHouzel_etal_2015_Table5
Cynomys sp.,WholeBrain_O.p.N,0.952975241225433,HerculanoHouzel_etal_2015_Table5
Cynomys sp.,WholeBrain_O.p.mg,78434.423416651,HerculanoHouzel_etal_2015_Table5
Cynomys sp.,WholeBrain_p.C.N,51,HerculanoHouzel_etal_2015_Table5
Damaliscus pygargus phillipsi,Body_Mass.g,60000,HerculanoHouzel_etal_2015_Table5
Damaliscus pygargus phillipsi,Cerebellum_C.n,2845631126,HerculanoHouzel_etal_2015_Table2
Damaliscus pygargus phillipsi,Cerebellum_Mass.g,13.402,HerculanoHouzel_etal_2015_Table2
Damaliscus pygargus phillipsi,Cerebellum_N.n,2401712670,HerculanoHouzel_etal_2015_Table2
Damaliscus pygargus phillipsi,Cerebellum_N.p.mg,179206,HerculanoHouzel_etal_2015_Table2
Damaliscus pygargus phillipsi,Cerebellum_O.n,443918456,HerculanoHouzel_etal_2015_Table2
Damaliscus pygargus phillipsi,Cerebellum_O.p.N,0.184,HerculanoHouzel_etal_2015_Table2
Damaliscus pygargus phillipsi,Cerebellum_O.p.mg,33123,HerculanoHouzel_etal_2015_Table2
Damaliscus pygargus phillipsi,Cerebellum_p.C.N,84.3999999879113,HerculanoHouzel_etal_2015_Table2
Damaliscus pygargus phillipsi,CerebralCortexGrey_N.n,361950000,Kazu_etal_2015_TABLE1
Damaliscus pygargus phillipsi,CerebralCortexGrey_N.p.mg,5142,Kazu_etal_2015_TABLE1
Damaliscus pygargus phillipsi,CerebralCortexGrey_O.p.N,8.356,Kazu_etal_2015_TABLE1
Damaliscus pygargus phillipsi,CerebralCortex_C.n,7332929658,HerculanoHouzel_etal_2015_Table1
Damaliscus pygargus phillipsi,CerebralCortex_Mass.g,111.31,HerculanoHouzel_etal_2015_Table1
Damaliscus pygargus phillipsi,CerebralCortex_N.n,570673431,HerculanoHouzel_etal_2015_Table1
Damaliscus pygargus phillipsi,CerebralCortex_N.p.mg,5127,HerculanoHouzel_etal_2015_Table1
Damaliscus pygargus phillipsi,CerebralCortex_O.n,6762256227,HerculanoHouzel_etal_2015_Table1
Damaliscus pygargus phillipsi,CerebralCortex_O.p.N,11.851,HerculanoHouzel_etal_2015_Table1
Damaliscus pygargus phillipsi,CerebralCortex_O.p.mg,60760,HerculanoHouzel_etal_2015_Table1
Damaliscus pygargus phillipsi,CerebralCortex_p.C.N,7.78233881430204,HerculanoHouzel_etal_2015_Table1
Damaliscus pygargus phillipsi,Hippocampus_Mass.g,2.266,Kazu_etal_2015_TABLE1
Damaliscus pygargus phillipsi,Hippocampus_N.n,22090000,Kazu_etal_2015_TABLE1
Damaliscus pygargus phillipsi,Hippocampus_N.p.mg,9750,Kazu_etal_2015_TABLE1
Damaliscus pygargus phillipsi,Hippocampus_O.p.N,9.246,Kazu_etal_2015_TABLE1
Damaliscus pygargus phillipsi,PonsMedulla_Mass.g,8.06,Kazu_etal_2015_TABLE1
Damaliscus pygargus phillipsi,PonsMedulla_N.n,20720000,Kazu_etal_2015_TABLE1
Damaliscus pygargus phillipsi,PonsMedulla_N.p.mg,2570,Kazu_etal_2015_TABLE1
Damaliscus pygargus phillipsi,PonsMedulla_O.p.N,22.81,Kazu_etal_2015_TABLE1
Damaliscus pygargus phillipsi,RoB_C.n,2222500002,HerculanoHouzel_etal_2015_Table3
Damaliscus pygargus phillipsi,RoB_Mass.g,30.006,HerculanoHouzel_etal_2015_Table3
Damaliscus pygargus phillipsi,RoB_N.n,86428126,HerculanoHouzel_etal_2015_Table3
Damaliscus pygargus phillipsi,RoB_N.p.mg,2880,HerculanoHouzel_etal_2015_Table3
Damaliscus pygargus phillipsi,RoB_O.n,2136071876,HerculanoHouzel_etal_2015_Table3
Damaliscus pygargus phillipsi,RoB_O.p.N,24.718,HerculanoHouzel_etal_2015_Table3
Damaliscus pygargus phillipsi,RoB_O.p.mg,71188,HerculanoHouzel_etal_2015_Table3
Damaliscus pygargus phillipsi,RoB_p.C.N,3.88877956905397,HerculanoHouzel_etal_2015_Table3
Damaliscus pygargus phillipsi,Species_Kazu2015,NA,Kazu_etal_2015_TABLE1
Damaliscus pygargus phillipsi,WholeBrain_C.n,12402060786,HerculanoHouzel_etal_2015_Table5
Damaliscus pygargus phillipsi,WholeBrain_Mass.g,154.718,HerculanoHouzel_etal_2015_Table5
Damaliscus pygargus phillipsi,WholeBrain_N.n,3058814227,HerculanoHouzel_etal_2015_Table5
Damaliscus pygargus phillipsi,WholeBrain_N.p.mg,19770.2544435683,HerculanoHouzel_etal_2015_Table5
Damaliscus pygargus phillipsi,WholeBrain_O.n,9343246559,HerculanoHouzel_etal_2015_Table5
Damaliscus pygargus phillipsi,WholeBrain_O.p.N,3.05453220288033,HerculanoHouzel_etal_2015_Table5
Damaliscus pygargus phillipsi,WholeBrain_O.p.mg,60388.8788570173,HerculanoHouzel_etal_2015_Table5
Damaliscus pygargus phillipsi,WholeBrain_p.C.N,24.7,HerculanoHouzel_etal_2015_Table5
Damaliscus pygargus phillipsi,body_mass_approximate,NA,Kazu_etal_2015_TABLE1
Damaliscus pygargus phillipsi,source_printing,NA,Kazu_etal_2015_TABLE1
Dasyprocta prymnolopha,Body_Mass.g,2843,HerculanoHouzel_etal_2015_Table5
Dasyprocta prymnolopha,Cerebellum_C.n,829475000,HerculanoHouzel_etal_2015_Table2
Dasyprocta prymnolopha,Cerebellum_Mass.g,2.742,HerculanoHouzel_etal_2015_Table2
Dasyprocta prymnolopha,Cerebellum_N.n,673488085,HerculanoHouzel_etal_2015_Table2
Dasyprocta prymnolopha,Cerebellum_N.p.mg,253208,HerculanoHouzel_etal_2015_Table2
Dasyprocta prymnolopha,Cerebellum_O.n,155986915,HerculanoHouzel_etal_2015_Table2
Dasyprocta prymnolopha,Cerebellum_O.p.N,0.234,HerculanoHouzel_etal_2015_Table2
Dasyprocta prymnolopha,Cerebellum_O.p.mg,57945,HerculanoHouzel_etal_2015_Table2
Dasyprocta prymnolopha,Cerebellum_p.C.N,81.1945007384189,HerculanoHouzel_etal_2015_Table2
Dasyprocta prymnolopha,CerebralCortex_C.n,526850000,HerculanoHouzel_etal_2015_Table1
Dasyprocta prymnolopha,CerebralCortex_Mass.g,8.913,HerculanoHouzel_etal_2015_Table1
Dasyprocta prymnolopha,CerebralCortex_N.n,110641950,HerculanoHouzel_etal_2015_Table1
Dasyprocta prymnolopha,CerebralCortex_N.p.mg,13250,HerculanoHouzel_etal_2015_Table1
Dasyprocta prymnolopha,CerebralCortex_O.n,416208050,HerculanoHouzel_etal_2015_Table1
Dasyprocta prymnolopha,CerebralCortex_O.p.N,3.763,HerculanoHouzel_etal_2015_Table1
Dasyprocta prymnolopha,CerebralCortex_O.p.mg,49939,HerculanoHouzel_etal_2015_Table1
Dasyprocta prymnolopha,CerebralCortex_p.C.N,21.0006548353421,HerculanoHouzel_etal_2015_Table1
Dasyprocta prymnolopha,OlfactoryBulb_C.n,130720000,HerculanoHouzel_etal_2015_Table4
Dasyprocta prymnolopha,OlfactoryBulb_Mass.g,0.737,HerculanoHouzel_etal_2015_Table4
Dasyprocta prymnolopha,OlfactoryBulb_N.n,58124085,HerculanoHouzel_etal_2015_Table4
Dasyprocta prymnolopha,OlfactoryBulb_N.p.mg,88008,HerculanoHouzel_etal_2015_Table4
Dasyprocta prymnolopha,OlfactoryBulb_O.n,72595915,HerculanoHouzel_etal_2015_Table4
Dasyprocta prymnolopha,OlfactoryBulb_O.p.N,1.239,HerculanoHouzel_etal_2015_Table4
Dasyprocta prymnolopha,OlfactoryBulb_O.p.mg,107301,HerculanoHouzel_etal_2015_Table4
Dasyprocta prymnolopha,OlfactoryBulb_p.C.N,44.4645693084455,HerculanoHouzel_etal_2015_Table4
Dasyprocta prymnolopha,RoB_C.n,400040000,HerculanoHouzel_etal_2015_Table3
Dasyprocta prymnolopha,RoB_Mass.g,5.972,HerculanoHouzel_etal_2015_Table3
Dasyprocta prymnolopha,RoB_N.n,43204320,HerculanoHouzel_etal_2015_Table3
Dasyprocta prymnolopha,RoB_N.p.mg,6830,HerculanoHouzel_etal_2015_Table3
Dasyprocta prymnolopha,RoB_O.n,356835680,HerculanoHouzel_etal_2015_Table3
Dasyprocta prymnolopha,RoB_O.p.N,8.25925925925926,HerculanoHouzel_etal_2015_Table3
Dasyprocta prymnolopha,RoB_O.p.mg,56408,HerculanoHouzel_etal_2015_Table3
Dasyprocta prymnolopha,RoB_p.C.N,10.8,HerculanoHouzel_etal_2015_Table3
Dasyprocta prymnolopha,WholeBrain_C.n,1746790000,HerculanoHouzel_etal_2015_Table5
Dasyprocta prymnolopha,WholeBrain_Mass.g,17.628,HerculanoHouzel_etal_2015_Table5
Dasyprocta prymnolopha,WholeBrain_N.n,795112070,HerculanoHouzel_etal_2015_Table5
Dasyprocta prymnolopha,WholeBrain_N.p.mg,45105.0641025641,HerculanoHouzel_etal_2015_Table5
Dasyprocta prymnolopha,WholeBrain_O.n,951677930,HerculanoHouzel_etal_2015_Table5
Dasyprocta prymnolopha,WholeBrain_O.p.N,1.1969104305007,HerculanoHouzel_etal_2015_Table5
Dasyprocta prymnolopha,WholeBrain_O.p.mg,53986.7216927615,HerculanoHouzel_etal_2015_Table5
Dasyprocta prymnolopha,WholeBrain_p.C.N,45.5,HerculanoHouzel_etal_2015_Table5
Dendrohyrax dorsalis,Body_Mass.g,1150,HerculanoHouzel_etal_2015_Table5
Dendrohyrax dorsalis,Cerebellum_C.n,438500000,HerculanoHouzel_etal_2015_Table2
Dendrohyrax dorsalis,Cerebellum_I.n,2367900,DosSantos_etal_2020_unpublished_HerculanoHouzel_etal_2015_Table2
Dendrohyrax dorsalis,Cerebellum_I.p.C,0.0054,DosSantos_etal_2020_unpublished
Dendrohyrax dorsalis,Cerebellum_I.p.mg,1234.56725755996,DosSantos_etal_2020_unpublished_HerculanoHouzel_etal_2015_Table2_HerculanoHouzel_etal_2015_Table2
Dendrohyrax dorsalis,Cerebellum_Mass.g,1.918,HerculanoHouzel_etal_2015_Table2
Dendrohyrax dorsalis,Cerebellum_N.n,360929350,HerculanoHouzel_etal_2015_Table2
Dendrohyrax dorsalis,Cerebellum_N.p.mg,188180,HerculanoHouzel_etal_2015_Table2
Dendrohyrax dorsalis,Cerebellum_O.n,77570650,HerculanoHouzel_etal_2015_Table2
Dendrohyrax dorsalis,Cerebellum_O.p.N,0.215,HerculanoHouzel_etal_2015_Table2
Dendrohyrax dorsalis,Cerebellum_O.p.mg,40444,HerculanoHouzel_etal_2015_Table2
Dendrohyrax dorsalis,Cerebellum_p.C.N,82.31,HerculanoHouzel_etal_2015_Table2
Dendrohyrax dorsalis,CerebralCortexNoHippocampus_I.p.C,0.0479,DosSantos_etal_2020_unpublished
Dendrohyrax dorsalis,CerebralCortex_C.n,282500000,HerculanoHouzel_etal_2015_Table1
Dendrohyrax dorsalis,CerebralCortex_I.n,13842500,DosSantos_etal_2020_unpublished_HerculanoHouzel_etal_2015_Table1
Dendrohyrax dorsalis,CerebralCortex_I.p.C,0.049,DosSantos_etal_2020_unpublished
Dendrohyrax dorsalis,CerebralCortex_I.p.mg,1831.01851851852,DosSantos_etal_2020_unpublished_HerculanoHouzel_etal_2015_Table1_HerculanoHouzel_etal_2015_Table1
Dendrohyrax dorsalis,CerebralCortex_Mass.g,7.56,HerculanoHouzel_etal_2015_Table1
Dendrohyrax dorsalis,CerebralCortex_N.n,98960000,HerculanoHouzel_etal_2015_Table1
Dendrohyrax dorsalis,CerebralCortex_N.p.mg,13098,HerculanoHouzel_etal_2015_Table1
Dendrohyrax dorsalis,CerebralCortex_O.n,183540000,HerculanoHouzel_etal_2015_Table1
Dendrohyrax dorsalis,CerebralCortex_O.p.N,1.855,HerculanoHouzel_etal_2015_Table1
Dendrohyrax dorsalis,CerebralCortex_O.p.mg,24291,HerculanoHouzel_etal_2015_Table1
Dendrohyrax dorsalis,CerebralCortex_p.C.N,35.0300884955752,HerculanoHouzel_etal_2015_Table1
Dendrohyrax dorsalis,Hippocampus_I.p.C,0.0602,DosSantos_etal_2020_unpublished
Dendrohyrax dorsalis,RoB_C.n,197138000,HerculanoHouzel_etal_2015_Table3
Dendrohyrax dorsalis,RoB_I.n,10980586.6,DosSantos_etal_2020_unpublished_HerculanoHouzel_etal_2015_Table3
Dendrohyrax dorsalis,RoB_I.p.C,0.0557,DosSantos_etal_2020_unpublished
Dendrohyrax dorsalis,RoB_I.p.mg,3299.45510817308,DosSantos_etal_2020_unpublished_HerculanoHouzel_etal_2015_Table3_HerculanoHouzel_etal_2015_Table3
Dendrohyrax dorsalis,RoB_Mass.g,3.328,HerculanoHouzel_etal_2015_Table3
Dendrohyrax dorsalis,RoB_N.n,44671471,HerculanoHouzel_etal_2015_Table3
Dendrohyrax dorsalis,RoB_N.p.mg,13423,HerculanoHouzel_etal_2015_Table3
Dendrohyrax dorsalis,RoB_O.n,152466529,HerculanoHouzel_etal_2015_Table3
Dendrohyrax dorsalis,RoB_O.p.N,3.413,HerculanoHouzel_etal_2015_Table3
Dendrohyrax dorsalis,RoB_O.p.mg,45813,HerculanoHouzel_etal_2015_Table3
Dendrohyrax dorsalis,RoB_p.C.N,22.6600001014518,HerculanoHouzel_etal_2015_Table3
Dendrohyrax dorsalis,WholeBrain_C.n,918146834,HerculanoHouzel_etal_2015_Table5
Dendrohyrax dorsalis,WholeBrain_I.n,27177146.2864,DosSantos_etal_2020_unpublished_HerculanoHouzel_etal_2015_Table5
Dendrohyrax dorsalis,WholeBrain_I.p.C,0.0296,DosSantos_etal_2020_unpublished
Dendrohyrax dorsalis,WholeBrain_I.p.mg,2123.214553625,DosSantos_etal_2020_unpublished_HerculanoHouzel_etal_2015_Table5_HerculanoHouzel_etal_2015_Table5
Dendrohyrax dorsalis,WholeBrain_Mass.g,12.8,HerculanoHouzel_etal_2015_Table5
Dendrohyrax dorsalis,WholeBrain_N.n,504572834,HerculanoHouzel_etal_2015_Table5
Dendrohyrax dorsalis,WholeBrain_N.p.mg,39419.75265625,HerculanoHouzel_etal_2015_Table5
Dendrohyrax dorsalis,WholeBrain_O.n,413574000,HerculanoHouzel_etal_2015_Table5
Dendrohyrax dorsalis,WholeBrain_O.p.N,0.819651737334714,HerculanoHouzel_etal_2015_Table5
Dendrohyrax dorsalis,WholeBrain_O.p.mg,32310.46875,HerculanoHouzel_etal_2015_Table5
Dendrohyrax dorsalis,WholeBrain_p.C.N,54.9555708646053,HerculanoHouzel_etal_2015_Table5
Dendrolagus goodfellowi,Body_Mass.g,13608,DosSantos_etal_2017_TableS1
Dendrolagus goodfellowi,Cerebellum_I.p.C,0.0066,DosSantos_etal_2020_unpublished
Dendrolagus goodfellowi,Cerebellum_Mass.g,4.236,DosSantos_etal_2017_TableS1
Dendrolagus goodfellowi,Cerebellum_N.n,1240000000,DosSantos_etal_2017_TableS1
Dendrolagus goodfellowi,Cerebellum_N.p.mg,292025,DosSantos_etal_2017_TableS1
Dendrolagus goodfellowi,Cerebellum_O.p.N,0.249,DosSantos_etal_2017_TableS1
Dendrolagus goodfellowi,CerebralCortexGrey_N.n,188300000,DosSantos_etal_2017_TableS1
Dendrolagus goodfellowi,CerebralCortexGrey_N.p.mg,16599,DosSantos_etal_2017_TableS1
Dendrolagus goodfellowi,CerebralCortexGrey_O.p.N,2.721,DosSantos_etal_2017_TableS1
Dendrolagus goodfellowi,CerebralCortexNoHippocampus_I.p.C,0.0519,DosSantos_etal_2020_unpublished
Dendrolagus goodfellowi,CerebralCortex_I.p.C,0.0525,DosSantos_etal_2020_unpublished
Dendrolagus goodfellowi,CerebralCortex_Mass.g,19.57,DosSantos_etal_2017_TableS1
Dendrolagus goodfellowi,CerebralCortex_N.n,273430000,DosSantos_etal_2017_TableS1
Dendrolagus goodfellowi,CerebralCortex_N.p.mg,13972,DosSantos_etal_2017_TableS1
Dendrolagus goodfellowi,CerebralCortex_O.p.N,4.603,DosSantos_etal_2017_TableS1
Dendrolagus goodfellowi,Hippocampus_I.p.C,0.0614,DosSantos_etal_2020_unpublished
Dendrolagus goodfellowi,Hippocampus_Mass.g,1.29,DosSantos_etal_2017_TableS1
Dendrolagus goodfellowi,Hippocampus_N.n,18150000,DosSantos_etal_2017_TableS1
Dendrolagus goodfellowi,Hippocampus_N.p.mg,14073,DosSantos_etal_2017_TableS1
Dendrolagus goodfellowi,Hippocampus_O.p.N,4.552,DosSantos_etal_2017_TableS1
Dendrolagus goodfellowi,MesencephalonDiencephalonStriatum_Mass.g,5.066,DosSantos_etal_2017_TableS1
Dendrolagus goodfellowi,MesencephalonDiencephalonStriatum_N.n,29630000,DosSantos_etal_2017_TableS1
Dendrolagus goodfellowi,MesencephalonDiencephalonStriatum_N.p.mg,5849,DosSantos_etal_2017_TableS1
Dendrolagus goodfellowi,MesencephalonDiencephalonStriatum_O.p.N,12.021,DosSantos_etal_2017_TableS1
Dendrolagus goodfellowi,PonsMedulla_Mass.g,2.676,DosSantos_etal_2017_TableS1
Dendrolagus goodfellowi,PonsMedulla_N.n,8230000,DosSantos_etal_2017_TableS1
Dendrolagus goodfellowi,PonsMedulla_N.p.mg,3075,DosSantos_etal_2017_TableS1
Dendrolagus goodfellowi,PonsMedulla_O.p.N,15.077,DosSantos_etal_2017_TableS1
Dendrolagus goodfellowi,RoB_I.p.C,0.0573,DosSantos_etal_2020_unpublished
Dendrolagus goodfellowi,RoB_Mass.g,7.742,DosSantos_etal_2017_TableS1
Dendrolagus goodfellowi,RoB_N.n,37860000,DosSantos_etal_2017_TableS1
Dendrolagus goodfellowi,RoB_N.p.mg,4890,DosSantos_etal_2017_TableS1
Dendrolagus goodfellowi,RoB_O.p.N,12.685,DosSantos_etal_2017_TableS1
Dendrolagus goodfellowi,WholeBrain_I.p.C,0.0335,DosSantos_etal_2020_unpublished
Dendrolagus goodfellowi,WholeBrain_Mass.g,31.548,DosSantos_etal_2017_TableS1
Dendrolagus goodfellowi,WholeBrain_N.n,1550000000,DosSantos_etal_2017_TableS1
Dendrolagus goodfellowi,WholeBrain_N.p.mg,49131.4821858755,DosSantos_etal_2017_TableS1
Dendrolagus goodfellowi,WholeBrain_O.p.N,1.322,DosSantos_etal_2017_TableS1
Didelphis aurita,Body_Mass.g,1200,DosSantos_etal_2017_TableS1
Didelphis aurita,Cerebellum_I.p.C,0.0143,DosSantos_etal_2020_unpublished
Didelphis aurita,Cerebellum_Mass.g,0.778,DosSantos_etal_2017_TableS1
Didelphis aurita,Cerebellum_N.n,334260000,DosSantos_etal_2017_TableS1
Didelphis aurita,Cerebellum_N.p.mg,429647,DosSantos_etal_2017_TableS1
Didelphis aurita,Cerebellum_O.p.N,0.122,DosSantos_etal_2017_TableS1
Didelphis aurita,CerebralCortexGrey_N.n,31490000,DosSantos_etal_2017_TableS1
Didelphis aurita,CerebralCortexGrey_N.p.mg,21901,DosSantos_etal_2017_TableS1
Didelphis aurita,CerebralCortexGrey_O.p.N,2.35,DosSantos_etal_2017_TableS1
Didelphis aurita,CerebralCortexNoHippocampus_I.p.C,0.0742,DosSantos_etal_2020_unpublished
Didelphis aurita,CerebralCortex_I.p.C,0.0718,DosSantos_etal_2020_unpublished
Didelphis aurita,CerebralCortex_Mass.g,2.136,DosSantos_etal_2017_TableS1
Didelphis aurita,CerebralCortex_N.n,42500000,DosSantos_etal_2017_TableS1
Didelphis aurita,CerebralCortex_N.p.mg,19897,DosSantos_etal_2017_TableS1
Didelphis aurita,CerebralCortex_O.p.N,2.847,DosSantos_etal_2017_TableS1
Didelphis aurita,DiencephalonStriatum_Mass.g,0.36,DosSantos_etal_2017_TableS1
Didelphis aurita,DiencephalonStriatum_N.n,5270000,DosSantos_etal_2017_TableS1
Didelphis aurita,DiencephalonStriatum_N.p.mg,14636,DosSantos_etal_2017_TableS1
Didelphis aurita,DiencephalonStriatum_O.p.N,4.139,DosSantos_etal_2017_TableS1
Didelphis aurita,Hippocampus_I.p.C,0.0616,DosSantos_etal_2020_unpublished
Didelphis aurita,Hippocampus_Mass.g,0.386,DosSantos_etal_2017_TableS1
Didelphis aurita,Hippocampus_N.n,7230000,DosSantos_etal_2017_TableS1
Didelphis aurita,Hippocampus_N.p.mg,18731,DosSantos_etal_2017_TableS1
Didelphis aurita,Hippocampus_O.p.N,3.149,DosSantos_etal_2017_TableS1
Didelphis aurita,MesencephalonDiencephalonStriatum_Mass.g,0.86,DosSantos_etal_2017_TableS1
Didelphis aurita,MesencephalonDiencephalonStriatum_N.n,11510000,DosSantos_etal_2017_TableS1
Didelphis aurita,MesencephalonDiencephalonStriatum_N.p.mg,13384,DosSantos_etal_2017_TableS1
Didelphis aurita,MesencephalonDiencephalonStriatum_O.p.N,5.001,DosSantos_etal_2017_TableS1
Didelphis aurita,Mesencephalon_Mass.g,0.5,DosSantos_etal_2017_TableS1
Didelphis aurita,Mesencephalon_N.n,6240000,DosSantos_etal_2017_TableS1
Didelphis aurita,Mesencephalon_N.p.mg,12482,DosSantos_etal_2017_TableS1
Didelphis aurita,Mesencephalon_O.p.N,5.729,DosSantos_etal_2017_TableS1
Didelphis aurita,OlfactoryBulb_Mass.g,0.342,DosSantos_etal_2017_TableS1
Didelphis aurita,OlfactoryBulb_N.n,31340000,DosSantos_etal_2017_TableS1
Didelphis aurita,OlfactoryBulb_N.p.mg,91646,DosSantos_etal_2017_TableS1
Didelphis aurita,OlfactoryBulb_O.p.N,1.273,DosSantos_etal_2017_TableS1
Didelphis aurita,PonsMedulla_Mass.g,0.518,DosSantos_etal_2017_TableS1
Didelphis aurita,PonsMedulla_N.n,4220000,DosSantos_etal_2017_TableS1
Didelphis aurita,PonsMedulla_N.p.mg,8152,DosSantos_etal_2017_TableS1
Didelphis aurita,PonsMedulla_O.p.N,8.251,DosSantos_etal_2017_TableS1
Didelphis aurita,RoB_I.p.C,0.077,DosSantos_etal_2020_unpublished
Didelphis aurita,RoB_Mass.g,1.378,DosSantos_etal_2017_TableS1
Didelphis aurita,RoB_N.n,15730000,DosSantos_etal_2017_TableS1
Didelphis aurita,RoB_N.p.mg,11417,DosSantos_etal_2017_TableS1
Didelphis aurita,RoB_O.p.N,5.873,DosSantos_etal_2017_TableS1
Didelphis aurita,WholeBrain_I.p.C,0.0393,DosSantos_etal_2020_unpublished
Didelphis aurita,WholeBrain_Mass.g,4.292,DosSantos_etal_2017_TableS1
Didelphis aurita,WholeBrain_N.n,392500000,DosSantos_etal_2017_TableS1
Didelphis aurita,WholeBrain_N.p.mg,91449.2078285182,DosSantos_etal_2017_TableS1
Didelphis aurita,WholeBrain_O.p.N,0.648,DosSantos_etal_2017_TableS1
Elephantulus myurus,Body_Mass.g,45.1,HerculanoHouzel_etal_2015_Table5
Elephantulus myurus,Cerebellum_C.n,112681000,HerculanoHouzel_etal_2015_Table2
Elephantulus myurus,Cerebellum_I.n,822571.3,DosSantos_etal_2020_unpublished_HerculanoHouzel_etal_2015_Table2
Elephantulus myurus,Cerebellum_I.p.C,0.0073,DosSantos_etal_2020_unpublished
Elephantulus myurus,Cerebellum_I.p.mg,4896.25773809524,DosSantos_etal_2020_unpublished_HerculanoHouzel_etal_2015_Table2_HerculanoHouzel_etal_2015_Table2
Elephantulus myurus,Cerebellum_Mass.g,0.168,HerculanoHouzel_etal_2015_Table2
Elephantulus myurus,Cerebellum_N.n,89312372,HerculanoHouzel_etal_2015_Table2
Elephantulus myurus,Cerebellum_N.p.mg,531494,HerculanoHouzel_etal_2015_Table2
Elephantulus myurus,Cerebellum_O.n,23368628,HerculanoHouzel_etal_2015_Table2
Elephantulus myurus,Cerebellum_O.p.N,0.261,HerculanoHouzel_etal_2015_Table2
Elephantulus myurus,Cerebellum_O.p.mg,139028,HerculanoHouzel_etal_2015_Table2
Elephantulus myurus,Cerebellum_p.C.N,79.2612525625438,HerculanoHouzel_etal_2015_Table2
Elephantulus myurus,CerebralCortexNoHippocampus_I.p.C,0.0168,DosSantos_etal_2020_unpublished
Elephantulus myurus,CerebralCortex_C.n,52094000,HerculanoHouzel_etal_2015_Table1
Elephantulus myurus,CerebralCortex_I.n,1166905.6,DosSantos_etal_2020_unpublished_HerculanoHouzel_etal_2015_Table1
Elephantulus myurus,CerebralCortex_I.p.C,0.0224,DosSantos_etal_2020_unpublished
Elephantulus myurus,CerebralCortex_I.p.mg,2477.50658174098,DosSantos_etal_2020_unpublished_HerculanoHouzel_etal_2015_Table1_HerculanoHouzel_etal_2015_Table1
Elephantulus myurus,CerebralCortex_Mass.g,0.471,HerculanoHouzel_etal_2015_Table1
Elephantulus myurus,CerebralCortex_N.n,25865000,HerculanoHouzel_etal_2015_Table1
Elephantulus myurus,CerebralCortex_N.p.mg,54644,HerculanoHouzel_etal_2015_Table1
Elephantulus myurus,CerebralCortex_O.n,26229000,HerculanoHouzel_etal_2015_Table1
Elephantulus myurus,CerebralCortex_O.p.N,1.032,HerculanoHouzel_etal_2015_Table1
Elephantulus myurus,CerebralCortex_O.p.mg,55693,HerculanoHouzel_etal_2015_Table1
Elephantulus myurus,CerebralCortex_p.C.N,49.6506315506584,HerculanoHouzel_etal_2015_Table1
Elephantulus myurus,Hippocampus_I.p.C,0.0293,DosSantos_etal_2020_unpublished
Elephantulus myurus,OlfactoryBulb_C.n,14613000,HerculanoHouzel_etal_2015_Table4
Elephantulus myurus,OlfactoryBulb_Mass.g,0.05,HerculanoHouzel_etal_2015_Table4
Elephantulus myurus,OlfactoryBulb_N.n,9693534,HerculanoHouzel_etal_2015_Table4
Elephantulus myurus,OlfactoryBulb_N.p.mg,194678,HerculanoHouzel_etal_2015_Table4
Elephantulus myurus,OlfactoryBulb_O.n,4919466,HerculanoHouzel_etal_2015_Table4
Elephantulus myurus,OlfactoryBulb_O.p.N,0.507,HerculanoHouzel_etal_2015_Table4
Elephantulus myurus,OlfactoryBulb_O.p.mg,97872,HerculanoHouzel_etal_2015_Table4
Elephantulus myurus,OlfactoryBulb_p.C.N,66.3350030794498,HerculanoHouzel_etal_2015_Table4
Elephantulus myurus,RoB_C.n,43010000,HerculanoHouzel_etal_2015_Table3
Elephantulus myurus,RoB_I.n,1324708,DosSantos_etal_2020_unpublished_HerculanoHouzel_etal_2015_Table3
Elephantulus myurus,RoB_I.p.C,0.0308,DosSantos_etal_2020_unpublished
Elephantulus myurus,RoB_I.p.mg,3303.51122194514,DosSantos_etal_2020_unpublished_HerculanoHouzel_etal_2015_Table3_HerculanoHouzel_etal_2015_Table3
Elephantulus myurus,RoB_Mass.g,0.401,HerculanoHouzel_etal_2015_Table3
Elephantulus myurus,RoB_N.n,14012533,HerculanoHouzel_etal_2015_Table3
Elephantulus myurus,RoB_N.p.mg,34520,HerculanoHouzel_etal_2015_Table3
Elephantulus myurus,RoB_O.n,28997467,HerculanoHouzel_etal_2015_Table3
Elephantulus myurus,RoB_O.p.N,2.048,HerculanoHouzel_etal_2015_Table3
Elephantulus myurus,RoB_O.p.mg,70967,HerculanoHouzel_etal_2015_Table3
Elephantulus myurus,RoB_p.C.N,32.579709369914,HerculanoHouzel_etal_2015_Table3
Elephantulus myurus,WholeBrain_C.n,207785000,HerculanoHouzel_etal_2015_Table5
Elephantulus myurus,WholeBrain_I.n,2867433,DosSantos_etal_2020_unpublished_HerculanoHouzel_etal_2015_Table5
Elephantulus myurus,WholeBrain_I.p.C,0.0138,DosSantos_etal_2020_unpublished
Elephantulus myurus,WholeBrain_I.p.mg,2757.14711538462,DosSantos_etal_2020_unpublished_HerculanoHouzel_etal_2015_Table5_HerculanoHouzel_etal_2015_Table5
Elephantulus myurus,WholeBrain_Mass.g,1.04,HerculanoHouzel_etal_2015_Table5
Elephantulus myurus,WholeBrain_N.n,129190603,HerculanoHouzel_etal_2015_Table5
Elephantulus myurus,WholeBrain_N.p.mg,124221.733653846,HerculanoHouzel_etal_2015_Table5
Elephantulus myurus,WholeBrain_O.n,78594397,HerculanoHouzel_etal_2015_Table5
Elephantulus myurus,WholeBrain_O.p.N,0.608360013614922,HerculanoHouzel_etal_2015_Table5
Elephantulus myurus,WholeBrain_O.p.mg,75571.5355769231,HerculanoHouzel_etal_2015_Table5
Elephantulus myurus,WholeBrain_p.C.N,62.1751343937243,HerculanoHouzel_etal_2015_Table5
Epomophorus wahlbergi,Body_Mass.g,74,HerculanoHouzel_etal_2020_TABLE1
Epomophorus wahlbergi,Cerebellum_Mass.g,0.193487671447305,HerculanoHouzel_etal_2020_TABLE2
Epomophorus wahlbergi,Cerebellum_N.n,121136246,HerculanoHouzel_etal_2020_TABLE2
Epomophorus wahlbergi,Cerebellum_N.p.mg,626067,HerculanoHouzel_etal_2020_TABLE2
Epomophorus wahlbergi,CerebralCortex_Mass.g,0.634020713352369,HerculanoHouzel_etal_2020_TABLE2
Epomophorus wahlbergi,CerebralCortex_N.n,26201540,HerculanoHouzel_etal_2020_TABLE2
Epomophorus wahlbergi,CerebralCortex_N.p.mg,41326,HerculanoHouzel_etal_2020_TABLE2
Epomophorus wahlbergi,RoB_Mass.g,0.386417379184647,HerculanoHouzel_etal_2020_TABLE2
Epomophorus wahlbergi,RoB_N.n,14416846,HerculanoHouzel_etal_2020_TABLE2
Epomophorus wahlbergi,RoB_N.p.mg,37309,HerculanoHouzel_etal_2020_TABLE2
Epomophorus wahlbergi,WholeBrain_Mass.g,1.224,HerculanoHouzel_etal_2020_TABLE1
Epomophorus wahlbergi,WholeBrain_N.n,161754633,HerculanoHouzel_etal_2020_TABLE1
Epomophorus wahlbergi,WholeBrain_N.p.mg,132152.477941176,HerculanoHouzel_etal_2020_TABLE1
Epomops franqueti,Body_Mass.g,120,HerculanoHouzel_etal_2020_TABLE1
Epomops franqueti,Cerebellum_Mass.g,0.286519263867151,HerculanoHouzel_etal_2020_TABLE2
Epomops franqueti,Cerebellum_N.n,150660138,HerculanoHouzel_etal_2020_TABLE2
Epomops franqueti,Cerebellum_N.p.mg,525829,HerculanoHouzel_etal_2020_TABLE2
Epomops franqueti,CerebralCortex_Mass.g,1.040183769561,HerculanoHouzel_etal_2020_TABLE2
Epomops franqueti,CerebralCortex_N.n,22533501,HerculanoHouzel_etal_2020_TABLE2
Epomops franqueti,CerebralCortex_N.p.mg,21663,HerculanoHouzel_etal_2020_TABLE2
Epomops franqueti,RoB_Mass.g,0.712157233403758,HerculanoHouzel_etal_2020_TABLE2
Epomops franqueti,RoB_N.n,12808860,HerculanoHouzel_etal_2020_TABLE2
Epomops franqueti,RoB_N.p.mg,17986,HerculanoHouzel_etal_2020_TABLE2
Epomops franqueti,WholeBrain_Mass.g,2.044,HerculanoHouzel_etal_2020_TABLE1
Epomops franqueti,WholeBrain_N.n,186002499,HerculanoHouzel_etal_2020_TABLE1
Epomops franqueti,WholeBrain_N.p.mg,90999.2656555773,HerculanoHouzel_etal_2020_TABLE1
Felis catus,Body_Mass.g,4500,JardimMesseder_etal_2017_Table1
Felis catus,Cerebellum_C.n,1269000000,JardimMesseder_etal_2017_Table1
Felis catus,Cerebellum_I.n,21826800,DosSantos_etal_2020_unpublished_JardimMesseder_etal_2017_Table1
Felis catus,Cerebellum_I.p.C,0.0172,DosSantos_etal_2020_unpublished
Felis catus,Cerebellum_I.p.mg,4271.38943248532,DosSantos_etal_2020_unpublished_JardimMesseder_etal_2017_Table1_JardimMesseder_etal_2017_Table1
Felis catus,Cerebellum_Mass.g,5.11,JardimMesseder_etal_2017_Table1
Felis catus,Cerebellum_N.n,942900000,JardimMesseder_etal_2017_Table1
Felis catus,Cerebellum_N.p.mg,184521,JardimMesseder_etal_2017_Table1
Felis catus,Cerebellum_O.n,326100000,JardimMesseder_etal_2017_Table1
Felis catus,Cerebellum_O.p.N,0.346,JardimMesseder_etal_2017_Table1
Felis catus,Cerebellum_O.p.mg,63816.0469667319,JardimMesseder_etal_2017_Table1
Felis catus,Cerebellum_p.C.N,74.3026004728132,JardimMesseder_etal_2017_Table1
Felis catus,CerebralCortexNoHippocampus_I.p.C,0.0559,DosSantos_etal_2020_unpublished
Felis catus,CerebralCortex_C.n,1346930000,JardimMesseder_etal_2017_Table1
Felis catus,CerebralCortex_I.n,73677071,DosSantos_etal_2020_unpublished_JardimMesseder_etal_2017_Table1
Felis catus,CerebralCortex_I.p.C,0.0547,DosSantos_etal_2020_unpublished
Felis catus,CerebralCortex_I.p.mg,3047.52940933157,DosSantos_etal_2020_unpublished_JardimMesseder_etal_2017_Table1_JardimMesseder_etal_2017_Table1
Felis catus,CerebralCortex_Mass.g,24.176,JardimMesseder_etal_2017_Table1
Felis catus,CerebralCortex_N.n,249830000,JardimMesseder_etal_2017_Table1
Felis catus,CerebralCortex_N.p.mg,10334,JardimMesseder_etal_2017_Table1
Felis catus,CerebralCortex_O.n,1097100000,JardimMesseder_etal_2017_Table1
Felis catus,CerebralCortex_O.p.N,4.391,JardimMesseder_etal_2017_Table1
Felis catus,CerebralCortex_O.p.mg,45379.7154202515,JardimMesseder_etal_2017_Table1
Felis catus,CerebralCortex_p.C.N,18.5481056922038,JardimMesseder_etal_2017_Table1
Felis catus,Hippocampus_C.n,64000000,JardimMesseder_etal_2017_Table1
Felis catus,Hippocampus_I.n,1952000,DosSantos_etal_2020_unpublished_JardimMesseder_etal_2017_Table1
Felis catus,Hippocampus_I.p.C,0.0305,DosSantos_etal_2020_unpublished
Felis catus,Hippocampus_I.p.mg,2228.3105022831,DosSantos_etal_2020_unpublished_JardimMesseder_etal_2017_Table1_JardimMesseder_etal_2017_Table1
Felis catus,Hippocampus_Mass.g,0.876,JardimMesseder_etal_2017_Table1
Felis catus,Hippocampus_N.n,8050000,JardimMesseder_etal_2017_Table1
Felis catus,Hippocampus_N.p.mg,9187,JardimMesseder_etal_2017_Table1
Felis catus,Hippocampus_O.n,55950000,JardimMesseder_etal_2017_Table1
Felis catus,Hippocampus_O.p.N,6.952,JardimMesseder_etal_2017_Table1
Felis catus,Hippocampus_O.p.mg,63869.8630136986,JardimMesseder_etal_2017_Table1
Felis catus,Hippocampus_p.C.N,12.578125,JardimMesseder_etal_2017_Table1
Felis catus,RoB_C.n,328060000,JardimMesseder_etal_2017_Table1
Felis catus,RoB_I.n,10202666,DosSantos_etal_2020_unpublished_JardimMesseder_etal_2017_Table1
Felis catus,RoB_I.p.C,0.0311,DosSantos_etal_2020_unpublished
Felis catus,RoB_I.p.mg,1831.05994256999,DosSantos_etal_2020_unpublished_JardimMesseder_etal_2017_Table1_JardimMesseder_etal_2017_Table1
Felis catus,RoB_Mass.g,5.572,JardimMesseder_etal_2017_Table1
Felis catus,RoB_N.n,22470000,JardimMesseder_etal_2017_Table1
Felis catus,RoB_N.p.mg,4033,JardimMesseder_etal_2017_Table1
Felis catus,RoB_O.n,305590000,JardimMesseder_etal_2017_Table1
Felis catus,RoB_O.p.N,13.598,JardimMesseder_etal_2017_Table1
Felis catus,RoB_O.p.mg,54843.8621679828,JardimMesseder_etal_2017_Table1
Felis catus,RoB_p.C.N,6.84935682497104,JardimMesseder_etal_2017_Table1
Felis catus,WholeBrain_C.n,2944000000,JardimMesseder_etal_2017_Table1
Felis catus,WholeBrain_I.n,105689600,DosSantos_etal_2020_unpublished_JardimMesseder_etal_2017_Table1
Felis catus,WholeBrain_I.p.C,0.0359,DosSantos_etal_2020_unpublished
Felis catus,WholeBrain_I.p.mg,3032.00413104596,DosSantos_etal_2020_unpublished_JardimMesseder_etal_2017_Table1_JardimMesseder_etal_2017_Table1
Felis catus,WholeBrain_Mass.g,34.858,JardimMesseder_etal_2017_Table1
Felis catus,WholeBrain_N.n,1215210000,JardimMesseder_etal_2017_Table1
Felis catus,WholeBrain_N.p.mg,34861.7247116874,JardimMesseder_etal_2017_Table1
Felis catus,WholeBrain_O.n,1728790000,JardimMesseder_etal_2017_Table1
Felis catus,WholeBrain_O.p.N,1.423,JardimMesseder_etal_2017_Table1
Felis catus,WholeBrain_O.p.mg,49595.2148717654,JardimMesseder_etal_2017_Table1
Felis catus,WholeBrain_p.C.N,41.2775135869565,JardimMesseder_etal_2017_Table1
Fukomys anselli,Amygdala_Vol.mm3,26,Kverkova_etal_2018_TableS1
Fukomys anselli,Body_Mass.g,93.45,Kverkova_etal_2018_TableS1
Fukomys anselli,Cerebellum_N.n,75440000,Kverkova_etal_2018_TableS5
Fukomys anselli,Cerebellum_Vol.mm3,200,Kverkova_etal_2018_TableS1
Fukomys anselli,CerebralCortex_N.n,9730000,Kverkova_etal_2018_TableS5
Fukomys anselli,EntorhinalCortex_Vol.mm3,38,Kverkova_etal_2018_TableS1
Fukomys anselli,Hippocampus_Vol.mm3,82,Kverkova_etal_2018_TableS1
Fukomys anselli,Hypothalamus_Vol.mm3,35,Kverkova_etal_2018_TableS1
Fukomys anselli,Medulla_Vol.mm3,132,Kverkova_etal_2018_TableS1
Fukomys anselli,MesencephalonMedulla_N.n,3900000,Kverkova_etal_2018_TableS5
Fukomys anselli,Neocortex_Vol.mm3,291,Kverkova_etal_2018_TableS1
Fukomys anselli,OlfactoryBulb_N.n,8880000,Kverkova_etal_2018_TableS5
Fukomys anselli,OlfactoryBulb_Vol.mm3,55,Kverkova_etal_2018_TableS1
Fukomys anselli,OlfactoryCortices_Vol.mm3,71,Kverkova_etal_2018_TableS1
Fukomys anselli,Septum_Vol.mm3,15,Kverkova_etal_2018_TableS1
Fukomys anselli,Striatum_Vol.mm3,84,Kverkova_etal_2018_TableS1
Fukomys anselli,SubcorticalForebrain_N.n,4860000,Kverkova_etal_2018_TableS5
Fukomys anselli,Tectum_Vol.mm3,32,Kverkova_etal_2018_TableS1
Fukomys anselli,Tegmentum_Vol.mm3,60,Kverkova_etal_2018_TableS1
Fukomys anselli,Thalamus_Vol.mm3,61,Kverkova_etal_2018_TableS1
Fukomys anselli,WholeBrainOlfactoryBulb_Mass.g,1.25,Kverkova_etal_2018_TableS1
Fukomys anselli,WholeBrainOlfactoryBulb_N.n,102820000,Kverkova_etal_2018_TableS5
Fukomys anselli,WholeBrainOlfactoryBulb_N.p.mg,82256,Kverkova_etal_2018_TableS5_Kverkova_etal_2018_TableS1
Fukomys anselli,WholeBrain_N.n,93940000,Kverkova_etal_2018_TableS5
Fukomys damarensis,Amygdala_Vol.mm3,22,Kverkova_etal_2018_TableS1
Fukomys damarensis,Body_Mass.g,110.53,Kverkova_etal_2018_TableS1
Fukomys damarensis,Cerebellum_N.n,129960000,Kverkova_etal_2018_TableS5
Fukomys damarensis,Cerebellum_Vol.mm3,201,Kverkova_etal_2018_TableS1
Fukomys damarensis,CerebralCortex_N.n,21270000,Kverkova_etal_2018_TableS5
Fukomys damarensis,EntorhinalCortex_Vol.mm3,44,Kverkova_etal_2018_TableS1
Fukomys damarensis,Hippocampus_Vol.mm3,95,Kverkova_etal_2018_TableS1
Fukomys damarensis,Hypothalamus_Vol.mm3,39,Kverkova_etal_2018_TableS1
Fukomys damarensis,Medulla_Vol.mm3,110,Kverkova_etal_2018_TableS1
Fukomys damarensis,MesencephalonMedulla_N.n,4940000,Kverkova_etal_2018_TableS5
Fukomys damarensis,Neocortex_Vol.mm3,311,Kverkova_etal_2018_TableS1
Fukomys damarensis,OlfactoryBulb_N.n,12550000,Kverkova_etal_2018_TableS5
Fukomys damarensis,OlfactoryBulb_Vol.mm3,59,Kverkova_etal_2018_TableS1
Fukomys damarensis,OlfactoryCortices_Vol.mm3,88,Kverkova_etal_2018_TableS1
Fukomys damarensis,Septum_Vol.mm3,15,Kverkova_etal_2018_TableS1
Fukomys damarensis,Striatum_Vol.mm3,102,Kverkova_etal_2018_TableS1
Fukomys damarensis,SubcorticalForebrain_N.n,9580000,Kverkova_etal_2018_TableS5
Fukomys damarensis,Tectum_Vol.mm3,27,Kverkova_etal_2018_TableS1
Fukomys damarensis,Tegmentum_Vol.mm3,56,Kverkova_etal_2018_TableS1
Fukomys damarensis,Thalamus_Vol.mm3,64,Kverkova_etal_2018_TableS1
Fukomys damarensis,WholeBrainOlfactoryBulb_Mass.g,1.39,Kverkova_etal_2018_TableS1
Fukomys damarensis,WholeBrainOlfactoryBulb_N.n,178300000,Kverkova_etal_2018_TableS5
Fukomys damarensis,WholeBrainOlfactoryBulb_N.p.mg,128273.381294964,Kverkova_etal_2018_TableS5_Kverkova_etal_2018_TableS1
Fukomys damarensis,WholeBrain_N.n,165750000,Kverkova_etal_2018_TableS5
Fukomys darlingi,Amygdala_Vol.mm3,16,Kverkova_etal_2018_TableS1
Fukomys darlingi,Body_Mass.g,115.19,Kverkova_etal_2018_TableS1
Fukomys darlingi,Cerebellum_N.n,84910000,Kverkova_etal_2018_TableS5
Fukomys darlingi,Cerebellum_Vol.mm3,156,Kverkova_etal_2018_TableS1
Fukomys darlingi,CerebralCortex_N.n,12490000,Kverkova_etal_2018_TableS5
Fukomys darlingi,EntorhinalCortex_Vol.mm3,41,Kverkova_etal_2018_TableS1
Fukomys darlingi,Hippocampus_Vol.mm3,76,Kverkova_etal_2018_TableS1
Fukomys darlingi,Hypothalamus_Vol.mm3,29,Kverkova_etal_2018_TableS1
Fukomys darlingi,Medulla_Vol.mm3,101,Kverkova_etal_2018_TableS1
Fukomys darlingi,MesencephalonMedulla_N.n,3140000,Kverkova_etal_2018_TableS5
Fukomys darlingi,Neocortex_Vol.mm3,271,Kverkova_etal_2018_TableS1
Fukomys darlingi,OlfactoryBulb_N.n,7600000,Kverkova_etal_2018_TableS5
Fukomys darlingi,OlfactoryBulb_Vol.mm3,43,Kverkova_etal_2018_TableS1
Fukomys darlingi,OlfactoryCortices_Vol.mm3,77,Kverkova_etal_2018_TableS1
Fukomys darlingi,Septum_Vol.mm3,16,Kverkova_etal_2018_TableS1
Fukomys darlingi,Striatum_Vol.mm3,99,Kverkova_etal_2018_TableS1
Fukomys darlingi,SubcorticalForebrain_N.n,5190000,Kverkova_etal_2018_TableS5
Fukomys darlingi,Tectum_Vol.mm3,25,Kverkova_etal_2018_TableS1
Fukomys darlingi,Tegmentum_Vol.mm3,45,Kverkova_etal_2018_TableS1
Fukomys darlingi,Thalamus_Vol.mm3,51,Kverkova_etal_2018_TableS1
Fukomys darlingi,WholeBrainOlfactoryBulb_Mass.g,1.23,Kverkova_etal_2018_TableS1
Fukomys darlingi,WholeBrainOlfactoryBulb_N.n,113350000,Kverkova_etal_2018_TableS5
Fukomys darlingi,WholeBrainOlfactoryBulb_N.p.mg,92154.4715447154,Kverkova_etal_2018_TableS5_Kverkova_etal_2018_TableS1
Fukomys darlingi,WholeBrain_N.n,105750000,Kverkova_etal_2018_TableS5
Fukomys mechowii,Amygdala_Vol.mm3,35,Kverkova_etal_2018_TableS1
Fukomys mechowii,Body_Mass.g,270.16,Kverkova_etal_2018_TableS1
Fukomys mechowii,Cerebellum_N.n,122640000,Kverkova_etal_2018_TableS5
Fukomys mechowii,Cerebellum_Vol.mm3,391,Kverkova_etal_2018_TableS1
Fukomys mechowii,CerebralCortex_N.n,23320000,Kverkova_etal_2018_TableS5
Fukomys mechowii,EntorhinalCortex_Vol.mm3,71,Kverkova_etal_2018_TableS1
Fukomys mechowii,Hippocampus_Vol.mm3,137,Kverkova_etal_2018_TableS1
Fukomys mechowii,Hypothalamus_Vol.mm3,60,Kverkova_etal_2018_TableS1
Fukomys mechowii,Medulla_Vol.mm3,242,Kverkova_etal_2018_TableS1
Fukomys mechowii,MesencephalonMedulla_N.n,4750000,Kverkova_etal_2018_TableS5
Fukomys mechowii,Neocortex_Vol.mm3,627,Kverkova_etal_2018_TableS1
Fukomys mechowii,OlfactoryBulb_N.n,14110000,Kverkova_etal_2018_TableS5
Fukomys mechowii,OlfactoryBulb_Vol.mm3,76,Kverkova_etal_2018_TableS1
Fukomys mechowii,OlfactoryCortices_Vol.mm3,133,Kverkova_etal_2018_TableS1
Fukomys mechowii,Septum_Vol.mm3,24,Kverkova_etal_2018_TableS1
Fukomys mechowii,Striatum_Vol.mm3,198,Kverkova_etal_2018_TableS1
Fukomys mechowii,SubcorticalForebrain_N.n,9420000,Kverkova_etal_2018_TableS5
Fukomys mechowii,Tectum_Vol.mm3,41,Kverkova_etal_2018_TableS1
Fukomys mechowii,Tegmentum_Vol.mm3,82,Kverkova_etal_2018_TableS1
Fukomys mechowii,Thalamus_Vol.mm3,116,Kverkova_etal_2018_TableS1
Fukomys mechowii,WholeBrainOlfactoryBulb_Mass.g,2.15,Kverkova_etal_2018_TableS1
Fukomys mechowii,WholeBrainOlfactoryBulb_N.n,174240000,Kverkova_etal_2018_TableS5
Fukomys mechowii,WholeBrainOlfactoryBulb_N.p.mg,81041.8604651163,Kverkova_etal_2018_TableS5_Kverkova_etal_2018_TableS1
Fukomys mechowii,WholeBrain_N.n,160130000,Kverkova_etal_2018_TableS5
Georychus capensis,Amygdala_Vol.mm3,28,Kverkova_etal_2018_TableS1
Georychus capensis,Body_Mass.g,155.09,Kverkova_etal_2018_TableS1
Georychus capensis,Cerebellum_N.n,116740000,Kverkova_etal_2018_TableS5
Georychus capensis,Cerebellum_Vol.mm3,250,Kverkova_etal_2018_TableS1
Georychus capensis,CerebralCortex_N.n,25600000,Kverkova_etal_2018_TableS5
Georychus capensis,EntorhinalCortex_Vol.mm3,53,Kverkova_etal_2018_TableS1
Georychus capensis,Hippocampus_Vol.mm3,114,Kverkova_etal_2018_TableS1
Georychus capensis,Hypothalamus_Vol.mm3,50,Kverkova_etal_2018_TableS1
Georychus capensis,Medulla_Vol.mm3,151,Kverkova_etal_2018_TableS1
Georychus capensis,MesencephalonMedulla_N.n,5810000,Kverkova_etal_2018_TableS5
Georychus capensis,Neocortex_Vol.mm3,401,Kverkova_etal_2018_TableS1
Georychus capensis,OlfactoryBulb_N.n,12460000,Kverkova_etal_2018_TableS5
Georychus capensis,OlfactoryBulb_Vol.mm3,74,Kverkova_etal_2018_TableS1
Georychus capensis,OlfactoryCortices_Vol.mm3,97,Kverkova_etal_2018_TableS1
Georychus capensis,Septum_Vol.mm3,21,Kverkova_etal_2018_TableS1
Georychus capensis,Striatum_Vol.mm3,123,Kverkova_etal_2018_TableS1
Georychus capensis,SubcorticalForebrain_N.n,9060000,Kverkova_etal_2018_TableS5
Georychus capensis,Tectum_Vol.mm3,34,Kverkova_etal_2018_TableS1
Georychus capensis,Tegmentum_Vol.mm3,62,Kverkova_etal_2018_TableS1
Georychus capensis,Thalamus_Vol.mm3,87,Kverkova_etal_2018_TableS1
Georychus capensis,WholeBrainOlfactoryBulb_Mass.g,1.65,Kverkova_etal_2018_TableS1
Georychus capensis,WholeBrainOlfactoryBulb_N.n,169670000,Kverkova_etal_2018_TableS5
Georychus capensis,WholeBrainOlfactoryBulb_N.p.mg,102830.303030303,Kverkova_etal_2018_TableS5_Kverkova_etal_2018_TableS1
Georychus capensis,WholeBrain_N.n,157210000,Kverkova_etal_2018_TableS5
Giraffa camelopardalis,Body_Mass.g,470000,HerculanoHouzel_etal_2015_Table5
Giraffa camelopardalis,Cerebellum_C.n,14398437501,HerculanoHouzel_etal_2015_Table2
Giraffa camelopardalis,Cerebellum_I.n,298047656.2707,DosSantos_etal_2020_unpublished_HerculanoHouzel_etal_2015_Table2
Giraffa camelopardalis,Cerebellum_I.p.C,0.0207,DosSantos_etal_2020_unpublished
Giraffa camelopardalis,Cerebellum_I.p.mg,4400.52644722722,DosSantos_etal_2020_unpublished_HerculanoHouzel_etal_2015_Table2_HerculanoHouzel_etal_2015_Table2
Giraffa camelopardalis,Cerebellum_Mass.g,67.73,HerculanoHouzel_etal_2015_Table2
Giraffa camelopardalis,Cerebellum_N.n,8878076563,HerculanoHouzel_etal_2015_Table2
Giraffa camelopardalis,Cerebellum_N.p.mg,131080,HerculanoHouzel_etal_2015_Table2
Giraffa camelopardalis,Cerebellum_O.n,5520360938,HerculanoHouzel_etal_2015_Table2
Giraffa camelopardalis,Cerebellum_O.p.N,0.622,HerculanoHouzel_etal_2015_Table2
Giraffa camelopardalis,Cerebellum_O.p.mg,81505,HerculanoHouzel_etal_2015_Table2
Giraffa camelopardalis,Cerebellum_p.C.N,61.6599999991902,HerculanoHouzel_etal_2015_Table2
Giraffa camelopardalis,CerebralCortexGrey_N.n,1330000000,Kazu_etal_2015_TABLE1
Giraffa camelopardalis,CerebralCortexGrey_N.p.mg,5882,Kazu_etal_2015_TABLE1
Giraffa camelopardalis,CerebralCortexGrey_O.p.N,7.763,Kazu_etal_2015_TABLE1
Giraffa camelopardalis,CerebralCortexNoHippocampus_I.p.C,0.0861,DosSantos_etal_2020_unpublished
Giraffa camelopardalis,CerebralCortex_C.n,29244220000,HerculanoHouzel_etal_2015_Table1
Giraffa camelopardalis,CerebralCortex_I.n,2523776186,DosSantos_etal_2020_unpublished_HerculanoHouzel_etal_2015_Table1
Giraffa camelopardalis,CerebralCortex_I.p.C,0.0863,DosSantos_etal_2020_unpublished
Giraffa camelopardalis,CerebralCortex_I.p.mg,6328.29879541032,DosSantos_etal_2020_unpublished_HerculanoHouzel_etal_2015_Table1_HerculanoHouzel_etal_2015_Table1
Giraffa camelopardalis,CerebralCortex_Mass.g,398.808,HerculanoHouzel_etal_2015_Table1
Giraffa camelopardalis,CerebralCortex_N.n,1730513460,HerculanoHouzel_etal_2015_Table1
Giraffa camelopardalis,CerebralCortex_N.p.mg,4339,HerculanoHouzel_etal_2015_Table1
Giraffa camelopardalis,CerebralCortex_O.n,27513706540,HerculanoHouzel_etal_2015_Table1
Giraffa camelopardalis,CerebralCortex_O.p.N,15.9,HerculanoHouzel_etal_2015_Table1
Giraffa camelopardalis,CerebralCortex_O.p.mg,68990,HerculanoHouzel_etal_2015_Table1
Giraffa camelopardalis,CerebralCortex_p.C.N,5.91745466283594,HerculanoHouzel_etal_2015_Table1
Giraffa camelopardalis,DiencephalonStriatum_Mass.g,33.322,Kazu_etal_2015_TABLE1
Giraffa camelopardalis,DiencephalonStriatum_N.n,68630000,Kazu_etal_2015_TABLE1
Giraffa camelopardalis,DiencephalonStriatum_N.p.mg,2060,Kazu_etal_2015_TABLE1
Giraffa camelopardalis,DiencephalonStriatum_O.p.N,38.841,Kazu_etal_2015_TABLE1
Giraffa camelopardalis,Hippocampus_I.p.C,0.0951,DosSantos_etal_2020_unpublished
Giraffa camelopardalis,Hippocampus_Mass.g,7.486,Kazu_etal_2015_TABLE1
Giraffa camelopardalis,Hippocampus_N.n,58590000,Kazu_etal_2015_TABLE1
Giraffa camelopardalis,Hippocampus_N.p.mg,8435,Kazu_etal_2015_TABLE1
Giraffa camelopardalis,Hippocampus_O.p.N,10.628,Kazu_etal_2015_TABLE1
Giraffa camelopardalis,Mesencephalon_Mass.g,15.928,Kazu_etal_2015_TABLE1
Giraffa camelopardalis,Mesencephalon_N.n,26630000,Kazu_etal_2015_TABLE1
Giraffa camelopardalis,Mesencephalon_N.p.mg,1672,Kazu_etal_2015_TABLE1
Giraffa camelopardalis,Mesencephalon_O.p.N,41.017,Kazu_etal_2015_TABLE1
Giraffa camelopardalis,OlfactoryBulb_C.n,257062500,HerculanoHouzel_etal_2015_Table4
Giraffa camelopardalis,OlfactoryBulb_Mass.g,2.052,HerculanoHouzel_etal_2015_Table4
Giraffa camelopardalis,OlfactoryBulb_N.n,24678000,HerculanoHouzel_etal_2015_Table4
Giraffa camelopardalis,OlfactoryBulb_N.p.mg,12026,HerculanoHouzel_etal_2015_Table4
Giraffa camelopardalis,OlfactoryBulb_O.n,232384500,HerculanoHouzel_etal_2015_Table4
Giraffa camelopardalis,OlfactoryBulb_O.p.N,9.417,HerculanoHouzel_etal_2015_Table4
Giraffa camelopardalis,OlfactoryBulb_O.p.mg,113248,HerculanoHouzel_etal_2015_Table4
Giraffa camelopardalis,OlfactoryBulb_p.C.N,9.6,HerculanoHouzel_etal_2015_Table4
Giraffa camelopardalis,PonsMedulla_Mass.g,21.43,Kazu_etal_2015_TABLE1
Giraffa camelopardalis,PonsMedulla_N.n,47720000,Kazu_etal_2015_TABLE1
Giraffa camelopardalis,PonsMedulla_N.p.mg,2227,Kazu_etal_2015_TABLE1
Giraffa camelopardalis,PonsMedulla_O.p.N,23.483,Kazu_etal_2015_TABLE1
Giraffa camelopardalis,RoB_C.n,5021562501,HerculanoHouzel_etal_2015_Table3
Giraffa camelopardalis,RoB_I.n,495126062.5986,DosSantos_etal_2020_unpublished_HerculanoHouzel_etal_2015_Table3
Giraffa camelopardalis,RoB_I.p.C,0.0986,DosSantos_etal_2020_unpublished
Giraffa camelopardalis,RoB_I.p.mg,7005.17915391341,DosSantos_etal_2020_unpublished_HerculanoHouzel_etal_2015_Table3_HerculanoHouzel_etal_2015_Table3
Giraffa camelopardalis,RoB_Mass.g,70.68,HerculanoHouzel_etal_2015_Table3
Giraffa camelopardalis,RoB_N.n,142697625,HerculanoHouzel_etal_2015_Table3
Giraffa camelopardalis,RoB_N.p.mg,2019,HerculanoHouzel_etal_2015_Table3
Giraffa camelopardalis,RoB_O.n,4878864876,HerculanoHouzel_etal_2015_Table3
Giraffa camelopardalis,RoB_O.p.N,34.19,HerculanoHouzel_etal_2015_Table3
Giraffa camelopardalis,RoB_O.p.mg,69028,HerculanoHouzel_etal_2015_Table3
Giraffa camelopardalis,RoB_p.C.N,2.84169767819445,HerculanoHouzel_etal_2015_Table3
Giraffa camelopardalis,Species_Kazu2015,NA,Kazu_etal_2015_TABLE1
Giraffa camelopardalis,WholeBrain_C.n,48664220000,HerculanoHouzel_etal_2015_Table5
Giraffa camelopardalis,WholeBrain_I.n,3367564024,DosSantos_etal_2020_unpublished_HerculanoHouzel_etal_2015_Table5
Giraffa camelopardalis,WholeBrain_I.p.C,0.0692,DosSantos_etal_2020_unpublished
Giraffa camelopardalis,WholeBrain_I.p.mg,6268.52418198944,DosSantos_etal_2020_unpublished_HerculanoHouzel_etal_2015_Table5_HerculanoHouzel_etal_2015_Table5
Giraffa camelopardalis,WholeBrain_Mass.g,537.218,HerculanoHouzel_etal_2015_Table5
Giraffa camelopardalis,WholeBrain_N.n,10751287650,HerculanoHouzel_etal_2015_Table5
Giraffa camelopardalis,WholeBrain_N.p.mg,20012.8954167582,HerculanoHouzel_etal_2015_Table5
Giraffa camelopardalis,WholeBrain_O.n,37912932350,HerculanoHouzel_etal_2015_Table5
Giraffa camelopardalis,WholeBrain_O.p.N,3.52636201208885,HerculanoHouzel_etal_2015_Table5
Giraffa camelopardalis,WholeBrain_O.p.mg,70572.7141495631,HerculanoHouzel_etal_2015_Table5
Giraffa camelopardalis,WholeBrain_p.C.N,23.5,HerculanoHouzel_etal_2015_Table5
Giraffa camelopardalis,body_mass_approximate,NA,Kazu_etal_2015_TABLE1
Giraffa camelopardalis,consistency_flags,NA,Kazu_etal_2015_TABLE1
Giraffa camelopardalis,source_printing,NA,Kazu_etal_2015_TABLE1
Gorilla gorilla,Cerebellum_C.n,29300000000,HerculanoHouzel_etal_2015_Table2
Gorilla gorilla,Cerebellum_Mass.g,37.56,HerculanoHouzel_etal_2015_Table2
Gorilla gorilla,Cerebellum_N.n,26400000000,HerculanoHouzel_etal_2015_Table2
Gorilla gorilla,Cerebellum_N.p.mg,702875,HerculanoHouzel_etal_2015_Table2
Gorilla gorilla,Cerebellum_O.n,2900000000,HerculanoHouzel_etal_2015_Table2
Gorilla gorilla,Cerebellum_O.p.N,0.11,HerculanoHouzel_etal_2015_Table2
Gorilla gorilla,Cerebellum_O.p.mg,77210,HerculanoHouzel_etal_2015_Table2
Gorilla gorilla,Cerebellum_p.C.N,90.1023890784983,HerculanoHouzel_etal_2015_Table2
Heliophobius argenteocinereus,Amygdala_Vol.mm3,34,Kverkova_etal_2018_TableS1
Heliophobius argenteocinereus,Body_Mass.g,180.51,Kverkova_etal_2018_TableS1
Heliophobius argenteocinereus,Cerebellum_N.n,94820000,Kverkova_etal_2018_TableS5
Heliophobius argenteocinereus,Cerebellum_Vol.mm3,215,Kverkova_etal_2018_TableS1
Heliophobius argenteocinereus,CerebralCortex_N.n,25440000,Kverkova_etal_2018_TableS5
Heliophobius argenteocinereus,EntorhinalCortex_Vol.mm3,56,Kverkova_etal_2018_TableS1
Heliophobius argenteocinereus,Hippocampus_Vol.mm3,115,Kverkova_etal_2018_TableS1
Heliophobius argenteocinereus,Hypothalamus_Vol.mm3,42,Kverkova_etal_2018_TableS1
Heliophobius argenteocinereus,Medulla_Vol.mm3,120,Kverkova_etal_2018_TableS1
Heliophobius argenteocinereus,MesencephalonMedulla_N.n,5460000,Kverkova_etal_2018_TableS5
Heliophobius argenteocinereus,Neocortex_Vol.mm3,457,Kverkova_etal_2018_TableS1
Heliophobius argenteocinereus,OlfactoryBulb_N.n,10300000,Kverkova_etal_2018_TableS5
Heliophobius argenteocinereus,OlfactoryBulb_Vol.mm3,60,Kverkova_etal_2018_TableS1
Heliophobius argenteocinereus,OlfactoryCortices_Vol.mm3,107,Kverkova_etal_2018_TableS1
Heliophobius argenteocinereus,Septum_Vol.mm3,18,Kverkova_etal_2018_TableS1
Heliophobius argenteocinereus,Striatum_Vol.mm3,127,Kverkova_etal_2018_TableS1
Heliophobius argenteocinereus,SubcorticalForebrain_N.n,11920000,Kverkova_etal_2018_TableS5
Heliophobius argenteocinereus,Tectum_Vol.mm3,28,Kverkova_etal_2018_TableS1
Heliophobius argenteocinereus,Tegmentum_Vol.mm3,56,Kverkova_etal_2018_TableS1
Heliophobius argenteocinereus,Thalamus_Vol.mm3,90,Kverkova_etal_2018_TableS1
Heliophobius argenteocinereus,WholeBrainOlfactoryBulb_Mass.g,1.65,Kverkova_etal_2018_TableS1
Heliophobius argenteocinereus,WholeBrainOlfactoryBulb_N.n,147940000,Kverkova_etal_2018_TableS5
Heliophobius argenteocinereus,WholeBrainOlfactoryBulb_N.p.mg,89660.6060606061,Kverkova_etal_2018_TableS5_Kverkova_etal_2018_TableS1
Heliophobius argenteocinereus,WholeBrain_N.n,137640000,Kverkova_etal_2018_TableS5
Heterocephalus glaber,Amygdala_Vol.mm3,12,Kverkova_etal_2018_TableS1
Heterocephalus glaber,Body_Mass.g,30.520000000000003,HerculanoHouzel_etal_2015_Table5_Kverkova_etal_2018_TableS1
Heterocephalus glaber,Cerebellum_C.n,21225000,HerculanoHouzel_etal_2015_Table2
Heterocephalus glaber,Cerebellum_Mass.g,0.048,HerculanoHouzel_etal_2015_Table2
Heterocephalus glaber,Cerebellum_N.n,18131135,HerculanoHouzel_etal_2015_Table2_Kverkova_etal_2018_TableS5
Heterocephalus glaber,Cerebellum_N.p.mg,327280,HerculanoHouzel_etal_2015_Table2
Heterocephalus glaber,Cerebellum_O.n,5482730,HerculanoHouzel_etal_2015_Table2
Heterocephalus glaber,Cerebellum_O.p.N,0.356,HerculanoHouzel_etal_2015_Table2
Heterocephalus glaber,Cerebellum_O.p.mg,115748,HerculanoHouzel_etal_2015_Table2
Heterocephalus glaber,Cerebellum_Vol.mm3,48,Kverkova_etal_2018_TableS1
Heterocephalus glaber,Cerebellum_p.C.N,74.1685276796231,HerculanoHouzel_etal_2015_Table2
Heterocephalus glaber,CerebralCortex_C.n,14550000,HerculanoHouzel_etal_2015_Table1
Heterocephalus glaber,CerebralCortex_Mass.g,0.184,HerculanoHouzel_etal_2015_Table1
Heterocephalus glaber,CerebralCortex_N.n,5730937.5,HerculanoHouzel_etal_2015_Table1_Kverkova_etal_2018_TableS5
Heterocephalus glaber,CerebralCortex_N.p.mg,33374,HerculanoHouzel_etal_2015_Table1
Heterocephalus glaber,CerebralCortex_O.n,8398125,HerculanoHouzel_etal_2015_Table1
Heterocephalus glaber,CerebralCortex_O.p.N,1.365,HerculanoHouzel_etal_2015_Table1
Heterocephalus glaber,CerebralCortex_O.p.mg,45894,HerculanoHouzel_etal_2015_Table1
Heterocephalus glaber,CerebralCortex_p.C.N,42.2809278350515,HerculanoHouzel_etal_2015_Table1
Heterocephalus glaber,EntorhinalCortex_Vol.mm3,14,Kverkova_etal_2018_TableS1
Heterocephalus glaber,Hippocampus_Vol.mm3,32,Kverkova_etal_2018_TableS1
Heterocephalus glaber,Hypothalamus_Vol.mm3,17,Kverkova_etal_2018_TableS1
Heterocephalus glaber,Medulla_Vol.mm3,47,Kverkova_etal_2018_TableS1
Heterocephalus glaber,MesencephalonMedulla_N.n,1910000,Kverkova_etal_2018_TableS5
Heterocephalus glaber,Neocortex_Vol.mm3,100,Kverkova_etal_2018_TableS1
Heterocephalus glaber,OlfactoryBulb_C.n,5875000,HerculanoHouzel_etal_2015_Table4
Heterocephalus glaber,OlfactoryBulb_Mass.g,0.021,HerculanoHouzel_etal_2015_Table4
Heterocephalus glaber,OlfactoryBulb_N.n,2656515,HerculanoHouzel_etal_2015_Table4_Kverkova_etal_2018_TableS5
Heterocephalus glaber,OlfactoryBulb_N.p.mg,108895,HerculanoHouzel_etal_2015_Table4
Heterocephalus glaber,OlfactoryBulb_O.n,3571970,HerculanoHouzel_etal_2015_Table4
Heterocephalus glaber,OlfactoryBulb_O.p.N,1.516,HerculanoHouzel_etal_2015_Table4
Heterocephalus glaber,OlfactoryBulb_O.p.mg,167991,HerculanoHouzel_etal_2015_Table4
Heterocephalus glaber,OlfactoryBulb_Vol.mm3,20,Kverkova_etal_2018_TableS1
Heterocephalus glaber,OlfactoryBulb_p.C.N,39.2005106382979,HerculanoHouzel_etal_2015_Table4
Heterocephalus glaber,OlfactoryCortices_Vol.mm3,39,Kverkova_etal_2018_TableS1
Heterocephalus glaber,RoB_C.n,15291667,HerculanoHouzel_etal_2015_Table3
Heterocephalus glaber,RoB_Mass.g,0.16,HerculanoHouzel_etal_2015_Table3
Heterocephalus glaber,RoB_N.n,4981317,HerculanoHouzel_etal_2015_Table3
Heterocephalus glaber,RoB_N.p.mg,31674,HerculanoHouzel_etal_2015_Table3
Heterocephalus glaber,RoB_O.n,10310350,HerculanoHouzel_etal_2015_Table3
Heterocephalus glaber,RoB_O.p.N,2.125,HerculanoHouzel_etal_2015_Table3
Heterocephalus glaber,RoB_O.p.mg,64145,HerculanoHouzel_etal_2015_Table3
Heterocephalus glaber,RoB_p.C.N,32.5753693171582,HerculanoHouzel_etal_2015_Table3
Heterocephalus glaber,Septum_Vol.mm3,4.1,Kverkova_etal_2018_TableS1
Heterocephalus glaber,Striatum_Vol.mm3,29,Kverkova_etal_2018_TableS1
Heterocephalus glaber,SubcorticalForebrain_N.n,2860000,Kverkova_etal_2018_TableS5
Heterocephalus glaber,Tectum_Vol.mm3,10,Kverkova_etal_2018_TableS1
Heterocephalus glaber,Tegmentum_Vol.mm3,19,Kverkova_etal_2018_TableS1
Heterocephalus glaber,Thalamus_Vol.mm3,23,Kverkova_etal_2018_TableS1
Heterocephalus glaber,WholeBrainOlfactoryBulb_Mass.g,0.44,Kverkova_etal_2018_TableS1
Heterocephalus glaber,WholeBrainOlfactoryBulb_N.n,33620000,Kverkova_etal_2018_TableS5
Heterocephalus glaber,WholeBrainOlfactoryBulb_N.p.mg,76409.0909090909,Kverkova_etal_2018_TableS5_Kverkova_etal_2018_TableS1
Heterocephalus glaber,WholeBrain_C.n,51066667,HerculanoHouzel_etal_2015_Table5
Heterocephalus glaber,WholeBrain_Mass.g,0.392,HerculanoHouzel_etal_2015_Table5
Heterocephalus glaber,WholeBrain_N.n,28742731,HerculanoHouzel_etal_2015_Table5_Kverkova_etal_2018_TableS5
Heterocephalus glaber,WholeBrain_N.p.mg,68559.8520408163,HerculanoHouzel_etal_2015_Table5
Heterocephalus glaber,WholeBrain_O.n,24191205,HerculanoHouzel_etal_2015_Table5
Heterocephalus glaber,WholeBrain_O.p.N,0.900122386733296,HerculanoHouzel_etal_2015_Table5
Heterocephalus glaber,WholeBrain_O.p.mg,61712.2576530612,HerculanoHouzel_etal_2015_Table5
Heterocephalus glaber,WholeBrain_p.C.N,52.5,HerculanoHouzel_etal_2015_Table5
Homo sapiens,Body_Mass.g,70000,HerculanoHouzel_etal_2015_Table5
Homo sapiens,Cerebellum_C.n,85070000000,HerculanoHouzel_etal_2015_Table2
Homo sapiens,Cerebellum_Mass.g,154.02,HerculanoHouzel_etal_2015_Table2
Homo sapiens,Cerebellum_N.n,69030000000,HerculanoHouzel_etal_2015_Table2
Homo sapiens,Cerebellum_N.p.mg,471660,HerculanoHouzel_etal_2015_Table2
Homo sapiens,Cerebellum_O.n,16040000000,HerculanoHouzel_etal_2015_Table2
Homo sapiens,Cerebellum_O.p.N,0.232,HerculanoHouzel_etal_2015_Table2
Homo sapiens,Cerebellum_O.p.mg,101020,HerculanoHouzel_etal_2015_Table2
Homo sapiens,Cerebellum_p.C.N,81.1449394616198,HerculanoHouzel_etal_2015_Table2
Homo sapiens,CerebralCortex_C.n,77180000000,HerculanoHouzel_etal_2015_Table1
Homo sapiens,CerebralCortex_I.n,2153322000,DosSantos_etal_2020_unpublished_HerculanoHouzel_etal_2015_Table1
Homo sapiens,CerebralCortex_I.p.C,0.0279,DosSantos_etal_2020_unpublished
Homo sapiens,CerebralCortex_I.p.mg,1746.50791204691,DosSantos_etal_2020_unpublished_HerculanoHouzel_etal_2015_Table1_HerculanoHouzel_etal_2015_Table1
Homo sapiens,CerebralCortex_Mass.g,1232.93,HerculanoHouzel_etal_2015_Table1
Homo sapiens,CerebralCortex_N.n,16340000000,HerculanoHouzel_etal_2015_Table1
Homo sapiens,CerebralCortex_N.p.mg,13520,HerculanoHouzel_etal_2015_Table1
Homo sapiens,CerebralCortex_O.n,60840000000,HerculanoHouzel_etal_2015_Table1
Homo sapiens,CerebralCortex_O.p.N,3.723,HerculanoHouzel_etal_2015_Table1
Homo sapiens,CerebralCortex_O.p.mg,49230,HerculanoHouzel_etal_2015_Table1
Homo sapiens,CerebralCortex_p.C.N,21.1712878984193,HerculanoHouzel_etal_2015_Table1
Homo sapiens,Hippocampus_I.p.C,0.0404,DosSantos_etal_2020_unpublished
Homo sapiens,RoB_C.n,8420000000,HerculanoHouzel_etal_2015_Table3
Homo sapiens,RoB_Mass.g,117.66,HerculanoHouzel_etal_2015_Table3
Homo sapiens,RoB_N.n,690000000,HerculanoHouzel_etal_2015_Table3
Homo sapiens,RoB_N.p.mg,6560,HerculanoHouzel_etal_2015_Table3
Homo sapiens,RoB_O.n,7730000000,HerculanoHouzel_etal_2015_Table3
Homo sapiens,RoB_O.p.N,11.203,HerculanoHouzel_etal_2015_Table3
Homo sapiens,RoB_O.p.mg,69850,HerculanoHouzel_etal_2015_Table3
Homo sapiens,RoB_p.C.N,8.19477434679335,HerculanoHouzel_etal_2015_Table3
Homo sapiens,WholeBrain_C.n,170670000000,HerculanoHouzel_etal_2015_Table5
Homo sapiens,WholeBrain_Mass.g,1508.91,HerculanoHouzel_etal_2015_Table5
Homo sapiens,WholeBrain_N.n,86060000000,HerculanoHouzel_etal_2015_Table5
Homo sapiens,WholeBrain_N.p.mg,57034.5481175153,HerculanoHouzel_etal_2015_Table5
Homo sapiens,WholeBrain_O.n,84610000000,HerculanoHouzel_etal_2015_Table5
Homo sapiens,WholeBrain_O.p.N,0.983151289797816,HerculanoHouzel_etal_2015_Table5
Homo sapiens,WholeBrain_O.p.mg,56073.5895447707,HerculanoHouzel_etal_2015_Table5
Homo sapiens,WholeBrain_p.C.N,50.5,HerculanoHouzel_etal_2015_Table5
Hyaena hyaena,Body_Mass.g,40000,JardimMesseder_etal_2017_Table1
Hyaena hyaena,Cerebellum_C.n,3928120000,JardimMesseder_etal_2017_Table1
Hyaena hyaena,Cerebellum_Mass.g,14.032,JardimMesseder_etal_2017_Table1
Hyaena hyaena,Cerebellum_N.n,3333830000,JardimMesseder_etal_2017_Table1
Hyaena hyaena,Cerebellum_N.p.mg,237588,JardimMesseder_etal_2017_Table1
Hyaena hyaena,Cerebellum_O.n,594290000,JardimMesseder_etal_2017_Table1
Hyaena hyaena,Cerebellum_O.p.N,0.178,JardimMesseder_etal_2017_Table1
Hyaena hyaena,Cerebellum_O.p.mg,42352.48004561,JardimMesseder_etal_2017_Table1
Hyaena hyaena,Cerebellum_p.C.N,84.8708797083592,JardimMesseder_etal_2017_Table1
Hyaena hyaena,CerebralCortex_C.n,3473040000,JardimMesseder_etal_2017_Table1
Hyaena hyaena,CerebralCortex_Mass.g,67.45,JardimMesseder_etal_2017_Table1
Hyaena hyaena,CerebralCortex_N.n,495280000,JardimMesseder_etal_2017_Table1
Hyaena hyaena,CerebralCortex_N.p.mg,7343,JardimMesseder_etal_2017_Table1
Hyaena hyaena,CerebralCortex_O.n,2977760000,JardimMesseder_etal_2017_Table1
Hyaena hyaena,CerebralCortex_O.p.N,6.012,JardimMesseder_etal_2017_Table1
Hyaena hyaena,CerebralCortex_O.p.mg,44147.6649369904,JardimMesseder_etal_2017_Table1
Hyaena hyaena,CerebralCortex_p.C.N,14.2607053186833,JardimMesseder_etal_2017_Table1
Hyaena hyaena,Hippocampus_C.n,158060000,JardimMesseder_etal_2017_Table1
Hyaena hyaena,Hippocampus_Mass.g,3.366,JardimMesseder_etal_2017_Table1
Hyaena hyaena,Hippocampus_N.n,18240000,JardimMesseder_etal_2017_Table1
Hyaena hyaena,Hippocampus_N.p.mg,5418,JardimMesseder_etal_2017_Table1
Hyaena hyaena,Hippocampus_O.n,139820000,JardimMesseder_etal_2017_Table1
Hyaena hyaena,Hippocampus_O.p.N,7.667,JardimMesseder_etal_2017_Table1
Hyaena hyaena,Hippocampus_O.p.mg,41538.9185977421,JardimMesseder_etal_2017_Table1
Hyaena hyaena,Hippocampus_p.C.N,11.5399215487789,JardimMesseder_etal_2017_Table1
Hyaena hyaena,RoB_C.n,984830000,JardimMesseder_etal_2017_Table1
Hyaena hyaena,RoB_Mass.g,17.732,JardimMesseder_etal_2017_Table1
Hyaena hyaena,RoB_N.n,55490000,JardimMesseder_etal_2017_Table1
Hyaena hyaena,RoB_N.p.mg,3129,JardimMesseder_etal_2017_Table1
Hyaena hyaena,RoB_O.n,929340000,JardimMesseder_etal_2017_Table1
Hyaena hyaena,RoB_O.p.N,16.749,JardimMesseder_etal_2017_Table1
Hyaena hyaena,RoB_O.p.mg,52410.33160388,JardimMesseder_etal_2017_Table1
Hyaena hyaena,RoB_p.C.N,5.6344749855305,JardimMesseder_etal_2017_Table1
Hyaena hyaena,WholeBrain_C.n,8385990000,JardimMesseder_etal_2017_Table1
Hyaena hyaena,WholeBrain_Mass.g,99.214,JardimMesseder_etal_2017_Table1
Hyaena hyaena,WholeBrain_N.n,3884600000,JardimMesseder_etal_2017_Table1
Hyaena hyaena,WholeBrain_N.p.mg,39153.7484629185,JardimMesseder_etal_2017_Table1
Hyaena hyaena,WholeBrain_O.n,4501390000,JardimMesseder_etal_2017_Table1
Hyaena hyaena,WholeBrain_O.p.N,1.159,JardimMesseder_etal_2017_Table1
Hyaena hyaena,WholeBrain_O.p.mg,45370.5122260971,JardimMesseder_etal_2017_Table1
Hyaena hyaena,WholeBrain_p.C.N,46.3224974034073,JardimMesseder_etal_2017_Table1
Hydrochoerus hydrochaeris,Body_Mass.g,47500,HerculanoHouzel_etal_2015_Table5
Hydrochoerus hydrochaeris,Cerebellum_C.n,1728750000,HerculanoHouzel_etal_2015_Table2
Hydrochoerus hydrochaeris,Cerebellum_Mass.g,6.632,HerculanoHouzel_etal_2015_Table2
Hydrochoerus hydrochaeris,Cerebellum_N.n,1157810000,HerculanoHouzel_etal_2015_Table2
Hydrochoerus hydrochaeris,Cerebellum_N.p.mg,177982,HerculanoHouzel_etal_2015_Table2
Hydrochoerus hydrochaeris,Cerebellum_O.n,570940000,HerculanoHouzel_etal_2015_Table2
Hydrochoerus hydrochaeris,Cerebellum_O.p.N,0.493,HerculanoHouzel_etal_2015_Table2
Hydrochoerus hydrochaeris,Cerebellum_O.p.mg,86574,HerculanoHouzel_etal_2015_Table2
Hydrochoerus hydrochaeris,Cerebellum_p.C.N,66.9738250180767,HerculanoHouzel_etal_2015_Table2
Hydrochoerus hydrochaeris,CerebralCortex_C.n,2154320000,HerculanoHouzel_etal_2015_Table1
Hydrochoerus hydrochaeris,CerebralCortex_Mass.g,48.175,HerculanoHouzel_etal_2015_Table1
Hydrochoerus hydrochaeris,CerebralCortex_N.n,306501565,HerculanoHouzel_etal_2015_Table1
Hydrochoerus hydrochaeris,CerebralCortex_N.p.mg,6336,HerculanoHouzel_etal_2015_Table1
Hydrochoerus hydrochaeris,CerebralCortex_O.n,1847818435,HerculanoHouzel_etal_2015_Table1
Hydrochoerus hydrochaeris,CerebralCortex_O.p.N,5.983,HerculanoHouzel_etal_2015_Table1
Hydrochoerus hydrochaeris,CerebralCortex_O.p.mg,38117,HerculanoHouzel_etal_2015_Table1
Hydrochoerus hydrochaeris,CerebralCortex_p.C.N,14.227299797616,HerculanoHouzel_etal_2015_Table1
Hydrochoerus hydrochaeris,OlfactoryBulb_C.n,95950000,HerculanoHouzel_etal_2015_Table4
Hydrochoerus hydrochaeris,OlfactoryBulb_Mass.g,1.302,HerculanoHouzel_etal_2015_Table4
Hydrochoerus hydrochaeris,OlfactoryBulb_N.n,28560310,HerculanoHouzel_etal_2015_Table4
Hydrochoerus hydrochaeris,OlfactoryBulb_N.p.mg,21864,HerculanoHouzel_etal_2015_Table4
Hydrochoerus hydrochaeris,OlfactoryBulb_O.n,67389690,HerculanoHouzel_etal_2015_Table4
Hydrochoerus hydrochaeris,OlfactoryBulb_O.p.N,2.333,HerculanoHouzel_etal_2015_Table4
Hydrochoerus hydrochaeris,OlfactoryBulb_O.p.mg,51544,HerculanoHouzel_etal_2015_Table4
Hydrochoerus hydrochaeris,OlfactoryBulb_p.C.N,29.7658259510162,HerculanoHouzel_etal_2015_Table4
Hydrochoerus hydrochaeris,RoB_C.n,887420000,HerculanoHouzel_etal_2015_Table3
Hydrochoerus hydrochaeris,RoB_Mass.g,19.927,HerculanoHouzel_etal_2015_Table3
Hydrochoerus hydrochaeris,RoB_N.n,108250000,HerculanoHouzel_etal_2015_Table3
Hydrochoerus hydrochaeris,RoB_N.p.mg,5434,HerculanoHouzel_etal_2015_Table3
Hydrochoerus hydrochaeris,RoB_O.n,779170000,HerculanoHouzel_etal_2015_Table3
Hydrochoerus hydrochaeris,RoB_O.p.N,7.1978752886836,HerculanoHouzel_etal_2015_Table3
Hydrochoerus hydrochaeris,RoB_O.p.mg,39234,HerculanoHouzel_etal_2015_Table3
Hydrochoerus hydrochaeris,RoB_p.C.N,12.1982826620991,HerculanoHouzel_etal_2015_Table3
Hydrochoerus hydrochaeris,WholeBrain_C.n,4770490000,HerculanoHouzel_etal_2015_Table5
Hydrochoerus hydrochaeris,WholeBrain_Mass.g,74.734,HerculanoHouzel_etal_2015_Table5
Hydrochoerus hydrochaeris,WholeBrain_N.n,1572560385,HerculanoHouzel_etal_2015_Table5
Hydrochoerus hydrochaeris,WholeBrain_N.p.mg,21042.1011186341,HerculanoHouzel_etal_2015_Table5
Hydrochoerus hydrochaeris,WholeBrain_O.n,3197929615,HerculanoHouzel_etal_2015_Table5
Hydrochoerus hydrochaeris,WholeBrain_O.p.N,2.03358144177084,HerculanoHouzel_etal_2015_Table5
Hydrochoerus hydrochaeris,WholeBrain_O.p.mg,42790.8263307196,HerculanoHouzel_etal_2015_Table5
Hydrochoerus hydrochaeris,WholeBrain_p.C.N,33.6,HerculanoHouzel_etal_2015_Table5
Hypsignathus monstrosus,Body_Mass.g,310,HerculanoHouzel_etal_2020_TABLE1
Hypsignathus monstrosus,Cerebellum_Mass.g,0.456468399731026,HerculanoHouzel_etal_2020_TABLE2
Hypsignathus monstrosus,Cerebellum_N.n,221298619,HerculanoHouzel_etal_2020_TABLE2
Hypsignathus monstrosus,Cerebellum_N.p.mg,484806,HerculanoHouzel_etal_2020_TABLE2
Hypsignathus monstrosus,CerebralCortex_Mass.g,1.80577056598175,HerculanoHouzel_etal_2020_TABLE2
Hypsignathus monstrosus,CerebralCortex_N.n,24343593,HerculanoHouzel_etal_2020_TABLE2
Hypsignathus monstrosus,CerebralCortex_N.p.mg,13481,HerculanoHouzel_etal_2020_TABLE2
Hypsignathus monstrosus,RoB_Mass.g,1.16986878139686,HerculanoHouzel_etal_2020_TABLE2
Hypsignathus monstrosus,RoB_N.n,28877041,HerculanoHouzel_etal_2020_TABLE2
Hypsignathus monstrosus,RoB_N.p.mg,24684,HerculanoHouzel_etal_2020_TABLE2
Hypsignathus monstrosus,WholeBrain_Mass.g,3.459,HerculanoHouzel_etal_2020_TABLE1
Hypsignathus monstrosus,WholeBrain_N.n,274519253,HerculanoHouzel_etal_2020_TABLE1
Hypsignathus monstrosus,WholeBrain_N.p.mg,79363.7620699624,HerculanoHouzel_etal_2020_TABLE1
Loxodonta africana,Body_Mass.g,5000000,HerculanoHouzel_etal_2015_Table5
Loxodonta africana,Cerebellum_C.n,289215757500,HerculanoHouzel_etal_2015_Table2
Loxodonta africana,Cerebellum_I.n,7027942907.25,DosSantos_etal_2020_unpublished_HerculanoHouzel_etal_2015_Table2
Loxodonta africana,Cerebellum_I.p.C,0.0243,DosSantos_etal_2020_unpublished
Loxodonta africana,Cerebellum_I.p.mg,5998.44225918978,DosSantos_etal_2020_unpublished_HerculanoHouzel_etal_2015_Table2_HerculanoHouzel_etal_2015_Table2
Loxodonta africana,Cerebellum_Mass.g,1171.628,HerculanoHouzel_etal_2015_Table2
Loxodonta africana,Cerebellum_N.n,250708527536,HerculanoHouzel_etal_2015_Table2
Loxodonta africana,Cerebellum_N.p.mg,213983,HerculanoHouzel_etal_2015_Table2
Loxodonta africana,Cerebellum_O.n,38507229964,HerculanoHouzel_etal_2015_Table2
Loxodonta africana,Cerebellum_O.p.N,0.154,HerculanoHouzel_etal_2015_Table2
Loxodonta africana,Cerebellum_O.p.mg,32866,HerculanoHouzel_etal_2015_Table2
Loxodonta africana,Cerebellum_p.C.N,86.6856390202045,HerculanoHouzel_etal_2015_Table2
Loxodonta africana,CerebralCortexNoHippocampus_I.p.C,0.0741,DosSantos_etal_2020_unpublished
Loxodonta africana,CerebralCortex_C.n,61292239720,HerculanoHouzel_etal_2015_Table1
Loxodonta africana,CerebralCortex_I.n,4572401083.112,DosSantos_etal_2020_unpublished_HerculanoHouzel_etal_2015_Table1
Loxodonta africana,CerebralCortex_I.p.C,0.0746,DosSantos_etal_2020_unpublished
Loxodonta africana,CerebralCortex_I.p.mg,1605.706811825,DosSantos_etal_2020_unpublished_HerculanoHouzel_etal_2015_Table1_HerculanoHouzel_etal_2015_Table1
Loxodonta africana,CerebralCortex_Mass.g,2847.594,HerculanoHouzel_etal_2015_Table1
Loxodonta africana,CerebralCortex_N.n,5593241033,HerculanoHouzel_etal_2015_Table1
Loxodonta africana,CerebralCortex_N.p.mg,1964,HerculanoHouzel_etal_2015_Table1
Loxodonta africana,CerebralCortex_O.n,55698998687,HerculanoHouzel_etal_2015_Table1
Loxodonta africana,CerebralCortex_O.p.N,26.844,HerculanoHouzel_etal_2015_Table1
Loxodonta africana,CerebralCortex_O.p.mg,52721,HerculanoHouzel_etal_2015_Table1
Loxodonta africana,CerebralCortex_p.C.N,9.12552887372281,HerculanoHouzel_etal_2015_Table1
Loxodonta africana,Hippocampus_I.p.C,0.1132,DosSantos_etal_2020_unpublished
Loxodonta africana,OlfactoryBulb_C.n,3766250000,HerculanoHouzel_etal_2015_Table4
Loxodonta africana,OlfactoryBulb_Mass.g,41.886,HerculanoHouzel_etal_2015_Table4
Loxodonta africana,OlfactoryBulb_N.n,908371986,HerculanoHouzel_etal_2015_Table4
Loxodonta africana,OlfactoryBulb_N.p.mg,21687,HerculanoHouzel_etal_2015_Table4
Loxodonta africana,OlfactoryBulb_O.n,2857878014,HerculanoHouzel_etal_2015_Table4
Loxodonta africana,OlfactoryBulb_O.p.N,3.146,HerculanoHouzel_etal_2015_Table4
Loxodonta africana,OlfactoryBulb_O.p.mg,68230,HerculanoHouzel_etal_2015_Table4
Loxodonta africana,OlfactoryBulb_p.C.N,24.1187384268171,HerculanoHouzel_etal_2015_Table4
Loxodonta africana,RoB_C.n,28146011000,HerculanoHouzel_etal_2015_Table3
Loxodonta africana,RoB_I.n,1947703961.2,DosSantos_etal_2020_unpublished_HerculanoHouzel_etal_2015_Table3
Loxodonta africana,RoB_I.p.C,0.0692,DosSantos_etal_2020_unpublished
Loxodonta africana,RoB_I.p.mg,3449.25383708122,DosSantos_etal_2020_unpublished_HerculanoHouzel_etal_2015_Table3_HerculanoHouzel_etal_2015_Table3
Loxodonta africana,RoB_Mass.g,564.674,HerculanoHouzel_etal_2015_Table3
Loxodonta africana,RoB_N.n,741704844,HerculanoHouzel_etal_2015_Table3
Loxodonta africana,RoB_N.p.mg,1314,HerculanoHouzel_etal_2015_Table3
Loxodonta africana,RoB_O.n,27404306156,HerculanoHouzel_etal_2015_Table3
Loxodonta africana,RoB_O.p.N,36.948,HerculanoHouzel_etal_2015_Table3
Loxodonta africana,RoB_O.p.mg,48531,HerculanoHouzel_etal_2015_Table3
Loxodonta africana,RoB_p.C.N,2.63520412892612,HerculanoHouzel_etal_2015_Table3
Loxodonta africana,WholeBrain_C.n,473101455749,HerculanoHouzel_etal_2015_Table5
Loxodonta africana,WholeBrain_I.n,20721843761.8062,DosSantos_etal_2020_unpublished_HerculanoHouzel_etal_2015_Table5
Loxodonta africana,WholeBrain_I.p.C,0.0438,DosSantos_etal_2020_unpublished
Loxodonta africana,WholeBrain_I.p.mg,4486.58771706834,DosSantos_etal_2020_unpublished_HerculanoHouzel_etal_2015_Table5_HerculanoHouzel_etal_2015_Table5
Loxodonta africana,WholeBrain_Mass.g,4618.62,HerculanoHouzel_etal_2015_Table5
Loxodonta africana,WholeBrain_N.n,257043473412,HerculanoHouzel_etal_2015_Table5
Loxodonta africana,WholeBrain_N.p.mg,55653.7393013497,HerculanoHouzel_etal_2015_Table5
Loxodonta africana,WholeBrain_O.n,216057982337,HerculanoHouzel_etal_2015_Table5
Loxodonta africana,WholeBrain_O.p.N,0.840550353094137,HerculanoHouzel_etal_2015_Table5
Loxodonta africana,WholeBrain_O.p.mg,46779.7702207586,HerculanoHouzel_etal_2015_Table5
Loxodonta africana,WholeBrain_p.C.N,54.331575244269,HerculanoHouzel_etal_2015_Table5
Macaca fascicularis,Body_Mass.g,5700,HerculanoHouzel_etal_2015_Table5
Macaca fascicularis,Cerebellum_C.n,2708000000,HerculanoHouzel_etal_2015_Table2
Macaca fascicularis,Cerebellum_Mass.g,5.642,HerculanoHouzel_etal_2015_Table2
Macaca fascicularis,Cerebellum_N.n,2572600000,HerculanoHouzel_etal_2015_Table2
Macaca fascicularis,Cerebellum_N.p.mg,455973,HerculanoHouzel_etal_2015_Table2
Macaca fascicularis,Cerebellum_O.n,135400000,HerculanoHouzel_etal_2015_Table2
Macaca fascicularis,Cerebellum_O.p.N,0.053,HerculanoHouzel_etal_2015_Table2
Macaca fascicularis,Cerebellum_O.p.mg,23999,HerculanoHouzel_etal_2015_Table2
Macaca fascicularis,Cerebellum_p.C.N,95,HerculanoHouzel_etal_2015_Table2
Macaca fascicularis,CerebralCortex_C.n,3559800000,HerculanoHouzel_etal_2015_Table1
Macaca fascicularis,CerebralCortex_I.n,145595820,DosSantos_etal_2020_unpublished_HerculanoHouzel_etal_2015_Table1
Macaca fascicularis,CerebralCortex_I.p.C,0.0409,DosSantos_etal_2020_unpublished
Macaca fascicularis,CerebralCortex_I.p.mg,4019.09733340695,DosSantos_etal_2020_unpublished_HerculanoHouzel_etal_2015_Table1_HerculanoHouzel_etal_2015_Table1
Macaca fascicularis,CerebralCortex_Mass.g,36.226,HerculanoHouzel_etal_2015_Table1
Macaca fascicularis,CerebralCortex_N.n,800955000,HerculanoHouzel_etal_2015_Table1
Macaca fascicularis,CerebralCortex_N.p.mg,22110,HerculanoHouzel_etal_2015_Table1
Macaca fascicularis,CerebralCortex_O.n,2758845000,HerculanoHouzel_etal_2015_Table1
Macaca fascicularis,CerebralCortex_O.p.N,3.444,HerculanoHouzel_etal_2015_Table1
Macaca fascicularis,CerebralCortex_O.p.mg,76156,HerculanoHouzel_etal_2015_Table1
Macaca fascicularis,CerebralCortex_p.C.N,22.5,HerculanoHouzel_etal_2015_Table1
Macaca fascicularis,RoB_C.n,325620000,HerculanoHouzel_etal_2015_Table3
Macaca fascicularis,RoB_Mass.g,4.294,HerculanoHouzel_etal_2015_Table3
Macaca fascicularis,RoB_N.n,65449620,HerculanoHouzel_etal_2015_Table3
Macaca fascicularis,RoB_N.p.mg,15242,HerculanoHouzel_etal_2015_Table3
Macaca fascicularis,RoB_O.n,260170380,HerculanoHouzel_etal_2015_Table3
Macaca fascicularis,RoB_O.p.N,3.975,HerculanoHouzel_etal_2015_Table3
Macaca fascicularis,RoB_O.p.mg,60589,HerculanoHouzel_etal_2015_Table3
Macaca fascicularis,RoB_p.C.N,20.1,HerculanoHouzel_etal_2015_Table3
Macaca fascicularis,SpinalCord_C.n,372000000,Burish_etal_2010_Table1
Macaca fascicularis,SpinalCord_Mass.g,7.499,Burish_etal_2010_Table1
Macaca fascicularis,SpinalCord_N.n,11380000,Burish_etal_2010_Table1
Macaca fascicularis,SpinalCord_N.p.mg,1518,Burish_etal_2010_Table1
Macaca fascicularis,SpinalCord_O.n,360620000,Burish_etal_2010_Table1
Macaca fascicularis,SpinalCord_O.p.N,31.688927943761,Burish_etal_2010_Table1
Macaca fascicularis,SpinalCord_O.p.mg,48090,Burish_etal_2010_Table1
Macaca fascicularis,SpinalCord_p.C.Body.mass,0.13,Burish_etal_2010_Table1
Macaca fascicularis,SpinalCord_p.C.CNS.mass,13.97,Burish_etal_2010_Table1
Macaca fascicularis,SpinalCord_p.C.CNS.neurons,0.33,Burish_etal_2010_Table1
Macaca fascicularis,SpinalCord_p.C.N,3.06,Burish_etal_2010_Table1
Macaca fascicularis,WholeBrain_C.n,6593420000,HerculanoHouzel_etal_2015_Table5
Macaca fascicularis,WholeBrain_Mass.g,46.162,HerculanoHouzel_etal_2015_Table5
Macaca fascicularis,WholeBrain_N.n,3439004620,HerculanoHouzel_etal_2015_Table5
Macaca fascicularis,WholeBrain_N.p.mg,74498.6053463888,HerculanoHouzel_etal_2015_Table5
Macaca fascicularis,WholeBrain_O.n,3154415380,HerculanoHouzel_etal_2015_Table5
Macaca fascicularis,WholeBrain_O.p.N,0.917246624693397,HerculanoHouzel_etal_2015_Table5
Macaca fascicularis,WholeBrain_O.p.mg,68333.5942983406,HerculanoHouzel_etal_2015_Table5
Macaca fascicularis,WholeBrain_p.C.N,52.2,HerculanoHouzel_etal_2015_Table5
Macaca mulatta,Body_Mass.g,3900,HerculanoHouzel_etal_2015_Table5
Macaca mulatta,Cerebellum_C.n,5481030000,HerculanoHouzel_etal_2015_Table2
Macaca mulatta,Cerebellum_Mass.g,7.694,HerculanoHouzel_etal_2015_Table2
Macaca mulatta,Cerebellum_N.n,4550000000,HerculanoHouzel_etal_2015_Table2
Macaca mulatta,Cerebellum_N.p.mg,590800,HerculanoHouzel_etal_2015_Table2
Macaca mulatta,Cerebellum_O.n,931030000,HerculanoHouzel_etal_2015_Table2
Macaca mulatta,Cerebellum_O.p.N,0.205,HerculanoHouzel_etal_2015_Table2
Macaca mulatta,Cerebellum_O.p.mg,121010,HerculanoHouzel_etal_2015_Table2
Macaca mulatta,Cerebellum_p.C.N,83.0135941602217,HerculanoHouzel_etal_2015_Table2
Macaca mulatta,CerebralCortex_C.n,6980000000,HerculanoHouzel_etal_2015_Table1
Macaca mulatta,CerebralCortex_Mass.g,69.832,HerculanoHouzel_etal_2015_Table1
Macaca mulatta,CerebralCortex_N.n,1710000000,HerculanoHouzel_etal_2015_Table1
Macaca mulatta,CerebralCortex_N.p.mg,24470,HerculanoHouzel_etal_2015_Table1
Macaca mulatta,CerebralCortex_O.n,5270000000,HerculanoHouzel_etal_2015_Table1
Macaca mulatta,CerebralCortex_O.p.N,3.082,HerculanoHouzel_etal_2015_Table1
Macaca mulatta,CerebralCortex_O.p.mg,75400,HerculanoHouzel_etal_2015_Table1
Macaca mulatta,CerebralCortex_p.C.N,24.4985673352436,HerculanoHouzel_etal_2015_Table1
Macaca mulatta,OlfactoryBulb_C.n,19480000,HerculanoHouzel_etal_2015_Table4
Macaca mulatta,OlfactoryBulb_Mass.g,0.088,HerculanoHouzel_etal_2015_Table4
Macaca mulatta,OlfactoryBulb_N.n,8473800,HerculanoHouzel_etal_2015_Table4
Macaca mulatta,OlfactoryBulb_N.p.mg,96293,HerculanoHouzel_etal_2015_Table4
Macaca mulatta,OlfactoryBulb_O.n,11006200,HerculanoHouzel_etal_2015_Table4
Macaca mulatta,OlfactoryBulb_O.p.N,1.299,HerculanoHouzel_etal_2015_Table4
Macaca mulatta,OlfactoryBulb_O.p.mg,125070,HerculanoHouzel_etal_2015_Table4
Macaca mulatta,OlfactoryBulb_p.C.N,43.5,HerculanoHouzel_etal_2015_Table4
Macaca mulatta,RoB_C.n,1088420000,HerculanoHouzel_etal_2015_Table3
Macaca mulatta,RoB_Mass.g,9.204,HerculanoHouzel_etal_2015_Table3
Macaca mulatta,RoB_N.n,121900000,HerculanoHouzel_etal_2015_Table3
Macaca mulatta,RoB_N.p.mg,12410,HerculanoHouzel_etal_2015_Table3
Macaca mulatta,RoB_O.n,966520000,HerculanoHouzel_etal_2015_Table3
Macaca mulatta,RoB_O.p.N,7.929,HerculanoHouzel_etal_2015_Table3
Macaca mulatta,RoB_O.p.mg,98420,HerculanoHouzel_etal_2015_Table3
Macaca mulatta,RoB_p.C.N,11.1997206960548,HerculanoHouzel_etal_2015_Table3
Macaca mulatta,SpinalCord_C.n,389720000,Burish_etal_2010_Table1
Macaca mulatta,SpinalCord_Length.mm,247.46,Burish_etal_2010_Table1
Macaca mulatta,SpinalCord_Mass.g,8.511,Burish_etal_2010_Table1
Macaca mulatta,SpinalCord_N.n,10000000,Burish_etal_2010_Table1
Macaca mulatta,SpinalCord_N.p.mg,1176,Burish_etal_2010_Table1
Macaca mulatta,SpinalCord_O.n,379720000,Burish_etal_2010_Table1
Macaca mulatta,SpinalCord_O.p.N,37.972,Burish_etal_2010_Table1
Macaca mulatta,SpinalCord_O.p.mg,45555,Burish_etal_2010_Table1
Macaca mulatta,SpinalCord_p.C.Body.mass,0.1,Burish_etal_2010_Table1
Macaca mulatta,SpinalCord_p.C.CNS.mass,8.88,Burish_etal_2010_Table1
Macaca mulatta,SpinalCord_p.C.CNS.neurons,0.16,Burish_etal_2010_Table1
Macaca mulatta,SpinalCord_p.C.N,2.56,Burish_etal_2010_Table1
Macaca mulatta,WholeBrain_C.n,13539060000,HerculanoHouzel_etal_2015_Table5
Macaca mulatta,WholeBrain_Mass.g,87.346,HerculanoHouzel_etal_2015_Table5
Macaca mulatta,WholeBrain_N.n,6376160000,HerculanoHouzel_etal_2015_Table5
Macaca mulatta,WholeBrain_N.p.mg,72998.8780253246,HerculanoHouzel_etal_2015_Table5
Macaca mulatta,WholeBrain_O.n,7162900000,HerculanoHouzel_etal_2015_Table5
Macaca mulatta,WholeBrain_O.p.N,1.1233877443477,HerculanoHouzel_etal_2015_Table5
Macaca mulatta,WholeBrain_O.p.mg,82006.0449247819,HerculanoHouzel_etal_2015_Table5
Macaca mulatta,WholeBrain_p.C.N,47.1,HerculanoHouzel_etal_2015_Table5
Macaca nemestrina,CerebralCortex_I.p.C,0.0362,DosSantos_etal_2020_unpublished
Macaca radiata,Body_Mass.g,8012,HerculanoHouzel_etal_2015_Table5
Macaca radiata,Cerebellum_C.n,2492120000,HerculanoHouzel_etal_2015_Table2
Macaca radiata,Cerebellum_Mass.g,5.748,HerculanoHouzel_etal_2015_Table2
Macaca radiata,Cerebellum_N.n,2038554160,HerculanoHouzel_etal_2015_Table2
Macaca radiata,Cerebellum_N.p.mg,354655,HerculanoHouzel_etal_2015_Table2
Macaca radiata,Cerebellum_O.n,453565840,HerculanoHouzel_etal_2015_Table2
Macaca radiata,Cerebellum_O.p.N,0.222,HerculanoHouzel_etal_2015_Table2
Macaca radiata,Cerebellum_O.p.mg,78908,HerculanoHouzel_etal_2015_Table2
Macaca radiata,Cerebellum_p.C.N,81.8,HerculanoHouzel_etal_2015_Table2
Macaca radiata,CerebralCortex_C.n,5464380000,HerculanoHouzel_etal_2015_Table1
Macaca radiata,CerebralCortex_Mass.g,48.274,HerculanoHouzel_etal_2015_Table1
Macaca radiata,CerebralCortex_N.n,1655707140,HerculanoHouzel_etal_2015_Table1
Macaca radiata,CerebralCortex_N.p.mg,34298,HerculanoHouzel_etal_2015_Table1
Macaca radiata,CerebralCortex_O.n,3808672860,HerculanoHouzel_etal_2015_Table1
Macaca radiata,CerebralCortex_O.p.N,2.3,HerculanoHouzel_etal_2015_Table1
Macaca radiata,CerebralCortex_O.p.mg,78897,HerculanoHouzel_etal_2015_Table1
Macaca radiata,CerebralCortex_p.C.N,30.3,HerculanoHouzel_etal_2015_Table1
Macaca radiata,RoB_C.n,678000000,HerculanoHouzel_etal_2015_Table3
Macaca radiata,RoB_Mass.g,7.448,HerculanoHouzel_etal_2015_Table3
Macaca radiata,RoB_N.n,61359000,HerculanoHouzel_etal_2015_Table3
Macaca radiata,RoB_N.p.mg,8238,HerculanoHouzel_etal_2015_Table3
Macaca radiata,RoB_O.n,616641000,HerculanoHouzel_etal_2015_Table3
Macaca radiata,RoB_O.p.N,10.05,HerculanoHouzel_etal_2015_Table3
Macaca radiata,RoB_O.p.mg,82793,HerculanoHouzel_etal_2015_Table3
Macaca radiata,RoB_p.C.N,9.05,HerculanoHouzel_etal_2015_Table3
Macaca radiata,SpinalCord_C.n,345000000,Burish_etal_2010_Table1
Macaca radiata,SpinalCord_Length.mm,264.6,Burish_etal_2010_Table1
Macaca radiata,SpinalCord_Mass.g,7.842,Burish_etal_2010_Table1
Macaca radiata,SpinalCord_N.n,9060000,Burish_etal_2010_Table1
Macaca radiata,SpinalCord_N.p.mg,1173,Burish_etal_2010_Table1
Macaca radiata,SpinalCord_O.n,335940000,Burish_etal_2010_Table1
Macaca radiata,SpinalCord_O.p.N,37.0794701986755,Burish_etal_2010_Table1
Macaca radiata,SpinalCord_O.p.mg,45664,Burish_etal_2010_Table1
Macaca radiata,SpinalCord_p.C.Body.mass,0.1,Burish_etal_2010_Table1
Macaca radiata,SpinalCord_p.C.CNS.mass,11.31,Burish_etal_2010_Table1
Macaca radiata,SpinalCord_p.C.CNS.neurons,0.24,Burish_etal_2010_Table1
Macaca radiata,SpinalCord_p.C.N,2.5,Burish_etal_2010_Table1
Macaca radiata,WholeBrain_C.n,8634500000,HerculanoHouzel_etal_2015_Table5
Macaca radiata,WholeBrain_Mass.g,61.47,HerculanoHouzel_etal_2015_Table5
Macaca radiata,WholeBrain_N.n,3755620300,HerculanoHouzel_etal_2015_Table5
Macaca radiata,WholeBrain_N.p.mg,61096.8000650724,HerculanoHouzel_etal_2015_Table5
Macaca radiata,WholeBrain_O.n,4878879700,HerculanoHouzel_etal_2015_Table5
Macaca radiata,WholeBrain_O.p.N,1.29908758348122,HerculanoHouzel_etal_2015_Table5
Macaca radiata,WholeBrain_O.p.mg,79370.0943549699,HerculanoHouzel_etal_2015_Table5
Macaca radiata,WholeBrain_p.C.N,43.5,HerculanoHouzel_etal_2015_Table5
Macronycteris commersoni,Body_Mass.g,101.9,HerculanoHouzel_etal_2020_TABLE1
Macronycteris commersoni,Cerebellum_Mass.g,0.107286493976527,HerculanoHouzel_etal_2020_TABLE2
Macronycteris commersoni,Cerebellum_N.n,51875702,HerculanoHouzel_etal_2020_TABLE2
Macronycteris commersoni,Cerebellum_N.p.mg,483525,HerculanoHouzel_etal_2020_TABLE2
Macronycteris commersoni,CerebralCortex_Mass.g,0.243098006541998,HerculanoHouzel_etal_2020_TABLE2
Macronycteris commersoni,CerebralCortex_N.n,7877834,HerculanoHouzel_etal_2020_TABLE2
Macronycteris commersoni,CerebralCortex_N.p.mg,32406,HerculanoHouzel_etal_2020_TABLE2
Macronycteris commersoni,RoB_Mass.g,0.237991492124235,HerculanoHouzel_etal_2020_TABLE2
Macronycteris commersoni,RoB_N.n,6965297,HerculanoHouzel_etal_2020_TABLE2
Macronycteris commersoni,RoB_N.p.mg,29267,HerculanoHouzel_etal_2020_TABLE2
Macronycteris commersoni,WholeBrain_Mass.g,0.588,HerculanoHouzel_etal_2020_TABLE1
Macronycteris commersoni,WholeBrain_N.n,66718833,HerculanoHouzel_etal_2020_TABLE1
Macronycteris commersoni,WholeBrain_N.p.mg,113467.403061224,HerculanoHouzel_etal_2020_TABLE1
Macropus fuliginosus,Body_Mass.g,25855,DosSantos_etal_2017_TableS1
Macropus fuliginosus,Cerebellum_I.p.C,0.0084,DosSantos_etal_2020_unpublished
Macropus fuliginosus,Cerebellum_Mass.g,7.358,DosSantos_etal_2017_TableS1
Macropus fuliginosus,Cerebellum_N.n,1990000000,DosSantos_etal_2017_TableS1
Macropus fuliginosus,Cerebellum_N.p.mg,270449,DosSantos_etal_2017_TableS1
Macropus fuliginosus,Cerebellum_O.p.N,0.368,DosSantos_etal_2017_TableS1
Macropus fuliginosus,CerebralCortexGrey_N.n,271030000,DosSantos_etal_2017_TableS1
Macropus fuliginosus,CerebralCortexGrey_N.p.mg,11254,DosSantos_etal_2017_TableS1
Macropus fuliginosus,CerebralCortexGrey_O.p.N,4.12,DosSantos_etal_2017_TableS1
Macropus fuliginosus,CerebralCortexNoHippocampus_I.p.C,0.058,DosSantos_etal_2020_unpublished
Macropus fuliginosus,CerebralCortex_I.p.C,0.059,DosSantos_etal_2020_unpublished
Macropus fuliginosus,CerebralCortex_Mass.g,40.194,DosSantos_etal_2017_TableS1
Macropus fuliginosus,CerebralCortex_N.n,370170000,DosSantos_etal_2017_TableS1
Macropus fuliginosus,CerebralCortex_N.p.mg,9210,DosSantos_etal_2017_TableS1
Macropus fuliginosus,CerebralCortex_O.p.N,6.404,DosSantos_etal_2017_TableS1
Macropus fuliginosus,Hippocampus_I.p.C,0.0703,DosSantos_etal_2020_unpublished
Macropus fuliginosus,Hippocampus_Mass.g,2.938,DosSantos_etal_2017_TableS1
Macropus fuliginosus,Hippocampus_N.n,44770000,DosSantos_etal_2017_TableS1
Macropus fuliginosus,Hippocampus_N.p.mg,15238,DosSantos_etal_2017_TableS1
Macropus fuliginosus,Hippocampus_O.p.N,4.076,DosSantos_etal_2017_TableS1
Macropus fuliginosus,MesencephalonDiencephalonStriatum_Mass.g,10.81,DosSantos_etal_2017_TableS1
Macropus fuliginosus,MesencephalonDiencephalonStriatum_N.n,76400000,DosSantos_etal_2017_TableS1
Macropus fuliginosus,MesencephalonDiencephalonStriatum_N.p.mg,7067,DosSantos_etal_2017_TableS1
Macropus fuliginosus,MesencephalonDiencephalonStriatum_O.p.N,11.723,DosSantos_etal_2017_TableS1
Macropus fuliginosus,PonsMedulla_Mass.g,4.362,DosSantos_etal_2017_TableS1
Macropus fuliginosus,PonsMedulla_N.n,21340000,DosSantos_etal_2017_TableS1
Macropus fuliginosus,PonsMedulla_N.p.mg,4893,DosSantos_etal_2017_TableS1
Macropus fuliginosus,PonsMedulla_O.p.N,11.821,DosSantos_etal_2017_TableS1
Macropus fuliginosus,RoB_I.p.C,0.065,DosSantos_etal_2020_unpublished
Macropus fuliginosus,RoB_Mass.g,15.172,DosSantos_etal_2017_TableS1
Macropus fuliginosus,RoB_N.n,97740000,DosSantos_etal_2017_TableS1
Macropus fuliginosus,RoB_N.p.mg,6442,DosSantos_etal_2017_TableS1
Macropus fuliginosus,RoB_O.p.N,11.744,DosSantos_etal_2017_TableS1
Macropus fuliginosus,WholeBrain_I.p.C,0.0396,DosSantos_etal_2020_unpublished
Macropus fuliginosus,WholeBrain_Mass.g,62.724,DosSantos_etal_2017_TableS1
Macropus fuliginosus,WholeBrain_N.n,2460000000,DosSantos_etal_2017_TableS1
Macropus fuliginosus,WholeBrain_N.p.mg,39219.4375358714,DosSantos_etal_2017_TableS1
Macropus fuliginosus,WholeBrain_O.p.N,1.729,DosSantos_etal_2017_TableS1
Marmosops incanus,Body_Mass.g,100,DosSantos_etal_2017_TableS1
Marmosops incanus,Cerebellum_I.p.C,0.0074,DosSantos_etal_2020_unpublished
Marmosops incanus,Cerebellum_Mass.g,0.158,DosSantos_etal_2017_TableS1
Marmosops incanus,Cerebellum_N.n,82400000,DosSantos_etal_2017_TableS1
Marmosops incanus,Cerebellum_N.p.mg,521513,DosSantos_etal_2017_TableS1
Marmosops incanus,Cerebellum_O.p.N,0.292,DosSantos_etal_2017_TableS1
Marmosops incanus,CerebralCortexNoHippocampus_I.p.C,0.0494,DosSantos_etal_2020_unpublished
Marmosops incanus,CerebralCortex_I.p.C,0.0485,DosSantos_etal_2020_unpublished
Marmosops incanus,CerebralCortex_Mass.g,0.408,DosSantos_etal_2017_TableS1
Marmosops incanus,CerebralCortex_N.n,20410000,DosSantos_etal_2017_TableS1
Marmosops incanus,CerebralCortex_N.p.mg,50033,DosSantos_etal_2017_TableS1
Marmosops incanus,CerebralCortex_O.p.N,1.84,DosSantos_etal_2017_TableS1
Marmosops incanus,DiencephalonStriatum_Mass.g,0.104,DosSantos_etal_2017_TableS1
Marmosops incanus,DiencephalonStriatum_N.n,3370000,DosSantos_etal_2017_TableS1
Marmosops incanus,DiencephalonStriatum_N.p.mg,32394,DosSantos_etal_2017_TableS1
Marmosops incanus,DiencephalonStriatum_O.p.N,2.695,DosSantos_etal_2017_TableS1
Marmosops incanus,Hippocampus_I.p.C,0.0412,DosSantos_etal_2020_unpublished
Marmosops incanus,Hippocampus_Mass.g,0.06,DosSantos_etal_2017_TableS1
Marmosops incanus,Hippocampus_N.n,2580000,DosSantos_etal_2017_TableS1
Marmosops incanus,Hippocampus_N.p.mg,43036,DosSantos_etal_2017_TableS1
Marmosops incanus,Hippocampus_O.p.N,1.43,DosSantos_etal_2017_TableS1
Marmosops incanus,MesencephalonDiencephalonStriatum_Mass.g,0.196,DosSantos_etal_2017_TableS1
Marmosops incanus,MesencephalonDiencephalonStriatum_N.n,6440000,DosSantos_etal_2017_TableS1
Marmosops incanus,MesencephalonDiencephalonStriatum_N.p.mg,32846,DosSantos_etal_2017_TableS1
Marmosops incanus,MesencephalonDiencephalonStriatum_O.p.N,2.514,DosSantos_etal_2017_TableS1
Marmosops incanus,Mesencephalon_Mass.g,0.092,DosSantos_etal_2017_TableS1
Marmosops incanus,Mesencephalon_N.n,3070000,DosSantos_etal_2017_TableS1
Marmosops incanus,Mesencephalon_N.p.mg,33356,DosSantos_etal_2017_TableS1
Marmosops incanus,Mesencephalon_O.p.N,2.316,DosSantos_etal_2017_TableS1
Marmosops incanus,OlfactoryBulb_Mass.g,0.084,DosSantos_etal_2017_TableS1
Marmosops incanus,OlfactoryBulb_N.n,5520000,DosSantos_etal_2017_TableS1
Marmosops incanus,OlfactoryBulb_N.p.mg,65674,DosSantos_etal_2017_TableS1
Marmosops incanus,OlfactoryBulb_O.p.N,0.958,DosSantos_etal_2017_TableS1
Marmosops incanus,PonsMedulla_Mass.g,0.148,DosSantos_etal_2017_TableS1
Marmosops incanus,PonsMedulla_N.n,2800000,DosSantos_etal_2017_TableS1
Marmosops incanus,PonsMedulla_N.p.mg,18926,DosSantos_etal_2017_TableS1
Marmosops incanus,PonsMedulla_O.p.N,3.713,DosSantos_etal_2017_TableS1
Marmosops incanus,RoB_I.p.C,0.0651,DosSantos_etal_2020_unpublished
Marmosops incanus,RoB_Mass.g,0.344,DosSantos_etal_2017_TableS1
Marmosops incanus,RoB_N.n,9240000,DosSantos_etal_2017_TableS1
Marmosops incanus,RoB_N.p.mg,26857,DosSantos_etal_2017_TableS1
Marmosops incanus,RoB_O.p.N,2.878,DosSantos_etal_2017_TableS1
Marmosops incanus,WholeBrain_I.p.C,0.0296,DosSantos_etal_2020_unpublished
Marmosops incanus,WholeBrain_Mass.g,0.91,DosSantos_etal_2017_TableS1
Marmosops incanus,WholeBrain_N.n,112050000,DosSantos_etal_2017_TableS1
Marmosops incanus,WholeBrain_N.p.mg,123131.868131868,DosSantos_etal_2017_TableS1
Marmosops incanus,WholeBrain_O.p.N,0.788,DosSantos_etal_2017_TableS1
Megaloglossus woermanni,Body_Mass.g,17.9,HerculanoHouzel_etal_2020_TABLE1
Megaloglossus woermanni,Cerebellum_Mass.g,0.0793051766641897,HerculanoHouzel_etal_2020_TABLE2
Megaloglossus woermanni,Cerebellum_N.n,49734021,HerculanoHouzel_etal_2020_TABLE2
Megaloglossus woermanni,Cerebellum_N.p.mg,627122,HerculanoHouzel_etal_2020_TABLE2
Megaloglossus woermanni,CerebralCortex_Mass.g,0.30909766173032,HerculanoHouzel_etal_2020_TABLE2
Megaloglossus woermanni,CerebralCortex_N.n,11897169,HerculanoHouzel_etal_2020_TABLE2
Megaloglossus woermanni,CerebralCortex_N.p.mg,38490,HerculanoHouzel_etal_2020_TABLE2
Megaloglossus woermanni,RoB_Mass.g,0.15908278004271,HerculanoHouzel_etal_2020_TABLE2
Megaloglossus woermanni,RoB_N.n,4097177,HerculanoHouzel_etal_2020_TABLE2
Megaloglossus woermanni,RoB_N.p.mg,25755,HerculanoHouzel_etal_2020_TABLE2
Megaloglossus woermanni,WholeBrain_Mass.g,0.55,HerculanoHouzel_etal_2020_TABLE1
Megaloglossus woermanni,WholeBrain_N.n,65728366,HerculanoHouzel_etal_2020_TABLE1
Megaloglossus woermanni,WholeBrain_N.p.mg,119506.12,HerculanoHouzel_etal_2020_TABLE1
Mesocricetus auratus,Body_Mass.g,168.1,HerculanoHouzel_etal_2015_Table5
Mesocricetus auratus,Cerebellum_C.n,68640000,HerculanoHouzel_etal_2015_Table2
Mesocricetus auratus,Cerebellum_Mass.g,0.145,HerculanoHouzel_etal_2015_Table2
Mesocricetus auratus,Cerebellum_N.n,61210000,HerculanoHouzel_etal_2015_Table2
Mesocricetus auratus,Cerebellum_N.p.mg,424002,HerculanoHouzel_etal_2015_Table2
Mesocricetus auratus,Cerebellum_O.n,7430000,HerculanoHouzel_etal_2015_Table2
Mesocricetus auratus,Cerebellum_O.p.N,0.121,HerculanoHouzel_etal_2015_Table2
Mesocricetus auratus,Cerebellum_O.p.mg,51332,HerculanoHouzel_etal_2015_Table2
Mesocricetus auratus,Cerebellum_p.C.N,89.1754079254079,HerculanoHouzel_etal_2015_Table2
Mesocricetus auratus,CerebralCortex_C.n,59010000,HerculanoHouzel_etal_2015_Table1
Mesocricetus auratus,CerebralCortex_Mass.g,0.446,HerculanoHouzel_etal_2015_Table1
Mesocricetus auratus,CerebralCortex_N.n,17140000,HerculanoHouzel_etal_2015_Table1
Mesocricetus auratus,CerebralCortex_N.p.mg,39099,HerculanoHouzel_etal_2015_Table1
Mesocricetus auratus,CerebralCortex_O.n,41870000,HerculanoHouzel_etal_2015_Table1
Mesocricetus auratus,CerebralCortex_O.p.N,2.507,HerculanoHouzel_etal_2015_Table1
Mesocricetus auratus,CerebralCortex_O.p.mg,94271,HerculanoHouzel_etal_2015_Table1
Mesocricetus auratus,CerebralCortex_p.C.N,29.0459244195899,HerculanoHouzel_etal_2015_Table1
Mesocricetus auratus,OlfactoryBulb_C.n,11255100,HerculanoHouzel_etal_2015_Table4
Mesocricetus auratus,OlfactoryBulb_Mass.g,0.055,HerculanoHouzel_etal_2015_Table4
Mesocricetus auratus,OlfactoryBulb_N.n,5747930,HerculanoHouzel_etal_2015_Table4
Mesocricetus auratus,OlfactoryBulb_N.p.mg,105418,HerculanoHouzel_etal_2015_Table4
Mesocricetus auratus,OlfactoryBulb_O.n,5507170,HerculanoHouzel_etal_2015_Table4
Mesocricetus auratus,OlfactoryBulb_O.p.N,0.972,HerculanoHouzel_etal_2015_Table4
Mesocricetus auratus,OlfactoryBulb_O.p.mg,96197,HerculanoHouzel_etal_2015_Table4
Mesocricetus auratus,OlfactoryBulb_p.C.N,51.069559577436,HerculanoHouzel_etal_2015_Table4
Mesocricetus auratus,RoB_C.n,27200000,HerculanoHouzel_etal_2015_Table3
Mesocricetus auratus,RoB_Mass.g,0.375,HerculanoHouzel_etal_2015_Table3
Mesocricetus auratus,RoB_N.n,5870000,HerculanoHouzel_etal_2015_Table3
Mesocricetus auratus,RoB_N.p.mg,15611,HerculanoHouzel_etal_2015_Table3
Mesocricetus auratus,RoB_O.n,21330000,HerculanoHouzel_etal_2015_Table3
Mesocricetus auratus,RoB_O.p.N,3.556,HerculanoHouzel_etal_2015_Table3
Mesocricetus auratus,RoB_O.p.mg,55804,HerculanoHouzel_etal_2015_Table3
Mesocricetus auratus,RoB_p.C.N,21.5808823529412,HerculanoHouzel_etal_2015_Table3
Mesocricetus auratus,WholeBrain_C.n,154860000,HerculanoHouzel_etal_2015_Table5
Mesocricetus auratus,WholeBrain_Mass.g,0.965,HerculanoHouzel_etal_2015_Table5
Mesocricetus auratus,WholeBrain_N.n,84220000,HerculanoHouzel_etal_2015_Table5
Mesocricetus auratus,WholeBrain_N.p.mg,87274.6113989637,HerculanoHouzel_etal_2015_Table5
Mesocricetus auratus,WholeBrain_O.n,70640000,HerculanoHouzel_etal_2015_Table5
Mesocricetus auratus,WholeBrain_O.p.N,0.838755639990501,HerculanoHouzel_etal_2015_Table5
Mesocricetus auratus,WholeBrain_O.p.mg,73202.0725388601,HerculanoHouzel_etal_2015_Table5
Mesocricetus auratus,WholeBrain_p.C.N,54.3,HerculanoHouzel_etal_2015_Table5
Metachirus nudicaudatus,Body_Mass.g,407,DosSantos_etal_2017_TableS1
Metachirus nudicaudatus,Cerebellum_I.p.C,0.0104,DosSantos_etal_2020_unpublished
Metachirus nudicaudatus,Cerebellum_Mass.g,0.342,DosSantos_etal_2017_TableS1
Metachirus nudicaudatus,Cerebellum_N.n,134130000,DosSantos_etal_2017_TableS1
Metachirus nudicaudatus,Cerebellum_N.p.mg,392196,DosSantos_etal_2017_TableS1
Metachirus nudicaudatus,Cerebellum_O.p.N,0.24,DosSantos_etal_2017_TableS1
Metachirus nudicaudatus,CerebralCortexNoHippocampus_I.p.C,0.0306,DosSantos_etal_2020_unpublished
Metachirus nudicaudatus,CerebralCortex_I.p.C,0.0313,DosSantos_etal_2020_unpublished
Metachirus nudicaudatus,CerebralCortex_Mass.g,0.992,DosSantos_etal_2017_TableS1
Metachirus nudicaudatus,CerebralCortex_N.n,20190000,DosSantos_etal_2017_TableS1
Metachirus nudicaudatus,CerebralCortex_N.p.mg,20354,DosSantos_etal_2017_TableS1
Metachirus nudicaudatus,CerebralCortex_O.p.N,3.199,DosSantos_etal_2017_TableS1
Metachirus nudicaudatus,DiencephalonStriatum_Mass.g,0.234,DosSantos_etal_2017_TableS1
Metachirus nudicaudatus,DiencephalonStriatum_N.n,3890000,DosSantos_etal_2017_TableS1
Metachirus nudicaudatus,DiencephalonStriatum_N.p.mg,16618,DosSantos_etal_2017_TableS1
Metachirus nudicaudatus,DiencephalonStriatum_O.p.N,5.707,DosSantos_etal_2017_TableS1
Metachirus nudicaudatus,Hippocampus_I.p.C,0.0353,DosSantos_etal_2020_unpublished
Metachirus nudicaudatus,Hippocampus_Mass.g,0.144,DosSantos_etal_2017_TableS1
Metachirus nudicaudatus,Hippocampus_N.n,4190000,DosSantos_etal_2017_TableS1
Metachirus nudicaudatus,Hippocampus_N.p.mg,29109,DosSantos_etal_2017_TableS1
Metachirus nudicaudatus,Hippocampus_O.p.N,1.899,DosSantos_etal_2017_TableS1
Metachirus nudicaudatus,MesencephalonDiencephalonStriatum_Mass.g,0.392,DosSantos_etal_2017_TableS1
Metachirus nudicaudatus,MesencephalonDiencephalonStriatum_N.n,7510000,DosSantos_etal_2017_TableS1
Metachirus nudicaudatus,MesencephalonDiencephalonStriatum_N.p.mg,19161,DosSantos_etal_2017_TableS1
Metachirus nudicaudatus,MesencephalonDiencephalonStriatum_O.p.N,4.489,DosSantos_etal_2017_TableS1
Metachirus nudicaudatus,Mesencephalon_Mass.g,0.158,DosSantos_etal_2017_TableS1
Metachirus nudicaudatus,Mesencephalon_N.n,3620000,DosSantos_etal_2017_TableS1
Metachirus nudicaudatus,Mesencephalon_N.p.mg,22926,DosSantos_etal_2017_TableS1
Metachirus nudicaudatus,Mesencephalon_O.p.N,3.182,DosSantos_etal_2017_TableS1
Metachirus nudicaudatus,OlfactoryBulb_Mass.g,0.206,DosSantos_etal_2017_TableS1
Metachirus nudicaudatus,OlfactoryBulb_N.n,31380000,DosSantos_etal_2017_TableS1
Metachirus nudicaudatus,OlfactoryBulb_N.p.mg,152341,DosSantos_etal_2017_TableS1
Metachirus nudicaudatus,OlfactoryBulb_O.p.N,0.647,DosSantos_etal_2017_TableS1
Metachirus nudicaudatus,PonsMedulla_Mass.g,0.282,DosSantos_etal_2017_TableS1
Metachirus nudicaudatus,PonsMedulla_N.n,3760000,DosSantos_etal_2017_TableS1
Metachirus nudicaudatus,PonsMedulla_N.p.mg,13338,DosSantos_etal_2017_TableS1
Metachirus nudicaudatus,PonsMedulla_O.p.N,5.653,DosSantos_etal_2017_TableS1
Metachirus nudicaudatus,RoB_I.p.C,0.0554,DosSantos_etal_2020_unpublished
Metachirus nudicaudatus,RoB_Mass.g,0.674,DosSantos_etal_2017_TableS1
Metachirus nudicaudatus,RoB_N.n,11270000,DosSantos_etal_2017_TableS1
Metachirus nudicaudatus,RoB_N.p.mg,16725,DosSantos_etal_2017_TableS1
Metachirus nudicaudatus,RoB_O.p.N,4.878,DosSantos_etal_2017_TableS1
Metachirus nudicaudatus,WholeBrain_I.p.C,0.0254,DosSantos_etal_2020_unpublished
Metachirus nudicaudatus,WholeBrain_Mass.g,2.008,DosSantos_etal_2017_TableS1
Metachirus nudicaudatus,WholeBrain_N.n,165590000,DosSantos_etal_2017_TableS1
Metachirus nudicaudatus,WholeBrain_N.p.mg,82465.1394422311,DosSantos_etal_2017_TableS1
Metachirus nudicaudatus,WholeBrain_O.p.N,0.916,DosSantos_etal_2017_TableS1
Microcebus murinus,Body_Mass.g,60,HerculanoHouzel_etal_2015_Table5
Microcebus murinus,Cerebellum_C.n,238820000,HerculanoHouzel_etal_2015_Table2
Microcebus murinus,Cerebellum_Mass.g,0.391,HerculanoHouzel_etal_2015_Table2
Microcebus murinus,Cerebellum_N.n,221386140,HerculanoHouzel_etal_2015_Table2
Microcebus murinus,Cerebellum_N.p.mg,566205,HerculanoHouzel_etal_2015_Table2
Microcebus murinus,Cerebellum_O.n,17433860,HerculanoHouzel_etal_2015_Table2
Microcebus murinus,Cerebellum_O.p.N,0.079,HerculanoHouzel_etal_2015_Table2
Microcebus murinus,Cerebellum_O.p.mg,44588,HerculanoHouzel_etal_2015_Table2
Microcebus murinus,Cerebellum_p.C.N,92.7,HerculanoHouzel_etal_2015_Table2
Microcebus murinus,CerebralCortex_C.n,92960000,HerculanoHouzel_etal_2015_Table1
Microcebus murinus,CerebralCortex_Mass.g,0.908,HerculanoHouzel_etal_2015_Table1
Microcebus murinus,CerebralCortex_N.n,22310400,HerculanoHouzel_etal_2015_Table1
Microcebus murinus,CerebralCortex_N.p.mg,24571,HerculanoHouzel_etal_2015_Table1
Microcebus murinus,CerebralCortex_O.n,70649600,HerculanoHouzel_etal_2015_Table1
Microcebus murinus,CerebralCortex_O.p.N,3.167,HerculanoHouzel_etal_2015_Table1
Microcebus murinus,CerebralCortex_O.p.mg,77808,HerculanoHouzel_etal_2015_Table1
Microcebus murinus,CerebralCortex_p.C.N,24,HerculanoHouzel_etal_2015_Table1
Microcebus murinus,OlfactoryBulb_C.n,17360000,HerculanoHouzel_etal_2015_Table4
Microcebus murinus,OlfactoryBulb_Mass.g,0.03,HerculanoHouzel_etal_2015_Table4
Microcebus murinus,OlfactoryBulb_N.n,7636912,HerculanoHouzel_etal_2015_Table4
Microcebus murinus,OlfactoryBulb_N.p.mg,270894,HerculanoHouzel_etal_2015_Table4
Microcebus murinus,OlfactoryBulb_O.n,9723088,HerculanoHouzel_etal_2015_Table4
Microcebus murinus,OlfactoryBulb_O.p.N,1.273,HerculanoHouzel_etal_2015_Table4
Microcebus murinus,OlfactoryBulb_O.p.mg,341900,HerculanoHouzel_etal_2015_Table4
Microcebus murinus,OlfactoryBulb_p.C.N,43.9914285714286,HerculanoHouzel_etal_2015_Table4
Microcebus murinus,RoB_C.n,61880000,HerculanoHouzel_etal_2015_Table3
Microcebus murinus,RoB_Mass.g,0.5,HerculanoHouzel_etal_2015_Table3
Microcebus murinus,RoB_N.n,11014640,HerculanoHouzel_etal_2015_Table3
Microcebus murinus,RoB_N.p.mg,22029,HerculanoHouzel_etal_2015_Table3
Microcebus murinus,RoB_O.n,50865360,HerculanoHouzel_etal_2015_Table3
Microcebus murinus,RoB_O.p.N,4.618,HerculanoHouzel_etal_2015_Table3
Microcebus murinus,RoB_O.p.mg,101731,HerculanoHouzel_etal_2015_Table3
Microcebus murinus,RoB_p.C.N,17.8,HerculanoHouzel_etal_2015_Table3
Microcebus murinus,SpinalCord_C.n,22950000,Burish_etal_2010_Table1
Microcebus murinus,SpinalCord_Mass.g,0.235,Burish_etal_2010_Table1
Microcebus murinus,SpinalCord_N.n,1680000,Burish_etal_2010_Table1
Microcebus murinus,SpinalCord_N.p.mg,7150,Burish_etal_2010_Table1
Microcebus murinus,SpinalCord_O.n,21270000,Burish_etal_2010_Table1
Microcebus murinus,SpinalCord_O.p.N,12.6607142857143,Burish_etal_2010_Table1
Microcebus murinus,SpinalCord_O.p.mg,90398,Burish_etal_2010_Table1
Microcebus murinus,SpinalCord_p.C.Body.mass,0.39,Burish_etal_2010_Table1
Microcebus murinus,SpinalCord_p.C.CNS.mass,11.55,Burish_etal_2010_Table1
Microcebus murinus,SpinalCord_p.C.CNS.neurons,0.66,Burish_etal_2010_Table1
Microcebus murinus,SpinalCord_p.C.N,7.33,Burish_etal_2010_Table1
Microcebus murinus,WholeBrain_C.n,393660000,HerculanoHouzel_etal_2015_Table5
Microcebus murinus,WholeBrain_Mass.g,1.799,HerculanoHouzel_etal_2015_Table5
Microcebus murinus,WholeBrain_N.n,254711180,HerculanoHouzel_etal_2015_Table5
Microcebus murinus,WholeBrain_N.p.mg,141584.869371873,HerculanoHouzel_etal_2015_Table5
Microcebus murinus,WholeBrain_O.n,138948820,HerculanoHouzel_etal_2015_Table5
Microcebus murinus,WholeBrain_O.p.N,0.545515198822447,HerculanoHouzel_etal_2015_Table5
Microcebus murinus,WholeBrain_O.p.mg,77236.6981656476,HerculanoHouzel_etal_2015_Table5
Microcebus murinus,WholeBrain_p.C.N,64.7,HerculanoHouzel_etal_2015_Table5
Miniopterus schreibersii,Body_Mass.g,11.6,HerculanoHouzel_etal_2020_TABLE1
Miniopterus schreibersii,Cerebellum_Mass.g,0.0485319852158389,HerculanoHouzel_etal_2020_TABLE2
Miniopterus schreibersii,Cerebellum_N.n,44447776,HerculanoHouzel_etal_2020_TABLE2
Miniopterus schreibersii,Cerebellum_N.p.mg,915845,HerculanoHouzel_etal_2020_TABLE2
Miniopterus schreibersii,CerebralCortex_Mass.g,0.0858064733364199,HerculanoHouzel_etal_2020_TABLE2
Miniopterus schreibersii,CerebralCortex_N.n,6116028,HerculanoHouzel_etal_2020_TABLE2
Miniopterus schreibersii,CerebralCortex_N.p.mg,71277,HerculanoHouzel_etal_2020_TABLE2
Miniopterus schreibersii,RoB_Mass.g,0.0860579352746436,HerculanoHouzel_etal_2020_TABLE2
Miniopterus schreibersii,RoB_N.n,5094974,HerculanoHouzel_etal_2020_TABLE2
Miniopterus schreibersii,RoB_N.p.mg,59204,HerculanoHouzel_etal_2020_TABLE2
Miniopterus schreibersii,WholeBrain_Mass.g,0.219,HerculanoHouzel_etal_2020_TABLE1
Miniopterus schreibersii,WholeBrain_N.n,55658777,HerculanoHouzel_etal_2020_TABLE1
Miniopterus schreibersii,WholeBrain_N.p.mg,254149.666666667,HerculanoHouzel_etal_2020_TABLE1
Mops pumilus,Body_Mass.g,5.4,HerculanoHouzel_etal_2020_TABLE1
Mops pumilus,Cerebellum_Mass.g,0.0363065668838663,HerculanoHouzel_etal_2020_TABLE2
Mops pumilus,Cerebellum_N.n,25324375,HerculanoHouzel_etal_2020_TABLE2
Mops pumilus,Cerebellum_N.p.mg,697515,HerculanoHouzel_etal_2020_TABLE2
Mops pumilus,CerebralCortex_Mass.g,0.0841103528603641,HerculanoHouzel_etal_2020_TABLE2
Mops pumilus,CerebralCortex_N.n,5632618,HerculanoHouzel_etal_2020_TABLE2
Mops pumilus,CerebralCortex_N.p.mg,66967,HerculanoHouzel_etal_2020_TABLE2
Mops pumilus,RoB_Mass.g,0.0847179242886179,HerculanoHouzel_etal_2020_TABLE2
Mops pumilus,RoB_N.n,4001397,HerculanoHouzel_etal_2020_TABLE2
Mops pumilus,RoB_N.p.mg,47232,HerculanoHouzel_etal_2020_TABLE2
Mops pumilus,WholeBrain_Mass.g,0.208,HerculanoHouzel_etal_2020_TABLE1
Mops pumilus,WholeBrain_N.n,34958391,HerculanoHouzel_etal_2020_TABLE1
Mops pumilus,WholeBrain_N.p.mg,168069.1875,HerculanoHouzel_etal_2020_TABLE1
Mungos mungo,Body_Mass.g,1500,JardimMesseder_etal_2017_Table1
Mungos mungo,Cerebellum_C.n,470000000,JardimMesseder_etal_2017_Table1
Mungos mungo,Cerebellum_I.n,8695000,DosSantos_etal_2020_unpublished_JardimMesseder_etal_2017_Table1
Mungos mungo,Cerebellum_I.p.C,0.0185,DosSantos_etal_2020_unpublished
Mungos mungo,Cerebellum_I.p.mg,5616.92506459948,DosSantos_etal_2020_unpublished_JardimMesseder_etal_2017_Table1_JardimMesseder_etal_2017_Table1
Mungos mungo,Cerebellum_Mass.g,1.548,JardimMesseder_etal_2017_Table1
Mungos mungo,Cerebellum_N.n,315740000,JardimMesseder_etal_2017_Table1
Mungos mungo,Cerebellum_N.p.mg,203966,JardimMesseder_etal_2017_Table1
Mungos mungo,Cerebellum_O.n,154260000,JardimMesseder_etal_2017_Table1
Mungos mungo,Cerebellum_O.p.N,0.489,JardimMesseder_etal_2017_Table1
Mungos mungo,Cerebellum_O.p.mg,99651.1627906977,JardimMesseder_etal_2017_Table1
Mungos mungo,Cerebellum_p.C.N,67.1787234042553,JardimMesseder_etal_2017_Table1
Mungos mungo,CerebralCortex_C.n,462330000,JardimMesseder_etal_2017_Table1
Mungos mungo,CerebralCortex_Mass.g,9.29,JardimMesseder_etal_2017_Table1
Mungos mungo,CerebralCortex_N.n,115770000,JardimMesseder_etal_2017_Table1
Mungos mungo,CerebralCortex_N.p.mg,12462,JardimMesseder_etal_2017_Table1
Mungos mungo,CerebralCortex_O.n,346560000,JardimMesseder_etal_2017_Table1
Mungos mungo,CerebralCortex_O.p.N,2.994,JardimMesseder_etal_2017_Table1
Mungos mungo,CerebralCortex_O.p.mg,37304.6286329386,JardimMesseder_etal_2017_Table1
Mungos mungo,CerebralCortex_p.C.N,25.0405554474077,JardimMesseder_etal_2017_Table1
Mungos mungo,Hippocampus_C.n,25620000,JardimMesseder_etal_2017_Table1
Mungos mungo,Hippocampus_I.n,863394,DosSantos_etal_2020_unpublished_JardimMesseder_etal_2017_Table1
Mungos mungo,Hippocampus_I.p.C,0.0337,DosSantos_etal_2020_unpublished
Mungos mungo,Hippocampus_I.p.mg,2017.27570093458,DosSantos_etal_2020_unpublished_JardimMesseder_etal_2017_Table1_JardimMesseder_etal_2017_Table1
Mungos mungo,Hippocampus_Mass.g,0.428,JardimMesseder_etal_2017_Table1
Mungos mungo,Hippocampus_N.n,2660000,JardimMesseder_etal_2017_Table1
Mungos mungo,Hippocampus_N.p.mg,6225,JardimMesseder_etal_2017_Table1
Mungos mungo,Hippocampus_O.n,22960000,JardimMesseder_etal_2017_Table1
Mungos mungo,Hippocampus_O.p.N,8.618,JardimMesseder_etal_2017_Table1
Mungos mungo,Hippocampus_O.p.mg,53644.8598130841,JardimMesseder_etal_2017_Table1
Mungos mungo,Hippocampus_p.C.N,10.3825136612022,JardimMesseder_etal_2017_Table1
Mungos mungo,RoB_C.n,174050000,JardimMesseder_etal_2017_Table1
Mungos mungo,RoB_I.n,6613900,DosSantos_etal_2020_unpublished_JardimMesseder_etal_2017_Table1
Mungos mungo,RoB_I.p.C,0.038,DosSantos_etal_2020_unpublished
Mungos mungo,RoB_I.p.mg,1914.85234510712,DosSantos_etal_2020_unpublished_JardimMesseder_etal_2017_Table1_JardimMesseder_etal_2017_Table1
Mungos mungo,RoB_Mass.g,3.454,JardimMesseder_etal_2017_Table1
Mungos mungo,RoB_N.n,22510000,JardimMesseder_etal_2017_Table1
Mungos mungo,RoB_N.p.mg,6518,JardimMesseder_etal_2017_Table1
Mungos mungo,RoB_O.n,151540000,JardimMesseder_etal_2017_Table1
Mungos mungo,RoB_O.p.N,6.731,JardimMesseder_etal_2017_Table1
Mungos mungo,RoB_O.p.mg,43873.7695425593,JardimMesseder_etal_2017_Table1
Mungos mungo,RoB_p.C.N,12.9330652111462,JardimMesseder_etal_2017_Table1
Mungos mungo,WholeBrain_C.n,1106390000,JardimMesseder_etal_2017_Table1
Mungos mungo,WholeBrain_Mass.g,14.292,JardimMesseder_etal_2017_Table1
Mungos mungo,WholeBrain_N.n,454020000,JardimMesseder_etal_2017_Table1
Mungos mungo,WholeBrain_N.p.mg,31767.422334173,JardimMesseder_etal_2017_Table1
Mungos mungo,WholeBrain_O.n,652370000,JardimMesseder_etal_2017_Table1
Mungos mungo,WholeBrain_O.p.N,1.437,JardimMesseder_etal_2017_Table1
Mungos mungo,WholeBrain_O.p.mg,45645.81584103,JardimMesseder_etal_2017_Table1
Mungos mungo,WholeBrain_p.C.N,41.0361626551216,JardimMesseder_etal_2017_Table1
Mus musculus,Body_Mass.g,40.4,HerculanoHouzel_etal_2015_Table5
Mus musculus,Cerebellum_C.n,49167499,HerculanoHouzel_etal_2015_Table2
Mus musculus,Cerebellum_Mass.g,0.056,HerculanoHouzel_etal_2015_Table2
Mus musculus,Cerebellum_N.n,42219708,HerculanoHouzel_etal_2015_Table2
Mus musculus,Cerebellum_N.p.mg,746691,HerculanoHouzel_etal_2015_Table2
Mus musculus,Cerebellum_O.n,6947791,HerculanoHouzel_etal_2015_Table2
Mus musculus,Cerebellum_O.p.N,0.165,HerculanoHouzel_etal_2015_Table2
Mus musculus,Cerebellum_O.p.mg,123493,HerculanoHouzel_etal_2015_Table2
Mus musculus,Cerebellum_p.C.N,85.8691388797303,HerculanoHouzel_etal_2015_Table2
Mus musculus,CerebralCortex_C.n,25750000,HerculanoHouzel_etal_2015_Table1
Mus musculus,CerebralCortex_Mass.g,0.173,HerculanoHouzel_etal_2015_Table1
Mus musculus,CerebralCortex_N.n,13688162,HerculanoHouzel_etal_2015_Table1
Mus musculus,CerebralCortex_N.p.mg,78672,HerculanoHouzel_etal_2015_Table1
Mus musculus,CerebralCortex_O.n,12061838,HerculanoHouzel_etal_2015_Table1
Mus musculus,CerebralCortex_O.p.N,0.87,HerculanoHouzel_etal_2015_Table1
Mus musculus,CerebralCortex_O.p.mg,68643,HerculanoHouzel_etal_2015_Table1
Mus musculus,CerebralCortex_p.C.N,53.1579106796117,HerculanoHouzel_etal_2015_Table1
Mus musculus,OlfactoryBulb_C.n,9350000,HerculanoHouzel_etal_2015_Table4
Mus musculus,OlfactoryBulb_Mass.g,0.014,HerculanoHouzel_etal_2015_Table4
Mus musculus,OlfactoryBulb_N.n,3893300,HerculanoHouzel_etal_2015_Table4
Mus musculus,OlfactoryBulb_N.p.mg,257475,HerculanoHouzel_etal_2015_Table4
Mus musculus,OlfactoryBulb_O.n,5456700,HerculanoHouzel_etal_2015_Table4
Mus musculus,OlfactoryBulb_O.p.N,1.454,HerculanoHouzel_etal_2015_Table4
Mus musculus,OlfactoryBulb_O.p.mg,371204,HerculanoHouzel_etal_2015_Table4
Mus musculus,OlfactoryBulb_p.C.N,41.6395721925134,HerculanoHouzel_etal_2015_Table4
Mus musculus,RoB_C.n,26810000,HerculanoHouzel_etal_2015_Table3
Mus musculus,RoB_Mass.g,0.172,HerculanoHouzel_etal_2015_Table3
Mus musculus,RoB_N.n,11960000,HerculanoHouzel_etal_2015_Table3
Mus musculus,RoB_N.p.mg,64301,HerculanoHouzel_etal_2015_Table3
Mus musculus,RoB_O.n,14850000,HerculanoHouzel_etal_2015_Table3
Mus musculus,RoB_O.p.N,1.242,HerculanoHouzel_etal_2015_Table3
Mus musculus,RoB_O.p.mg,79839,HerculanoHouzel_etal_2015_Table3
Mus musculus,RoB_p.C.N,44.6102200671391,HerculanoHouzel_etal_2015_Table3
Mus musculus,WholeBrain_C.n,101732500,HerculanoHouzel_etal_2015_Table5
Mus musculus,WholeBrain_Mass.g,0.402,HerculanoHouzel_etal_2015_Table5
Mus musculus,WholeBrain_N.n,67873741,HerculanoHouzel_etal_2015_Table5
Mus musculus,WholeBrain_N.p.mg,168840.151741294,HerculanoHouzel_etal_2015_Table5
Mus musculus,WholeBrain_O.n,33858759,HerculanoHouzel_etal_2015_Table5
Mus musculus,WholeBrain_O.p.N,0.498849164657065,HerculanoHouzel_etal_2015_Table5
Mus musculus,WholeBrain_O.p.mg,84225.7686567164,HerculanoHouzel_etal_2015_Table5
Mus musculus,WholeBrain_p.C.N,65.3,HerculanoHouzel_etal_2015_Table5
Mustela putorius furo,Body_Mass.g,800,JardimMesseder_etal_2017_Table1
Mustela putorius furo,Cerebellum_C.n,430860000,JardimMesseder_etal_2017_Table1
Mustela putorius furo,Cerebellum_I.n,8832630,DosSantos_etal_2020_unpublished_JardimMesseder_etal_2017_Table1
Mustela putorius furo,Cerebellum_I.p.C,0.0205,DosSantos_etal_2020_unpublished
Mustela putorius furo,Cerebellum_I.p.mg,9600.6847826087,DosSantos_etal_2020_unpublished_JardimMesseder_etal_2017_Table1_JardimMesseder_etal_2017_Table1
Mustela putorius furo,Cerebellum_Mass.g,0.92,JardimMesseder_etal_2017_Table1
Mustela putorius furo,Cerebellum_N.n,351260000,JardimMesseder_etal_2017_Table1
Mustela putorius furo,Cerebellum_N.p.mg,381810,JardimMesseder_etal_2017_Table1
Mustela putorius furo,Cerebellum_O.n,79600000,JardimMesseder_etal_2017_Table1
Mustela putorius furo,Cerebellum_O.p.N,0.227,JardimMesseder_etal_2017_Table1
Mustela putorius furo,Cerebellum_O.p.mg,86521.7391304348,JardimMesseder_etal_2017_Table1
Mustela putorius furo,Cerebellum_p.C.N,81.525321450123,JardimMesseder_etal_2017_Table1
Mustela putorius furo,CerebralCortexNoHippocampus_I.p.C,0.0648,DosSantos_etal_2020_unpublished
Mustela putorius furo,CerebralCortex_C.n,303010000,JardimMesseder_etal_2017_Table1
Mustela putorius furo,CerebralCortex_I.n,20392573,DosSantos_etal_2020_unpublished_JardimMesseder_etal_2017_Table1
Mustela putorius furo,CerebralCortex_I.p.C,0.0673,DosSantos_etal_2020_unpublished
Mustela putorius furo,CerebralCortex_I.p.mg,6529.80243355748,DosSantos_etal_2020_unpublished_JardimMesseder_etal_2017_Table1_JardimMesseder_etal_2017_Table1
Mustela putorius furo,CerebralCortex_Mass.g,3.123,JardimMesseder_etal_2017_Table1
Mustela putorius furo,CerebralCortex_N.n,38950000,JardimMesseder_etal_2017_Table1
Mustela putorius furo,CerebralCortex_N.p.mg,12473,JardimMesseder_etal_2017_Table1
Mustela putorius furo,CerebralCortex_O.n,264060000,JardimMesseder_etal_2017_Table1
Mustela putorius furo,CerebralCortex_O.p.N,6.779,JardimMesseder_etal_2017_Table1
Mustela putorius furo,CerebralCortex_O.p.mg,84553.3141210375,JardimMesseder_etal_2017_Table1
Mustela putorius furo,CerebralCortex_p.C.N,12.8543612422032,JardimMesseder_etal_2017_Table1
Mustela putorius furo,Hippocampus_C.n,32500000,JardimMesseder_etal_2017_Table1
Mustela putorius furo,Hippocampus_I.n,2856750,DosSantos_etal_2020_unpublished_JardimMesseder_etal_2017_Table1
Mustela putorius furo,Hippocampus_I.p.C,0.0879,DosSantos_etal_2020_unpublished
Mustela putorius furo,Hippocampus_I.p.mg,8683.13069908815,DosSantos_etal_2020_unpublished_JardimMesseder_etal_2017_Table1_JardimMesseder_etal_2017_Table1
Mustela putorius furo,Hippocampus_Mass.g,0.329,JardimMesseder_etal_2017_Table1
Mustela putorius furo,Hippocampus_N.n,3190000,JardimMesseder_etal_2017_Table1
Mustela putorius furo,Hippocampus_N.p.mg,9702,JardimMesseder_etal_2017_Table1
Mustela putorius furo,Hippocampus_O.n,29310000,JardimMesseder_etal_2017_Table1
Mustela putorius furo,Hippocampus_O.p.N,9.182,JardimMesseder_etal_2017_Table1
Mustela putorius furo,Hippocampus_O.p.mg,89088.1458966565,JardimMesseder_etal_2017_Table1
Mustela putorius furo,Hippocampus_p.C.N,9.81538461538461,JardimMesseder_etal_2017_Table1
Mustela putorius furo,OlfactoryBulb_C.n,57520000,JardimMesseder_etal_2017_Table1
Mustela putorius furo,OlfactoryBulb_Mass.g,0.25,JardimMesseder_etal_2017_Table1
Mustela putorius furo,OlfactoryBulb_N.n,14040000,JardimMesseder_etal_2017_Table1
Mustela putorius furo,OlfactoryBulb_N.p.mg,56150,JardimMesseder_etal_2017_Table1
Mustela putorius furo,OlfactoryBulb_O.n,43480000,JardimMesseder_etal_2017_Table1
Mustela putorius furo,OlfactoryBulb_O.p.N,3.097,JardimMesseder_etal_2017_Table1
Mustela putorius furo,OlfactoryBulb_O.p.mg,173920,JardimMesseder_etal_2017_Table1
Mustela putorius furo,OlfactoryBulb_p.C.N,24.4089012517385,JardimMesseder_etal_2017_Table1
Mustela putorius furo,RoB_C.n,143540000,JardimMesseder_etal_2017_Table1
Mustela putorius furo,RoB_I.n,12846830,DosSantos_etal_2020_unpublished_JardimMesseder_etal_2017_Table1
Mustela putorius furo,RoB_I.p.C,0.0895,DosSantos_etal_2020_unpublished
Mustela putorius furo,RoB_I.p.mg,9268.99711399711,DosSantos_etal_2020_unpublished_JardimMesseder_etal_2017_Table1_JardimMesseder_etal_2017_Table1
Mustela putorius furo,RoB_Mass.g,1.386,JardimMesseder_etal_2017_Table1
Mustela putorius furo,RoB_N.n,14210000,JardimMesseder_etal_2017_Table1
Mustela putorius furo,RoB_N.p.mg,10253,JardimMesseder_etal_2017_Table1
Mustela putorius furo,RoB_O.n,129330000,JardimMesseder_etal_2017_Table1
Mustela putorius furo,RoB_O.p.N,9.101,JardimMesseder_etal_2017_Table1
Mustela putorius furo,RoB_O.p.mg,93311.6883116883,JardimMesseder_etal_2017_Table1
Mustela putorius furo,RoB_p.C.N,9.89967953183782,JardimMesseder_etal_2017_Table1
Mustela putorius furo,WholeBrain_C.n,877410000,JardimMesseder_etal_2017_Table1
Mustela putorius furo,WholeBrain_I.n,42115680,DosSantos_etal_2020_unpublished_JardimMesseder_etal_2017_Table1
Mustela putorius furo,WholeBrain_I.p.C,0.048,DosSantos_etal_2020_unpublished
Mustela putorius furo,WholeBrain_I.p.mg,7757.53914164671,DosSantos_etal_2020_unpublished_JardimMesseder_etal_2017_Table1_JardimMesseder_etal_2017_Table1
Mustela putorius furo,WholeBrain_Mass.g,5.429,JardimMesseder_etal_2017_Table1
Mustela putorius furo,WholeBrain_N.n,404430000,JardimMesseder_etal_2017_Table1
Mustela putorius furo,WholeBrain_N.p.mg,74494.3820224719,JardimMesseder_etal_2017_Table1
Mustela putorius furo,WholeBrain_O.n,472980000,JardimMesseder_etal_2017_Table1
Mustela putorius furo,WholeBrain_O.p.N,1.253,JardimMesseder_etal_2017_Table1
Mustela putorius furo,WholeBrain_O.p.mg,87121.0167618346,JardimMesseder_etal_2017_Table1
Mustela putorius furo,WholeBrain_p.C.N,46.0936164392929,JardimMesseder_etal_2017_Table1
Notamacropus parma,Body_Mass.g,4268,DosSantos_etal_2017_TableS1
Notamacropus parma,Cerebellum_I.p.C,0.0073,DosSantos_etal_2020_unpublished
Notamacropus parma,Cerebellum_Mass.g,1.69,DosSantos_etal_2017_TableS1
Notamacropus parma,Cerebellum_N.n,558080000,DosSantos_etal_2017_TableS1
Notamacropus parma,Cerebellum_N.p.mg,330225,DosSantos_etal_2017_TableS1
Notamacropus parma,Cerebellum_O.p.N,0.447,DosSantos_etal_2017_TableS1
Notamacropus parma,CerebralCortexGrey_N.n,117630000,DosSantos_etal_2017_TableS1
Notamacropus parma,CerebralCortexGrey_N.p.mg,18707,DosSantos_etal_2017_TableS1
Notamacropus parma,CerebralCortexGrey_O.p.N,3.494,DosSantos_etal_2017_TableS1
Notamacropus parma,CerebralCortexNoHippocampus_I.p.C,0.053900000000000003,DosSantos_etal_2020_unpublished
Notamacropus parma,CerebralCortex_I.p.C,0.0555,DosSantos_etal_2020_unpublished
Notamacropus parma,CerebralCortex_Mass.g,9.914,DosSantos_etal_2017_TableS1
Notamacropus parma,CerebralCortex_N.n,135620000,DosSantos_etal_2017_TableS1
Notamacropus parma,CerebralCortex_N.p.mg,13680,DosSantos_etal_2017_TableS1
Notamacropus parma,CerebralCortex_O.p.N,5.411,DosSantos_etal_2017_TableS1
Notamacropus parma,Hippocampus_I.p.C,0.0657,DosSantos_etal_2020_unpublished
Notamacropus parma,Hippocampus_Mass.g,1.238,DosSantos_etal_2017_TableS1
Notamacropus parma,Hippocampus_N.n,8480000,DosSantos_etal_2017_TableS1
Notamacropus parma,Hippocampus_N.p.mg,6849,DosSantos_etal_2017_TableS1
Notamacropus parma,Hippocampus_O.p.N,13.006,DosSantos_etal_2017_TableS1
Notamacropus parma,MesencephalonDiencephalonStriatum_Mass.g,2.948,DosSantos_etal_2017_TableS1
Notamacropus parma,MesencephalonDiencephalonStriatum_N.n,12650000,DosSantos_etal_2017_TableS1
Notamacropus parma,MesencephalonDiencephalonStriatum_N.p.mg,4290,DosSantos_etal_2017_TableS1
Notamacropus parma,MesencephalonDiencephalonStriatum_O.p.N,20.645,DosSantos_etal_2017_TableS1
Notamacropus parma,PonsMedulla_Mass.g,1.162,DosSantos_etal_2017_TableS1
Notamacropus parma,PonsMedulla_N.n,4770000,DosSantos_etal_2017_TableS1
Notamacropus parma,PonsMedulla_N.p.mg,4107,DosSantos_etal_2017_TableS1
Notamacropus parma,PonsMedulla_O.p.N,15.447,DosSantos_etal_2017_TableS1
Notamacropus parma,RoB_I.p.C,0.0575,DosSantos_etal_2020_unpublished
Notamacropus parma,RoB_Mass.g,4.11,DosSantos_etal_2017_TableS1
Notamacropus parma,RoB_N.n,17420000,DosSantos_etal_2017_TableS1
Notamacropus parma,RoB_N.p.mg,4238,DosSantos_etal_2017_TableS1
Notamacropus parma,RoB_O.p.N,19.221,DosSantos_etal_2017_TableS1
Notamacropus parma,WholeBrain_I.p.C,0.038,DosSantos_etal_2020_unpublished
Notamacropus parma,WholeBrain_Mass.g,15.714,DosSantos_etal_2017_TableS1
Notamacropus parma,WholeBrain_N.n,711130000,DosSantos_etal_2017_TableS1
Notamacropus parma,WholeBrain_N.p.mg,45254.5500827288,DosSantos_etal_2017_TableS1
Notamacropus parma,WholeBrain_O.p.N,1.733,DosSantos_etal_2017_TableS1
Notamacropus rufogriseus,Body_Mass.g,11110,DosSantos_etal_2017_TableS1
Notamacropus rufogriseus,Cerebellum_I.p.C,0.0092,DosSantos_etal_2020_unpublished
Notamacropus rufogriseus,Cerebellum_Mass.g,3.572,DosSantos_etal_2017_TableS1
Notamacropus rufogriseus,Cerebellum_N.n,1020000000,DosSantos_etal_2017_TableS1
Notamacropus rufogriseus,Cerebellum_N.p.mg,286273,DosSantos_etal_2017_TableS1
Notamacropus rufogriseus,Cerebellum_O.p.N,0.289,DosSantos_etal_2017_TableS1
Notamacropus rufogriseus,CerebralCortexGrey_N.n,207740000,DosSantos_etal_2017_TableS1
Notamacropus rufogriseus,CerebralCortexGrey_N.p.mg,21631,DosSantos_etal_2017_TableS1
Notamacropus rufogriseus,CerebralCortexGrey_O.p.N,2.589,DosSantos_etal_2017_TableS1
Notamacropus rufogriseus,CerebralCortexNoHippocampus_I.p.C,0.0667,DosSantos_etal_2020_unpublished
Notamacropus rufogriseus,CerebralCortex_I.p.C,0.0692,DosSantos_etal_2020_unpublished
Notamacropus rufogriseus,CerebralCortex_Mass.g,16.102,DosSantos_etal_2017_TableS1
Notamacropus rufogriseus,CerebralCortex_N.n,256780000,DosSantos_etal_2017_TableS1
Notamacropus rufogriseus,CerebralCortex_N.p.mg,15947,DosSantos_etal_2017_TableS1
Notamacropus rufogriseus,CerebralCortex_O.p.N,4.545,DosSantos_etal_2017_TableS1
Notamacropus rufogriseus,Hippocampus_I.p.C,0.0885,DosSantos_etal_2020_unpublished
Notamacropus rufogriseus,Hippocampus_Mass.g,1.796,DosSantos_etal_2017_TableS1
Notamacropus rufogriseus,Hippocampus_N.n,10770000,DosSantos_etal_2017_TableS1
Notamacropus rufogriseus,Hippocampus_N.p.mg,5999,DosSantos_etal_2017_TableS1
Notamacropus rufogriseus,Hippocampus_O.p.N,14.221,DosSantos_etal_2017_TableS1
Notamacropus rufogriseus,MesencephalonDiencephalonStriatum_Mass.g,5.93,DosSantos_etal_2017_TableS1
Notamacropus rufogriseus,MesencephalonDiencephalonStriatum_N.n,35060000,DosSantos_etal_2017_TableS1
Notamacropus rufogriseus,MesencephalonDiencephalonStriatum_N.p.mg,5912,DosSantos_etal_2017_TableS1
Notamacropus rufogriseus,MesencephalonDiencephalonStriatum_O.p.N,11.579,DosSantos_etal_2017_TableS1
Notamacropus rufogriseus,PonsMedulla_Mass.g,1.39,DosSantos_etal_2017_TableS1
Notamacropus rufogriseus,PonsMedulla_N.n,7420000,DosSantos_etal_2017_TableS1
Notamacropus rufogriseus,PonsMedulla_N.p.mg,5336,DosSantos_etal_2017_TableS1
Notamacropus rufogriseus,PonsMedulla_O.p.N,16.637,DosSantos_etal_2017_TableS1
Notamacropus rufogriseus,RoB_I.p.C,0.0639,DosSantos_etal_2020_unpublished
Notamacropus rufogriseus,RoB_Mass.g,7.32,DosSantos_etal_2017_TableS1
Notamacropus rufogriseus,RoB_N.n,42480000,DosSantos_etal_2017_TableS1
Notamacropus rufogriseus,RoB_N.p.mg,5803,DosSantos_etal_2017_TableS1
Notamacropus rufogriseus,RoB_O.p.N,12.462,DosSantos_etal_2017_TableS1
Notamacropus rufogriseus,WholeBrain_I.p.C,0.0428,DosSantos_etal_2020_unpublished
Notamacropus rufogriseus,WholeBrain_Mass.g,26.994,DosSantos_etal_2017_TableS1
Notamacropus rufogriseus,WholeBrain_N.n,1320000000,DosSantos_etal_2017_TableS1
Notamacropus rufogriseus,WholeBrain_N.p.mg,48899.7555012225,DosSantos_etal_2017_TableS1
Notamacropus rufogriseus,WholeBrain_O.p.N,1.629,DosSantos_etal_2017_TableS1
Oryctolagus cuniculus,Body_Mass.g,4600,HerculanoHouzel_etal_2015_Table5
Oryctolagus cuniculus,Cerebellum_C.n,521250000,HerculanoHouzel_etal_2015_Table2
Oryctolagus cuniculus,Cerebellum_Mass.g,1.412,HerculanoHouzel_etal_2015_Table2
Oryctolagus cuniculus,Cerebellum_N.n,396671250,HerculanoHouzel_etal_2015_Table2
Oryctolagus cuniculus,Cerebellum_N.p.mg,280929,HerculanoHouzel_etal_2015_Table2
Oryctolagus cuniculus,Cerebellum_O.n,124578750,HerculanoHouzel_etal_2015_Table2
Oryctolagus cuniculus,Cerebellum_O.p.N,1.222,HerculanoHouzel_etal_2015_Table2
Oryctolagus cuniculus,Cerebellum_O.p.mg,88229,HerculanoHouzel_etal_2015_Table2
Oryctolagus cuniculus,Cerebellum_p.C.N,76.1,HerculanoHouzel_etal_2015_Table2
Oryctolagus cuniculus,CerebralCortex_C.n,326250000,HerculanoHouzel_etal_2015_Table1
Oryctolagus cuniculus,CerebralCortex_Mass.g,4.448,HerculanoHouzel_etal_2015_Table1
Oryctolagus cuniculus,CerebralCortex_N.n,71448750,HerculanoHouzel_etal_2015_Table1
Oryctolagus cuniculus,CerebralCortex_N.p.mg,16063,HerculanoHouzel_etal_2015_Table1
Oryctolagus cuniculus,CerebralCortex_O.n,254801250,HerculanoHouzel_etal_2015_Table1
Oryctolagus cuniculus,CerebralCortex_O.p.N,3.566,HerculanoHouzel_etal_2015_Table1
Oryctolagus cuniculus,CerebralCortex_O.p.mg,57284,HerculanoHouzel_etal_2015_Table1
Oryctolagus cuniculus,CerebralCortex_p.C.N,21.9,HerculanoHouzel_etal_2015_Table1
Oryctolagus cuniculus,OlfactoryBulb_C.n,41700000,HerculanoHouzel_etal_2015_Table4
Oryctolagus cuniculus,OlfactoryBulb_Mass.g,0.156,HerculanoHouzel_etal_2015_Table4
Oryctolagus cuniculus,OlfactoryBulb_N.n,18765000,HerculanoHouzel_etal_2015_Table4
Oryctolagus cuniculus,OlfactoryBulb_N.p.mg,120288,HerculanoHouzel_etal_2015_Table4
Oryctolagus cuniculus,OlfactoryBulb_O.n,22935000,HerculanoHouzel_etal_2015_Table4
Oryctolagus cuniculus,OlfactoryBulb_O.p.N,1.222,HerculanoHouzel_etal_2015_Table4
Oryctolagus cuniculus,OlfactoryBulb_O.p.mg,147019,HerculanoHouzel_etal_2015_Table4
Oryctolagus cuniculus,OlfactoryBulb_p.C.N,45,HerculanoHouzel_etal_2015_Table4
Oryctolagus cuniculus,RoB_C.n,277500000,HerculanoHouzel_etal_2015_Table3
Oryctolagus cuniculus,RoB_Mass.g,3.272,HerculanoHouzel_etal_2015_Table3
Oryctolagus cuniculus,RoB_N.n,26085000,HerculanoHouzel_etal_2015_Table3
Oryctolagus cuniculus,RoB_N.p.mg,7972,HerculanoHouzel_etal_2015_Table3
Oryctolagus cuniculus,RoB_O.n,251415000,HerculanoHouzel_etal_2015_Table3
Oryctolagus cuniculus,RoB_O.p.N,9.63829787234043,HerculanoHouzel_etal_2015_Table3
Oryctolagus cuniculus,RoB_O.p.mg,76838,HerculanoHouzel_etal_2015_Table3
Oryctolagus cuniculus,RoB_p.C.N,9.4,HerculanoHouzel_etal_2015_Table3
Oryctolagus cuniculus,WholeBrain_C.n,1125000000,HerculanoHouzel_etal_2015_Table5
Oryctolagus cuniculus,WholeBrain_Mass.g,9.132,HerculanoHouzel_etal_2015_Table5
Oryctolagus cuniculus,WholeBrain_N.n,494205000,HerculanoHouzel_etal_2015_Table5
Oryctolagus cuniculus,WholeBrain_N.p.mg,54117.9369250986,HerculanoHouzel_etal_2015_Table5
Oryctolagus cuniculus,WholeBrain_O.n,630795000,HerculanoHouzel_etal_2015_Table5
Oryctolagus cuniculus,WholeBrain_O.p.N,1.27638328224118,HerculanoHouzel_etal_2015_Table5
Oryctolagus cuniculus,WholeBrain_O.p.mg,69075.2299605782,HerculanoHouzel_etal_2015_Table5
Oryctolagus cuniculus,WholeBrain_p.C.N,43.9,HerculanoHouzel_etal_2015_Table5
Osphranter rufus,Body_Mass.g,13154,DosSantos_etal_2017_TableS1
Osphranter rufus,Cerebellum_I.p.C,0.0158,DosSantos_etal_2020_unpublished
Osphranter rufus,Cerebellum_Mass.g,4.786,DosSantos_etal_2017_TableS1
Osphranter rufus,Cerebellum_N.n,1530000000,DosSantos_etal_2017_TableS1
Osphranter rufus,Cerebellum_N.p.mg,320282,DosSantos_etal_2017_TableS1
Osphranter rufus,Cerebellum_O.p.N,0.278,DosSantos_etal_2017_TableS1
Osphranter rufus,PonsMedulla_Mass.g,2.886,DosSantos_etal_2017_TableS1
Osphranter rufus,PonsMedulla_N.n,19340000,DosSantos_etal_2017_TableS1
Osphranter rufus,PonsMedulla_N.p.mg,6700,DosSantos_etal_2017_TableS1
Osphranter rufus,PonsMedulla_O.p.N,10.765,DosSantos_etal_2017_TableS1
Otolemur garnettii,Body_Mass.g,946.7,HerculanoHouzel_etal_2015_Table5
Otolemur garnettii,Cerebellum_C.n,809460000,HerculanoHouzel_etal_2015_Table2
Otolemur garnettii,Cerebellum_Mass.g,1.196,HerculanoHouzel_etal_2015_Table2
Otolemur garnettii,Cerebellum_N.n,743500000,HerculanoHouzel_etal_2015_Table2
Otolemur garnettii,Cerebellum_N.p.mg,623080,HerculanoHouzel_etal_2015_Table2
Otolemur garnettii,Cerebellum_O.n,65960000,HerculanoHouzel_etal_2015_Table2
Otolemur garnettii,Cerebellum_O.p.N,0.089,HerculanoHouzel_etal_2015_Table2
Otolemur garnettii,Cerebellum_O.p.mg,54460,HerculanoHouzel_etal_2015_Table2
Otolemur garnettii,Cerebellum_p.C.N,91.8513576952536,HerculanoHouzel_etal_2015_Table2
Otolemur garnettii,CerebralCortex_C.n,628160000,HerculanoHouzel_etal_2015_Table1
Otolemur garnettii,CerebralCortex_I.n,51886016,DosSantos_etal_2020_unpublished_HerculanoHouzel_etal_2015_Table1
Otolemur garnettii,CerebralCortex_I.p.C,0.0826,DosSantos_etal_2020_unpublished
Otolemur garnettii,CerebralCortex_I.p.mg,8248.96915739269,DosSantos_etal_2020_unpublished_HerculanoHouzel_etal_2015_Table1_HerculanoHouzel_etal_2015_Table1
Otolemur garnettii,CerebralCortex_Mass.g,6.29,HerculanoHouzel_etal_2015_Table1
Otolemur garnettii,CerebralCortex_N.n,226090000,HerculanoHouzel_etal_2015_Table1
Otolemur garnettii,CerebralCortex_N.p.mg,37820,HerculanoHouzel_etal_2015_Table1
Otolemur garnettii,CerebralCortex_O.n,402070000,HerculanoHouzel_etal_2015_Table1
Otolemur garnettii,CerebralCortex_O.p.N,1.778,HerculanoHouzel_etal_2015_Table1
Otolemur garnettii,CerebralCortex_O.p.mg,63610,HerculanoHouzel_etal_2015_Table1
Otolemur garnettii,CerebralCortex_p.C.N,35.9924223127866,HerculanoHouzel_etal_2015_Table1
Otolemur garnettii,OlfactoryBulb_C.n,64481060,HerculanoHouzel_etal_2015_Table4
Otolemur garnettii,OlfactoryBulb_Mass.g,0.2,HerculanoHouzel_etal_2015_Table4
Otolemur garnettii,OlfactoryBulb_N.n,30237060,HerculanoHouzel_etal_2015_Table4
Otolemur garnettii,OlfactoryBulb_N.p.mg,149219,HerculanoHouzel_etal_2015_Table4
Otolemur garnettii,OlfactoryBulb_O.n,34244000,HerculanoHouzel_etal_2015_Table4
Otolemur garnettii,OlfactoryBulb_O.p.N,1.133,HerculanoHouzel_etal_2015_Table4
Otolemur garnettii,OlfactoryBulb_O.p.mg,170505,HerculanoHouzel_etal_2015_Table4
Otolemur garnettii,OlfactoryBulb_p.C.N,46.8929325913687,HerculanoHouzel_etal_2015_Table4
Otolemur garnettii,RoB_C.n,168240000,HerculanoHouzel_etal_2015_Table3
Otolemur garnettii,RoB_Mass.g,2.131,HerculanoHouzel_etal_2015_Table3
Otolemur garnettii,RoB_N.n,20800000,HerculanoHouzel_etal_2015_Table3
Otolemur garnettii,RoB_N.p.mg,9730,HerculanoHouzel_etal_2015_Table3
Otolemur garnettii,RoB_O.n,147440000,HerculanoHouzel_etal_2015_Table3
Otolemur garnettii,RoB_O.p.N,7.088,HerculanoHouzel_etal_2015_Table3
Otolemur garnettii,RoB_O.p.mg,69040,HerculanoHouzel_etal_2015_Table3
Otolemur garnettii,RoB_p.C.N,12.3632905373276,HerculanoHouzel_etal_2015_Table3
Otolemur garnettii,SpinalCord_C.n,94200000,Burish_etal_2010_Table1
Otolemur garnettii,SpinalCord_Length.mm,152,Burish_etal_2010_Table1
Otolemur garnettii,SpinalCord_Mass.g,1.528,Burish_etal_2010_Table1
Otolemur garnettii,SpinalCord_N.n,5730000,Burish_etal_2010_Table1
Otolemur garnettii,SpinalCord_N.p.mg,3847,Burish_etal_2010_Table1
Otolemur garnettii,SpinalCord_O.n,88470000,Burish_etal_2010_Table1
Otolemur garnettii,SpinalCord_O.p.N,15.4397905759162,Burish_etal_2010_Table1
Otolemur garnettii,SpinalCord_O.p.mg,59593,Burish_etal_2010_Table1
Otolemur garnettii,SpinalCord_p.C.Body.mass,0.14,Burish_etal_2010_Table1
Otolemur garnettii,SpinalCord_p.C.CNS.mass,13.08,Burish_etal_2010_Table1
Otolemur garnettii,SpinalCord_p.C.CNS.neurons,0.61,Burish_etal_2010_Table1
Otolemur garnettii,SpinalCord_p.C.N,6.14,Burish_etal_2010_Table1
Otolemur garnettii,WholeBrain_C.n,1602590000,HerculanoHouzel_etal_2015_Table5
Otolemur garnettii,WholeBrain_Mass.g,10.15,HerculanoHouzel_etal_2015_Table5
Otolemur garnettii,WholeBrain_N.n,936000000,HerculanoHouzel_etal_2015_Table5
Otolemur garnettii,WholeBrain_N.p.mg,92216.7487684729,HerculanoHouzel_etal_2015_Table5
Otolemur garnettii,WholeBrain_O.n,666590000,HerculanoHouzel_etal_2015_Table5
Otolemur garnettii,WholeBrain_O.p.N,0.712168803418803,HerculanoHouzel_etal_2015_Table5
Otolemur garnettii,WholeBrain_O.p.mg,65673.8916256158,HerculanoHouzel_etal_2015_Table5
Otolemur garnettii,WholeBrain_p.C.N,58.4,HerculanoHouzel_etal_2015_Table5
Panthera leo,Body_Mass.g,180000,JardimMesseder_etal_2017_Table1
Panthera leo,Cerebellum_C.n,7093750000,JardimMesseder_etal_2017_Table1
Panthera leo,Cerebellum_I.n,124140625,DosSantos_etal_2020_unpublished_JardimMesseder_etal_2017_Table1
Panthera leo,Cerebellum_I.p.C,0.0175,DosSantos_etal_2020_unpublished
Panthera leo,Cerebellum_I.p.mg,4989.17390081183,DosSantos_etal_2020_unpublished_JardimMesseder_etal_2017_Table1_JardimMesseder_etal_2017_Table1
Panthera leo,Cerebellum_Mass.g,24.882,JardimMesseder_etal_2017_Table1
Panthera leo,Cerebellum_N.n,4049750000,JardimMesseder_etal_2017_Table1
Panthera leo,Cerebellum_N.p.mg,162758,JardimMesseder_etal_2017_Table1
Panthera leo,Cerebellum_O.n,3044000000,JardimMesseder_etal_2017_Table1
Panthera leo,Cerebellum_O.p.N,0.752,JardimMesseder_etal_2017_Table1
Panthera leo,Cerebellum_O.p.mg,122337.43268226,JardimMesseder_etal_2017_Table1
Panthera leo,Cerebellum_p.C.N,57.088986784141,JardimMesseder_etal_2017_Table1
Panthera leo,CerebralCortexNoHippocampus_I.p.C,0.103,DosSantos_etal_2020_unpublished
Panthera leo,CerebralCortex_C.n,7806210000,JardimMesseder_etal_2017_Table1
Panthera leo,CerebralCortex_I.n,795452799,DosSantos_etal_2020_unpublished_JardimMesseder_etal_2017_Table1
Panthera leo,CerebralCortex_I.p.C,0.1019,DosSantos_etal_2020_unpublished
Panthera leo,CerebralCortex_I.p.mg,5685.78575717288,DosSantos_etal_2020_unpublished_JardimMesseder_etal_2017_Table1_JardimMesseder_etal_2017_Table1
Panthera leo,CerebralCortex_Mass.g,139.902,JardimMesseder_etal_2017_Table1
Panthera leo,CerebralCortex_N.n,545240000,JardimMesseder_etal_2017_Table1
Panthera leo,CerebralCortex_N.p.mg,3897,JardimMesseder_etal_2017_Table1
Panthera leo,CerebralCortex_O.n,7260970000,JardimMesseder_etal_2017_Table1
Panthera leo,CerebralCortex_O.p.N,13.317,JardimMesseder_etal_2017_Table1
Panthera leo,CerebralCortex_O.p.mg,51900.4017097683,JardimMesseder_etal_2017_Table1
Panthera leo,CerebralCortex_p.C.N,6.9846955180555,JardimMesseder_etal_2017_Table1
Panthera leo,Hippocampus_C.n,190650000,JardimMesseder_etal_2017_Table1
Panthera leo,Hippocampus_I.n,10886115,DosSantos_etal_2020_unpublished_JardimMesseder_etal_2017_Table1
Panthera leo,Hippocampus_I.p.C,0.0571,DosSantos_etal_2020_unpublished
Panthera leo,Hippocampus_I.p.mg,2984.13240131579,DosSantos_etal_2020_unpublished_JardimMesseder_etal_2017_Table1_JardimMesseder_etal_2017_Table1
Panthera leo,Hippocampus_Mass.g,3.648,JardimMesseder_etal_2017_Table1
Panthera leo,Hippocampus_N.n,13540000,JardimMesseder_etal_2017_Table1
Panthera leo,Hippocampus_N.p.mg,3711,JardimMesseder_etal_2017_Table1
Panthera leo,Hippocampus_O.n,177110000,JardimMesseder_etal_2017_Table1
Panthera leo,Hippocampus_O.p.N,13.083,JardimMesseder_etal_2017_Table1
Panthera leo,Hippocampus_O.p.mg,48549.8903508772,JardimMesseder_etal_2017_Table1
Panthera leo,Hippocampus_p.C.N,7.10201940729085,JardimMesseder_etal_2017_Table1
Panthera leo,RoB_C.n,2165900000,JardimMesseder_etal_2017_Table1
Panthera leo,RoB_I.n,210742070,DosSantos_etal_2020_unpublished_JardimMesseder_etal_2017_Table1
Panthera leo,RoB_I.p.C,0.0973,DosSantos_etal_2020_unpublished
Panthera leo,RoB_I.p.mg,6168.90316726187,DosSantos_etal_2020_unpublished_JardimMesseder_etal_2017_Table1_JardimMesseder_etal_2017_Table1
Panthera leo,RoB_Mass.g,34.162,JardimMesseder_etal_2017_Table1
Panthera leo,RoB_N.n,72040000,JardimMesseder_etal_2017_Table1
Panthera leo,RoB_N.p.mg,2109,JardimMesseder_etal_2017_Table1
Panthera leo,RoB_O.n,2093860000,JardimMesseder_etal_2017_Table1
Panthera leo,RoB_O.p.N,29.063,JardimMesseder_etal_2017_Table1
Panthera leo,RoB_O.p.mg,61292.0789180961,JardimMesseder_etal_2017_Table1
Panthera leo,RoB_p.C.N,3.32610000461702,JardimMesseder_etal_2017_Table1
Panthera leo,WholeBrain_C.n,17065870000,JardimMesseder_etal_2017_Table1
Panthera leo,WholeBrain_I.n,1129760594,DosSantos_etal_2020_unpublished_JardimMesseder_etal_2017_Table1
Panthera leo,WholeBrain_I.p.C,0.0662,DosSantos_etal_2020_unpublished
Panthera leo,WholeBrain_I.p.mg,5678.72987644889,DosSantos_etal_2020_unpublished_JardimMesseder_etal_2017_Table1_JardimMesseder_etal_2017_Table1
Panthera leo,WholeBrain_Mass.g,198.946,JardimMesseder_etal_2017_Table1
Panthera leo,WholeBrain_N.n,4667030000,JardimMesseder_etal_2017_Table1
Panthera leo,WholeBrain_N.p.mg,23458.7777587888,JardimMesseder_etal_2017_Table1
Panthera leo,WholeBrain_O.n,12398840000,JardimMesseder_etal_2017_Table1
Panthera leo,WholeBrain_O.p.N,2.657,JardimMesseder_etal_2017_Table1
Panthera leo,WholeBrain_O.p.mg,62322.6403144572,JardimMesseder_etal_2017_Table1
Panthera leo,WholeBrain_p.C.N,27.347155462921,JardimMesseder_etal_2017_Table1
Papio cynocephalus,Body_Mass.g,8000,HerculanoHouzel_etal_2015_Table5
Papio cynocephalus,Cerebellum_C.n,8320885000,HerculanoHouzel_etal_2015_Table2
Papio cynocephalus,Cerebellum_Mass.g,13.745,HerculanoHouzel_etal_2015_Table2
Papio cynocephalus,Cerebellum_N.n,7794907300,HerculanoHouzel_etal_2015_Table2
Papio cynocephalus,Cerebellum_N.p.mg,567109,HerculanoHouzel_etal_2015_Table2
Papio cynocephalus,Cerebellum_O.n,525977700,HerculanoHouzel_etal_2015_Table2
Papio cynocephalus,Cerebellum_O.p.N,0.067,HerculanoHouzel_etal_2015_Table2
Papio cynocephalus,Cerebellum_O.p.mg,38267,HerculanoHouzel_etal_2015_Table2
Papio cynocephalus,Cerebellum_p.C.N,93.6788250288281,HerculanoHouzel_etal_2015_Table2
Papio cynocephalus,CerebralCortex_C.n,10444780000,HerculanoHouzel_etal_2015_Table1
Papio cynocephalus,CerebralCortex_I.n,398990596,DosSantos_etal_2020_unpublished_HerculanoHouzel_etal_2015_Table1
Papio cynocephalus,CerebralCortex_I.p.C,0.0382,DosSantos_etal_2020_unpublished
Papio cynocephalus,CerebralCortex_I.p.mg,3319.00274510456,DosSantos_etal_2020_unpublished_HerculanoHouzel_etal_2015_Table1_HerculanoHouzel_etal_2015_Table1
Papio cynocephalus,CerebralCortex_Mass.g,120.214,HerculanoHouzel_etal_2015_Table1
Papio cynocephalus,CerebralCortex_N.n,2875028372,HerculanoHouzel_etal_2015_Table1
Papio cynocephalus,CerebralCortex_N.p.mg,23916,HerculanoHouzel_etal_2015_Table1
Papio cynocephalus,CerebralCortex_O.n,7569751628,HerculanoHouzel_etal_2015_Table1
Papio cynocephalus,CerebralCortex_O.p.N,2.633,HerculanoHouzel_etal_2015_Table1
Papio cynocephalus,CerebralCortex_O.p.mg,62969,HerculanoHouzel_etal_2015_Table1
Papio cynocephalus,CerebralCortex_p.C.N,27.5259830460766,HerculanoHouzel_etal_2015_Table1
Papio cynocephalus,RoB_C.n,1357959996,HerculanoHouzel_etal_2015_Table3
Papio cynocephalus,RoB_Mass.g,17.235,HerculanoHouzel_etal_2015_Table3
Papio cynocephalus,RoB_N.n,278150760,HerculanoHouzel_etal_2015_Table3
Papio cynocephalus,RoB_N.p.mg,16136,HerculanoHouzel_etal_2015_Table3
Papio cynocephalus,RoB_O.n,1079809236,HerculanoHouzel_etal_2015_Table3
Papio cynocephalus,RoB_O.p.N,3.882,HerculanoHouzel_etal_2015_Table3
Papio cynocephalus,RoB_O.p.mg,62656,HerculanoHouzel_etal_2015_Table3
Papio cynocephalus,RoB_p.C.N,20.4829863044066,HerculanoHouzel_etal_2015_Table3
Papio cynocephalus,WholeBrain_C.n,20123625004,HerculanoHouzel_etal_2015_Table5
Papio cynocephalus,WholeBrain_Mass.g,151.194,HerculanoHouzel_etal_2015_Table5
Papio cynocephalus,WholeBrain_N.n,10948086440,HerculanoHouzel_etal_2015_Table5
Papio cynocephalus,WholeBrain_N.p.mg,72410.8525470587,HerculanoHouzel_etal_2015_Table5
Papio cynocephalus,WholeBrain_O.n,9175538564,HerculanoHouzel_etal_2015_Table5
Papio cynocephalus,WholeBrain_O.p.N,0.838095188075625,HerculanoHouzel_etal_2015_Table5
Papio cynocephalus,WholeBrain_O.p.mg,60687.1870841436,HerculanoHouzel_etal_2015_Table5
Papio cynocephalus,WholeBrain_p.C.N,54.4,HerculanoHouzel_etal_2015_Table5
Parascalops breweri,Body_Mass.g,42.7,HerculanoHouzel_etal_2015_Table5
Parascalops breweri,Cerebellum_C.n,107790000,HerculanoHouzel_etal_2015_Table2
Parascalops breweri,Cerebellum_Mass.g,0.102,HerculanoHouzel_etal_2015_Table2
Parascalops breweri,Cerebellum_N.n,100780000,HerculanoHouzel_etal_2015_Table2
Parascalops breweri,Cerebellum_N.p.mg,997370,HerculanoHouzel_etal_2015_Table2
Parascalops breweri,Cerebellum_O.n,7010000,HerculanoHouzel_etal_2015_Table2
Parascalops breweri,Cerebellum_O.p.N,0.07,HerculanoHouzel_etal_2015_Table2
Parascalops breweri,Cerebellum_O.p.mg,68795,HerculanoHouzel_etal_2015_Table2
Parascalops breweri,Cerebellum_p.C.N,93.4966137860655,HerculanoHouzel_etal_2015_Table2
Parascalops breweri,CerebralCortex_C.n,55560000,HerculanoHouzel_etal_2015_Table1
Parascalops breweri,CerebralCortex_Mass.g,0.429,HerculanoHouzel_etal_2015_Table1
Parascalops breweri,CerebralCortex_N.n,15690000,HerculanoHouzel_etal_2015_Table1
Parascalops breweri,CerebralCortex_N.p.mg,36727,HerculanoHouzel_etal_2015_Table1
Parascalops breweri,CerebralCortex_O.n,39870000,HerculanoHouzel_etal_2015_Table1
Parascalops breweri,CerebralCortex_O.p.N,2.581,HerculanoHouzel_etal_2015_Table1
Parascalops breweri,CerebralCortex_O.p.mg,93185,HerculanoHouzel_etal_2015_Table1
Parascalops breweri,CerebralCortex_p.C.N,28.2397408207343,HerculanoHouzel_etal_2015_Table1
Parascalops breweri,OlfactoryBulb_C.n,27660000,HerculanoHouzel_etal_2015_Table4
Parascalops breweri,OlfactoryBulb_Mass.g,0.049,HerculanoHouzel_etal_2015_Table4
Parascalops breweri,OlfactoryBulb_N.n,16750000,HerculanoHouzel_etal_2015_Table4
Parascalops breweri,OlfactoryBulb_N.p.mg,333590,HerculanoHouzel_etal_2015_Table4
Parascalops breweri,OlfactoryBulb_O.n,10910000,HerculanoHouzel_etal_2015_Table4
Parascalops breweri,OlfactoryBulb_O.p.N,0.651,HerculanoHouzel_etal_2015_Table4
Parascalops breweri,OlfactoryBulb_O.p.mg,217440,HerculanoHouzel_etal_2015_Table4
Parascalops breweri,OlfactoryBulb_p.C.N,60.5567606652205,HerculanoHouzel_etal_2015_Table4
Parascalops breweri,RoB_C.n,38510000,HerculanoHouzel_etal_2015_Table3
Parascalops breweri,RoB_Mass.g,0.228,HerculanoHouzel_etal_2015_Table3
Parascalops breweri,RoB_N.n,7130000,HerculanoHouzel_etal_2015_Table3
Parascalops breweri,RoB_N.p.mg,31276,HerculanoHouzel_etal_2015_Table3
Parascalops breweri,RoB_O.n,31380000,HerculanoHouzel_etal_2015_Table3
Parascalops breweri,RoB_O.p.N,4.401,HerculanoHouzel_etal_2015_Table3
Parascalops breweri,RoB_O.p.mg,137960,HerculanoHouzel_etal_2015_Table3
Parascalops breweri,RoB_p.C.N,18.5146715138925,HerculanoHouzel_etal_2015_Table3
Parascalops breweri,WholeBrain_C.n,201860000,HerculanoHouzel_etal_2015_Table5
Parascalops breweri,WholeBrain_Mass.g,0.759,HerculanoHouzel_etal_2015_Table5
Parascalops breweri,WholeBrain_N.n,123600000,HerculanoHouzel_etal_2015_Table5
Parascalops breweri,WholeBrain_N.p.mg,162845.849802372,HerculanoHouzel_etal_2015_Table5
Parascalops breweri,WholeBrain_O.n,78260000,HerculanoHouzel_etal_2015_Table5
Parascalops breweri,WholeBrain_O.p.N,0.633171521035599,HerculanoHouzel_etal_2015_Table5
Parascalops breweri,WholeBrain_O.p.mg,103109.354413702,HerculanoHouzel_etal_2015_Table5
Parascalops breweri,WholeBrain_p.C.N,61.2,HerculanoHouzel_etal_2015_Table5
Petrodromus tetradactylus,Body_Mass.g,132.5,HerculanoHouzel_etal_2015_Table5
Petrodromus tetradactylus,Cerebellum_C.n,145311001,HerculanoHouzel_etal_2015_Table2
Petrodromus tetradactylus,Cerebellum_I.n,1278736.8088,DosSantos_etal_2020_unpublished_HerculanoHouzel_etal_2015_Table2
Petrodromus tetradactylus,Cerebellum_I.p.C,0.0088,DosSantos_etal_2020_unpublished
Petrodromus tetradactylus,Cerebellum_I.p.mg,4206.37108157895,DosSantos_etal_2020_unpublished_HerculanoHouzel_etal_2015_Table2_HerculanoHouzel_etal_2015_Table2
Petrodromus tetradactylus,Cerebellum_Mass.g,0.304,HerculanoHouzel_etal_2015_Table2
Petrodromus tetradactylus,Cerebellum_N.n,110653150,HerculanoHouzel_etal_2015_Table2
Petrodromus tetradactylus,Cerebellum_N.p.mg,362537,HerculanoHouzel_etal_2015_Table2
Petrodromus tetradactylus,Cerebellum_O.n,34657851,HerculanoHouzel_etal_2015_Table2
Petrodromus tetradactylus,Cerebellum_O.p.N,0.299,HerculanoHouzel_etal_2015_Table2
Petrodromus tetradactylus,Cerebellum_O.p.mg,110153,HerculanoHouzel_etal_2015_Table2
Petrodromus tetradactylus,Cerebellum_p.C.N,76.149189833191,HerculanoHouzel_etal_2015_Table2
Petrodromus tetradactylus,CerebralCortexNoHippocampus_I.p.C,0.0483,DosSantos_etal_2020_unpublished
Petrodromus tetradactylus,CerebralCortex_C.n,74433000,HerculanoHouzel_etal_2015_Table1
Petrodromus tetradactylus,CerebralCortex_I.n,3743979.9,DosSantos_etal_2020_unpublished_HerculanoHouzel_etal_2015_Table1
Petrodromus tetradactylus,CerebralCortex_I.p.C,0.0503,DosSantos_etal_2020_unpublished
Petrodromus tetradactylus,CerebralCortex_I.p.mg,3021.77554479419,DosSantos_etal_2020_unpublished_HerculanoHouzel_etal_2015_Table1_HerculanoHouzel_etal_2015_Table1
Petrodromus tetradactylus,CerebralCortex_Mass.g,1.239,HerculanoHouzel_etal_2015_Table1
Petrodromus tetradactylus,CerebralCortex_N.n,33947000,HerculanoHouzel_etal_2015_Table1
Petrodromus tetradactylus,CerebralCortex_N.p.mg,27236,HerculanoHouzel_etal_2015_Table1
Petrodromus tetradactylus,CerebralCortex_O.n,40486000,HerculanoHouzel_etal_2015_Table1
Petrodromus tetradactylus,CerebralCortex_O.p.N,1.202,HerculanoHouzel_etal_2015_Table1
Petrodromus tetradactylus,CerebralCortex_O.p.mg,32550,HerculanoHouzel_etal_2015_Table1
Petrodromus tetradactylus,CerebralCortex_p.C.N,45.6074590571386,HerculanoHouzel_etal_2015_Table1
Petrodromus tetradactylus,Hippocampus_I.p.C,0.0591,DosSantos_etal_2020_unpublished
Petrodromus tetradactylus,OlfactoryBulb_C.n,27604000,HerculanoHouzel_etal_2015_Table4
Petrodromus tetradactylus,OlfactoryBulb_Mass.g,0.159,HerculanoHouzel_etal_2015_Table4
Petrodromus tetradactylus,OlfactoryBulb_N.n,12828365,HerculanoHouzel_etal_2015_Table4
Petrodromus tetradactylus,OlfactoryBulb_N.p.mg,80805,HerculanoHouzel_etal_2015_Table4
Petrodromus tetradactylus,OlfactoryBulb_O.n,14775635,HerculanoHouzel_etal_2015_Table4
Petrodromus tetradactylus,OlfactoryBulb_O.p.N,1.141,HerculanoHouzel_etal_2015_Table4
Petrodromus tetradactylus,OlfactoryBulb_O.p.mg,91369,HerculanoHouzel_etal_2015_Table4
Petrodromus tetradactylus,OlfactoryBulb_p.C.N,46.472848137951,HerculanoHouzel_etal_2015_Table4
Petrodromus tetradactylus,RoB_C.n,40436000,HerculanoHouzel_etal_2015_Table3
Petrodromus tetradactylus,RoB_I.n,1649788.8,DosSantos_etal_2020_unpublished_HerculanoHouzel_etal_2015_Table3
Petrodromus tetradactylus,RoB_I.p.C,0.0408,DosSantos_etal_2020_unpublished
Petrodromus tetradactylus,RoB_I.p.mg,1845.40134228188,DosSantos_etal_2020_unpublished_HerculanoHouzel_etal_2015_Table3_HerculanoHouzel_etal_2015_Table3
Petrodromus tetradactylus,RoB_Mass.g,0.894,HerculanoHouzel_etal_2015_Table3
Petrodromus tetradactylus,RoB_N.n,12231811,HerculanoHouzel_etal_2015_Table3
Petrodromus tetradactylus,RoB_N.p.mg,13696,HerculanoHouzel_etal_2015_Table3
Petrodromus tetradactylus,RoB_O.n,28204189,HerculanoHouzel_etal_2015_Table3
Petrodromus tetradactylus,RoB_O.p.N,2.3,HerculanoHouzel_etal_2015_Table3
Petrodromus tetradactylus,RoB_O.p.mg,31716,HerculanoHouzel_etal_2015_Table3
Petrodromus tetradactylus,RoB_p.C.N,30.249804629538,HerculanoHouzel_etal_2015_Table3
Petrodromus tetradactylus,WholeBrain_C.n,260179795,HerculanoHouzel_etal_2015_Table5
Petrodromus tetradactylus,WholeBrain_I.n,6686620.7315,DosSantos_etal_2020_unpublished_HerculanoHouzel_etal_2015_Table5
Petrodromus tetradactylus,WholeBrain_I.p.C,0.0257,DosSantos_etal_2020_unpublished
Petrodromus tetradactylus,WholeBrain_I.p.mg,2740.41833258197,DosSantos_etal_2020_unpublished_HerculanoHouzel_etal_2015_Table5_HerculanoHouzel_etal_2015_Table5
Petrodromus tetradactylus,WholeBrain_Mass.g,2.44,HerculanoHouzel_etal_2015_Table5
Petrodromus tetradactylus,WholeBrain_N.n,156830795,HerculanoHouzel_etal_2015_Table5
Petrodromus tetradactylus,WholeBrain_N.p.mg,64274.9159836066,HerculanoHouzel_etal_2015_Table5
Petrodromus tetradactylus,WholeBrain_O.n,103349000,HerculanoHouzel_etal_2015_Table5
Petrodromus tetradactylus,WholeBrain_O.p.N,0.6589840981167,HerculanoHouzel_etal_2015_Table5
Petrodromus tetradactylus,WholeBrain_O.p.mg,42356.1475409836,HerculanoHouzel_etal_2015_Table5
Petrodromus tetradactylus,WholeBrain_p.C.N,60.277853243754,HerculanoHouzel_etal_2015_Table5
Pongo pygmaeus,Cerebellum_C.n,28500000000,HerculanoHouzel_etal_2015_Table2
Pongo pygmaeus,Cerebellum_Mass.g,35.06,HerculanoHouzel_etal_2015_Table2
Pongo pygmaeus,Cerebellum_N.n,26300000000,HerculanoHouzel_etal_2015_Table2
Pongo pygmaeus,Cerebellum_N.p.mg,750143,HerculanoHouzel_etal_2015_Table2
Pongo pygmaeus,Cerebellum_O.n,2200000000,HerculanoHouzel_etal_2015_Table2
Pongo pygmaeus,Cerebellum_O.p.N,0.084,HerculanoHouzel_etal_2015_Table2
Pongo pygmaeus,Cerebellum_O.p.mg,62750,HerculanoHouzel_etal_2015_Table2
Pongo pygmaeus,Cerebellum_p.C.N,92.280701754386,HerculanoHouzel_etal_2015_Table2
Procavia capensis,Body_Mass.g,2517,HerculanoHouzel_etal_2015_Table5
Procavia capensis,Cerebellum_C.n,579378000,HerculanoHouzel_etal_2015_Table2
Procavia capensis,Cerebellum_I.n,7821603,DosSantos_etal_2020_unpublished_HerculanoHouzel_etal_2015_Table2
Procavia capensis,Cerebellum_I.p.C,0.0135,DosSantos_etal_2020_unpublished
Procavia capensis,Cerebellum_I.p.mg,3800.58454810496,DosSantos_etal_2020_unpublished_HerculanoHouzel_etal_2015_Table2_HerculanoHouzel_etal_2015_Table2
Procavia capensis,Cerebellum_Mass.g,2.058,HerculanoHouzel_etal_2015_Table2
Procavia capensis,Cerebellum_N.n,488373000,HerculanoHouzel_etal_2015_Table2
Procavia capensis,Cerebellum_N.p.mg,242415,HerculanoHouzel_etal_2015_Table2
Procavia capensis,Cerebellum_O.n,91005000,HerculanoHouzel_etal_2015_Table2
Procavia capensis,Cerebellum_O.p.N,0.182,HerculanoHouzel_etal_2015_Table2
Procavia capensis,Cerebellum_O.p.mg,46365,HerculanoHouzel_etal_2015_Table2
Procavia capensis,Cerebellum_p.C.N,84.2926379669231,HerculanoHouzel_etal_2015_Table2
Procavia capensis,CerebralCortexNoHippocampus_I.p.C,0.0678,DosSantos_etal_2020_unpublished
Procavia capensis,CerebralCortex_C.n,564553000,HerculanoHouzel_etal_2015_Table1
Procavia capensis,CerebralCortex_I.n,38107327.5,DosSantos_etal_2020_unpublished_HerculanoHouzel_etal_2015_Table1
Procavia capensis,CerebralCortex_I.p.C,0.0675,DosSantos_etal_2020_unpublished
Procavia capensis,CerebralCortex_I.p.mg,3636.88943500668,DosSantos_etal_2020_unpublished_HerculanoHouzel_etal_2015_Table1_HerculanoHouzel_etal_2015_Table1
Procavia capensis,CerebralCortex_Mass.g,10.478,HerculanoHouzel_etal_2015_Table1
Procavia capensis,CerebralCortex_N.n,197933000,HerculanoHouzel_etal_2015_Table1
Procavia capensis,CerebralCortex_N.p.mg,19134,HerculanoHouzel_etal_2015_Table1
Procavia capensis,CerebralCortex_O.n,366620000,HerculanoHouzel_etal_2015_Table1
Procavia capensis,CerebralCortex_O.p.N,1.883,HerculanoHouzel_etal_2015_Table1
Procavia capensis,CerebralCortex_O.p.mg,35203,HerculanoHouzel_etal_2015_Table1
Procavia capensis,CerebralCortex_p.C.N,35.060127215691,HerculanoHouzel_etal_2015_Table1
Procavia capensis,Hippocampus_I.p.C,0.0654,DosSantos_etal_2020_unpublished
Procavia capensis,OlfactoryBulb_C.n,35700000,HerculanoHouzel_etal_2015_Table4
Procavia capensis,OlfactoryBulb_Mass.g,0.286,HerculanoHouzel_etal_2015_Table4
Procavia capensis,OlfactoryBulb_N.n,20909490,HerculanoHouzel_etal_2015_Table4
Procavia capensis,OlfactoryBulb_N.p.mg,73110,HerculanoHouzel_etal_2015_Table4
Procavia capensis,OlfactoryBulb_O.n,14790510,HerculanoHouzel_etal_2015_Table4
Procavia capensis,OlfactoryBulb_O.p.N,0.707,HerculanoHouzel_etal_2015_Table4
Procavia capensis,OlfactoryBulb_O.p.mg,51715,HerculanoHouzel_etal_2015_Table4
Procavia capensis,OlfactoryBulb_p.C.N,58.57,HerculanoHouzel_etal_2015_Table4
Procavia capensis,RoB_C.n,232343000,HerculanoHouzel_etal_2015_Table3
Procavia capensis,RoB_I.n,11198932.6,DosSantos_etal_2020_unpublished_HerculanoHouzel_etal_2015_Table3
Procavia capensis,RoB_I.p.C,0.0482,DosSantos_etal_2020_unpublished
Procavia capensis,RoB_I.p.mg,2594.14700023164,DosSantos_etal_2020_unpublished_HerculanoHouzel_etal_2015_Table3_HerculanoHouzel_etal_2015_Table3
Procavia capensis,RoB_Mass.g,4.317,HerculanoHouzel_etal_2015_Table3
Procavia capensis,RoB_N.n,69358240,HerculanoHouzel_etal_2015_Table3
Procavia capensis,RoB_N.p.mg,16436,HerculanoHouzel_etal_2015_Table3
Procavia capensis,RoB_O.n,162984760,HerculanoHouzel_etal_2015_Table3
Procavia capensis,RoB_O.p.N,2.351,HerculanoHouzel_etal_2015_Table3
Procavia capensis,RoB_O.p.mg,38353,HerculanoHouzel_etal_2015_Table3
Procavia capensis,RoB_p.C.N,29.8516589697129,HerculanoHouzel_etal_2015_Table3
Procavia capensis,WholeBrain_C.n,1376275000,HerculanoHouzel_etal_2015_Table5
Procavia capensis,WholeBrain_I.n,57115412.5,DosSantos_etal_2020_unpublished_HerculanoHouzel_etal_2015_Table5
Procavia capensis,WholeBrain_I.p.C,0.0415,DosSantos_etal_2020_unpublished
Procavia capensis,WholeBrain_I.p.mg,3389.0353349552,DosSantos_etal_2020_unpublished_HerculanoHouzel_etal_2015_Table5_HerculanoHouzel_etal_2015_Table5
Procavia capensis,WholeBrain_Mass.g,16.853,HerculanoHouzel_etal_2015_Table5
Procavia capensis,WholeBrain_N.n,755653000,HerculanoHouzel_etal_2015_Table5
Procavia capensis,WholeBrain_N.p.mg,44837.8923633774,HerculanoHouzel_etal_2015_Table5
Procavia capensis,WholeBrain_O.n,620622000,HerculanoHouzel_etal_2015_Table5
Procavia capensis,WholeBrain_O.p.N,0.821305546328804,HerculanoHouzel_etal_2015_Table5
Procavia capensis,WholeBrain_O.p.mg,36825.6096837358,HerculanoHouzel_etal_2015_Table5
Procavia capensis,WholeBrain_p.C.N,54.905669288478,HerculanoHouzel_etal_2015_Table5
Procyon lotor,Body_Mass.g,6200,JardimMesseder_etal_2017_Table1
Procyon lotor,Cerebellum_C.n,1887500000,JardimMesseder_etal_2017_Table1
Procyon lotor,Cerebellum_Mass.g,3.338,JardimMesseder_etal_2017_Table1
Procyon lotor,Cerebellum_N.n,1646180000,JardimMesseder_etal_2017_Table1
Procyon lotor,Cerebellum_N.p.mg,493162,JardimMesseder_etal_2017_Table1
Procyon lotor,Cerebellum_O.n,241320000,JardimMesseder_etal_2017_Table1
Procyon lotor,Cerebellum_O.p.N,0.147,JardimMesseder_etal_2017_Table1
Procyon lotor,Cerebellum_O.p.mg,72294.7872977831,JardimMesseder_etal_2017_Table1
Procyon lotor,Cerebellum_p.C.N,87.2148344370861,JardimMesseder_etal_2017_Table1
Procyon lotor,CerebralCortex_C.n,2204610000,JardimMesseder_etal_2017_Table1
Procyon lotor,CerebralCortex_Mass.g,24.491,JardimMesseder_etal_2017_Table1
Procyon lotor,CerebralCortex_N.n,437940000,JardimMesseder_etal_2017_Table1
Procyon lotor,CerebralCortex_N.p.mg,18510,JardimMesseder_etal_2017_Table1
Procyon lotor,CerebralCortex_O.n,1766670000,JardimMesseder_etal_2017_Table1
Procyon lotor,CerebralCortex_O.p.N,3.897,JardimMesseder_etal_2017_Table1
Procyon lotor,CerebralCortex_O.p.mg,72135.4783389817,JardimMesseder_etal_2017_Table1
Procyon lotor,CerebralCortex_p.C.N,19.8647379808674,JardimMesseder_etal_2017_Table1
Procyon lotor,Hippocampus_C.n,85340000,JardimMesseder_etal_2017_Table1
Procyon lotor,Hippocampus_Mass.g,0.954,JardimMesseder_etal_2017_Table1
Procyon lotor,Hippocampus_N.n,15340000,JardimMesseder_etal_2017_Table1
Procyon lotor,Hippocampus_N.p.mg,16076,JardimMesseder_etal_2017_Table1
Procyon lotor,Hippocampus_O.n,70000000,JardimMesseder_etal_2017_Table1
Procyon lotor,Hippocampus_O.p.N,4.564,JardimMesseder_etal_2017_Table1
Procyon lotor,Hippocampus_O.p.mg,73375.2620545073,JardimMesseder_etal_2017_Table1
Procyon lotor,Hippocampus_p.C.N,17.9751581907663,JardimMesseder_etal_2017_Table1
Procyon lotor,OlfactoryBulb_C.n,135750000,JardimMesseder_etal_2017_Table1
Procyon lotor,OlfactoryBulb_Mass.g,0.47,JardimMesseder_etal_2017_Table1
Procyon lotor,OlfactoryBulb_N.n,55990000,JardimMesseder_etal_2017_Table1
Procyon lotor,OlfactoryBulb_N.p.mg,119119,JardimMesseder_etal_2017_Table1
Procyon lotor,OlfactoryBulb_O.n,79760000,JardimMesseder_etal_2017_Table1
Procyon lotor,OlfactoryBulb_O.p.N,1.425,JardimMesseder_etal_2017_Table1
Procyon lotor,OlfactoryBulb_O.p.mg,169702.127659574,JardimMesseder_etal_2017_Table1
Procyon lotor,OlfactoryBulb_p.C.N,41.2449355432781,JardimMesseder_etal_2017_Table1
Procyon lotor,RoB_C.n,440570000,JardimMesseder_etal_2017_Table1
Procyon lotor,RoB_Mass.g,6.357,JardimMesseder_etal_2017_Table1
Procyon lotor,RoB_N.n,48570000,JardimMesseder_etal_2017_Table1
Procyon lotor,RoB_N.p.mg,7640,JardimMesseder_etal_2017_Table1
Procyon lotor,RoB_O.n,392000000,JardimMesseder_etal_2017_Table1
Procyon lotor,RoB_O.p.N,8.071,JardimMesseder_etal_2017_Table1
Procyon lotor,RoB_O.p.mg,61664.3070630801,JardimMesseder_etal_2017_Table1
Procyon lotor,RoB_p.C.N,11.024354813083,JardimMesseder_etal_2017_Table1
Procyon lotor,WholeBrain_C.n,4548060000,JardimMesseder_etal_2017_Table1
Procyon lotor,WholeBrain_Mass.g,34.186,JardimMesseder_etal_2017_Table1
Procyon lotor,WholeBrain_N.n,2148070000,JardimMesseder_etal_2017_Table1
Procyon lotor,WholeBrain_N.p.mg,62834.7861697771,JardimMesseder_etal_2017_Table1
Procyon lotor,WholeBrain_O.n,2399990000,JardimMesseder_etal_2017_Table1
Procyon lotor,WholeBrain_O.p.N,1.117,JardimMesseder_etal_2017_Table1
Procyon lotor,WholeBrain_O.p.mg,70203.8846311356,JardimMesseder_etal_2017_Table1
Procyon lotor,WholeBrain_p.C.N,47.2304674960313,JardimMesseder_etal_2017_Table1
Proechimys guyannensis,Body_Mass.g,223.485,HerculanoHouzel_etal_2015_Table5
Proechimys guyannensis,Cerebellum_C.n,198885000,HerculanoHouzel_etal_2015_Table2
Proechimys guyannensis,Cerebellum_Mass.g,0.33,HerculanoHouzel_etal_2015_Table2
Proechimys guyannensis,Cerebellum_N.n,162512050,HerculanoHouzel_etal_2015_Table2
Proechimys guyannensis,Cerebellum_N.p.mg,494338,HerculanoHouzel_etal_2015_Table2
Proechimys guyannensis,Cerebellum_O.n,36372950,HerculanoHouzel_etal_2015_Table2
Proechimys guyannensis,Cerebellum_O.p.N,0.224,HerculanoHouzel_etal_2015_Table2
Proechimys guyannensis,Cerebellum_O.p.mg,110122,HerculanoHouzel_etal_2015_Table2
Proechimys guyannensis,Cerebellum_p.C.N,81.7115669859466,HerculanoHouzel_etal_2015_Table2
Proechimys guyannensis,CerebralCortex_C.n,97919063,HerculanoHouzel_etal_2015_Table1
Proechimys guyannensis,CerebralCortex_Mass.g,0.924,HerculanoHouzel_etal_2015_Table1
Proechimys guyannensis,CerebralCortex_N.n,26086024,HerculanoHouzel_etal_2015_Table1
Proechimys guyannensis,CerebralCortex_N.p.mg,28321,HerculanoHouzel_etal_2015_Table1
Proechimys guyannensis,CerebralCortex_O.n,71833039,HerculanoHouzel_etal_2015_Table1
Proechimys guyannensis,CerebralCortex_O.p.N,2.752,HerculanoHouzel_etal_2015_Table1
Proechimys guyannensis,CerebralCortex_O.p.mg,78011,HerculanoHouzel_etal_2015_Table1
Proechimys guyannensis,CerebralCortex_p.C.N,26.6403938117749,HerculanoHouzel_etal_2015_Table1
Proechimys guyannensis,OlfactoryBulb_C.n,30270000,HerculanoHouzel_etal_2015_Table4
Proechimys guyannensis,OlfactoryBulb_Mass.g,0.132,HerculanoHouzel_etal_2015_Table4
Proechimys guyannensis,OlfactoryBulb_N.n,9141540,HerculanoHouzel_etal_2015_Table4
Proechimys guyannensis,OlfactoryBulb_N.p.mg,69254,HerculanoHouzel_etal_2015_Table4
Proechimys guyannensis,OlfactoryBulb_O.n,21128460,HerculanoHouzel_etal_2015_Table4
Proechimys guyannensis,OlfactoryBulb_O.p.N,2.311,HerculanoHouzel_etal_2015_Table4
Proechimys guyannensis,OlfactoryBulb_O.p.mg,160064,HerculanoHouzel_etal_2015_Table4
Proechimys guyannensis,OlfactoryBulb_p.C.N,30.2,HerculanoHouzel_etal_2015_Table4
Proechimys guyannensis,RoB_C.n,86560937,HerculanoHouzel_etal_2015_Table3
Proechimys guyannensis,RoB_Mass.g,0.824,HerculanoHouzel_etal_2015_Table3
Proechimys guyannensis,RoB_N.n,13492039,HerculanoHouzel_etal_2015_Table3
Proechimys guyannensis,RoB_N.p.mg,16381,HerculanoHouzel_etal_2015_Table3
Proechimys guyannensis,RoB_O.n,73068898,HerculanoHouzel_etal_2015_Table3
Proechimys guyannensis,RoB_O.p.N,5.462,HerculanoHouzel_etal_2015_Table3
Proechimys guyannensis,RoB_O.p.mg,88667,HerculanoHouzel_etal_2015_Table3
Proechimys guyannensis,RoB_p.C.N,15.586752486286,HerculanoHouzel_etal_2015_Table3
Proechimys guyannensis,WholeBrain_C.n,383365000,HerculanoHouzel_etal_2015_Table5
Proechimys guyannensis,WholeBrain_Mass.g,2.078,HerculanoHouzel_etal_2015_Table5
Proechimys guyannensis,WholeBrain_N.n,202090113,HerculanoHouzel_etal_2015_Table5
Proechimys guyannensis,WholeBrain_N.p.mg,97252.2199230029,HerculanoHouzel_etal_2015_Table5
Proechimys guyannensis,WholeBrain_O.n,181274887,HerculanoHouzel_etal_2015_Table5
Proechimys guyannensis,WholeBrain_O.p.N,0.897000275317774,HerculanoHouzel_etal_2015_Table5
Proechimys guyannensis,WholeBrain_O.p.mg,87235.2680461983,HerculanoHouzel_etal_2015_Table5
Proechimys guyannensis,WholeBrain_p.C.N,52.7,HerculanoHouzel_etal_2015_Table5
Rattus norvegicus,Body_Mass.g,315.1,HerculanoHouzel_etal_2015_Table5
Rattus norvegicus,Cerebellum_C.n,168177499,HerculanoHouzel_etal_2015_Table2
Rattus norvegicus,Cerebellum_Mass.g,0.272,HerculanoHouzel_etal_2015_Table2
Rattus norvegicus,Cerebellum_N.n,139171882,HerculanoHouzel_etal_2015_Table2
Rattus norvegicus,Cerebellum_N.p.mg,522688,HerculanoHouzel_etal_2015_Table2
Rattus norvegicus,Cerebellum_O.n,29005617,HerculanoHouzel_etal_2015_Table2
Rattus norvegicus,Cerebellum_O.p.N,0.209,HerculanoHouzel_etal_2015_Table2
Rattus norvegicus,Cerebellum_O.p.mg,108555,HerculanoHouzel_etal_2015_Table2
Rattus norvegicus,Cerebellum_p.C.N,82.7529739873228,HerculanoHouzel_etal_2015_Table2
Rattus norvegicus,CerebralCortex_C.n,76705000,HerculanoHouzel_etal_2015_Table1
Rattus norvegicus,CerebralCortex_Mass.g,0.769,HerculanoHouzel_etal_2015_Table1
Rattus norvegicus,CerebralCortex_N.n,31017192,HerculanoHouzel_etal_2015_Table1
Rattus norvegicus,CerebralCortex_N.p.mg,41092,HerculanoHouzel_etal_2015_Table1
Rattus norvegicus,CerebralCortex_O.n,45687808,HerculanoHouzel_etal_2015_Table1
Rattus norvegicus,CerebralCortex_O.p.N,1.497,HerculanoHouzel_etal_2015_Table1
Rattus norvegicus,CerebralCortex_O.p.mg,60426,HerculanoHouzel_etal_2015_Table1
Rattus norvegicus,CerebralCortex_p.C.N,40.4369884622906,HerculanoHouzel_etal_2015_Table1
Rattus norvegicus,OlfactoryBulb_C.n,20342000,HerculanoHouzel_etal_2015_Table4
Rattus norvegicus,OlfactoryBulb_Mass.g,0.074,HerculanoHouzel_etal_2015_Table4
Rattus norvegicus,OlfactoryBulb_N.n,11103272,HerculanoHouzel_etal_2015_Table4
Rattus norvegicus,OlfactoryBulb_N.p.mg,152373,HerculanoHouzel_etal_2015_Table4
Rattus norvegicus,OlfactoryBulb_O.n,9238728,HerculanoHouzel_etal_2015_Table4
Rattus norvegicus,OlfactoryBulb_O.p.N,0.848,HerculanoHouzel_etal_2015_Table4
Rattus norvegicus,OlfactoryBulb_O.p.mg,126210,HerculanoHouzel_etal_2015_Table4
Rattus norvegicus,OlfactoryBulb_p.C.N,54.5829908563563,HerculanoHouzel_etal_2015_Table4
Rattus norvegicus,RoB_C.n,65900001,HerculanoHouzel_etal_2015_Table3
Rattus norvegicus,RoB_Mass.g,0.683,HerculanoHouzel_etal_2015_Table3
Rattus norvegicus,RoB_N.n,18678758,HerculanoHouzel_etal_2015_Table3
Rattus norvegicus,RoB_N.p.mg,27813,HerculanoHouzel_etal_2015_Table3
Rattus norvegicus,RoB_O.n,47221243,HerculanoHouzel_etal_2015_Table3
Rattus norvegicus,RoB_O.p.N,2.587,HerculanoHouzel_etal_2015_Table3
Rattus norvegicus,RoB_O.p.mg,71760,HerculanoHouzel_etal_2015_Table3
Rattus norvegicus,RoB_p.C.N,28.3440936518347,HerculanoHouzel_etal_2015_Table3
Rattus norvegicus,WholeBrain_C.n,310782500,HerculanoHouzel_etal_2015_Table5
Rattus norvegicus,WholeBrain_Mass.g,1.724,HerculanoHouzel_etal_2015_Table5
Rattus norvegicus,WholeBrain_N.n,188867832,HerculanoHouzel_etal_2015_Table5
Rattus norvegicus,WholeBrain_N.p.mg,109552.106728538,HerculanoHouzel_etal_2015_Table5
Rattus norvegicus,WholeBrain_O.n,121914668,HerculanoHouzel_etal_2015_Table5
Rattus norvegicus,WholeBrain_O.p.N,0.645502554400053,HerculanoHouzel_etal_2015_Table5
Rattus norvegicus,WholeBrain_O.p.mg,70716.1647331787,HerculanoHouzel_etal_2015_Table5
Rattus norvegicus,WholeBrain_p.C.N,60.7,HerculanoHouzel_etal_2015_Table5
Rousettus aegyptiacus,Body_Mass.g,120,HerculanoHouzel_etal_2020_TABLE1
Rousettus aegyptiacus,Cerebellum_Mass.g,0.219666672195536,HerculanoHouzel_etal_2020_TABLE2
Rousettus aegyptiacus,Cerebellum_N.n,132436158,HerculanoHouzel_etal_2020_TABLE2
Rousettus aegyptiacus,Cerebellum_N.p.mg,602896,HerculanoHouzel_etal_2020_TABLE2
Rousettus aegyptiacus,CerebralCortex_Mass.g,0.985394850957763,HerculanoHouzel_etal_2020_TABLE2
Rousettus aegyptiacus,CerebralCortex_N.n,28859259,HerculanoHouzel_etal_2020_TABLE2
Rousettus aegyptiacus,CerebralCortex_N.p.mg,29287,HerculanoHouzel_etal_2020_TABLE2
Rousettus aegyptiacus,RoB_Mass.g,0.547872457669572,HerculanoHouzel_etal_2020_TABLE2
Rousettus aegyptiacus,RoB_N.n,10936630,HerculanoHouzel_etal_2020_TABLE2
Rousettus aegyptiacus,RoB_N.p.mg,19962,HerculanoHouzel_etal_2020_TABLE2
Rousettus aegyptiacus,WholeBrain_Mass.g,1.778,HerculanoHouzel_etal_2020_TABLE1
Rousettus aegyptiacus,WholeBrain_N.n,172232047,HerculanoHouzel_etal_2020_TABLE1
Rousettus aegyptiacus,WholeBrain_N.p.mg,96868.4178852643,HerculanoHouzel_etal_2020_TABLE1
Saguinus midas,CerebralCortex_I.p.C,0.0272,DosSantos_etal_2020_unpublished
Saimiri sciureus,Body_Mass.g,859,HerculanoHouzel_etal_2015_Table5
Saimiri sciureus,Cerebellum_C.n,1953020000,HerculanoHouzel_etal_2015_Table2
Saimiri sciureus,Cerebellum_Mass.g,4.3,HerculanoHouzel_etal_2015_Table2
Saimiri sciureus,Cerebellum_N.n,1820000000,HerculanoHouzel_etal_2015_Table2
Saimiri sciureus,Cerebellum_N.p.mg,424000,HerculanoHouzel_etal_2015_Table2
Saimiri sciureus,Cerebellum_O.n,133020000,HerculanoHouzel_etal_2015_Table2
Saimiri sciureus,Cerebellum_O.p.N,0.073,HerculanoHouzel_etal_2015_Table2
Saimiri sciureus,Cerebellum_O.p.mg,30940,HerculanoHouzel_etal_2015_Table2
Saimiri sciureus,Cerebellum_p.C.N,93.189009841169,HerculanoHouzel_etal_2015_Table2
Saimiri sciureus,CerebralCortex_C.n,2950000000,HerculanoHouzel_etal_2015_Table1
Saimiri sciureus,CerebralCortex_Mass.g,20.652,HerculanoHouzel_etal_2015_Table1
Saimiri sciureus,CerebralCortex_N.n,1340000000,HerculanoHouzel_etal_2015_Table1
Saimiri sciureus,CerebralCortex_N.p.mg,64930,HerculanoHouzel_etal_2015_Table1
Saimiri sciureus,CerebralCortex_O.n,1610000000,HerculanoHouzel_etal_2015_Table1
Saimiri sciureus,CerebralCortex_O.p.N,1.201,HerculanoHouzel_etal_2015_Table1
Saimiri sciureus,CerebralCortex_O.p.mg,77840,HerculanoHouzel_etal_2015_Table1
Saimiri sciureus,CerebralCortex_p.C.N,45.4237288135593,HerculanoHouzel_etal_2015_Table1
Saimiri sciureus,RoB_C.n,368120000,HerculanoHouzel_etal_2015_Table3
Saimiri sciureus,RoB_Mass.g,5.004,HerculanoHouzel_etal_2015_Table3
Saimiri sciureus,RoB_N.n,65530000,HerculanoHouzel_etal_2015_Table3
Saimiri sciureus,RoB_N.p.mg,13090,HerculanoHouzel_etal_2015_Table3
Saimiri sciureus,RoB_O.n,302590000,HerculanoHouzel_etal_2015_Table3
Saimiri sciureus,RoB_O.p.N,4.618,HerculanoHouzel_etal_2015_Table3
Saimiri sciureus,RoB_O.p.mg,60470,HerculanoHouzel_etal_2015_Table3
Saimiri sciureus,RoB_p.C.N,17.8012604585461,HerculanoHouzel_etal_2015_Table3
Saimiri sciureus,SpinalCord_C.n,95930000,Burish_etal_2010_Table1
Saimiri sciureus,SpinalCord_Length.mm,169.48,Burish_etal_2010_Table1
Saimiri sciureus,SpinalCord_Mass.g,1.602,Burish_etal_2010_Table1
Saimiri sciureus,SpinalCord_N.n,4690000,Burish_etal_2010_Table1
Saimiri sciureus,SpinalCord_N.p.mg,2913,Burish_etal_2010_Table1
Saimiri sciureus,SpinalCord_O.n,91240000,Burish_etal_2010_Table1
Saimiri sciureus,SpinalCord_O.p.N,19.454157782516,Burish_etal_2010_Table1
Saimiri sciureus,SpinalCord_O.p.mg,56888,Burish_etal_2010_Table1
Saimiri sciureus,SpinalCord_p.C.Body.mass,0.19,Burish_etal_2010_Table1
Saimiri sciureus,SpinalCord_p.C.CNS.mass,5.03,Burish_etal_2010_Table1
Saimiri sciureus,SpinalCord_p.C.CNS.neurons,0.14,Burish_etal_2010_Table1
Saimiri sciureus,SpinalCord_p.C.N,4.83,Burish_etal_2010_Table1
Saimiri sciureus,WholeBrain_C.n,5319460000,HerculanoHouzel_etal_2015_Table5
Saimiri sciureus,WholeBrain_Mass.g,30.216,HerculanoHouzel_etal_2015_Table5
Saimiri sciureus,WholeBrain_N.n,3246430000,HerculanoHouzel_etal_2015_Table5
Saimiri sciureus,WholeBrain_N.p.mg,107440.759862325,HerculanoHouzel_etal_2015_Table5
Saimiri sciureus,WholeBrain_O.n,2073030000,HerculanoHouzel_etal_2015_Table5
Saimiri sciureus,WholeBrain_O.p.N,0.638556814716473,HerculanoHouzel_etal_2015_Table5
Saimiri sciureus,WholeBrain_O.p.mg,68607.0293884035,HerculanoHouzel_etal_2015_Table5
Saimiri sciureus,WholeBrain_p.C.N,61,HerculanoHouzel_etal_2015_Table5
Sapajus apella,Body_Mass.g,3340,HerculanoHouzel_etal_2015_Table5
Sapajus apella,Cerebellum_C.n,2735810000,HerculanoHouzel_etal_2015_Table2
Sapajus apella,Cerebellum_Mass.g,4.6,HerculanoHouzel_etal_2015_Table2
Sapajus apella,Cerebellum_N.n,2490000000,HerculanoHouzel_etal_2015_Table2
Sapajus apella,Cerebellum_N.p.mg,540310,HerculanoHouzel_etal_2015_Table2
Sapajus apella,Cerebellum_O.n,245810000,HerculanoHouzel_etal_2015_Table2
Sapajus apella,Cerebellum_O.p.N,0.099,HerculanoHouzel_etal_2015_Table2
Sapajus apella,Cerebellum_O.p.mg,53440,HerculanoHouzel_etal_2015_Table2
Sapajus apella,Cerebellum_p.C.N,91.0150924223539,HerculanoHouzel_etal_2015_Table2
Sapajus apella,CerebralCortex_C.n,3690000000,HerculanoHouzel_etal_2015_Table1
Sapajus apella,CerebralCortex_I.n,105165000,DosSantos_etal_2020_unpublished_HerculanoHouzel_etal_2015_Table1
Sapajus apella,CerebralCortex_I.p.C,0.0285,DosSantos_etal_2020_unpublished
Sapajus apella,CerebralCortex_I.p.mg,2684.28709990301,DosSantos_etal_2020_unpublished_HerculanoHouzel_etal_2015_Table1_HerculanoHouzel_etal_2015_Table1
Sapajus apella,CerebralCortex_Mass.g,39.178,HerculanoHouzel_etal_2015_Table1
Sapajus apella,CerebralCortex_N.n,1140000000,HerculanoHouzel_etal_2015_Table1
Sapajus apella,CerebralCortex_N.p.mg,29180,HerculanoHouzel_etal_2015_Table1
Sapajus apella,CerebralCortex_O.n,2550000000,HerculanoHouzel_etal_2015_Table1
Sapajus apella,CerebralCortex_O.p.N,2.237,HerculanoHouzel_etal_2015_Table1
Sapajus apella,CerebralCortex_O.p.mg,64980,HerculanoHouzel_etal_2015_Table1
Sapajus apella,CerebralCortex_p.C.N,30.8943089430894,HerculanoHouzel_etal_2015_Table1
Sapajus apella,RoB_C.n,567960000,HerculanoHouzel_etal_2015_Table3
Sapajus apella,RoB_Mass.g,8.43,HerculanoHouzel_etal_2015_Table3
Sapajus apella,RoB_N.n,61850000,HerculanoHouzel_etal_2015_Table3
Sapajus apella,RoB_N.p.mg,7340,HerculanoHouzel_etal_2015_Table3
Sapajus apella,RoB_O.n,506110000,HerculanoHouzel_etal_2015_Table3
Sapajus apella,RoB_O.p.N,8.183,HerculanoHouzel_etal_2015_Table3
Sapajus apella,RoB_O.p.mg,60040,HerculanoHouzel_etal_2015_Table3
Sapajus apella,RoB_p.C.N,10.8898513979858,HerculanoHouzel_etal_2015_Table3
Sapajus apella,WholeBrain_C.n,6988260000,HerculanoHouzel_etal_2015_Table5
Sapajus apella,WholeBrain_Mass.g,52.208,HerculanoHouzel_etal_2015_Table5
Sapajus apella,WholeBrain_N.n,3690520000,HerculanoHouzel_etal_2015_Table5
Sapajus apella,WholeBrain_N.p.mg,70688.7833282256,HerculanoHouzel_etal_2015_Table5
Sapajus apella,WholeBrain_O.n,3297740000,HerculanoHouzel_etal_2015_Table5
Sapajus apella,WholeBrain_O.p.N,0.893570553743104,HerculanoHouzel_etal_2015_Table5
Sapajus apella,WholeBrain_O.p.mg,63165.4152620288,HerculanoHouzel_etal_2015_Table5
Sapajus apella,WholeBrain_p.C.N,52.8,HerculanoHouzel_etal_2015_Table5
Sarcophilus harrisii,Body_Mass.g,8200,DosSantos_etal_2017_TableS1
Sarcophilus harrisii,Cerebellum_I.p.C,0.0105,DosSantos_etal_2020_unpublished
Sarcophilus harrisii,Cerebellum_Mass.g,1.434,DosSantos_etal_2017_TableS1
Sarcophilus harrisii,Cerebellum_N.n,601070000,DosSantos_etal_2017_TableS1
Sarcophilus harrisii,Cerebellum_N.p.mg,419158,DosSantos_etal_2017_TableS1
Sarcophilus harrisii,Cerebellum_O.p.N,0.224,DosSantos_etal_2017_TableS1
Sarcophilus harrisii,CerebralCortexGrey_N.n,50950000,DosSantos_etal_2017_TableS1
Sarcophilus harrisii,CerebralCortexGrey_N.p.mg,14759,DosSantos_etal_2017_TableS1
Sarcophilus harrisii,CerebralCortexGrey_O.p.N,3.727,DosSantos_etal_2017_TableS1
Sarcophilus harrisii,CerebralCortexNoHippocampus_I.p.C,0.0197,DosSantos_etal_2020_unpublished
Sarcophilus harrisii,CerebralCortex_I.p.C,0.0218,DosSantos_etal_2020_unpublished
Sarcophilus harrisii,CerebralCortex_Mass.g,5.228,DosSantos_etal_2017_TableS1
Sarcophilus harrisii,CerebralCortex_N.n,71660000,DosSantos_etal_2017_TableS1
Sarcophilus harrisii,CerebralCortex_N.p.mg,13706,DosSantos_etal_2017_TableS1
Sarcophilus harrisii,CerebralCortex_O.p.N,5.112,DosSantos_etal_2017_TableS1
Sarcophilus harrisii,DiencephalonStriatum_Mass.g,1.348,DosSantos_etal_2017_TableS1
Sarcophilus harrisii,DiencephalonStriatum_N.n,6180000,DosSantos_etal_2017_TableS1
Sarcophilus harrisii,DiencephalonStriatum_N.p.mg,4587,DosSantos_etal_2017_TableS1
Sarcophilus harrisii,DiencephalonStriatum_O.p.N,18.96,DosSantos_etal_2017_TableS1
Sarcophilus harrisii,Hippocampus_I.p.C,0.0325,DosSantos_etal_2020_unpublished
Sarcophilus harrisii,Hippocampus_Mass.g,0.634,DosSantos_etal_2017_TableS1
Sarcophilus harrisii,Hippocampus_N.n,12640000,DosSantos_etal_2017_TableS1
Sarcophilus harrisii,Hippocampus_N.p.mg,19940,DosSantos_etal_2017_TableS1
Sarcophilus harrisii,Hippocampus_O.p.N,4.537,DosSantos_etal_2017_TableS1
Sarcophilus harrisii,MesencephalonDiencephalonStriatum_Mass.g,2,DosSantos_etal_2017_TableS1
Sarcophilus harrisii,MesencephalonDiencephalonStriatum_N.n,14410000,DosSantos_etal_2017_TableS1
Sarcophilus harrisii,MesencephalonDiencephalonStriatum_N.p.mg,7203,DosSantos_etal_2017_TableS1
Sarcophilus harrisii,MesencephalonDiencephalonStriatum_O.p.N,11.948,DosSantos_etal_2017_TableS1
Sarcophilus harrisii,Mesencephalon_Mass.g,0.652,DosSantos_etal_2017_TableS1
Sarcophilus harrisii,Mesencephalon_N.n,8220000,DosSantos_etal_2017_TableS1
Sarcophilus harrisii,Mesencephalon_N.p.mg,12613,DosSantos_etal_2017_TableS1
Sarcophilus harrisii,Mesencephalon_O.p.N,6.675,DosSantos_etal_2017_TableS1
Sarcophilus harrisii,OlfactoryBulb_Mass.g,1.004,DosSantos_etal_2017_TableS1
Sarcophilus harrisii,OlfactoryBulb_N.n,100320000,DosSantos_etal_2017_TableS1
Sarcophilus harrisii,OlfactoryBulb_N.p.mg,99919,DosSantos_etal_2017_TableS1
Sarcophilus harrisii,OlfactoryBulb_O.p.N,1.004,DosSantos_etal_2017_TableS1
Sarcophilus harrisii,PonsMedulla_Mass.g,1.14,DosSantos_etal_2017_TableS1
Sarcophilus harrisii,PonsMedulla_N.n,6560000,DosSantos_etal_2017_TableS1
Sarcophilus harrisii,PonsMedulla_N.p.mg,5754,DosSantos_etal_2017_TableS1
Sarcophilus harrisii,PonsMedulla_O.p.N,12.755,DosSantos_etal_2017_TableS1
Sarcophilus harrisii,RoB_I.p.C,0.0202,DosSantos_etal_2020_unpublished
Sarcophilus harrisii,RoB_Mass.g,3.14,DosSantos_etal_2017_TableS1
Sarcophilus harrisii,RoB_N.n,20970000,DosSantos_etal_2017_TableS1
Sarcophilus harrisii,RoB_N.p.mg,6677,DosSantos_etal_2017_TableS1
Sarcophilus harrisii,RoB_O.p.N,12.2,DosSantos_etal_2017_TableS1
Sarcophilus harrisii,WholeBrain_I.p.C,0.0158,DosSantos_etal_2020_unpublished
Sarcophilus harrisii,WholeBrain_Mass.g,9.802,DosSantos_etal_2017_TableS1
Sarcophilus harrisii,WholeBrain_N.n,693690000,DosSantos_etal_2017_TableS1
Sarcophilus harrisii,WholeBrain_N.p.mg,70770.25096919,DosSantos_etal_2017_TableS1
Sarcophilus harrisii,WholeBrain_O.p.N,1.09,DosSantos_etal_2017_TableS1
Scalopus aquaticus,Body_Mass.g,95.3,HerculanoHouzel_etal_2015_Table5
Scalopus aquaticus,Cerebellum_C.n,176060000,HerculanoHouzel_etal_2015_Table2
Scalopus aquaticus,Cerebellum_Mass.g,0.153,HerculanoHouzel_etal_2015_Table2
Scalopus aquaticus,Cerebellum_N.n,158550000,HerculanoHouzel_etal_2015_Table2
Scalopus aquaticus,Cerebellum_N.p.mg,1037390,HerculanoHouzel_etal_2015_Table2
Scalopus aquaticus,Cerebellum_O.n,17510000,HerculanoHouzel_etal_2015_Table2
Scalopus aquaticus,Cerebellum_O.p.N,0.11,HerculanoHouzel_etal_2015_Table2
Scalopus aquaticus,Cerebellum_O.p.mg,114660,HerculanoHouzel_etal_2015_Table2
Scalopus aquaticus,Cerebellum_p.C.N,90.0545268658412,HerculanoHouzel_etal_2015_Table2
Scalopus aquaticus,CerebralCortex_C.n,65220000,HerculanoHouzel_etal_2015_Table1
Scalopus aquaticus,CerebralCortex_Mass.g,0.476,HerculanoHouzel_etal_2015_Table1
Scalopus aquaticus,CerebralCortex_N.n,26680000,HerculanoHouzel_etal_2015_Table1
Scalopus aquaticus,CerebralCortex_N.p.mg,60461,HerculanoHouzel_etal_2015_Table1
Scalopus aquaticus,CerebralCortex_O.n,38540000,HerculanoHouzel_etal_2015_Table1
Scalopus aquaticus,CerebralCortex_O.p.N,1.383,HerculanoHouzel_etal_2015_Table1
Scalopus aquaticus,CerebralCortex_O.p.mg,80745,HerculanoHouzel_etal_2015_Table1
Scalopus aquaticus,CerebralCortex_p.C.N,40.9076970254523,HerculanoHouzel_etal_2015_Table1
Scalopus aquaticus,OlfactoryBulb_C.n,52390000,HerculanoHouzel_etal_2015_Table4
Scalopus aquaticus,OlfactoryBulb_Mass.g,0.082,HerculanoHouzel_etal_2015_Table4
Scalopus aquaticus,OlfactoryBulb_N.n,34610000,HerculanoHouzel_etal_2015_Table4
Scalopus aquaticus,OlfactoryBulb_N.p.mg,423520,HerculanoHouzel_etal_2015_Table4
Scalopus aquaticus,OlfactoryBulb_O.n,17780000,HerculanoHouzel_etal_2015_Table4
Scalopus aquaticus,OlfactoryBulb_O.p.N,0.514,HerculanoHouzel_etal_2015_Table4
Scalopus aquaticus,OlfactoryBulb_O.p.mg,215230,HerculanoHouzel_etal_2015_Table4
Scalopus aquaticus,OlfactoryBulb_p.C.N,66.0622256155755,HerculanoHouzel_etal_2015_Table4
Scalopus aquaticus,RoB_C.n,62250000,HerculanoHouzel_etal_2015_Table3
Scalopus aquaticus,RoB_Mass.g,0.37,HerculanoHouzel_etal_2015_Table3
Scalopus aquaticus,RoB_N.n,16560000,HerculanoHouzel_etal_2015_Table3
Scalopus aquaticus,RoB_N.p.mg,44620,HerculanoHouzel_etal_2015_Table3
Scalopus aquaticus,RoB_O.n,45690000,HerculanoHouzel_etal_2015_Table3
Scalopus aquaticus,RoB_O.p.N,2.759,HerculanoHouzel_etal_2015_Table3
Scalopus aquaticus,RoB_O.p.mg,123600,HerculanoHouzel_etal_2015_Table3
Scalopus aquaticus,RoB_p.C.N,26.6024096385542,HerculanoHouzel_etal_2015_Table3
Scalopus aquaticus,WholeBrain_C.n,305260000,HerculanoHouzel_etal_2015_Table5
Scalopus aquaticus,WholeBrain_Mass.g,0.999,HerculanoHouzel_etal_2015_Table5
Scalopus aquaticus,WholeBrain_N.n,203520000,HerculanoHouzel_etal_2015_Table5
Scalopus aquaticus,WholeBrain_N.p.mg,203723.723723724,HerculanoHouzel_etal_2015_Table5
Scalopus aquaticus,WholeBrain_O.n,101740000,HerculanoHouzel_etal_2015_Table5
Scalopus aquaticus,WholeBrain_O.p.N,0.499901729559748,HerculanoHouzel_etal_2015_Table5
Scalopus aquaticus,WholeBrain_O.p.mg,101841.841841842,HerculanoHouzel_etal_2015_Table5
Scalopus aquaticus,WholeBrain_p.C.N,66.7,HerculanoHouzel_etal_2015_Table5
Sciurus carolinensis,Body_Mass.g,500,HerculanoHouzel_etal_2015_Table5
Sciurus carolinensis,Cerebellum_C.n,453630000,HerculanoHouzel_etal_2015_Table2
Sciurus carolinensis,Cerebellum_Mass.g,0.874,HerculanoHouzel_etal_2015_Table2
Sciurus carolinensis,Cerebellum_N.n,342832180,HerculanoHouzel_etal_2015_Table2
Sciurus carolinensis,Cerebellum_N.p.mg,392363,HerculanoHouzel_etal_2015_Table2
Sciurus carolinensis,Cerebellum_O.n,110797820,HerculanoHouzel_etal_2015_Table2
Sciurus carolinensis,Cerebellum_O.p.N,0.336,HerculanoHouzel_etal_2015_Table2
Sciurus carolinensis,Cerebellum_O.p.mg,127682,HerculanoHouzel_etal_2015_Table2
Sciurus carolinensis,Cerebellum_p.C.N,75.5752882304962,HerculanoHouzel_etal_2015_Table2
Sciurus carolinensis,CerebralCortex_C.n,286989334,HerculanoHouzel_etal_2015_Table1
Sciurus carolinensis,CerebralCortex_Mass.g,2.73,HerculanoHouzel_etal_2015_Table1
Sciurus carolinensis,CerebralCortex_N.n,77334617,HerculanoHouzel_etal_2015_Table1
Sciurus carolinensis,CerebralCortex_N.p.mg,28384,HerculanoHouzel_etal_2015_Table1
Sciurus carolinensis,CerebralCortex_O.n,209654717,HerculanoHouzel_etal_2015_Table1
Sciurus carolinensis,CerebralCortex_O.p.N,2.709,HerculanoHouzel_etal_2015_Table1
Sciurus carolinensis,CerebralCortex_O.p.mg,76877,HerculanoHouzel_etal_2015_Table1
Sciurus carolinensis,CerebralCortex_p.C.N,26.9468610286402,HerculanoHouzel_etal_2015_Table1
Sciurus carolinensis,OlfactoryBulb_C.n,67861666,HerculanoHouzel_etal_2015_Table4
Sciurus carolinensis,OlfactoryBulb_Mass.g,0.212,HerculanoHouzel_etal_2015_Table4
Sciurus carolinensis,OlfactoryBulb_N.n,28845724,HerculanoHouzel_etal_2015_Table4
Sciurus carolinensis,OlfactoryBulb_N.p.mg,137532,HerculanoHouzel_etal_2015_Table4
Sciurus carolinensis,OlfactoryBulb_O.n,39015942,HerculanoHouzel_etal_2015_Table4
Sciurus carolinensis,OlfactoryBulb_O.p.N,1.478,HerculanoHouzel_etal_2015_Table4
Sciurus carolinensis,OlfactoryBulb_O.p.mg,185359,HerculanoHouzel_etal_2015_Table4
Sciurus carolinensis,OlfactoryBulb_p.C.N,42.5066546406332,HerculanoHouzel_etal_2015_Table4
Sciurus carolinensis,RoB_C.n,243517334,HerculanoHouzel_etal_2015_Table3
Sciurus carolinensis,RoB_Mass.g,1.943,HerculanoHouzel_etal_2015_Table3
Sciurus carolinensis,RoB_N.n,33493401,HerculanoHouzel_etal_2015_Table3
Sciurus carolinensis,RoB_N.p.mg,17616,HerculanoHouzel_etal_2015_Table3
Sciurus carolinensis,RoB_O.n,210023933,HerculanoHouzel_etal_2015_Table3
Sciurus carolinensis,RoB_O.p.N,7.246,HerculanoHouzel_etal_2015_Table3
Sciurus carolinensis,RoB_O.p.mg,108482,HerculanoHouzel_etal_2015_Table3
Sciurus carolinensis,RoB_p.C.N,13.7540110389021,HerculanoHouzel_etal_2015_Table3
Sciurus carolinensis,WholeBrain_C.n,984136666,HerculanoHouzel_etal_2015_Table5
Sciurus carolinensis,WholeBrain_Mass.g,5.548,HerculanoHouzel_etal_2015_Table5
Sciurus carolinensis,WholeBrain_N.n,453660197,HerculanoHouzel_etal_2015_Table5
Sciurus carolinensis,WholeBrain_N.p.mg,81770.0427180966,HerculanoHouzel_etal_2015_Table5
Sciurus carolinensis,WholeBrain_O.n,530476469,HerculanoHouzel_etal_2015_Table5
Sciurus carolinensis,WholeBrain_O.p.N,1.16932557122705,HerculanoHouzel_etal_2015_Table5
Sciurus carolinensis,WholeBrain_O.p.mg,95615.8019105984,HerculanoHouzel_etal_2015_Table5
Sciurus carolinensis,WholeBrain_p.C.N,46,HerculanoHouzel_etal_2015_Table5
Scotonycteris zenkeri,Body_Mass.g,16.1,HerculanoHouzel_etal_2020_TABLE1
Scotonycteris zenkeri,Cerebellum_Mass.g,0.0860000091067051,HerculanoHouzel_etal_2020_TABLE2
Scotonycteris zenkeri,Cerebellum_N.n,47217961,HerculanoHouzel_etal_2020_TABLE2
Scotonycteris zenkeri,Cerebellum_N.p.mg,549046,HerculanoHouzel_etal_2020_TABLE2
Scotonycteris zenkeri,CerebralCortex_Mass.g,0.323996746696257,HerculanoHouzel_etal_2020_TABLE2
Scotonycteris zenkeri,CerebralCortex_N.n,12847119,HerculanoHouzel_etal_2020_TABLE2
Scotonycteris zenkeri,CerebralCortex_N.p.mg,39652,HerculanoHouzel_etal_2020_TABLE2
Scotonycteris zenkeri,RoB_Mass.g,0.177998873402646,HerculanoHouzel_etal_2020_TABLE2
Scotonycteris zenkeri,RoB_N.n,5529891,HerculanoHouzel_etal_2020_TABLE2
Scotonycteris zenkeri,RoB_N.p.mg,31067,HerculanoHouzel_etal_2020_TABLE2
Scotonycteris zenkeri,WholeBrain_Mass.g,0.588,HerculanoHouzel_etal_2020_TABLE1
Scotonycteris zenkeri,WholeBrain_N.n,65594971,HerculanoHouzel_etal_2020_TABLE1
Scotonycteris zenkeri,WholeBrain_N.p.mg,111556.073129252,HerculanoHouzel_etal_2020_TABLE1
Sorex fumeus,Body_Mass.g,7.8,HerculanoHouzel_etal_2015_Table5
Sorex fumeus,Cerebellum_C.n,26160000,HerculanoHouzel_etal_2015_Table2
Sorex fumeus,Cerebellum_Mass.g,0.02,HerculanoHouzel_etal_2015_Table2
Sorex fumeus,Cerebellum_N.n,20870000,HerculanoHouzel_etal_2015_Table2
Sorex fumeus,Cerebellum_N.p.mg,1038666,HerculanoHouzel_etal_2015_Table2
Sorex fumeus,Cerebellum_O.n,5290000,HerculanoHouzel_etal_2015_Table2
Sorex fumeus,Cerebellum_O.p.N,0.253,HerculanoHouzel_etal_2015_Table2
Sorex fumeus,Cerebellum_O.p.mg,258073,HerculanoHouzel_etal_2015_Table2
Sorex fumeus,Cerebellum_p.C.N,79.7782874617737,HerculanoHouzel_etal_2015_Table2
Sorex fumeus,CerebralCortex_C.n,19020000,HerculanoHouzel_etal_2015_Table1
Sorex fumeus,CerebralCortex_Mass.g,0.084,HerculanoHouzel_etal_2015_Table1
Sorex fumeus,CerebralCortex_N.n,9730000,HerculanoHouzel_etal_2015_Table1
Sorex fumeus,CerebralCortex_N.p.mg,116727,HerculanoHouzel_etal_2015_Table1
Sorex fumeus,CerebralCortex_O.n,9290000,HerculanoHouzel_etal_2015_Table1
Sorex fumeus,CerebralCortex_O.p.N,0.958,HerculanoHouzel_etal_2015_Table1
Sorex fumeus,CerebralCortex_O.p.mg,111754,HerculanoHouzel_etal_2015_Table1
Sorex fumeus,CerebralCortex_p.C.N,51.1566771819138,HerculanoHouzel_etal_2015_Table1
Sorex fumeus,OlfactoryBulb_C.n,6090000,HerculanoHouzel_etal_2015_Table4
Sorex fumeus,OlfactoryBulb_Mass.g,0.012,HerculanoHouzel_etal_2015_Table4
Sorex fumeus,OlfactoryBulb_N.n,3330000,HerculanoHouzel_etal_2015_Table4
Sorex fumeus,OlfactoryBulb_N.p.mg,289806,HerculanoHouzel_etal_2015_Table4
Sorex fumeus,OlfactoryBulb_O.n,2760000,HerculanoHouzel_etal_2015_Table4
Sorex fumeus,OlfactoryBulb_O.p.N,0.829,HerculanoHouzel_etal_2015_Table4
Sorex fumeus,OlfactoryBulb_O.p.mg,235249,HerculanoHouzel_etal_2015_Table4
Sorex fumeus,OlfactoryBulb_p.C.N,54.679802955665,HerculanoHouzel_etal_2015_Table4
Sorex fumeus,RoB_C.n,13840000,HerculanoHouzel_etal_2015_Table3
Sorex fumeus,RoB_Mass.g,0.072,HerculanoHouzel_etal_2015_Table3
Sorex fumeus,RoB_N.n,5560000,HerculanoHouzel_etal_2015_Table3
Sorex fumeus,RoB_N.p.mg,75941,HerculanoHouzel_etal_2015_Table3
Sorex fumeus,RoB_O.n,8280000,HerculanoHouzel_etal_2015_Table3
Sorex fumeus,RoB_O.p.N,1.489,HerculanoHouzel_etal_2015_Table3
Sorex fumeus,RoB_O.p.mg,114880,HerculanoHouzel_etal_2015_Table3
Sorex fumeus,RoB_p.C.N,40.1734104046243,HerculanoHouzel_etal_2015_Table3
Sorex fumeus,WholeBrain_C.n,59320000,HerculanoHouzel_etal_2015_Table5
Sorex fumeus,WholeBrain_Mass.g,0.176,HerculanoHouzel_etal_2015_Table5
Sorex fumeus,WholeBrain_N.n,36460000,HerculanoHouzel_etal_2015_Table5
Sorex fumeus,WholeBrain_N.p.mg,207159.090909091,HerculanoHouzel_etal_2015_Table5
Sorex fumeus,WholeBrain_O.n,22860000,HerculanoHouzel_etal_2015_Table5
Sorex fumeus,WholeBrain_O.p.N,0.626988480526604,HerculanoHouzel_etal_2015_Table5
Sorex fumeus,WholeBrain_O.p.mg,129886.363636364,HerculanoHouzel_etal_2015_Table5
Sorex fumeus,WholeBrain_p.C.N,61.3,HerculanoHouzel_etal_2015_Table5
Sus scrofa domesticus,Body_Mass.g,100000,HerculanoHouzel_etal_2015_Table5
Sus scrofa domesticus,Cerebellum_C.n,2207031251,HerculanoHouzel_etal_2015_Table2
Sus scrofa domesticus,Cerebellum_I.n,85632812.5388,DosSantos_etal_2020_unpublished_HerculanoHouzel_etal_2015_Table2
Sus scrofa domesticus,Cerebellum_I.p.C,0.0388,DosSantos_etal_2020_unpublished
Sus scrofa domesticus,Cerebellum_I.p.mg,10535.5330387303,DosSantos_etal_2020_unpublished_HerculanoHouzel_etal_2015_Table2_HerculanoHouzel_etal_2015_Table2
Sus scrofa domesticus,Cerebellum_Mass.g,8.128,HerculanoHouzel_etal_2015_Table2
Sus scrofa domesticus,Cerebellum_N.n,1858320313,HerculanoHouzel_etal_2015_Table2
Sus scrofa domesticus,Cerebellum_N.p.mg,228632,HerculanoHouzel_etal_2015_Table2
Sus scrofa domesticus,Cerebellum_O.n,348710938,HerculanoHouzel_etal_2015_Table2
Sus scrofa domesticus,Cerebellum_O.p.N,0.188,HerculanoHouzel_etal_2015_Table2
Sus scrofa domesticus,Cerebellum_O.p.mg,42902,HerculanoHouzel_etal_2015_Table2
Sus scrofa domesticus,Cerebellum_p.C.N,84.1999999845041,HerculanoHouzel_etal_2015_Table2
Sus scrofa domesticus,CerebralCortexGrey_N.n,207750000,Kazu_etal_2015_TABLE1
Sus scrofa domesticus,CerebralCortexGrey_N.p.mg,7375,Kazu_etal_2015_TABLE1
Sus scrofa domesticus,CerebralCortexGrey_O.p.N,8.544,Kazu_etal_2015_TABLE1
Sus scrofa domesticus,CerebralCortexNoHippocampus_I.p.C,0.108011310195764,DosSantos_etal_2020_unpublished
Sus scrofa domesticus,CerebralCortex_C.n,3557333758,HerculanoHouzel_etal_2015_Table1
Sus scrofa domesticus,CerebralCortex_I.n,390711919.157286,DosSantos_etal_2020_unpublished_HerculanoHouzel_etal_2015_Table1
Sus scrofa domesticus,CerebralCortex_I.p.C,0.109832797745959,DosSantos_etal_2020_unpublished
Sus scrofa domesticus,CerebralCortex_I.p.mg,9214.03450517135,DosSantos_etal_2020_unpublished_HerculanoHouzel_etal_2015_Table1_HerculanoHouzel_etal_2015_Table1
Sus scrofa domesticus,CerebralCortex_Mass.g,42.404,HerculanoHouzel_etal_2015_Table1
Sus scrofa domesticus,CerebralCortex_N.n,307082404,HerculanoHouzel_etal_2015_Table1
Sus scrofa domesticus,CerebralCortex_N.p.mg,7276,HerculanoHouzel_etal_2015_Table1
Sus scrofa domesticus,CerebralCortex_O.n,3250251354,HerculanoHouzel_etal_2015_Table1
Sus scrofa domesticus,CerebralCortex_O.p.N,10.585,HerculanoHouzel_etal_2015_Table1
Sus scrofa domesticus,CerebralCortex_O.p.mg,77016,HerculanoHouzel_etal_2015_Table1
Sus scrofa domesticus,CerebralCortex_p.C.N,8.63237539377378,HerculanoHouzel_etal_2015_Table1
Sus scrofa domesticus,DiencephalonStriatum_Mass.g,6.728,Kazu_etal_2015_TABLE1
Sus scrofa domesticus,DiencephalonStriatum_N.n,34400000,Kazu_etal_2015_TABLE1
Sus scrofa domesticus,DiencephalonStriatum_N.p.mg,5113,Kazu_etal_2015_TABLE1
Sus scrofa domesticus,DiencephalonStriatum_O.p.N,17.779,Kazu_etal_2015_TABLE1
Sus scrofa domesticus,Hippocampus_I.p.C,0.1513,DosSantos_etal_2020_unpublished
Sus scrofa domesticus,Hippocampus_Mass.g,1.928,Kazu_etal_2015_TABLE1
Sus scrofa domesticus,Hippocampus_N.n,12910000,Kazu_etal_2015_TABLE1
Sus scrofa domesticus,Hippocampus_N.p.mg,6695,Kazu_etal_2015_TABLE1
Sus scrofa domesticus,Hippocampus_O.p.N,10.334,Kazu_etal_2015_TABLE1
Sus scrofa domesticus,Mesencephalon_Mass.g,2.338,Kazu_etal_2015_TABLE1
Sus scrofa domesticus,Mesencephalon_N.n,12430000,Kazu_etal_2015_TABLE1
Sus scrofa domesticus,Mesencephalon_N.p.mg,5317,Kazu_etal_2015_TABLE1
Sus scrofa domesticus,Mesencephalon_O.p.N,15.667,Kazu_etal_2015_TABLE1
Sus scrofa domesticus,OlfactoryBulb_C.n,86750000,HerculanoHouzel_etal_2015_Table4
Sus scrofa domesticus,OlfactoryBulb_Mass.g,0.822,HerculanoHouzel_etal_2015_Table4
Sus scrofa domesticus,OlfactoryBulb_N.n,9195500,HerculanoHouzel_etal_2015_Table4
Sus scrofa domesticus,OlfactoryBulb_N.p.mg,11187,HerculanoHouzel_etal_2015_Table4
Sus scrofa domesticus,OlfactoryBulb_O.n,77554500,HerculanoHouzel_etal_2015_Table4
Sus scrofa domesticus,OlfactoryBulb_O.p.N,8.434,HerculanoHouzel_etal_2015_Table4
Sus scrofa domesticus,OlfactoryBulb_O.p.mg,94348,HerculanoHouzel_etal_2015_Table4
Sus scrofa domesticus,OlfactoryBulb_p.C.N,10.6,HerculanoHouzel_etal_2015_Table4
Sus scrofa domesticus,PonsMedulla_Mass.g,4.784,Kazu_etal_2015_TABLE1
Sus scrofa domesticus,PonsMedulla_N.n,11880000,Kazu_etal_2015_TABLE1
Sus scrofa domesticus,PonsMedulla_N.p.mg,2483,Kazu_etal_2015_TABLE1
Sus scrofa domesticus,PonsMedulla_O.p.N,24.452,Kazu_etal_2015_TABLE1
Sus scrofa domesticus,RoB_C.n,1155531250,HerculanoHouzel_etal_2015_Table3
Sus scrofa domesticus,RoB_I.n,130002796,DosSantos_etal_2020_unpublished_HerculanoHouzel_etal_2015_Table3
Sus scrofa domesticus,RoB_I.p.C,0.112504786002109,DosSantos_etal_2020_unpublished
Sus scrofa domesticus,RoB_I.p.mg,9386.48346570397,DosSantos_etal_2020_unpublished_HerculanoHouzel_etal_2015_Table3_HerculanoHouzel_etal_2015_Table3
Sus scrofa domesticus,RoB_Mass.g,13.85,HerculanoHouzel_etal_2015_Table3
Sus scrofa domesticus,RoB_N.n,58709836,HerculanoHouzel_etal_2015_Table3
Sus scrofa domesticus,RoB_N.p.mg,4238,HerculanoHouzel_etal_2015_Table3
Sus scrofa domesticus,RoB_O.n,1096821414,HerculanoHouzel_etal_2015_Table3
Sus scrofa domesticus,RoB_O.p.N,18.682,HerculanoHouzel_etal_2015_Table3
Sus scrofa domesticus,RoB_O.p.mg,79192,HerculanoHouzel_etal_2015_Table3
Sus scrofa domesticus,RoB_p.C.N,5.08076575168348,HerculanoHouzel_etal_2015_Table3
Sus scrofa domesticus,Species_Kazu2015,NA,Kazu_etal_2015_TABLE1
Sus scrofa domesticus,WholeBrain_C.n,6919896258,HerculanoHouzel_etal_2015_Table5
Sus scrofa domesticus,WholeBrain_I.n,604534332.20836,DosSantos_etal_2020_unpublished_HerculanoHouzel_etal_2015_Table5
Sus scrofa domesticus,WholeBrain_I.p.C,0.0873617623254779,DosSantos_etal_2020_unpublished
Sus scrofa domesticus,WholeBrain_I.p.mg,9419.35699919539,DosSantos_etal_2020_unpublished_HerculanoHouzel_etal_2015_Table5_HerculanoHouzel_etal_2015_Table5
Sus scrofa domesticus,WholeBrain_Mass.g,64.18,HerculanoHouzel_etal_2015_Table5
Sus scrofa domesticus,WholeBrain_N.n,2224112553,HerculanoHouzel_etal_2015_Table5
Sus scrofa domesticus,WholeBrain_N.p.mg,34654.2934403241,HerculanoHouzel_etal_2015_Table5
Sus scrofa domesticus,WholeBrain_O.n,4695783705,HerculanoHouzel_etal_2015_Table5
Sus scrofa domesticus,WholeBrain_O.p.N,2.11130668664501,HerculanoHouzel_etal_2015_Table5
Sus scrofa domesticus,WholeBrain_O.p.mg,73165.8414615145,HerculanoHouzel_etal_2015_Table5
Sus scrofa domesticus,WholeBrain_p.C.N,32.1,HerculanoHouzel_etal_2015_Table5
Sus scrofa domesticus,body_mass_approximate,NA,Kazu_etal_2015_TABLE1
Sus scrofa domesticus,parse_flags,NA,Kazu_etal_2015_TABLE1
Sus scrofa domesticus,source_printing,NA,Kazu_etal_2015_TABLE1
Tragelaphus strepsiceros,Body_Mass.g,218000,HerculanoHouzel_etal_2015_Table5
Tragelaphus strepsiceros,Cerebellum_C.n,5308593750,HerculanoHouzel_etal_2015_Table2
Tragelaphus strepsiceros,Cerebellum_I.n,96616406.25,DosSantos_etal_2020_unpublished_HerculanoHouzel_etal_2015_Table2
Tragelaphus strepsiceros,Cerebellum_I.p.C,0.0182,DosSantos_etal_2020_unpublished
Tragelaphus strepsiceros,Cerebellum_I.p.mg,3040.54652095921,DosSantos_etal_2020_unpublished_HerculanoHouzel_etal_2015_Table2_HerculanoHouzel_etal_2015_Table2
Tragelaphus strepsiceros,Cerebellum_Mass.g,31.776,HerculanoHouzel_etal_2015_Table2
Tragelaphus strepsiceros,Cerebellum_N.n,4042494141,HerculanoHouzel_etal_2015_Table2
Tragelaphus strepsiceros,Cerebellum_N.p.mg,127218,HerculanoHouzel_etal_2015_Table2
Tragelaphus strepsiceros,Cerebellum_O.n,1266099609,HerculanoHouzel_etal_2015_Table2
Tragelaphus strepsiceros,Cerebellum_O.p.N,0.313,HerculanoHouzel_etal_2015_Table2
Tragelaphus strepsiceros,Cerebellum_O.p.mg,39845,HerculanoHouzel_etal_2015_Table2
Tragelaphus strepsiceros,Cerebellum_p.C.N,76.150000007064,HerculanoHouzel_etal_2015_Table2
Tragelaphus strepsiceros,CerebralCortexGrey_N.n,596210000,Kazu_etal_2015_TABLE1
Tragelaphus strepsiceros,CerebralCortexGrey_N.p.mg,4644,Kazu_etal_2015_TABLE1
Tragelaphus strepsiceros,CerebralCortexGrey_O.p.N,8.754,Kazu_etal_2015_TABLE1
Tragelaphus strepsiceros,CerebralCortexNoHippocampus_I.p.C,0.0645204852055977,DosSantos_etal_2020_unpublished
Tragelaphus strepsiceros,CerebralCortex_C.n,13064871626,HerculanoHouzel_etal_2015_Table1
Tragelaphus strepsiceros,CerebralCortex_I.n,837694789.056037,DosSantos_etal_2020_unpublished_HerculanoHouzel_etal_2015_Table1
Tragelaphus strepsiceros,CerebralCortex_I.p.C,0.0641181033412503,DosSantos_etal_2020_unpublished
Tragelaphus strepsiceros,CerebralCortex_I.p.mg,3926.01953909189,DosSantos_etal_2020_unpublished_HerculanoHouzel_etal_2015_Table1_HerculanoHouzel_etal_2015_Table1
Tragelaphus strepsiceros,CerebralCortex_Mass.g,213.37,HerculanoHouzel_etal_2015_Table1
Tragelaphus strepsiceros,CerebralCortex_N.n,762567178,HerculanoHouzel_etal_2015_Table1
Tragelaphus strepsiceros,CerebralCortex_N.p.mg,3574,HerculanoHouzel_etal_2015_Table1
Tragelaphus strepsiceros,CerebralCortex_O.n,12302304448,HerculanoHouzel_etal_2015_Table1
Tragelaphus strepsiceros,CerebralCortex_O.p.N,16.133,HerculanoHouzel_etal_2015_Table1
Tragelaphus strepsiceros,CerebralCortex_O.p.mg,57657,HerculanoHouzel_etal_2015_Table1
Tragelaphus strepsiceros,CerebralCortex_p.C.N,5.83677513127981,HerculanoHouzel_etal_2015_Table1
Tragelaphus strepsiceros,DiencephalonStriatum_Mass.g,30.418,Kazu_etal_2015_TABLE1
Tragelaphus strepsiceros,DiencephalonStriatum_N.n,58880000,Kazu_etal_2015_TABLE1
Tragelaphus strepsiceros,DiencephalonStriatum_N.p.mg,1936,Kazu_etal_2015_TABLE1
Tragelaphus strepsiceros,DiencephalonStriatum_O.p.N,31.841,Kazu_etal_2015_TABLE1
Tragelaphus strepsiceros,Hippocampus_I.p.C,0.0548,DosSantos_etal_2020_unpublished
Tragelaphus strepsiceros,Hippocampus_Mass.g,10.936,Kazu_etal_2015_TABLE1
Tragelaphus strepsiceros,Hippocampus_N.n,28360000,Kazu_etal_2015_TABLE1
Tragelaphus strepsiceros,Hippocampus_N.p.mg,2594,Kazu_etal_2015_TABLE1
Tragelaphus strepsiceros,Hippocampus_O.p.N,17.868,Kazu_etal_2015_TABLE1
Tragelaphus strepsiceros,Mesencephalon_Mass.g,12.902,Kazu_etal_2015_TABLE1
Tragelaphus strepsiceros,Mesencephalon_N.n,26070000,Kazu_etal_2015_TABLE1
Tragelaphus strepsiceros,Mesencephalon_N.p.mg,2594,Kazu_etal_2015_TABLE1
Tragelaphus strepsiceros,Mesencephalon_O.p.N,30.546,Kazu_etal_2015_TABLE1
Tragelaphus strepsiceros,OlfactoryBulb_C.n,401063000,HerculanoHouzel_etal_2015_Table4
Tragelaphus strepsiceros,OlfactoryBulb_Mass.g,5.546,HerculanoHouzel_etal_2015_Table4
Tragelaphus strepsiceros,OlfactoryBulb_N.n,38331562,HerculanoHouzel_etal_2015_Table4
Tragelaphus strepsiceros,OlfactoryBulb_N.p.mg,6912,HerculanoHouzel_etal_2015_Table4
Tragelaphus strepsiceros,OlfactoryBulb_O.n,362731438,HerculanoHouzel_etal_2015_Table4
Tragelaphus strepsiceros,OlfactoryBulb_O.p.N,8.523,HerculanoHouzel_etal_2015_Table4
Tragelaphus strepsiceros,OlfactoryBulb_O.p.mg,58913,HerculanoHouzel_etal_2015_Table4
Tragelaphus strepsiceros,OlfactoryBulb_p.C.N,9.55749146642797,HerculanoHouzel_etal_2015_Table4
Tragelaphus strepsiceros,PonsMedulla_Mass.g,18.396,Kazu_etal_2015_TABLE1
Tragelaphus strepsiceros,PonsMedulla_N.n,21640000,Kazu_etal_2015_TABLE1
Tragelaphus strepsiceros,PonsMedulla_N.p.mg,1176,Kazu_etal_2015_TABLE1
Tragelaphus strepsiceros,PonsMedulla_O.p.N,34.088,Kazu_etal_2015_TABLE1
Tragelaphus strepsiceros,RoB_C.n,3515369753,HerculanoHouzel_etal_2015_Table3
Tragelaphus strepsiceros,RoB_I.n,276775864.078733,DosSantos_etal_2020_unpublished_HerculanoHouzel_etal_2015_Table3
Tragelaphus strepsiceros,RoB_I.p.C,0.0787330731973596,DosSantos_etal_2020_unpublished
Tragelaphus strepsiceros,RoB_I.p.mg,4484.66951971503,DosSantos_etal_2020_unpublished_HerculanoHouzel_etal_2015_Table3_HerculanoHouzel_etal_2015_Table3
Tragelaphus strepsiceros,RoB_Mass.g,61.716,HerculanoHouzel_etal_2015_Table3
Tragelaphus strepsiceros,RoB_N.n,106590230,HerculanoHouzel_etal_2015_Table3
Tragelaphus strepsiceros,RoB_N.p.mg,1727,HerculanoHouzel_etal_2015_Table3
Tragelaphus strepsiceros,RoB_O.n,3408779523,HerculanoHouzel_etal_2015_Table3
Tragelaphus strepsiceros,RoB_O.p.N,31.98,HerculanoHouzel_etal_2015_Table3
Tragelaphus strepsiceros,RoB_O.p.mg,55233,HerculanoHouzel_etal_2015_Table3
Tragelaphus strepsiceros,RoB_p.C.N,3.03212001835757,HerculanoHouzel_etal_2015_Table3
Tragelaphus strepsiceros,Species_Kazu2015,NA,Kazu_etal_2015_TABLE1
Tragelaphus strepsiceros,WholeBrain_C.n,21888835129,HerculanoHouzel_etal_2015_Table5
Tragelaphus strepsiceros,WholeBrain_I.n,1209876202.82772,DosSantos_etal_2020_unpublished_HerculanoHouzel_etal_2015_Table5
Tragelaphus strepsiceros,WholeBrain_I.p.C,0.055273667862973,DosSantos_etal_2020_unpublished
Tragelaphus strepsiceros,WholeBrain_I.p.mg,3942.76283265241,DosSantos_etal_2020_unpublished_HerculanoHouzel_etal_2015_Table5_HerculanoHouzel_etal_2015_Table5
Tragelaphus strepsiceros,WholeBrain_Mass.g,306.86,HerculanoHouzel_etal_2015_Table5
Tragelaphus strepsiceros,WholeBrain_N.n,4911651549,HerculanoHouzel_etal_2015_Table5
Tragelaphus strepsiceros,WholeBrain_N.p.mg,16006.1642084338,HerculanoHouzel_etal_2015_Table5
Tragelaphus strepsiceros,WholeBrain_O.n,16977183580,HerculanoHouzel_etal_2015_Table5
Tragelaphus strepsiceros,WholeBrain_O.p.N,3.45651221602976,HerculanoHouzel_etal_2015_Table5
Tragelaphus strepsiceros,WholeBrain_O.p.mg,55325.5021182298,HerculanoHouzel_etal_2015_Table5
Tragelaphus strepsiceros,WholeBrain_p.C.N,22.4,HerculanoHouzel_etal_2015_Table5
Tragelaphus strepsiceros,body_mass_approximate,NA,Kazu_etal_2015_TABLE1
Tragelaphus strepsiceros,consistency_flags,NA,Kazu_etal_2015_TABLE1
Tragelaphus strepsiceros,source_printing,NA,Kazu_etal_2015_TABLE1
Triaenops persicus,Body_Mass.g,13.7,HerculanoHouzel_etal_2020_TABLE1
Triaenops persicus,Cerebellum_Mass.g,0.0726599416786038,HerculanoHouzel_etal_2020_TABLE2
Triaenops persicus,Cerebellum_N.n,59651487,HerculanoHouzel_etal_2020_TABLE2
Triaenops persicus,Cerebellum_N.p.mg,820968,HerculanoHouzel_etal_2020_TABLE2
Triaenops persicus,CerebralCortex_Mass.g,0.0932490079518258,HerculanoHouzel_etal_2020_TABLE2
Triaenops persicus,CerebralCortex_N.n,6039272,HerculanoHouzel_etal_2020_TABLE2
Triaenops persicus,CerebralCortex_N.p.mg,64765,HerculanoHouzel_etal_2020_TABLE2
Triaenops persicus,RoB_Mass.g,0.0848703653529522,HerculanoHouzel_etal_2020_TABLE2
Triaenops persicus,RoB_N.n,4072165,HerculanoHouzel_etal_2020_TABLE2
Triaenops persicus,RoB_N.p.mg,47981,HerculanoHouzel_etal_2020_TABLE2
Triaenops persicus,WholeBrain_Mass.g,0.251,HerculanoHouzel_etal_2020_TABLE1
Triaenops persicus,WholeBrain_N.n,69762924,HerculanoHouzel_etal_2020_TABLE1
Triaenops persicus,WholeBrain_N.p.mg,277939.93625498,HerculanoHouzel_etal_2020_TABLE1
Tupaia glis,Body_Mass.g,172.5,HerculanoHouzel_etal_2015_Table5
Tupaia glis,Cerebellum_C.n,205260000,HerculanoHouzel_etal_2015_Table2
Tupaia glis,Cerebellum_Mass.g,0.326,HerculanoHouzel_etal_2015_Table2
Tupaia glis,Cerebellum_N.n,185280000,HerculanoHouzel_etal_2015_Table2
Tupaia glis,Cerebellum_N.p.mg,571460,HerculanoHouzel_etal_2015_Table2
Tupaia glis,Cerebellum_O.n,19980000,HerculanoHouzel_etal_2015_Table2
Tupaia glis,Cerebellum_O.p.N,0.108,HerculanoHouzel_etal_2015_Table2
Tupaia glis,Cerebellum_O.p.mg,61600,HerculanoHouzel_etal_2015_Table2
Tupaia glis,Cerebellum_p.C.N,90.2660040923707,HerculanoHouzel_etal_2015_Table2
Tupaia glis,CerebralCortex_C.n,145970000,HerculanoHouzel_etal_2015_Table1
Tupaia glis,CerebralCortex_Mass.g,1.455,HerculanoHouzel_etal_2015_Table1
Tupaia glis,CerebralCortex_N.n,60390000,HerculanoHouzel_etal_2015_Table1
Tupaia glis,CerebralCortex_N.p.mg,42900,HerculanoHouzel_etal_2015_Table1
Tupaia glis,CerebralCortex_O.n,85580000,HerculanoHouzel_etal_2015_Table1
Tupaia glis,CerebralCortex_O.p.N,1.417,HerculanoHouzel_etal_2015_Table1
Tupaia glis,CerebralCortex_O.p.mg,58900,HerculanoHouzel_etal_2015_Table1
Tupaia glis,CerebralCortex_p.C.N,41.3715146948003,HerculanoHouzel_etal_2015_Table1
Tupaia glis,OlfactoryBulb_C.n,32768000,HerculanoHouzel_etal_2015_Table4
Tupaia glis,OlfactoryBulb_Mass.g,0.1,HerculanoHouzel_etal_2015_Table4
Tupaia glis,OlfactoryBulb_N.n,12700000,HerculanoHouzel_etal_2015_Table4
Tupaia glis,OlfactoryBulb_N.p.mg,130173,HerculanoHouzel_etal_2015_Table4
Tupaia glis,OlfactoryBulb_O.n,20068000,HerculanoHouzel_etal_2015_Table4
Tupaia glis,OlfactoryBulb_O.p.N,1.58,HerculanoHouzel_etal_2015_Table4
Tupaia glis,OlfactoryBulb_O.p.mg,205876,HerculanoHouzel_etal_2015_Table4
Tupaia glis,OlfactoryBulb_p.C.N,38.75732421875,HerculanoHouzel_etal_2015_Table4
Tupaia glis,RoB_C.n,109560000,HerculanoHouzel_etal_2015_Table3
Tupaia glis,RoB_Mass.g,0.919,HerculanoHouzel_etal_2015_Table3
Tupaia glis,RoB_N.n,22480000,HerculanoHouzel_etal_2015_Table3
Tupaia glis,RoB_N.p.mg,25900,HerculanoHouzel_etal_2015_Table3
Tupaia glis,RoB_O.n,87080000,HerculanoHouzel_etal_2015_Table3
Tupaia glis,RoB_O.p.N,3.874,HerculanoHouzel_etal_2015_Table3
Tupaia glis,RoB_O.p.mg,100320,HerculanoHouzel_etal_2015_Table3
Tupaia glis,RoB_p.C.N,20.5184373859073,HerculanoHouzel_etal_2015_Table3
Tupaia glis,SpinalCord_C.n,44650000,Burish_etal_2010_Table1
Tupaia glis,SpinalCord_Length.mm,102.92,Burish_etal_2010_Table1
Tupaia glis,SpinalCord_Mass.g,0.607,Burish_etal_2010_Table1
Tupaia glis,SpinalCord_N.n,2690000,Burish_etal_2010_Table1
Tupaia glis,SpinalCord_N.p.mg,4529,Burish_etal_2010_Table1
Tupaia glis,SpinalCord_O.n,41960000,Burish_etal_2010_Table1
Tupaia glis,SpinalCord_O.p.N,15.5985130111524,Burish_etal_2010_Table1
Tupaia glis,SpinalCord_O.p.mg,69891,Burish_etal_2010_Table1
Tupaia glis,SpinalCord_p.C.Body.mass,0.35,Burish_etal_2010_Table1
Tupaia glis,SpinalCord_p.C.CNS.mass,18.07,Burish_etal_2010_Table1
Tupaia glis,SpinalCord_p.C.CNS.neurons,1.02,Burish_etal_2010_Table1
Tupaia glis,SpinalCord_p.C.N,6.02,Burish_etal_2010_Table1
Tupaia glis,WholeBrain_C.n,461050000,HerculanoHouzel_etal_2015_Table5
Tupaia glis,WholeBrain_Mass.g,2.752,HerculanoHouzel_etal_2015_Table5
Tupaia glis,WholeBrain_N.n,261400000,HerculanoHouzel_etal_2015_Table5
Tupaia glis,WholeBrain_N.p.mg,94985.4651162791,HerculanoHouzel_etal_2015_Table5
Tupaia glis,WholeBrain_O.n,199650000,HerculanoHouzel_etal_2015_Table5
Tupaia glis,WholeBrain_O.p.N,0.763771996939556,HerculanoHouzel_etal_2015_Table5
Tupaia glis,WholeBrain_O.p.mg,72547.238372093,HerculanoHouzel_etal_2015_Table5
Tupaia glis,WholeBrain_p.C.N,56.7,HerculanoHouzel_etal_2015_Table5
Ursus arctos,Body_Mass.g,350000,JardimMesseder_etal_2017_Table1
Ursus arctos,Cerebellum_C.n,11550000000,JardimMesseder_etal_2017_Table1
Ursus arctos,Cerebellum_I.n,188265000,DosSantos_etal_2020_unpublished_JardimMesseder_etal_2017_Table1
Ursus arctos,Cerebellum_I.p.C,0.0163,DosSantos_etal_2020_unpublished
Ursus arctos,Cerebellum_I.p.mg,4173.8349665233,DosSantos_etal_2020_unpublished_JardimMesseder_etal_2017_Table1_JardimMesseder_etal_2017_Table1
Ursus arctos,Cerebellum_Mass.g,45.106,JardimMesseder_etal_2017_Table1
Ursus arctos,Cerebellum_N.n,9253250000,JardimMesseder_etal_2017_Table1
Ursus arctos,Cerebellum_N.p.mg,205145,JardimMesseder_etal_2017_Table1
Ursus arctos,Cerebellum_O.n,2296750000,JardimMesseder_etal_2017_Table1
Ursus arctos,Cerebellum_O.p.N,0.248,JardimMesseder_etal_2017_Table1
Ursus arctos,Cerebellum_O.p.mg,50918.9464816211,JardimMesseder_etal_2017_Table1
Ursus arctos,Cerebellum_p.C.N,80.1147186147186,JardimMesseder_etal_2017_Table1
Ursus arctos,CerebralCortexNoHippocampus_I.p.C,0.0823,DosSantos_etal_2020_unpublished
Ursus arctos,CerebralCortex_C.n,10404970000,JardimMesseder_etal_2017_Table1
Ursus arctos,CerebralCortex_I.n,843843067,DosSantos_etal_2020_unpublished_JardimMesseder_etal_2017_Table1
Ursus arctos,CerebralCortex_I.p.C,0.0811,DosSantos_etal_2020_unpublished
Ursus arctos,CerebralCortex_I.p.mg,3801.0948963964,DosSantos_etal_2020_unpublished_JardimMesseder_etal_2017_Table1_JardimMesseder_etal_2017_Table1
Ursus arctos,CerebralCortex_Mass.g,222,JardimMesseder_etal_2017_Table1
Ursus arctos,CerebralCortex_N.n,250970000,JardimMesseder_etal_2017_Table1
Ursus arctos,CerebralCortex_N.p.mg,1130,JardimMesseder_etal_2017_Table1
Ursus arctos,CerebralCortex_O.n,10154000000,JardimMesseder_etal_2017_Table1
Ursus arctos,CerebralCortex_O.p.N,40.459,JardimMesseder_etal_2017_Table1
Ursus arctos,CerebralCortex_O.p.mg,45738.7387387387,JardimMesseder_etal_2017_Table1
Ursus arctos,CerebralCortex_p.C.N,2.41202040947739,JardimMesseder_etal_2017_Table1
Ursus arctos,Hippocampus_C.n,257770000,JardimMesseder_etal_2017_Table1
Ursus arctos,Hippocampus_I.n,8815734,DosSantos_etal_2020_unpublished_JardimMesseder_etal_2017_Table1
Ursus arctos,Hippocampus_I.p.C,0.0342,DosSantos_etal_2020_unpublished
Ursus arctos,Hippocampus_I.p.mg,2134.5602905569,DosSantos_etal_2020_unpublished_JardimMesseder_etal_2017_Table1_JardimMesseder_etal_2017_Table1
Ursus arctos,Hippocampus_Mass.g,4.13,JardimMesseder_etal_2017_Table1
Ursus arctos,Hippocampus_N.n,8610000,JardimMesseder_etal_2017_Table1
Ursus arctos,Hippocampus_N.p.mg,2085,JardimMesseder_etal_2017_Table1
Ursus arctos,Hippocampus_O.n,249160000,JardimMesseder_etal_2017_Table1
Ursus arctos,Hippocampus_O.p.N,28.941,JardimMesseder_etal_2017_Table1
Ursus arctos,Hippocampus_O.p.mg,60329.2978208232,JardimMesseder_etal_2017_Table1
Ursus arctos,Hippocampus_p.C.N,3.34018698840051,JardimMesseder_etal_2017_Table1
Ursus arctos,RoB_C.n,2743820000,JardimMesseder_etal_2017_Table1
Ursus arctos,RoB_I.n,98777520,DosSantos_etal_2020_unpublished_JardimMesseder_etal_2017_Table1
Ursus arctos,RoB_I.p.C,0.036,DosSantos_etal_2020_unpublished
Ursus arctos,RoB_I.p.mg,2062.24727546035,DosSantos_etal_2020_unpublished_JardimMesseder_etal_2017_Table1_JardimMesseder_etal_2017_Table1
Ursus arctos,RoB_Mass.g,47.898,JardimMesseder_etal_2017_Table1
Ursus arctos,RoB_N.n,81380000,JardimMesseder_etal_2017_Table1
Ursus arctos,RoB_N.p.mg,1699,JardimMesseder_etal_2017_Table1
Ursus arctos,RoB_O.n,2662440000,JardimMesseder_etal_2017_Table1
Ursus arctos,RoB_O.p.N,32.714,JardimMesseder_etal_2017_Table1
Ursus arctos,RoB_O.p.mg,55585.6194413128,JardimMesseder_etal_2017_Table1
Ursus arctos,RoB_p.C.N,2.96593799884832,JardimMesseder_etal_2017_Table1
Ursus arctos,WholeBrain_C.n,24698790000,JardimMesseder_etal_2017_Table1
Ursus arctos,WholeBrain_I.n,1131204582,DosSantos_etal_2020_unpublished_JardimMesseder_etal_2017_Table1
Ursus arctos,WholeBrain_I.p.C,0.0458,DosSantos_etal_2020_unpublished
Ursus arctos,WholeBrain_I.p.mg,3591.08005612627,DosSantos_etal_2020_unpublished_JardimMesseder_etal_2017_Table1_JardimMesseder_etal_2017_Table1
Ursus arctos,WholeBrain_Mass.g,315.004,JardimMesseder_etal_2017_Table1
Ursus arctos,WholeBrain_N.n,9585600000,JardimMesseder_etal_2017_Table1
Ursus arctos,WholeBrain_N.p.mg,30430.0897766378,JardimMesseder_etal_2017_Table1
Ursus arctos,WholeBrain_O.n,15113190000,JardimMesseder_etal_2017_Table1
Ursus arctos,WholeBrain_O.p.N,1.577,JardimMesseder_etal_2017_Table1
Ursus arctos,WholeBrain_O.p.mg,47977.7717108354,JardimMesseder_etal_2017_Table1
Ursus arctos,WholeBrain_p.C.N,38.8099983845363,JardimMesseder_etal_2017_Table1
Wallabia bicolor,Body_Mass.g,12066,DosSantos_etal_2017_TableS1
Wallabia bicolor,Cerebellum_I.p.C,0.0171,DosSantos_etal_2020_unpublished
Wallabia bicolor,Cerebellum_Mass.g,4.42,DosSantos_etal_2017_TableS1
Wallabia bicolor,Cerebellum_N.n,1200000000,DosSantos_etal_2017_TableS1
Wallabia bicolor,Cerebellum_N.p.mg,270575,DosSantos_etal_2017_TableS1
Wallabia bicolor,Cerebellum_O.p.N,0.293,DosSantos_etal_2017_TableS1
Wallabia bicolor,CerebralCortexGrey_N.n,170420000,DosSantos_etal_2017_TableS1
Wallabia bicolor,CerebralCortexGrey_N.p.mg,17322,DosSantos_etal_2017_TableS1
Wallabia bicolor,CerebralCortexGrey_O.p.N,3.319,DosSantos_etal_2017_TableS1
Wallabia bicolor,CerebralCortexNoHippocampus_I.p.C,0.0791,DosSantos_etal_2020_unpublished
Wallabia bicolor,CerebralCortex_I.p.C,0.0768,DosSantos_etal_2020_unpublished
Wallabia bicolor,CerebralCortex_Mass.g,15.182,DosSantos_etal_2017_TableS1
Wallabia bicolor,CerebralCortex_N.n,208110000,DosSantos_etal_2017_TableS1
Wallabia bicolor,CerebralCortex_N.p.mg,13708,DosSantos_etal_2017_TableS1
Wallabia bicolor,CerebralCortex_O.p.N,4.955,DosSantos_etal_2017_TableS1
Wallabia bicolor,Hippocampus_I.p.C,0.0559,DosSantos_etal_2020_unpublished
Wallabia bicolor,Hippocampus_Mass.g,1.566,DosSantos_etal_2017_TableS1
Wallabia bicolor,Hippocampus_N.n,12970000,DosSantos_etal_2017_TableS1
Wallabia bicolor,Hippocampus_N.p.mg,8283,DosSantos_etal_2017_TableS1
Wallabia bicolor,Hippocampus_O.p.N,8.506,DosSantos_etal_2017_TableS1
Wallabia bicolor,MesencephalonDiencephalonStriatum_Mass.g,6.396,DosSantos_etal_2017_TableS1
Wallabia bicolor,MesencephalonDiencephalonStriatum_N.n,21350000,DosSantos_etal_2017_TableS1
Wallabia bicolor,MesencephalonDiencephalonStriatum_N.p.mg,3339,DosSantos_etal_2017_TableS1
Wallabia bicolor,MesencephalonDiencephalonStriatum_O.p.N,20.459,DosSantos_etal_2017_TableS1
Wallabia bicolor,PonsMedulla_Mass.g,4.014,DosSantos_etal_2017_TableS1
Wallabia bicolor,PonsMedulla_N.n,10510000,DosSantos_etal_2017_TableS1
Wallabia bicolor,PonsMedulla_N.p.mg,2619,DosSantos_etal_2017_TableS1
Wallabia bicolor,PonsMedulla_O.p.N,20.834,DosSantos_etal_2017_TableS1
Wallabia bicolor,RoB_I.p.C,0.0795,DosSantos_etal_2020_unpublished
Wallabia bicolor,RoB_Mass.g,10.41,DosSantos_etal_2017_TableS1
Wallabia bicolor,RoB_N.n,31860000,DosSantos_etal_2017_TableS1
Wallabia bicolor,RoB_N.p.mg,3061,DosSantos_etal_2017_TableS1
Wallabia bicolor,RoB_O.p.N,20.583,DosSantos_etal_2017_TableS1
Wallabia bicolor,WholeBrain_I.p.C,0.0509,DosSantos_etal_2020_unpublished
Wallabia bicolor,WholeBrain_Mass.g,30.012,DosSantos_etal_2017_TableS1
Wallabia bicolor,WholeBrain_N.n,1440000000,DosSantos_etal_2017_TableS1
Wallabia bicolor,WholeBrain_N.p.mg,47980.8076769292,DosSantos_etal_2017_TableS1
Wallabia bicolor,WholeBrain_O.p.N,1.407,DosSantos_etal_2017_TableS1
