"Species","Measure","Units","Value_g","raw_value","raw_unit","Source","first_author","Year","Team","role","paper","column","poolable_group","basis","measure_emitted"
"Hylobates lar","Brain_Mass","g",101.9,"101.9","g","10.1002%2Fajpa.1330510308_Tables1-9.tsv","Armstrong","1979","Armstrong","secondary","Armstrong__1979","brain_mass_g","mass_measured","mass_fresh_or_fixed_mixed","Brain_Mass_measured"
"Hylobates lar","Brain_Mass","g",101.9,"101.9","g","10.1002%2Fajpa.1330510308_Tables1-9.tsv","Armstrong","1979","Armstrong","secondary","Armstrong__1979","brain_mass_g","mass_measured","mass_fresh_or_fixed_mixed","Brain_Mass_measured"
"Hylobates lar","Brain_Mass","g",101.9,"101.9","g","10.1002%2Fajpa.1330510308_Tables1-9.tsv","Armstrong","1979","Armstrong","secondary","Armstrong__1979","brain_mass_g","mass_measured","mass_fresh_or_fixed_mixed","Brain_Mass_measured"
"Gorilla gorilla","Brain_Mass","g",540,"540","g","10.1002%2Fajpa.1330510308_Tables1-9.tsv","Armstrong","1979","Armstrong","secondary","Armstrong__1979","brain_mass_g","mass_measured","mass_fresh_or_fixed_mixed","Brain_Mass_measured"
"Gorilla gorilla","Brain_Mass","g",540,"540","g","10.1002%2Fajpa.1330510308_Tables1-9.tsv","Armstrong","1979","Armstrong","secondary","Armstrong__1979","brain_mass_g","mass_measured","mass_fresh_or_fixed_mixed","Brain_Mass_measured"
"Gorilla gorilla","Brain_Mass","g",540,"540","g","10.1002%2Fajpa.1330510308_Tables1-9.tsv","Armstrong","1979","Armstrong","secondary","Armstrong__1979","brain_mass_g","mass_measured","mass_fresh_or_fixed_mixed","Brain_Mass_measured"
"Pan troglodytes","Brain_Mass","g",405.5,"405.5","g","10.1002%2Fajpa.1330510308_Tables1-9.tsv","Armstrong","1979","Armstrong","secondary","Armstrong__1979","brain_mass_g","mass_measured","mass_fresh_or_fixed_mixed","Brain_Mass_measured"
"Pan troglodytes","Brain_Mass","g",405.5,"405.5","g","10.1002%2Fajpa.1330510308_Tables1-9.tsv","Armstrong","1979","Armstrong","secondary","Armstrong__1979","brain_mass_g","mass_measured","mass_fresh_or_fixed_mixed","Brain_Mass_measured"
"Pan troglodytes","Brain_Mass","g",405.5,"405.5","g","10.1002%2Fajpa.1330510308_Tables1-9.tsv","Armstrong","1979","Armstrong","secondary","Armstrong__1979","brain_mass_g","mass_measured","mass_fresh_or_fixed_mixed","Brain_Mass_measured"
"Homo sapiens","Brain_Mass","g",1890,"1890","g","10.1002%2Fajpa.1330510308_Tables1-9.tsv","Armstrong","1979","Armstrong","secondary","Armstrong__1979","brain_mass_g","mass_measured","mass_fresh_or_fixed_mixed","Brain_Mass_measured"
"Homo sapiens","Brain_Mass","g",1890,"1890","g","10.1002%2Fajpa.1330510308_Tables1-9.tsv","Armstrong","1979","Armstrong","secondary","Armstrong__1979","brain_mass_g","mass_measured","mass_fresh_or_fixed_mixed","Brain_Mass_measured"
"Homo sapiens","Brain_Mass","g",1890,"1890","g","10.1002%2Fajpa.1330510308_Tables1-9.tsv","Armstrong","1979","Armstrong","secondary","Armstrong__1979","brain_mass_g","mass_measured","mass_fresh_or_fixed_mixed","Brain_Mass_measured"
"Homo sapiens","Brain_Mass","g",1200,"1200","g","10.1002%2Fajpa.1330510308_Tables1-9.tsv","Armstrong","1979","Armstrong","secondary","Armstrong__1979","brain_mass_g","mass_measured","mass_fresh_or_fixed_mixed","Brain_Mass_measured"
"Homo sapiens","Brain_Mass","g",1200,"1200","g","10.1002%2Fajpa.1330510308_Tables1-9.tsv","Armstrong","1979","Armstrong","secondary","Armstrong__1979","brain_mass_g","mass_measured","mass_fresh_or_fixed_mixed","Brain_Mass_measured"
"Homo sapiens","Brain_Mass","g",1200,"1200","g","10.1002%2Fajpa.1330510308_Tables1-9.tsv","Armstrong","1979","Armstrong","secondary","Armstrong__1979","brain_mass_g","mass_measured","mass_fresh_or_fixed_mixed","Brain_Mass_measured"
"Hylobates lar","Brain_Mass","g",101.9,"101.9","g","10.1002%2Fajpa.1330510308_Tables1-9.tsv","Armstrong","1979","Armstrong","secondary","Armstrong__1979","brain_mass_g","mass_measured","mass_fresh_or_fixed_mixed","Brain_Mass_measured"
"Gorilla gorilla","Brain_Mass","g",540,"540","g","10.1002%2Fajpa.1330510308_Tables1-9.tsv","Armstrong","1979","Armstrong","secondary","Armstrong__1979","brain_mass_g","mass_measured","mass_fresh_or_fixed_mixed","Brain_Mass_measured"
"Pan troglodytes","Brain_Mass","g",405.5,"405.5","g","10.1002%2Fajpa.1330510308_Tables1-9.tsv","Armstrong","1979","Armstrong","secondary","Armstrong__1979","brain_mass_g","mass_measured","mass_fresh_or_fixed_mixed","Brain_Mass_measured"
"Homo sapiens","Brain_Mass","g",1500,"1500","g","10.1002%2Fajpa.1330510308_Tables1-9.tsv","Armstrong","1979","Armstrong","secondary","Armstrong__1979","brain_mass_g","mass_measured","mass_fresh_or_fixed_mixed","Brain_Mass_measured"
"Gorilla gorilla","Brain_Mass","g",540,"540","g","10.1002%2Fajpa.1330510308_Tables1-9.tsv","Armstrong","1979","Armstrong","secondary","Armstrong__1979","brain_mass_g","mass_measured","mass_fresh_or_fixed_mixed","Brain_Mass_measured"
"Pan troglodytes","Brain_Mass","g",405.5,"405.5","g","10.1002%2Fajpa.1330510308_Tables1-9.tsv","Armstrong","1979","Armstrong","secondary","Armstrong__1979","brain_mass_g","mass_measured","mass_fresh_or_fixed_mixed","Brain_Mass_measured"
"Homo sapiens","Brain_Mass","g",1500,"1500","g","10.1002%2Fajpa.1330510308_Tables1-9.tsv","Armstrong","1979","Armstrong","secondary","Armstrong__1979","brain_mass_g","mass_measured","mass_fresh_or_fixed_mixed","Brain_Mass_measured"
"Gorilla gorilla","Brain_Mass","g",540,"540","g","10.1002%2Fajpa.1330510308_Tables1-9.tsv","Armstrong","1979","Armstrong","secondary","Armstrong__1979","brain_mass_g","mass_measured","mass_fresh_or_fixed_mixed","Brain_Mass_measured"
"Pan troglodytes","Brain_Mass","g",405.5,"405.5","g","10.1002%2Fajpa.1330510308_Tables1-9.tsv","Armstrong","1979","Armstrong","secondary","Armstrong__1979","brain_mass_g","mass_measured","mass_fresh_or_fixed_mixed","Brain_Mass_measured"
"Homo sapiens","Brain_Mass","g",1500,"1500","g","10.1002%2Fajpa.1330510308_Tables1-9.tsv","Armstrong","1979","Armstrong","secondary","Armstrong__1979","brain_mass_g","mass_measured","mass_fresh_or_fixed_mixed","Brain_Mass_measured"
"Hylobates lar","Brain_Mass","g",101.9,"101.9","g","10.1002%2Fajpa.1330510308_Tables1-9.tsv","Armstrong","1979","Armstrong","secondary","Armstrong__1979","brain_mass_g","mass_measured","mass_fresh_or_fixed_mixed","Brain_Mass_measured"
"Gorilla gorilla","Brain_Mass","g",540,"540","g","10.1002%2Fajpa.1330510308_Tables1-9.tsv","Armstrong","1979","Armstrong","secondary","Armstrong__1979","brain_mass_g","mass_measured","mass_fresh_or_fixed_mixed","Brain_Mass_measured"
"Pan troglodytes","Brain_Mass","g",405.5,"405.5","g","10.1002%2Fajpa.1330510308_Tables1-9.tsv","Armstrong","1979","Armstrong","secondary","Armstrong__1979","brain_mass_g","mass_measured","mass_fresh_or_fixed_mixed","Brain_Mass_measured"
"Homo sapiens","Brain_Mass","g",1500,"1500","g","10.1002%2Fajpa.1330510308_Tables1-9.tsv","Armstrong","1979","Armstrong","secondary","Armstrong__1979","brain_mass_g","mass_measured","mass_fresh_or_fixed_mixed","Brain_Mass_measured"
"Hylobates lar","Brain_Mass","g",101.9,"101.9","g","10.1002%2Fajpa.1330510308_Tables1-9.tsv","Armstrong","1979","Armstrong","secondary","Armstrong__1979","brain_mass_g","mass_measured","mass_fresh_or_fixed_mixed","Brain_Mass_measured"
"Hylobates lar","Brain_Mass","g",101.9,"101.9","g","10.1002%2Fajpa.1330510308_Tables1-9.tsv","Armstrong","1979","Armstrong","secondary","Armstrong__1979","brain_mass_g","mass_measured","mass_fresh_or_fixed_mixed","Brain_Mass_measured"
"Gorilla gorilla","Brain_Mass","g",540,"540","g","10.1002%2Fajpa.1330510308_Tables1-9.tsv","Armstrong","1979","Armstrong","secondary","Armstrong__1979","brain_mass_g","mass_measured","mass_fresh_or_fixed_mixed","Brain_Mass_measured"
"Gorilla gorilla","Brain_Mass","g",540,"540","g","10.1002%2Fajpa.1330510308_Tables1-9.tsv","Armstrong","1979","Armstrong","secondary","Armstrong__1979","brain_mass_g","mass_measured","mass_fresh_or_fixed_mixed","Brain_Mass_measured"
"Pan troglodytes","Brain_Mass","g",405.5,"405.5","g","10.1002%2Fajpa.1330510308_Tables1-9.tsv","Armstrong","1979","Armstrong","secondary","Armstrong__1979","brain_mass_g","mass_measured","mass_fresh_or_fixed_mixed","Brain_Mass_measured"
"Pan troglodytes","Brain_Mass","g",405.5,"405.5","g","10.1002%2Fajpa.1330510308_Tables1-9.tsv","Armstrong","1979","Armstrong","secondary","Armstrong__1979","brain_mass_g","mass_measured","mass_fresh_or_fixed_mixed","Brain_Mass_measured"
"Homo sapiens","Brain_Mass","g",1890,"1890","g","10.1002%2Fajpa.1330510308_Tables1-9.tsv","Armstrong","1979","Armstrong","secondary","Armstrong__1979","brain_mass_g","mass_measured","mass_fresh_or_fixed_mixed","Brain_Mass_measured"
"Homo sapiens","Brain_Mass","g",1890,"1890","g","10.1002%2Fajpa.1330510308_Tables1-9.tsv","Armstrong","1979","Armstrong","secondary","Armstrong__1979","brain_mass_g","mass_measured","mass_fresh_or_fixed_mixed","Brain_Mass_measured"
"Homo sapiens","Brain_Mass","g",1200,"1200","g","10.1002%2Fajpa.1330510308_Tables1-9.tsv","Armstrong","1979","Armstrong","secondary","Armstrong__1979","brain_mass_g","mass_measured","mass_fresh_or_fixed_mixed","Brain_Mass_measured"
"Homo sapiens","Brain_Mass","g",1200,"1200","g","10.1002%2Fajpa.1330510308_Tables1-9.tsv","Armstrong","1979","Armstrong","secondary","Armstrong__1979","brain_mass_g","mass_measured","mass_fresh_or_fixed_mixed","Brain_Mass_measured"
"Hylobates lar","Brain_Mass","g",101.9,"101.9","g","10.1002%2Fajpa.1330510308_Tables1-9.tsv","Armstrong","1979","Armstrong","secondary","Armstrong__1979","brain_mass_g","mass_measured","mass_fresh_or_fixed_mixed","Brain_Mass_measured"
"Hylobates lar","Brain_Mass","g",101.9,"101.9","g","10.1002%2Fajpa.1330510308_Tables1-9.tsv","Armstrong","1979","Armstrong","secondary","Armstrong__1979","brain_mass_g","mass_measured","mass_fresh_or_fixed_mixed","Brain_Mass_measured"
"Hylobates lar","Brain_Mass","g",101.9,"101.9","g","10.1002%2Fajpa.1330510308_Tables1-9.tsv","Armstrong","1979","Armstrong","secondary","Armstrong__1979","brain_mass_g","mass_measured","mass_fresh_or_fixed_mixed","Brain_Mass_measured"
"Gorilla gorilla","Brain_Mass","g",540,"540","g","10.1002%2Fajpa.1330510308_Tables1-9.tsv","Armstrong","1979","Armstrong","secondary","Armstrong__1979","brain_mass_g","mass_measured","mass_fresh_or_fixed_mixed","Brain_Mass_measured"
"Gorilla gorilla","Brain_Mass","g",540,"540","g","10.1002%2Fajpa.1330510308_Tables1-9.tsv","Armstrong","1979","Armstrong","secondary","Armstrong__1979","brain_mass_g","mass_measured","mass_fresh_or_fixed_mixed","Brain_Mass_measured"
"Gorilla gorilla","Brain_Mass","g",540,"540","g","10.1002%2Fajpa.1330510308_Tables1-9.tsv","Armstrong","1979","Armstrong","secondary","Armstrong__1979","brain_mass_g","mass_measured","mass_fresh_or_fixed_mixed","Brain_Mass_measured"
"Pan troglodytes","Brain_Mass","g",405.5,"405.5","g","10.1002%2Fajpa.1330510308_Tables1-9.tsv","Armstrong","1979","Armstrong","secondary","Armstrong__1979","brain_mass_g","mass_measured","mass_fresh_or_fixed_mixed","Brain_Mass_measured"
"Pan troglodytes","Brain_Mass","g",405.5,"405.5","g","10.1002%2Fajpa.1330510308_Tables1-9.tsv","Armstrong","1979","Armstrong","secondary","Armstrong__1979","brain_mass_g","mass_measured","mass_fresh_or_fixed_mixed","Brain_Mass_measured"
"Pan troglodytes","Brain_Mass","g",405.5,"405.5","g","10.1002%2Fajpa.1330510308_Tables1-9.tsv","Armstrong","1979","Armstrong","secondary","Armstrong__1979","brain_mass_g","mass_measured","mass_fresh_or_fixed_mixed","Brain_Mass_measured"
"Hylobates lar","Brain_Mass","g",101.9,"101.9","g","10.1002%2Fajpa.1330510308_Tables1-9.tsv","Armstrong","1979","Armstrong","secondary","Armstrong__1979","brain_mass_g","mass_measured","mass_fresh_or_fixed_mixed","Brain_Mass_measured"
"Gorilla gorilla","Brain_Mass","g",540,"540","g","10.1002%2Fajpa.1330510308_Tables1-9.tsv","Armstrong","1979","Armstrong","secondary","Armstrong__1979","brain_mass_g","mass_measured","mass_fresh_or_fixed_mixed","Brain_Mass_measured"
"Pan troglodytes","Brain_Mass","g",405.5,"405.5","g","10.1002%2Fajpa.1330510308_Tables1-9.tsv","Armstrong","1979","Armstrong","secondary","Armstrong__1979","brain_mass_g","mass_measured","mass_fresh_or_fixed_mixed","Brain_Mass_measured"
"Homo sapiens","Brain_Mass","g",1500,"1500","g","10.1002%2Fajpa.1330510308_Tables1-9.tsv","Armstrong","1979","Armstrong","secondary","Armstrong__1979","brain_mass_g","mass_measured","mass_fresh_or_fixed_mixed","Brain_Mass_measured"
"Gorilla gorilla","Brain_Mass","g",540,"540","g","10.1002%2Fajpa.1330510308_Tables1-9.tsv","Armstrong","1979","Armstrong","secondary","Armstrong__1979","brain_mass_g","mass_measured","mass_fresh_or_fixed_mixed","Brain_Mass_measured"
"Pan troglodytes","Brain_Mass","g",405.5,"405.5","g","10.1002%2Fajpa.1330510308_Tables1-9.tsv","Armstrong","1979","Armstrong","secondary","Armstrong__1979","brain_mass_g","mass_measured","mass_fresh_or_fixed_mixed","Brain_Mass_measured"
"Homo sapiens","Brain_Mass","g",1500,"1500","g","10.1002%2Fajpa.1330510308_Tables1-9.tsv","Armstrong","1979","Armstrong","secondary","Armstrong__1979","brain_mass_g","mass_measured","mass_fresh_or_fixed_mixed","Brain_Mass_measured"
"Gorilla gorilla","Brain_Mass","g",540,"540","g","10.1002%2Fajpa.1330510308_Tables1-9.tsv","Armstrong","1979","Armstrong","secondary","Armstrong__1979","brain_mass_g","mass_measured","mass_fresh_or_fixed_mixed","Brain_Mass_measured"
"Homo sapiens","Brain_Mass","g",1500,"1500","g","10.1002%2Fajpa.1330510308_Tables1-9.tsv","Armstrong","1979","Armstrong","secondary","Armstrong__1979","brain_mass_g","mass_measured","mass_fresh_or_fixed_mixed","Brain_Mass_measured"
"Hylobates lar","Brain_Mass","g",101.9,"101.9","g","10.1002%2Fajpa.1330510308_Tables1-9.tsv","Armstrong","1979","Armstrong","secondary","Armstrong__1979","brain_mass_g","mass_measured","mass_fresh_or_fixed_mixed","Brain_Mass_measured"
"Gorilla gorilla","Brain_Mass","g",540,"540","g","10.1002%2Fajpa.1330510308_Tables1-9.tsv","Armstrong","1979","Armstrong","secondary","Armstrong__1979","brain_mass_g","mass_measured","mass_fresh_or_fixed_mixed","Brain_Mass_measured"
"Homo sapiens","Brain_Mass","g",1500,"1500","g","10.1002%2Fajpa.1330510308_Tables1-9.tsv","Armstrong","1979","Armstrong","secondary","Armstrong__1979","brain_mass_g","mass_measured","mass_fresh_or_fixed_mixed","Brain_Mass_measured"
"Panthera leo","Brain_Mass","g",223.5,"223500","mg","10.1002%2Fcne.24349_Table3.tsv","Jacobs","2018","Jacobs","info","Jacobs_etal_2018","brain_mass_mg","mass_measured_specimen","mass_specimen","Brain_Mass_measured"
"Panthera leo","Brain_Mass","g",223.5,"223500","mg","10.1002%2Fcne.24349_Table3.tsv","Jacobs","2018","Jacobs","info","Jacobs_etal_2018","brain_mass_mg","mass_measured_specimen","mass_specimen","Brain_Mass_measured"
"Lycaon pictus","Brain_Mass","g",141.5,"141500","mg","10.1002%2Fcne.24349_Table3.tsv","Jacobs","2018","Jacobs","info","Jacobs_etal_2018","brain_mass_mg","mass_measured_specimen","mass_specimen","Brain_Mass_measured"
"Lycaon pictus","Brain_Mass","g",141.5,"141500","mg","10.1002%2Fcne.24349_Table3.tsv","Jacobs","2018","Jacobs","info","Jacobs_etal_2018","brain_mass_mg","mass_measured_specimen","mass_specimen","Brain_Mass_measured"
"Panthera pardus orientalis","Brain_Mass","g",125.5,"125500","mg","10.1002%2Fcne.24349_Table3.tsv","Jacobs","2018","Jacobs","info","Jacobs_etal_2018","brain_mass_mg","mass_measured_specimen","mass_specimen","Brain_Mass_measured"
"Panthera pardus orientalis","Brain_Mass","g",125.5,"125500","mg","10.1002%2Fcne.24349_Table3.tsv","Jacobs","2018","Jacobs","info","Jacobs_etal_2018","brain_mass_mg","mass_measured_specimen","mass_specimen","Brain_Mass_measured"
"Amblonyx cinereus","Brain_Mass","g",38.1,"38100","mg","10.1002%2Fcne.24349_Table3.tsv","Jacobs","2018","Jacobs","info","Jacobs_etal_2018","brain_mass_mg","mass_measured_specimen","mass_specimen","Brain_Mass_measured"
"Amblonyx cinereus","Brain_Mass","g",38.1,"38100","mg","10.1002%2Fcne.24349_Table3.tsv","Jacobs","2018","Jacobs","info","Jacobs_etal_2018","brain_mass_mg","mass_measured_specimen","mass_specimen","Brain_Mass_measured"
"Mungos mungo","Brain_Mass","g",10.5,"10500","mg","10.1002%2Fcne.24349_Table3.tsv","Jacobs","2018","Jacobs","info","Jacobs_etal_2018","brain_mass_mg","mass_measured_specimen","mass_specimen","Brain_Mass_measured"
"Mungos mungo","Brain_Mass","g",10.5,"10500","mg","10.1002%2Fcne.24349_Table3.tsv","Jacobs","2018","Jacobs","info","Jacobs_etal_2018","brain_mass_mg","mass_measured_specimen","mass_specimen","Brain_Mass_measured"
"Caracal caracal","Brain_Mass","g",55.3,"55300","mg","10.1002%2Fcne.24349_Table3.tsv","Jacobs","2018","Jacobs","info","Jacobs_etal_2018","brain_mass_mg","mass_measured_specimen","mass_specimen","Brain_Mass_measured"
"Caracal caracal","Brain_Mass","g",55.3,"55300","mg","10.1002%2Fcne.24349_Table3.tsv","Jacobs","2018","Jacobs","info","Jacobs_etal_2018","brain_mass_mg","mass_measured_specimen","mass_specimen","Brain_Mass_measured"
"Mustela putorius","Brain_Mass","g",8.3,"8300","mg","10.1002%2Fcne.24349_Table3.tsv","Jacobs","2018","Jacobs","info","Jacobs_etal_2018","brain_mass_mg","mass_measured_specimen","mass_specimen","Brain_Mass_measured"
"Mustela putorius","Brain_Mass","g",8.3,"8300","mg","10.1002%2Fcne.24349_Table3.tsv","Jacobs","2018","Jacobs","info","Jacobs_etal_2018","brain_mass_mg","mass_measured_specimen","mass_specimen","Brain_Mass_measured"
"Pagophilus groenlandicus","Brain_Mass","g",276,"276000","mg","10.1002%2Fcne.24349_Table3.tsv","Jacobs","2018","Jacobs","info","Jacobs_etal_2018","brain_mass_mg","mass_measured_specimen","mass_specimen","Brain_Mass_measured"
"Pagophilus groenlandicus","Brain_Mass","g",276,"276000","mg","10.1002%2Fcne.24349_Table3.tsv","Jacobs","2018","Jacobs","info","Jacobs_etal_2018","brain_mass_mg","mass_measured_specimen","mass_specimen","Brain_Mass_measured"
"Callorhinus ursinus","Brain_Mass","g",328.6,"328600","mg","10.1002%2Fcne.24349_Table3.tsv","Jacobs","2018","Jacobs","info","Jacobs_etal_2018","brain_mass_mg","mass_measured_specimen","mass_specimen","Brain_Mass_measured"
"Callorhinus ursinus","Brain_Mass","g",328.6,"328600","mg","10.1002%2Fcne.24349_Table3.tsv","Jacobs","2018","Jacobs","info","Jacobs_etal_2018","brain_mass_mg","mass_measured_specimen","mass_specimen","Brain_Mass_measured"
"Procyon lotor","Brain_Mass","g",40,"40000","mg","10.1002%2Fcne.24349_Table3.tsv","Jacobs","2018","Jacobs","info","Jacobs_etal_2018","brain_mass_mg","mass_measured_specimen","mass_specimen","Brain_Mass_measured"
"Procyon lotor","Brain_Mass","g",40,"40000","mg","10.1002%2Fcne.24349_Table3.tsv","Jacobs","2018","Jacobs","info","Jacobs_etal_2018","brain_mass_mg","mass_measured_specimen","mass_specimen","Brain_Mass_measured"
"Panthera tigris altaica","Brain_Mass","g",279.3,"279300","mg","10.1002%2Fcne.24349_Table3.tsv","Jacobs","2018","Jacobs","info","Jacobs_etal_2018","brain_mass_mg","mass_measured_specimen","mass_specimen","Brain_Mass_measured"
"Panthera tigris altaica","Brain_Mass","g",279.3,"279300","mg","10.1002%2Fcne.24349_Table3.tsv","Jacobs","2018","Jacobs","info","Jacobs_etal_2018","brain_mass_mg","mass_measured_specimen","mass_specimen","Brain_Mass_measured"
"Saimiri boliviensis","Brain_Mass","g",25.5,"25500","mg","10.1002%2Fcne.24349_Table3.tsv","Jacobs","2018","Jacobs","info","Jacobs_etal_2018","brain_mass_mg","mass_measured_specimen","mass_specimen","Brain_Mass_measured"
"Saimiri boliviensis","Brain_Mass","g",25.5,"25500","mg","10.1002%2Fcne.24349_Table3.tsv","Jacobs","2018","Jacobs","info","Jacobs_etal_2018","brain_mass_mg","mass_measured_specimen","mass_specimen","Brain_Mass_measured"
"Papio ursinus","Brain_Mass","g",214.4,"214400","mg","10.1002%2Fcne.24349_Table3.tsv","Jacobs","2018","Jacobs","info","Jacobs_etal_2018","brain_mass_mg","mass_measured_specimen","mass_specimen","Brain_Mass_measured"
"Papio ursinus","Brain_Mass","g",214.4,"214400","mg","10.1002%2Fcne.24349_Table3.tsv","Jacobs","2018","Jacobs","info","Jacobs_etal_2018","brain_mass_mg","mass_measured_specimen","mass_specimen","Brain_Mass_measured"
"Saguinus oedipus","Brain_Mass","g",8.9,"8900","mg","10.1002%2Fcne.24349_Table3.tsv","Jacobs","2018","Jacobs","info","Jacobs_etal_2018","brain_mass_mg","mass_measured_specimen","mass_specimen","Brain_Mass_measured"
"Saguinus oedipus","Brain_Mass","g",8.9,"8900","mg","10.1002%2Fcne.24349_Table3.tsv","Jacobs","2018","Jacobs","info","Jacobs_etal_2018","brain_mass_mg","mass_measured_specimen","mass_specimen","Brain_Mass_measured"
"Leontopithecus rosalia","Brain_Mass","g",12.8,"12800","mg","10.1002%2Fcne.24349_Table3.tsv","Jacobs","2018","Jacobs","info","Jacobs_etal_2018","brain_mass_mg","mass_measured_specimen","mass_specimen","Brain_Mass_measured"
"Leontopithecus rosalia","Brain_Mass","g",12.8,"12800","mg","10.1002%2Fcne.24349_Table3.tsv","Jacobs","2018","Jacobs","info","Jacobs_etal_2018","brain_mass_mg","mass_measured_specimen","mass_specimen","Brain_Mass_measured"
"Papio hamadryas","Brain_Mass","g",159.1,"159100","mg","10.1002%2Fcne.24349_Table3.tsv","Jacobs","2018","Jacobs","info","Jacobs_etal_2018","brain_mass_mg","mass_measured_specimen","mass_specimen","Brain_Mass_measured"
"Papio hamadryas","Brain_Mass","g",159.1,"159100","mg","10.1002%2Fcne.24349_Table3.tsv","Jacobs","2018","Jacobs","info","Jacobs_etal_2018","brain_mass_mg","mass_measured_specimen","mass_specimen","Brain_Mass_measured"
"Hylobates lar","Brain_Mass","g",134.8,"134800","mg","10.1002%2Fcne.24349_Table3.tsv","Jacobs","2018","Jacobs","info","Jacobs_etal_2018","brain_mass_mg","mass_measured_specimen","mass_specimen","Brain_Mass_measured"
"Hylobates lar","Brain_Mass","g",134.8,"134800","mg","10.1002%2Fcne.24349_Table3.tsv","Jacobs","2018","Jacobs","info","Jacobs_etal_2018","brain_mass_mg","mass_measured_specimen","mass_specimen","Brain_Mass_measured"
"Callithrix pygmaea","Brain_Mass","g",4.1,"4100","mg","10.1002%2Fcne.24349_Table3.tsv","Jacobs","2018","Jacobs","info","Jacobs_etal_2018","brain_mass_mg","mass_measured_specimen","mass_specimen","Brain_Mass_measured"
"Callithrix pygmaea","Brain_Mass","g",4.1,"4100","mg","10.1002%2Fcne.24349_Table3.tsv","Jacobs","2018","Jacobs","info","Jacobs_etal_2018","brain_mass_mg","mass_measured_specimen","mass_specimen","Brain_Mass_measured"
"Cercopithecus ascanius","Brain_Mass","g",58.4,"58400","mg","10.1002%2Fcne.24349_Table3.tsv","Jacobs","2018","Jacobs","info","Jacobs_etal_2018","brain_mass_mg","mass_measured_specimen","mass_specimen","Brain_Mass_measured"
"Cercopithecus ascanius","Brain_Mass","g",58.4,"58400","mg","10.1002%2Fcne.24349_Table3.tsv","Jacobs","2018","Jacobs","info","Jacobs_etal_2018","brain_mass_mg","mass_measured_specimen","mass_specimen","Brain_Mass_measured"
"Chlorocebus pygerythrus","Brain_Mass","g",71.8,"71800","mg","10.1002%2Fcne.24349_Table3.tsv","Jacobs","2018","Jacobs","info","Jacobs_etal_2018","brain_mass_mg","mass_measured_specimen","mass_specimen","Brain_Mass_measured"
"Chlorocebus pygerythrus","Brain_Mass","g",71.8,"71800","mg","10.1002%2Fcne.24349_Table3.tsv","Jacobs","2018","Jacobs","info","Jacobs_etal_2018","brain_mass_mg","mass_measured_specimen","mass_specimen","Brain_Mass_measured"
"Bettongia penicillata","Brain_Mass","g",9.6,"9.6","g","10.1002%2Fcne.25669_TABLE1.tsv","Karl","2024","Karl","primary","Karl_etal_2024","Brain mass (g)","mass_measured_specimen","mass_specimen","Brain_Mass_measured"
"Choloepus didactylus","Brain_Mass","g",36,"36.0","g","10.1002%2Fcne.25669_TABLE1.tsv","Karl","2024","Karl","primary","Karl_etal_2024","Brain mass (g)","mass_measured_specimen","mass_specimen","Brain_Mass_measured"
"Dinomys branickii","Brain_Mass","g",36.3,"36.3","g","10.1002%2Fcne.25669_TABLE1.tsv","Karl","2024","Karl","primary","Karl_etal_2024","Brain mass (g)","mass_measured_specimen","mass_specimen","Brain_Mass_measured"
"Giraffa camelopardalis","Brain_Mass","g",675,"675.0","g","10.1002%2Fcne.25669_TABLE1.tsv","Karl","2024","Karl","primary","Karl_etal_2024","Brain mass (g)","mass_measured_specimen","mass_specimen","Brain_Mass_measured"
"Homo sapiens","Brain_Mass","g",1336,"1336.0","g","10.1002%2Fcne.25669_TABLE1.tsv","Karl","2024","Karl","primary","Karl_etal_2024","Brain mass (g)","mass_measured_specimen","mass_specimen","Brain_Mass_measured"
"Lemur catta","Brain_Mass","g",22.3,"22.3","g","10.1002%2Fcne.25669_TABLE1.tsv","Karl","2024","Karl","primary","Karl_etal_2024","Brain mass (g)","mass_measured_specimen","mass_specimen","Brain_Mass_measured"
"Loxodonta africana","Brain_Mass","g",4835,"4835.0","g","10.1002%2Fcne.25669_TABLE1.tsv","Karl","2024","Karl","primary","Karl_etal_2024","Brain mass (g)","mass_measured_specimen","mass_specimen","Brain_Mass_measured"
"Notamacropus rufogriseus","Brain_Mass","g",28.2,"28.2","g","10.1002%2Fcne.25669_TABLE1.tsv","Karl","2024","Karl","primary","Karl_etal_2024","Brain mass (g)","mass_measured_specimen","mass_specimen","Brain_Mass_measured"
"Mus musculus","Brain_Mass","g",0.4,"0.4","g","10.1002%2Fcne.25669_TABLE1.tsv","Karl","2024","Karl","primary","Karl_etal_2024","Brain mass (g)","mass_measured_specimen","mass_specimen","Brain_Mass_measured"
"Myrmecophaga tridactyla","Brain_Mass","g",76,"76.0","g","10.1002%2Fcne.25669_TABLE1.tsv","Karl","2024","Karl","primary","Karl_etal_2024","Brain mass (g)","mass_measured_specimen","mass_specimen","Brain_Mass_measured"
"Neofelis nebulosa","Brain_Mass","g",68.3,"68.3","g","10.1002%2Fcne.25669_TABLE1.tsv","Karl","2024","Karl","primary","Karl_etal_2024","Brain mass (g)","mass_measured_specimen","mass_specimen","Brain_Mass_measured"
"Pan troglodytes","Brain_Mass","g",407.5,"407.5","g","10.1002%2Fcne.25669_TABLE1.tsv","Karl","2024","Karl","primary","Karl_etal_2024","Brain mass (g)","mass_measured_specimen","mass_specimen","Brain_Mass_measured"
"Papio anubis","Brain_Mass","g",174.3,"174.3","g","10.1002%2Fcne.25669_TABLE1.tsv","Karl","2024","Karl","primary","Karl_etal_2024","Brain mass (g)","mass_measured_specimen","mass_specimen","Brain_Mass_measured"
"Procavia capensis","Brain_Mass","g",18.1,"18.1","g","10.1002%2Fcne.25669_TABLE1.tsv","Karl","2024","Karl","primary","Karl_etal_2024","Brain mass (g)","mass_measured_specimen","mass_specimen","Brain_Mass_measured"
"Rangifer tarandus","Brain_Mass","g",252.9,"252.9","g","10.1002%2Fcne.25669_TABLE1.tsv","Karl","2024","Karl","primary","Karl_etal_2024","Brain mass (g)","mass_measured_specimen","mass_specimen","Brain_Mass_measured"
"Saimiri sciureus","Brain_Mass","g",24.9,"24.9","g","10.1002%2Fcne.25669_TABLE1.tsv","Karl","2024","Karl","primary","Karl_etal_2024","Brain mass (g)","mass_measured_specimen","mass_specimen","Brain_Mass_measured"
"Trichechus manatus","Brain_Mass","g",350,"350.0","g","10.1002%2Fcne.25669_TABLE1.tsv","Karl","2024","Karl","primary","Karl_etal_2024","Brain mass (g)","mass_measured_specimen","mass_specimen","Brain_Mass_measured"
"Ursus arctos","Brain_Mass","g",385,"385.0","g","10.1002%2Fcne.25669_TABLE1.tsv","Karl","2024","Karl","primary","Karl_etal_2024","Brain mass (g)","mass_measured_specimen","mass_specimen","Brain_Mass_measured"
"Balaenoptera acutorostrata","Brain_Mass","g",2683.9,"2683.9","g","10.1002%2Fcne.70089_TABLE1.tsv","AvelinodeSouza","2025","AvelinodeSouza","secondary","AvelinodeSouza_etal_2025","Whole brain_Mass, g","mass_measured_excl_ob","mass_excl_olfactory_bulb","Brain_Mass_excl_olfactory_bulb"
"Homo sapiens","Brain_Mass","g",1273.7,"1273.7","g","10.1002%2Fcne.901270108_Table2.tsv","Krompecher","1966","Krompecher","secondary","Krompecher_Lipak_1966","brain_weight_g","mass_measured","mass_unspecified","Brain_Mass_measured"
"Pongo pygmaeus","Brain_Mass","g",316,"316","g","10.1002%2Fcne.901270108_Table2.tsv","Krompecher","1966","Krompecher","secondary","Krompecher_Lipak_1966","brain_weight_g","mass_measured","mass_unspecified","Brain_Mass_measured"
"Blackheaded parrot (Adapornis personata)","Brain_Mass","g",1.92,"1.92","g","10.1002%2Fcne.901270108_Table2.tsv","Krompecher","1966","Krompecher","secondary","Krompecher_Lipak_1966","brain_weight_g","mass_measured","mass_unspecified","Brain_Mass_measured"
"Cerkof monkey (Macacus sinicus)","Brain_Mass","g",67.5,"67.5","g","10.1002%2Fcne.901270108_Table2.tsv","Krompecher","1966","Krompecher","secondary","Krompecher_Lipak_1966","brain_weight_g","mass_measured","mass_unspecified","Brain_Mass_measured"
"Sparrow (Passer domesticus)","Brain_Mass","g",1,"1","g","10.1002%2Fcne.901270108_Table2.tsv","Krompecher","1966","Krompecher","secondary","Krompecher_Lipak_1966","brain_weight_g","mass_measured","mass_unspecified","Brain_Mass_measured"
"Swallow (Hirundo rustica)","Brain_Mass","g",0.535,"0.535","g","10.1002%2Fcne.901270108_Table2.tsv","Krompecher","1966","Krompecher","secondary","Krompecher_Lipak_1966","brain_weight_g","mass_measured","mass_unspecified","Brain_Mass_measured"
"Swallow (Hirundo rustica)","Brain_Mass","g",0.492,"0.492","g","10.1002%2Fcne.901270108_Table2.tsv","Krompecher","1966","Krompecher","secondary","Krompecher_Lipak_1966","brain_weight_g","mass_measured","mass_unspecified","Brain_Mass_measured"
"Dog (Canis familiaris)","Brain_Mass","g",62,"62","g","10.1002%2Fcne.901270108_Table2.tsv","Krompecher","1966","Krompecher","secondary","Krompecher_Lipak_1966","brain_weight_g","mass_measured","mass_unspecified","Brain_Mass_measured"
"Dog (Canis familiaris)","Brain_Mass","g",83,"83","g","10.1002%2Fcne.901270108_Table2.tsv","Krompecher","1966","Krompecher","secondary","Krompecher_Lipak_1966","brain_weight_g","mass_measured","mass_unspecified","Brain_Mass_measured"
"White mouse (mus musculus albus)","Brain_Mass","g",0.425,"0.425","g","10.1002%2Fcne.901270108_Table2.tsv","Krompecher","1966","Krompecher","secondary","Krompecher_Lipak_1966","brain_weight_g","mass_measured","mass_unspecified","Brain_Mass_measured"
"White mouse (mus musculus albus)","Brain_Mass","g",0.43,"0.43","g","10.1002%2Fcne.901270108_Table2.tsv","Krompecher","1966","Krompecher","secondary","Krompecher_Lipak_1966","brain_weight_g","mass_measured","mass_unspecified","Brain_Mass_measured"
"Grey rat (Mus decomanus gris)","Brain_Mass","g",1.66,"1.66","g","10.1002%2Fcne.901270108_Table2.tsv","Krompecher","1966","Krompecher","secondary","Krompecher_Lipak_1966","brain_weight_g","mass_measured","mass_unspecified","Brain_Mass_measured"
"Domestic mouse (Mus musculus)","Brain_Mass","g",0.35,"0.35","g","10.1002%2Fcne.901270108_Table2.tsv","Krompecher","1966","Krompecher","secondary","Krompecher_Lipak_1966","brain_weight_g","mass_measured","mass_unspecified","Brain_Mass_measured"
"Grey rat (Mus decomanus gris)","Brain_Mass","g",1.75,"1.75","g","10.1002%2Fcne.901270108_Table2.tsv","Krompecher","1966","Krompecher","secondary","Krompecher_Lipak_1966","brain_weight_g","mass_measured","mass_unspecified","Brain_Mass_measured"
"White rat (Mus decom. alb.)","Brain_Mass","g",1.93,"1.93","g","10.1002%2Fcne.901270108_Table2.tsv","Krompecher","1966","Krompecher","secondary","Krompecher_Lipak_1966","brain_weight_g","mass_measured","mass_unspecified","Brain_Mass_measured"
"Guinea-pig (Cavia porcellus)","Brain_Mass","g",4,"4","g","10.1002%2Fcne.901270108_Table2.tsv","Krompecher","1966","Krompecher","secondary","Krompecher_Lipak_1966","brain_weight_g","mass_measured","mass_unspecified","Brain_Mass_measured"
"Sheep (Ovis aries)","Brain_Mass","g",102,"102","g","10.1002%2Fcne.901270108_Table2.tsv","Krompecher","1966","Krompecher","secondary","Krompecher_Lipak_1966","brain_weight_g","mass_measured","mass_unspecified","Brain_Mass_measured"
"Cat (Felis domestica)","Brain_Mass","g",32,"32","g","10.1002%2Fcne.901270108_Table2.tsv","Krompecher","1966","Krompecher","secondary","Krompecher_Lipak_1966","brain_weight_g","mass_measured","mass_unspecified","Brain_Mass_measured"
"White rat (Mus decom. alb.)","Brain_Mass","g",1.793,"1.793","g","10.1002%2Fcne.901270108_Table2.tsv","Krompecher","1966","Krompecher","secondary","Krompecher_Lipak_1966","brain_weight_g","mass_measured","mass_unspecified","Brain_Mass_measured"
"Pigeon (Columba domest.)","Brain_Mass","g",2.03,"2.03","g","10.1002%2Fcne.901270108_Table2.tsv","Krompecher","1966","Krompecher","secondary","Krompecher_Lipak_1966","brain_weight_g","mass_measured","mass_unspecified","Brain_Mass_measured"
"Marmot (Arctomys marmota)","Brain_Mass","g",13.2,"13.2","g","10.1002%2Fcne.901270108_Table2.tsv","Krompecher","1966","Krompecher","secondary","Krompecher_Lipak_1966","brain_weight_g","mass_measured","mass_unspecified","Brain_Mass_measured"
"Pigeon (Columba domest.)","Brain_Mass","g",1.79,"1.79","g","10.1002%2Fcne.901270108_Table2.tsv","Krompecher","1966","Krompecher","secondary","Krompecher_Lipak_1966","brain_weight_g","mass_measured","mass_unspecified","Brain_Mass_measured"
"Horse (Equus caballus)","Brain_Mass","g",532,"532","g","10.1002%2Fcne.901270108_Table2.tsv","Krompecher","1966","Krompecher","secondary","Krompecher_Lipak_1966","brain_weight_g","mass_measured","mass_unspecified","Brain_Mass_measured"
"Rabbit (Race X) (Oryctolagus cuniculus)","Brain_Mass","g",9.1,"9.1","g","10.1002%2Fcne.901270108_Table2.tsv","Krompecher","1966","Krompecher","secondary","Krompecher_Lipak_1966","brain_weight_g","mass_measured","mass_unspecified","Brain_Mass_measured"
"Hen (Gallus domest.)","Brain_Mass","g",3.3,"3.3","g","10.1002%2Fcne.901270108_Table2.tsv","Krompecher","1966","Krompecher","secondary","Krompecher_Lipak_1966","brain_weight_g","mass_measured","mass_unspecified","Brain_Mass_measured"
"Frog (Rana esculenta)","Brain_Mass","g",0.117,"0.117","g","10.1002%2Fcne.901270108_Table2.tsv","Krompecher","1966","Krompecher","secondary","Krompecher_Lipak_1966","brain_weight_g","mass_measured","mass_unspecified","Brain_Mass_measured"
"Rabbit (Race III) (Oryctolagus cuniculus)","Brain_Mass","g",11.7,"11.7","g","10.1002%2Fcne.901270108_Table2.tsv","Krompecher","1966","Krompecher","secondary","Krompecher_Lipak_1966","brain_weight_g","mass_measured","mass_unspecified","Brain_Mass_measured"
"Cock (Gallus domest.)","Brain_Mass","g",11.5,"11.5","g","10.1002%2Fcne.901270108_Table2.tsv","Krompecher","1966","Krompecher","secondary","Krompecher_Lipak_1966","brain_weight_g","mass_measured","mass_unspecified","Brain_Mass_measured"
"Cock (Gallus domest.)","Brain_Mass","g",3.68,"3.68","g","10.1002%2Fcne.901270108_Table2.tsv","Krompecher","1966","Krompecher","secondary","Krompecher_Lipak_1966","brain_weight_g","mass_measured","mass_unspecified","Brain_Mass_measured"
"Rattus norvegicus","Brain_Mass","g",1.5,"1500","mg","10.1002%2Fcne.903580203_TABLE1.tsv","Nudo","1995","Nudo","primary","Nudo_etal_1995","Brain_Mass.mg","mass_measured","mass_unspecified","Brain_Mass_measured"
"Dasypus novemcinctus","Brain_Mass","g",7.54,"7540","mg","10.1002%2Fcne.903580203_TABLE1.tsv","Nudo","1995","Nudo","primary","Nudo_etal_1995","Brain_Mass.mg","mass_measured","mass_unspecified","Brain_Mass_measured"
"Galago senegalensis","Brain_Mass","g",2.4,"2400","mg","10.1002%2Fcne.903580203_TABLE1.tsv","Nudo","1995","Nudo","primary","Nudo_etal_1995","Brain_Mass.mg","mass_measured","mass_unspecified","Brain_Mass_measured"
"Felis catus","Brain_Mass","g",19.08,"19080","mg","10.1002%2Fcne.903580203_TABLE1.tsv","Nudo","1995","Nudo","primary","Nudo_etal_1995","Brain_Mass.mg","mass_measured","mass_unspecified","Brain_Mass_measured"
"Sciurus carolinensis","Brain_Mass","g",4.93,"4930","mg","10.1002%2Fcne.903580203_TABLE1.tsv","Nudo","1995","Nudo","primary","Nudo_etal_1995","Brain_Mass.mg","mass_measured","mass_unspecified","Brain_Mass_measured"
"Spermophilus tridecemlineatus","Brain_Mass","g",1.53,"1530","mg","10.1002%2Fcne.903580203_TABLE1.tsv","Nudo","1995","Nudo","primary","Nudo_etal_1995","Brain_Mass.mg","mass_measured","mass_unspecified","Brain_Mass_measured"
"Atelerix albiventris","Brain_Mass","g",1.3,"1300","mg","10.1002%2Fcne.903580203_TABLE1.tsv","Nudo","1995","Nudo","primary","Nudo_etal_1995","Brain_Mass.mg","mass_measured","mass_unspecified","Brain_Mass_measured"
"Erinaceus europaeus","Brain_Mass","g",2.26,"2260","mg","10.1002%2Fcne.903580203_TABLE1.tsv","Nudo","1995","Nudo","primary","Nudo_etal_1995","Brain_Mass.mg","mass_measured","mass_unspecified","Brain_Mass_measured"
"Hemiechinus auritus","Brain_Mass","g",0.965,"965","mg","10.1002%2Fcne.903580203_TABLE1.tsv","Nudo","1995","Nudo","primary","Nudo_etal_1995","Brain_Mass.mg","mass_measured","mass_unspecified","Brain_Mass_measured"
"Procavia capensis","Brain_Mass","g",12.42,"12420","mg","10.1002%2Fcne.903580203_TABLE1.tsv","Nudo","1995","Nudo","primary","Nudo_etal_1995","Brain_Mass.mg","mass_measured","mass_unspecified","Brain_Mass_measured"
"Cryptotis parva","Brain_Mass","g",0.08,"80","mg","10.1002%2Fcne.903580203_TABLE1.tsv","Nudo","1995","Nudo","primary","Nudo_etal_1995","Brain_Mass.mg","mass_measured","mass_unspecified","Brain_Mass_measured"
"Callithrix jacchus","Brain_Mass","g",5.48,"5480","mg","10.1002%2Fcne.903580203_TABLE1.tsv","Nudo","1995","Nudo","primary","Nudo_etal_1995","Brain_Mass.mg","mass_measured","mass_unspecified","Brain_Mass_measured"
"Scalopus aquaticus","Brain_Mass","g",0.57,"570","mg","10.1002%2Fcne.903580203_TABLE1.tsv","Nudo","1995","Nudo","primary","Nudo_etal_1995","Brain_Mass.mg","mass_measured","mass_unspecified","Brain_Mass_measured"
"Chlorocebus aethiops","Brain_Mass","g",36.54,"36540","mg","10.1002%2Fcne.903580203_TABLE1.tsv","Nudo","1995","Nudo","primary","Nudo_etal_1995","Brain_Mass.mg","mass_measured","mass_unspecified","Brain_Mass_measured"
"Macaca fascicularis","Brain_Mass","g",38.03,"38030","mg","10.1002%2Fcne.903580203_TABLE1.tsv","Nudo","1995","Nudo","primary","Nudo_etal_1995","Brain_Mass.mg","mass_measured","mass_unspecified","Brain_Mass_measured"
"Macaca mulatta","Brain_Mass","g",53.7,"53700","mg","10.1002%2Fcne.903580203_TABLE1.tsv","Nudo","1995","Nudo","primary","Nudo_etal_1995","Brain_Mass.mg","mass_measured","mass_unspecified","Brain_Mass_measured"
"Saimiri sciureus","Brain_Mass","g",17.04,"17040","mg","10.1002%2Fcne.903580203_TABLE1.tsv","Nudo","1995","Nudo","primary","Nudo_etal_1995","Brain_Mass.mg","mass_measured","mass_unspecified","Brain_Mass_measured"
"Didelphis virginiana","Brain_Mass","g",4.36,"4360","mg","10.1002%2Fcne.903580203_TABLE1.tsv","Nudo","1995","Nudo","primary","Nudo_etal_1995","Brain_Mass.mg","mass_measured","mass_unspecified","Brain_Mass_measured"
"Monodelphis domestica","Brain_Mass","g",0.79,"790","mg","10.1002%2Fcne.903580203_TABLE1.tsv","Nudo","1995","Nudo","primary","Nudo_etal_1995","Brain_Mass.mg","mass_measured","mass_unspecified","Brain_Mass_measured"
"Oryctolagus cuniculus","Brain_Mass","g",7.57,"7570","mg","10.1002%2Fcne.903580203_TABLE1.tsv","Nudo","1995","Nudo","primary","Nudo_etal_1995","Brain_Mass.mg","mass_measured","mass_unspecified","Brain_Mass_measured"
"Procyon lotor","Brain_Mass","g",31.87,"31870","mg","10.1002%2Fcne.903580203_TABLE1.tsv","Nudo","1995","Nudo","primary","Nudo_etal_1995","Brain_Mass.mg","mass_measured","mass_unspecified","Brain_Mass_measured"
"Nycticebus coucang","Brain_Mass","g",7.88,"7880","mg","10.1002%2Fcne.903580203_TABLE1.tsv","Nudo","1995","Nudo","primary","Nudo_etal_1995","Brain_Mass.mg","mass_measured","mass_unspecified","Brain_Mass_measured"
"Tupaia glis","Brain_Mass","g",2.48,"2480","mg","10.1002%2Fcne.903580203_TABLE1.tsv","Nudo","1995","Nudo","primary","Nudo_etal_1995","Brain_Mass.mg","mass_measured","mass_unspecified","Brain_Mass_measured"
"Microtus pinetorum","Brain_Mass","g",0.37,"370","mg","10.1002%2Fcne.903580203_TABLE1.tsv","Nudo","1995","Nudo","primary","Nudo_etal_1995","Brain_Mass.mg","mass_measured","mass_unspecified","Brain_Mass_measured"
"Canis lupus familiaris","Brain_Mass","g",11.03,"11030","mg","10.1007%2FBF00519885_Tables1-2.tsv","Schleifenbaum","1973","Schleifenbaum","primary","Schleifenbaum__1973","brain_mass_mg","mass_measured","mass_fresh_or_fixed_mixed","Brain_Mass_measured"
"Canis lupus familiaris","Brain_Mass","g",17.25,"17250","mg","10.1007%2FBF00519885_Tables1-2.tsv","Schleifenbaum","1973","Schleifenbaum","primary","Schleifenbaum__1973","brain_mass_mg","mass_measured","mass_fresh_or_fixed_mixed","Brain_Mass_measured"
"Canis lupus familiaris","Brain_Mass","g",27.23,"27230","mg","10.1007%2FBF00519885_Tables1-2.tsv","Schleifenbaum","1973","Schleifenbaum","primary","Schleifenbaum__1973","brain_mass_mg","mass_measured","mass_fresh_or_fixed_mixed","Brain_Mass_measured"
"Canis lupus familiaris","Brain_Mass","g",37.1,"37100","mg","10.1007%2FBF00519885_Tables1-2.tsv","Schleifenbaum","1973","Schleifenbaum","primary","Schleifenbaum__1973","brain_mass_mg","mass_measured","mass_fresh_or_fixed_mixed","Brain_Mass_measured"
"Canis lupus familiaris","Brain_Mass","g",39.17,"39170","mg","10.1007%2FBF00519885_Tables1-2.tsv","Schleifenbaum","1973","Schleifenbaum","primary","Schleifenbaum__1973","brain_mass_mg","mass_measured","mass_fresh_or_fixed_mixed","Brain_Mass_measured"
"Canis lupus familiaris","Brain_Mass","g",58,"58000","mg","10.1007%2FBF00519885_Tables1-2.tsv","Schleifenbaum","1973","Schleifenbaum","primary","Schleifenbaum__1973","brain_mass_mg","mass_measured","mass_fresh_or_fixed_mixed","Brain_Mass_measured"
"Canis lupus familiaris","Brain_Mass","g",73.12,"73120","mg","10.1007%2FBF00519885_Tables1-2.tsv","Schleifenbaum","1973","Schleifenbaum","primary","Schleifenbaum__1973","brain_mass_mg","mass_measured","mass_fresh_or_fixed_mixed","Brain_Mass_measured"
"Canis lupus familiaris","Brain_Mass","g",75.98,"75980","mg","10.1007%2FBF00519885_Tables1-2.tsv","Schleifenbaum","1973","Schleifenbaum","primary","Schleifenbaum__1973","brain_mass_mg","mass_measured","mass_fresh_or_fixed_mixed","Brain_Mass_measured"
"Canis lupus familiaris","Brain_Mass","g",85.41,"85410","mg","10.1007%2FBF00519885_Tables1-2.tsv","Schleifenbaum","1973","Schleifenbaum","primary","Schleifenbaum__1973","brain_mass_mg","mass_measured","mass_fresh_or_fixed_mixed","Brain_Mass_measured"
"Canis lupus familiaris","Brain_Mass","g",8.46,"8460","mg","10.1007%2FBF00519885_Tables1-2.tsv","Schleifenbaum","1973","Schleifenbaum","primary","Schleifenbaum__1973","brain_mass_mg","mass_measured","mass_fresh_or_fixed_mixed","Brain_Mass_measured"
"Canis lupus familiaris","Brain_Mass","g",9.31,"9310","mg","10.1007%2FBF00519885_Tables1-2.tsv","Schleifenbaum","1973","Schleifenbaum","primary","Schleifenbaum__1973","brain_mass_mg","mass_measured","mass_fresh_or_fixed_mixed","Brain_Mass_measured"
"Canis lupus familiaris","Brain_Mass","g",7.97,"7970","mg","10.1007%2FBF00519885_Tables1-2.tsv","Schleifenbaum","1973","Schleifenbaum","primary","Schleifenbaum__1973","brain_mass_mg","mass_measured","mass_fresh_or_fixed_mixed","Brain_Mass_measured"
"Canis lupus familiaris","Brain_Mass","g",15.28,"15280","mg","10.1007%2FBF00519885_Tables1-2.tsv","Schleifenbaum","1973","Schleifenbaum","primary","Schleifenbaum__1973","brain_mass_mg","mass_measured","mass_fresh_or_fixed_mixed","Brain_Mass_measured"
"Canis lupus familiaris","Brain_Mass","g",35.1,"35100","mg","10.1007%2FBF00519885_Tables1-2.tsv","Schleifenbaum","1973","Schleifenbaum","primary","Schleifenbaum__1973","brain_mass_mg","mass_measured","mass_fresh_or_fixed_mixed","Brain_Mass_measured"
"Canis lupus familiaris","Brain_Mass","g",37.33,"37330","mg","10.1007%2FBF00519885_Tables1-2.tsv","Schleifenbaum","1973","Schleifenbaum","primary","Schleifenbaum__1973","brain_mass_mg","mass_measured","mass_fresh_or_fixed_mixed","Brain_Mass_measured"
"Canis lupus familiaris","Brain_Mass","g",59.65,"59650","mg","10.1007%2FBF00519885_Tables1-2.tsv","Schleifenbaum","1973","Schleifenbaum","primary","Schleifenbaum__1973","brain_mass_mg","mass_measured","mass_fresh_or_fixed_mixed","Brain_Mass_measured"
"Canis lupus familiaris","Brain_Mass","g",74.69,"74690","mg","10.1007%2FBF00519885_Tables1-2.tsv","Schleifenbaum","1973","Schleifenbaum","primary","Schleifenbaum__1973","brain_mass_mg","mass_measured","mass_fresh_or_fixed_mixed","Brain_Mass_measured"
"Canis lupus familiaris","Brain_Mass","g",90.25,"90250","mg","10.1007%2FBF00519885_Tables1-2.tsv","Schleifenbaum","1973","Schleifenbaum","primary","Schleifenbaum__1973","brain_mass_mg","mass_measured","mass_fresh_or_fixed_mixed","Brain_Mass_measured"
"Canis lupus","Brain_Mass","g",13,"13000","mg","10.1007%2FBF00519885_Tables1-2.tsv","Schleifenbaum","1973","Schleifenbaum","primary","Schleifenbaum__1973","brain_mass_mg","mass_measured","mass_fresh_or_fixed_mixed","Brain_Mass_measured"
"Canis lupus","Brain_Mass","g",75.2,"75200","mg","10.1007%2FBF00519885_Tables1-2.tsv","Schleifenbaum","1973","Schleifenbaum","primary","Schleifenbaum__1973","brain_mass_mg","mass_measured","mass_fresh_or_fixed_mixed","Brain_Mass_measured"
"Canis lupus","Brain_Mass","g",121.2,"121200","mg","10.1007%2FBF00519885_Tables1-2.tsv","Schleifenbaum","1973","Schleifenbaum","primary","Schleifenbaum__1973","brain_mass_mg","mass_measured","mass_fresh_or_fixed_mixed","Brain_Mass_measured"
"Canis lupus","Brain_Mass","g",135,"135000","mg","10.1007%2FBF00519885_Tables1-2.tsv","Schleifenbaum","1973","Schleifenbaum","primary","Schleifenbaum__1973","brain_mass_mg","mass_measured","mass_fresh_or_fixed_mixed","Brain_Mass_measured"
"Canis lupus","Brain_Mass","g",49.2,"49200","mg","10.1007%2FBF00519885_Tables1-2.tsv","Schleifenbaum","1973","Schleifenbaum","primary","Schleifenbaum__1973","brain_mass_mg","mass_measured","mass_fresh_or_fixed_mixed","Brain_Mass_measured"
"Canis lupus","Brain_Mass","g",102,"102000","mg","10.1007%2FBF00519885_Tables1-2.tsv","Schleifenbaum","1973","Schleifenbaum","primary","Schleifenbaum__1973","brain_mass_mg","mass_measured","mass_fresh_or_fixed_mixed","Brain_Mass_measured"
"Canis lupus","Brain_Mass","g",152.4,"152400","mg","10.1007%2FBF00519885_Tables1-2.tsv","Schleifenbaum","1973","Schleifenbaum","primary","Schleifenbaum__1973","brain_mass_mg","mass_measured","mass_fresh_or_fixed_mixed","Brain_Mass_measured"
"Canis lupus","Brain_Mass","g",115.7,"115700","mg","10.1007%2FBF00519885_Tables1-2.tsv","Schleifenbaum","1973","Schleifenbaum","primary","Schleifenbaum__1973","brain_mass_mg","mass_measured","mass_fresh_or_fixed_mixed","Brain_Mass_measured"
"Canis lupus","Brain_Mass","g",119,"119000","mg","10.1007%2FBF00519885_Tables1-2.tsv","Schleifenbaum","1973","Schleifenbaum","primary","Schleifenbaum__1973","brain_mass_mg","mass_measured","mass_fresh_or_fixed_mixed","Brain_Mass_measured"
"Canis lupus","Brain_Mass","g",125,"125000","mg","10.1007%2FBF00519885_Tables1-2.tsv","Schleifenbaum","1973","Schleifenbaum","primary","Schleifenbaum__1973","brain_mass_mg","mass_measured","mass_fresh_or_fixed_mixed","Brain_Mass_measured"
"Canis lupus","Brain_Mass","g",117.4,"117400","mg","10.1007%2FBF00519885_Tables1-2.tsv","Schleifenbaum","1973","Schleifenbaum","primary","Schleifenbaum__1973","brain_mass_mg","mass_measured","mass_fresh_or_fixed_mixed","Brain_Mass_measured"
"Canis lupus","Brain_Mass","g",121,"121000","mg","10.1007%2FBF00519885_Tables1-2.tsv","Schleifenbaum","1973","Schleifenbaum","primary","Schleifenbaum__1973","brain_mass_mg","mass_measured","mass_fresh_or_fixed_mixed","Brain_Mass_measured"
"Canis lupus","Brain_Mass","g",132.6,"132600","mg","10.1007%2FBF00519885_Tables1-2.tsv","Schleifenbaum","1973","Schleifenbaum","primary","Schleifenbaum__1973","brain_mass_mg","mass_measured","mass_fresh_or_fixed_mixed","Brain_Mass_measured"
"Canis lupus","Brain_Mass","g",131.8,"131800","mg","10.1007%2FBF00519885_Tables1-2.tsv","Schleifenbaum","1973","Schleifenbaum","primary","Schleifenbaum__1973","brain_mass_mg","mass_measured","mass_fresh_or_fixed_mixed","Brain_Mass_measured"
"Canis lupus","Brain_Mass","g",162.4,"162400","mg","10.1007%2FBF00519885_Tables1-2.tsv","Schleifenbaum","1973","Schleifenbaum","primary","Schleifenbaum__1973","brain_mass_mg","mass_measured","mass_fresh_or_fixed_mixed","Brain_Mass_measured"
"Ovis ammon musimon","Brain_Mass","g",135,"135000","mg","10.1007%2FBF00522811_Tables3-4.tsv","Ebinger","1974","Ebinger","primary","Ebinger__1974","brain_mass_mg","mass_measured","mass_fresh","Brain_Mass_measured"
"Ovis ammon musimon","Brain_Mass","g",132.4,"132400","mg","10.1007%2FBF00522811_Tables3-4.tsv","Ebinger","1974","Ebinger","primary","Ebinger__1974","brain_mass_mg","mass_measured","mass_fresh","Brain_Mass_measured"
"Ovis ammon musimon","Brain_Mass","g",132.5,"132500","mg","10.1007%2FBF00522811_Tables3-4.tsv","Ebinger","1974","Ebinger","primary","Ebinger__1974","brain_mass_mg","mass_measured","mass_fresh","Brain_Mass_measured"
"Ovis ammon musimon","Brain_Mass","g",132.2,"132200","mg","10.1007%2FBF00522811_Tables3-4.tsv","Ebinger","1974","Ebinger","primary","Ebinger__1974","brain_mass_mg","mass_measured","mass_fresh","Brain_Mass_measured"
"Ovis ammon f. aries","Brain_Mass","g",125,"125000","mg","10.1007%2FBF00522811_Tables3-4.tsv","Ebinger","1974","Ebinger","primary","Ebinger__1974","brain_mass_mg","mass_measured","mass_fresh","Brain_Mass_measured"
"Ovis ammon f. aries","Brain_Mass","g",120,"120000","mg","10.1007%2FBF00522811_Tables3-4.tsv","Ebinger","1974","Ebinger","primary","Ebinger__1974","brain_mass_mg","mass_measured","mass_fresh","Brain_Mass_measured"
"Ovis ammon f. aries","Brain_Mass","g",113.9,"113900","mg","10.1007%2FBF00522811_Tables3-4.tsv","Ebinger","1974","Ebinger","primary","Ebinger__1974","brain_mass_mg","mass_measured","mass_fresh","Brain_Mass_measured"
"Ovis ammon f. aries","Brain_Mass","g",102.4,"102400","mg","10.1007%2FBF00522811_Tables3-4.tsv","Ebinger","1974","Ebinger","primary","Ebinger__1974","brain_mass_mg","mass_measured","mass_fresh","Brain_Mass_measured"
"Ovis ammon f. aries","Brain_Mass","g",109.6,"109600","mg","10.1007%2FBF00522811_Tables3-4.tsv","Ebinger","1974","Ebinger","primary","Ebinger__1974","brain_mass_mg","mass_measured","mass_fresh","Brain_Mass_measured"
"Ovis ammon f. aries","Brain_Mass","g",99.8,"99800","mg","10.1007%2FBF00522811_Tables3-4.tsv","Ebinger","1974","Ebinger","primary","Ebinger__1974","brain_mass_mg","mass_measured","mass_fresh","Brain_Mass_measured"
"Homo sapiens","Brain_Mass","g",1437,"1437","g","10.1016%2Fj.jhevol.2009.11.011_Table1.tsv","deSousa","2010","Zilles","primary","deSousa_etal_2010","brain_mass_g","mass_measured","mass_fresh","Brain_Mass_measured"
"Homo sapiens","Brain_Mass","g",1757,"1757","g","10.1016%2Fj.jhevol.2009.11.011_Table1.tsv","deSousa","2010","Zilles","primary","deSousa_etal_2010","brain_mass_g","mass_measured","mass_fresh","Brain_Mass_measured"
"Homo sapiens","Brain_Mass","g",1270,"1270","g","10.1016%2Fj.jhevol.2009.11.011_Table1.tsv","deSousa","2010","Zilles","primary","deSousa_etal_2010","brain_mass_g","mass_measured","mass_fresh","Brain_Mass_measured"
"Homo sapiens","Brain_Mass","g",1349,"1349","g","10.1016%2Fj.jhevol.2009.11.011_Table1.tsv","deSousa","2010","Zilles","primary","deSousa_etal_2010","brain_mass_g","mass_measured","mass_fresh","Brain_Mass_measured"
"Homo sapiens","Brain_Mass","g",1360,"1360","g","10.1016%2Fj.jhevol.2009.11.011_Table1.tsv","deSousa","2010","Zilles","primary","deSousa_etal_2010","brain_mass_g","mass_measured","mass_fresh","Brain_Mass_measured"
"Homo sapiens","Brain_Mass","g",1046,"1046","g","10.1016%2Fj.jhevol.2009.11.011_Table1.tsv","deSousa","2010","Zilles","primary","deSousa_etal_2010","brain_mass_g","mass_measured","mass_fresh","Brain_Mass_measured"
"Homo sapiens","Brain_Mass","g",1142,"1142","g","10.1016%2Fj.jhevol.2009.11.011_Table1.tsv","deSousa","2010","Zilles","primary","deSousa_etal_2010","brain_mass_g","mass_measured","mass_fresh","Brain_Mass_measured"
"Homo sapiens","Brain_Mass","g",1350,"1350","g","10.1016%2Fj.jhevol.2009.11.011_Table1.tsv","deSousa","2010","Zilles","primary","deSousa_etal_2010","brain_mass_g","mass_measured","mass_fresh","Brain_Mass_measured"
"Homo sapiens","Brain_Mass","g",1216,"1216","g","10.1016%2Fj.jhevol.2009.11.011_Table1.tsv","deSousa","2010","Zilles","primary","deSousa_etal_2010","brain_mass_g","mass_measured","mass_fresh","Brain_Mass_measured"
"Homo sapiens","Brain_Mass","g",1110,"1110","g","10.1016%2Fj.jhevol.2009.11.011_Table1.tsv","deSousa","2010","Zilles","primary","deSousa_etal_2010","brain_mass_g","mass_measured","mass_fresh","Brain_Mass_measured"
"Pan troglodytes","Brain_Mass","g",359.5,"359.5","g","10.1016%2Fj.jhevol.2009.11.011_Table1.tsv","deSousa","2010","Zilles","primary","deSousa_etal_2010","brain_mass_g","mass_measured","mass_fresh","Brain_Mass_measured"
"Pan troglodytes","Brain_Mass","g",440,"440","g","10.1016%2Fj.jhevol.2009.11.011_Table1.tsv","deSousa","2010","Zilles","primary","deSousa_etal_2010","brain_mass_g","mass_measured","mass_fresh","Brain_Mass_measured"
"Pan troglodytes","Brain_Mass","g",420,"420","g","10.1016%2Fj.jhevol.2009.11.011_Table1.tsv","deSousa","2010","Zilles","primary","deSousa_etal_2010","brain_mass_g","mass_measured","mass_fresh","Brain_Mass_measured"
"Pan paniscus","Brain_Mass","g",392,"392","g","10.1016%2Fj.jhevol.2009.11.011_Table1.tsv","deSousa","2010","Zilles","primary","deSousa_etal_2010","brain_mass_g","mass_measured","mass_fresh","Brain_Mass_measured"
"Pan paniscus","Brain_Mass","g",324,"324","g","10.1016%2Fj.jhevol.2009.11.011_Table1.tsv","deSousa","2010","Zilles","primary","deSousa_etal_2010","brain_mass_g","mass_measured","mass_fresh","Brain_Mass_measured"
"Pan paniscus","Brain_Mass","g",337,"337","g","10.1016%2Fj.jhevol.2009.11.011_Table1.tsv","deSousa","2010","Zilles","primary","deSousa_etal_2010","brain_mass_g","mass_measured","mass_fresh","Brain_Mass_measured"
"Gorilla gorilla","Brain_Mass","g",376,"376","g","10.1016%2Fj.jhevol.2009.11.011_Table1.tsv","deSousa","2010","Zilles","primary","deSousa_etal_2010","brain_mass_g","mass_measured","mass_fresh","Brain_Mass_measured"
"Gorilla gorilla","Brain_Mass","g",450,"450","g","10.1016%2Fj.jhevol.2009.11.011_Table1.tsv","deSousa","2010","Zilles","primary","deSousa_etal_2010","brain_mass_g","mass_measured","mass_fresh","Brain_Mass_measured"
"Pongo pygmaeus","Brain_Mass","g",440,"440","g","10.1016%2Fj.jhevol.2009.11.011_Table1.tsv","deSousa","2010","Zilles","primary","deSousa_etal_2010","brain_mass_g","mass_measured","mass_fresh","Brain_Mass_measured"
"Pongo pygmaeus","Brain_Mass","g",369,"369","g","10.1016%2Fj.jhevol.2009.11.011_Table1.tsv","deSousa","2010","Zilles","primary","deSousa_etal_2010","brain_mass_g","mass_measured","mass_fresh","Brain_Mass_measured"
"Pongo pygmaeus","Brain_Mass","g",345,"345","g","10.1016%2Fj.jhevol.2009.11.011_Table1.tsv","deSousa","2010","Zilles","primary","deSousa_etal_2010","brain_mass_g","mass_measured","mass_fresh","Brain_Mass_measured"
"Hylobates lar","Brain_Mass","g",92,"92","g","10.1016%2Fj.jhevol.2009.11.011_Table1.tsv","deSousa","2010","Zilles","primary","deSousa_etal_2010","brain_mass_g","mass_measured","mass_fresh","Brain_Mass_measured"
"Hylobates lar","Brain_Mass","g",120,"120","g","10.1016%2Fj.jhevol.2009.11.011_Table1.tsv","deSousa","2010","Zilles","primary","deSousa_etal_2010","brain_mass_g","mass_measured","mass_fresh","Brain_Mass_measured"
"Symphalangus syndactylus","Brain_Mass","g",138.7,"138.7","g","10.1016%2Fj.jhevol.2009.11.011_Table1.tsv","deSousa","2010","Zilles","primary","deSousa_etal_2010","brain_mass_g","mass_measured","mass_fresh","Brain_Mass_measured"
"Macaca fascicularis","Brain_Mass","g",57.6,"57.6","g","10.1016%2Fj.jhevol.2009.11.011_Table1.tsv","deSousa","2010","Zilles","primary","deSousa_etal_2010","brain_mass_g","mass_measured","mass_fresh","Brain_Mass_measured"
"Homo sapiens","Brain_Mass","g",1639.6,"1639600","mg","10.1016%2Fj.jhevol.2012.12.003_Table1.tsv","Bauernfeind","2013","Zilles","primary","Bauernfeind_etal_2013","brain_mass_mg","mass_measured","mass_unspecified","Brain_Mass_measured"
"Homo sapiens","Brain_Mass","g",1483,"1483000","mg","10.1016%2Fj.jhevol.2012.12.003_Table1.tsv","Bauernfeind","2013","Zilles","primary","Bauernfeind_etal_2013","brain_mass_mg","mass_measured","mass_unspecified","Brain_Mass_measured"
"Homo sapiens","Brain_Mass","g",1349,"1349000","mg","10.1016%2Fj.jhevol.2012.12.003_Table1.tsv","Bauernfeind","2013","Zilles","primary","Bauernfeind_etal_2013","brain_mass_mg","mass_measured","mass_unspecified","Brain_Mass_measured"
"Homo sapiens","Brain_Mass","g",1320,"1320000","mg","10.1016%2Fj.jhevol.2012.12.003_Table1.tsv","Bauernfeind","2013","Zilles","primary","Bauernfeind_etal_2013","brain_mass_mg","mass_measured","mass_unspecified","Brain_Mass_measured"
"Homo sapiens","Brain_Mass","g",1242,"1242000","mg","10.1016%2Fj.jhevol.2012.12.003_Table1.tsv","Bauernfeind","2013","Zilles","primary","Bauernfeind_etal_2013","brain_mass_mg","mass_measured","mass_unspecified","Brain_Mass_measured"
"Pan paniscus","Brain_Mass","g",395,"395000","mg","10.1016%2Fj.jhevol.2012.12.003_Table1.tsv","Bauernfeind","2013","Zilles","primary","Bauernfeind_etal_2013","brain_mass_mg","mass_measured","mass_unspecified","Brain_Mass_measured"
"Pan paniscus","Brain_Mass","g",337,"337000","mg","10.1016%2Fj.jhevol.2012.12.003_Table1.tsv","Bauernfeind","2013","Zilles","primary","Bauernfeind_etal_2013","brain_mass_mg","mass_measured","mass_unspecified","Brain_Mass_measured"
"Pan paniscus","Brain_Mass","g",324,"324000","mg","10.1016%2Fj.jhevol.2012.12.003_Table1.tsv","Bauernfeind","2013","Zilles","primary","Bauernfeind_etal_2013","brain_mass_mg","mass_measured","mass_unspecified","Brain_Mass_measured"
"Pan troglodytes","Brain_Mass","g",374,"374000","mg","10.1016%2Fj.jhevol.2012.12.003_Table1.tsv","Bauernfeind","2013","Zilles","primary","Bauernfeind_etal_2013","brain_mass_mg","mass_measured","mass_unspecified","Brain_Mass_measured"
"Pan troglodytes","Brain_Mass","g",341.2,"341200","mg","10.1016%2Fj.jhevol.2012.12.003_Table1.tsv","Bauernfeind","2013","Zilles","primary","Bauernfeind_etal_2013","brain_mass_mg","mass_measured","mass_unspecified","Brain_Mass_measured"
"Pan troglodytes","Brain_Mass","g",312.9,"312900","mg","10.1016%2Fj.jhevol.2012.12.003_Table1.tsv","Bauernfeind","2013","Zilles","primary","Bauernfeind_etal_2013","brain_mass_mg","mass_measured","mass_unspecified","Brain_Mass_measured"
"Gorilla gorilla","Brain_Mass","g",450,"450000","mg","10.1016%2Fj.jhevol.2012.12.003_Table1.tsv","Bauernfeind","2013","Zilles","primary","Bauernfeind_etal_2013","brain_mass_mg","mass_measured","mass_unspecified","Brain_Mass_measured"
"Gorilla gorilla","Brain_Mass","g",420,"420000","mg","10.1016%2Fj.jhevol.2012.12.003_Table1.tsv","Bauernfeind","2013","Zilles","primary","Bauernfeind_etal_2013","brain_mass_mg","mass_measured","mass_unspecified","Brain_Mass_measured"
"Gorilla gorilla","Brain_Mass","g",419,"419000","mg","10.1016%2Fj.jhevol.2012.12.003_Table1.tsv","Bauernfeind","2013","Zilles","primary","Bauernfeind_etal_2013","brain_mass_mg","mass_measured","mass_unspecified","Brain_Mass_measured"
"Gorilla gorilla","Brain_Mass","g",376,"376000","mg","10.1016%2Fj.jhevol.2012.12.003_Table1.tsv","Bauernfeind","2013","Zilles","primary","Bauernfeind_etal_2013","brain_mass_mg","mass_measured","mass_unspecified","Brain_Mass_measured"
"Pongo sp.","Brain_Mass","g",358,"358000","mg","10.1016%2Fj.jhevol.2012.12.003_Table1.tsv","Bauernfeind","2013","Zilles","primary","Bauernfeind_etal_2013","brain_mass_mg","mass_measured","mass_unspecified","Brain_Mass_measured"
"Pongo sp.","Brain_Mass","g",333.8,"333800","mg","10.1016%2Fj.jhevol.2012.12.003_Table1.tsv","Bauernfeind","2013","Zilles","primary","Bauernfeind_etal_2013","brain_mass_mg","mass_measured","mass_unspecified","Brain_Mass_measured"
"Pongo pygmaeus","Brain_Mass","g",376,"376000","mg","10.1016%2Fj.jhevol.2012.12.003_Table1.tsv","Bauernfeind","2013","Zilles","primary","Bauernfeind_etal_2013","brain_mass_mg","mass_measured","mass_unspecified","Brain_Mass_measured"
"Pongo pygmaeus","Brain_Mass","g",345,"345000","mg","10.1016%2Fj.jhevol.2012.12.003_Table1.tsv","Bauernfeind","2013","Zilles","primary","Bauernfeind_etal_2013","brain_mass_mg","mass_measured","mass_unspecified","Brain_Mass_measured"
"Hylobates muelleri","Brain_Mass","g",101.8,"101800","mg","10.1016%2Fj.jhevol.2012.12.003_Table1.tsv","Bauernfeind","2013","Zilles","primary","Bauernfeind_etal_2013","brain_mass_mg","mass_measured","mass_unspecified","Brain_Mass_measured"
"Hylobates lar","Brain_Mass","g",92,"92000","mg","10.1016%2Fj.jhevol.2012.12.003_Table1.tsv","Bauernfeind","2013","Zilles","primary","Bauernfeind_etal_2013","brain_mass_mg","mass_measured","mass_unspecified","Brain_Mass_measured"
"Symphalangus syndactylus","Brain_Mass","g",138.7,"138700","mg","10.1016%2Fj.jhevol.2012.12.003_Table1.tsv","Bauernfeind","2013","Zilles","primary","Bauernfeind_etal_2013","brain_mass_mg","mass_measured","mass_unspecified","Brain_Mass_measured"
"Cercopithecus mitis","Brain_Mass","g",71.6,"71600","mg","10.1016%2Fj.jhevol.2012.12.003_Table1.tsv","Bauernfeind","2013","Zilles","primary","Bauernfeind_etal_2013","brain_mass_mg","mass_measured","mass_unspecified","Brain_Mass_measured"
"Cercocebus agilis","Brain_Mass","g",95.3,"95300","mg","10.1016%2Fj.jhevol.2012.12.003_Table1.tsv","Bauernfeind","2013","Zilles","primary","Bauernfeind_etal_2013","brain_mass_mg","mass_measured","mass_unspecified","Brain_Mass_measured"
"Lophocebus albigena","Brain_Mass","g",110.5,"110500","mg","10.1016%2Fj.jhevol.2012.12.003_Table1.tsv","Bauernfeind","2013","Zilles","primary","Bauernfeind_etal_2013","brain_mass_mg","mass_measured","mass_unspecified","Brain_Mass_measured"
"Macaca maura","Brain_Mass","g",83.3,"83300","mg","10.1016%2Fj.jhevol.2012.12.003_Table1.tsv","Bauernfeind","2013","Zilles","primary","Bauernfeind_etal_2013","brain_mass_mg","mass_measured","mass_unspecified","Brain_Mass_measured"
"Colobus angolensis","Brain_Mass","g",74.4,"74400","mg","10.1016%2Fj.jhevol.2012.12.003_Table1.tsv","Bauernfeind","2013","Zilles","primary","Bauernfeind_etal_2013","brain_mass_mg","mass_measured","mass_unspecified","Brain_Mass_measured"
"Piliocolobus badius","Brain_Mass","g",75,"75000","mg","10.1016%2Fj.jhevol.2012.12.003_Table1.tsv","Bauernfeind","2013","Zilles","primary","Bauernfeind_etal_2013","brain_mass_mg","mass_measured","mass_unspecified","Brain_Mass_measured"
"Trachypithecus francoisi","Brain_Mass","g",102.1,"102100","mg","10.1016%2Fj.jhevol.2012.12.003_Table1.tsv","Bauernfeind","2013","Zilles","primary","Bauernfeind_etal_2013","brain_mass_mg","mass_measured","mass_unspecified","Brain_Mass_measured"
"Alouatta caraya","Brain_Mass","g",55.8,"55800","mg","10.1016%2Fj.jhevol.2012.12.003_Table1.tsv","Bauernfeind","2013","Zilles","primary","Bauernfeind_etal_2013","brain_mass_mg","mass_measured","mass_unspecified","Brain_Mass_measured"
"Ateles geoffroyi","Brain_Mass","g",106.4,"106400","mg","10.1016%2Fj.jhevol.2012.12.003_Table1.tsv","Bauernfeind","2013","Zilles","primary","Bauernfeind_etal_2013","brain_mass_mg","mass_measured","mass_unspecified","Brain_Mass_measured"
"Callithrix pygmaea","Brain_Mass","g",4.2,"4200","mg","10.1016%2Fj.jhevol.2012.12.003_Table1.tsv","Bauernfeind","2013","Zilles","primary","Bauernfeind_etal_2013","brain_mass_mg","mass_measured","mass_unspecified","Brain_Mass_measured"
"Leontopithecus rosalia","Brain_Mass","g",12.7,"12700","mg","10.1016%2Fj.jhevol.2012.12.003_Table1.tsv","Bauernfeind","2013","Zilles","primary","Bauernfeind_etal_2013","brain_mass_mg","mass_measured","mass_unspecified","Brain_Mass_measured"
"Saguinus geoffroyi","Brain_Mass","g",10.5,"10500","mg","10.1016%2Fj.jhevol.2012.12.003_Table1.tsv","Bauernfeind","2013","Zilles","primary","Bauernfeind_etal_2013","brain_mass_mg","mass_measured","mass_unspecified","Brain_Mass_measured"
"Saguinus oedipus","Brain_Mass","g",9.3,"9300","mg","10.1016%2Fj.jhevol.2012.12.003_Table1.tsv","Bauernfeind","2013","Zilles","primary","Bauernfeind_etal_2013","brain_mass_mg","mass_measured","mass_unspecified","Brain_Mass_measured"
"Cebus albifrons","Brain_Mass","g",79.8,"79800","mg","10.1016%2Fj.jhevol.2012.12.003_Table1.tsv","Bauernfeind","2013","Zilles","primary","Bauernfeind_etal_2013","brain_mass_mg","mass_measured","mass_unspecified","Brain_Mass_measured"
"Pithecia pithecia","Brain_Mass","g",30,"30000","mg","10.1016%2Fj.jhevol.2012.12.003_Table1.tsv","Bauernfeind","2013","Zilles","primary","Bauernfeind_etal_2013","brain_mass_mg","mass_measured","mass_unspecified","Brain_Mass_measured"
"Avahi laniger","Brain_Mass","g",9.6,"9600","mg","10.1016%2Fj.jhevol.2012.12.003_Table1.tsv","Bauernfeind","2013","Zilles","primary","Bauernfeind_etal_2013","brain_mass_mg","mass_measured","mass_unspecified","Brain_Mass_measured"
"Indri indri","Brain_Mass","g",33.7,"33700","mg","10.1016%2Fj.jhevol.2012.12.003_Table1.tsv","Bauernfeind","2013","Zilles","primary","Bauernfeind_etal_2013","brain_mass_mg","mass_measured","mass_unspecified","Brain_Mass_measured"
"Varecia variegata","Brain_Mass","g",31.5,"31500","mg","10.1016%2Fj.jhevol.2012.12.003_Table1.tsv","Bauernfeind","2013","Zilles","primary","Bauernfeind_etal_2013","brain_mass_mg","mass_measured","mass_unspecified","Brain_Mass_measured"
"Perodicticus potto","Brain_Mass","g",11.5,"11500","mg","10.1016%2Fj.jhevol.2012.12.003_Table1.tsv","Bauernfeind","2013","Zilles","primary","Bauernfeind_etal_2013","brain_mass_mg","mass_measured","mass_unspecified","Brain_Mass_measured"
"Galagoides demidoff","Brain_Mass","g",3.3,"3300","mg","10.1016%2Fj.jhevol.2012.12.003_Table1.tsv","Bauernfeind","2013","Zilles","primary","Bauernfeind_etal_2013","brain_mass_mg","mass_measured","mass_unspecified","Brain_Mass_measured"
"Loris tardigradus","Brain_Mass","g",6.9,"6900","mg","10.1016%2Fj.jhevol.2012.12.003_Table1.tsv","Bauernfeind","2013","Zilles","primary","Bauernfeind_etal_2013","brain_mass_mg","mass_measured","mass_unspecified","Brain_Mass_measured"
"Platanista gangetica","Brain_Mass","g",295,"295","g","10.1017%2FS1464793106007019_Table1.tsv","Manger","2006","Manger","secondary","Manger__2006","brain_mass_g","mass_measured","mass_compilation_unspecified","Brain_Mass_measured"
"Platanista minor","Brain_Mass","g",164,"164","g","10.1017%2FS1464793106007019_Table1.tsv","Manger","2006","Manger","secondary","Manger__2006","brain_mass_g","mass_measured","mass_compilation_unspecified","Brain_Mass_measured"
"Lipotes vexillifer","Brain_Mass","g",558,"558","g","10.1017%2FS1464793106007019_Table1.tsv","Manger","2006","Manger","secondary","Manger__2006","brain_mass_g","mass_measured","mass_compilation_unspecified","Brain_Mass_measured"
"Pontoporia blainvillei","Brain_Mass","g",220,"220","g","10.1017%2FS1464793106007019_Table1.tsv","Manger","2006","Manger","secondary","Manger__2006","brain_mass_g","mass_measured","mass_compilation_unspecified","Brain_Mass_measured"
"Inia geoffrensis","Brain_Mass","g",610,"610","g","10.1017%2FS1464793106007019_Table1.tsv","Manger","2006","Manger","secondary","Manger__2006","brain_mass_g","mass_measured","mass_compilation_unspecified","Brain_Mass_measured"
"Delphinapterus leucas","Brain_Mass","g",2083,"2083","g","10.1017%2FS1464793106007019_Table1.tsv","Manger","2006","Manger","secondary","Manger__2006","brain_mass_g","mass_measured","mass_compilation_unspecified","Brain_Mass_measured"
"Monodon monoceros","Brain_Mass","g",2997,"2997","g","10.1017%2FS1464793106007019_Table1.tsv","Manger","2006","Manger","secondary","Manger__2006","brain_mass_g","mass_measured","mass_compilation_unspecified","Brain_Mass_measured"
"Phocoena phocoena","Brain_Mass","g",477,"477","g","10.1017%2FS1464793106007019_Table1.tsv","Manger","2006","Manger","secondary","Manger__2006","brain_mass_g","mass_measured","mass_compilation_unspecified","Brain_Mass_measured"
"Neophocaena phocaenoides","Brain_Mass","g",468,"468","g","10.1017%2FS1464793106007019_Table1.tsv","Manger","2006","Manger","secondary","Manger__2006","brain_mass_g","mass_measured","mass_compilation_unspecified","Brain_Mass_measured"
"Neophocaena asiaeorientalis","Brain_Mass","g",422,"422","g","10.1017%2FS1464793106007019_Table1.tsv","Manger","2006","Manger","secondary","Manger__2006","brain_mass_g","mass_measured","mass_compilation_unspecified","Brain_Mass_measured"
"Phocoenoides dalli","Brain_Mass","g",867,"867","g","10.1017%2FS1464793106007019_Table1.tsv","Manger","2006","Manger","secondary","Manger__2006","brain_mass_g","mass_measured","mass_compilation_unspecified","Brain_Mass_measured"
"Phocoenoides truei","Brain_Mass","g",876,"876","g","10.1017%2FS1464793106007019_Table1.tsv","Manger","2006","Manger","secondary","Manger__2006","brain_mass_g","mass_measured","mass_compilation_unspecified","Brain_Mass_measured"
"Sotalia fluviatilis","Brain_Mass","g",688,"688","g","10.1017%2FS1464793106007019_Table1.tsv","Manger","2006","Manger","secondary","Manger__2006","brain_mass_g","mass_measured","mass_compilation_unspecified","Brain_Mass_measured"
"Lagenorhynchus albirostris","Brain_Mass","g",1126,"1126","g","10.1017%2FS1464793106007019_Table1.tsv","Manger","2006","Manger","secondary","Manger__2006","brain_mass_g","mass_measured","mass_compilation_unspecified","Brain_Mass_measured"
"Lagenorhynchus acutus","Brain_Mass","g",1200,"1200","g","10.1017%2FS1464793106007019_Table1.tsv","Manger","2006","Manger","secondary","Manger__2006","brain_mass_g","mass_measured","mass_compilation_unspecified","Brain_Mass_measured"
"Lagenorhynchus obliquidens","Brain_Mass","g",1140,"1140","g","10.1017%2FS1464793106007019_Table1.tsv","Manger","2006","Manger","secondary","Manger__2006","brain_mass_g","mass_measured","mass_compilation_unspecified","Brain_Mass_measured"
"Grampus griseus","Brain_Mass","g",2551,"2551","g","10.1017%2FS1464793106007019_Table1.tsv","Manger","2006","Manger","secondary","Manger__2006","brain_mass_g","mass_measured","mass_compilation_unspecified","Brain_Mass_measured"
"Tursiops truncatus","Brain_Mass","g",1530,"1530","g","10.1017%2FS1464793106007019_Table1.tsv","Manger","2006","Manger","secondary","Manger__2006","brain_mass_g","mass_measured","mass_compilation_unspecified","Brain_Mass_measured"
"Stenella coeruleoalba","Brain_Mass","g",820,"820","g","10.1017%2FS1464793106007019_Table1.tsv","Manger","2006","Manger","secondary","Manger__2006","brain_mass_g","mass_measured","mass_compilation_unspecified","Brain_Mass_measured"
"Delphinus delphis","Brain_Mass","g",765,"765","g","10.1017%2FS1464793106007019_Table1.tsv","Manger","2006","Manger","secondary","Manger__2006","brain_mass_g","mass_measured","mass_compilation_unspecified","Brain_Mass_measured"
"Orcinus orca","Brain_Mass","g",5617,"5617","g","10.1017%2FS1464793106007019_Table1.tsv","Manger","2006","Manger","secondary","Manger__2006","brain_mass_g","mass_measured","mass_compilation_unspecified","Brain_Mass_measured"
"Globicephala melas","Brain_Mass","g",2673,"2673","g","10.1017%2FS1464793106007019_Table1.tsv","Manger","2006","Manger","secondary","Manger__2006","brain_mass_g","mass_measured","mass_compilation_unspecified","Brain_Mass_measured"
"Ziphius cavirostris","Brain_Mass","g",2004,"2004","g","10.1017%2FS1464793106007019_Table1.tsv","Manger","2006","Manger","secondary","Manger__2006","brain_mass_g","mass_measured","mass_compilation_unspecified","Brain_Mass_measured"
"Mesoplodon mirus","Brain_Mass","g",2355,"2355","g","10.1017%2FS1464793106007019_Table1.tsv","Manger","2006","Manger","secondary","Manger__2006","brain_mass_g","mass_measured","mass_compilation_unspecified","Brain_Mass_measured"
"Mesoplodon europaeus","Brain_Mass","g",2149,"2149","g","10.1017%2FS1464793106007019_Table1.tsv","Manger","2006","Manger","secondary","Manger__2006","brain_mass_g","mass_measured","mass_compilation_unspecified","Brain_Mass_measured"
"Mesoplodon densirostris","Brain_Mass","g",1463,"1463","g","10.1017%2FS1464793106007019_Table1.tsv","Manger","2006","Manger","secondary","Manger__2006","brain_mass_g","mass_measured","mass_compilation_unspecified","Brain_Mass_measured"
"Kogia breviceps","Brain_Mass","g",1012,"1012","g","10.1017%2FS1464793106007019_Table1.tsv","Manger","2006","Manger","secondary","Manger__2006","brain_mass_g","mass_measured","mass_compilation_unspecified","Brain_Mass_measured"
"Kogia simus","Brain_Mass","g",622,"622","g","10.1017%2FS1464793106007019_Table1.tsv","Manger","2006","Manger","secondary","Manger__2006","brain_mass_g","mass_measured","mass_compilation_unspecified","Brain_Mass_measured"
"Physeter catadon","Brain_Mass","g",7818,"7818","g","10.1017%2FS1464793106007019_Table1.tsv","Manger","2006","Manger","secondary","Manger__2006","brain_mass_g","mass_measured","mass_compilation_unspecified","Brain_Mass_measured"
"Eschrichtius robustus","Brain_Mass","g",4316.67,"4316.67","g","10.1017%2FS1464793106007019_Table1.tsv","Manger","2006","Manger","secondary","Manger__2006","brain_mass_g","mass_measured","mass_compilation_unspecified","Brain_Mass_measured"
"Balaenoptera borealis","Brain_Mass","g",4900,"4900","g","10.1017%2FS1464793106007019_Table1.tsv","Manger","2006","Manger","secondary","Manger__2006","brain_mass_g","mass_measured","mass_compilation_unspecified","Brain_Mass_measured"
"Balaenoptera physalus","Brain_Mass","g",7111.43,"7111.43","g","10.1017%2FS1464793106007019_Table1.tsv","Manger","2006","Manger","secondary","Manger__2006","brain_mass_g","mass_measured","mass_compilation_unspecified","Brain_Mass_measured"
"Balaenoptera musculus","Brain_Mass","g",3636,"3636","g","10.1017%2FS1464793106007019_Table1.tsv","Manger","2006","Manger","secondary","Manger__2006","brain_mass_g","mass_measured","mass_compilation_unspecified","Brain_Mass_measured"
"Megaptera novaeangliae","Brain_Mass","g",6439,"6439","g","10.1017%2FS1464793106007019_Table1.tsv","Manger","2006","Manger","secondary","Manger__2006","brain_mass_g","mass_measured","mass_compilation_unspecified","Brain_Mass_measured"
"Bathyergus suillus","Brain_Mass","g",3.78,"3.78","g","10.1038%2Fs41598-018-26062-8_TableS1.tsv","Kverkova","2018","Kverkova","secondary","Kverkova_etal_2018","Brain_Mass.g","sum_of_parts_incl_ob","sum_of_structure_volumes","Brain_size_sum_of_structures"
"Cryptomys hottentotus","Brain_Mass","g",0.85,"0.85","g","10.1038%2Fs41598-018-26062-8_TableS1.tsv","Kverkova","2018","Kverkova","secondary","Kverkova_etal_2018","Brain_Mass.g","sum_of_parts_incl_ob","sum_of_structure_volumes","Brain_size_sum_of_structures"
"Cryptomys hottentotus natalensis","Brain_Mass","g",1.24,"1.24","g","10.1038%2Fs41598-018-26062-8_TableS1.tsv","Kverkova","2018","Kverkova","secondary","Kverkova_etal_2018","Brain_Mass.g","sum_of_parts_incl_ob","sum_of_structure_volumes","Brain_size_sum_of_structures"
"Cryptomys hottentotus pretoriae","Brain_Mass","g",1.35,"1.35","g","10.1038%2Fs41598-018-26062-8_TableS1.tsv","Kverkova","2018","Kverkova","secondary","Kverkova_etal_2018","Brain_Mass.g","sum_of_parts_incl_ob","sum_of_structure_volumes","Brain_size_sum_of_structures"
"Fukomys anselli","Brain_Mass","g",1.25,"1.25","g","10.1038%2Fs41598-018-26062-8_TableS1.tsv","Kverkova","2018","Kverkova","secondary","Kverkova_etal_2018","Brain_Mass.g","sum_of_parts_incl_ob","sum_of_structure_volumes","Brain_size_sum_of_structures"
"Fukomys damarensis","Brain_Mass","g",1.39,"1.39","g","10.1038%2Fs41598-018-26062-8_TableS1.tsv","Kverkova","2018","Kverkova","secondary","Kverkova_etal_2018","Brain_Mass.g","sum_of_parts_incl_ob","sum_of_structure_volumes","Brain_size_sum_of_structures"
"Fukomys darlingi","Brain_Mass","g",1.23,"1.23","g","10.1038%2Fs41598-018-26062-8_TableS1.tsv","Kverkova","2018","Kverkova","secondary","Kverkova_etal_2018","Brain_Mass.g","sum_of_parts_incl_ob","sum_of_structure_volumes","Brain_size_sum_of_structures"
"Fukomys mechowii","Brain_Mass","g",2.15,"2.15","g","10.1038%2Fs41598-018-26062-8_TableS1.tsv","Kverkova","2018","Kverkova","secondary","Kverkova_etal_2018","Brain_Mass.g","sum_of_parts_incl_ob","sum_of_structure_volumes","Brain_size_sum_of_structures"
"Georychus capensis","Brain_Mass","g",1.65,"1.65","g","10.1038%2Fs41598-018-26062-8_TableS1.tsv","Kverkova","2018","Kverkova","secondary","Kverkova_etal_2018","Brain_Mass.g","sum_of_parts_incl_ob","sum_of_structure_volumes","Brain_size_sum_of_structures"
"Heliophobius argenteocinereus","Brain_Mass","g",1.65,"1.65","g","10.1038%2Fs41598-018-26062-8_TableS1.tsv","Kverkova","2018","Kverkova","secondary","Kverkova_etal_2018","Brain_Mass.g","sum_of_parts_incl_ob","sum_of_structure_volumes","Brain_size_sum_of_structures"
"Heterocephalus glaber","Brain_Mass","g",0.44,"0.44","g","10.1038%2Fs41598-018-26062-8_TableS1.tsv","Kverkova","2018","Kverkova","secondary","Kverkova_etal_2018","Brain_Mass.g","sum_of_parts_incl_ob","sum_of_structure_volumes","Brain_size_sum_of_structures"
"Orycteropus afer","Brain_Mass","g",72,"72","g","10.1073%2Fpnas.0905777106_TableS1.tsv","Garwicz","2009","Garwicz","secondary","Garwicz_etal_2009","Absolute Brain Mass (g)","mass_measured","mass_compilation_unspecified","Brain_Mass_measured"
"Dasypus novemcinctus","Brain_Mass","g",12,"12","g","10.1073%2Fpnas.0905777106_TableS1.tsv","Garwicz","2009","Garwicz","secondary","Garwicz_etal_2009","Absolute Brain Mass (g)","mass_measured","mass_compilation_unspecified","Brain_Mass_measured"
"Camelus dromedarius","Brain_Mass","g",762,"762","g","10.1073%2Fpnas.0905777106_TableS1.tsv","Garwicz","2009","Garwicz","secondary","Garwicz_etal_2009","Absolute Brain Mass (g)","mass_measured","mass_compilation_unspecified","Brain_Mass_measured"
"Felis catus","Brain_Mass","g",28.4,"28.4","g","10.1073%2Fpnas.0905777106_TableS1.tsv","Garwicz","2009","Garwicz","secondary","Garwicz_etal_2009","Absolute Brain Mass (g)","mass_measured","mass_compilation_unspecified","Brain_Mass_measured"
"Pan troglodytes","Brain_Mass","g",382,"382","g","10.1073%2Fpnas.0905777106_TableS1.tsv","Garwicz","2009","Garwicz","secondary","Garwicz_etal_2009","Absolute Brain Mass (g)","mass_measured","mass_compilation_unspecified","Brain_Mass_measured"
"Axis axis","Brain_Mass","g",219,"219","g","10.1073%2Fpnas.0905777106_TableS1.tsv","Garwicz","2009","Garwicz","secondary","Garwicz_etal_2009","Absolute Brain Mass (g)","mass_measured","mass_compilation_unspecified","Brain_Mass_measured"
"Bos taurus","Brain_Mass","g",456,"456","g","10.1073%2Fpnas.0905777106_TableS1.tsv","Garwicz","2009","Garwicz","secondary","Garwicz_etal_2009","Absolute Brain Mass (g)","mass_measured","mass_compilation_unspecified","Brain_Mass_measured"
"Canis lupus familiaris","Brain_Mass","g",70.2,"70.2","g","10.1073%2Fpnas.0905777106_TableS1.tsv","Garwicz","2009","Garwicz","secondary","Garwicz_etal_2009","Absolute Brain Mass (g)","mass_measured","mass_compilation_unspecified","Brain_Mass_measured"
"Loxodonta africana","Brain_Mass","g",4480,"4480","g","10.1073%2Fpnas.0905777106_TableS1.tsv","Garwicz","2009","Garwicz","secondary","Garwicz_etal_2009","Absolute Brain Mass (g)","mass_measured","mass_compilation_unspecified","Brain_Mass_measured"
"Elephantulus myurus","Brain_Mass","g",1.37,"1.37","g","10.1073%2Fpnas.0905777106_TableS1.tsv","Garwicz","2009","Garwicz","secondary","Garwicz_etal_2009","Absolute Brain Mass (g)","mass_measured","mass_compilation_unspecified","Brain_Mass_measured"
"Cervus canadensis","Brain_Mass","g",435,"435","g","10.1073%2Fpnas.0905777106_TableS1.tsv","Garwicz","2009","Garwicz","secondary","Garwicz_etal_2009","Absolute Brain Mass (g)","mass_measured","mass_compilation_unspecified","Brain_Mass_measured"
"Mustela putorius furo","Brain_Mass","g",7.1,"7.1","g","10.1073%2Fpnas.0905777106_TableS1.tsv","Garwicz","2009","Garwicz","secondary","Garwicz_etal_2009","Absolute Brain Mass (g)","mass_measured","mass_compilation_unspecified","Brain_Mass_measured"
"Gorilla gorilla","Brain_Mass","g",500,"500","g","10.1073%2Fpnas.0905777106_TableS1.tsv","Garwicz","2009","Garwicz","secondary","Garwicz_etal_2009","Absolute Brain Mass (g)","mass_measured","mass_compilation_unspecified","Brain_Mass_measured"
"Cavia porcellus","Brain_Mass","g",4,"4","g","10.1073%2Fpnas.0905777106_TableS1.tsv","Garwicz","2009","Garwicz","secondary","Garwicz_etal_2009","Absolute Brain Mass (g)","mass_measured","mass_compilation_unspecified","Brain_Mass_measured"
"Mesocricetus auratus","Brain_Mass","g",1.12,"1.12","g","10.1073%2Fpnas.0905777106_TableS1.tsv","Garwicz","2009","Garwicz","secondary","Garwicz_etal_2009","Absolute Brain Mass (g)","mass_measured","mass_compilation_unspecified","Brain_Mass_measured"
"Erinaceus europaeus","Brain_Mass","g",3.5,"3.5","g","10.1073%2Fpnas.0905777106_TableS1.tsv","Garwicz","2009","Garwicz","secondary","Garwicz_etal_2009","Absolute Brain Mass (g)","mass_measured","mass_compilation_unspecified","Brain_Mass_measured"
"Hippopotamus amphibius","Brain_Mass","g",590,"590","g","10.1073%2Fpnas.0905777106_TableS1.tsv","Garwicz","2009","Garwicz","secondary","Garwicz_etal_2009","Absolute Brain Mass (g)","mass_measured","mass_compilation_unspecified","Brain_Mass_measured"
"Equus caballus","Brain_Mass","g",585,"585","g","10.1073%2Fpnas.0905777106_TableS1.tsv","Garwicz","2009","Garwicz","secondary","Garwicz_etal_2009","Absolute Brain Mass (g)","mass_measured","mass_compilation_unspecified","Brain_Mass_measured"
"Homo sapiens","Brain_Mass","g",1350,"1350","g","10.1073%2Fpnas.0905777106_TableS1.tsv","Garwicz","2009","Garwicz","secondary","Garwicz_etal_2009","Absolute Brain Mass (g)","mass_measured","mass_compilation_unspecified","Brain_Mass_measured"
"Macaca mulatta","Brain_Mass","g",93.8,"93.8","g","10.1073%2Fpnas.0905777106_TableS1.tsv","Garwicz","2009","Garwicz","secondary","Garwicz_etal_2009","Absolute Brain Mass (g)","mass_measured","mass_compilation_unspecified","Brain_Mass_measured"
"Mus musculus","Brain_Mass","g",0.45,"0.45","g","10.1073%2Fpnas.0905777106_TableS1.tsv","Garwicz","2009","Garwicz","secondary","Garwicz_etal_2009","Absolute Brain Mass (g)","mass_measured","mass_compilation_unspecified","Brain_Mass_measured"
"Rattus norvegicus","Brain_Mass","g",2,"2","g","10.1073%2Fpnas.0905777106_TableS1.tsv","Garwicz","2009","Garwicz","secondary","Garwicz_etal_2009","Absolute Brain Mass (g)","mass_measured","mass_compilation_unspecified","Brain_Mass_measured"
"Ovis aries","Brain_Mass","g",140,"140","g","10.1073%2Fpnas.0905777106_TableS1.tsv","Garwicz","2009","Garwicz","secondary","Garwicz_etal_2009","Absolute Brain Mass (g)","mass_measured","mass_compilation_unspecified","Brain_Mass_measured"
"Tupaia belangeri","Brain_Mass","g",3.15,"3.15","g","10.1073%2Fpnas.0905777106_TableS1.tsv","Garwicz","2009","Garwicz","secondary","Garwicz_etal_2009","Absolute Brain Mass (g)","mass_measured","mass_compilation_unspecified","Brain_Mass_measured"
"Papio cynocephalus anubis","Brain_Mass","g",173.4,"173.4","g","10.1073%2Fpnas.1318894110_Table1.tsv","Young","2013","Young","info","Young_etal_2013","brain_weight_g","mass_measured","mass_unspecified","Brain_Mass_measured"
"Papio cynocephalus anubis","Brain_Mass","g",165.3,"165.3","g","10.1073%2Fpnas.1318894110_Table1.tsv","Young","2013","Young","info","Young_etal_2013","brain_weight_g","mass_measured","mass_unspecified","Brain_Mass_measured"
"Papio cynocephalus anubis","Brain_Mass","g",159.7,"159.7","g","10.1073%2Fpnas.1318894110_Table1.tsv","Young","2013","Young","info","Young_etal_2013","brain_weight_g","mass_measured","mass_unspecified","Brain_Mass_measured"
"Papio cynocephalus anubis","Brain_Mass","g",173.4,"173.4","g","10.1073%2Fpnas.1318894110_Table1.tsv","Young","2013","Young","info","Young_etal_2013","brain_weight_g","mass_measured","mass_unspecified","Brain_Mass_measured"
"Papio cynocephalus anubis","Brain_Mass","g",165.3,"165.3","g","10.1073%2Fpnas.1318894110_Table1.tsv","Young","2013","Young","info","Young_etal_2013","brain_weight_g","mass_measured","mass_unspecified","Brain_Mass_measured"
"Papio cynocephalus anubis","Brain_Mass","g",159.7,"159.7","g","10.1073%2Fpnas.1318894110_Table1.tsv","Young","2013","Young","info","Young_etal_2013","brain_weight_g","mass_measured","mass_unspecified","Brain_Mass_measured"
"Papio cynocephalus anubis","Brain_Mass","g",173.4,"173.4","g","10.1073%2Fpnas.1318894110_Table1.tsv","Young","2013","Young","info","Young_etal_2013","brain_weight_g","mass_measured","mass_unspecified","Brain_Mass_measured"
"Papio cynocephalus anubis","Brain_Mass","g",165.3,"165.3","g","10.1073%2Fpnas.1318894110_Table1.tsv","Young","2013","Young","info","Young_etal_2013","brain_weight_g","mass_measured","mass_unspecified","Brain_Mass_measured"
"Papio cynocephalus anubis","Brain_Mass","g",159.7,"159.7","g","10.1073%2Fpnas.1318894110_Table1.tsv","Young","2013","Young","info","Young_etal_2013","brain_weight_g","mass_measured","mass_unspecified","Brain_Mass_measured"
"Papio cynocephalus anubis","Brain_Mass","g",173.4,"173.4","g","10.1073%2Fpnas.1318894110_Table1.tsv","Young","2013","Young","info","Young_etal_2013","brain_weight_g","mass_measured","mass_unspecified","Brain_Mass_measured"
"Papio cynocephalus anubis","Brain_Mass","g",165.3,"165.3","g","10.1073%2Fpnas.1318894110_Table1.tsv","Young","2013","Young","info","Young_etal_2013","brain_weight_g","mass_measured","mass_unspecified","Brain_Mass_measured"
"Papio cynocephalus anubis","Brain_Mass","g",159.7,"159.7","g","10.1073%2Fpnas.1318894110_Table1.tsv","Young","2013","Young","info","Young_etal_2013","brain_weight_g","mass_measured","mass_unspecified","Brain_Mass_measured"
"Forpus passerinus","Brain_Mass","g",1.1464,"1.1464","g","10.1073%2Fpnas.1517131113_DatasetS1.tsv","Olkowicz","2016","Olkowicz","primary","Olkowicz_etal_2016","whole_brain_mass_g","mass_measured","mass_fixed","Brain_Mass_measured"
"Melopsittacus undulatus","Brain_Mass","g",1.3165,"1.3165","g","10.1073%2Fpnas.1517131113_DatasetS1.tsv","Olkowicz","2016","Olkowicz","primary","Olkowicz_etal_2016","whole_brain_mass_g","mass_measured","mass_fixed","Brain_Mass_measured"
"Nymphicus hollandicus","Brain_Mass","g",2.205266667,"2.20526666666667","g","10.1073%2Fpnas.1517131113_DatasetS1.tsv","Olkowicz","2016","Olkowicz","primary","Olkowicz_etal_2016","whole_brain_mass_g","mass_measured","mass_fixed","Brain_Mass_measured"
"Platycercus eximius","Brain_Mass","g",2.715866667,"2.71586666666667","g","10.1073%2Fpnas.1517131113_DatasetS1.tsv","Olkowicz","2016","Olkowicz","primary","Olkowicz_etal_2016","whole_brain_mass_g","mass_measured","mass_fixed","Brain_Mass_measured"
"Myiopsitta monachus","Brain_Mass","g",3.420433333,"3.42043333333333","g","10.1073%2Fpnas.1517131113_DatasetS1.tsv","Olkowicz","2016","Olkowicz","primary","Olkowicz_etal_2016","whole_brain_mass_g","mass_measured","mass_fixed","Brain_Mass_measured"
"Psittacula eupatria","Brain_Mass","g",5.699366667,"5.69936666666667","g","10.1073%2Fpnas.1517131113_DatasetS1.tsv","Olkowicz","2016","Olkowicz","primary","Olkowicz_etal_2016","whole_brain_mass_g","mass_measured","mass_fixed","Brain_Mass_measured"
"Cacatua goffini","Brain_Mass","g",8.2749,"8.2749","g","10.1073%2Fpnas.1517131113_DatasetS1.tsv","Olkowicz","2016","Olkowicz","primary","Olkowicz_etal_2016","whole_brain_mass_g","mass_measured","mass_fixed","Brain_Mass_measured"
"Psittacus erithacus","Brain_Mass","g",8.8273,"8.8273","g","10.1073%2Fpnas.1517131113_DatasetS1.tsv","Olkowicz","2016","Olkowicz","primary","Olkowicz_etal_2016","whole_brain_mass_g","mass_measured","mass_fixed","Brain_Mass_measured"
"Cacatua galerita","Brain_Mass","g",10.1307,"10.1307","g","10.1073%2Fpnas.1517131113_DatasetS1.tsv","Olkowicz","2016","Olkowicz","primary","Olkowicz_etal_2016","whole_brain_mass_g","mass_measured","mass_fixed","Brain_Mass_measured"
"Nestor notabilis","Brain_Mass","g",13.5916,"13.5916","g","10.1073%2Fpnas.1517131113_DatasetS1.tsv","Olkowicz","2016","Olkowicz","primary","Olkowicz_etal_2016","whole_brain_mass_g","mass_measured","mass_fixed","Brain_Mass_measured"
"Ara ararauna","Brain_Mass","g",20.7297,"20.7297","g","10.1073%2Fpnas.1517131113_DatasetS1.tsv","Olkowicz","2016","Olkowicz","primary","Olkowicz_etal_2016","whole_brain_mass_g","mass_measured","mass_fixed","Brain_Mass_measured"
"Regulus regulus","Brain_Mass","g",0.3566,"0.3566","g","10.1073%2Fpnas.1517131113_DatasetS1.tsv","Olkowicz","2016","Olkowicz","primary","Olkowicz_etal_2016","whole_brain_mass_g","mass_measured","mass_fixed","Brain_Mass_measured"
"Taenipygia guttata","Brain_Mass","g",0.4935,"0.4935","g","10.1073%2Fpnas.1517131113_DatasetS1.tsv","Olkowicz","2016","Olkowicz","primary","Olkowicz_etal_2016","whole_brain_mass_g","mass_measured","mass_fixed","Brain_Mass_measured"
"Sylvia atricapilla","Brain_Mass","g",0.7743,"0.7743","g","10.1073%2Fpnas.1517131113_DatasetS1.tsv","Olkowicz","2016","Olkowicz","primary","Olkowicz_etal_2016","whole_brain_mass_g","mass_measured","mass_fixed","Brain_Mass_measured"
"Parus major","Brain_Mass","g",0.9402666667,"0.940266666666667","g","10.1073%2Fpnas.1517131113_DatasetS1.tsv","Olkowicz","2016","Olkowicz","primary","Olkowicz_etal_2016","whole_brain_mass_g","mass_measured","mass_fixed","Brain_Mass_measured"
"Sturnus vulgaris","Brain_Mass","g",1.855266667,"1.85526666666667","g","10.1073%2Fpnas.1517131113_DatasetS1.tsv","Olkowicz","2016","Olkowicz","primary","Olkowicz_etal_2016","whole_brain_mass_g","mass_measured","mass_fixed","Brain_Mass_measured"
"Turdus merula","Brain_Mass","g",1.887233333,"1.88723333333333","g","10.1073%2Fpnas.1517131113_DatasetS1.tsv","Olkowicz","2016","Olkowicz","primary","Olkowicz_etal_2016","whole_brain_mass_g","mass_measured","mass_fixed","Brain_Mass_measured"
"Cyanopica cyanus","Brain_Mass","g",3.39265,"3.39265","g","10.1073%2Fpnas.1517131113_DatasetS1.tsv","Olkowicz","2016","Olkowicz","primary","Olkowicz_etal_2016","whole_brain_mass_g","mass_measured","mass_fixed","Brain_Mass_measured"
"Gracula religiosa","Brain_Mass","g",3.6696,"3.6696","g","10.1073%2Fpnas.1517131113_DatasetS1.tsv","Olkowicz","2016","Olkowicz","primary","Olkowicz_etal_2016","whole_brain_mass_g","mass_measured","mass_fixed","Brain_Mass_measured"
"Garrulus glandarius","Brain_Mass","g",4.596833333,"4.59683333333333","g","10.1073%2Fpnas.1517131113_DatasetS1.tsv","Olkowicz","2016","Olkowicz","primary","Olkowicz_etal_2016","whole_brain_mass_g","mass_measured","mass_fixed","Brain_Mass_measured"
"Pica pica","Brain_Mass","g",5.425266667,"5.42526666666667","g","10.1073%2Fpnas.1517131113_DatasetS1.tsv","Olkowicz","2016","Olkowicz","primary","Olkowicz_etal_2016","whole_brain_mass_g","mass_measured","mass_fixed","Brain_Mass_measured"
"Corvus mondeula","Brain_Mass","g",6.023266667,"6.02326666666667","g","10.1073%2Fpnas.1517131113_DatasetS1.tsv","Olkowicz","2016","Olkowicz","primary","Olkowicz_etal_2016","whole_brain_mass_g","mass_measured","mass_fixed","Brain_Mass_measured"
"Corvus frugilegus","Brain_Mass","g",8.357133333,"8.35713333333333","g","10.1073%2Fpnas.1517131113_DatasetS1.tsv","Olkowicz","2016","Olkowicz","primary","Olkowicz_etal_2016","whole_brain_mass_g","mass_measured","mass_fixed","Brain_Mass_measured"
"Corvus corax","Brain_Mass","g",14.1351,"14.1351","g","10.1073%2Fpnas.1517131113_DatasetS1.tsv","Olkowicz","2016","Olkowicz","primary","Olkowicz_etal_2016","whole_brain_mass_g","mass_measured","mass_fixed","Brain_Mass_measured"
"Columba livia","Brain_Mass","g",2.0951,"2.0951","g","10.1073%2Fpnas.1517131113_DatasetS1.tsv","Olkowicz","2016","Olkowicz","primary","Olkowicz_etal_2016","whole_brain_mass_g","mass_measured","mass_fixed","Brain_Mass_measured"
"Gallus gallus","Brain_Mass","g",2.819466667,"2.81946666666667","g","10.1073%2Fpnas.1517131113_DatasetS1.tsv","Olkowicz","2016","Olkowicz","primary","Olkowicz_etal_2016","whole_brain_mass_g","mass_measured","mass_fixed","Brain_Mass_measured"
"Tyto alba","Brain_Mass","g",5.617657175,"5.61765717502074","g","10.1073%2Fpnas.1517131113_DatasetS1.tsv","Olkowicz","2016","Olkowicz","primary","Olkowicz_etal_2016","whole_brain_mass_g","mass_measured","mass_fixed","Brain_Mass_measured"
"Dromaius novaehollandiae","Brain_Mass","g",21.81085,"21.81085","g","10.1073%2Fpnas.1517131113_DatasetS1.tsv","Olkowicz","2016","Olkowicz","primary","Olkowicz_etal_2016","whole_brain_mass_g","mass_measured","mass_fixed","Brain_Mass_measured"
"Pan troglodytes","Brain_Mass","g",344,"344","g","10.1073%2Fpnas.1524208113_Table1.tsv","Collins","2016","Collins","info","Collins_etal_2016","brain_mass_g","mass_measured","mass_fixed","Brain_Mass_measured"
"Pan troglodytes","Brain_Mass","g",344,"344","g","10.1073%2Fpnas.1524208113_Table1.tsv","Collins","2016","Collins","info","Collins_etal_2016","brain_mass_g","mass_measured","mass_fixed","Brain_Mass_measured"
"Pan troglodytes","Brain_Mass","g",344,"344","g","10.1073%2Fpnas.1524208113_Table1.tsv","Collins","2016","Collins","info","Collins_etal_2016","brain_mass_g","mass_measured","mass_fixed","Brain_Mass_measured"
"Pan troglodytes","Brain_Mass","g",344,"344","g","10.1073%2Fpnas.1524208113_Table1.tsv","Collins","2016","Collins","info","Collins_etal_2016","brain_mass_g","mass_measured","mass_fixed","Brain_Mass_measured"
"Pan troglodytes","Brain_Mass","g",344,"344","g","10.1073%2Fpnas.1524208113_Table1.tsv","Collins","2016","Collins","info","Collins_etal_2016","brain_mass_g","mass_measured","mass_fixed","Brain_Mass_measured"
"Pan troglodytes","Brain_Mass","g",344,"344","g","10.1073%2Fpnas.1524208113_Table1.tsv","Collins","2016","Collins","info","Collins_etal_2016","brain_mass_g","mass_measured","mass_fixed","Brain_Mass_measured"
"Pan troglodytes","Brain_Mass","g",344,"344","g","10.1073%2Fpnas.1524208113_Table1.tsv","Collins","2016","Collins","info","Collins_etal_2016","brain_mass_g","mass_measured","mass_fixed","Brain_Mass_measured"
"Pan troglodytes","Brain_Mass","g",344,"344","g","10.1073%2Fpnas.1524208113_Table1.tsv","Collins","2016","Collins","info","Collins_etal_2016","brain_mass_g","mass_measured","mass_fixed","Brain_Mass_measured"
"Gorilla gorilla","Brain_Mass","g",376,"376000","mg","10.1093%2Fcercor%2Fbhp158_Table1.tsv","deSousa","2009","deSousa","secondary","deSousa_etal_2009","brain_mass_mg","mass_measured","mass_fresh","Brain_Mass_measured"
"Hylobates lar","Brain_Mass","g",120,"120000","mg","10.1093%2Fcercor%2Fbhp158_Table1.tsv","deSousa","2009","deSousa","secondary","deSousa_etal_2009","brain_mass_mg","mass_measured","mass_fresh","Brain_Mass_measured"
"Homo sapiens","Brain_Mass","g",1350,"1350000","mg","10.1093%2Fcercor%2Fbhp158_Table1.tsv","deSousa","2009","deSousa","secondary","deSousa_etal_2009","brain_mass_mg","mass_measured","mass_fresh","Brain_Mass_measured"
"Homo sapiens","Brain_Mass","g",1110,"1110000","mg","10.1093%2Fcercor%2Fbhp158_Table1.tsv","deSousa","2009","deSousa","secondary","deSousa_etal_2009","brain_mass_mg","mass_measured","mass_fresh","Brain_Mass_measured"
"Macaca fascicularis","Brain_Mass","g",58,"58000","mg","10.1093%2Fcercor%2Fbhp158_Table1.tsv","deSousa","2009","deSousa","secondary","deSousa_etal_2009","brain_mass_mg","mass_measured","mass_fresh","Brain_Mass_measured"
"Pongo pygmaeus","Brain_Mass","g",369,"369000","mg","10.1093%2Fcercor%2Fbhp158_Table1.tsv","deSousa","2009","deSousa","secondary","deSousa_etal_2009","brain_mass_mg","mass_measured","mass_fresh","Brain_Mass_measured"
"Pan paniscus","Brain_Mass","g",324,"324000","mg","10.1093%2Fcercor%2Fbhp158_Table1.tsv","deSousa","2009","deSousa","secondary","deSousa_etal_2009","brain_mass_mg","mass_measured","mass_fresh","Brain_Mass_measured"
"Pan troglodytes","Brain_Mass","g",360,"360000","mg","10.1093%2Fcercor%2Fbhp158_Table1.tsv","deSousa","2009","deSousa","secondary","deSousa_etal_2009","brain_mass_mg","mass_measured","mass_fresh","Brain_Mass_measured"
"Pan troglodytes","Brain_Mass","g",387,"387000","mg","10.1093%2Fcercor%2Fbhp158_Table1.tsv","deSousa","2009","deSousa","secondary","deSousa_etal_2009","brain_mass_mg","mass_measured","mass_fresh","Brain_Mass_measured"
"Chrysochloris stuhlmanni","Brain_Mass","g",1.06,"1.06","g","10.1093%2Fjmammal%2Fgyz043_SupplementaryDataSD1.tsv","Burger","2019","Burger","secondary","Burger_etal_2019","Mean_brain_mass_g","mass_or_volume_mixed","mass_or_volume_mixed","Brain_Mass_mass_or_volume"
"Microgale cowani","Brain_Mass","g",0.42,"0.42","g","10.1093%2Fjmammal%2Fgyz043_SupplementaryDataSD1.tsv","Burger","2019","Burger","secondary","Burger_etal_2019","Mean_brain_mass_g","mass_or_volume_mixed","mass_or_volume_mixed","Brain_Mass_mass_or_volume"
"Nesogale dobsoni","Brain_Mass","g",0.56,"0.56","g","10.1093%2Fjmammal%2Fgyz043_SupplementaryDataSD1.tsv","Burger","2019","Burger","secondary","Burger_etal_2019","Mean_brain_mass_g","mass_or_volume_mixed","mass_or_volume_mixed","Brain_Mass_mass_or_volume"
"Oryzorictes hova","Brain_Mass","g",0.58,"0.58","g","10.1093%2Fjmammal%2Fgyz043_SupplementaryDataSD1.tsv","Burger","2019","Burger","secondary","Burger_etal_2019","Mean_brain_mass_g","mass_or_volume_mixed","mass_or_volume_mixed","Brain_Mass_mass_or_volume"
"Echinops telfairi","Brain_Mass","g",0.62,"0.62","g","10.1093%2Fjmammal%2Fgyz043_SupplementaryDataSD1.tsv","Burger","2019","Burger","secondary","Burger_etal_2019","Mean_brain_mass_g","mass_or_volume_mixed","mass_or_volume_mixed","Brain_Mass_mass_or_volume"
"Chrysochloris asiatica","Brain_Mass","g",0.7,"0.7","g","10.1093%2Fjmammal%2Fgyz043_SupplementaryDataSD1.tsv","Burger","2019","Burger","secondary","Burger_etal_2019","Mean_brain_mass_g","mass_or_volume_mixed","mass_or_volume_mixed","Brain_Mass_mass_or_volume"
"Nesogale talazaci","Brain_Mass","g",0.79,"0.79","g","10.1093%2Fjmammal%2Fgyz043_SupplementaryDataSD1.tsv","Burger","2019","Burger","secondary","Burger_etal_2019","Mean_brain_mass_g","mass_or_volume_mixed","mass_or_volume_mixed","Brain_Mass_mass_or_volume"
"Micropotamogale lamottei","Brain_Mass","g",0.8,"0.8","g","10.1093%2Fjmammal%2Fgyz043_SupplementaryDataSD1.tsv","Burger","2019","Burger","secondary","Burger_etal_2019","Mean_brain_mass_g","mass_or_volume_mixed","mass_or_volume_mixed","Brain_Mass_mass_or_volume"
"Hemicentetes semispinosus","Brain_Mass","g",0.83,"0.83","g","10.1093%2Fjmammal%2Fgyz043_SupplementaryDataSD1.tsv","Burger","2019","Burger","secondary","Burger_etal_2019","Mean_brain_mass_g","mass_or_volume_mixed","mass_or_volume_mixed","Brain_Mass_mass_or_volume"
"Microgale mergulus","Brain_Mass","g",1.15,"1.15","g","10.1093%2Fjmammal%2Fgyz043_SupplementaryDataSD1.tsv","Burger","2019","Burger","secondary","Burger_etal_2019","Mean_brain_mass_g","mass_or_volume_mixed","mass_or_volume_mixed","Brain_Mass_mass_or_volume"
"Setifer setosus","Brain_Mass","g",1.51,"1.51","g","10.1093%2Fjmammal%2Fgyz043_SupplementaryDataSD1.tsv","Burger","2019","Burger","secondary","Burger_etal_2019","Mean_brain_mass_g","mass_or_volume_mixed","mass_or_volume_mixed","Brain_Mass_mass_or_volume"
"Tenrec ecaudatus","Brain_Mass","g",2.84,"2.84","g","10.1093%2Fjmammal%2Fgyz043_SupplementaryDataSD1.tsv","Burger","2019","Burger","secondary","Burger_etal_2019","Mean_brain_mass_g","mass_or_volume_mixed","mass_or_volume_mixed","Brain_Mass_mass_or_volume"
"Potamogale velox","Brain_Mass","g",4.05,"4.05","g","10.1093%2Fjmammal%2Fgyz043_SupplementaryDataSD1.tsv","Burger","2019","Burger","secondary","Burger_etal_2019","Mean_brain_mass_g","mass_or_volume_mixed","mass_or_volume_mixed","Brain_Mass_mass_or_volume"
"Tragelaphus scriptus","Brain_Mass","g",165,"165","g","10.1093%2Fjmammal%2Fgyz043_SupplementaryDataSD1.tsv","Burger","2019","Burger","secondary","Burger_etal_2019","Mean_brain_mass_g","mass_or_volume_mixed","mass_or_volume_mixed","Brain_Mass_mass_or_volume"
"Rangifer tarandus","Brain_Mass","g",278,"278","g","10.1093%2Fjmammal%2Fgyz043_SupplementaryDataSD1.tsv","Burger","2019","Burger","secondary","Burger_etal_2019","Mean_brain_mass_g","mass_or_volume_mixed","mass_or_volume_mixed","Brain_Mass_mass_or_volume"
"Syncerus caffer","Brain_Mass","g",647.5,"647.5","g","10.1093%2Fjmammal%2Fgyz043_SupplementaryDataSD1.tsv","Burger","2019","Burger","secondary","Burger_etal_2019","Mean_brain_mass_g","mass_or_volume_mixed","mass_or_volume_mixed","Brain_Mass_mass_or_volume"
"Odocoileus virginianus","Brain_Mass","g",210,"210","g","10.1093%2Fjmammal%2Fgyz043_SupplementaryDataSD1.tsv","Burger","2019","Burger","secondary","Burger_etal_2019","Mean_brain_mass_g","mass_or_volume_mixed","mass_or_volume_mixed","Brain_Mass_mass_or_volume"
"Damaliscus pygargus","Brain_Mass","g",254.6,"254.6","g","10.1093%2Fjmammal%2Fgyz043_SupplementaryDataSD1.tsv","Burger","2019","Burger","secondary","Burger_etal_2019","Mean_brain_mass_g","mass_or_volume_mixed","mass_or_volume_mixed","Brain_Mass_mass_or_volume"
"Tragelaphus eurycerus","Brain_Mass","g",389,"389","g","10.1093%2Fjmammal%2Fgyz043_SupplementaryDataSD1.tsv","Burger","2019","Burger","secondary","Burger_etal_2019","Mean_brain_mass_g","mass_or_volume_mixed","mass_or_volume_mixed","Brain_Mass_mass_or_volume"
"Hippopotamus amphibius","Brain_Mass","g",720,"720","g","10.1093%2Fjmammal%2Fgyz043_SupplementaryDataSD1.tsv","Burger","2019","Burger","secondary","Burger_etal_2019","Mean_brain_mass_g","mass_or_volume_mixed","mass_or_volume_mixed","Brain_Mass_mass_or_volume"
"Tragelaphus imberbis","Brain_Mass","g",219,"219","g","10.1093%2Fjmammal%2Fgyz043_SupplementaryDataSD1.tsv","Burger","2019","Burger","secondary","Burger_etal_2019","Mean_brain_mass_g","mass_or_volume_mixed","mass_or_volume_mixed","Brain_Mass_mass_or_volume"
"Kobus leche","Brain_Mass","g",222.7,"222.7","g","10.1093%2Fjmammal%2Fgyz043_SupplementaryDataSD1.tsv","Burger","2019","Burger","secondary","Burger_etal_2019","Mean_brain_mass_g","mass_or_volume_mixed","mass_or_volume_mixed","Brain_Mass_mass_or_volume"
"Dama dama","Brain_Mass","g",224.5,"224.5","g","10.1093%2Fjmammal%2Fgyz043_SupplementaryDataSD1.tsv","Burger","2019","Burger","secondary","Burger_etal_2019","Mean_brain_mass_g","mass_or_volume_mixed","mass_or_volume_mixed","Brain_Mass_mass_or_volume"
"Tragelaphus angasii","Brain_Mass","g",230,"230","g","10.1093%2Fjmammal%2Fgyz043_SupplementaryDataSD1.tsv","Burger","2019","Burger","secondary","Burger_etal_2019","Mean_brain_mass_g","mass_or_volume_mixed","mass_or_volume_mixed","Brain_Mass_mass_or_volume"
"Lama glama","Brain_Mass","g",264.2,"264.2","g","10.1093%2Fjmammal%2Fgyz043_SupplementaryDataSD1.tsv","Burger","2019","Burger","secondary","Burger_etal_2019","Mean_brain_mass_g","mass_or_volume_mixed","mass_or_volume_mixed","Brain_Mass_mass_or_volume"
"Hippotragus niger","Brain_Mass","g",282,"282","g","10.1093%2Fjmammal%2Fgyz043_SupplementaryDataSD1.tsv","Burger","2019","Burger","secondary","Burger_etal_2019","Mean_brain_mass_g","mass_or_volume_mixed","mass_or_volume_mixed","Brain_Mass_mass_or_volume"
"Alcelaphus buselaphus","Brain_Mass","g",284.9,"284.9","g","10.1093%2Fjmammal%2Fgyz043_SupplementaryDataSD1.tsv","Burger","2019","Burger","secondary","Burger_etal_2019","Mean_brain_mass_g","mass_or_volume_mixed","mass_or_volume_mixed","Brain_Mass_mass_or_volume"
"Damaliscus lunatus","Brain_Mass","g",290.6,"290.6","g","10.1093%2Fjmammal%2Fgyz043_SupplementaryDataSD1.tsv","Burger","2019","Burger","secondary","Burger_etal_2019","Mean_brain_mass_g","mass_or_volume_mixed","mass_or_volume_mixed","Brain_Mass_mass_or_volume"
"Oryx gazella","Brain_Mass","g",292,"292","g","10.1093%2Fjmammal%2Fgyz043_SupplementaryDataSD1.tsv","Burger","2019","Burger","secondary","Burger_etal_2019","Mean_brain_mass_g","mass_or_volume_mixed","mass_or_volume_mixed","Brain_Mass_mass_or_volume"
"Tragelaphus buxtoni","Brain_Mass","g",330,"330","g","10.1093%2Fjmammal%2Fgyz043_SupplementaryDataSD1.tsv","Burger","2019","Burger","secondary","Burger_etal_2019","Mean_brain_mass_g","mass_or_volume_mixed","mass_or_volume_mixed","Brain_Mass_mass_or_volume"
"Tragelaphus strepsiceros","Brain_Mass","g",361,"361","g","10.1093%2Fjmammal%2Fgyz043_SupplementaryDataSD1.tsv","Burger","2019","Burger","secondary","Burger_etal_2019","Mean_brain_mass_g","mass_or_volume_mixed","mass_or_volume_mixed","Brain_Mass_mass_or_volume"
"Hippotragus equinus","Brain_Mass","g",387.9,"387.9","g","10.1093%2Fjmammal%2Fgyz043_SupplementaryDataSD1.tsv","Burger","2019","Burger","secondary","Burger_etal_2019","Mean_brain_mass_g","mass_or_volume_mixed","mass_or_volume_mixed","Brain_Mass_mass_or_volume"
"Taurotragus oryx","Brain_Mass","g",440,"440","g","10.1093%2Fjmammal%2Fgyz043_SupplementaryDataSD1.tsv","Burger","2019","Burger","secondary","Burger_etal_2019","Mean_brain_mass_g","mass_or_volume_mixed","mass_or_volume_mixed","Brain_Mass_mass_or_volume"
"Bos taurus","Brain_Mass","g",452.8,"452.8","g","10.1093%2Fjmammal%2Fgyz043_SupplementaryDataSD1.tsv","Burger","2019","Burger","secondary","Burger_etal_2019","Mean_brain_mass_g","mass_or_volume_mixed","mass_or_volume_mixed","Brain_Mass_mass_or_volume"
"Bison bison","Brain_Mass","g",458,"458","g","10.1093%2Fjmammal%2Fgyz043_SupplementaryDataSD1.tsv","Burger","2019","Burger","secondary","Burger_etal_2019","Mean_brain_mass_g","mass_or_volume_mixed","mass_or_volume_mixed","Brain_Mass_mass_or_volume"
"Taurotragus derbianus","Brain_Mass","g",534,"534","g","10.1093%2Fjmammal%2Fgyz043_SupplementaryDataSD1.tsv","Burger","2019","Burger","secondary","Burger_etal_2019","Mean_brain_mass_g","mass_or_volume_mixed","mass_or_volume_mixed","Brain_Mass_mass_or_volume"
"Camelus dromedarius","Brain_Mass","g",762,"762","g","10.1093%2Fjmammal%2Fgyz043_SupplementaryDataSD1.tsv","Burger","2019","Burger","secondary","Burger_etal_2019","Mean_brain_mass_g","mass_or_volume_mixed","mass_or_volume_mixed","Brain_Mass_mass_or_volume"
"Madoqua kirkii","Brain_Mass","g",37,"37","g","10.1093%2Fjmammal%2Fgyz043_SupplementaryDataSD1.tsv","Burger","2019","Burger","secondary","Burger_etal_2019","Mean_brain_mass_g","mass_or_volume_mixed","mass_or_volume_mixed","Brain_Mass_mass_or_volume"
"Eudorcas thomsonii","Brain_Mass","g",91.8,"91.8","g","10.1093%2Fjmammal%2Fgyz043_SupplementaryDataSD1.tsv","Burger","2019","Burger","secondary","Burger_etal_2019","Mean_brain_mass_g","mass_or_volume_mixed","mass_or_volume_mixed","Brain_Mass_mass_or_volume"
"Phacochoerus aethiopicus","Brain_Mass","g",125,"125","g","10.1093%2Fjmammal%2Fgyz043_SupplementaryDataSD1.tsv","Burger","2019","Burger","secondary","Burger_etal_2019","Mean_brain_mass_g","mass_or_volume_mixed","mass_or_volume_mixed","Brain_Mass_mass_or_volume"
"Aepyceros melampus","Brain_Mass","g",175,"175","g","10.1093%2Fjmammal%2Fgyz043_SupplementaryDataSD1.tsv","Burger","2019","Burger","secondary","Burger_etal_2019","Mean_brain_mass_g","mass_or_volume_mixed","mass_or_volume_mixed","Brain_Mass_mass_or_volume"
"Axis axis","Brain_Mass","g",219,"219","g","10.1093%2Fjmammal%2Fgyz043_SupplementaryDataSD1.tsv","Burger","2019","Burger","secondary","Burger_etal_2019","Mean_brain_mass_g","mass_or_volume_mixed","mass_or_volume_mixed","Brain_Mass_mass_or_volume"
"Kobus ellipsiprymnus","Brain_Mass","g",290,"290","g","10.1093%2Fjmammal%2Fgyz043_SupplementaryDataSD1.tsv","Burger","2019","Burger","secondary","Burger_etal_2019","Mean_brain_mass_g","mass_or_volume_mixed","mass_or_volume_mixed","Brain_Mass_mass_or_volume"
"Connochaetes taurinus","Brain_Mass","g",443,"443","g","10.1093%2Fjmammal%2Fgyz043_SupplementaryDataSD1.tsv","Burger","2019","Burger","secondary","Burger_etal_2019","Mean_brain_mass_g","mass_or_volume_mixed","mass_or_volume_mixed","Brain_Mass_mass_or_volume"
"Giraffa camelopardalis","Brain_Mass","g",700,"700","g","10.1093%2Fjmammal%2Fgyz043_SupplementaryDataSD1.tsv","Burger","2019","Burger","secondary","Burger_etal_2019","Mean_brain_mass_g","mass_or_volume_mixed","mass_or_volume_mixed","Brain_Mass_mass_or_volume"
"Tragulus javanicus","Brain_Mass","g",15.8,"15.8","g","10.1093%2Fjmammal%2Fgyz043_SupplementaryDataSD1.tsv","Burger","2019","Burger","secondary","Burger_etal_2019","Mean_brain_mass_g","mass_or_volume_mixed","mass_or_volume_mixed","Brain_Mass_mass_or_volume"
"Moschiola meminna","Brain_Mass","g",16.93,"16.93","g","10.1093%2Fjmammal%2Fgyz043_SupplementaryDataSD1.tsv","Burger","2019","Burger","secondary","Burger_etal_2019","Mean_brain_mass_g","mass_or_volume_mixed","mass_or_volume_mixed","Brain_Mass_mass_or_volume"
"Tragulus napu","Brain_Mass","g",18.5,"18.5","g","10.1093%2Fjmammal%2Fgyz043_SupplementaryDataSD1.tsv","Burger","2019","Burger","secondary","Burger_etal_2019","Mean_brain_mass_g","mass_or_volume_mixed","mass_or_volume_mixed","Brain_Mass_mass_or_volume"
"Hyemoschus aquaticus","Brain_Mass","g",25.2,"25.2","g","10.1093%2Fjmammal%2Fgyz043_SupplementaryDataSD1.tsv","Burger","2019","Burger","secondary","Burger_etal_2019","Mean_brain_mass_g","mass_or_volume_mixed","mass_or_volume_mixed","Brain_Mass_mass_or_volume"
"Neotragus moschatus","Brain_Mass","g",32,"32","g","10.1093%2Fjmammal%2Fgyz043_SupplementaryDataSD1.tsv","Burger","2019","Burger","secondary","Burger_etal_2019","Mean_brain_mass_g","mass_or_volume_mixed","mass_or_volume_mixed","Brain_Mass_mass_or_volume"
"Philantomba maxwellii","Brain_Mass","g",38,"38","g","10.1093%2Fjmammal%2Fgyz043_SupplementaryDataSD1.tsv","Burger","2019","Burger","secondary","Burger_etal_2019","Mean_brain_mass_g","mass_or_volume_mixed","mass_or_volume_mixed","Brain_Mass_mass_or_volume"
"Philantomba monticola","Brain_Mass","g",48,"48","g","10.1093%2Fjmammal%2Fgyz043_SupplementaryDataSD1.tsv","Burger","2019","Burger","secondary","Burger_etal_2019","Mean_brain_mass_g","mass_or_volume_mixed","mass_or_volume_mixed","Brain_Mass_mass_or_volume"
"Raphicerus campestris","Brain_Mass","g",51.3,"51.3","g","10.1093%2Fjmammal%2Fgyz043_SupplementaryDataSD1.tsv","Burger","2019","Burger","secondary","Burger_etal_2019","Mean_brain_mass_g","mass_or_volume_mixed","mass_or_volume_mixed","Brain_Mass_mass_or_volume"
"Hydropotes inermis","Brain_Mass","g",52,"52","g","10.1093%2Fjmammal%2Fgyz043_SupplementaryDataSD1.tsv","Burger","2019","Burger","secondary","Burger_etal_2019","Mean_brain_mass_g","mass_or_volume_mixed","mass_or_volume_mixed","Brain_Mass_mass_or_volume"
"Raphicerus melanotis","Brain_Mass","g",55,"55","g","10.1093%2Fjmammal%2Fgyz043_SupplementaryDataSD1.tsv","Burger","2019","Burger","secondary","Burger_etal_2019","Mean_brain_mass_g","mass_or_volume_mixed","mass_or_volume_mixed","Brain_Mass_mass_or_volume"
"Mazama americana","Brain_Mass","g",56,"56","g","10.1093%2Fjmammal%2Fgyz043_SupplementaryDataSD1.tsv","Burger","2019","Burger","secondary","Burger_etal_2019","Mean_brain_mass_g","mass_or_volume_mixed","mass_or_volume_mixed","Brain_Mass_mass_or_volume"
"Ourebia ourebi","Brain_Mass","g",58.3,"58.3","g","10.1093%2Fjmammal%2Fgyz043_SupplementaryDataSD1.tsv","Burger","2019","Burger","secondary","Burger_etal_2019","Mean_brain_mass_g","mass_or_volume_mixed","mass_or_volume_mixed","Brain_Mass_mass_or_volume"
"Oreotragus oreotragus","Brain_Mass","g",59.4,"59.4","g","10.1093%2Fjmammal%2Fgyz043_SupplementaryDataSD1.tsv","Burger","2019","Burger","secondary","Burger_etal_2019","Mean_brain_mass_g","mass_or_volume_mixed","mass_or_volume_mixed","Brain_Mass_mass_or_volume"
"Gazella dorcas","Brain_Mass","g",70.8,"70.8","g","10.1093%2Fjmammal%2Fgyz043_SupplementaryDataSD1.tsv","Burger","2019","Burger","secondary","Burger_etal_2019","Mean_brain_mass_g","mass_or_volume_mixed","mass_or_volume_mixed","Brain_Mass_mass_or_volume"
"Sylvicapra grimmia","Brain_Mass","g",77.2,"77.2","g","10.1093%2Fjmammal%2Fgyz043_SupplementaryDataSD1.tsv","Burger","2019","Burger","secondary","Burger_etal_2019","Mean_brain_mass_g","mass_or_volume_mixed","mass_or_volume_mixed","Brain_Mass_mass_or_volume"
"Cephalophus zebra","Brain_Mass","g",83,"83","g","10.1093%2Fjmammal%2Fgyz043_SupplementaryDataSD1.tsv","Burger","2019","Burger","secondary","Burger_etal_2019","Mean_brain_mass_g","mass_or_volume_mixed","mass_or_volume_mixed","Brain_Mass_mass_or_volume"
"Cephalophus natalensis","Brain_Mass","g",84.1,"84.1","g","10.1093%2Fjmammal%2Fgyz043_SupplementaryDataSD1.tsv","Burger","2019","Burger","secondary","Burger_etal_2019","Mean_brain_mass_g","mass_or_volume_mixed","mass_or_volume_mixed","Brain_Mass_mass_or_volume"
"Cephalophus nigrifrons","Brain_Mass","g",85,"85","g","10.1093%2Fjmammal%2Fgyz043_SupplementaryDataSD1.tsv","Burger","2019","Burger","secondary","Burger_etal_2019","Mean_brain_mass_g","mass_or_volume_mixed","mass_or_volume_mixed","Brain_Mass_mass_or_volume"
"Capreolus capreolus","Brain_Mass","g",92.7,"92.7","g","10.1093%2Fjmammal%2Fgyz043_SupplementaryDataSD1.tsv","Burger","2019","Burger","secondary","Burger_etal_2019","Mean_brain_mass_g","mass_or_volume_mixed","mass_or_volume_mixed","Brain_Mass_mass_or_volume"
"Cephalophus dorsalis","Brain_Mass","g",92.897,"92.897","g","10.1093%2Fjmammal%2Fgyz043_SupplementaryDataSD1.tsv","Burger","2019","Burger","secondary","Burger_etal_2019","Mean_brain_mass_g","mass_or_volume_mixed","mass_or_volume_mixed","Brain_Mass_mass_or_volume"
"Cephalophus leucogaster","Brain_Mass","g",93,"93","g","10.1093%2Fjmammal%2Fgyz043_SupplementaryDataSD1.tsv","Burger","2019","Burger","secondary","Burger_etal_2019","Mean_brain_mass_g","mass_or_volume_mixed","mass_or_volume_mixed","Brain_Mass_mass_or_volume"
"Pecari tajacu","Brain_Mass","g",101.5,"101.5","g","10.1093%2Fjmammal%2Fgyz043_SupplementaryDataSD1.tsv","Burger","2019","Burger","secondary","Burger_etal_2019","Mean_brain_mass_g","mass_or_volume_mixed","mass_or_volume_mixed","Brain_Mass_mass_or_volume"
"Redunca fulvorufula","Brain_Mass","g",109,"109","g","10.1093%2Fjmammal%2Fgyz043_SupplementaryDataSD1.tsv","Burger","2019","Burger","secondary","Burger_etal_2019","Mean_brain_mass_g","mass_or_volume_mixed","mass_or_volume_mixed","Brain_Mass_mass_or_volume"
"Antilope cervicapra","Brain_Mass","g",110.8,"110.8","g","10.1093%2Fjmammal%2Fgyz043_SupplementaryDataSD1.tsv","Burger","2019","Burger","secondary","Burger_etal_2019","Mean_brain_mass_g","mass_or_volume_mixed","mass_or_volume_mixed","Brain_Mass_mass_or_volume"
"Capra hircus","Brain_Mass","g",115,"115","g","10.1093%2Fjmammal%2Fgyz043_SupplementaryDataSD1.tsv","Burger","2019","Burger","secondary","Burger_etal_2019","Mean_brain_mass_g","mass_or_volume_mixed","mass_or_volume_mixed","Brain_Mass_mass_or_volume"
"Litocranius walleri","Brain_Mass","g",117.5,"117.5","g","10.1093%2Fjmammal%2Fgyz043_SupplementaryDataSD1.tsv","Burger","2019","Burger","secondary","Burger_etal_2019","Mean_brain_mass_g","mass_or_volume_mixed","mass_or_volume_mixed","Brain_Mass_mass_or_volume"
"Rupicapra rupicapra","Brain_Mass","g",117.8,"117.8","g","10.1093%2Fjmammal%2Fgyz043_SupplementaryDataSD1.tsv","Burger","2019","Burger","secondary","Burger_etal_2019","Mean_brain_mass_g","mass_or_volume_mixed","mass_or_volume_mixed","Brain_Mass_mass_or_volume"
"Pelea capreolus","Brain_Mass","g",121,"121","g","10.1093%2Fjmammal%2Fgyz043_SupplementaryDataSD1.tsv","Burger","2019","Burger","secondary","Burger_etal_2019","Mean_brain_mass_g","mass_or_volume_mixed","mass_or_volume_mixed","Brain_Mass_mass_or_volume"
"Redunca redunca","Brain_Mass","g",123,"123","g","10.1093%2Fjmammal%2Fgyz043_SupplementaryDataSD1.tsv","Burger","2019","Burger","secondary","Burger_etal_2019","Mean_brain_mass_g","mass_or_volume_mixed","mass_or_volume_mixed","Brain_Mass_mass_or_volume"
"Muntiacus muntjak","Brain_Mass","g",124.5,"124.5","g","10.1093%2Fjmammal%2Fgyz043_SupplementaryDataSD1.tsv","Burger","2019","Burger","secondary","Burger_etal_2019","Mean_brain_mass_g","mass_or_volume_mixed","mass_or_volume_mixed","Brain_Mass_mass_or_volume"
"Antilocapra americana","Brain_Mass","g",125.6,"125.6","g","10.1093%2Fjmammal%2Fgyz043_SupplementaryDataSD1.tsv","Burger","2019","Burger","secondary","Burger_etal_2019","Mean_brain_mass_g","mass_or_volume_mixed","mass_or_volume_mixed","Brain_Mass_mass_or_volume"
"Babyrousa babyrussa","Brain_Mass","g",127,"127","g","10.1093%2Fjmammal%2Fgyz043_SupplementaryDataSD1.tsv","Burger","2019","Burger","secondary","Burger_etal_2019","Mean_brain_mass_g","mass_or_volume_mixed","mass_or_volume_mixed","Brain_Mass_mass_or_volume"
"Phacochoerus africanus","Brain_Mass","g",132.5,"132.5","g","10.1093%2Fjmammal%2Fgyz043_SupplementaryDataSD1.tsv","Burger","2019","Burger","secondary","Burger_etal_2019","Mean_brain_mass_g","mass_or_volume_mixed","mass_or_volume_mixed","Brain_Mass_mass_or_volume"
"Antidorcas marsupialis","Brain_Mass","g",135,"135","g","10.1093%2Fjmammal%2Fgyz043_SupplementaryDataSD1.tsv","Burger","2019","Burger","secondary","Burger_etal_2019","Mean_brain_mass_g","mass_or_volume_mixed","mass_or_volume_mixed","Brain_Mass_mass_or_volume"
"Redunca arundinum","Brain_Mass","g",136.8,"136.8","g","10.1093%2Fjmammal%2Fgyz043_SupplementaryDataSD1.tsv","Burger","2019","Burger","secondary","Burger_etal_2019","Mean_brain_mass_g","mass_or_volume_mixed","mass_or_volume_mixed","Brain_Mass_mass_or_volume"
"Potamochoerus porcus","Brain_Mass","g",138,"138","g","10.1093%2Fjmammal%2Fgyz043_SupplementaryDataSD1.tsv","Burger","2019","Burger","secondary","Burger_etal_2019","Mean_brain_mass_g","mass_or_volume_mixed","mass_or_volume_mixed","Brain_Mass_mass_or_volume"
"Nanger granti","Brain_Mass","g",139,"139","g","10.1093%2Fjmammal%2Fgyz043_SupplementaryDataSD1.tsv","Burger","2019","Burger","secondary","Burger_etal_2019","Mean_brain_mass_g","mass_or_volume_mixed","mass_or_volume_mixed","Brain_Mass_mass_or_volume"
"Ovis ammon","Brain_Mass","g",140,"140","g","10.1093%2Fjmammal%2Fgyz043_SupplementaryDataSD1.tsv","Burger","2019","Burger","secondary","Burger_etal_2019","Mean_brain_mass_g","mass_or_volume_mixed","mass_or_volume_mixed","Brain_Mass_mass_or_volume"
"Hylochoerus meinertzhageni","Brain_Mass","g",141,"141","g","10.1093%2Fjmammal%2Fgyz043_SupplementaryDataSD1.tsv","Burger","2019","Burger","secondary","Burger_etal_2019","Mean_brain_mass_g","mass_or_volume_mixed","mass_or_volume_mixed","Brain_Mass_mass_or_volume"
"Axis porcinus","Brain_Mass","g",142,"142","g","10.1093%2Fjmammal%2Fgyz043_SupplementaryDataSD1.tsv","Burger","2019","Burger","secondary","Burger_etal_2019","Mean_brain_mass_g","mass_or_volume_mixed","mass_or_volume_mixed","Brain_Mass_mass_or_volume"
"Tragelaphus spekii","Brain_Mass","g",145,"145","g","10.1093%2Fjmammal%2Fgyz043_SupplementaryDataSD1.tsv","Burger","2019","Burger","secondary","Burger_etal_2019","Mean_brain_mass_g","mass_or_volume_mixed","mass_or_volume_mixed","Brain_Mass_mass_or_volume"
"Tayassu pecari","Brain_Mass","g",145.8,"145.8","g","10.1093%2Fjmammal%2Fgyz043_SupplementaryDataSD1.tsv","Burger","2019","Burger","secondary","Burger_etal_2019","Mean_brain_mass_g","mass_or_volume_mixed","mass_or_volume_mixed","Brain_Mass_mass_or_volume"
"Nanger dama","Brain_Mass","g",150,"150","g","10.1093%2Fjmammal%2Fgyz043_SupplementaryDataSD1.tsv","Burger","2019","Burger","secondary","Burger_etal_2019","Mean_brain_mass_g","mass_or_volume_mixed","mass_or_volume_mixed","Brain_Mass_mass_or_volume"
"Hemitragus jemlahicus","Brain_Mass","g",166,"166","g","10.1093%2Fjmammal%2Fgyz043_SupplementaryDataSD1.tsv","Burger","2019","Burger","secondary","Burger_etal_2019","Mean_brain_mass_g","mass_or_volume_mixed","mass_or_volume_mixed","Brain_Mass_mass_or_volume"
"Sus scrofa","Brain_Mass","g",169.8,"169.8","g","10.1093%2Fjmammal%2Fgyz043_SupplementaryDataSD1.tsv","Burger","2019","Burger","secondary","Burger_etal_2019","Mean_brain_mass_g","mass_or_volume_mixed","mass_or_volume_mixed","Brain_Mass_mass_or_volume"
"Cephalophus silvicultor","Brain_Mass","g",170,"170","g","10.1093%2Fjmammal%2Fgyz043_SupplementaryDataSD1.tsv","Burger","2019","Burger","secondary","Burger_etal_2019","Mean_brain_mass_g","mass_or_volume_mixed","mass_or_volume_mixed","Brain_Mass_mass_or_volume"
"Ovis aries","Brain_Mass","g",175,"175","g","10.1093%2Fjmammal%2Fgyz043_SupplementaryDataSD1.tsv","Burger","2019","Burger","secondary","Burger_etal_2019","Mean_brain_mass_g","mass_or_volume_mixed","mass_or_volume_mixed","Brain_Mass_mass_or_volume"
"Addax nasomaculatus","Brain_Mass","g",185,"185","g","10.1093%2Fjmammal%2Fgyz043_SupplementaryDataSD1.tsv","Burger","2019","Burger","secondary","Burger_etal_2019","Mean_brain_mass_g","mass_or_volume_mixed","mass_or_volume_mixed","Brain_Mass_mass_or_volume"
"Odocoileus hemionus","Brain_Mass","g",189.3,"189.3","g","10.1093%2Fjmammal%2Fgyz043_SupplementaryDataSD1.tsv","Burger","2019","Burger","secondary","Burger_etal_2019","Mean_brain_mass_g","mass_or_volume_mixed","mass_or_volume_mixed","Brain_Mass_mass_or_volume"
"Vicugna vicugna","Brain_Mass","g",199.9,"199.9","g","10.1093%2Fjmammal%2Fgyz043_SupplementaryDataSD1.tsv","Burger","2019","Burger","secondary","Burger_etal_2019","Mean_brain_mass_g","mass_or_volume_mixed","mass_or_volume_mixed","Brain_Mass_mass_or_volume"
"Cervus nippon","Brain_Mass","g",200,"200","g","10.1093%2Fjmammal%2Fgyz043_SupplementaryDataSD1.tsv","Burger","2019","Burger","secondary","Burger_etal_2019","Mean_brain_mass_g","mass_or_volume_mixed","mass_or_volume_mixed","Brain_Mass_mass_or_volume"
"Kobus kob","Brain_Mass","g",204,"204","g","10.1093%2Fjmammal%2Fgyz043_SupplementaryDataSD1.tsv","Burger","2019","Burger","secondary","Burger_etal_2019","Mean_brain_mass_g","mass_or_volume_mixed","mass_or_volume_mixed","Brain_Mass_mass_or_volume"
"Ammotragus lervia","Brain_Mass","g",209,"209","g","10.1093%2Fjmammal%2Fgyz043_SupplementaryDataSD1.tsv","Burger","2019","Burger","secondary","Burger_etal_2019","Mean_brain_mass_g","mass_or_volume_mixed","mass_or_volume_mixed","Brain_Mass_mass_or_volume"
"Hexaprotodon liberiensis","Brain_Mass","g",215,"215","g","10.1093%2Fjmammal%2Fgyz043_SupplementaryDataSD1.tsv","Burger","2019","Burger","secondary","Burger_etal_2019","Mean_brain_mass_g","mass_or_volume_mixed","mass_or_volume_mixed","Brain_Mass_mass_or_volume"
"Boselaphus tragocamelus","Brain_Mass","g",271.75,"271.75","g","10.1093%2Fjmammal%2Fgyz043_SupplementaryDataSD1.tsv","Burger","2019","Burger","secondary","Burger_etal_2019","Mean_brain_mass_g","mass_or_volume_mixed","mass_or_volume_mixed","Brain_Mass_mass_or_volume"
"Oryx beisa","Brain_Mass","g",282,"282","g","10.1093%2Fjmammal%2Fgyz043_SupplementaryDataSD1.tsv","Burger","2019","Burger","secondary","Burger_etal_2019","Mean_brain_mass_g","mass_or_volume_mixed","mass_or_volume_mixed","Brain_Mass_mass_or_volume"
"Bos grunniens","Brain_Mass","g",334,"334","g","10.1093%2Fjmammal%2Fgyz043_SupplementaryDataSD1.tsv","Burger","2019","Burger","secondary","Burger_etal_2019","Mean_brain_mass_g","mass_or_volume_mixed","mass_or_volume_mixed","Brain_Mass_mass_or_volume"
"Alcelaphus lichtensteinii","Brain_Mass","g",357,"357","g","10.1093%2Fjmammal%2Fgyz043_SupplementaryDataSD1.tsv","Burger","2019","Burger","secondary","Burger_etal_2019","Mean_brain_mass_g","mass_or_volume_mixed","mass_or_volume_mixed","Brain_Mass_mass_or_volume"
"Alces americanus","Brain_Mass","g",407,"407","g","10.1093%2Fjmammal%2Fgyz043_SupplementaryDataSD1.tsv","Burger","2019","Burger","secondary","Burger_etal_2019","Mean_brain_mass_g","mass_or_volume_mixed","mass_or_volume_mixed","Brain_Mass_mass_or_volume"
"Cervus elaphus","Brain_Mass","g",409.3,"409.3","g","10.1093%2Fjmammal%2Fgyz043_SupplementaryDataSD1.tsv","Burger","2019","Burger","secondary","Burger_etal_2019","Mean_brain_mass_g","mass_or_volume_mixed","mass_or_volume_mixed","Brain_Mass_mass_or_volume"
"Alces alces","Brain_Mass","g",436,"436","g","10.1093%2Fjmammal%2Fgyz043_SupplementaryDataSD1.tsv","Burger","2019","Burger","secondary","Burger_etal_2019","Mean_brain_mass_g","mass_or_volume_mixed","mass_or_volume_mixed","Brain_Mass_mass_or_volume"
"Okapia johnstoni","Brain_Mass","g",501,"501","g","10.1093%2Fjmammal%2Fgyz043_SupplementaryDataSD1.tsv","Burger","2019","Burger","secondary","Burger_etal_2019","Mean_brain_mass_g","mass_or_volume_mixed","mass_or_volume_mixed","Brain_Mass_mass_or_volume"
"Camelus bactrianus","Brain_Mass","g",575,"575","g","10.1093%2Fjmammal%2Fgyz043_SupplementaryDataSD1.tsv","Burger","2019","Burger","secondary","Burger_etal_2019","Mean_brain_mass_g","mass_or_volume_mixed","mass_or_volume_mixed","Brain_Mass_mass_or_volume"
"Mustela erminea","Brain_Mass","g",4.57,"4.57","g","10.1093%2Fjmammal%2Fgyz043_SupplementaryDataSD1.tsv","Burger","2019","Burger","secondary","Burger_etal_2019","Mean_brain_mass_g","mass_or_volume_mixed","mass_or_volume_mixed","Brain_Mass_mass_or_volume"
"Mephitis mephitis","Brain_Mass","g",10.15,"10.15","g","10.1093%2Fjmammal%2Fgyz043_SupplementaryDataSD1.tsv","Burger","2019","Burger","secondary","Burger_etal_2019","Mean_brain_mass_g","mass_or_volume_mixed","mass_or_volume_mixed","Brain_Mass_mass_or_volume"
"Pusa caspica","Brain_Mass","g",162.5,"162.5","g","10.1093%2Fjmammal%2Fgyz043_SupplementaryDataSD1.tsv","Burger","2019","Burger","secondary","Burger_etal_2019","Mean_brain_mass_g","mass_or_volume_mixed","mass_or_volume_mixed","Brain_Mass_mass_or_volume"
"Pusa sibirica","Brain_Mass","g",187.5,"187.5","g","10.1093%2Fjmammal%2Fgyz043_SupplementaryDataSD1.tsv","Burger","2019","Burger","secondary","Burger_etal_2019","Mean_brain_mass_g","mass_or_volume_mixed","mass_or_volume_mixed","Brain_Mass_mass_or_volume"
"Pusa hispida","Brain_Mass","g",196.25,"196.25","g","10.1093%2Fjmammal%2Fgyz043_SupplementaryDataSD1.tsv","Burger","2019","Burger","secondary","Burger_etal_2019","Mean_brain_mass_g","mass_or_volume_mixed","mass_or_volume_mixed","Brain_Mass_mass_or_volume"
"Histriophoca fasciata","Brain_Mass","g",248.75,"248.75","g","10.1093%2Fjmammal%2Fgyz043_SupplementaryDataSD1.tsv","Burger","2019","Burger","secondary","Burger_etal_2019","Mean_brain_mass_g","mass_or_volume_mixed","mass_or_volume_mixed","Brain_Mass_mass_or_volume"
"Phoca largha","Brain_Mass","g",253.75,"253.75","g","10.1093%2Fjmammal%2Fgyz043_SupplementaryDataSD1.tsv","Burger","2019","Burger","secondary","Burger_etal_2019","Mean_brain_mass_g","mass_or_volume_mixed","mass_or_volume_mixed","Brain_Mass_mass_or_volume"
"Panthera tigris","Brain_Mass","g",269.73,"269.73","g","10.1093%2Fjmammal%2Fgyz043_SupplementaryDataSD1.tsv","Burger","2019","Burger","secondary","Burger_etal_2019","Mean_brain_mass_g","mass_or_volume_mixed","mass_or_volume_mixed","Brain_Mass_mass_or_volume"
"Arctocephalus galapagoensis","Brain_Mass","g",291.25,"291.25","g","10.1093%2Fjmammal%2Fgyz043_SupplementaryDataSD1.tsv","Burger","2019","Burger","secondary","Burger_etal_2019","Mean_brain_mass_g","mass_or_volume_mixed","mass_or_volume_mixed","Brain_Mass_mass_or_volume"
"Arctocephalus australis","Brain_Mass","g",307.5,"307.5","g","10.1093%2Fjmammal%2Fgyz043_SupplementaryDataSD1.tsv","Burger","2019","Burger","secondary","Burger_etal_2019","Mean_brain_mass_g","mass_or_volume_mixed","mass_or_volume_mixed","Brain_Mass_mass_or_volume"
"Halichoerus grypus","Brain_Mass","g",307.5,"307.5","g","10.1093%2Fjmammal%2Fgyz043_SupplementaryDataSD1.tsv","Burger","2019","Burger","secondary","Burger_etal_2019","Mean_brain_mass_g","mass_or_volume_mixed","mass_or_volume_mixed","Brain_Mass_mass_or_volume"
"Arctocephalus forsteri","Brain_Mass","g",320,"320","g","10.1093%2Fjmammal%2Fgyz043_SupplementaryDataSD1.tsv","Burger","2019","Burger","secondary","Burger_etal_2019","Mean_brain_mass_g","mass_or_volume_mixed","mass_or_volume_mixed","Brain_Mass_mass_or_volume"
"Arctocephalus tropicalis","Brain_Mass","g",326.25,"326.25","g","10.1093%2Fjmammal%2Fgyz043_SupplementaryDataSD1.tsv","Burger","2019","Burger","secondary","Burger_etal_2019","Mean_brain_mass_g","mass_or_volume_mixed","mass_or_volume_mixed","Brain_Mass_mass_or_volume"
"Callorhinus ursinus","Brain_Mass","g",334.83,"334.83","g","10.1093%2Fjmammal%2Fgyz043_SupplementaryDataSD1.tsv","Burger","2019","Burger","secondary","Burger_etal_2019","Mean_brain_mass_g","mass_or_volume_mixed","mass_or_volume_mixed","Brain_Mass_mass_or_volume"
"Ursus arctos","Brain_Mass","g",335.97,"335.97","g","10.1093%2Fjmammal%2Fgyz043_SupplementaryDataSD1.tsv","Burger","2019","Burger","secondary","Burger_etal_2019","Mean_brain_mass_g","mass_or_volume_mixed","mass_or_volume_mixed","Brain_Mass_mass_or_volume"
"Arctocephalus gazella","Brain_Mass","g",340,"340","g","10.1093%2Fjmammal%2Fgyz043_SupplementaryDataSD1.tsv","Burger","2019","Burger","secondary","Burger_etal_2019","Mean_brain_mass_g","mass_or_volume_mixed","mass_or_volume_mixed","Brain_Mass_mass_or_volume"
"Arctocephalus pusillus","Brain_Mass","g",369.38,"369.38","g","10.1093%2Fjmammal%2Fgyz043_SupplementaryDataSD1.tsv","Burger","2019","Burger","secondary","Burger_etal_2019","Mean_brain_mass_g","mass_or_volume_mixed","mass_or_volume_mixed","Brain_Mass_mass_or_volume"
"Neophoca cinerea","Brain_Mass","g",388.75,"388.75","g","10.1093%2Fjmammal%2Fgyz043_SupplementaryDataSD1.tsv","Burger","2019","Burger","secondary","Burger_etal_2019","Mean_brain_mass_g","mass_or_volume_mixed","mass_or_volume_mixed","Brain_Mass_mass_or_volume"
"Phocarctos hookeri","Brain_Mass","g",393.75,"393.75","g","10.1093%2Fjmammal%2Fgyz043_SupplementaryDataSD1.tsv","Burger","2019","Burger","secondary","Burger_etal_2019","Mean_brain_mass_g","mass_or_volume_mixed","mass_or_volume_mixed","Brain_Mass_mass_or_volume"
"Cystophora cristata","Brain_Mass","g",455,"455","g","10.1093%2Fjmammal%2Fgyz043_SupplementaryDataSD1.tsv","Burger","2019","Burger","secondary","Burger_etal_2019","Mean_brain_mass_g","mass_or_volume_mixed","mass_or_volume_mixed","Brain_Mass_mass_or_volume"
"Monachus monachus","Brain_Mass","g",480,"480","g","10.1093%2Fjmammal%2Fgyz043_SupplementaryDataSD1.tsv","Burger","2019","Burger","secondary","Burger_etal_2019","Mean_brain_mass_g","mass_or_volume_mixed","mass_or_volume_mixed","Brain_Mass_mass_or_volume"
"Ommatophoca rossii","Brain_Mass","g",495,"495","g","10.1093%2Fjmammal%2Fgyz043_SupplementaryDataSD1.tsv","Burger","2019","Burger","secondary","Burger_etal_2019","Mean_brain_mass_g","mass_or_volume_mixed","mass_or_volume_mixed","Brain_Mass_mass_or_volume"
"Otaria flavescens","Brain_Mass","g",506.25,"506.25","g","10.1093%2Fjmammal%2Fgyz043_SupplementaryDataSD1.tsv","Burger","2019","Burger","secondary","Burger_etal_2019","Mean_brain_mass_g","mass_or_volume_mixed","mass_or_volume_mixed","Brain_Mass_mass_or_volume"
"Ursus maritimus","Brain_Mass","g",507,"507","g","10.1093%2Fjmammal%2Fgyz043_SupplementaryDataSD1.tsv","Burger","2019","Burger","secondary","Burger_etal_2019","Mean_brain_mass_g","mass_or_volume_mixed","mass_or_volume_mixed","Brain_Mass_mass_or_volume"
"Leptonychotes weddellii","Brain_Mass","g",564.17,"564.17","g","10.1093%2Fjmammal%2Fgyz043_SupplementaryDataSD1.tsv","Burger","2019","Burger","secondary","Burger_etal_2019","Mean_brain_mass_g","mass_or_volume_mixed","mass_or_volume_mixed","Brain_Mass_mass_or_volume"
"Lobodon carcinophaga","Brain_Mass","g",586.25,"586.25","g","10.1093%2Fjmammal%2Fgyz043_SupplementaryDataSD1.tsv","Burger","2019","Burger","secondary","Burger_etal_2019","Mean_brain_mass_g","mass_or_volume_mixed","mass_or_volume_mixed","Brain_Mass_mass_or_volume"
"Eumetopias jubatus","Brain_Mass","g",661.25,"661.25","g","10.1093%2Fjmammal%2Fgyz043_SupplementaryDataSD1.tsv","Burger","2019","Burger","secondary","Burger_etal_2019","Mean_brain_mass_g","mass_or_volume_mixed","mass_or_volume_mixed","Brain_Mass_mass_or_volume"
"Hydrurga leptonyx","Brain_Mass","g",712.5,"712.5","g","10.1093%2Fjmammal%2Fgyz043_SupplementaryDataSD1.tsv","Burger","2019","Burger","secondary","Burger_etal_2019","Mean_brain_mass_g","mass_or_volume_mixed","mass_or_volume_mixed","Brain_Mass_mass_or_volume"
"Mirounga leonina","Brain_Mass","g",1205,"1205","g","10.1093%2Fjmammal%2Fgyz043_SupplementaryDataSD1.tsv","Burger","2019","Burger","secondary","Burger_etal_2019","Mean_brain_mass_g","mass_or_volume_mixed","mass_or_volume_mixed","Brain_Mass_mass_or_volume"
"Odobenus rosmarus","Brain_Mass","g",1410.25,"1410.25","g","10.1093%2Fjmammal%2Fgyz043_SupplementaryDataSD1.tsv","Burger","2019","Burger","secondary","Burger_etal_2019","Mean_brain_mass_g","mass_or_volume_mixed","mass_or_volume_mixed","Brain_Mass_mass_or_volume"
"Vulpes vulpes","Brain_Mass","g",49.64,"49.64","g","10.1093%2Fjmammal%2Fgyz043_SupplementaryDataSD1.tsv","Burger","2019","Burger","secondary","Burger_etal_2019","Mean_brain_mass_g","mass_or_volume_mixed","mass_or_volume_mixed","Brain_Mass_mass_or_volume"
"Genetta tigrina","Brain_Mass","g",15.35,"15.35","g","10.1093%2Fjmammal%2Fgyz043_SupplementaryDataSD1.tsv","Burger","2019","Burger","secondary","Burger_etal_2019","Mean_brain_mass_g","mass_or_volume_mixed","mass_or_volume_mixed","Brain_Mass_mass_or_volume"
"Otocyon megalotis","Brain_Mass","g",26.09,"26.09","g","10.1093%2Fjmammal%2Fgyz043_SupplementaryDataSD1.tsv","Burger","2019","Burger","secondary","Burger_etal_2019","Mean_brain_mass_g","mass_or_volume_mixed","mass_or_volume_mixed","Brain_Mass_mass_or_volume"
"Potos flavus","Brain_Mass","g",33.08,"33.08","g","10.1093%2Fjmammal%2Fgyz043_SupplementaryDataSD1.tsv","Burger","2019","Burger","secondary","Burger_etal_2019","Mean_brain_mass_g","mass_or_volume_mixed","mass_or_volume_mixed","Brain_Mass_mass_or_volume"
"Nasua nasua","Brain_Mass","g",37.5,"37.5","g","10.1093%2Fjmammal%2Fgyz043_SupplementaryDataSD1.tsv","Burger","2019","Burger","secondary","Burger_etal_2019","Mean_brain_mass_g","mass_or_volume_mixed","mass_or_volume_mixed","Brain_Mass_mass_or_volume"
"Bassariscus sumichrasti","Brain_Mass","g",41.9,"41.9","g","10.1093%2Fjmammal%2Fgyz043_SupplementaryDataSD1.tsv","Burger","2019","Burger","secondary","Burger_etal_2019","Mean_brain_mass_g","mass_or_volume_mixed","mass_or_volume_mixed","Brain_Mass_mass_or_volume"
"Melursus ursinus","Brain_Mass","g",267,"267","g","10.1093%2Fjmammal%2Fgyz043_SupplementaryDataSD1.tsv","Burger","2019","Burger","secondary","Burger_etal_2019","Mean_brain_mass_g","mass_or_volume_mixed","mass_or_volume_mixed","Brain_Mass_mass_or_volume"
"Helarctos malayanus","Brain_Mass","g",385.5,"385.5","g","10.1093%2Fjmammal%2Fgyz043_SupplementaryDataSD1.tsv","Burger","2019","Burger","secondary","Burger_etal_2019","Mean_brain_mass_g","mass_or_volume_mixed","mass_or_volume_mixed","Brain_Mass_mass_or_volume"
"Erignathus barbatus","Brain_Mass","g",460,"460","g","10.1093%2Fjmammal%2Fgyz043_SupplementaryDataSD1.tsv","Burger","2019","Burger","secondary","Burger_etal_2019","Mean_brain_mass_g","mass_or_volume_mixed","mass_or_volume_mixed","Brain_Mass_mass_or_volume"
"Pagophilus groenlandicus","Brain_Mass","g",275,"275","g","10.1093%2Fjmammal%2Fgyz043_SupplementaryDataSD1.tsv","Burger","2019","Burger","secondary","Burger_etal_2019","Mean_brain_mass_g","mass_or_volume_mixed","mass_or_volume_mixed","Brain_Mass_mass_or_volume"
"Mirounga angustirostris","Brain_Mass","g",670,"670","g","10.1093%2Fjmammal%2Fgyz043_SupplementaryDataSD1.tsv","Burger","2019","Burger","secondary","Burger_etal_2019","Mean_brain_mass_g","mass_or_volume_mixed","mass_or_volume_mixed","Brain_Mass_mass_or_volume"
"Procyon lotor","Brain_Mass","g",41.07,"41.07","g","10.1093%2Fjmammal%2Fgyz043_SupplementaryDataSD1.tsv","Burger","2019","Burger","secondary","Burger_etal_2019","Mean_brain_mass_g","mass_or_volume_mixed","mass_or_volume_mixed","Brain_Mass_mass_or_volume"
"Nasua narica","Brain_Mass","g",44.17,"44.17","g","10.1093%2Fjmammal%2Fgyz043_SupplementaryDataSD1.tsv","Burger","2019","Burger","secondary","Burger_etal_2019","Mean_brain_mass_g","mass_or_volume_mixed","mass_or_volume_mixed","Brain_Mass_mass_or_volume"
"Phoca vitulina","Brain_Mass","g",315,"315","g","10.1093%2Fjmammal%2Fgyz043_SupplementaryDataSD1.tsv","Burger","2019","Burger","secondary","Burger_etal_2019","Mean_brain_mass_g","mass_or_volume_mixed","mass_or_volume_mixed","Brain_Mass_mass_or_volume"
"Mustela putorius","Brain_Mass","g",7.87,"7.87","g","10.1093%2Fjmammal%2Fgyz043_SupplementaryDataSD1.tsv","Burger","2019","Burger","secondary","Burger_etal_2019","Mean_brain_mass_g","mass_or_volume_mixed","mass_or_volume_mixed","Brain_Mass_mass_or_volume"
"Ichneumia albicauda","Brain_Mass","g",28.3,"28.3","g","10.1093%2Fjmammal%2Fgyz043_SupplementaryDataSD1.tsv","Burger","2019","Burger","secondary","Burger_etal_2019","Mean_brain_mass_g","mass_or_volume_mixed","mass_or_volume_mixed","Brain_Mass_mass_or_volume"
"Urocyon cinereoargenteus","Brain_Mass","g",37.28,"37.28","g","10.1093%2Fjmammal%2Fgyz043_SupplementaryDataSD1.tsv","Burger","2019","Burger","secondary","Burger_etal_2019","Mean_brain_mass_g","mass_or_volume_mixed","mass_or_volume_mixed","Brain_Mass_mass_or_volume"
"Leptailurus serval","Brain_Mass","g",54.1,"54.1","g","10.1093%2Fjmammal%2Fgyz043_SupplementaryDataSD1.tsv","Burger","2019","Burger","secondary","Burger_etal_2019","Mean_brain_mass_g","mass_or_volume_mixed","mass_or_volume_mixed","Brain_Mass_mass_or_volume"
"Leopardus pardalis","Brain_Mass","g",63.1,"63.1","g","10.1093%2Fjmammal%2Fgyz043_SupplementaryDataSD1.tsv","Burger","2019","Burger","secondary","Burger_etal_2019","Mean_brain_mass_g","mass_or_volume_mixed","mass_or_volume_mixed","Brain_Mass_mass_or_volume"
"Lynx rufus","Brain_Mass","g",65,"65","g","10.1093%2Fjmammal%2Fgyz043_SupplementaryDataSD1.tsv","Burger","2019","Burger","secondary","Burger_etal_2019","Mean_brain_mass_g","mass_or_volume_mixed","mass_or_volume_mixed","Brain_Mass_mass_or_volume"
"Lynx canadensis","Brain_Mass","g",69.5,"69.5","g","10.1093%2Fjmammal%2Fgyz043_SupplementaryDataSD1.tsv","Burger","2019","Burger","secondary","Burger_etal_2019","Mean_brain_mass_g","mass_or_volume_mixed","mass_or_volume_mixed","Brain_Mass_mass_or_volume"
"Panthera pardus","Brain_Mass","g",135,"135","g","10.1093%2Fjmammal%2Fgyz043_SupplementaryDataSD1.tsv","Burger","2019","Burger","secondary","Burger_etal_2019","Mean_brain_mass_g","mass_or_volume_mixed","mass_or_volume_mixed","Brain_Mass_mass_or_volume"
"Puma concolor","Brain_Mass","g",154,"154","g","10.1093%2Fjmammal%2Fgyz043_SupplementaryDataSD1.tsv","Burger","2019","Burger","secondary","Burger_etal_2019","Mean_brain_mass_g","mass_or_volume_mixed","mass_or_volume_mixed","Brain_Mass_mass_or_volume"
"Ursus americanus","Brain_Mass","g",248,"248","g","10.1093%2Fjmammal%2Fgyz043_SupplementaryDataSD1.tsv","Burger","2019","Burger","secondary","Burger_etal_2019","Mean_brain_mass_g","mass_or_volume_mixed","mass_or_volume_mixed","Brain_Mass_mass_or_volume"
"Monachus schauinslandi","Brain_Mass","g",370,"370","g","10.1093%2Fjmammal%2Fgyz043_SupplementaryDataSD1.tsv","Burger","2019","Burger","secondary","Burger_etal_2019","Mean_brain_mass_g","mass_or_volume_mixed","mass_or_volume_mixed","Brain_Mass_mass_or_volume"
"Arctocephalus philippii","Brain_Mass","g",415,"415","g","10.1093%2Fjmammal%2Fgyz043_SupplementaryDataSD1.tsv","Burger","2019","Burger","secondary","Burger_etal_2019","Mean_brain_mass_g","mass_or_volume_mixed","mass_or_volume_mixed","Brain_Mass_mass_or_volume"
"Genetta pardina","Brain_Mass","g",15.4,"15.4","g","10.1093%2Fjmammal%2Fgyz043_SupplementaryDataSD1.tsv","Burger","2019","Burger","secondary","Burger_etal_2019","Mean_brain_mass_g","mass_or_volume_mixed","mass_or_volume_mixed","Brain_Mass_mass_or_volume"
"Mustela nivalis","Brain_Mass","g",2,"2","g","10.1093%2Fjmammal%2Fgyz043_SupplementaryDataSD1.tsv","Burger","2019","Burger","secondary","Burger_etal_2019","Mean_brain_mass_g","mass_or_volume_mixed","mass_or_volume_mixed","Brain_Mass_mass_or_volume"
"Mustela frenata","Brain_Mass","g",4,"4","g","10.1093%2Fjmammal%2Fgyz043_SupplementaryDataSD1.tsv","Burger","2019","Burger","secondary","Burger_etal_2019","Mean_brain_mass_g","mass_or_volume_mixed","mass_or_volume_mixed","Brain_Mass_mass_or_volume"
"Mustela altaica","Brain_Mass","g",4.48,"4.48","g","10.1093%2Fjmammal%2Fgyz043_SupplementaryDataSD1.tsv","Burger","2019","Burger","secondary","Burger_etal_2019","Mean_brain_mass_g","mass_or_volume_mixed","mass_or_volume_mixed","Brain_Mass_mass_or_volume"
"Ictonyx libyca","Brain_Mass","g",4.48,"4.48","g","10.1093%2Fjmammal%2Fgyz043_SupplementaryDataSD1.tsv","Burger","2019","Burger","secondary","Burger_etal_2019","Mean_brain_mass_g","mass_or_volume_mixed","mass_or_volume_mixed","Brain_Mass_mass_or_volume"
"Poecilogale albinucha","Brain_Mass","g",4.5,"4.5","g","10.1093%2Fjmammal%2Fgyz043_SupplementaryDataSD1.tsv","Burger","2019","Burger","secondary","Burger_etal_2019","Mean_brain_mass_g","mass_or_volume_mixed","mass_or_volume_mixed","Brain_Mass_mass_or_volume"
"Helogale parvula","Brain_Mass","g",4.8,"4.8","g","10.1093%2Fjmammal%2Fgyz043_SupplementaryDataSD1.tsv","Burger","2019","Burger","secondary","Burger_etal_2019","Mean_brain_mass_g","mass_or_volume_mixed","mass_or_volume_mixed","Brain_Mass_mass_or_volume"
"Vormela peregusna","Brain_Mass","g",4.8,"4.8","g","10.1093%2Fjmammal%2Fgyz043_SupplementaryDataSD1.tsv","Burger","2019","Burger","secondary","Burger_etal_2019","Mean_brain_mass_g","mass_or_volume_mixed","mass_or_volume_mixed","Brain_Mass_mass_or_volume"
"Spilogale putorius","Brain_Mass","g",5,"5","g","10.1093%2Fjmammal%2Fgyz043_SupplementaryDataSD1.tsv","Burger","2019","Burger","secondary","Burger_etal_2019","Mean_brain_mass_g","mass_or_volume_mixed","mass_or_volume_mixed","Brain_Mass_mass_or_volume"
"Mustela sibirica","Brain_Mass","g",6,"6","g","10.1093%2Fjmammal%2Fgyz043_SupplementaryDataSD1.tsv","Burger","2019","Burger","secondary","Burger_etal_2019","Mean_brain_mass_g","mass_or_volume_mixed","mass_or_volume_mixed","Brain_Mass_mass_or_volume"
"Spilogale gracilis","Brain_Mass","g",6.81,"6.81","g","10.1093%2Fjmammal%2Fgyz043_SupplementaryDataSD1.tsv","Burger","2019","Burger","secondary","Burger_etal_2019","Mean_brain_mass_g","mass_or_volume_mixed","mass_or_volume_mixed","Brain_Mass_mass_or_volume"
"Mustela vison","Brain_Mass","g",7,"7","g","10.1093%2Fjmammal%2Fgyz043_SupplementaryDataSD1.tsv","Burger","2019","Burger","secondary","Burger_etal_2019","Mean_brain_mass_g","mass_or_volume_mixed","mass_or_volume_mixed","Brain_Mass_mass_or_volume"
"Herpestes javanicus","Brain_Mass","g",7.2,"7.2","g","10.1093%2Fjmammal%2Fgyz043_SupplementaryDataSD1.tsv","Burger","2019","Burger","secondary","Burger_etal_2019","Mean_brain_mass_g","mass_or_volume_mixed","mass_or_volume_mixed","Brain_Mass_mass_or_volume"
"Mustela lutreolina","Brain_Mass","g",8.5,"8.5","g","10.1093%2Fjmammal%2Fgyz043_SupplementaryDataSD1.tsv","Burger","2019","Burger","secondary","Burger_etal_2019","Mean_brain_mass_g","mass_or_volume_mixed","mass_or_volume_mixed","Brain_Mass_mass_or_volume"
"Mustela lutreola","Brain_Mass","g",8.5,"8.5","g","10.1093%2Fjmammal%2Fgyz043_SupplementaryDataSD1.tsv","Burger","2019","Burger","secondary","Burger_etal_2019","Mean_brain_mass_g","mass_or_volume_mixed","mass_or_volume_mixed","Brain_Mass_mass_or_volume"
"Prionodon linsang","Brain_Mass","g",8.5,"8.5","g","10.1093%2Fjmammal%2Fgyz043_SupplementaryDataSD1.tsv","Burger","2019","Burger","secondary","Burger_etal_2019","Mean_brain_mass_g","mass_or_volume_mixed","mass_or_volume_mixed","Brain_Mass_mass_or_volume"
"Ictonyx striatus","Brain_Mass","g",8.5,"8.5","g","10.1093%2Fjmammal%2Fgyz043_SupplementaryDataSD1.tsv","Burger","2019","Burger","secondary","Burger_etal_2019","Mean_brain_mass_g","mass_or_volume_mixed","mass_or_volume_mixed","Brain_Mass_mass_or_volume"
"Mustela nigripes","Brain_Mass","g",8.5,"8.5","g","10.1093%2Fjmammal%2Fgyz043_SupplementaryDataSD1.tsv","Burger","2019","Burger","secondary","Burger_etal_2019","Mean_brain_mass_g","mass_or_volume_mixed","mass_or_volume_mixed","Brain_Mass_mass_or_volume"
"Galerella sanguinea","Brain_Mass","g",8.8,"8.8","g","10.1093%2Fjmammal%2Fgyz043_SupplementaryDataSD1.tsv","Burger","2019","Burger","secondary","Burger_etal_2019","Mean_brain_mass_g","mass_or_volume_mixed","mass_or_volume_mixed","Brain_Mass_mass_or_volume"
"Prionodon pardicolor","Brain_Mass","g",9.03,"9.03","g","10.1093%2Fjmammal%2Fgyz043_SupplementaryDataSD1.tsv","Burger","2019","Burger","secondary","Burger_etal_2019","Mean_brain_mass_g","mass_or_volume_mixed","mass_or_volume_mixed","Brain_Mass_mass_or_volume"
"Crossarchus obscurus","Brain_Mass","g",9.99,"9.99","g","10.1093%2Fjmammal%2Fgyz043_SupplementaryDataSD1.tsv","Burger","2019","Burger","secondary","Burger_etal_2019","Mean_brain_mass_g","mass_or_volume_mixed","mass_or_volume_mixed","Brain_Mass_mass_or_volume"
"Suricata suricatta","Brain_Mass","g",10.3,"10.3","g","10.1093%2Fjmammal%2Fgyz043_SupplementaryDataSD1.tsv","Burger","2019","Burger","secondary","Burger_etal_2019","Mean_brain_mass_g","mass_or_volume_mixed","mass_or_volume_mixed","Brain_Mass_mass_or_volume"
"Herpestes edwardsi","Brain_Mass","g",10.49,"10.49","g","10.1093%2Fjmammal%2Fgyz043_SupplementaryDataSD1.tsv","Burger","2019","Burger","secondary","Burger_etal_2019","Mean_brain_mass_g","mass_or_volume_mixed","mass_or_volume_mixed","Brain_Mass_mass_or_volume"
"Cynictis penicillata","Brain_Mass","g",10.5,"10.5","g","10.1093%2Fjmammal%2Fgyz043_SupplementaryDataSD1.tsv","Burger","2019","Burger","secondary","Burger_etal_2019","Mean_brain_mass_g","mass_or_volume_mixed","mass_or_volume_mixed","Brain_Mass_mass_or_volume"
"Mungos mungo","Brain_Mass","g",10.5,"10.5","g","10.1093%2Fjmammal%2Fgyz043_SupplementaryDataSD1.tsv","Burger","2019","Burger","secondary","Burger_etal_2019","Mean_brain_mass_g","mass_or_volume_mixed","mass_or_volume_mixed","Brain_Mass_mass_or_volume"
"Galidia elegans","Brain_Mass","g",10.7,"10.7","g","10.1093%2Fjmammal%2Fgyz043_SupplementaryDataSD1.tsv","Burger","2019","Burger","secondary","Burger_etal_2019","Mean_brain_mass_g","mass_or_volume_mixed","mass_or_volume_mixed","Brain_Mass_mass_or_volume"
"Salanoia concolor","Brain_Mass","g",11.02,"11.02","g","10.1093%2Fjmammal%2Fgyz043_SupplementaryDataSD1.tsv","Burger","2019","Burger","secondary","Burger_etal_2019","Mean_brain_mass_g","mass_or_volume_mixed","mass_or_volume_mixed","Brain_Mass_mass_or_volume"
"Galerella pulverulenta","Brain_Mass","g",11.02,"11.02","g","10.1093%2Fjmammal%2Fgyz043_SupplementaryDataSD1.tsv","Burger","2019","Burger","secondary","Burger_etal_2019","Mean_brain_mass_g","mass_or_volume_mixed","mass_or_volume_mixed","Brain_Mass_mass_or_volume"
"Herpestes fuscus","Brain_Mass","g",12.55,"12.55","g","10.1093%2Fjmammal%2Fgyz043_SupplementaryDataSD1.tsv","Burger","2019","Burger","secondary","Burger_etal_2019","Mean_brain_mass_g","mass_or_volume_mixed","mass_or_volume_mixed","Brain_Mass_mass_or_volume"
"Conepatus humboldtii","Brain_Mass","g",12.6,"12.6","g","10.1093%2Fjmammal%2Fgyz043_SupplementaryDataSD1.tsv","Burger","2019","Burger","secondary","Burger_etal_2019","Mean_brain_mass_g","mass_or_volume_mixed","mass_or_volume_mixed","Brain_Mass_mass_or_volume"
"Genetta genetta","Brain_Mass","g",14,"14","g","10.1093%2Fjmammal%2Fgyz043_SupplementaryDataSD1.tsv","Burger","2019","Burger","secondary","Burger_etal_2019","Mean_brain_mass_g","mass_or_volume_mixed","mass_or_volume_mixed","Brain_Mass_mass_or_volume"
"Conepatus leuconotus","Brain_Mass","g",14.4,"14.4","g","10.1093%2Fjmammal%2Fgyz043_SupplementaryDataSD1.tsv","Burger","2019","Burger","secondary","Burger_etal_2019","Mean_brain_mass_g","mass_or_volume_mixed","mass_or_volume_mixed","Brain_Mass_mass_or_volume"
"Herpestes smithii","Brain_Mass","g",14.6,"14.6","g","10.1093%2Fjmammal%2Fgyz043_SupplementaryDataSD1.tsv","Burger","2019","Burger","secondary","Burger_etal_2019","Mean_brain_mass_g","mass_or_volume_mixed","mass_or_volume_mixed","Brain_Mass_mass_or_volume"
"Mydaus marchei","Brain_Mass","g",14.87,"14.87","g","10.1093%2Fjmammal%2Fgyz043_SupplementaryDataSD1.tsv","Burger","2019","Burger","secondary","Burger_etal_2019","Mean_brain_mass_g","mass_or_volume_mixed","mass_or_volume_mixed","Brain_Mass_mass_or_volume"
"Genetta angolensis","Brain_Mass","g",15.49,"15.49","g","10.1093%2Fjmammal%2Fgyz043_SupplementaryDataSD1.tsv","Burger","2019","Burger","secondary","Burger_etal_2019","Mean_brain_mass_g","mass_or_volume_mixed","mass_or_volume_mixed","Brain_Mass_mass_or_volume"
"Martes americana","Brain_Mass","g",15.8,"15.8","g","10.1093%2Fjmammal%2Fgyz043_SupplementaryDataSD1.tsv","Burger","2019","Burger","secondary","Burger_etal_2019","Mean_brain_mass_g","mass_or_volume_mixed","mass_or_volume_mixed","Brain_Mass_mass_or_volume"
"Paracynictis selousi","Brain_Mass","g",15.8,"15.8","g","10.1093%2Fjmammal%2Fgyz043_SupplementaryDataSD1.tsv","Burger","2019","Burger","secondary","Burger_etal_2019","Mean_brain_mass_g","mass_or_volume_mixed","mass_or_volume_mixed","Brain_Mass_mass_or_volume"
"Bassariscus astutus","Brain_Mass","g",16,"16","g","10.1093%2Fjmammal%2Fgyz043_SupplementaryDataSD1.tsv","Burger","2019","Burger","secondary","Burger_etal_2019","Mean_brain_mass_g","mass_or_volume_mixed","mass_or_volume_mixed","Brain_Mass_mass_or_volume"
"Genetta servalina","Brain_Mass","g",16,"16","g","10.1093%2Fjmammal%2Fgyz043_SupplementaryDataSD1.tsv","Burger","2019","Burger","secondary","Burger_etal_2019","Mean_brain_mass_g","mass_or_volume_mixed","mass_or_volume_mixed","Brain_Mass_mass_or_volume"
"Viverricula indica","Brain_Mass","g",16.78,"16.78","g","10.1093%2Fjmammal%2Fgyz043_SupplementaryDataSD1.tsv","Burger","2019","Burger","secondary","Burger_etal_2019","Mean_brain_mass_g","mass_or_volume_mixed","mass_or_volume_mixed","Brain_Mass_mass_or_volume"
"Bdeogale crassicauda","Brain_Mass","g",16.95,"16.95","g","10.1093%2Fjmammal%2Fgyz043_SupplementaryDataSD1.tsv","Burger","2019","Burger","secondary","Burger_etal_2019","Mean_brain_mass_g","mass_or_volume_mixed","mass_or_volume_mixed","Brain_Mass_mass_or_volume"
"Rhynchogale melleri","Brain_Mass","g",16.95,"16.95","g","10.1093%2Fjmammal%2Fgyz043_SupplementaryDataSD1.tsv","Burger","2019","Burger","secondary","Burger_etal_2019","Mean_brain_mass_g","mass_or_volume_mixed","mass_or_volume_mixed","Brain_Mass_mass_or_volume"
"Eupleres goudotii","Brain_Mass","g",17,"17","g","10.1093%2Fjmammal%2Fgyz043_SupplementaryDataSD1.tsv","Burger","2019","Burger","secondary","Burger_etal_2019","Mean_brain_mass_g","mass_or_volume_mixed","mass_or_volume_mixed","Brain_Mass_mass_or_volume"
"Vulpes zerda","Brain_Mass","g",17.3,"17.3","g","10.1093%2Fjmammal%2Fgyz043_SupplementaryDataSD1.tsv","Burger","2019","Burger","secondary","Burger_etal_2019","Mean_brain_mass_g","mass_or_volume_mixed","mass_or_volume_mixed","Brain_Mass_mass_or_volume"
"Nandinia binotata","Brain_Mass","g",17.3,"17.3","g","10.1093%2Fjmammal%2Fgyz043_SupplementaryDataSD1.tsv","Burger","2019","Burger","secondary","Burger_etal_2019","Mean_brain_mass_g","mass_or_volume_mixed","mass_or_volume_mixed","Brain_Mass_mass_or_volume"
"Paradoxurus zeylonensis","Brain_Mass","g",17.81,"17.81","g","10.1093%2Fjmammal%2Fgyz043_SupplementaryDataSD1.tsv","Burger","2019","Burger","secondary","Burger_etal_2019","Mean_brain_mass_g","mass_or_volume_mixed","mass_or_volume_mixed","Brain_Mass_mass_or_volume"
"Galictis vittatus","Brain_Mass","g",17.97,"17.97","g","10.1093%2Fjmammal%2Fgyz043_SupplementaryDataSD1.tsv","Burger","2019","Burger","secondary","Burger_etal_2019","Mean_brain_mass_g","mass_or_volume_mixed","mass_or_volume_mixed","Brain_Mass_mass_or_volume"
"Martes martes","Brain_Mass","g",18,"18","g","10.1093%2Fjmammal%2Fgyz043_SupplementaryDataSD1.tsv","Burger","2019","Burger","secondary","Burger_etal_2019","Mean_brain_mass_g","mass_or_volume_mixed","mass_or_volume_mixed","Brain_Mass_mass_or_volume"
"Martes zibellina","Brain_Mass","g",18.5,"18.5","g","10.1093%2Fjmammal%2Fgyz043_SupplementaryDataSD1.tsv","Burger","2019","Burger","secondary","Burger_etal_2019","Mean_brain_mass_g","mass_or_volume_mixed","mass_or_volume_mixed","Brain_Mass_mass_or_volume"
"Conepatus chinga","Brain_Mass","g",18.7,"18.7","g","10.1093%2Fjmammal%2Fgyz043_SupplementaryDataSD1.tsv","Burger","2019","Burger","secondary","Burger_etal_2019","Mean_brain_mass_g","mass_or_volume_mixed","mass_or_volume_mixed","Brain_Mass_mass_or_volume"
"Galictis cuja","Brain_Mass","g",18.8,"18.8","g","10.1093%2Fjmammal%2Fgyz043_SupplementaryDataSD1.tsv","Burger","2019","Burger","secondary","Burger_etal_2019","Mean_brain_mass_g","mass_or_volume_mixed","mass_or_volume_mixed","Brain_Mass_mass_or_volume"
"Hemigalus derbyanus","Brain_Mass","g",18.9,"18.9","g","10.1093%2Fjmammal%2Fgyz043_SupplementaryDataSD1.tsv","Burger","2019","Burger","secondary","Burger_etal_2019","Mean_brain_mass_g","mass_or_volume_mixed","mass_or_volume_mixed","Brain_Mass_mass_or_volume"
"Prionailurus rubiginosus","Brain_Mass","g",18.92,"18.92","g","10.1093%2Fjmammal%2Fgyz043_SupplementaryDataSD1.tsv","Burger","2019","Burger","secondary","Burger_etal_2019","Mean_brain_mass_g","mass_or_volume_mixed","mass_or_volume_mixed","Brain_Mass_mass_or_volume"
"Bassaricyon gabbii","Brain_Mass","g",19.3,"19.3","g","10.1093%2Fjmammal%2Fgyz043_SupplementaryDataSD1.tsv","Burger","2019","Burger","secondary","Burger_etal_2019","Mean_brain_mass_g","mass_or_volume_mixed","mass_or_volume_mixed","Brain_Mass_mass_or_volume"
"Bassaricyon alleni","Brain_Mass","g",19.37,"19.37","g","10.1093%2Fjmammal%2Fgyz043_SupplementaryDataSD1.tsv","Burger","2019","Burger","secondary","Burger_etal_2019","Mean_brain_mass_g","mass_or_volume_mixed","mass_or_volume_mixed","Brain_Mass_mass_or_volume"
"Mydaus javanensis","Brain_Mass","g",19.49,"19.49","g","10.1093%2Fjmammal%2Fgyz043_SupplementaryDataSD1.tsv","Burger","2019","Burger","secondary","Burger_etal_2019","Mean_brain_mass_g","mass_or_volume_mixed","mass_or_volume_mixed","Brain_Mass_mass_or_volume"
"Fossa fossana","Brain_Mass","g",19.69,"19.69","g","10.1093%2Fjmammal%2Fgyz043_SupplementaryDataSD1.tsv","Burger","2019","Burger","secondary","Burger_etal_2019","Mean_brain_mass_g","mass_or_volume_mixed","mass_or_volume_mixed","Brain_Mass_mass_or_volume"
"Felis nigripes","Brain_Mass","g",20.1,"20.1","g","10.1093%2Fjmammal%2Fgyz043_SupplementaryDataSD1.tsv","Burger","2019","Burger","secondary","Burger_etal_2019","Mean_brain_mass_g","mass_or_volume_mixed","mass_or_volume_mixed","Brain_Mass_mass_or_volume"
"Martes foina","Brain_Mass","g",20.9,"20.9","g","10.1093%2Fjmammal%2Fgyz043_SupplementaryDataSD1.tsv","Burger","2019","Burger","secondary","Burger_etal_2019","Mean_brain_mass_g","mass_or_volume_mixed","mass_or_volume_mixed","Brain_Mass_mass_or_volume"
"Herpestes urva","Brain_Mass","g",20.91,"20.91","g","10.1093%2Fjmammal%2Fgyz043_SupplementaryDataSD1.tsv","Burger","2019","Burger","secondary","Burger_etal_2019","Mean_brain_mass_g","mass_or_volume_mixed","mass_or_volume_mixed","Brain_Mass_mass_or_volume"
"Prionailurus planiceps","Brain_Mass","g",21.98,"21.98","g","10.1093%2Fjmammal%2Fgyz043_SupplementaryDataSD1.tsv","Burger","2019","Burger","secondary","Burger_etal_2019","Mean_brain_mass_g","mass_or_volume_mixed","mass_or_volume_mixed","Brain_Mass_mass_or_volume"
"Arctogalidia trivirgata","Brain_Mass","g",21.98,"21.98","g","10.1093%2Fjmammal%2Fgyz043_SupplementaryDataSD1.tsv","Burger","2019","Burger","secondary","Burger_etal_2019","Mean_brain_mass_g","mass_or_volume_mixed","mass_or_volume_mixed","Brain_Mass_mass_or_volume"
"Herpestes ichneumon","Brain_Mass","g",23.3,"23.3","g","10.1093%2Fjmammal%2Fgyz043_SupplementaryDataSD1.tsv","Burger","2019","Burger","secondary","Burger_etal_2019","Mean_brain_mass_g","mass_or_volume_mixed","mass_or_volume_mixed","Brain_Mass_mass_or_volume"
"Viverra tangalunga","Brain_Mass","g",24.1,"24.1","g","10.1093%2Fjmammal%2Fgyz043_SupplementaryDataSD1.tsv","Burger","2019","Burger","secondary","Burger_etal_2019","Mean_brain_mass_g","mass_or_volume_mixed","mass_or_volume_mixed","Brain_Mass_mass_or_volume"
"Vulpes bengalensis","Brain_Mass","g",24.5,"24.5","g","10.1093%2Fjmammal%2Fgyz043_SupplementaryDataSD1.tsv","Burger","2019","Burger","secondary","Burger_etal_2019","Mean_brain_mass_g","mass_or_volume_mixed","mass_or_volume_mixed","Brain_Mass_mass_or_volume"
"Vulpes pallida","Brain_Mass","g",25.03,"25.03","g","10.1093%2Fjmammal%2Fgyz043_SupplementaryDataSD1.tsv","Burger","2019","Burger","secondary","Burger_etal_2019","Mean_brain_mass_g","mass_or_volume_mixed","mass_or_volume_mixed","Brain_Mass_mass_or_volume"
"Herpestes naso","Brain_Mass","g",25.53,"25.53","g","10.1093%2Fjmammal%2Fgyz043_SupplementaryDataSD1.tsv","Burger","2019","Burger","secondary","Burger_etal_2019","Mean_brain_mass_g","mass_or_volume_mixed","mass_or_volume_mixed","Brain_Mass_mass_or_volume"
"Felis catus","Brain_Mass","g",25.6,"25.6","g","10.1093%2Fjmammal%2Fgyz043_SupplementaryDataSD1.tsv","Burger","2019","Burger","secondary","Burger_etal_2019","Mean_brain_mass_g","mass_or_volume_mixed","mass_or_volume_mixed","Brain_Mass_mass_or_volume"
"Herpestes vitticollis","Brain_Mass","g",25.79,"25.79","g","10.1093%2Fjmammal%2Fgyz043_SupplementaryDataSD1.tsv","Burger","2019","Burger","secondary","Burger_etal_2019","Mean_brain_mass_g","mass_or_volume_mixed","mass_or_volume_mixed","Brain_Mass_mass_or_volume"
"Vulpes rueppellii","Brain_Mass","g",25.8,"25.8","g","10.1093%2Fjmammal%2Fgyz043_SupplementaryDataSD1.tsv","Burger","2019","Burger","secondary","Burger_etal_2019","Mean_brain_mass_g","mass_or_volume_mixed","mass_or_volume_mixed","Brain_Mass_mass_or_volume"
"Paradoxurus hermaphroditus","Brain_Mass","g",25.95,"25.95","g","10.1093%2Fjmammal%2Fgyz043_SupplementaryDataSD1.tsv","Burger","2019","Burger","secondary","Burger_etal_2019","Mean_brain_mass_g","mass_or_volume_mixed","mass_or_volume_mixed","Brain_Mass_mass_or_volume"
"Urocyon littoralis","Brain_Mass","g",27.7,"27.7","g","10.1093%2Fjmammal%2Fgyz043_SupplementaryDataSD1.tsv","Burger","2019","Burger","secondary","Burger_etal_2019","Mean_brain_mass_g","mass_or_volume_mixed","mass_or_volume_mixed","Brain_Mass_mass_or_volume"
"Atilax paludinosus","Brain_Mass","g",28.5,"28.5","g","10.1093%2Fjmammal%2Fgyz043_SupplementaryDataSD1.tsv","Burger","2019","Burger","secondary","Burger_etal_2019","Mean_brain_mass_g","mass_or_volume_mixed","mass_or_volume_mixed","Brain_Mass_mass_or_volume"
"Nyctereutes procyonoides","Brain_Mass","g",28.5,"28.5","g","10.1093%2Fjmammal%2Fgyz043_SupplementaryDataSD1.tsv","Burger","2019","Burger","secondary","Burger_etal_2019","Mean_brain_mass_g","mass_or_volume_mixed","mass_or_volume_mixed","Brain_Mass_mass_or_volume"
"Martes pennanti","Brain_Mass","g",29,"29","g","10.1093%2Fjmammal%2Fgyz043_SupplementaryDataSD1.tsv","Burger","2019","Burger","secondary","Burger_etal_2019","Mean_brain_mass_g","mass_or_volume_mixed","mass_or_volume_mixed","Brain_Mass_mass_or_volume"
"Prionailurus bengalensis","Brain_Mass","g",29.37,"29.37","g","10.1093%2Fjmammal%2Fgyz043_SupplementaryDataSD1.tsv","Burger","2019","Burger","secondary","Burger_etal_2019","Mean_brain_mass_g","mass_or_volume_mixed","mass_or_volume_mixed","Brain_Mass_mass_or_volume"
"Cynogale bennettii","Brain_Mass","g",29.96,"29.96","g","10.1093%2Fjmammal%2Fgyz043_SupplementaryDataSD1.tsv","Burger","2019","Burger","secondary","Burger_etal_2019","Mean_brain_mass_g","mass_or_volume_mixed","mass_or_volume_mixed","Brain_Mass_mass_or_volume"
"Paguma larvata","Brain_Mass","g",30.9,"30.9","g","10.1093%2Fjmammal%2Fgyz043_SupplementaryDataSD1.tsv","Burger","2019","Burger","secondary","Burger_etal_2019","Mean_brain_mass_g","mass_or_volume_mixed","mass_or_volume_mixed","Brain_Mass_mass_or_volume"
"Vulpes velox","Brain_Mass","g",32.1,"32.1","g","10.1093%2Fjmammal%2Fgyz043_SupplementaryDataSD1.tsv","Burger","2019","Burger","secondary","Burger_etal_2019","Mean_brain_mass_g","mass_or_volume_mixed","mass_or_volume_mixed","Brain_Mass_mass_or_volume"
"Cryptoprocta ferox","Brain_Mass","g",32.1,"32.1","g","10.1093%2Fjmammal%2Fgyz043_SupplementaryDataSD1.tsv","Burger","2019","Burger","secondary","Burger_etal_2019","Mean_brain_mass_g","mass_or_volume_mixed","mass_or_volume_mixed","Brain_Mass_mass_or_volume"
"Hydrictis maculicollis","Brain_Mass","g",33,"33","g","10.1093%2Fjmammal%2Fgyz043_SupplementaryDataSD1.tsv","Burger","2019","Burger","secondary","Burger_etal_2019","Mean_brain_mass_g","mass_or_volume_mixed","mass_or_volume_mixed","Brain_Mass_mass_or_volume"
"Vulpes chama","Brain_Mass","g",33.5,"33.5","g","10.1093%2Fjmammal%2Fgyz043_SupplementaryDataSD1.tsv","Burger","2019","Burger","secondary","Burger_etal_2019","Mean_brain_mass_g","mass_or_volume_mixed","mass_or_volume_mixed","Brain_Mass_mass_or_volume"
"Leopardus geoffroyi","Brain_Mass","g",34,"34","g","10.1093%2Fjmammal%2Fgyz043_SupplementaryDataSD1.tsv","Burger","2019","Burger","secondary","Burger_etal_2019","Mean_brain_mass_g","mass_or_volume_mixed","mass_or_volume_mixed","Brain_Mass_mass_or_volume"
"Martes flavigula","Brain_Mass","g",34.12,"34.12","g","10.1093%2Fjmammal%2Fgyz043_SupplementaryDataSD1.tsv","Burger","2019","Burger","secondary","Burger_etal_2019","Mean_brain_mass_g","mass_or_volume_mixed","mass_or_volume_mixed","Brain_Mass_mass_or_volume"
"Felis manul","Brain_Mass","g",34.47,"34.47","g","10.1093%2Fjmammal%2Fgyz043_SupplementaryDataSD1.tsv","Burger","2019","Burger","secondary","Burger_etal_2019","Mean_brain_mass_g","mass_or_volume_mixed","mass_or_volume_mixed","Brain_Mass_mass_or_volume"
"Proteles cristata","Brain_Mass","g",35.2,"35.2","g","10.1093%2Fjmammal%2Fgyz043_SupplementaryDataSD1.tsv","Burger","2019","Burger","secondary","Burger_etal_2019","Mean_brain_mass_g","mass_or_volume_mixed","mass_or_volume_mixed","Brain_Mass_mass_or_volume"
"Vulpes lagopus","Brain_Mass","g",35.5,"35.5","g","10.1093%2Fjmammal%2Fgyz043_SupplementaryDataSD1.tsv","Burger","2019","Burger","secondary","Burger_etal_2019","Mean_brain_mass_g","mass_or_volume_mixed","mass_or_volume_mixed","Brain_Mass_mass_or_volume"
"Felis silvestris","Brain_Mass","g",35.5,"35.5","g","10.1093%2Fjmammal%2Fgyz043_SupplementaryDataSD1.tsv","Burger","2019","Burger","secondary","Burger_etal_2019","Mean_brain_mass_g","mass_or_volume_mixed","mass_or_volume_mixed","Brain_Mass_mass_or_volume"
"Viverra megaspila","Brain_Mass","g",36.6,"36.6","g","10.1093%2Fjmammal%2Fgyz043_SupplementaryDataSD1.tsv","Burger","2019","Burger","secondary","Burger_etal_2019","Mean_brain_mass_g","mass_or_volume_mixed","mass_or_volume_mixed","Brain_Mass_mass_or_volume"
"Felis chaus","Brain_Mass","g",37,"37","g","10.1093%2Fjmammal%2Fgyz043_SupplementaryDataSD1.tsv","Burger","2019","Burger","secondary","Burger_etal_2019","Mean_brain_mass_g","mass_or_volume_mixed","mass_or_volume_mixed","Brain_Mass_mass_or_volume"
"Viverra zibetha","Brain_Mass","g",37,"37","g","10.1093%2Fjmammal%2Fgyz043_SupplementaryDataSD1.tsv","Burger","2019","Burger","secondary","Burger_etal_2019","Mean_brain_mass_g","mass_or_volume_mixed","mass_or_volume_mixed","Brain_Mass_mass_or_volume"
"Civettictis civetta","Brain_Mass","g",37,"37","g","10.1093%2Fjmammal%2Fgyz043_SupplementaryDataSD1.tsv","Burger","2019","Burger","secondary","Burger_etal_2019","Mean_brain_mass_g","mass_or_volume_mixed","mass_or_volume_mixed","Brain_Mass_mass_or_volume"
"Aonyx cinerea","Brain_Mass","g",38.09,"38.09","g","10.1093%2Fjmammal%2Fgyz043_SupplementaryDataSD1.tsv","Burger","2019","Burger","secondary","Burger_etal_2019","Mean_brain_mass_g","mass_or_volume_mixed","mass_or_volume_mixed","Brain_Mass_mass_or_volume"
"Lontra felina","Brain_Mass","g",38.9,"38.9","g","10.1093%2Fjmammal%2Fgyz043_SupplementaryDataSD1.tsv","Burger","2019","Burger","secondary","Burger_etal_2019","Mean_brain_mass_g","mass_or_volume_mixed","mass_or_volume_mixed","Brain_Mass_mass_or_volume"
"Lutra lutra","Brain_Mass","g",39,"39","g","10.1093%2Fjmammal%2Fgyz043_SupplementaryDataSD1.tsv","Burger","2019","Burger","secondary","Burger_etal_2019","Mean_brain_mass_g","mass_or_volume_mixed","mass_or_volume_mixed","Brain_Mass_mass_or_volume"
"Lycalopex gymnocercus","Brain_Mass","g",40,"40","g","10.1093%2Fjmammal%2Fgyz043_SupplementaryDataSD1.tsv","Burger","2019","Burger","secondary","Burger_etal_2019","Mean_brain_mass_g","mass_or_volume_mixed","mass_or_volume_mixed","Brain_Mass_mass_or_volume"
"Speothos venaticus","Brain_Mass","g",40.5,"40.5","g","10.1093%2Fjmammal%2Fgyz043_SupplementaryDataSD1.tsv","Burger","2019","Burger","secondary","Burger_etal_2019","Mean_brain_mass_g","mass_or_volume_mixed","mass_or_volume_mixed","Brain_Mass_mass_or_volume"
"Arctictis binturong","Brain_Mass","g",40.85,"40.85","g","10.1093%2Fjmammal%2Fgyz043_SupplementaryDataSD1.tsv","Burger","2019","Burger","secondary","Burger_etal_2019","Mean_brain_mass_g","mass_or_volume_mixed","mass_or_volume_mixed","Brain_Mass_mass_or_volume"
"Puma yagouaroundi","Brain_Mass","g",40.9,"40.9","g","10.1093%2Fjmammal%2Fgyz043_SupplementaryDataSD1.tsv","Burger","2019","Burger","secondary","Burger_etal_2019","Mean_brain_mass_g","mass_or_volume_mixed","mass_or_volume_mixed","Brain_Mass_mass_or_volume"
"Viverra civettina","Brain_Mass","g",42.1,"42.1","g","10.1093%2Fjmammal%2Fgyz043_SupplementaryDataSD1.tsv","Burger","2019","Burger","secondary","Burger_etal_2019","Mean_brain_mass_g","mass_or_volume_mixed","mass_or_volume_mixed","Brain_Mass_mass_or_volume"
"Lycalopex griseus","Brain_Mass","g",42.47,"42.47","g","10.1093%2Fjmammal%2Fgyz043_SupplementaryDataSD1.tsv","Burger","2019","Burger","secondary","Burger_etal_2019","Mean_brain_mass_g","mass_or_volume_mixed","mass_or_volume_mixed","Brain_Mass_mass_or_volume"
"Meles meles","Brain_Mass","g",45.5,"45.5","g","10.1093%2Fjmammal%2Fgyz043_SupplementaryDataSD1.tsv","Burger","2019","Burger","secondary","Burger_etal_2019","Mean_brain_mass_g","mass_or_volume_mixed","mass_or_volume_mixed","Brain_Mass_mass_or_volume"
"Prionailurus viverrinus","Brain_Mass","g",46.53,"46.53","g","10.1093%2Fjmammal%2Fgyz043_SupplementaryDataSD1.tsv","Burger","2019","Burger","secondary","Burger_etal_2019","Mean_brain_mass_g","mass_or_volume_mixed","mass_or_volume_mixed","Brain_Mass_mass_or_volume"
"Ailurus fulgens","Brain_Mass","g",46.8,"46.8","g","10.1093%2Fjmammal%2Fgyz043_SupplementaryDataSD1.tsv","Burger","2019","Burger","secondary","Burger_etal_2019","Mean_brain_mass_g","mass_or_volume_mixed","mass_or_volume_mixed","Brain_Mass_mass_or_volume"
"Eira barbara","Brain_Mass","g",47.05,"47.05","g","10.1093%2Fjmammal%2Fgyz043_SupplementaryDataSD1.tsv","Burger","2019","Burger","secondary","Burger_etal_2019","Mean_brain_mass_g","mass_or_volume_mixed","mass_or_volume_mixed","Brain_Mass_mass_or_volume"
"Taxidea taxus","Brain_Mass","g",48.9,"48.9","g","10.1093%2Fjmammal%2Fgyz043_SupplementaryDataSD1.tsv","Burger","2019","Burger","secondary","Burger_etal_2019","Mean_brain_mass_g","mass_or_volume_mixed","mass_or_volume_mixed","Brain_Mass_mass_or_volume"
"Arctonyx collaris","Brain_Mass","g",49.4,"49.4","g","10.1093%2Fjmammal%2Fgyz043_SupplementaryDataSD1.tsv","Burger","2019","Burger","secondary","Burger_etal_2019","Mean_brain_mass_g","mass_or_volume_mixed","mass_or_volume_mixed","Brain_Mass_mass_or_volume"
"Cerdocyon thous","Brain_Mass","g",49.5,"49.5","g","10.1093%2Fjmammal%2Fgyz043_SupplementaryDataSD1.tsv","Burger","2019","Burger","secondary","Burger_etal_2019","Mean_brain_mass_g","mass_or_volume_mixed","mass_or_volume_mixed","Brain_Mass_mass_or_volume"
"Lontra canadensis","Brain_Mass","g",50.5,"50.5","g","10.1093%2Fjmammal%2Fgyz043_SupplementaryDataSD1.tsv","Burger","2019","Burger","secondary","Burger_etal_2019","Mean_brain_mass_g","mass_or_volume_mixed","mass_or_volume_mixed","Brain_Mass_mass_or_volume"
"Canis adustus","Brain_Mass","g",50.8,"50.8","g","10.1093%2Fjmammal%2Fgyz043_SupplementaryDataSD1.tsv","Burger","2019","Burger","secondary","Burger_etal_2019","Mean_brain_mass_g","mass_or_volume_mixed","mass_or_volume_mixed","Brain_Mass_mass_or_volume"
"Lycalopex culpaeus","Brain_Mass","g",51.4,"51.4","g","10.1093%2Fjmammal%2Fgyz043_SupplementaryDataSD1.tsv","Burger","2019","Burger","secondary","Burger_etal_2019","Mean_brain_mass_g","mass_or_volume_mixed","mass_or_volume_mixed","Brain_Mass_mass_or_volume"
"Caracal caracal","Brain_Mass","g",51.9,"51.9","g","10.1093%2Fjmammal%2Fgyz043_SupplementaryDataSD1.tsv","Burger","2019","Burger","secondary","Burger_etal_2019","Mean_brain_mass_g","mass_or_volume_mixed","mass_or_volume_mixed","Brain_Mass_mass_or_volume"
"Canis mesomelas","Brain_Mass","g",54.8,"54.8","g","10.1093%2Fjmammal%2Fgyz043_SupplementaryDataSD1.tsv","Burger","2019","Burger","secondary","Burger_etal_2019","Mean_brain_mass_g","mass_or_volume_mixed","mass_or_volume_mixed","Brain_Mass_mass_or_volume"
"Lontra longicaudis","Brain_Mass","g",57.4,"57.4","g","10.1093%2Fjmammal%2Fgyz043_SupplementaryDataSD1.tsv","Burger","2019","Burger","secondary","Burger_etal_2019","Mean_brain_mass_g","mass_or_volume_mixed","mass_or_volume_mixed","Brain_Mass_mass_or_volume"
"Profelis aurata","Brain_Mass","g",57.97,"57.97","g","10.1093%2Fjmammal%2Fgyz043_SupplementaryDataSD1.tsv","Burger","2019","Burger","secondary","Burger_etal_2019","Mean_brain_mass_g","mass_or_volume_mixed","mass_or_volume_mixed","Brain_Mass_mass_or_volume"
"Lutrogale perspicillata","Brain_Mass","g",61,"61","g","10.1093%2Fjmammal%2Fgyz043_SupplementaryDataSD1.tsv","Burger","2019","Burger","secondary","Burger_etal_2019","Mean_brain_mass_g","mass_or_volume_mixed","mass_or_volume_mixed","Brain_Mass_mass_or_volume"
"Melogale personata","Brain_Mass","g",61.4,"61.4","g","10.1093%2Fjmammal%2Fgyz043_SupplementaryDataSD1.tsv","Burger","2019","Burger","secondary","Burger_etal_2019","Mean_brain_mass_g","mass_or_volume_mixed","mass_or_volume_mixed","Brain_Mass_mass_or_volume"
"Procyon cancrivorus","Brain_Mass","g",61.56,"61.56","g","10.1093%2Fjmammal%2Fgyz043_SupplementaryDataSD1.tsv","Burger","2019","Burger","secondary","Burger_etal_2019","Mean_brain_mass_g","mass_or_volume_mixed","mass_or_volume_mixed","Brain_Mass_mass_or_volume"
"Atelocynus microtis","Brain_Mass","g",62.18,"62.18","g","10.1093%2Fjmammal%2Fgyz043_SupplementaryDataSD1.tsv","Burger","2019","Burger","secondary","Burger_etal_2019","Mean_brain_mass_g","mass_or_volume_mixed","mass_or_volume_mixed","Brain_Mass_mass_or_volume"
"Catopuma temminckii","Brain_Mass","g",68.03,"68.03","g","10.1093%2Fjmammal%2Fgyz043_SupplementaryDataSD1.tsv","Burger","2019","Burger","secondary","Burger_etal_2019","Mean_brain_mass_g","mass_or_volume_mixed","mass_or_volume_mixed","Brain_Mass_mass_or_volume"
"Lynx lynx","Brain_Mass","g",68.5,"68.5","g","10.1093%2Fjmammal%2Fgyz043_SupplementaryDataSD1.tsv","Burger","2019","Burger","secondary","Burger_etal_2019","Mean_brain_mass_g","mass_or_volume_mixed","mass_or_volume_mixed","Brain_Mass_mass_or_volume"
"Neofelis nebulosa","Brain_Mass","g",68.7,"68.7","g","10.1093%2Fjmammal%2Fgyz043_SupplementaryDataSD1.tsv","Burger","2019","Burger","secondary","Burger_etal_2019","Mean_brain_mass_g","mass_or_volume_mixed","mass_or_volume_mixed","Brain_Mass_mass_or_volume"
"Canis aureus","Brain_Mass","g",72.2,"72.2","g","10.1093%2Fjmammal%2Fgyz043_SupplementaryDataSD1.tsv","Burger","2019","Burger","secondary","Burger_etal_2019","Mean_brain_mass_g","mass_or_volume_mixed","mass_or_volume_mixed","Brain_Mass_mass_or_volume"
"Gulo gulo","Brain_Mass","g",72.5,"72.5","g","10.1093%2Fjmammal%2Fgyz043_SupplementaryDataSD1.tsv","Burger","2019","Burger","secondary","Burger_etal_2019","Mean_brain_mass_g","mass_or_volume_mixed","mass_or_volume_mixed","Brain_Mass_mass_or_volume"
"Mellivora capensis","Brain_Mass","g",72.97,"72.97","g","10.1093%2Fjmammal%2Fgyz043_SupplementaryDataSD1.tsv","Burger","2019","Burger","secondary","Burger_etal_2019","Mean_brain_mass_g","mass_or_volume_mixed","mass_or_volume_mixed","Brain_Mass_mass_or_volume"
"Canis latrans","Brain_Mass","g",84.5,"84.5","g","10.1093%2Fjmammal%2Fgyz043_SupplementaryDataSD1.tsv","Burger","2019","Burger","secondary","Burger_etal_2019","Mean_brain_mass_g","mass_or_volume_mixed","mass_or_volume_mixed","Brain_Mass_mass_or_volume"
"Pteronura brasiliensis","Brain_Mass","g",85.6,"85.6","g","10.1093%2Fjmammal%2Fgyz043_SupplementaryDataSD1.tsv","Burger","2019","Burger","secondary","Burger_etal_2019","Mean_brain_mass_g","mass_or_volume_mixed","mass_or_volume_mixed","Brain_Mass_mass_or_volume"
"Cuon alpinus","Brain_Mass","g",94.6,"94.6","g","10.1093%2Fjmammal%2Fgyz043_SupplementaryDataSD1.tsv","Burger","2019","Burger","secondary","Burger_etal_2019","Mean_brain_mass_g","mass_or_volume_mixed","mass_or_volume_mixed","Brain_Mass_mass_or_volume"
"Aonyx capensis","Brain_Mass","g",94.6,"94.6","g","10.1093%2Fjmammal%2Fgyz043_SupplementaryDataSD1.tsv","Burger","2019","Burger","secondary","Burger_etal_2019","Mean_brain_mass_g","mass_or_volume_mixed","mass_or_volume_mixed","Brain_Mass_mass_or_volume"
"Hyaena hyaena","Brain_Mass","g",97.5,"97.5","g","10.1093%2Fjmammal%2Fgyz043_SupplementaryDataSD1.tsv","Burger","2019","Burger","secondary","Burger_etal_2019","Mean_brain_mass_g","mass_or_volume_mixed","mass_or_volume_mixed","Brain_Mass_mass_or_volume"
"Uncia uncia","Brain_Mass","g",101.5,"101.5","g","10.1093%2Fjmammal%2Fgyz043_SupplementaryDataSD1.tsv","Burger","2019","Burger","secondary","Burger_etal_2019","Mean_brain_mass_g","mass_or_volume_mixed","mass_or_volume_mixed","Brain_Mass_mass_or_volume"
"Hyaena brunnea","Brain_Mass","g",106.7,"106.7","g","10.1093%2Fjmammal%2Fgyz043_SupplementaryDataSD1.tsv","Burger","2019","Burger","secondary","Burger_etal_2019","Mean_brain_mass_g","mass_or_volume_mixed","mass_or_volume_mixed","Brain_Mass_mass_or_volume"
"Acinonyx jubatus","Brain_Mass","g",111,"111","g","10.1093%2Fjmammal%2Fgyz043_SupplementaryDataSD1.tsv","Burger","2019","Burger","secondary","Burger_etal_2019","Mean_brain_mass_g","mass_or_volume_mixed","mass_or_volume_mixed","Brain_Mass_mass_or_volume"
"Enhydra lutris","Brain_Mass","g",119,"119","g","10.1093%2Fjmammal%2Fgyz043_SupplementaryDataSD1.tsv","Burger","2019","Burger","secondary","Burger_etal_2019","Mean_brain_mass_g","mass_or_volume_mixed","mass_or_volume_mixed","Brain_Mass_mass_or_volume"
"Chrysocyon brachyurus","Brain_Mass","g",120.3,"120.3","g","10.1093%2Fjmammal%2Fgyz043_SupplementaryDataSD1.tsv","Burger","2019","Burger","secondary","Burger_etal_2019","Mean_brain_mass_g","mass_or_volume_mixed","mass_or_volume_mixed","Brain_Mass_mass_or_volume"
"Lycaon pictus","Brain_Mass","g",129,"129","g","10.1093%2Fjmammal%2Fgyz043_SupplementaryDataSD1.tsv","Burger","2019","Burger","secondary","Burger_etal_2019","Mean_brain_mass_g","mass_or_volume_mixed","mass_or_volume_mixed","Brain_Mass_mass_or_volume"
"Canis lupus","Brain_Mass","g",130,"130","g","10.1093%2Fjmammal%2Fgyz043_SupplementaryDataSD1.tsv","Burger","2019","Burger","secondary","Burger_etal_2019","Mean_brain_mass_g","mass_or_volume_mixed","mass_or_volume_mixed","Brain_Mass_mass_or_volume"
"Panthera onca","Brain_Mass","g",149,"149","g","10.1093%2Fjmammal%2Fgyz043_SupplementaryDataSD1.tsv","Burger","2019","Burger","secondary","Burger_etal_2019","Mean_brain_mass_g","mass_or_volume_mixed","mass_or_volume_mixed","Brain_Mass_mass_or_volume"
"Crocuta crocuta","Brain_Mass","g",175,"175","g","10.1093%2Fjmammal%2Fgyz043_SupplementaryDataSD1.tsv","Burger","2019","Burger","secondary","Burger_etal_2019","Mean_brain_mass_g","mass_or_volume_mixed","mass_or_volume_mixed","Brain_Mass_mass_or_volume"
"Ailuropoda melanoleuca","Brain_Mass","g",205,"205","g","10.1093%2Fjmammal%2Fgyz043_SupplementaryDataSD1.tsv","Burger","2019","Burger","secondary","Burger_etal_2019","Mean_brain_mass_g","mass_or_volume_mixed","mass_or_volume_mixed","Brain_Mass_mass_or_volume"
"Panthera leo","Brain_Mass","g",259.5,"259.5","g","10.1093%2Fjmammal%2Fgyz043_SupplementaryDataSD1.tsv","Burger","2019","Burger","secondary","Burger_etal_2019","Mean_brain_mass_g","mass_or_volume_mixed","mass_or_volume_mixed","Brain_Mass_mass_or_volume"
"Ursus thibetanus","Brain_Mass","g",269,"269","g","10.1093%2Fjmammal%2Fgyz043_SupplementaryDataSD1.tsv","Burger","2019","Burger","secondary","Burger_etal_2019","Mean_brain_mass_g","mass_or_volume_mixed","mass_or_volume_mixed","Brain_Mass_mass_or_volume"
"Zalophus californianus","Brain_Mass","g",405,"405","g","10.1093%2Fjmammal%2Fgyz043_SupplementaryDataSD1.tsv","Burger","2019","Burger","secondary","Burger_etal_2019","Mean_brain_mass_g","mass_or_volume_mixed","mass_or_volume_mixed","Brain_Mass_mass_or_volume"
"Delphinus delphis","Brain_Mass","g",797.26,"797.26","g","10.1093%2Fjmammal%2Fgyz043_SupplementaryDataSD1.tsv","Burger","2019","Burger","secondary","Burger_etal_2019","Mean_brain_mass_g","mass_or_volume_mixed","mass_or_volume_mixed","Brain_Mass_mass_or_volume"
"Lagenorhynchus obliquidens","Brain_Mass","g",1136.75,"1136.75","g","10.1093%2Fjmammal%2Fgyz043_SupplementaryDataSD1.tsv","Burger","2019","Burger","secondary","Burger_etal_2019","Mean_brain_mass_g","mass_or_volume_mixed","mass_or_volume_mixed","Brain_Mass_mass_or_volume"
"Tursiops truncatus","Brain_Mass","g",1573,"1573","g","10.1093%2Fjmammal%2Fgyz043_SupplementaryDataSD1.tsv","Burger","2019","Burger","secondary","Burger_etal_2019","Mean_brain_mass_g","mass_or_volume_mixed","mass_or_volume_mixed","Brain_Mass_mass_or_volume"
"Stenella longirostris","Brain_Mass","g",450,"450","g","10.1093%2Fjmammal%2Fgyz043_SupplementaryDataSD1.tsv","Burger","2019","Burger","secondary","Burger_etal_2019","Mean_brain_mass_g","mass_or_volume_mixed","mass_or_volume_mixed","Brain_Mass_mass_or_volume"
"Phocoenoides dalli","Brain_Mass","g",833.67,"833.67","g","10.1093%2Fjmammal%2Fgyz043_SupplementaryDataSD1.tsv","Burger","2019","Burger","secondary","Burger_etal_2019","Mean_brain_mass_g","mass_or_volume_mixed","mass_or_volume_mixed","Brain_Mass_mass_or_volume"
"Stenella coeruleoalba","Brain_Mass","g",883.75,"883.75","g","10.1093%2Fjmammal%2Fgyz043_SupplementaryDataSD1.tsv","Burger","2019","Burger","secondary","Burger_etal_2019","Mean_brain_mass_g","mass_or_volume_mixed","mass_or_volume_mixed","Brain_Mass_mass_or_volume"
"Delphinapterus leucas","Brain_Mass","g",1921,"1921","g","10.1093%2Fjmammal%2Fgyz043_SupplementaryDataSD1.tsv","Burger","2019","Burger","secondary","Burger_etal_2019","Mean_brain_mass_g","mass_or_volume_mixed","mass_or_volume_mixed","Brain_Mass_mass_or_volume"
"Pseudorca crassidens","Brain_Mass","g",4307,"4307","g","10.1093%2Fjmammal%2Fgyz043_SupplementaryDataSD1.tsv","Burger","2019","Burger","secondary","Burger_etal_2019","Mean_brain_mass_g","mass_or_volume_mixed","mass_or_volume_mixed","Brain_Mass_mass_or_volume"
"Phocoena phocoena","Brain_Mass","g",1735,"1735","g","10.1093%2Fjmammal%2Fgyz043_SupplementaryDataSD1.tsv","Burger","2019","Burger","secondary","Burger_etal_2019","Mean_brain_mass_g","mass_or_volume_mixed","mass_or_volume_mixed","Brain_Mass_mass_or_volume"
"Balaenoptera physalus","Brain_Mass","g",5100,"5100","g","10.1093%2Fjmammal%2Fgyz043_SupplementaryDataSD1.tsv","Burger","2019","Burger","secondary","Burger_etal_2019","Mean_brain_mass_g","mass_or_volume_mixed","mass_or_volume_mixed","Brain_Mass_mass_or_volume"
"Orcinus orca","Brain_Mass","g",6052,"6052","g","10.1093%2Fjmammal%2Fgyz043_SupplementaryDataSD1.tsv","Burger","2019","Burger","secondary","Burger_etal_2019","Mean_brain_mass_g","mass_or_volume_mixed","mass_or_volume_mixed","Brain_Mass_mass_or_volume"
"Platanista gangetica","Brain_Mass","g",290.5,"290.5","g","10.1093%2Fjmammal%2Fgyz043_SupplementaryDataSD1.tsv","Burger","2019","Burger","secondary","Burger_etal_2019","Mean_brain_mass_g","mass_or_volume_mixed","mass_or_volume_mixed","Brain_Mass_mass_or_volume"
"Neophocaena phocaenoides","Brain_Mass","g",468,"468","g","10.1093%2Fjmammal%2Fgyz043_SupplementaryDataSD1.tsv","Burger","2019","Burger","secondary","Burger_etal_2019","Mean_brain_mass_g","mass_or_volume_mixed","mass_or_volume_mixed","Brain_Mass_mass_or_volume"
"Lipotes vexillifer","Brain_Mass","g",558,"558","g","10.1093%2Fjmammal%2Fgyz043_SupplementaryDataSD1.tsv","Burger","2019","Burger","secondary","Burger_etal_2019","Mean_brain_mass_g","mass_or_volume_mixed","mass_or_volume_mixed","Brain_Mass_mass_or_volume"
"Phocoena spinipinnis","Brain_Mass","g",597,"597","g","10.1093%2Fjmammal%2Fgyz043_SupplementaryDataSD1.tsv","Burger","2019","Burger","secondary","Burger_etal_2019","Mean_brain_mass_g","mass_or_volume_mixed","mass_or_volume_mixed","Brain_Mass_mass_or_volume"
"Kogia sima","Brain_Mass","g",622,"622","g","10.1093%2Fjmammal%2Fgyz043_SupplementaryDataSD1.tsv","Burger","2019","Burger","secondary","Burger_etal_2019","Mean_brain_mass_g","mass_or_volume_mixed","mass_or_volume_mixed","Brain_Mass_mass_or_volume"
"Inia geoffrensis","Brain_Mass","g",633.645,"633.645","g","10.1093%2Fjmammal%2Fgyz043_SupplementaryDataSD1.tsv","Burger","2019","Burger","secondary","Burger_etal_2019","Mean_brain_mass_g","mass_or_volume_mixed","mass_or_volume_mixed","Brain_Mass_mass_or_volume"
"Sotalia fluviatilis","Brain_Mass","g",688,"688","g","10.1093%2Fjmammal%2Fgyz043_SupplementaryDataSD1.tsv","Burger","2019","Burger","secondary","Burger_etal_2019","Mean_brain_mass_g","mass_or_volume_mixed","mass_or_volume_mixed","Brain_Mass_mass_or_volume"
"Cephalorhynchus commersonii","Brain_Mass","g",725,"725","g","10.1093%2Fjmammal%2Fgyz043_SupplementaryDataSD1.tsv","Burger","2019","Burger","secondary","Burger_etal_2019","Mean_brain_mass_g","mass_or_volume_mixed","mass_or_volume_mixed","Brain_Mass_mass_or_volume"
"Cephalorhynchus heavisidii","Brain_Mass","g",763,"763","g","10.1093%2Fjmammal%2Fgyz043_SupplementaryDataSD1.tsv","Burger","2019","Burger","secondary","Burger_etal_2019","Mean_brain_mass_g","mass_or_volume_mixed","mass_or_volume_mixed","Brain_Mass_mass_or_volume"
"Stenella attenuata","Brain_Mass","g",779.83,"779.83","g","10.1093%2Fjmammal%2Fgyz043_SupplementaryDataSD1.tsv","Burger","2019","Burger","secondary","Burger_etal_2019","Mean_brain_mass_g","mass_or_volume_mixed","mass_or_volume_mixed","Brain_Mass_mass_or_volume"
"Lagenorhynchus obscurus","Brain_Mass","g",886.1,"886.1","g","10.1093%2Fjmammal%2Fgyz043_SupplementaryDataSD1.tsv","Burger","2019","Burger","secondary","Burger_etal_2019","Mean_brain_mass_g","mass_or_volume_mixed","mass_or_volume_mixed","Brain_Mass_mass_or_volume"
"Kogia breviceps","Brain_Mass","g",1019,"1019","g","10.1093%2Fjmammal%2Fgyz043_SupplementaryDataSD1.tsv","Burger","2019","Burger","secondary","Burger_etal_2019","Mean_brain_mass_g","mass_or_volume_mixed","mass_or_volume_mixed","Brain_Mass_mass_or_volume"
"Lagenorhynchus acutus","Brain_Mass","g",1103.17,"1103.17","g","10.1093%2Fjmammal%2Fgyz043_SupplementaryDataSD1.tsv","Burger","2019","Burger","secondary","Burger_etal_2019","Mean_brain_mass_g","mass_or_volume_mixed","mass_or_volume_mixed","Brain_Mass_mass_or_volume"
"Lagenorhynchus albirostris","Brain_Mass","g",1126,"1126","g","10.1093%2Fjmammal%2Fgyz043_SupplementaryDataSD1.tsv","Burger","2019","Burger","secondary","Burger_etal_2019","Mean_brain_mass_g","mass_or_volume_mixed","mass_or_volume_mixed","Brain_Mass_mass_or_volume"
"Lissodelphis borealis","Brain_Mass","g",1162,"1162","g","10.1093%2Fjmammal%2Fgyz043_SupplementaryDataSD1.tsv","Burger","2019","Burger","secondary","Burger_etal_2019","Mean_brain_mass_g","mass_or_volume_mixed","mass_or_volume_mixed","Brain_Mass_mass_or_volume"
"Mesoplodon densirostris","Brain_Mass","g",1424.5,"1424.5","g","10.1093%2Fjmammal%2Fgyz043_SupplementaryDataSD1.tsv","Burger","2019","Burger","secondary","Burger_etal_2019","Mean_brain_mass_g","mass_or_volume_mixed","mass_or_volume_mixed","Brain_Mass_mass_or_volume"
"Tursiops aduncus","Brain_Mass","g",1498,"1498","g","10.1093%2Fjmammal%2Fgyz043_SupplementaryDataSD1.tsv","Burger","2019","Burger","secondary","Burger_etal_2019","Mean_brain_mass_g","mass_or_volume_mixed","mass_or_volume_mixed","Brain_Mass_mass_or_volume"
"Steno bredanensis","Brain_Mass","g",1541.9,"1541.9","g","10.1093%2Fjmammal%2Fgyz043_SupplementaryDataSD1.tsv","Burger","2019","Burger","secondary","Burger_etal_2019","Mean_brain_mass_g","mass_or_volume_mixed","mass_or_volume_mixed","Brain_Mass_mass_or_volume"
"Ziphius cavirostris","Brain_Mass","g",2004,"2004","g","10.1093%2Fjmammal%2Fgyz043_SupplementaryDataSD1.tsv","Burger","2019","Burger","secondary","Burger_etal_2019","Mean_brain_mass_g","mass_or_volume_mixed","mass_or_volume_mixed","Brain_Mass_mass_or_volume"
"Mesoplodon europaeus","Brain_Mass","g",2149,"2149","g","10.1093%2Fjmammal%2Fgyz043_SupplementaryDataSD1.tsv","Burger","2019","Burger","secondary","Burger_etal_2019","Mean_brain_mass_g","mass_or_volume_mixed","mass_or_volume_mixed","Brain_Mass_mass_or_volume"
"Mesoplodon mirus","Brain_Mass","g",2355,"2355","g","10.1093%2Fjmammal%2Fgyz043_SupplementaryDataSD1.tsv","Burger","2019","Burger","secondary","Burger_etal_2019","Mean_brain_mass_g","mass_or_volume_mixed","mass_or_volume_mixed","Brain_Mass_mass_or_volume"
"Globicephala macrorhynchus","Brain_Mass","g",2466,"2466","g","10.1093%2Fjmammal%2Fgyz043_SupplementaryDataSD1.tsv","Burger","2019","Burger","secondary","Burger_etal_2019","Mean_brain_mass_g","mass_or_volume_mixed","mass_or_volume_mixed","Brain_Mass_mass_or_volume"
"Grampus griseus","Brain_Mass","g",2551,"2551","g","10.1093%2Fjmammal%2Fgyz043_SupplementaryDataSD1.tsv","Burger","2019","Burger","secondary","Burger_etal_2019","Mean_brain_mass_g","mass_or_volume_mixed","mass_or_volume_mixed","Brain_Mass_mass_or_volume"
"Globicephala melas","Brain_Mass","g",2673,"2673","g","10.1093%2Fjmammal%2Fgyz043_SupplementaryDataSD1.tsv","Burger","2019","Burger","secondary","Burger_etal_2019","Mean_brain_mass_g","mass_or_volume_mixed","mass_or_volume_mixed","Brain_Mass_mass_or_volume"
"Balaena mysticetus","Brain_Mass","g",2738,"2738","g","10.1093%2Fjmammal%2Fgyz043_SupplementaryDataSD1.tsv","Burger","2019","Burger","secondary","Burger_etal_2019","Mean_brain_mass_g","mass_or_volume_mixed","mass_or_volume_mixed","Brain_Mass_mass_or_volume"
"Balaenoptera acutorostrata","Brain_Mass","g",2850,"2850","g","10.1093%2Fjmammal%2Fgyz043_SupplementaryDataSD1.tsv","Burger","2019","Burger","secondary","Burger_etal_2019","Mean_brain_mass_g","mass_or_volume_mixed","mass_or_volume_mixed","Brain_Mass_mass_or_volume"
"Monodon monoceros","Brain_Mass","g",2993.7,"2993.7","g","10.1093%2Fjmammal%2Fgyz043_SupplementaryDataSD1.tsv","Burger","2019","Burger","secondary","Burger_etal_2019","Mean_brain_mass_g","mass_or_volume_mixed","mass_or_volume_mixed","Brain_Mass_mass_or_volume"
"Balaenoptera musculus","Brain_Mass","g",3636,"3636","g","10.1093%2Fjmammal%2Fgyz043_SupplementaryDataSD1.tsv","Burger","2019","Burger","secondary","Burger_etal_2019","Mean_brain_mass_g","mass_or_volume_mixed","mass_or_volume_mixed","Brain_Mass_mass_or_volume"
"Eschrichtius robustus","Brain_Mass","g",4316.67,"4316.67","g","10.1093%2Fjmammal%2Fgyz043_SupplementaryDataSD1.tsv","Burger","2019","Burger","secondary","Burger_etal_2019","Mean_brain_mass_g","mass_or_volume_mixed","mass_or_volume_mixed","Brain_Mass_mass_or_volume"
"Balaenoptera borealis","Brain_Mass","g",4900,"4900","g","10.1093%2Fjmammal%2Fgyz043_SupplementaryDataSD1.tsv","Burger","2019","Burger","secondary","Burger_etal_2019","Mean_brain_mass_g","mass_or_volume_mixed","mass_or_volume_mixed","Brain_Mass_mass_or_volume"
"Megaptera novaeangliae","Brain_Mass","g",6100,"6100","g","10.1093%2Fjmammal%2Fgyz043_SupplementaryDataSD1.tsv","Burger","2019","Burger","secondary","Burger_etal_2019","Mean_brain_mass_g","mass_or_volume_mixed","mass_or_volume_mixed","Brain_Mass_mass_or_volume"
"Physeter catodon","Brain_Mass","g",8183,"8183","g","10.1093%2Fjmammal%2Fgyz043_SupplementaryDataSD1.tsv","Burger","2019","Burger","secondary","Burger_etal_2019","Mean_brain_mass_g","mass_or_volume_mixed","mass_or_volume_mixed","Brain_Mass_mass_or_volume"
"Rhynchonycteris naso","Brain_Mass","g",0.11,"0.11","g","10.1093%2Fjmammal%2Fgyz043_SupplementaryDataSD1.tsv","Burger","2019","Burger","secondary","Burger_etal_2019","Mean_brain_mass_g","mass_or_volume_mixed","mass_or_volume_mixed","Brain_Mass_mass_or_volume"
"Myotis nigricans","Brain_Mass","g",0.127,"0.127","g","10.1093%2Fjmammal%2Fgyz043_SupplementaryDataSD1.tsv","Burger","2019","Burger","secondary","Burger_etal_2019","Mean_brain_mass_g","mass_or_volume_mixed","mass_or_volume_mixed","Brain_Mass_mass_or_volume"
"Rhinolophus hipposideros","Brain_Mass","g",0.1495,"0.1495","g","10.1093%2Fjmammal%2Fgyz043_SupplementaryDataSD1.tsv","Burger","2019","Burger","secondary","Burger_etal_2019","Mean_brain_mass_g","mass_or_volume_mixed","mass_or_volume_mixed","Brain_Mass_mass_or_volume"
"Myotis mystacinus","Brain_Mass","g",0.15717,"0.15717","g","10.1093%2Fjmammal%2Fgyz043_SupplementaryDataSD1.tsv","Burger","2019","Burger","secondary","Burger_etal_2019","Mean_brain_mass_g","mass_or_volume_mixed","mass_or_volume_mixed","Brain_Mass_mass_or_volume"
"Myotis nattereri","Brain_Mass","g",0.22,"0.22","g","10.1093%2Fjmammal%2Fgyz043_SupplementaryDataSD1.tsv","Burger","2019","Burger","secondary","Burger_etal_2019","Mean_brain_mass_g","mass_or_volume_mixed","mass_or_volume_mixed","Brain_Mass_mass_or_volume"
"Saccopteryx bilineata","Brain_Mass","g",0.2252,"0.2252","g","10.1093%2Fjmammal%2Fgyz043_SupplementaryDataSD1.tsv","Burger","2019","Burger","secondary","Burger_etal_2019","Mean_brain_mass_g","mass_or_volume_mixed","mass_or_volume_mixed","Brain_Mass_mass_or_volume"
"Hipposideros bicolor","Brain_Mass","g",0.23833,"0.23833","g","10.1093%2Fjmammal%2Fgyz043_SupplementaryDataSD1.tsv","Burger","2019","Burger","secondary","Burger_etal_2019","Mean_brain_mass_g","mass_or_volume_mixed","mass_or_volume_mixed","Brain_Mass_mass_or_volume"
"Hipposideros caffer","Brain_Mass","g",0.313,"0.313","g","10.1093%2Fjmammal%2Fgyz043_SupplementaryDataSD1.tsv","Burger","2019","Burger","secondary","Burger_etal_2019","Mean_brain_mass_g","mass_or_volume_mixed","mass_or_volume_mixed","Brain_Mass_mass_or_volume"
"Pteronotus davyi","Brain_Mass","g",0.32,"0.32","g","10.1093%2Fjmammal%2Fgyz043_SupplementaryDataSD1.tsv","Burger","2019","Burger","secondary","Burger_etal_2019","Mean_brain_mass_g","mass_or_volume_mixed","mass_or_volume_mixed","Brain_Mass_mass_or_volume"
"Eptesicus serotinus","Brain_Mass","g",0.327,"0.327","g","10.1093%2Fjmammal%2Fgyz043_SupplementaryDataSD1.tsv","Burger","2019","Burger","secondary","Burger_etal_2019","Mean_brain_mass_g","mass_or_volume_mixed","mass_or_volume_mixed","Brain_Mass_mass_or_volume"
"Mimon crenulatum","Brain_Mass","g",0.33367,"0.33367","g","10.1093%2Fjmammal%2Fgyz043_SupplementaryDataSD1.tsv","Burger","2019","Burger","secondary","Burger_etal_2019","Mean_brain_mass_g","mass_or_volume_mixed","mass_or_volume_mixed","Brain_Mass_mass_or_volume"
"Rhinolophus ferrumequinum","Brain_Mass","g",0.35,"0.35","g","10.1093%2Fjmammal%2Fgyz043_SupplementaryDataSD1.tsv","Burger","2019","Burger","secondary","Burger_etal_2019","Mean_brain_mass_g","mass_or_volume_mixed","mass_or_volume_mixed","Brain_Mass_mass_or_volume"
"Nycteris arge","Brain_Mass","g",0.35567,"0.35567","g","10.1093%2Fjmammal%2Fgyz043_SupplementaryDataSD1.tsv","Burger","2019","Burger","secondary","Burger_etal_2019","Mean_brain_mass_g","mass_or_volume_mixed","mass_or_volume_mixed","Brain_Mass_mass_or_volume"
"Nyctalus noctula","Brain_Mass","g",0.362,"0.362","g","10.1093%2Fjmammal%2Fgyz043_SupplementaryDataSD1.tsv","Burger","2019","Burger","secondary","Burger_etal_2019","Mean_brain_mass_g","mass_or_volume_mixed","mass_or_volume_mixed","Brain_Mass_mass_or_volume"
"Mormoops megalophylla","Brain_Mass","g",0.40033,"0.40033","g","10.1093%2Fjmammal%2Fgyz043_SupplementaryDataSD1.tsv","Burger","2019","Burger","secondary","Burger_etal_2019","Mean_brain_mass_g","mass_or_volume_mixed","mass_or_volume_mixed","Brain_Mass_mass_or_volume"
"Glossophaga soricina","Brain_Mass","g",0.41267,"0.41267","g","10.1093%2Fjmammal%2Fgyz043_SupplementaryDataSD1.tsv","Burger","2019","Burger","secondary","Burger_etal_2019","Mean_brain_mass_g","mass_or_volume_mixed","mass_or_volume_mixed","Brain_Mass_mass_or_volume"
"Vespertilio murinus","Brain_Mass","g",0.445,"0.445","g","10.1093%2Fjmammal%2Fgyz043_SupplementaryDataSD1.tsv","Burger","2019","Burger","secondary","Burger_etal_2019","Mean_brain_mass_g","mass_or_volume_mixed","mass_or_volume_mixed","Brain_Mass_mass_or_volume"
"Myotis myotis","Brain_Mass","g",0.489,"0.489","g","10.1093%2Fjmammal%2Fgyz043_SupplementaryDataSD1.tsv","Burger","2019","Burger","secondary","Burger_etal_2019","Mean_brain_mass_g","mass_or_volume_mixed","mass_or_volume_mixed","Brain_Mass_mass_or_volume"
"Platyrrhinus helleri","Brain_Mass","g",0.48967,"0.48967","g","10.1093%2Fjmammal%2Fgyz043_SupplementaryDataSD1.tsv","Burger","2019","Burger","secondary","Burger_etal_2019","Mean_brain_mass_g","mass_or_volume_mixed","mass_or_volume_mixed","Brain_Mass_mass_or_volume"
"Carollia perspicillata","Brain_Mass","g",0.50867,"0.50867","g","10.1093%2Fjmammal%2Fgyz043_SupplementaryDataSD1.tsv","Burger","2019","Burger","secondary","Burger_etal_2019","Mean_brain_mass_g","mass_or_volume_mixed","mass_or_volume_mixed","Brain_Mass_mass_or_volume"
"Uroderma bilobatum","Brain_Mass","g",0.57733,"0.57733","g","10.1093%2Fjmammal%2Fgyz043_SupplementaryDataSD1.tsv","Burger","2019","Burger","secondary","Burger_etal_2019","Mean_brain_mass_g","mass_or_volume_mixed","mass_or_volume_mixed","Brain_Mass_mass_or_volume"
"Sturnira lilium","Brain_Mass","g",0.58433,"0.58433","g","10.1093%2Fjmammal%2Fgyz043_SupplementaryDataSD1.tsv","Burger","2019","Burger","secondary","Burger_etal_2019","Mean_brain_mass_g","mass_or_volume_mixed","mass_or_volume_mixed","Brain_Mass_mass_or_volume"
"Leptonycteris curasoae","Brain_Mass","g",0.5875,"0.5875","g","10.1093%2Fjmammal%2Fgyz043_SupplementaryDataSD1.tsv","Burger","2019","Burger","secondary","Burger_etal_2019","Mean_brain_mass_g","mass_or_volume_mixed","mass_or_volume_mixed","Brain_Mass_mass_or_volume"
"Casinycteris argynnis","Brain_Mass","g",0.86483,"0.86483","g","10.1093%2Fjmammal%2Fgyz043_SupplementaryDataSD1.tsv","Burger","2019","Burger","secondary","Burger_etal_2019","Mean_brain_mass_g","mass_or_volume_mixed","mass_or_volume_mixed","Brain_Mass_mass_or_volume"
"Desmodus rotundus","Brain_Mass","g",0.916,"0.916","g","10.1093%2Fjmammal%2Fgyz043_SupplementaryDataSD1.tsv","Burger","2019","Burger","secondary","Burger_etal_2019","Mean_brain_mass_g","mass_or_volume_mixed","mass_or_volume_mixed","Brain_Mass_mass_or_volume"
"Cynopterus brachyotis","Brain_Mass","g",0.95275,"0.95275","g","10.1093%2Fjmammal%2Fgyz043_SupplementaryDataSD1.tsv","Burger","2019","Burger","secondary","Burger_etal_2019","Mean_brain_mass_g","mass_or_volume_mixed","mass_or_volume_mixed","Brain_Mass_mass_or_volume"
"Diaemus youngi","Brain_Mass","g",0.971,"0.971","g","10.1093%2Fjmammal%2Fgyz043_SupplementaryDataSD1.tsv","Burger","2019","Burger","secondary","Burger_etal_2019","Mean_brain_mass_g","mass_or_volume_mixed","mass_or_volume_mixed","Brain_Mass_mass_or_volume"
"Artibeus jamaicensis","Brain_Mass","g",0.98025,"0.98025","g","10.1093%2Fjmammal%2Fgyz043_SupplementaryDataSD1.tsv","Burger","2019","Burger","secondary","Burger_etal_2019","Mean_brain_mass_g","mass_or_volume_mixed","mass_or_volume_mixed","Brain_Mass_mass_or_volume"
"Phyllostomus discolor","Brain_Mass","g",1.101333,"1.101333","g","10.1093%2Fjmammal%2Fgyz043_SupplementaryDataSD1.tsv","Burger","2019","Burger","secondary","Burger_etal_2019","Mean_brain_mass_g","mass_or_volume_mixed","mass_or_volume_mixed","Brain_Mass_mass_or_volume"
"Artibeus lituratus","Brain_Mass","g",1.171,"1.171","g","10.1093%2Fjmammal%2Fgyz043_SupplementaryDataSD1.tsv","Burger","2019","Burger","secondary","Burger_etal_2019","Mean_brain_mass_g","mass_or_volume_mixed","mass_or_volume_mixed","Brain_Mass_mass_or_volume"
"Noctilio leporinus","Brain_Mass","g",1.184,"1.184","g","10.1093%2Fjmammal%2Fgyz043_SupplementaryDataSD1.tsv","Burger","2019","Burger","secondary","Burger_etal_2019","Mean_brain_mass_g","mass_or_volume_mixed","mass_or_volume_mixed","Brain_Mass_mass_or_volume"
"Cynopterus horsfieldii","Brain_Mass","g",1.3495,"1.3495","g","10.1093%2Fjmammal%2Fgyz043_SupplementaryDataSD1.tsv","Burger","2019","Burger","secondary","Burger_etal_2019","Mean_brain_mass_g","mass_or_volume_mixed","mass_or_volume_mixed","Brain_Mass_mass_or_volume"
"Rousettus aegyptiacus","Brain_Mass","g",2.26075,"2.26075","g","10.1093%2Fjmammal%2Fgyz043_SupplementaryDataSD1.tsv","Burger","2019","Burger","secondary","Burger_etal_2019","Mean_brain_mass_g","mass_or_volume_mixed","mass_or_volume_mixed","Brain_Mass_mass_or_volume"
"Hypsignathus monstrosus","Brain_Mass","g",3.41475,"3.41475","g","10.1093%2Fjmammal%2Fgyz043_SupplementaryDataSD1.tsv","Burger","2019","Burger","secondary","Burger_etal_2019","Mean_brain_mass_g","mass_or_volume_mixed","mass_or_volume_mixed","Brain_Mass_mass_or_volume"
"Epomophorus gambianus","Brain_Mass","g",4.3285,"4.3285","g","10.1093%2Fjmammal%2Fgyz043_SupplementaryDataSD1.tsv","Burger","2019","Burger","secondary","Burger_etal_2019","Mean_brain_mass_g","mass_or_volume_mixed","mass_or_volume_mixed","Brain_Mass_mass_or_volume"
"Pteropus vampyrus","Brain_Mass","g",9.654,"9.654","g","10.1093%2Fjmammal%2Fgyz043_SupplementaryDataSD1.tsv","Burger","2019","Burger","secondary","Burger_etal_2019","Mean_brain_mass_g","mass_or_volume_mixed","mass_or_volume_mixed","Brain_Mass_mass_or_volume"
"Pteropus melanotus","Brain_Mass","g",10.6,"10.6","g","10.1093%2Fjmammal%2Fgyz043_SupplementaryDataSD1.tsv","Burger","2019","Burger","secondary","Burger_etal_2019","Mean_brain_mass_g","mass_or_volume_mixed","mass_or_volume_mixed","Brain_Mass_mass_or_volume"
"Tylonycteris pachypus","Brain_Mass","g",0.077,"0.077","g","10.1093%2Fjmammal%2Fgyz043_SupplementaryDataSD1.tsv","Burger","2019","Burger","secondary","Burger_etal_2019","Mean_brain_mass_g","mass_or_volume_mixed","mass_or_volume_mixed","Brain_Mass_mass_or_volume"
"Craseonycteris thonglongyai","Brain_Mass","g",0.087,"0.087","g","10.1093%2Fjmammal%2Fgyz043_SupplementaryDataSD1.tsv","Burger","2019","Burger","secondary","Burger_etal_2019","Mean_brain_mass_g","mass_or_volume_mixed","mass_or_volume_mixed","Brain_Mass_mass_or_volume"
"Glischropus tylopus","Brain_Mass","g",0.099,"0.099","g","10.1093%2Fjmammal%2Fgyz043_SupplementaryDataSD1.tsv","Burger","2019","Burger","secondary","Burger_etal_2019","Mean_brain_mass_g","mass_or_volume_mixed","mass_or_volume_mixed","Brain_Mass_mass_or_volume"
"Neoromicia nanus","Brain_Mass","g",0.1,"0.1","g","10.1093%2Fjmammal%2Fgyz043_SupplementaryDataSD1.tsv","Burger","2019","Burger","secondary","Burger_etal_2019","Mean_brain_mass_g","mass_or_volume_mixed","mass_or_volume_mixed","Brain_Mass_mass_or_volume"
"Myotis siligorensis","Brain_Mass","g",0.103,"0.103","g","10.1093%2Fjmammal%2Fgyz043_SupplementaryDataSD1.tsv","Burger","2019","Burger","secondary","Burger_etal_2019","Mean_brain_mass_g","mass_or_volume_mixed","mass_or_volume_mixed","Brain_Mass_mass_or_volume"
"Pipistrellus coromandra","Brain_Mass","g",0.105,"0.105","g","10.1093%2Fjmammal%2Fgyz043_SupplementaryDataSD1.tsv","Burger","2019","Burger","secondary","Burger_etal_2019","Mean_brain_mass_g","mass_or_volume_mixed","mass_or_volume_mixed","Brain_Mass_mass_or_volume"
"Rhogeessa tumida","Brain_Mass","g",0.1055,"0.1055","g","10.1093%2Fjmammal%2Fgyz043_SupplementaryDataSD1.tsv","Burger","2019","Burger","secondary","Burger_etal_2019","Mean_brain_mass_g","mass_or_volume_mixed","mass_or_volume_mixed","Brain_Mass_mass_or_volume"
"Pipistrellus papuanus","Brain_Mass","g",0.11,"0.11","g","10.1093%2Fjmammal%2Fgyz043_SupplementaryDataSD1.tsv","Burger","2019","Burger","secondary","Burger_etal_2019","Mean_brain_mass_g","mass_or_volume_mixed","mass_or_volume_mixed","Brain_Mass_mass_or_volume"
"Rhogeessa parvula","Brain_Mass","g",0.111,"0.111","g","10.1093%2Fjmammal%2Fgyz043_SupplementaryDataSD1.tsv","Burger","2019","Burger","secondary","Burger_etal_2019","Mean_brain_mass_g","mass_or_volume_mixed","mass_or_volume_mixed","Brain_Mass_mass_or_volume"
"Pipistrellus tenuis","Brain_Mass","g",0.113,"0.113","g","10.1093%2Fjmammal%2Fgyz043_SupplementaryDataSD1.tsv","Burger","2019","Burger","secondary","Burger_etal_2019","Mean_brain_mass_g","mass_or_volume_mixed","mass_or_volume_mixed","Brain_Mass_mass_or_volume"
"Kerivoula phalaena","Brain_Mass","g",0.116,"0.116","g","10.1093%2Fjmammal%2Fgyz043_SupplementaryDataSD1.tsv","Burger","2019","Burger","secondary","Burger_etal_2019","Mean_brain_mass_g","mass_or_volume_mixed","mass_or_volume_mixed","Brain_Mass_mass_or_volume"
"Tylonycteris robustula","Brain_Mass","g",0.116,"0.116","g","10.1093%2Fjmammal%2Fgyz043_SupplementaryDataSD1.tsv","Burger","2019","Burger","secondary","Burger_etal_2019","Mean_brain_mass_g","mass_or_volume_mixed","mass_or_volume_mixed","Brain_Mass_mass_or_volume"
"Pipistrellus javanicus","Brain_Mass","g",0.119,"0.119","g","10.1093%2Fjmammal%2Fgyz043_SupplementaryDataSD1.tsv","Burger","2019","Burger","secondary","Burger_etal_2019","Mean_brain_mass_g","mass_or_volume_mixed","mass_or_volume_mixed","Brain_Mass_mass_or_volume"
"Vespadelus pumilus","Brain_Mass","g",0.122,"0.122","g","10.1093%2Fjmammal%2Fgyz043_SupplementaryDataSD1.tsv","Burger","2019","Burger","secondary","Burger_etal_2019","Mean_brain_mass_g","mass_or_volume_mixed","mass_or_volume_mixed","Brain_Mass_mass_or_volume"
"Myotis muricola","Brain_Mass","g",0.125,"0.125","g","10.1093%2Fjmammal%2Fgyz043_SupplementaryDataSD1.tsv","Burger","2019","Burger","secondary","Burger_etal_2019","Mean_brain_mass_g","mass_or_volume_mixed","mass_or_volume_mixed","Brain_Mass_mass_or_volume"
"Pipistrellus subflavus","Brain_Mass","g",0.125,"0.125","g","10.1093%2Fjmammal%2Fgyz043_SupplementaryDataSD1.tsv","Burger","2019","Burger","secondary","Burger_etal_2019","Mean_brain_mass_g","mass_or_volume_mixed","mass_or_volume_mixed","Brain_Mass_mass_or_volume"
"Myotis albescens","Brain_Mass","g",0.126,"0.126","g","10.1093%2Fjmammal%2Fgyz043_SupplementaryDataSD1.tsv","Burger","2019","Burger","secondary","Burger_etal_2019","Mean_brain_mass_g","mass_or_volume_mixed","mass_or_volume_mixed","Brain_Mass_mass_or_volume"
"Furipterus horrens","Brain_Mass","g",0.127,"0.127","g","10.1093%2Fjmammal%2Fgyz043_SupplementaryDataSD1.tsv","Burger","2019","Burger","secondary","Burger_etal_2019","Mean_brain_mass_g","mass_or_volume_mixed","mass_or_volume_mixed","Brain_Mass_mass_or_volume"
"Saccopteryx canescens","Brain_Mass","g",0.13,"0.13","g","10.1093%2Fjmammal%2Fgyz043_SupplementaryDataSD1.tsv","Burger","2019","Burger","secondary","Burger_etal_2019","Mean_brain_mass_g","mass_or_volume_mixed","mass_or_volume_mixed","Brain_Mass_mass_or_volume"
"Myotis yumanensis","Brain_Mass","g",0.13,"0.13","g","10.1093%2Fjmammal%2Fgyz043_SupplementaryDataSD1.tsv","Burger","2019","Burger","secondary","Burger_etal_2019","Mean_brain_mass_g","mass_or_volume_mixed","mass_or_volume_mixed","Brain_Mass_mass_or_volume"
"Hypsugo crassulus","Brain_Mass","g",0.132,"0.132","g","10.1093%2Fjmammal%2Fgyz043_SupplementaryDataSD1.tsv","Burger","2019","Burger","secondary","Burger_etal_2019","Mean_brain_mass_g","mass_or_volume_mixed","mass_or_volume_mixed","Brain_Mass_mass_or_volume"
"Myotis fortidens","Brain_Mass","g",0.1325,"0.1325","g","10.1093%2Fjmammal%2Fgyz043_SupplementaryDataSD1.tsv","Burger","2019","Burger","secondary","Burger_etal_2019","Mean_brain_mass_g","mass_or_volume_mixed","mass_or_volume_mixed","Brain_Mass_mass_or_volume"
"Aselliscus tricuspidatus","Brain_Mass","g",0.134,"0.134","g","10.1093%2Fjmammal%2Fgyz043_SupplementaryDataSD1.tsv","Burger","2019","Burger","secondary","Burger_etal_2019","Mean_brain_mass_g","mass_or_volume_mixed","mass_or_volume_mixed","Brain_Mass_mass_or_volume"
"Hypsugo imbricatus","Brain_Mass","g",0.137,"0.137","g","10.1093%2Fjmammal%2Fgyz043_SupplementaryDataSD1.tsv","Burger","2019","Burger","secondary","Burger_etal_2019","Mean_brain_mass_g","mass_or_volume_mixed","mass_or_volume_mixed","Brain_Mass_mass_or_volume"
"Hypsugo pulveratus","Brain_Mass","g",0.143,"0.143","g","10.1093%2Fjmammal%2Fgyz043_SupplementaryDataSD1.tsv","Burger","2019","Burger","secondary","Burger_etal_2019","Mean_brain_mass_g","mass_or_volume_mixed","mass_or_volume_mixed","Brain_Mass_mass_or_volume"
"Scotozous dormeri","Brain_Mass","g",0.143,"0.143","g","10.1093%2Fjmammal%2Fgyz043_SupplementaryDataSD1.tsv","Burger","2019","Burger","secondary","Burger_etal_2019","Mean_brain_mass_g","mass_or_volume_mixed","mass_or_volume_mixed","Brain_Mass_mass_or_volume"
"Glauconycteris beatrix","Brain_Mass","g",0.144,"0.144","g","10.1093%2Fjmammal%2Fgyz043_SupplementaryDataSD1.tsv","Burger","2019","Burger","secondary","Burger_etal_2019","Mean_brain_mass_g","mass_or_volume_mixed","mass_or_volume_mixed","Brain_Mass_mass_or_volume"
"Peropteryx trinitatis","Brain_Mass","g",0.1495,"0.1495","g","10.1093%2Fjmammal%2Fgyz043_SupplementaryDataSD1.tsv","Burger","2019","Burger","secondary","Burger_etal_2019","Mean_brain_mass_g","mass_or_volume_mixed","mass_or_volume_mixed","Brain_Mass_mass_or_volume"
"Aselliscus stoliczkanus","Brain_Mass","g",0.15,"0.15","g","10.1093%2Fjmammal%2Fgyz043_SupplementaryDataSD1.tsv","Burger","2019","Burger","secondary","Burger_etal_2019","Mean_brain_mass_g","mass_or_volume_mixed","mass_or_volume_mixed","Brain_Mass_mass_or_volume"
"Hipposideros halophyllus","Brain_Mass","g",0.152,"0.152","g","10.1093%2Fjmammal%2Fgyz043_SupplementaryDataSD1.tsv","Burger","2019","Burger","secondary","Burger_etal_2019","Mean_brain_mass_g","mass_or_volume_mixed","mass_or_volume_mixed","Brain_Mass_mass_or_volume"
"Peropteryx macrotis","Brain_Mass","g",0.1566,"0.1566","g","10.1093%2Fjmammal%2Fgyz043_SupplementaryDataSD1.tsv","Burger","2019","Burger","secondary","Burger_etal_2019","Mean_brain_mass_g","mass_or_volume_mixed","mass_or_volume_mixed","Brain_Mass_mass_or_volume"
"Eptesicus pachyotis","Brain_Mass","g",0.158,"0.158","g","10.1093%2Fjmammal%2Fgyz043_SupplementaryDataSD1.tsv","Burger","2019","Burger","secondary","Burger_etal_2019","Mean_brain_mass_g","mass_or_volume_mixed","mass_or_volume_mixed","Brain_Mass_mass_or_volume"
"Hesperoptenus blanfordi","Brain_Mass","g",0.158,"0.158","g","10.1093%2Fjmammal%2Fgyz043_SupplementaryDataSD1.tsv","Burger","2019","Burger","secondary","Burger_etal_2019","Mean_brain_mass_g","mass_or_volume_mixed","mass_or_volume_mixed","Brain_Mass_mass_or_volume"
"Scotorepens sanborni","Brain_Mass","g",0.158,"0.158","g","10.1093%2Fjmammal%2Fgyz043_SupplementaryDataSD1.tsv","Burger","2019","Burger","secondary","Burger_etal_2019","Mean_brain_mass_g","mass_or_volume_mixed","mass_or_volume_mixed","Brain_Mass_mass_or_volume"
"Saccopteryx leptura","Brain_Mass","g",0.1605,"0.1605","g","10.1093%2Fjmammal%2Fgyz043_SupplementaryDataSD1.tsv","Burger","2019","Burger","secondary","Burger_etal_2019","Mean_brain_mass_g","mass_or_volume_mixed","mass_or_volume_mixed","Brain_Mass_mass_or_volume"
"Myotis lucifugus","Brain_Mass","g",0.16133,"0.16133","g","10.1093%2Fjmammal%2Fgyz043_SupplementaryDataSD1.tsv","Burger","2019","Burger","secondary","Burger_etal_2019","Mean_brain_mass_g","mass_or_volume_mixed","mass_or_volume_mixed","Brain_Mass_mass_or_volume"
"Emballonura monticola","Brain_Mass","g",0.163,"0.163","g","10.1093%2Fjmammal%2Fgyz043_SupplementaryDataSD1.tsv","Burger","2019","Burger","secondary","Burger_etal_2019","Mean_brain_mass_g","mass_or_volume_mixed","mass_or_volume_mixed","Brain_Mass_mass_or_volume"
"Rhinolophus pusillus","Brain_Mass","g",0.164,"0.164","g","10.1093%2Fjmammal%2Fgyz043_SupplementaryDataSD1.tsv","Burger","2019","Burger","secondary","Burger_etal_2019","Mean_brain_mass_g","mass_or_volume_mixed","mass_or_volume_mixed","Brain_Mass_mass_or_volume"
"Pipistrellus kuhlii","Brain_Mass","g",0.166,"0.166","g","10.1093%2Fjmammal%2Fgyz043_SupplementaryDataSD1.tsv","Burger","2019","Burger","secondary","Burger_etal_2019","Mean_brain_mass_g","mass_or_volume_mixed","mass_or_volume_mixed","Brain_Mass_mass_or_volume"
"Nyctophilus geoffroyi","Brain_Mass","g",0.167,"0.167","g","10.1093%2Fjmammal%2Fgyz043_SupplementaryDataSD1.tsv","Burger","2019","Burger","secondary","Burger_etal_2019","Mean_brain_mass_g","mass_or_volume_mixed","mass_or_volume_mixed","Brain_Mass_mass_or_volume"
"Miniopterus australis","Brain_Mass","g",0.17,"0.17","g","10.1093%2Fjmammal%2Fgyz043_SupplementaryDataSD1.tsv","Burger","2019","Burger","secondary","Burger_etal_2019","Mean_brain_mass_g","mass_or_volume_mixed","mass_or_volume_mixed","Brain_Mass_mass_or_volume"
"Lasiurus borealis","Brain_Mass","g",0.17,"0.17","g","10.1093%2Fjmammal%2Fgyz043_SupplementaryDataSD1.tsv","Burger","2019","Burger","secondary","Burger_etal_2019","Mean_brain_mass_g","mass_or_volume_mixed","mass_or_volume_mixed","Brain_Mass_mass_or_volume"
"Myotis montivagus","Brain_Mass","g",0.17,"0.17","g","10.1093%2Fjmammal%2Fgyz043_SupplementaryDataSD1.tsv","Burger","2019","Burger","secondary","Burger_etal_2019","Mean_brain_mass_g","mass_or_volume_mixed","mass_or_volume_mixed","Brain_Mass_mass_or_volume"
"Myotis riparius","Brain_Mass","g",0.173,"0.173","g","10.1093%2Fjmammal%2Fgyz043_SupplementaryDataSD1.tsv","Burger","2019","Burger","secondary","Burger_etal_2019","Mean_brain_mass_g","mass_or_volume_mixed","mass_or_volume_mixed","Brain_Mass_mass_or_volume"
"Emballonura raffrayana","Brain_Mass","g",0.174,"0.174","g","10.1093%2Fjmammal%2Fgyz043_SupplementaryDataSD1.tsv","Burger","2019","Burger","secondary","Burger_etal_2019","Mean_brain_mass_g","mass_or_volume_mixed","mass_or_volume_mixed","Brain_Mass_mass_or_volume"
"Cyttarops alecto","Brain_Mass","g",0.175,"0.175","g","10.1093%2Fjmammal%2Fgyz043_SupplementaryDataSD1.tsv","Burger","2019","Burger","secondary","Burger_etal_2019","Mean_brain_mass_g","mass_or_volume_mixed","mass_or_volume_mixed","Brain_Mass_mass_or_volume"
"Molossops temminckii","Brain_Mass","g",0.181,"0.181","g","10.1093%2Fjmammal%2Fgyz043_SupplementaryDataSD1.tsv","Burger","2019","Burger","secondary","Burger_etal_2019","Mean_brain_mass_g","mass_or_volume_mixed","mass_or_volume_mixed","Brain_Mass_mass_or_volume"
"Pipistrellus ceylonicus","Brain_Mass","g",0.182,"0.182","g","10.1093%2Fjmammal%2Fgyz043_SupplementaryDataSD1.tsv","Burger","2019","Burger","secondary","Burger_etal_2019","Mean_brain_mass_g","mass_or_volume_mixed","mass_or_volume_mixed","Brain_Mass_mass_or_volume"
"Barbastella barbastellus","Brain_Mass","g",0.184,"0.184","g","10.1093%2Fjmammal%2Fgyz043_SupplementaryDataSD1.tsv","Burger","2019","Burger","secondary","Burger_etal_2019","Mean_brain_mass_g","mass_or_volume_mixed","mass_or_volume_mixed","Brain_Mass_mass_or_volume"
"Emballonura semicaudata","Brain_Mass","g",0.184,"0.184","g","10.1093%2Fjmammal%2Fgyz043_SupplementaryDataSD1.tsv","Burger","2019","Burger","secondary","Burger_etal_2019","Mean_brain_mass_g","mass_or_volume_mixed","mass_or_volume_mixed","Brain_Mass_mass_or_volume"
"Chalinolobus morio","Brain_Mass","g",0.1845,"0.1845","g","10.1093%2Fjmammal%2Fgyz043_SupplementaryDataSD1.tsv","Burger","2019","Burger","secondary","Burger_etal_2019","Mean_brain_mass_g","mass_or_volume_mixed","mass_or_volume_mixed","Brain_Mass_mass_or_volume"
"Cynomops planirostris","Brain_Mass","g",0.185,"0.185","g","10.1093%2Fjmammal%2Fgyz043_SupplementaryDataSD1.tsv","Burger","2019","Burger","secondary","Burger_etal_2019","Mean_brain_mass_g","mass_or_volume_mixed","mass_or_volume_mixed","Brain_Mass_mass_or_volume"
"Phoniscus atrox","Brain_Mass","g",0.188,"0.188","g","10.1093%2Fjmammal%2Fgyz043_SupplementaryDataSD1.tsv","Burger","2019","Burger","secondary","Burger_etal_2019","Mean_brain_mass_g","mass_or_volume_mixed","mass_or_volume_mixed","Brain_Mass_mass_or_volume"
"Myotis hasseltii","Brain_Mass","g",0.188,"0.188","g","10.1093%2Fjmammal%2Fgyz043_SupplementaryDataSD1.tsv","Burger","2019","Burger","secondary","Burger_etal_2019","Mean_brain_mass_g","mass_or_volume_mixed","mass_or_volume_mixed","Brain_Mass_mass_or_volume"
"Rhinolophus lepidus","Brain_Mass","g",0.18833,"0.18833","g","10.1093%2Fjmammal%2Fgyz043_SupplementaryDataSD1.tsv","Burger","2019","Burger","secondary","Burger_etal_2019","Mean_brain_mass_g","mass_or_volume_mixed","mass_or_volume_mixed","Brain_Mass_mass_or_volume"
"Eptesicus furinalis","Brain_Mass","g",0.1895,"0.1895","g","10.1093%2Fjmammal%2Fgyz043_SupplementaryDataSD1.tsv","Burger","2019","Burger","secondary","Burger_etal_2019","Mean_brain_mass_g","mass_or_volume_mixed","mass_or_volume_mixed","Brain_Mass_mass_or_volume"
"Neoromicia flavescens","Brain_Mass","g",0.19,"0.19","g","10.1093%2Fjmammal%2Fgyz043_SupplementaryDataSD1.tsv","Burger","2019","Burger","secondary","Burger_etal_2019","Mean_brain_mass_g","mass_or_volume_mixed","mass_or_volume_mixed","Brain_Mass_mass_or_volume"
"Rhinolophus cornutus","Brain_Mass","g",0.194,"0.194","g","10.1093%2Fjmammal%2Fgyz043_SupplementaryDataSD1.tsv","Burger","2019","Burger","secondary","Burger_etal_2019","Mean_brain_mass_g","mass_or_volume_mixed","mass_or_volume_mixed","Brain_Mass_mass_or_volume"
"Myotis horsfieldii","Brain_Mass","g",0.197,"0.197","g","10.1093%2Fjmammal%2Fgyz043_SupplementaryDataSD1.tsv","Burger","2019","Burger","secondary","Burger_etal_2019","Mean_brain_mass_g","mass_or_volume_mixed","mass_or_volume_mixed","Brain_Mass_mass_or_volume"
"Hipposideros ater","Brain_Mass","g",0.198,"0.198","g","10.1093%2Fjmammal%2Fgyz043_SupplementaryDataSD1.tsv","Burger","2019","Burger","secondary","Burger_etal_2019","Mean_brain_mass_g","mass_or_volume_mixed","mass_or_volume_mixed","Brain_Mass_mass_or_volume"
"Eptesicus brasiliensis","Brain_Mass","g",0.19833,"0.19833","g","10.1093%2Fjmammal%2Fgyz043_SupplementaryDataSD1.tsv","Burger","2019","Burger","secondary","Burger_etal_2019","Mean_brain_mass_g","mass_or_volume_mixed","mass_or_volume_mixed","Brain_Mass_mass_or_volume"
"Myotis bocagii","Brain_Mass","g",0.2,"0.2","g","10.1093%2Fjmammal%2Fgyz043_SupplementaryDataSD1.tsv","Burger","2019","Burger","secondary","Burger_etal_2019","Mean_brain_mass_g","mass_or_volume_mixed","mass_or_volume_mixed","Brain_Mass_mass_or_volume"
"Myotis velifer","Brain_Mass","g",0.2,"0.2","g","10.1093%2Fjmammal%2Fgyz043_SupplementaryDataSD1.tsv","Burger","2019","Burger","secondary","Burger_etal_2019","Mean_brain_mass_g","mass_or_volume_mixed","mass_or_volume_mixed","Brain_Mass_mass_or_volume"
"Rhinolophus malayanus","Brain_Mass","g",0.202,"0.202","g","10.1093%2Fjmammal%2Fgyz043_SupplementaryDataSD1.tsv","Burger","2019","Burger","secondary","Burger_etal_2019","Mean_brain_mass_g","mass_or_volume_mixed","mass_or_volume_mixed","Brain_Mass_mass_or_volume"
"Kerivoula pellucida","Brain_Mass","g",0.203,"0.203","g","10.1093%2Fjmammal%2Fgyz043_SupplementaryDataSD1.tsv","Burger","2019","Burger","secondary","Burger_etal_2019","Mean_brain_mass_g","mass_or_volume_mixed","mass_or_volume_mixed","Brain_Mass_mass_or_volume"
"Glauconycteris poensis","Brain_Mass","g",0.205,"0.205","g","10.1093%2Fjmammal%2Fgyz043_SupplementaryDataSD1.tsv","Burger","2019","Burger","secondary","Burger_etal_2019","Mean_brain_mass_g","mass_or_volume_mixed","mass_or_volume_mixed","Brain_Mass_mass_or_volume"
"Rhinolophus macrotis","Brain_Mass","g",0.208,"0.208","g","10.1093%2Fjmammal%2Fgyz043_SupplementaryDataSD1.tsv","Burger","2019","Burger","secondary","Burger_etal_2019","Mean_brain_mass_g","mass_or_volume_mixed","mass_or_volume_mixed","Brain_Mass_mass_or_volume"
"Hipposideros cervinus","Brain_Mass","g",0.214,"0.214","g","10.1093%2Fjmammal%2Fgyz043_SupplementaryDataSD1.tsv","Burger","2019","Burger","secondary","Burger_etal_2019","Mean_brain_mass_g","mass_or_volume_mixed","mass_or_volume_mixed","Brain_Mass_mass_or_volume"
"Eptesicus fuscus","Brain_Mass","g",0.21433,"0.21433","g","10.1093%2Fjmammal%2Fgyz043_SupplementaryDataSD1.tsv","Burger","2019","Burger","secondary","Burger_etal_2019","Mean_brain_mass_g","mass_or_volume_mixed","mass_or_volume_mixed","Brain_Mass_mass_or_volume"
"Miniopterus pusillus","Brain_Mass","g",0.216,"0.216","g","10.1093%2Fjmammal%2Fgyz043_SupplementaryDataSD1.tsv","Burger","2019","Burger","secondary","Burger_etal_2019","Mean_brain_mass_g","mass_or_volume_mixed","mass_or_volume_mixed","Brain_Mass_mass_or_volume"
"Murina tubinaris","Brain_Mass","g",0.217,"0.217","g","10.1093%2Fjmammal%2Fgyz043_SupplementaryDataSD1.tsv","Burger","2019","Burger","secondary","Burger_etal_2019","Mean_brain_mass_g","mass_or_volume_mixed","mass_or_volume_mixed","Brain_Mass_mass_or_volume"
"Cormura brevirostris","Brain_Mass","g",0.219,"0.219","g","10.1093%2Fjmammal%2Fgyz043_SupplementaryDataSD1.tsv","Burger","2019","Burger","secondary","Burger_etal_2019","Mean_brain_mass_g","mass_or_volume_mixed","mass_or_volume_mixed","Brain_Mass_mass_or_volume"
"Mormopterus jugularis","Brain_Mass","g",0.22,"0.22","g","10.1093%2Fjmammal%2Fgyz043_SupplementaryDataSD1.tsv","Burger","2019","Burger","secondary","Burger_etal_2019","Mean_brain_mass_g","mass_or_volume_mixed","mass_or_volume_mixed","Brain_Mass_mass_or_volume"
"Myotis annectans","Brain_Mass","g",0.221,"0.221","g","10.1093%2Fjmammal%2Fgyz043_SupplementaryDataSD1.tsv","Burger","2019","Burger","secondary","Burger_etal_2019","Mean_brain_mass_g","mass_or_volume_mixed","mass_or_volume_mixed","Brain_Mass_mass_or_volume"
"Thyroptera tricolor","Brain_Mass","g",0.23,"0.23","g","10.1093%2Fjmammal%2Fgyz043_SupplementaryDataSD1.tsv","Burger","2019","Burger","secondary","Burger_etal_2019","Mean_brain_mass_g","mass_or_volume_mixed","mass_or_volume_mixed","Brain_Mass_mass_or_volume"
"Myotis daubentonii","Brain_Mass","g",0.23,"0.23","g","10.1093%2Fjmammal%2Fgyz043_SupplementaryDataSD1.tsv","Burger","2019","Burger","secondary","Burger_etal_2019","Mean_brain_mass_g","mass_or_volume_mixed","mass_or_volume_mixed","Brain_Mass_mass_or_volume"
"Eptesicus dimissus","Brain_Mass","g",0.231,"0.231","g","10.1093%2Fjmammal%2Fgyz043_SupplementaryDataSD1.tsv","Burger","2019","Burger","secondary","Burger_etal_2019","Mean_brain_mass_g","mass_or_volume_mixed","mass_or_volume_mixed","Brain_Mass_mass_or_volume"
"Hipposideros pomona","Brain_Mass","g",0.233,"0.233","g","10.1093%2Fjmammal%2Fgyz043_SupplementaryDataSD1.tsv","Burger","2019","Burger","secondary","Burger_etal_2019","Mean_brain_mass_g","mass_or_volume_mixed","mass_or_volume_mixed","Brain_Mass_mass_or_volume"
"Rhinolophus thomasi","Brain_Mass","g",0.233,"0.233","g","10.1093%2Fjmammal%2Fgyz043_SupplementaryDataSD1.tsv","Burger","2019","Burger","secondary","Burger_etal_2019","Mean_brain_mass_g","mass_or_volume_mixed","mass_or_volume_mixed","Brain_Mass_mass_or_volume"
"Mormopterus beccarii","Brain_Mass","g",0.233,"0.233","g","10.1093%2Fjmammal%2Fgyz043_SupplementaryDataSD1.tsv","Burger","2019","Burger","secondary","Burger_etal_2019","Mean_brain_mass_g","mass_or_volume_mixed","mass_or_volume_mixed","Brain_Mass_mass_or_volume"
"Pteronotus personatus","Brain_Mass","g",0.234,"0.234","g","10.1093%2Fjmammal%2Fgyz043_SupplementaryDataSD1.tsv","Burger","2019","Burger","secondary","Burger_etal_2019","Mean_brain_mass_g","mass_or_volume_mixed","mass_or_volume_mixed","Brain_Mass_mass_or_volume"
"Hipposideros fulvus","Brain_Mass","g",0.236,"0.236","g","10.1093%2Fjmammal%2Fgyz043_SupplementaryDataSD1.tsv","Burger","2019","Burger","secondary","Burger_etal_2019","Mean_brain_mass_g","mass_or_volume_mixed","mass_or_volume_mixed","Brain_Mass_mass_or_volume"
"Plecotus auritus","Brain_Mass","g",0.238,"0.238","g","10.1093%2Fjmammal%2Fgyz043_SupplementaryDataSD1.tsv","Burger","2019","Burger","secondary","Burger_etal_2019","Mean_brain_mass_g","mass_or_volume_mixed","mass_or_volume_mixed","Brain_Mass_mass_or_volume"
"Nycteris nana","Brain_Mass","g",0.239,"0.239","g","10.1093%2Fjmammal%2Fgyz043_SupplementaryDataSD1.tsv","Burger","2019","Burger","secondary","Burger_etal_2019","Mean_brain_mass_g","mass_or_volume_mixed","mass_or_volume_mixed","Brain_Mass_mass_or_volume"
"Myotis altarium","Brain_Mass","g",0.24,"0.24","g","10.1093%2Fjmammal%2Fgyz043_SupplementaryDataSD1.tsv","Burger","2019","Burger","secondary","Burger_etal_2019","Mean_brain_mass_g","mass_or_volume_mixed","mass_or_volume_mixed","Brain_Mass_mass_or_volume"
"Chalinolobus gouldii","Brain_Mass","g",0.24,"0.24","g","10.1093%2Fjmammal%2Fgyz043_SupplementaryDataSD1.tsv","Burger","2019","Burger","secondary","Burger_etal_2019","Mean_brain_mass_g","mass_or_volume_mixed","mass_or_volume_mixed","Brain_Mass_mass_or_volume"
"Asellia tridens","Brain_Mass","g",0.24,"0.24","g","10.1093%2Fjmammal%2Fgyz043_SupplementaryDataSD1.tsv","Burger","2019","Burger","secondary","Burger_etal_2019","Mean_brain_mass_g","mass_or_volume_mixed","mass_or_volume_mixed","Brain_Mass_mass_or_volume"
"Rhinolophus clivosus","Brain_Mass","g",0.242,"0.242","g","10.1093%2Fjmammal%2Fgyz043_SupplementaryDataSD1.tsv","Burger","2019","Burger","secondary","Burger_etal_2019","Mean_brain_mass_g","mass_or_volume_mixed","mass_or_volume_mixed","Brain_Mass_mass_or_volume"
"Natalus tumidirostris","Brain_Mass","g",0.245,"0.245","g","10.1093%2Fjmammal%2Fgyz043_SupplementaryDataSD1.tsv","Burger","2019","Burger","secondary","Burger_etal_2019","Mean_brain_mass_g","mass_or_volume_mixed","mass_or_volume_mixed","Brain_Mass_mass_or_volume"
"Rhinonicteris aurantia","Brain_Mass","g",0.249,"0.249","g","10.1093%2Fjmammal%2Fgyz043_SupplementaryDataSD1.tsv","Burger","2019","Burger","secondary","Burger_etal_2019","Mean_brain_mass_g","mass_or_volume_mixed","mass_or_volume_mixed","Brain_Mass_mass_or_volume"
"Nyctophilus timoriensis","Brain_Mass","g",0.254,"0.254","g","10.1093%2Fjmammal%2Fgyz043_SupplementaryDataSD1.tsv","Burger","2019","Burger","secondary","Burger_etal_2019","Mean_brain_mass_g","mass_or_volume_mixed","mass_or_volume_mixed","Brain_Mass_mass_or_volume"
"Myotis adversus","Brain_Mass","g",0.2545,"0.2545","g","10.1093%2Fjmammal%2Fgyz043_SupplementaryDataSD1.tsv","Burger","2019","Burger","secondary","Burger_etal_2019","Mean_brain_mass_g","mass_or_volume_mixed","mass_or_volume_mixed","Brain_Mass_mass_or_volume"
"Rhinolophus capensis","Brain_Mass","g",0.256,"0.256","g","10.1093%2Fjmammal%2Fgyz043_SupplementaryDataSD1.tsv","Burger","2019","Burger","secondary","Burger_etal_2019","Mean_brain_mass_g","mass_or_volume_mixed","mass_or_volume_mixed","Brain_Mass_mass_or_volume"
"Murina huttoni","Brain_Mass","g",0.258,"0.258","g","10.1093%2Fjmammal%2Fgyz043_SupplementaryDataSD1.tsv","Burger","2019","Burger","secondary","Burger_etal_2019","Mean_brain_mass_g","mass_or_volume_mixed","mass_or_volume_mixed","Brain_Mass_mass_or_volume"
"Coleura afra","Brain_Mass","g",0.2585,"0.2585","g","10.1093%2Fjmammal%2Fgyz043_SupplementaryDataSD1.tsv","Burger","2019","Burger","secondary","Burger_etal_2019","Mean_brain_mass_g","mass_or_volume_mixed","mass_or_volume_mixed","Brain_Mass_mass_or_volume"
"Rhinolophus coelophyllus","Brain_Mass","g",0.259,"0.259","g","10.1093%2Fjmammal%2Fgyz043_SupplementaryDataSD1.tsv","Burger","2019","Burger","secondary","Burger_etal_2019","Mean_brain_mass_g","mass_or_volume_mixed","mass_or_volume_mixed","Brain_Mass_mass_or_volume"
"Myotis tricolor","Brain_Mass","g",0.259,"0.259","g","10.1093%2Fjmammal%2Fgyz043_SupplementaryDataSD1.tsv","Burger","2019","Burger","secondary","Burger_etal_2019","Mean_brain_mass_g","mass_or_volume_mixed","mass_or_volume_mixed","Brain_Mass_mass_or_volume"
"Myotis bechsteinii","Brain_Mass","g",0.26,"0.26","g","10.1093%2Fjmammal%2Fgyz043_SupplementaryDataSD1.tsv","Burger","2019","Burger","secondary","Burger_etal_2019","Mean_brain_mass_g","mass_or_volume_mixed","mass_or_volume_mixed","Brain_Mass_mass_or_volume"
"Rhinolophus megaphyllus","Brain_Mass","g",0.2605,"0.2605","g","10.1093%2Fjmammal%2Fgyz043_SupplementaryDataSD1.tsv","Burger","2019","Burger","secondary","Burger_etal_2019","Mean_brain_mass_g","mass_or_volume_mixed","mass_or_volume_mixed","Brain_Mass_mass_or_volume"
"Hipposideros ruber","Brain_Mass","g",0.265,"0.265","g","10.1093%2Fjmammal%2Fgyz043_SupplementaryDataSD1.tsv","Burger","2019","Burger","secondary","Burger_etal_2019","Mean_brain_mass_g","mass_or_volume_mixed","mass_or_volume_mixed","Brain_Mass_mass_or_volume"
"Murina cyclotis","Brain_Mass","g",0.265,"0.265","g","10.1093%2Fjmammal%2Fgyz043_SupplementaryDataSD1.tsv","Burger","2019","Burger","secondary","Burger_etal_2019","Mean_brain_mass_g","mass_or_volume_mixed","mass_or_volume_mixed","Brain_Mass_mass_or_volume"
"Miniopterus fuscus","Brain_Mass","g",0.265,"0.265","g","10.1093%2Fjmammal%2Fgyz043_SupplementaryDataSD1.tsv","Burger","2019","Burger","secondary","Burger_etal_2019","Mean_brain_mass_g","mass_or_volume_mixed","mass_or_volume_mixed","Brain_Mass_mass_or_volume"
"Rhinolophus paradoxolophus","Brain_Mass","g",0.267,"0.267","g","10.1093%2Fjmammal%2Fgyz043_SupplementaryDataSD1.tsv","Burger","2019","Burger","secondary","Burger_etal_2019","Mean_brain_mass_g","mass_or_volume_mixed","mass_or_volume_mixed","Brain_Mass_mass_or_volume"
"Hipposideros ridleyi","Brain_Mass","g",0.269,"0.269","g","10.1093%2Fjmammal%2Fgyz043_SupplementaryDataSD1.tsv","Burger","2019","Burger","secondary","Burger_etal_2019","Mean_brain_mass_g","mass_or_volume_mixed","mass_or_volume_mixed","Brain_Mass_mass_or_volume"
"Miniopterus schreibersii","Brain_Mass","g",0.2703,"0.2703","g","10.1093%2Fjmammal%2Fgyz043_SupplementaryDataSD1.tsv","Burger","2019","Burger","secondary","Burger_etal_2019","Mean_brain_mass_g","mass_or_volume_mixed","mass_or_volume_mixed","Brain_Mass_mass_or_volume"
"Triaenops persicus","Brain_Mass","g",0.2705,"0.2705","g","10.1093%2Fjmammal%2Fgyz043_SupplementaryDataSD1.tsv","Burger","2019","Burger","secondary","Burger_etal_2019","Mean_brain_mass_g","mass_or_volume_mixed","mass_or_volume_mixed","Brain_Mass_mass_or_volume"
"Miniopterus medius","Brain_Mass","g",0.27122,"0.27122","g","10.1093%2Fjmammal%2Fgyz043_SupplementaryDataSD1.tsv","Burger","2019","Burger","secondary","Burger_etal_2019","Mean_brain_mass_g","mass_or_volume_mixed","mass_or_volume_mixed","Brain_Mass_mass_or_volume"
"Micronycteris megalotis","Brain_Mass","g",0.274,"0.274","g","10.1093%2Fjmammal%2Fgyz043_SupplementaryDataSD1.tsv","Burger","2019","Burger","secondary","Burger_etal_2019","Mean_brain_mass_g","mass_or_volume_mixed","mass_or_volume_mixed","Brain_Mass_mass_or_volume"
"Mops pumilus","Brain_Mass","g",0.274,"0.274","g","10.1093%2Fjmammal%2Fgyz043_SupplementaryDataSD1.tsv","Burger","2019","Burger","secondary","Burger_etal_2019","Mean_brain_mass_g","mass_or_volume_mixed","mass_or_volume_mixed","Brain_Mass_mass_or_volume"
"Rhinopoma hardwickii","Brain_Mass","g",0.275,"0.275","g","10.1093%2Fjmammal%2Fgyz043_SupplementaryDataSD1.tsv","Burger","2019","Burger","secondary","Burger_etal_2019","Mean_brain_mass_g","mass_or_volume_mixed","mass_or_volume_mixed","Brain_Mass_mass_or_volume"
"Rhinolophus landeri","Brain_Mass","g",0.276,"0.276","g","10.1093%2Fjmammal%2Fgyz043_SupplementaryDataSD1.tsv","Burger","2019","Burger","secondary","Burger_etal_2019","Mean_brain_mass_g","mass_or_volume_mixed","mass_or_volume_mixed","Brain_Mass_mass_or_volume"
"Rhinolophus robinsoni","Brain_Mass","g",0.2785,"0.2785","g","10.1093%2Fjmammal%2Fgyz043_SupplementaryDataSD1.tsv","Burger","2019","Burger","secondary","Burger_etal_2019","Mean_brain_mass_g","mass_or_volume_mixed","mass_or_volume_mixed","Brain_Mass_mass_or_volume"
"Nycteris thebaica","Brain_Mass","g",0.2785,"0.2785","g","10.1093%2Fjmammal%2Fgyz043_SupplementaryDataSD1.tsv","Burger","2019","Burger","secondary","Burger_etal_2019","Mean_brain_mass_g","mass_or_volume_mixed","mass_or_volume_mixed","Brain_Mass_mass_or_volume"
"Hipposideros galeritus","Brain_Mass","g",0.279,"0.279","g","10.1093%2Fjmammal%2Fgyz043_SupplementaryDataSD1.tsv","Burger","2019","Burger","secondary","Burger_etal_2019","Mean_brain_mass_g","mass_or_volume_mixed","mass_or_volume_mixed","Brain_Mass_mass_or_volume"
"Nycteris hispida","Brain_Mass","g",0.284,"0.284","g","10.1093%2Fjmammal%2Fgyz043_SupplementaryDataSD1.tsv","Burger","2019","Burger","secondary","Burger_etal_2019","Mean_brain_mass_g","mass_or_volume_mixed","mass_or_volume_mixed","Brain_Mass_mass_or_volume"
"Hipposideros speoris","Brain_Mass","g",0.284,"0.284","g","10.1093%2Fjmammal%2Fgyz043_SupplementaryDataSD1.tsv","Burger","2019","Burger","secondary","Burger_etal_2019","Mean_brain_mass_g","mass_or_volume_mixed","mass_or_volume_mixed","Brain_Mass_mass_or_volume"
"Molossus molossus","Brain_Mass","g",0.28467,"0.28467","g","10.1093%2Fjmammal%2Fgyz043_SupplementaryDataSD1.tsv","Burger","2019","Burger","secondary","Burger_etal_2019","Mean_brain_mass_g","mass_or_volume_mixed","mass_or_volume_mixed","Brain_Mass_mass_or_volume"
"Rhinolophus stheno","Brain_Mass","g",0.285,"0.285","g","10.1093%2Fjmammal%2Fgyz043_SupplementaryDataSD1.tsv","Burger","2019","Burger","secondary","Burger_etal_2019","Mean_brain_mass_g","mass_or_volume_mixed","mass_or_volume_mixed","Brain_Mass_mass_or_volume"
"Micronycteris minuta","Brain_Mass","g",0.286,"0.286","g","10.1093%2Fjmammal%2Fgyz043_SupplementaryDataSD1.tsv","Burger","2019","Burger","secondary","Burger_etal_2019","Mean_brain_mass_g","mass_or_volume_mixed","mass_or_volume_mixed","Brain_Mass_mass_or_volume"
"Ametrida centurio","Brain_Mass","g",0.29,"0.29","g","10.1093%2Fjmammal%2Fgyz043_SupplementaryDataSD1.tsv","Burger","2019","Burger","secondary","Burger_etal_2019","Mean_brain_mass_g","mass_or_volume_mixed","mass_or_volume_mixed","Brain_Mass_mass_or_volume"
"Cynomops greenhalli","Brain_Mass","g",0.3,"0.3","g","10.1093%2Fjmammal%2Fgyz043_SupplementaryDataSD1.tsv","Burger","2019","Burger","secondary","Burger_etal_2019","Mean_brain_mass_g","mass_or_volume_mixed","mass_or_volume_mixed","Brain_Mass_mass_or_volume"
"Rhinolophus acuminatus","Brain_Mass","g",0.302,"0.302","g","10.1093%2Fjmammal%2Fgyz043_SupplementaryDataSD1.tsv","Burger","2019","Burger","secondary","Burger_etal_2019","Mean_brain_mass_g","mass_or_volume_mixed","mass_or_volume_mixed","Brain_Mass_mass_or_volume"
"Micronycteris schmidtorum","Brain_Mass","g",0.308,"0.308","g","10.1093%2Fjmammal%2Fgyz043_SupplementaryDataSD1.tsv","Burger","2019","Burger","secondary","Burger_etal_2019","Mean_brain_mass_g","mass_or_volume_mixed","mass_or_volume_mixed","Brain_Mass_mass_or_volume"
"Rhinolophus mehelyi","Brain_Mass","g",0.31,"0.31","g","10.1093%2Fjmammal%2Fgyz043_SupplementaryDataSD1.tsv","Burger","2019","Burger","secondary","Burger_etal_2019","Mean_brain_mass_g","mass_or_volume_mixed","mass_or_volume_mixed","Brain_Mass_mass_or_volume"
"Kerivoula papillosa","Brain_Mass","g",0.31,"0.31","g","10.1093%2Fjmammal%2Fgyz043_SupplementaryDataSD1.tsv","Burger","2019","Burger","secondary","Burger_etal_2019","Mean_brain_mass_g","mass_or_volume_mixed","mass_or_volume_mixed","Brain_Mass_mass_or_volume"
"Myotis dasycneme","Brain_Mass","g",0.31,"0.31","g","10.1093%2Fjmammal%2Fgyz043_SupplementaryDataSD1.tsv","Burger","2019","Burger","secondary","Burger_etal_2019","Mean_brain_mass_g","mass_or_volume_mixed","mass_or_volume_mixed","Brain_Mass_mass_or_volume"
"Macrophyllum macrophyllum","Brain_Mass","g",0.321,"0.321","g","10.1093%2Fjmammal%2Fgyz043_SupplementaryDataSD1.tsv","Burger","2019","Burger","secondary","Burger_etal_2019","Mean_brain_mass_g","mass_or_volume_mixed","mass_or_volume_mixed","Brain_Mass_mass_or_volume"
"Miniopterus magnater","Brain_Mass","g",0.324,"0.324","g","10.1093%2Fjmammal%2Fgyz043_SupplementaryDataSD1.tsv","Burger","2019","Burger","secondary","Burger_etal_2019","Mean_brain_mass_g","mass_or_volume_mixed","mass_or_volume_mixed","Brain_Mass_mass_or_volume"
"Miniopterus inflatus","Brain_Mass","g",0.3265,"0.3265","g","10.1093%2Fjmammal%2Fgyz043_SupplementaryDataSD1.tsv","Burger","2019","Burger","secondary","Burger_etal_2019","Mean_brain_mass_g","mass_or_volume_mixed","mass_or_volume_mixed","Brain_Mass_mass_or_volume"
"Rhinolophus pearsonii","Brain_Mass","g",0.332,"0.332","g","10.1093%2Fjmammal%2Fgyz043_SupplementaryDataSD1.tsv","Burger","2019","Burger","secondary","Burger_etal_2019","Mean_brain_mass_g","mass_or_volume_mixed","mass_or_volume_mixed","Brain_Mass_mass_or_volume"
"Miniopterus tristis","Brain_Mass","g",0.333,"0.333","g","10.1093%2Fjmammal%2Fgyz043_SupplementaryDataSD1.tsv","Burger","2019","Burger","secondary","Burger_etal_2019","Mean_brain_mass_g","mass_or_volume_mixed","mass_or_volume_mixed","Brain_Mass_mass_or_volume"
"Choeroniscus godmani","Brain_Mass","g",0.34,"0.34","g","10.1093%2Fjmammal%2Fgyz043_SupplementaryDataSD1.tsv","Burger","2019","Burger","secondary","Burger_etal_2019","Mean_brain_mass_g","mass_or_volume_mixed","mass_or_volume_mixed","Brain_Mass_mass_or_volume"
"Scotophilus kuhlii","Brain_Mass","g",0.34233,"0.34233","g","10.1093%2Fjmammal%2Fgyz043_SupplementaryDataSD1.tsv","Burger","2019","Burger","secondary","Burger_etal_2019","Mean_brain_mass_g","mass_or_volume_mixed","mass_or_volume_mixed","Brain_Mass_mass_or_volume"
"Pteronotus gymnonotus","Brain_Mass","g",0.343,"0.343","g","10.1093%2Fjmammal%2Fgyz043_SupplementaryDataSD1.tsv","Burger","2019","Burger","secondary","Burger_etal_2019","Mean_brain_mass_g","mass_or_volume_mixed","mass_or_volume_mixed","Brain_Mass_mass_or_volume"
"Lonchophylla thomasi","Brain_Mass","g",0.3435,"0.3435","g","10.1093%2Fjmammal%2Fgyz043_SupplementaryDataSD1.tsv","Burger","2019","Burger","secondary","Burger_etal_2019","Mean_brain_mass_g","mass_or_volume_mixed","mass_or_volume_mixed","Brain_Mass_mass_or_volume"
"Mesophylla macconnelli","Brain_Mass","g",0.3445,"0.3445","g","10.1093%2Fjmammal%2Fgyz043_SupplementaryDataSD1.tsv","Burger","2019","Burger","secondary","Burger_etal_2019","Mean_brain_mass_g","mass_or_volume_mixed","mass_or_volume_mixed","Brain_Mass_mass_or_volume"
"Rhinolophus affinis","Brain_Mass","g",0.3475,"0.3475","g","10.1093%2Fjmammal%2Fgyz043_SupplementaryDataSD1.tsv","Burger","2019","Burger","secondary","Burger_etal_2019","Mean_brain_mass_g","mass_or_volume_mixed","mass_or_volume_mixed","Brain_Mass_mass_or_volume"
"Rhinolophus trifoliatus","Brain_Mass","g",0.351,"0.351","g","10.1093%2Fjmammal%2Fgyz043_SupplementaryDataSD1.tsv","Burger","2019","Burger","secondary","Burger_etal_2019","Mean_brain_mass_g","mass_or_volume_mixed","mass_or_volume_mixed","Brain_Mass_mass_or_volume"
"Lionycteris spurrelli","Brain_Mass","g",0.352,"0.352","g","10.1093%2Fjmammal%2Fgyz043_SupplementaryDataSD1.tsv","Burger","2019","Burger","secondary","Burger_etal_2019","Mean_brain_mass_g","mass_or_volume_mixed","mass_or_volume_mixed","Brain_Mass_mass_or_volume"
"Rhinophylla pumilio","Brain_Mass","g",0.356,"0.356","g","10.1093%2Fjmammal%2Fgyz043_SupplementaryDataSD1.tsv","Burger","2019","Burger","secondary","Burger_etal_2019","Mean_brain_mass_g","mass_or_volume_mixed","mass_or_volume_mixed","Brain_Mass_mass_or_volume"
"Chaerephon jobensis","Brain_Mass","g",0.36,"0.36","g","10.1093%2Fjmammal%2Fgyz043_SupplementaryDataSD1.tsv","Burger","2019","Burger","secondary","Burger_etal_2019","Mean_brain_mass_g","mass_or_volume_mixed","mass_or_volume_mixed","Brain_Mass_mass_or_volume"
"Hipposideros calcaratus","Brain_Mass","g",0.369,"0.369","g","10.1093%2Fjmammal%2Fgyz043_SupplementaryDataSD1.tsv","Burger","2019","Burger","secondary","Burger_etal_2019","Mean_brain_mass_g","mass_or_volume_mixed","mass_or_volume_mixed","Brain_Mass_mass_or_volume"
"Lonchorhina aurita","Brain_Mass","g",0.377,"0.377","g","10.1093%2Fjmammal%2Fgyz043_SupplementaryDataSD1.tsv","Burger","2019","Burger","secondary","Burger_etal_2019","Mean_brain_mass_g","mass_or_volume_mixed","mass_or_volume_mixed","Brain_Mass_mass_or_volume"
"Scotomanes ornatus","Brain_Mass","g",0.384,"0.384","g","10.1093%2Fjmammal%2Fgyz043_SupplementaryDataSD1.tsv","Burger","2019","Burger","secondary","Burger_etal_2019","Mean_brain_mass_g","mass_or_volume_mixed","mass_or_volume_mixed","Brain_Mass_mass_or_volume"
"Chaerephon plicatus","Brain_Mass","g",0.385,"0.385","g","10.1093%2Fjmammal%2Fgyz043_SupplementaryDataSD1.tsv","Burger","2019","Burger","secondary","Burger_etal_2019","Mean_brain_mass_g","mass_or_volume_mixed","mass_or_volume_mixed","Brain_Mass_mass_or_volume"
"Choeroniscus minor","Brain_Mass","g",0.389,"0.389","g","10.1093%2Fjmammal%2Fgyz043_SupplementaryDataSD1.tsv","Burger","2019","Burger","secondary","Burger_etal_2019","Mean_brain_mass_g","mass_or_volume_mixed","mass_or_volume_mixed","Brain_Mass_mass_or_volume"
"Nycteris macrotis","Brain_Mass","g",0.389,"0.389","g","10.1093%2Fjmammal%2Fgyz043_SupplementaryDataSD1.tsv","Burger","2019","Burger","secondary","Burger_etal_2019","Mean_brain_mass_g","mass_or_volume_mixed","mass_or_volume_mixed","Brain_Mass_mass_or_volume"
"Macrotus californicus","Brain_Mass","g",0.39,"0.39","g","10.1093%2Fjmammal%2Fgyz043_SupplementaryDataSD1.tsv","Burger","2019","Burger","secondary","Burger_etal_2019","Mean_brain_mass_g","mass_or_volume_mixed","mass_or_volume_mixed","Brain_Mass_mass_or_volume"
"Mops leucostigma","Brain_Mass","g",0.39,"0.39","g","10.1093%2Fjmammal%2Fgyz043_SupplementaryDataSD1.tsv","Burger","2019","Burger","secondary","Burger_etal_2019","Mean_brain_mass_g","mass_or_volume_mixed","mass_or_volume_mixed","Brain_Mass_mass_or_volume"
"Tadarida aegyptiaca","Brain_Mass","g",0.393,"0.393","g","10.1093%2Fjmammal%2Fgyz043_SupplementaryDataSD1.tsv","Burger","2019","Burger","secondary","Burger_etal_2019","Mean_brain_mass_g","mass_or_volume_mixed","mass_or_volume_mixed","Brain_Mass_mass_or_volume"
"Vampyressa pusilla","Brain_Mass","g",0.394,"0.394","g","10.1093%2Fjmammal%2Fgyz043_SupplementaryDataSD1.tsv","Burger","2019","Burger","secondary","Burger_etal_2019","Mean_brain_mass_g","mass_or_volume_mixed","mass_or_volume_mixed","Brain_Mass_mass_or_volume"
"Rhinopoma microphyllum","Brain_Mass","g",0.4035,"0.4035","g","10.1093%2Fjmammal%2Fgyz043_SupplementaryDataSD1.tsv","Burger","2019","Burger","secondary","Burger_etal_2019","Mean_brain_mass_g","mass_or_volume_mixed","mass_or_volume_mixed","Brain_Mass_mass_or_volume"
"Rhinolophus eloquens","Brain_Mass","g",0.4045,"0.4045","g","10.1093%2Fjmammal%2Fgyz043_SupplementaryDataSD1.tsv","Burger","2019","Burger","secondary","Burger_etal_2019","Mean_brain_mass_g","mass_or_volume_mixed","mass_or_volume_mixed","Brain_Mass_mass_or_volume"
"Monophyllus plethodon","Brain_Mass","g",0.4125,"0.4125","g","10.1093%2Fjmammal%2Fgyz043_SupplementaryDataSD1.tsv","Burger","2019","Burger","secondary","Burger_etal_2019","Mean_brain_mass_g","mass_or_volume_mixed","mass_or_volume_mixed","Brain_Mass_mass_or_volume"
"Hipposideros larvatus","Brain_Mass","g",0.4165,"0.4165","g","10.1093%2Fjmammal%2Fgyz043_SupplementaryDataSD1.tsv","Burger","2019","Burger","secondary","Burger_etal_2019","Mean_brain_mass_g","mass_or_volume_mixed","mass_or_volume_mixed","Brain_Mass_mass_or_volume"
"Cynomops abrasus","Brain_Mass","g",0.418,"0.418","g","10.1093%2Fjmammal%2Fgyz043_SupplementaryDataSD1.tsv","Burger","2019","Burger","secondary","Burger_etal_2019","Mean_brain_mass_g","mass_or_volume_mixed","mass_or_volume_mixed","Brain_Mass_mass_or_volume"
"Mops condylurus","Brain_Mass","g",0.42225,"0.42225","g","10.1093%2Fjmammal%2Fgyz043_SupplementaryDataSD1.tsv","Burger","2019","Burger","secondary","Burger_etal_2019","Mean_brain_mass_g","mass_or_volume_mixed","mass_or_volume_mixed","Brain_Mass_mass_or_volume"
"Anoura caudifer","Brain_Mass","g",0.4225,"0.4225","g","10.1093%2Fjmammal%2Fgyz043_SupplementaryDataSD1.tsv","Burger","2019","Burger","secondary","Burger_etal_2019","Mean_brain_mass_g","mass_or_volume_mixed","mass_or_volume_mixed","Brain_Mass_mass_or_volume"
"Lonchophylla mordax","Brain_Mass","g",0.432,"0.432","g","10.1093%2Fjmammal%2Fgyz043_SupplementaryDataSD1.tsv","Burger","2019","Burger","secondary","Burger_etal_2019","Mean_brain_mass_g","mass_or_volume_mixed","mass_or_volume_mixed","Brain_Mass_mass_or_volume"
"Mops niveiventer","Brain_Mass","g",0.432,"0.432","g","10.1093%2Fjmammal%2Fgyz043_SupplementaryDataSD1.tsv","Burger","2019","Burger","secondary","Burger_etal_2019","Mean_brain_mass_g","mass_or_volume_mixed","mass_or_volume_mixed","Brain_Mass_mass_or_volume"
"Glossophaga longirostris","Brain_Mass","g",0.435,"0.435","g","10.1093%2Fjmammal%2Fgyz043_SupplementaryDataSD1.tsv","Burger","2019","Burger","secondary","Burger_etal_2019","Mean_brain_mass_g","mass_or_volume_mixed","mass_or_volume_mixed","Brain_Mass_mass_or_volume"
"Scotophilus dinganii","Brain_Mass","g",0.4385,"0.4385","g","10.1093%2Fjmammal%2Fgyz043_SupplementaryDataSD1.tsv","Burger","2019","Burger","secondary","Burger_etal_2019","Mean_brain_mass_g","mass_or_volume_mixed","mass_or_volume_mixed","Brain_Mass_mass_or_volume"
"Rhinolophus yunanensis","Brain_Mass","g",0.439,"0.439","g","10.1093%2Fjmammal%2Fgyz043_SupplementaryDataSD1.tsv","Burger","2019","Burger","secondary","Burger_etal_2019","Mean_brain_mass_g","mass_or_volume_mixed","mass_or_volume_mixed","Brain_Mass_mass_or_volume"
"Harpiocephalus harpia","Brain_Mass","g",0.442,"0.442","g","10.1093%2Fjmammal%2Fgyz043_SupplementaryDataSD1.tsv","Burger","2019","Burger","secondary","Burger_etal_2019","Mean_brain_mass_g","mass_or_volume_mixed","mass_or_volume_mixed","Brain_Mass_mass_or_volume"
"Artibeus phaeotis","Brain_Mass","g",0.448,"0.448","g","10.1093%2Fjmammal%2Fgyz043_SupplementaryDataSD1.tsv","Burger","2019","Burger","secondary","Burger_etal_2019","Mean_brain_mass_g","mass_or_volume_mixed","mass_or_volume_mixed","Brain_Mass_mass_or_volume"
"Carollia castanea","Brain_Mass","g",0.4485,"0.4485","g","10.1093%2Fjmammal%2Fgyz043_SupplementaryDataSD1.tsv","Burger","2019","Burger","secondary","Burger_etal_2019","Mean_brain_mass_g","mass_or_volume_mixed","mass_or_volume_mixed","Brain_Mass_mass_or_volume"
"Artibeus cinereus","Brain_Mass","g",0.4685,"0.4685","g","10.1093%2Fjmammal%2Fgyz043_SupplementaryDataSD1.tsv","Burger","2019","Burger","secondary","Burger_etal_2019","Mean_brain_mass_g","mass_or_volume_mixed","mass_or_volume_mixed","Brain_Mass_mass_or_volume"
"Taphozous longimanus","Brain_Mass","g",0.47,"0.47","g","10.1093%2Fjmammal%2Fgyz043_SupplementaryDataSD1.tsv","Burger","2019","Burger","secondary","Burger_etal_2019","Mean_brain_mass_g","mass_or_volume_mixed","mass_or_volume_mixed","Brain_Mass_mass_or_volume"
"Mops mops","Brain_Mass","g",0.4725,"0.4725","g","10.1093%2Fjmammal%2Fgyz043_SupplementaryDataSD1.tsv","Burger","2019","Burger","secondary","Burger_etal_2019","Mean_brain_mass_g","mass_or_volume_mixed","mass_or_volume_mixed","Brain_Mass_mass_or_volume"
"Nycteris javanica","Brain_Mass","g",0.475,"0.475","g","10.1093%2Fjmammal%2Fgyz043_SupplementaryDataSD1.tsv","Burger","2019","Burger","secondary","Burger_etal_2019","Mean_brain_mass_g","mass_or_volume_mixed","mass_or_volume_mixed","Brain_Mass_mass_or_volume"
"Artibeus glaucus","Brain_Mass","g",0.476,"0.476","g","10.1093%2Fjmammal%2Fgyz043_SupplementaryDataSD1.tsv","Burger","2019","Burger","secondary","Burger_etal_2019","Mean_brain_mass_g","mass_or_volume_mixed","mass_or_volume_mixed","Brain_Mass_mass_or_volume"
"Nycteris tragata","Brain_Mass","g",0.476,"0.476","g","10.1093%2Fjmammal%2Fgyz043_SupplementaryDataSD1.tsv","Burger","2019","Burger","secondary","Burger_etal_2019","Mean_brain_mass_g","mass_or_volume_mixed","mass_or_volume_mixed","Brain_Mass_mass_or_volume"
"Scotophilus heathii","Brain_Mass","g",0.476,"0.476","g","10.1093%2Fjmammal%2Fgyz043_SupplementaryDataSD1.tsv","Burger","2019","Burger","secondary","Burger_etal_2019","Mean_brain_mass_g","mass_or_volume_mixed","mass_or_volume_mixed","Brain_Mass_mass_or_volume"
"Taphozous australis","Brain_Mass","g",0.5035,"0.5035","g","10.1093%2Fjmammal%2Fgyz043_SupplementaryDataSD1.tsv","Burger","2019","Burger","secondary","Burger_etal_2019","Mean_brain_mass_g","mass_or_volume_mixed","mass_or_volume_mixed","Brain_Mass_mass_or_volume"
"Balionycteris maculata","Brain_Mass","g",0.51067,"0.51067","g","10.1093%2Fjmammal%2Fgyz043_SupplementaryDataSD1.tsv","Burger","2019","Burger","secondary","Burger_etal_2019","Mean_brain_mass_g","mass_or_volume_mixed","mass_or_volume_mixed","Brain_Mass_mass_or_volume"
"Pteronotus parnellii","Brain_Mass","g",0.5315,"0.5315","g","10.1093%2Fjmammal%2Fgyz043_SupplementaryDataSD1.tsv","Burger","2019","Burger","secondary","Burger_etal_2019","Mean_brain_mass_g","mass_or_volume_mixed","mass_or_volume_mixed","Brain_Mass_mass_or_volume"
"Taphozous melanopogon","Brain_Mass","g",0.536,"0.536","g","10.1093%2Fjmammal%2Fgyz043_SupplementaryDataSD1.tsv","Burger","2019","Burger","secondary","Burger_etal_2019","Mean_brain_mass_g","mass_or_volume_mixed","mass_or_volume_mixed","Brain_Mass_mass_or_volume"
"Chiroderma trinitatum","Brain_Mass","g",0.537,"0.537","g","10.1093%2Fjmammal%2Fgyz043_SupplementaryDataSD1.tsv","Burger","2019","Burger","secondary","Burger_etal_2019","Mean_brain_mass_g","mass_or_volume_mixed","mass_or_volume_mixed","Brain_Mass_mass_or_volume"
"Sphaeronycteris toxophyllum","Brain_Mass","g",0.537,"0.537","g","10.1093%2Fjmammal%2Fgyz043_SupplementaryDataSD1.tsv","Burger","2019","Burger","secondary","Burger_etal_2019","Mean_brain_mass_g","mass_or_volume_mixed","mass_or_volume_mixed","Brain_Mass_mass_or_volume"
"Hipposideros maggietaylorae","Brain_Mass","g",0.5425,"0.5425","g","10.1093%2Fjmammal%2Fgyz043_SupplementaryDataSD1.tsv","Burger","2019","Burger","secondary","Burger_etal_2019","Mean_brain_mass_g","mass_or_volume_mixed","mass_or_volume_mixed","Brain_Mass_mass_or_volume"
"Taphozous hildegardeae","Brain_Mass","g",0.5425,"0.5425","g","10.1093%2Fjmammal%2Fgyz043_SupplementaryDataSD1.tsv","Burger","2019","Burger","secondary","Burger_etal_2019","Mean_brain_mass_g","mass_or_volume_mixed","mass_or_volume_mixed","Brain_Mass_mass_or_volume"
"Artibeus toltecus","Brain_Mass","g",0.544,"0.544","g","10.1093%2Fjmammal%2Fgyz043_SupplementaryDataSD1.tsv","Burger","2019","Burger","secondary","Burger_etal_2019","Mean_brain_mass_g","mass_or_volume_mixed","mass_or_volume_mixed","Brain_Mass_mass_or_volume"
"Taphozous mauritianus","Brain_Mass","g",0.5505,"0.5505","g","10.1093%2Fjmammal%2Fgyz043_SupplementaryDataSD1.tsv","Burger","2019","Burger","secondary","Burger_etal_2019","Mean_brain_mass_g","mass_or_volume_mixed","mass_or_volume_mixed","Brain_Mass_mass_or_volume"
"Noctilio albiventris","Brain_Mass","g",0.5735,"0.5735","g","10.1093%2Fjmammal%2Fgyz043_SupplementaryDataSD1.tsv","Burger","2019","Burger","secondary","Burger_etal_2019","Mean_brain_mass_g","mass_or_volume_mixed","mass_or_volume_mixed","Brain_Mass_mass_or_volume"
"Platyrrhinus brachycephalus","Brain_Mass","g",0.583,"0.583","g","10.1093%2Fjmammal%2Fgyz043_SupplementaryDataSD1.tsv","Burger","2019","Burger","secondary","Burger_etal_2019","Mean_brain_mass_g","mass_or_volume_mixed","mass_or_volume_mixed","Brain_Mass_mass_or_volume"
"Anoura geoffroyi","Brain_Mass","g",0.583,"0.583","g","10.1093%2Fjmammal%2Fgyz043_SupplementaryDataSD1.tsv","Burger","2019","Burger","secondary","Burger_etal_2019","Mean_brain_mass_g","mass_or_volume_mixed","mass_or_volume_mixed","Brain_Mass_mass_or_volume"
"Hipposideros lekaguli","Brain_Mass","g",0.584,"0.584","g","10.1093%2Fjmammal%2Fgyz043_SupplementaryDataSD1.tsv","Burger","2019","Burger","secondary","Burger_etal_2019","Mean_brain_mass_g","mass_or_volume_mixed","mass_or_volume_mixed","Brain_Mass_mass_or_volume"
"Leptonycteris nivalis","Brain_Mass","g",0.5855,"0.5855","g","10.1093%2Fjmammal%2Fgyz043_SupplementaryDataSD1.tsv","Burger","2019","Burger","secondary","Burger_etal_2019","Mean_brain_mass_g","mass_or_volume_mixed","mass_or_volume_mixed","Brain_Mass_mass_or_volume"
"Rhinolophus luctus","Brain_Mass","g",0.5905,"0.5905","g","10.1093%2Fjmammal%2Fgyz043_SupplementaryDataSD1.tsv","Burger","2019","Burger","secondary","Burger_etal_2019","Mean_brain_mass_g","mass_or_volume_mixed","mass_or_volume_mixed","Brain_Mass_mass_or_volume"
"Syconycteris australis","Brain_Mass","g",0.592,"0.592","g","10.1093%2Fjmammal%2Fgyz043_SupplementaryDataSD1.tsv","Burger","2019","Burger","secondary","Burger_etal_2019","Mean_brain_mass_g","mass_or_volume_mixed","mass_or_volume_mixed","Brain_Mass_mass_or_volume"
"Hipposideros turpis","Brain_Mass","g",0.599,"0.599","g","10.1093%2Fjmammal%2Fgyz043_SupplementaryDataSD1.tsv","Burger","2019","Burger","secondary","Burger_etal_2019","Mean_brain_mass_g","mass_or_volume_mixed","mass_or_volume_mixed","Brain_Mass_mass_or_volume"
"Macroglossus minimus","Brain_Mass","g",0.607,"0.607","g","10.1093%2Fjmammal%2Fgyz043_SupplementaryDataSD1.tsv","Burger","2019","Burger","secondary","Burger_etal_2019","Mean_brain_mass_g","mass_or_volume_mixed","mass_or_volume_mixed","Brain_Mass_mass_or_volume"
"Ardops nichollsi","Brain_Mass","g",0.61,"0.61","g","10.1093%2Fjmammal%2Fgyz043_SupplementaryDataSD1.tsv","Burger","2019","Burger","secondary","Burger_etal_2019","Mean_brain_mass_g","mass_or_volume_mixed","mass_or_volume_mixed","Brain_Mass_mass_or_volume"
"Chironax melanocephalus","Brain_Mass","g",0.612,"0.612","g","10.1093%2Fjmammal%2Fgyz043_SupplementaryDataSD1.tsv","Burger","2019","Burger","secondary","Burger_etal_2019","Mean_brain_mass_g","mass_or_volume_mixed","mass_or_volume_mixed","Brain_Mass_mass_or_volume"
"Eumops auripendulus","Brain_Mass","g",0.612,"0.612","g","10.1093%2Fjmammal%2Fgyz043_SupplementaryDataSD1.tsv","Burger","2019","Burger","secondary","Burger_etal_2019","Mean_brain_mass_g","mass_or_volume_mixed","mass_or_volume_mixed","Brain_Mass_mass_or_volume"
"Rhinolophus hildebrandtii","Brain_Mass","g",0.63,"0.63","g","10.1093%2Fjmammal%2Fgyz043_SupplementaryDataSD1.tsv","Burger","2019","Burger","secondary","Burger_etal_2019","Mean_brain_mass_g","mass_or_volume_mixed","mass_or_volume_mixed","Brain_Mass_mass_or_volume"
"Artibeus concolor","Brain_Mass","g",0.633,"0.633","g","10.1093%2Fjmammal%2Fgyz043_SupplementaryDataSD1.tsv","Burger","2019","Burger","secondary","Burger_etal_2019","Mean_brain_mass_g","mass_or_volume_mixed","mass_or_volume_mixed","Brain_Mass_mass_or_volume"
"Lavia frons","Brain_Mass","g",0.644,"0.644","g","10.1093%2Fjmammal%2Fgyz043_SupplementaryDataSD1.tsv","Burger","2019","Burger","secondary","Burger_etal_2019","Mean_brain_mass_g","mass_or_volume_mixed","mass_or_volume_mixed","Brain_Mass_mass_or_volume"
"Eumops glaucinus","Brain_Mass","g",0.6565,"0.6565","g","10.1093%2Fjmammal%2Fgyz043_SupplementaryDataSD1.tsv","Burger","2019","Burger","secondary","Burger_etal_2019","Mean_brain_mass_g","mass_or_volume_mixed","mass_or_volume_mixed","Brain_Mass_mass_or_volume"
"Megaderma spasma","Brain_Mass","g",0.667,"0.667","g","10.1093%2Fjmammal%2Fgyz043_SupplementaryDataSD1.tsv","Burger","2019","Burger","secondary","Burger_etal_2019","Mean_brain_mass_g","mass_or_volume_mixed","mass_or_volume_mixed","Brain_Mass_mass_or_volume"
"Saccolaimus saccolaimus","Brain_Mass","g",0.6705,"0.6705","g","10.1093%2Fjmammal%2Fgyz043_SupplementaryDataSD1.tsv","Burger","2019","Burger","secondary","Burger_etal_2019","Mean_brain_mass_g","mass_or_volume_mixed","mass_or_volume_mixed","Brain_Mass_mass_or_volume"
"Cardioderma cor","Brain_Mass","g",0.6725,"0.6725","g","10.1093%2Fjmammal%2Fgyz043_SupplementaryDataSD1.tsv","Burger","2019","Burger","secondary","Burger_etal_2019","Mean_brain_mass_g","mass_or_volume_mixed","mass_or_volume_mixed","Brain_Mass_mass_or_volume"
"Sturnira ludovici","Brain_Mass","g",0.676,"0.676","g","10.1093%2Fjmammal%2Fgyz043_SupplementaryDataSD1.tsv","Burger","2019","Burger","secondary","Burger_etal_2019","Mean_brain_mass_g","mass_or_volume_mixed","mass_or_volume_mixed","Brain_Mass_mass_or_volume"
"Megaloglossus woermanni","Brain_Mass","g",0.6795,"0.6795","g","10.1093%2Fjmammal%2Fgyz043_SupplementaryDataSD1.tsv","Burger","2019","Burger","secondary","Burger_etal_2019","Mean_brain_mass_g","mass_or_volume_mixed","mass_or_volume_mixed","Brain_Mass_mass_or_volume"
"Taphozous theobaldi","Brain_Mass","g",0.681,"0.681","g","10.1093%2Fjmammal%2Fgyz043_SupplementaryDataSD1.tsv","Burger","2019","Burger","secondary","Burger_etal_2019","Mean_brain_mass_g","mass_or_volume_mixed","mass_or_volume_mixed","Brain_Mass_mass_or_volume"
"Macroglossus sobrinus","Brain_Mass","g",0.692,"0.692","g","10.1093%2Fjmammal%2Fgyz043_SupplementaryDataSD1.tsv","Burger","2019","Burger","secondary","Burger_etal_2019","Mean_brain_mass_g","mass_or_volume_mixed","mass_or_volume_mixed","Brain_Mass_mass_or_volume"
"Chiroderma villosum","Brain_Mass","g",0.706,"0.706","g","10.1093%2Fjmammal%2Fgyz043_SupplementaryDataSD1.tsv","Burger","2019","Burger","secondary","Burger_etal_2019","Mean_brain_mass_g","mass_or_volume_mixed","mass_or_volume_mixed","Brain_Mass_mass_or_volume"
"Scotonycteris zenkeri","Brain_Mass","g",0.71,"0.71","g","10.1093%2Fjmammal%2Fgyz043_SupplementaryDataSD1.tsv","Burger","2019","Burger","secondary","Burger_etal_2019","Mean_brain_mass_g","mass_or_volume_mixed","mass_or_volume_mixed","Brain_Mass_mass_or_volume"
"Hipposideros diadema","Brain_Mass","g",0.715,"0.715","g","10.1093%2Fjmammal%2Fgyz043_SupplementaryDataSD1.tsv","Burger","2019","Burger","secondary","Burger_etal_2019","Mean_brain_mass_g","mass_or_volume_mixed","mass_or_volume_mixed","Brain_Mass_mass_or_volume"
"Sturnira tildae","Brain_Mass","g",0.7255,"0.7255","g","10.1093%2Fjmammal%2Fgyz043_SupplementaryDataSD1.tsv","Burger","2019","Burger","secondary","Burger_etal_2019","Mean_brain_mass_g","mass_or_volume_mixed","mass_or_volume_mixed","Brain_Mass_mass_or_volume"
"Paranyctimene raptor","Brain_Mass","g",0.731,"0.731","g","10.1093%2Fjmammal%2Fgyz043_SupplementaryDataSD1.tsv","Burger","2019","Burger","secondary","Burger_etal_2019","Mean_brain_mass_g","mass_or_volume_mixed","mass_or_volume_mixed","Brain_Mass_mass_or_volume"
"Hipposideros lankadiva","Brain_Mass","g",0.733,"0.733","g","10.1093%2Fjmammal%2Fgyz043_SupplementaryDataSD1.tsv","Burger","2019","Burger","secondary","Burger_etal_2019","Mean_brain_mass_g","mass_or_volume_mixed","mass_or_volume_mixed","Brain_Mass_mass_or_volume"
"Nycteris grandis","Brain_Mass","g",0.7355,"0.7355","g","10.1093%2Fjmammal%2Fgyz043_SupplementaryDataSD1.tsv","Burger","2019","Burger","secondary","Burger_etal_2019","Mean_brain_mass_g","mass_or_volume_mixed","mass_or_volume_mixed","Brain_Mass_mass_or_volume"
"Platyrrhinus lineatus","Brain_Mass","g",0.741,"0.741","g","10.1093%2Fjmammal%2Fgyz043_SupplementaryDataSD1.tsv","Burger","2019","Burger","secondary","Burger_etal_2019","Mean_brain_mass_g","mass_or_volume_mixed","mass_or_volume_mixed","Brain_Mass_mass_or_volume"
"Macronycteris commersoni","Brain_Mass","g",0.74475,"0.74475","g","10.1093%2Fjmammal%2Fgyz043_SupplementaryDataSD1.tsv","Burger","2019","Burger","secondary","Burger_etal_2019","Mean_brain_mass_g","mass_or_volume_mixed","mass_or_volume_mixed","Brain_Mass_mass_or_volume"
"Otomops martiensseni","Brain_Mass","g",0.7555,"0.7555","g","10.1093%2Fjmammal%2Fgyz043_SupplementaryDataSD1.tsv","Burger","2019","Burger","secondary","Burger_etal_2019","Mean_brain_mass_g","mass_or_volume_mixed","mass_or_volume_mixed","Brain_Mass_mass_or_volume"
"Chiroderma salvini","Brain_Mass","g",0.787,"0.787","g","10.1093%2Fjmammal%2Fgyz043_SupplementaryDataSD1.tsv","Burger","2019","Burger","secondary","Burger_etal_2019","Mean_brain_mass_g","mass_or_volume_mixed","mass_or_volume_mixed","Brain_Mass_mass_or_volume"
"Tonatia bidens","Brain_Mass","g",0.788,"0.788","g","10.1093%2Fjmammal%2Fgyz043_SupplementaryDataSD1.tsv","Burger","2019","Burger","secondary","Burger_etal_2019","Mean_brain_mass_g","mass_or_volume_mixed","mass_or_volume_mixed","Brain_Mass_mass_or_volume"
"Hipposideros armiger","Brain_Mass","g",0.8,"0.8","g","10.1093%2Fjmammal%2Fgyz043_SupplementaryDataSD1.tsv","Burger","2019","Burger","secondary","Burger_etal_2019","Mean_brain_mass_g","mass_or_volume_mixed","mass_or_volume_mixed","Brain_Mass_mass_or_volume"
"Diphylla ecaudata","Brain_Mass","g",0.8015,"0.8015","g","10.1093%2Fjmammal%2Fgyz043_SupplementaryDataSD1.tsv","Burger","2019","Burger","secondary","Burger_etal_2019","Mean_brain_mass_g","mass_or_volume_mixed","mass_or_volume_mixed","Brain_Mass_mass_or_volume"
"Eumops perotis","Brain_Mass","g",0.802,"0.802","g","10.1093%2Fjmammal%2Fgyz043_SupplementaryDataSD1.tsv","Burger","2019","Burger","secondary","Burger_etal_2019","Mean_brain_mass_g","mass_or_volume_mixed","mass_or_volume_mixed","Brain_Mass_mass_or_volume"
"Micropteropus pusillus","Brain_Mass","g",0.82,"0.82","g","10.1093%2Fjmammal%2Fgyz043_SupplementaryDataSD1.tsv","Burger","2019","Burger","secondary","Burger_etal_2019","Mean_brain_mass_g","mass_or_volume_mixed","mass_or_volume_mixed","Brain_Mass_mass_or_volume"
"Megaerops ecaudatus","Brain_Mass","g",0.82233,"0.82233","g","10.1093%2Fjmammal%2Fgyz043_SupplementaryDataSD1.tsv","Burger","2019","Burger","secondary","Burger_etal_2019","Mean_brain_mass_g","mass_or_volume_mixed","mass_or_volume_mixed","Brain_Mass_mass_or_volume"
"Nyctimene albiventer","Brain_Mass","g",0.825,"0.825","g","10.1093%2Fjmammal%2Fgyz043_SupplementaryDataSD1.tsv","Burger","2019","Burger","secondary","Burger_etal_2019","Mean_brain_mass_g","mass_or_volume_mixed","mass_or_volume_mixed","Brain_Mass_mass_or_volume"
"Sphaerias blanfordi","Brain_Mass","g",0.832,"0.832","g","10.1093%2Fjmammal%2Fgyz043_SupplementaryDataSD1.tsv","Burger","2019","Burger","secondary","Burger_etal_2019","Mean_brain_mass_g","mass_or_volume_mixed","mass_or_volume_mixed","Brain_Mass_mass_or_volume"
"Phyllostomus elongatus","Brain_Mass","g",0.885,"0.885","g","10.1093%2Fjmammal%2Fgyz043_SupplementaryDataSD1.tsv","Burger","2019","Burger","secondary","Burger_etal_2019","Mean_brain_mass_g","mass_or_volume_mixed","mass_or_volume_mixed","Brain_Mass_mass_or_volume"
"Megaderma lyra","Brain_Mass","g",0.8935,"0.8935","g","10.1093%2Fjmammal%2Fgyz043_SupplementaryDataSD1.tsv","Burger","2019","Burger","secondary","Burger_etal_2019","Mean_brain_mass_g","mass_or_volume_mixed","mass_or_volume_mixed","Brain_Mass_mass_or_volume"
"Trachops cirrhosus","Brain_Mass","g",0.9115,"0.9115","g","10.1093%2Fjmammal%2Fgyz043_SupplementaryDataSD1.tsv","Burger","2019","Burger","secondary","Burger_etal_2019","Mean_brain_mass_g","mass_or_volume_mixed","mass_or_volume_mixed","Brain_Mass_mass_or_volume"
"Vampyrodes caraccioli","Brain_Mass","g",0.947,"0.947","g","10.1093%2Fjmammal%2Fgyz043_SupplementaryDataSD1.tsv","Burger","2019","Burger","secondary","Burger_etal_2019","Mean_brain_mass_g","mass_or_volume_mixed","mass_or_volume_mixed","Brain_Mass_mass_or_volume"
"Penthetor lucasi","Brain_Mass","g",0.9475,"0.9475","g","10.1093%2Fjmammal%2Fgyz043_SupplementaryDataSD1.tsv","Burger","2019","Burger","secondary","Burger_etal_2019","Mean_brain_mass_g","mass_or_volume_mixed","mass_or_volume_mixed","Brain_Mass_mass_or_volume"
"Megaerops niphanae","Brain_Mass","g",0.958,"0.958","g","10.1093%2Fjmammal%2Fgyz043_SupplementaryDataSD1.tsv","Burger","2019","Burger","secondary","Burger_etal_2019","Mean_brain_mass_g","mass_or_volume_mixed","mass_or_volume_mixed","Brain_Mass_mass_or_volume"
"Nyctimene vizcaccia","Brain_Mass","g",0.988,"0.988","g","10.1093%2Fjmammal%2Fgyz043_SupplementaryDataSD1.tsv","Burger","2019","Burger","secondary","Burger_etal_2019","Mean_brain_mass_g","mass_or_volume_mixed","mass_or_volume_mixed","Brain_Mass_mass_or_volume"
"Melonycteris woodfordi","Brain_Mass","g",1.0185,"1.0185","g","10.1093%2Fjmammal%2Fgyz043_SupplementaryDataSD1.tsv","Burger","2019","Burger","secondary","Burger_etal_2019","Mean_brain_mass_g","mass_or_volume_mixed","mass_or_volume_mixed","Brain_Mass_mass_or_volume"
"Scotophilus nigrita","Brain_Mass","g",1.046,"1.046","g","10.1093%2Fjmammal%2Fgyz043_SupplementaryDataSD1.tsv","Burger","2019","Burger","secondary","Burger_etal_2019","Mean_brain_mass_g","mass_or_volume_mixed","mass_or_volume_mixed","Brain_Mass_mass_or_volume"
"Cynopterus sphinx","Brain_Mass","g",1.061,"1.061","g","10.1093%2Fjmammal%2Fgyz043_SupplementaryDataSD1.tsv","Burger","2019","Burger","secondary","Burger_etal_2019","Mean_brain_mass_g","mass_or_volume_mixed","mass_or_volume_mixed","Brain_Mass_mass_or_volume"
"Platyrrhinus infuscus","Brain_Mass","g",1.11,"1.11","g","10.1093%2Fjmammal%2Fgyz043_SupplementaryDataSD1.tsv","Burger","2019","Burger","secondary","Burger_etal_2019","Mean_brain_mass_g","mass_or_volume_mixed","mass_or_volume_mixed","Brain_Mass_mass_or_volume"
"Myonycteris torquata","Brain_Mass","g",1.11585,"1.11585","g","10.1093%2Fjmammal%2Fgyz043_SupplementaryDataSD1.tsv","Burger","2019","Burger","secondary","Burger_etal_2019","Mean_brain_mass_g","mass_or_volume_mixed","mass_or_volume_mixed","Brain_Mass_mass_or_volume"
"Platyrrhinus vittatus","Brain_Mass","g",1.175,"1.175","g","10.1093%2Fjmammal%2Fgyz043_SupplementaryDataSD1.tsv","Burger","2019","Burger","secondary","Burger_etal_2019","Mean_brain_mass_g","mass_or_volume_mixed","mass_or_volume_mixed","Brain_Mass_mass_or_volume"
"Nyctimene robinsoni","Brain_Mass","g",1.23067,"1.23067","g","10.1093%2Fjmammal%2Fgyz043_SupplementaryDataSD1.tsv","Burger","2019","Burger","secondary","Burger_etal_2019","Mean_brain_mass_g","mass_or_volume_mixed","mass_or_volume_mixed","Brain_Mass_mass_or_volume"
"Eonycteris spelaea","Brain_Mass","g",1.26,"1.26","g","10.1093%2Fjmammal%2Fgyz043_SupplementaryDataSD1.tsv","Burger","2019","Burger","secondary","Burger_etal_2019","Mean_brain_mass_g","mass_or_volume_mixed","mass_or_volume_mixed","Brain_Mass_mass_or_volume"
"Brachyphylla cavernarum","Brain_Mass","g",1.278,"1.278","g","10.1093%2Fjmammal%2Fgyz043_SupplementaryDataSD1.tsv","Burger","2019","Burger","secondary","Burger_etal_2019","Mean_brain_mass_g","mass_or_volume_mixed","mass_or_volume_mixed","Brain_Mass_mass_or_volume"
"Melonycteris melanops","Brain_Mass","g",1.288,"1.288","g","10.1093%2Fjmammal%2Fgyz043_SupplementaryDataSD1.tsv","Burger","2019","Burger","secondary","Burger_etal_2019","Mean_brain_mass_g","mass_or_volume_mixed","mass_or_volume_mixed","Brain_Mass_mass_or_volume"
"Phylloderma stenops","Brain_Mass","g",1.338,"1.338","g","10.1093%2Fjmammal%2Fgyz043_SupplementaryDataSD1.tsv","Burger","2019","Burger","secondary","Burger_etal_2019","Mean_brain_mass_g","mass_or_volume_mixed","mass_or_volume_mixed","Brain_Mass_mass_or_volume"
"Cheiromeles torquatus","Brain_Mass","g",1.366,"1.366","g","10.1093%2Fjmammal%2Fgyz043_SupplementaryDataSD1.tsv","Burger","2019","Burger","secondary","Burger_etal_2019","Mean_brain_mass_g","mass_or_volume_mixed","mass_or_volume_mixed","Brain_Mass_mass_or_volume"
"Notopteris macdonaldi","Brain_Mass","g",1.45275,"1.45275","g","10.1093%2Fjmammal%2Fgyz043_SupplementaryDataSD1.tsv","Burger","2019","Burger","secondary","Burger_etal_2019","Mean_brain_mass_g","mass_or_volume_mixed","mass_or_volume_mixed","Brain_Mass_mass_or_volume"
"Phyllostomus hastatus","Brain_Mass","g",1.53175,"1.53175","g","10.1093%2Fjmammal%2Fgyz043_SupplementaryDataSD1.tsv","Burger","2019","Burger","secondary","Burger_etal_2019","Mean_brain_mass_g","mass_or_volume_mixed","mass_or_volume_mixed","Brain_Mass_mass_or_volume"
"Epomophorus labiatus","Brain_Mass","g",1.58867,"1.58867","g","10.1093%2Fjmammal%2Fgyz043_SupplementaryDataSD1.tsv","Burger","2019","Burger","secondary","Burger_etal_2019","Mean_brain_mass_g","mass_or_volume_mixed","mass_or_volume_mixed","Brain_Mass_mass_or_volume"
"Rousettus amplexicaudatus","Brain_Mass","g",1.62725,"1.62725","g","10.1093%2Fjmammal%2Fgyz043_SupplementaryDataSD1.tsv","Burger","2019","Burger","secondary","Burger_etal_2019","Mean_brain_mass_g","mass_or_volume_mixed","mass_or_volume_mixed","Brain_Mass_mass_or_volume"
"Macroderma gigas","Brain_Mass","g",1.7,"1.7","g","10.1093%2Fjmammal%2Fgyz043_SupplementaryDataSD1.tsv","Burger","2019","Burger","secondary","Burger_etal_2019","Mean_brain_mass_g","mass_or_volume_mixed","mass_or_volume_mixed","Brain_Mass_mass_or_volume"
"Chrotopterus auritus","Brain_Mass","g",1.74,"1.74","g","10.1093%2Fjmammal%2Fgyz043_SupplementaryDataSD1.tsv","Burger","2019","Burger","secondary","Burger_etal_2019","Mean_brain_mass_g","mass_or_volume_mixed","mass_or_volume_mixed","Brain_Mass_mass_or_volume"
"Lissonycteris angolensis","Brain_Mass","g",1.762,"1.762","g","10.1093%2Fjmammal%2Fgyz043_SupplementaryDataSD1.tsv","Burger","2019","Burger","secondary","Burger_etal_2019","Mean_brain_mass_g","mass_or_volume_mixed","mass_or_volume_mixed","Brain_Mass_mass_or_volume"
"Epomophorus wahlbergi","Brain_Mass","g",1.96133,"1.96133","g","10.1093%2Fjmammal%2Fgyz043_SupplementaryDataSD1.tsv","Burger","2019","Burger","secondary","Burger_etal_2019","Mean_brain_mass_g","mass_or_volume_mixed","mass_or_volume_mixed","Brain_Mass_mass_or_volume"
"Epomops franqueti","Brain_Mass","g",2.213,"2.213","g","10.1093%2Fjmammal%2Fgyz043_SupplementaryDataSD1.tsv","Burger","2019","Burger","secondary","Burger_etal_2019","Mean_brain_mass_g","mass_or_volume_mixed","mass_or_volume_mixed","Brain_Mass_mass_or_volume"
"Dobsonia inermis","Brain_Mass","g",2.7,"2.7","g","10.1093%2Fjmammal%2Fgyz043_SupplementaryDataSD1.tsv","Burger","2019","Burger","secondary","Burger_etal_2019","Mean_brain_mass_g","mass_or_volume_mixed","mass_or_volume_mixed","Brain_Mass_mass_or_volume"
"Vampyrum spectrum","Brain_Mass","g",2.8685,"2.8685","g","10.1093%2Fjmammal%2Fgyz043_SupplementaryDataSD1.tsv","Burger","2019","Burger","secondary","Burger_etal_2019","Mean_brain_mass_g","mass_or_volume_mixed","mass_or_volume_mixed","Brain_Mass_mass_or_volume"
"Dobsonia praedatrix","Brain_Mass","g",2.97488,"2.97488","g","10.1093%2Fjmammal%2Fgyz043_SupplementaryDataSD1.tsv","Burger","2019","Burger","secondary","Burger_etal_2019","Mean_brain_mass_g","mass_or_volume_mixed","mass_or_volume_mixed","Brain_Mass_mass_or_volume"
"Dobsonia moluccensis","Brain_Mass","g",4.43,"4.43","g","10.1093%2Fjmammal%2Fgyz043_SupplementaryDataSD1.tsv","Burger","2019","Burger","secondary","Burger_etal_2019","Mean_brain_mass_g","mass_or_volume_mixed","mass_or_volume_mixed","Brain_Mass_mass_or_volume"
"Eidolon helvum","Brain_Mass","g",4.4325,"4.4325","g","10.1093%2Fjmammal%2Fgyz043_SupplementaryDataSD1.tsv","Burger","2019","Burger","secondary","Burger_etal_2019","Mean_brain_mass_g","mass_or_volume_mixed","mass_or_volume_mixed","Brain_Mass_mass_or_volume"
"Pteropus temminckii","Brain_Mass","g",4.89,"4.89","g","10.1093%2Fjmammal%2Fgyz043_SupplementaryDataSD1.tsv","Burger","2019","Burger","secondary","Burger_etal_2019","Mean_brain_mass_g","mass_or_volume_mixed","mass_or_volume_mixed","Brain_Mass_mass_or_volume"
"Pteropus mahaganus","Brain_Mass","g",5.28,"5.28","g","10.1093%2Fjmammal%2Fgyz043_SupplementaryDataSD1.tsv","Burger","2019","Burger","secondary","Burger_etal_2019","Mean_brain_mass_g","mass_or_volume_mixed","mass_or_volume_mixed","Brain_Mass_mass_or_volume"
"Pteropus hypomelanus","Brain_Mass","g",5.302,"5.302","g","10.1093%2Fjmammal%2Fgyz043_SupplementaryDataSD1.tsv","Burger","2019","Burger","secondary","Burger_etal_2019","Mean_brain_mass_g","mass_or_volume_mixed","mass_or_volume_mixed","Brain_Mass_mass_or_volume"
"Pteropus scapulatus","Brain_Mass","g",5.36,"5.36","g","10.1093%2Fjmammal%2Fgyz043_SupplementaryDataSD1.tsv","Burger","2019","Burger","secondary","Burger_etal_2019","Mean_brain_mass_g","mass_or_volume_mixed","mass_or_volume_mixed","Brain_Mass_mass_or_volume"
"Pteropus samoensis","Brain_Mass","g",5.792,"5.792","g","10.1093%2Fjmammal%2Fgyz043_SupplementaryDataSD1.tsv","Burger","2019","Burger","secondary","Burger_etal_2019","Mean_brain_mass_g","mass_or_volume_mixed","mass_or_volume_mixed","Brain_Mass_mass_or_volume"
"Pteropus tonganus","Brain_Mass","g",6.075,"6.075","g","10.1093%2Fjmammal%2Fgyz043_SupplementaryDataSD1.tsv","Burger","2019","Burger","secondary","Burger_etal_2019","Mean_brain_mass_g","mass_or_volume_mixed","mass_or_volume_mixed","Brain_Mass_mass_or_volume"
"Pteropus lylei","Brain_Mass","g",6.12967,"6.12967","g","10.1093%2Fjmammal%2Fgyz043_SupplementaryDataSD1.tsv","Burger","2019","Burger","secondary","Burger_etal_2019","Mean_brain_mass_g","mass_or_volume_mixed","mass_or_volume_mixed","Brain_Mass_mass_or_volume"
"Pteropus macrotis","Brain_Mass","g",6.12967,"6.12967","g","10.1093%2Fjmammal%2Fgyz043_SupplementaryDataSD1.tsv","Burger","2019","Burger","secondary","Burger_etal_2019","Mean_brain_mass_g","mass_or_volume_mixed","mass_or_volume_mixed","Brain_Mass_mass_or_volume"
"Pteropus alecto","Brain_Mass","g",7.03967,"7.03967","g","10.1093%2Fjmammal%2Fgyz043_SupplementaryDataSD1.tsv","Burger","2019","Burger","secondary","Burger_etal_2019","Mean_brain_mass_g","mass_or_volume_mixed","mass_or_volume_mixed","Brain_Mass_mass_or_volume"
"Pteropus poliocephalus","Brain_Mass","g",7.2298,"7.2298","g","10.1093%2Fjmammal%2Fgyz043_SupplementaryDataSD1.tsv","Burger","2019","Burger","secondary","Burger_etal_2019","Mean_brain_mass_g","mass_or_volume_mixed","mass_or_volume_mixed","Brain_Mass_mass_or_volume"
"Pteropus rufus","Brain_Mass","g",7.25,"7.25","g","10.1093%2Fjmammal%2Fgyz043_SupplementaryDataSD1.tsv","Burger","2019","Burger","secondary","Burger_etal_2019","Mean_brain_mass_g","mass_or_volume_mixed","mass_or_volume_mixed","Brain_Mass_mass_or_volume"
"Pteropus giganteus","Brain_Mass","g",7.78,"7.78","g","10.1093%2Fjmammal%2Fgyz043_SupplementaryDataSD1.tsv","Burger","2019","Burger","secondary","Burger_etal_2019","Mean_brain_mass_g","mass_or_volume_mixed","mass_or_volume_mixed","Brain_Mass_mass_or_volume"
"Pteropus conspicillatus","Brain_Mass","g",8.35,"8.35","g","10.1093%2Fjmammal%2Fgyz043_SupplementaryDataSD1.tsv","Burger","2019","Burger","secondary","Burger_etal_2019","Mean_brain_mass_g","mass_or_volume_mixed","mass_or_volume_mixed","Brain_Mass_mass_or_volume"
"Pteropus neohibernicus","Brain_Mass","g",9.114,"9.114","g","10.1093%2Fjmammal%2Fgyz043_SupplementaryDataSD1.tsv","Burger","2019","Burger","secondary","Burger_etal_2019","Mean_brain_mass_g","mass_or_volume_mixed","mass_or_volume_mixed","Brain_Mass_mass_or_volume"
"Dasypus novemcinctus","Brain_Mass","g",8.5,"8.5","g","10.1093%2Fjmammal%2Fgyz043_SupplementaryDataSD1.tsv","Burger","2019","Burger","secondary","Burger_etal_2019","Mean_brain_mass_g","mass_or_volume_mixed","mass_or_volume_mixed","Brain_Mass_mass_or_volume"
"Cabassous unicinctus","Brain_Mass","g",23.68,"23.68","g","10.1093%2Fjmammal%2Fgyz043_SupplementaryDataSD1.tsv","Burger","2019","Burger","secondary","Burger_etal_2019","Mean_brain_mass_g","mass_or_volume_mixed","mass_or_volume_mixed","Brain_Mass_mass_or_volume"
"Zaedyus pichiy","Brain_Mass","g",7.98,"7.98","g","10.1093%2Fjmammal%2Fgyz043_SupplementaryDataSD1.tsv","Burger","2019","Burger","secondary","Burger_etal_2019","Mean_brain_mass_g","mass_or_volume_mixed","mass_or_volume_mixed","Brain_Mass_mass_or_volume"
"Tolypeutes matacus","Brain_Mass","g",8.86,"8.86","g","10.1093%2Fjmammal%2Fgyz043_SupplementaryDataSD1.tsv","Burger","2019","Burger","secondary","Burger_etal_2019","Mean_brain_mass_g","mass_or_volume_mixed","mass_or_volume_mixed","Brain_Mass_mass_or_volume"
"Chaetophractus villosus","Brain_Mass","g",16.4,"16.4","g","10.1093%2Fjmammal%2Fgyz043_SupplementaryDataSD1.tsv","Burger","2019","Burger","secondary","Burger_etal_2019","Mean_brain_mass_g","mass_or_volume_mixed","mass_or_volume_mixed","Brain_Mass_mass_or_volume"
"Euphractus sexcinctus","Brain_Mass","g",33.5,"33.5","g","10.1093%2Fjmammal%2Fgyz043_SupplementaryDataSD1.tsv","Burger","2019","Burger","secondary","Burger_etal_2019","Mean_brain_mass_g","mass_or_volume_mixed","mass_or_volume_mixed","Brain_Mass_mass_or_volume"
"Priodontes maximus","Brain_Mass","g",81,"81","g","10.1093%2Fjmammal%2Fgyz043_SupplementaryDataSD1.tsv","Burger","2019","Burger","secondary","Burger_etal_2019","Mean_brain_mass_g","mass_or_volume_mixed","mass_or_volume_mixed","Brain_Mass_mass_or_volume"
"Planigale tenuirostris","Brain_Mass","g",0.14,"0.14","g","10.1093%2Fjmammal%2Fgyz043_SupplementaryDataSD1.tsv","Burger","2019","Burger","secondary","Burger_etal_2019","Mean_brain_mass_g","mass_or_volume_mixed","mass_or_volume_mixed","Brain_Mass_mass_or_volume"
"Planigale ingrami","Brain_Mass","g",0.15,"0.15","g","10.1093%2Fjmammal%2Fgyz043_SupplementaryDataSD1.tsv","Burger","2019","Burger","secondary","Burger_etal_2019","Mean_brain_mass_g","mass_or_volume_mixed","mass_or_volume_mixed","Brain_Mass_mass_or_volume"
"Planigale gilesi","Brain_Mass","g",0.17,"0.17","g","10.1093%2Fjmammal%2Fgyz043_SupplementaryDataSD1.tsv","Burger","2019","Burger","secondary","Burger_etal_2019","Mean_brain_mass_g","mass_or_volume_mixed","mass_or_volume_mixed","Brain_Mass_mass_or_volume"
"Planigale maculata","Brain_Mass","g",0.2,"0.2","g","10.1093%2Fjmammal%2Fgyz043_SupplementaryDataSD1.tsv","Burger","2019","Burger","secondary","Burger_etal_2019","Mean_brain_mass_g","mass_or_volume_mixed","mass_or_volume_mixed","Brain_Mass_mass_or_volume"
"Ningaui ridei","Brain_Mass","g",0.24,"0.24","g","10.1093%2Fjmammal%2Fgyz043_SupplementaryDataSD1.tsv","Burger","2019","Burger","secondary","Burger_etal_2019","Mean_brain_mass_g","mass_or_volume_mixed","mass_or_volume_mixed","Brain_Mass_mass_or_volume"
"Ningaui yvonnae","Brain_Mass","g",0.26,"0.26","g","10.1093%2Fjmammal%2Fgyz043_SupplementaryDataSD1.tsv","Burger","2019","Burger","secondary","Burger_etal_2019","Mean_brain_mass_g","mass_or_volume_mixed","mass_or_volume_mixed","Brain_Mass_mass_or_volume"
"Planigale novaeguineae","Brain_Mass","g",0.27,"0.27","g","10.1093%2Fjmammal%2Fgyz043_SupplementaryDataSD1.tsv","Burger","2019","Burger","secondary","Burger_etal_2019","Mean_brain_mass_g","mass_or_volume_mixed","mass_or_volume_mixed","Brain_Mass_mass_or_volume"
"Sminthopsis virginiae","Brain_Mass","g",0.34,"0.34","g","10.1093%2Fjmammal%2Fgyz043_SupplementaryDataSD1.tsv","Burger","2019","Burger","secondary","Burger_etal_2019","Mean_brain_mass_g","mass_or_volume_mixed","mass_or_volume_mixed","Brain_Mass_mass_or_volume"
"Sminthopsis bindi","Brain_Mass","g",0.35,"0.35","g","10.1093%2Fjmammal%2Fgyz043_SupplementaryDataSD1.tsv","Burger","2019","Burger","secondary","Burger_etal_2019","Mean_brain_mass_g","mass_or_volume_mixed","mass_or_volume_mixed","Brain_Mass_mass_or_volume"
"Sminthopsis douglasi","Brain_Mass","g",0.35,"0.35","g","10.1093%2Fjmammal%2Fgyz043_SupplementaryDataSD1.tsv","Burger","2019","Burger","secondary","Burger_etal_2019","Mean_brain_mass_g","mass_or_volume_mixed","mass_or_volume_mixed","Brain_Mass_mass_or_volume"
"Sminthopsis crassicaudata","Brain_Mass","g",0.36,"0.36","g","10.1093%2Fjmammal%2Fgyz043_SupplementaryDataSD1.tsv","Burger","2019","Burger","secondary","Burger_etal_2019","Mean_brain_mass_g","mass_or_volume_mixed","mass_or_volume_mixed","Brain_Mass_mass_or_volume"
"Sminthopsis macroura","Brain_Mass","g",0.4,"0.4","g","10.1093%2Fjmammal%2Fgyz043_SupplementaryDataSD1.tsv","Burger","2019","Burger","secondary","Burger_etal_2019","Mean_brain_mass_g","mass_or_volume_mixed","mass_or_volume_mixed","Brain_Mass_mass_or_volume"
"Sminthopsis hirtipes","Brain_Mass","g",0.41,"0.41","g","10.1093%2Fjmammal%2Fgyz043_SupplementaryDataSD1.tsv","Burger","2019","Burger","secondary","Burger_etal_2019","Mean_brain_mass_g","mass_or_volume_mixed","mass_or_volume_mixed","Brain_Mass_mass_or_volume"
"Sminthopsis leucopus","Brain_Mass","g",0.41,"0.41","g","10.1093%2Fjmammal%2Fgyz043_SupplementaryDataSD1.tsv","Burger","2019","Burger","secondary","Burger_etal_2019","Mean_brain_mass_g","mass_or_volume_mixed","mass_or_volume_mixed","Brain_Mass_mass_or_volume"
"Pseudantechinus roryi","Brain_Mass","g",0.42,"0.42","g","10.1093%2Fjmammal%2Fgyz043_SupplementaryDataSD1.tsv","Burger","2019","Burger","secondary","Burger_etal_2019","Mean_brain_mass_g","mass_or_volume_mixed","mass_or_volume_mixed","Brain_Mass_mass_or_volume"
"Sminthopsis murina","Brain_Mass","g",0.44,"0.44","g","10.1093%2Fjmammal%2Fgyz043_SupplementaryDataSD1.tsv","Burger","2019","Burger","secondary","Burger_etal_2019","Mean_brain_mass_g","mass_or_volume_mixed","mass_or_volume_mixed","Brain_Mass_mass_or_volume"
"Antechinomys laniger","Brain_Mass","g",0.47,"0.47","g","10.1093%2Fjmammal%2Fgyz043_SupplementaryDataSD1.tsv","Burger","2019","Burger","secondary","Burger_etal_2019","Mean_brain_mass_g","mass_or_volume_mixed","mass_or_volume_mixed","Brain_Mass_mass_or_volume"
"Sminthopsis griseoventer","Brain_Mass","g",0.49,"0.49","g","10.1093%2Fjmammal%2Fgyz043_SupplementaryDataSD1.tsv","Burger","2019","Burger","secondary","Burger_etal_2019","Mean_brain_mass_g","mass_or_volume_mixed","mass_or_volume_mixed","Brain_Mass_mass_or_volume"
"Pseudantechinus macdonnellensis","Brain_Mass","g",0.49,"0.49","g","10.1093%2Fjmammal%2Fgyz043_SupplementaryDataSD1.tsv","Burger","2019","Burger","secondary","Burger_etal_2019","Mean_brain_mass_g","mass_or_volume_mixed","mass_or_volume_mixed","Brain_Mass_mass_or_volume"
"Dasykaluta rosamondae","Brain_Mass","g",0.54,"0.54","g","10.1093%2Fjmammal%2Fgyz043_SupplementaryDataSD1.tsv","Burger","2019","Burger","secondary","Burger_etal_2019","Mean_brain_mass_g","mass_or_volume_mixed","mass_or_volume_mixed","Brain_Mass_mass_or_volume"
"Antechinus agilis","Brain_Mass","g",0.56,"0.56","g","10.1093%2Fjmammal%2Fgyz043_SupplementaryDataSD1.tsv","Burger","2019","Burger","secondary","Burger_etal_2019","Mean_brain_mass_g","mass_or_volume_mixed","mass_or_volume_mixed","Brain_Mass_mass_or_volume"
"Antechinus bellus","Brain_Mass","g",0.63,"0.63","g","10.1093%2Fjmammal%2Fgyz043_SupplementaryDataSD1.tsv","Burger","2019","Burger","secondary","Burger_etal_2019","Mean_brain_mass_g","mass_or_volume_mixed","mass_or_volume_mixed","Brain_Mass_mass_or_volume"
"Antechinus flavipes","Brain_Mass","g",0.64,"0.64","g","10.1093%2Fjmammal%2Fgyz043_SupplementaryDataSD1.tsv","Burger","2019","Burger","secondary","Burger_etal_2019","Mean_brain_mass_g","mass_or_volume_mixed","mass_or_volume_mixed","Brain_Mass_mass_or_volume"
"Pseudantechinus bilarni","Brain_Mass","g",0.65,"0.65","g","10.1093%2Fjmammal%2Fgyz043_SupplementaryDataSD1.tsv","Burger","2019","Burger","secondary","Burger_etal_2019","Mean_brain_mass_g","mass_or_volume_mixed","mass_or_volume_mixed","Brain_Mass_mass_or_volume"
"Murexechinus melanurus","Brain_Mass","g",0.65,"0.65","g","10.1093%2Fjmammal%2Fgyz043_SupplementaryDataSD1.tsv","Burger","2019","Burger","secondary","Burger_etal_2019","Mean_brain_mass_g","mass_or_volume_mixed","mass_or_volume_mixed","Brain_Mass_mass_or_volume"
"Antechinus subtropicus","Brain_Mass","g",0.72,"0.72","g","10.1093%2Fjmammal%2Fgyz043_SupplementaryDataSD1.tsv","Burger","2019","Burger","secondary","Burger_etal_2019","Mean_brain_mass_g","mass_or_volume_mixed","mass_or_volume_mixed","Brain_Mass_mass_or_volume"
"Antechinus minimus","Brain_Mass","g",0.74,"0.74","g","10.1093%2Fjmammal%2Fgyz043_SupplementaryDataSD1.tsv","Burger","2019","Burger","secondary","Burger_etal_2019","Mean_brain_mass_g","mass_or_volume_mixed","mass_or_volume_mixed","Brain_Mass_mass_or_volume"
"Antechinus leo","Brain_Mass","g",0.75,"0.75","g","10.1093%2Fjmammal%2Fgyz043_SupplementaryDataSD1.tsv","Burger","2019","Burger","secondary","Burger_etal_2019","Mean_brain_mass_g","mass_or_volume_mixed","mass_or_volume_mixed","Brain_Mass_mass_or_volume"
"Antechinus stuartii","Brain_Mass","g",0.76,"0.76","g","10.1093%2Fjmammal%2Fgyz043_SupplementaryDataSD1.tsv","Burger","2019","Burger","secondary","Burger_etal_2019","Mean_brain_mass_g","mass_or_volume_mixed","mass_or_volume_mixed","Brain_Mass_mass_or_volume"
"Phascomurexia naso","Brain_Mass","g",0.77,"0.77","g","10.1093%2Fjmammal%2Fgyz043_SupplementaryDataSD1.tsv","Burger","2019","Burger","secondary","Burger_etal_2019","Mean_brain_mass_g","mass_or_volume_mixed","mass_or_volume_mixed","Brain_Mass_mass_or_volume"
"Phascogale calura","Brain_Mass","g",0.91,"0.91","g","10.1093%2Fjmammal%2Fgyz043_SupplementaryDataSD1.tsv","Burger","2019","Burger","secondary","Burger_etal_2019","Mean_brain_mass_g","mass_or_volume_mixed","mass_or_volume_mixed","Brain_Mass_mass_or_volume"
"Antechinus swainsonii","Brain_Mass","g",1.09,"1.09","g","10.1093%2Fjmammal%2Fgyz043_SupplementaryDataSD1.tsv","Burger","2019","Burger","secondary","Burger_etal_2019","Mean_brain_mass_g","mass_or_volume_mixed","mass_or_volume_mixed","Brain_Mass_mass_or_volume"
"Paramurexia rothschildi","Brain_Mass","g",1.09,"1.09","g","10.1093%2Fjmammal%2Fgyz043_SupplementaryDataSD1.tsv","Burger","2019","Burger","secondary","Burger_etal_2019","Mean_brain_mass_g","mass_or_volume_mixed","mass_or_volume_mixed","Brain_Mass_mass_or_volume"
"Phascolosorex dorsalis","Brain_Mass","g",1.11,"1.11","g","10.1093%2Fjmammal%2Fgyz043_SupplementaryDataSD1.tsv","Burger","2019","Burger","secondary","Burger_etal_2019","Mean_brain_mass_g","mass_or_volume_mixed","mass_or_volume_mixed","Brain_Mass_mass_or_volume"
"Parantechinus apicalis","Brain_Mass","g",1.2,"1.2","g","10.1093%2Fjmammal%2Fgyz043_SupplementaryDataSD1.tsv","Burger","2019","Burger","secondary","Burger_etal_2019","Mean_brain_mass_g","mass_or_volume_mixed","mass_or_volume_mixed","Brain_Mass_mass_or_volume"
"Dasycercus cristicauda","Brain_Mass","g",1.24,"1.24","g","10.1093%2Fjmammal%2Fgyz043_SupplementaryDataSD1.tsv","Burger","2019","Burger","secondary","Burger_etal_2019","Mean_brain_mass_g","mass_or_volume_mixed","mass_or_volume_mixed","Brain_Mass_mass_or_volume"
"Dasyuroides byrnei","Brain_Mass","g",1.5,"1.5","g","10.1093%2Fjmammal%2Fgyz043_SupplementaryDataSD1.tsv","Burger","2019","Burger","secondary","Burger_etal_2019","Mean_brain_mass_g","mass_or_volume_mixed","mass_or_volume_mixed","Brain_Mass_mass_or_volume"
"Murexia longicaudata","Brain_Mass","g",1.68,"1.68","g","10.1093%2Fjmammal%2Fgyz043_SupplementaryDataSD1.tsv","Burger","2019","Burger","secondary","Burger_etal_2019","Mean_brain_mass_g","mass_or_volume_mixed","mass_or_volume_mixed","Brain_Mass_mass_or_volume"
"Phascogale tapoatafa","Brain_Mass","g",1.81,"1.81","g","10.1093%2Fjmammal%2Fgyz043_SupplementaryDataSD1.tsv","Burger","2019","Burger","secondary","Burger_etal_2019","Mean_brain_mass_g","mass_or_volume_mixed","mass_or_volume_mixed","Brain_Mass_mass_or_volume"
"Myoictis melas","Brain_Mass","g",2.05,"2.05","g","10.1093%2Fjmammal%2Fgyz043_SupplementaryDataSD1.tsv","Burger","2019","Burger","secondary","Burger_etal_2019","Mean_brain_mass_g","mass_or_volume_mixed","mass_or_volume_mixed","Brain_Mass_mass_or_volume"
"Neophascogale lorentzi","Brain_Mass","g",2.45,"2.45","g","10.1093%2Fjmammal%2Fgyz043_SupplementaryDataSD1.tsv","Burger","2019","Burger","secondary","Burger_etal_2019","Mean_brain_mass_g","mass_or_volume_mixed","mass_or_volume_mixed","Brain_Mass_mass_or_volume"
"Dasyurus hallucatus","Brain_Mass","g",3.38,"3.38","g","10.1093%2Fjmammal%2Fgyz043_SupplementaryDataSD1.tsv","Burger","2019","Burger","secondary","Burger_etal_2019","Mean_brain_mass_g","mass_or_volume_mixed","mass_or_volume_mixed","Brain_Mass_mass_or_volume"
"Dasyurus albopunctatus","Brain_Mass","g",3.79,"3.79","g","10.1093%2Fjmammal%2Fgyz043_SupplementaryDataSD1.tsv","Burger","2019","Burger","secondary","Burger_etal_2019","Mean_brain_mass_g","mass_or_volume_mixed","mass_or_volume_mixed","Brain_Mass_mass_or_volume"
"Myrmecobius fasciatus","Brain_Mass","g",4.25,"4.25","g","10.1093%2Fjmammal%2Fgyz043_SupplementaryDataSD1.tsv","Burger","2019","Burger","secondary","Burger_etal_2019","Mean_brain_mass_g","mass_or_volume_mixed","mass_or_volume_mixed","Brain_Mass_mass_or_volume"
"Dasyurus geoffroii","Brain_Mass","g",5.17,"5.17","g","10.1093%2Fjmammal%2Fgyz043_SupplementaryDataSD1.tsv","Burger","2019","Burger","secondary","Burger_etal_2019","Mean_brain_mass_g","mass_or_volume_mixed","mass_or_volume_mixed","Brain_Mass_mass_or_volume"
"Dasyurus viverrinus","Brain_Mass","g",5.33,"5.33","g","10.1093%2Fjmammal%2Fgyz043_SupplementaryDataSD1.tsv","Burger","2019","Burger","secondary","Burger_etal_2019","Mean_brain_mass_g","mass_or_volume_mixed","mass_or_volume_mixed","Brain_Mass_mass_or_volume"
"Dasyurus maculatus","Brain_Mass","g",9.41,"9.41","g","10.1093%2Fjmammal%2Fgyz043_SupplementaryDataSD1.tsv","Burger","2019","Burger","secondary","Burger_etal_2019","Mean_brain_mass_g","mass_or_volume_mixed","mass_or_volume_mixed","Brain_Mass_mass_or_volume"
"Sarcophilus harrisii","Brain_Mass","g",16.09,"16.09","g","10.1093%2Fjmammal%2Fgyz043_SupplementaryDataSD1.tsv","Burger","2019","Burger","secondary","Burger_etal_2019","Mean_brain_mass_g","mass_or_volume_mixed","mass_or_volume_mixed","Brain_Mass_mass_or_volume"
"Thylacinus cynocephalus","Brain_Mass","g",51.19,"51.19","g","10.1093%2Fjmammal%2Fgyz043_SupplementaryDataSD1.tsv","Burger","2019","Burger","secondary","Burger_etal_2019","Mean_brain_mass_g","mass_or_volume_mixed","mass_or_volume_mixed","Brain_Mass_mass_or_volume"
"Dasyurus spartacus","Brain_Mass","g",5.3,"5.3","g","10.1093%2Fjmammal%2Fgyz043_SupplementaryDataSD1.tsv","Burger","2019","Burger","secondary","Burger_etal_2019","Mean_brain_mass_g","mass_or_volume_mixed","mass_or_volume_mixed","Brain_Mass_mass_or_volume"
"Marmosa robinsoni","Brain_Mass","g",0.7,"0.7","g","10.1093%2Fjmammal%2Fgyz043_SupplementaryDataSD1.tsv","Burger","2019","Burger","secondary","Burger_etal_2019","Mean_brain_mass_g","mass_or_volume_mixed","mass_or_volume_mixed","Brain_Mass_mass_or_volume"
"Thylamys elegans","Brain_Mass","g",0.71,"0.71","g","10.1093%2Fjmammal%2Fgyz043_SupplementaryDataSD1.tsv","Burger","2019","Burger","secondary","Burger_etal_2019","Mean_brain_mass_g","mass_or_volume_mixed","mass_or_volume_mixed","Brain_Mass_mass_or_volume"
"Monodelphis brevicaudata","Brain_Mass","g",0.9,"0.9","g","10.1093%2Fjmammal%2Fgyz043_SupplementaryDataSD1.tsv","Burger","2019","Burger","secondary","Burger_etal_2019","Mean_brain_mass_g","mass_or_volume_mixed","mass_or_volume_mixed","Brain_Mass_mass_or_volume"
"Marmosa mexicana","Brain_Mass","g",1,"1","g","10.1093%2Fjmammal%2Fgyz043_SupplementaryDataSD1.tsv","Burger","2019","Burger","secondary","Burger_etal_2019","Mean_brain_mass_g","mass_or_volume_mixed","mass_or_volume_mixed","Brain_Mass_mass_or_volume"
"Marmosa murina","Brain_Mass","g",1.1,"1.1","g","10.1093%2Fjmammal%2Fgyz043_SupplementaryDataSD1.tsv","Burger","2019","Burger","secondary","Burger_etal_2019","Mean_brain_mass_g","mass_or_volume_mixed","mass_or_volume_mixed","Brain_Mass_mass_or_volume"
"Marmosa rubra","Brain_Mass","g",1.2,"1.2","g","10.1093%2Fjmammal%2Fgyz043_SupplementaryDataSD1.tsv","Burger","2019","Burger","secondary","Burger_etal_2019","Mean_brain_mass_g","mass_or_volume_mixed","mass_or_volume_mixed","Brain_Mass_mass_or_volume"
"Caluromys derbianus","Brain_Mass","g",3.4,"3.4","g","10.1093%2Fjmammal%2Fgyz043_SupplementaryDataSD1.tsv","Burger","2019","Burger","secondary","Burger_etal_2019","Mean_brain_mass_g","mass_or_volume_mixed","mass_or_volume_mixed","Brain_Mass_mass_or_volume"
"Caluromys philander","Brain_Mass","g",3.5,"3.5","g","10.1093%2Fjmammal%2Fgyz043_SupplementaryDataSD1.tsv","Burger","2019","Burger","secondary","Burger_etal_2019","Mean_brain_mass_g","mass_or_volume_mixed","mass_or_volume_mixed","Brain_Mass_mass_or_volume"
"Metachirus nudicaudatus","Brain_Mass","g",3.5,"3.5","g","10.1093%2Fjmammal%2Fgyz043_SupplementaryDataSD1.tsv","Burger","2019","Burger","secondary","Burger_etal_2019","Mean_brain_mass_g","mass_or_volume_mixed","mass_or_volume_mixed","Brain_Mass_mass_or_volume"
"Philander opossum","Brain_Mass","g",3.83,"3.83","g","10.1093%2Fjmammal%2Fgyz043_SupplementaryDataSD1.tsv","Burger","2019","Burger","secondary","Burger_etal_2019","Mean_brain_mass_g","mass_or_volume_mixed","mass_or_volume_mixed","Brain_Mass_mass_or_volume"
"Didelphis marsupialis","Brain_Mass","g",6.35,"6.35","g","10.1093%2Fjmammal%2Fgyz043_SupplementaryDataSD1.tsv","Burger","2019","Burger","secondary","Burger_etal_2019","Mean_brain_mass_g","mass_or_volume_mixed","mass_or_volume_mixed","Brain_Mass_mass_or_volume"
"Didelphis virginiana","Brain_Mass","g",6.72,"6.72","g","10.1093%2Fjmammal%2Fgyz043_SupplementaryDataSD1.tsv","Burger","2019","Burger","secondary","Burger_etal_2019","Mean_brain_mass_g","mass_or_volume_mixed","mass_or_volume_mixed","Brain_Mass_mass_or_volume"
"Thylamys pallidior","Brain_Mass","g",0.72,"0.72","g","10.1093%2Fjmammal%2Fgyz043_SupplementaryDataSD1.tsv","Burger","2019","Burger","secondary","Burger_etal_2019","Mean_brain_mass_g","mass_or_volume_mixed","mass_or_volume_mixed","Brain_Mass_mass_or_volume"
"Caluromys lanatus","Brain_Mass","g",3.1,"3.1","g","10.1093%2Fjmammal%2Fgyz043_SupplementaryDataSD1.tsv","Burger","2019","Burger","secondary","Burger_etal_2019","Mean_brain_mass_g","mass_or_volume_mixed","mass_or_volume_mixed","Brain_Mass_mass_or_volume"
"Lutreolina crassicaudata","Brain_Mass","g",3.41,"3.41","g","10.1093%2Fjmammal%2Fgyz043_SupplementaryDataSD1.tsv","Burger","2019","Burger","secondary","Burger_etal_2019","Mean_brain_mass_g","mass_or_volume_mixed","mass_or_volume_mixed","Brain_Mass_mass_or_volume"
"Chironectes minimus","Brain_Mass","g",5.54,"5.54","g","10.1093%2Fjmammal%2Fgyz043_SupplementaryDataSD1.tsv","Burger","2019","Burger","secondary","Burger_etal_2019","Mean_brain_mass_g","mass_or_volume_mixed","mass_or_volume_mixed","Brain_Mass_mass_or_volume"
"Cercartetus concinnus","Brain_Mass","g",0.3,"0.3","g","10.1093%2Fjmammal%2Fgyz043_SupplementaryDataSD1.tsv","Burger","2019","Burger","secondary","Burger_etal_2019","Mean_brain_mass_g","mass_or_volume_mixed","mass_or_volume_mixed","Brain_Mass_mass_or_volume"
"Acrobates pygmaeus","Brain_Mass","g",0.35,"0.35","g","10.1093%2Fjmammal%2Fgyz043_SupplementaryDataSD1.tsv","Burger","2019","Burger","secondary","Burger_etal_2019","Mean_brain_mass_g","mass_or_volume_mixed","mass_or_volume_mixed","Brain_Mass_mass_or_volume"
"Cercartetus lepidus","Brain_Mass","g",0.36,"0.36","g","10.1093%2Fjmammal%2Fgyz043_SupplementaryDataSD1.tsv","Burger","2019","Burger","secondary","Burger_etal_2019","Mean_brain_mass_g","mass_or_volume_mixed","mass_or_volume_mixed","Brain_Mass_mass_or_volume"
"Tarsipes rostratus","Brain_Mass","g",0.36,"0.36","g","10.1093%2Fjmammal%2Fgyz043_SupplementaryDataSD1.tsv","Burger","2019","Burger","secondary","Burger_etal_2019","Mean_brain_mass_g","mass_or_volume_mixed","mass_or_volume_mixed","Brain_Mass_mass_or_volume"
"Cercartetus nanus","Brain_Mass","g",0.43,"0.43","g","10.1093%2Fjmammal%2Fgyz043_SupplementaryDataSD1.tsv","Burger","2019","Burger","secondary","Burger_etal_2019","Mean_brain_mass_g","mass_or_volume_mixed","mass_or_volume_mixed","Brain_Mass_mass_or_volume"
"Cercartetus caudatus","Brain_Mass","g",0.71,"0.71","g","10.1093%2Fjmammal%2Fgyz043_SupplementaryDataSD1.tsv","Burger","2019","Burger","secondary","Burger_etal_2019","Mean_brain_mass_g","mass_or_volume_mixed","mass_or_volume_mixed","Brain_Mass_mass_or_volume"
"Distoechurus pennatus","Brain_Mass","g",0.94,"0.94","g","10.1093%2Fjmammal%2Fgyz043_SupplementaryDataSD1.tsv","Burger","2019","Burger","secondary","Burger_etal_2019","Mean_brain_mass_g","mass_or_volume_mixed","mass_or_volume_mixed","Brain_Mass_mass_or_volume"
"Burramys parvus","Brain_Mass","g",1,"1","g","10.1093%2Fjmammal%2Fgyz043_SupplementaryDataSD1.tsv","Burger","2019","Burger","secondary","Burger_etal_2019","Mean_brain_mass_g","mass_or_volume_mixed","mass_or_volume_mixed","Brain_Mass_mass_or_volume"
"Pseudochirulus canescens","Brain_Mass","g",1.8,"1.8","g","10.1093%2Fjmammal%2Fgyz043_SupplementaryDataSD1.tsv","Burger","2019","Burger","secondary","Burger_etal_2019","Mean_brain_mass_g","mass_or_volume_mixed","mass_or_volume_mixed","Brain_Mass_mass_or_volume"
"Pseudochirulus mayeri","Brain_Mass","g",2.01,"2.01","g","10.1093%2Fjmammal%2Fgyz043_SupplementaryDataSD1.tsv","Burger","2019","Burger","secondary","Burger_etal_2019","Mean_brain_mass_g","mass_or_volume_mixed","mass_or_volume_mixed","Brain_Mass_mass_or_volume"
"Petaurus breviceps","Brain_Mass","g",2.09,"2.09","g","10.1093%2Fjmammal%2Fgyz043_SupplementaryDataSD1.tsv","Burger","2019","Burger","secondary","Burger_etal_2019","Mean_brain_mass_g","mass_or_volume_mixed","mass_or_volume_mixed","Brain_Mass_mass_or_volume"
"Pseudochirulus schlegeli","Brain_Mass","g",2.8,"2.8","g","10.1093%2Fjmammal%2Fgyz043_SupplementaryDataSD1.tsv","Burger","2019","Burger","secondary","Burger_etal_2019","Mean_brain_mass_g","mass_or_volume_mixed","mass_or_volume_mixed","Brain_Mass_mass_or_volume"
"Gymnobelideus leadbeateri","Brain_Mass","g",2.85,"2.85","g","10.1093%2Fjmammal%2Fgyz043_SupplementaryDataSD1.tsv","Burger","2019","Burger","secondary","Burger_etal_2019","Mean_brain_mass_g","mass_or_volume_mixed","mass_or_volume_mixed","Brain_Mass_mass_or_volume"
"Petaurus norfolcensis","Brain_Mass","g",3.02,"3.02","g","10.1093%2Fjmammal%2Fgyz043_SupplementaryDataSD1.tsv","Burger","2019","Burger","secondary","Burger_etal_2019","Mean_brain_mass_g","mass_or_volume_mixed","mass_or_volume_mixed","Brain_Mass_mass_or_volume"
"Hemibelideus lemuroides","Brain_Mass","g",3.15,"3.15","g","10.1093%2Fjmammal%2Fgyz043_SupplementaryDataSD1.tsv","Burger","2019","Burger","secondary","Burger_etal_2019","Mean_brain_mass_g","mass_or_volume_mixed","mass_or_volume_mixed","Brain_Mass_mass_or_volume"
"Pseudochirulus caroli","Brain_Mass","g",3.2,"3.2","g","10.1093%2Fjmammal%2Fgyz043_SupplementaryDataSD1.tsv","Burger","2019","Burger","secondary","Burger_etal_2019","Mean_brain_mass_g","mass_or_volume_mixed","mass_or_volume_mixed","Brain_Mass_mass_or_volume"
"Pseudochirulus forbesi","Brain_Mass","g",3.36,"3.36","g","10.1093%2Fjmammal%2Fgyz043_SupplementaryDataSD1.tsv","Burger","2019","Burger","secondary","Burger_etal_2019","Mean_brain_mass_g","mass_or_volume_mixed","mass_or_volume_mixed","Brain_Mass_mass_or_volume"
"Pseudochirulus herbertensis","Brain_Mass","g",4.32,"4.32","g","10.1093%2Fjmammal%2Fgyz043_SupplementaryDataSD1.tsv","Burger","2019","Burger","secondary","Burger_etal_2019","Mean_brain_mass_g","mass_or_volume_mixed","mass_or_volume_mixed","Brain_Mass_mass_or_volume"
"Dactylopsila tatei","Brain_Mass","g",4.45,"4.45","g","10.1093%2Fjmammal%2Fgyz043_SupplementaryDataSD1.tsv","Burger","2019","Burger","secondary","Burger_etal_2019","Mean_brain_mass_g","mass_or_volume_mixed","mass_or_volume_mixed","Brain_Mass_mass_or_volume"
"Pseudocheirus peregrinus","Brain_Mass","g",4.52,"4.52","g","10.1093%2Fjmammal%2Fgyz043_SupplementaryDataSD1.tsv","Burger","2019","Burger","secondary","Burger_etal_2019","Mean_brain_mass_g","mass_or_volume_mixed","mass_or_volume_mixed","Brain_Mass_mass_or_volume"
"Pseudochirops albertisii","Brain_Mass","g",4.68,"4.68","g","10.1093%2Fjmammal%2Fgyz043_SupplementaryDataSD1.tsv","Burger","2019","Burger","secondary","Burger_etal_2019","Mean_brain_mass_g","mass_or_volume_mixed","mass_or_volume_mixed","Brain_Mass_mass_or_volume"
"Petauroides volans","Brain_Mass","g",4.69,"4.69","g","10.1093%2Fjmammal%2Fgyz043_SupplementaryDataSD1.tsv","Burger","2019","Burger","secondary","Burger_etal_2019","Mean_brain_mass_g","mass_or_volume_mixed","mass_or_volume_mixed","Brain_Mass_mass_or_volume"
"Petropseudes dahli","Brain_Mass","g",5.038,"5.038","g","10.1093%2Fjmammal%2Fgyz043_SupplementaryDataSD1.tsv","Burger","2019","Burger","secondary","Burger_etal_2019","Mean_brain_mass_g","mass_or_volume_mixed","mass_or_volume_mixed","Brain_Mass_mass_or_volume"
"Pseudochirops coronatus","Brain_Mass","g",5.13,"5.13","g","10.1093%2Fjmammal%2Fgyz043_SupplementaryDataSD1.tsv","Burger","2019","Burger","secondary","Burger_etal_2019","Mean_brain_mass_g","mass_or_volume_mixed","mass_or_volume_mixed","Brain_Mass_mass_or_volume"
"Pseudochirops corinnae","Brain_Mass","g",5.36,"5.36","g","10.1093%2Fjmammal%2Fgyz043_SupplementaryDataSD1.tsv","Burger","2019","Burger","secondary","Burger_etal_2019","Mean_brain_mass_g","mass_or_volume_mixed","mass_or_volume_mixed","Brain_Mass_mass_or_volume"
"Petaurus australis","Brain_Mass","g",5.71,"5.71","g","10.1093%2Fjmammal%2Fgyz043_SupplementaryDataSD1.tsv","Burger","2019","Burger","secondary","Burger_etal_2019","Mean_brain_mass_g","mass_or_volume_mixed","mass_or_volume_mixed","Brain_Mass_mass_or_volume"
"Dactylopsila trivirgata","Brain_Mass","g",5.83,"5.83","g","10.1093%2Fjmammal%2Fgyz043_SupplementaryDataSD1.tsv","Burger","2019","Burger","secondary","Burger_etal_2019","Mean_brain_mass_g","mass_or_volume_mixed","mass_or_volume_mixed","Brain_Mass_mass_or_volume"
"Pseudochirops archeri","Brain_Mass","g",5.87,"5.87","g","10.1093%2Fjmammal%2Fgyz043_SupplementaryDataSD1.tsv","Burger","2019","Burger","secondary","Burger_etal_2019","Mean_brain_mass_g","mass_or_volume_mixed","mass_or_volume_mixed","Brain_Mass_mass_or_volume"
"Phalanger lullulae","Brain_Mass","g",6.09,"6.09","g","10.1093%2Fjmammal%2Fgyz043_SupplementaryDataSD1.tsv","Burger","2019","Burger","secondary","Burger_etal_2019","Mean_brain_mass_g","mass_or_volume_mixed","mass_or_volume_mixed","Brain_Mass_mass_or_volume"
"Potorous platyops","Brain_Mass","g",6.3,"6.3","g","10.1093%2Fjmammal%2Fgyz043_SupplementaryDataSD1.tsv","Burger","2019","Burger","secondary","Burger_etal_2019","Mean_brain_mass_g","mass_or_volume_mixed","mass_or_volume_mixed","Brain_Mass_mass_or_volume"
"Dactylopsila palpator","Brain_Mass","g",6.91,"6.91","g","10.1093%2Fjmammal%2Fgyz043_SupplementaryDataSD1.tsv","Burger","2019","Burger","secondary","Burger_etal_2019","Mean_brain_mass_g","mass_or_volume_mixed","mass_or_volume_mixed","Brain_Mass_mass_or_volume"
"Lagostrophus fasciatus","Brain_Mass","g",7,"7","g","10.1093%2Fjmammal%2Fgyz043_SupplementaryDataSD1.tsv","Burger","2019","Burger","secondary","Burger_etal_2019","Mean_brain_mass_g","mass_or_volume_mixed","mass_or_volume_mixed","Brain_Mass_mass_or_volume"
"Phalanger ornatus","Brain_Mass","g",7.02,"7.02","g","10.1093%2Fjmammal%2Fgyz043_SupplementaryDataSD1.tsv","Burger","2019","Burger","secondary","Burger_etal_2019","Mean_brain_mass_g","mass_or_volume_mixed","mass_or_volume_mixed","Brain_Mass_mass_or_volume"
"Phalanger orientalis","Brain_Mass","g",7.37,"7.37","g","10.1093%2Fjmammal%2Fgyz043_SupplementaryDataSD1.tsv","Burger","2019","Burger","secondary","Burger_etal_2019","Mean_brain_mass_g","mass_or_volume_mixed","mass_or_volume_mixed","Brain_Mass_mass_or_volume"
"Pseudochirops cupreus","Brain_Mass","g",7.54,"7.54","g","10.1093%2Fjmammal%2Fgyz043_SupplementaryDataSD1.tsv","Burger","2019","Burger","secondary","Burger_etal_2019","Mean_brain_mass_g","mass_or_volume_mixed","mass_or_volume_mixed","Brain_Mass_mass_or_volume"
"Lagorchestes hirsutus","Brain_Mass","g",7.77,"7.77","g","10.1093%2Fjmammal%2Fgyz043_SupplementaryDataSD1.tsv","Burger","2019","Burger","secondary","Burger_etal_2019","Mean_brain_mass_g","mass_or_volume_mixed","mass_or_volume_mixed","Brain_Mass_mass_or_volume"
"Phalanger mimicus","Brain_Mass","g",8.13,"8.13","g","10.1093%2Fjmammal%2Fgyz043_SupplementaryDataSD1.tsv","Burger","2019","Burger","secondary","Burger_etal_2019","Mean_brain_mass_g","mass_or_volume_mixed","mass_or_volume_mixed","Brain_Mass_mass_or_volume"
"Phalanger carmelitae","Brain_Mass","g",8.49,"8.49","g","10.1093%2Fjmammal%2Fgyz043_SupplementaryDataSD1.tsv","Burger","2019","Burger","secondary","Burger_etal_2019","Mean_brain_mass_g","mass_or_volume_mixed","mass_or_volume_mixed","Brain_Mass_mass_or_volume"
"Bettongia tropica","Brain_Mass","g",8.92,"8.92","g","10.1093%2Fjmammal%2Fgyz043_SupplementaryDataSD1.tsv","Burger","2019","Burger","secondary","Burger_etal_2019","Mean_brain_mass_g","mass_or_volume_mixed","mass_or_volume_mixed","Brain_Mass_mass_or_volume"
"Potorous tridactylus","Brain_Mass","g",9.53,"9.53","g","10.1093%2Fjmammal%2Fgyz043_SupplementaryDataSD1.tsv","Burger","2019","Burger","secondary","Burger_etal_2019","Mean_brain_mass_g","mass_or_volume_mixed","mass_or_volume_mixed","Brain_Mass_mass_or_volume"
"Phalanger vestitus","Brain_Mass","g",9.54,"9.54","g","10.1093%2Fjmammal%2Fgyz043_SupplementaryDataSD1.tsv","Burger","2019","Burger","secondary","Burger_etal_2019","Mean_brain_mass_g","mass_or_volume_mixed","mass_or_volume_mixed","Brain_Mass_mass_or_volume"
"Bettongia penicillata","Brain_Mass","g",9.56,"9.56","g","10.1093%2Fjmammal%2Fgyz043_SupplementaryDataSD1.tsv","Burger","2019","Burger","secondary","Burger_etal_2019","Mean_brain_mass_g","mass_or_volume_mixed","mass_or_volume_mixed","Brain_Mass_mass_or_volume"
"Phalanger sericeus","Brain_Mass","g",9.96,"9.96","g","10.1093%2Fjmammal%2Fgyz043_SupplementaryDataSD1.tsv","Burger","2019","Burger","secondary","Burger_etal_2019","Mean_brain_mass_g","mass_or_volume_mixed","mass_or_volume_mixed","Brain_Mass_mass_or_volume"
"Wyulda squamicaudata","Brain_Mass","g",10.1,"10.1","g","10.1093%2Fjmammal%2Fgyz043_SupplementaryDataSD1.tsv","Burger","2019","Burger","secondary","Burger_etal_2019","Mean_brain_mass_g","mass_or_volume_mixed","mass_or_volume_mixed","Brain_Mass_mass_or_volume"
"Onychogalea lunata","Brain_Mass","g",10.2,"10.2","g","10.1093%2Fjmammal%2Fgyz043_SupplementaryDataSD1.tsv","Burger","2019","Burger","secondary","Burger_etal_2019","Mean_brain_mass_g","mass_or_volume_mixed","mass_or_volume_mixed","Brain_Mass_mass_or_volume"
"Bettongia lesueur","Brain_Mass","g",10.5,"10.5","g","10.1093%2Fjmammal%2Fgyz043_SupplementaryDataSD1.tsv","Burger","2019","Burger","secondary","Burger_etal_2019","Mean_brain_mass_g","mass_or_volume_mixed","mass_or_volume_mixed","Brain_Mass_mass_or_volume"
"Petrogale concinna","Brain_Mass","g",11,"11","g","10.1093%2Fjmammal%2Fgyz043_SupplementaryDataSD1.tsv","Burger","2019","Burger","secondary","Burger_etal_2019","Mean_brain_mass_g","mass_or_volume_mixed","mass_or_volume_mixed","Brain_Mass_mass_or_volume"
"Trichosurus vulpecula","Brain_Mass","g",11,"11","g","10.1093%2Fjmammal%2Fgyz043_SupplementaryDataSD1.tsv","Burger","2019","Burger","secondary","Burger_etal_2019","Mean_brain_mass_g","mass_or_volume_mixed","mass_or_volume_mixed","Brain_Mass_mass_or_volume"
"Bettongia gaimardi","Brain_Mass","g",11.7,"11.7","g","10.1093%2Fjmammal%2Fgyz043_SupplementaryDataSD1.tsv","Burger","2019","Burger","secondary","Burger_etal_2019","Mean_brain_mass_g","mass_or_volume_mixed","mass_or_volume_mixed","Brain_Mass_mass_or_volume"
"Dorcopsulus vanheurni","Brain_Mass","g",11.8,"11.8","g","10.1093%2Fjmammal%2Fgyz043_SupplementaryDataSD1.tsv","Burger","2019","Burger","secondary","Burger_etal_2019","Mean_brain_mass_g","mass_or_volume_mixed","mass_or_volume_mixed","Brain_Mass_mass_or_volume"
"Trichosurus caninus","Brain_Mass","g",11.9,"11.9","g","10.1093%2Fjmammal%2Fgyz043_SupplementaryDataSD1.tsv","Burger","2019","Burger","secondary","Burger_etal_2019","Mean_brain_mass_g","mass_or_volume_mixed","mass_or_volume_mixed","Brain_Mass_mass_or_volume"
"Aepyprymnus rufescens","Brain_Mass","g",12.3,"12.3","g","10.1093%2Fjmammal%2Fgyz043_SupplementaryDataSD1.tsv","Burger","2019","Burger","secondary","Burger_etal_2019","Mean_brain_mass_g","mass_or_volume_mixed","mass_or_volume_mixed","Brain_Mass_mass_or_volume"
"Lagorchestes leporides","Brain_Mass","g",12.6,"12.6","g","10.1093%2Fjmammal%2Fgyz043_SupplementaryDataSD1.tsv","Burger","2019","Burger","secondary","Burger_etal_2019","Mean_brain_mass_g","mass_or_volume_mixed","mass_or_volume_mixed","Brain_Mass_mass_or_volume"
"Phalanger gymnotis","Brain_Mass","g",13,"13","g","10.1093%2Fjmammal%2Fgyz043_SupplementaryDataSD1.tsv","Burger","2019","Burger","secondary","Burger_etal_2019","Mean_brain_mass_g","mass_or_volume_mixed","mass_or_volume_mixed","Brain_Mass_mass_or_volume"
"Spilocuscus maculatus","Brain_Mass","g",13.4,"13.4","g","10.1093%2Fjmammal%2Fgyz043_SupplementaryDataSD1.tsv","Burger","2019","Burger","secondary","Burger_etal_2019","Mean_brain_mass_g","mass_or_volume_mixed","mass_or_volume_mixed","Brain_Mass_mass_or_volume"
"Dorcopsulus macleayi","Brain_Mass","g",13.5,"13.5","g","10.1093%2Fjmammal%2Fgyz043_SupplementaryDataSD1.tsv","Burger","2019","Burger","secondary","Burger_etal_2019","Mean_brain_mass_g","mass_or_volume_mixed","mass_or_volume_mixed","Brain_Mass_mass_or_volume"
"Setonix brachyurus","Brain_Mass","g",13.9,"13.9","g","10.1093%2Fjmammal%2Fgyz043_SupplementaryDataSD1.tsv","Burger","2019","Burger","secondary","Burger_etal_2019","Mean_brain_mass_g","mass_or_volume_mixed","mass_or_volume_mixed","Brain_Mass_mass_or_volume"
"Lagorchestes conspicillatus","Brain_Mass","g",14,"14","g","10.1093%2Fjmammal%2Fgyz043_SupplementaryDataSD1.tsv","Burger","2019","Burger","secondary","Burger_etal_2019","Mean_brain_mass_g","mass_or_volume_mixed","mass_or_volume_mixed","Brain_Mass_mass_or_volume"
"Onychogalea fraenata","Brain_Mass","g",14.7,"14.7","g","10.1093%2Fjmammal%2Fgyz043_SupplementaryDataSD1.tsv","Burger","2019","Burger","secondary","Burger_etal_2019","Mean_brain_mass_g","mass_or_volume_mixed","mass_or_volume_mixed","Brain_Mass_mass_or_volume"
"Petrogale brachyotis","Brain_Mass","g",15.75,"15.75","g","10.1093%2Fjmammal%2Fgyz043_SupplementaryDataSD1.tsv","Burger","2019","Burger","secondary","Burger_etal_2019","Mean_brain_mass_g","mass_or_volume_mixed","mass_or_volume_mixed","Brain_Mass_mass_or_volume"
"Dorcopsis atrata","Brain_Mass","g",16.7,"16.7","g","10.1093%2Fjmammal%2Fgyz043_SupplementaryDataSD1.tsv","Burger","2019","Burger","secondary","Burger_etal_2019","Mean_brain_mass_g","mass_or_volume_mixed","mass_or_volume_mixed","Brain_Mass_mass_or_volume"
"Onychogalea unguifera","Brain_Mass","g",16.7,"16.7","g","10.1093%2Fjmammal%2Fgyz043_SupplementaryDataSD1.tsv","Burger","2019","Burger","secondary","Burger_etal_2019","Mean_brain_mass_g","mass_or_volume_mixed","mass_or_volume_mixed","Brain_Mass_mass_or_volume"
"Spilocuscus rufoniger","Brain_Mass","g",16.8,"16.8","g","10.1093%2Fjmammal%2Fgyz043_SupplementaryDataSD1.tsv","Burger","2019","Burger","secondary","Burger_etal_2019","Mean_brain_mass_g","mass_or_volume_mixed","mass_or_volume_mixed","Brain_Mass_mass_or_volume"
"Petrogale mareeba","Brain_Mass","g",17,"17","g","10.1093%2Fjmammal%2Fgyz043_SupplementaryDataSD1.tsv","Burger","2019","Burger","secondary","Burger_etal_2019","Mean_brain_mass_g","mass_or_volume_mixed","mass_or_volume_mixed","Brain_Mass_mass_or_volume"
"Petrogale inornata","Brain_Mass","g",17,"17","g","10.1093%2Fjmammal%2Fgyz043_SupplementaryDataSD1.tsv","Burger","2019","Burger","secondary","Burger_etal_2019","Mean_brain_mass_g","mass_or_volume_mixed","mass_or_volume_mixed","Brain_Mass_mass_or_volume"
"Thylogale brunii","Brain_Mass","g",17.5,"17.5","g","10.1093%2Fjmammal%2Fgyz043_SupplementaryDataSD1.tsv","Burger","2019","Burger","secondary","Burger_etal_2019","Mean_brain_mass_g","mass_or_volume_mixed","mass_or_volume_mixed","Brain_Mass_mass_or_volume"
"Petrogale assimilis","Brain_Mass","g",17.5,"17.5","g","10.1093%2Fjmammal%2Fgyz043_SupplementaryDataSD1.tsv","Burger","2019","Burger","secondary","Burger_etal_2019","Mean_brain_mass_g","mass_or_volume_mixed","mass_or_volume_mixed","Brain_Mass_mass_or_volume"
"Thylogale stigmatica","Brain_Mass","g",17.8,"17.8","g","10.1093%2Fjmammal%2Fgyz043_SupplementaryDataSD1.tsv","Burger","2019","Burger","secondary","Burger_etal_2019","Mean_brain_mass_g","mass_or_volume_mixed","mass_or_volume_mixed","Brain_Mass_mass_or_volume"
"Petrogale godmani","Brain_Mass","g",18,"18","g","10.1093%2Fjmammal%2Fgyz043_SupplementaryDataSD1.tsv","Burger","2019","Burger","secondary","Burger_etal_2019","Mean_brain_mass_g","mass_or_volume_mixed","mass_or_volume_mixed","Brain_Mass_mass_or_volume"
"Thylogale browni","Brain_Mass","g",18.3,"18.3","g","10.1093%2Fjmammal%2Fgyz043_SupplementaryDataSD1.tsv","Burger","2019","Burger","secondary","Burger_etal_2019","Mean_brain_mass_g","mass_or_volume_mixed","mass_or_volume_mixed","Brain_Mass_mass_or_volume"
"Dendrolagus bennettianus","Brain_Mass","g",18.5,"18.5","g","10.1093%2Fjmammal%2Fgyz043_SupplementaryDataSD1.tsv","Burger","2019","Burger","secondary","Burger_etal_2019","Mean_brain_mass_g","mass_or_volume_mixed","mass_or_volume_mixed","Brain_Mass_mass_or_volume"
"Notamacropus parma","Brain_Mass","g",18.7,"18.7","g","10.1093%2Fjmammal%2Fgyz043_SupplementaryDataSD1.tsv","Burger","2019","Burger","secondary","Burger_etal_2019","Mean_brain_mass_g","mass_or_volume_mixed","mass_or_volume_mixed","Brain_Mass_mass_or_volume"
"Petrogale lateralis","Brain_Mass","g",19.2,"19.2","g","10.1093%2Fjmammal%2Fgyz043_SupplementaryDataSD1.tsv","Burger","2019","Burger","secondary","Burger_etal_2019","Mean_brain_mass_g","mass_or_volume_mixed","mass_or_volume_mixed","Brain_Mass_mass_or_volume"
"Thylogale thetis","Brain_Mass","g",19.2,"19.2","g","10.1093%2Fjmammal%2Fgyz043_SupplementaryDataSD1.tsv","Burger","2019","Burger","secondary","Burger_etal_2019","Mean_brain_mass_g","mass_or_volume_mixed","mass_or_volume_mixed","Brain_Mass_mass_or_volume"
"Phascolarctos cinereus","Brain_Mass","g",20.2,"20.2","g","10.1093%2Fjmammal%2Fgyz043_SupplementaryDataSD1.tsv","Burger","2019","Burger","secondary","Burger_etal_2019","Mean_brain_mass_g","mass_or_volume_mixed","mass_or_volume_mixed","Brain_Mass_mass_or_volume"
"Dorcopsis muelleri","Brain_Mass","g",20.4,"20.4","g","10.1093%2Fjmammal%2Fgyz043_SupplementaryDataSD1.tsv","Burger","2019","Burger","secondary","Burger_etal_2019","Mean_brain_mass_g","mass_or_volume_mixed","mass_or_volume_mixed","Brain_Mass_mass_or_volume"
"Dorcopsis luctuosa","Brain_Mass","g",20.6,"20.6","g","10.1093%2Fjmammal%2Fgyz043_SupplementaryDataSD1.tsv","Burger","2019","Burger","secondary","Burger_etal_2019","Mean_brain_mass_g","mass_or_volume_mixed","mass_or_volume_mixed","Brain_Mass_mass_or_volume"
"Petrogale herberti","Brain_Mass","g",21.2,"21.2","g","10.1093%2Fjmammal%2Fgyz043_SupplementaryDataSD1.tsv","Burger","2019","Burger","secondary","Burger_etal_2019","Mean_brain_mass_g","mass_or_volume_mixed","mass_or_volume_mixed","Brain_Mass_mass_or_volume"
"Petrogale persephone","Brain_Mass","g",21.5,"21.5","g","10.1093%2Fjmammal%2Fgyz043_SupplementaryDataSD1.tsv","Burger","2019","Burger","secondary","Burger_etal_2019","Mean_brain_mass_g","mass_or_volume_mixed","mass_or_volume_mixed","Brain_Mass_mass_or_volume"
"Thylogale billardierii","Brain_Mass","g",22.1,"22.1","g","10.1093%2Fjmammal%2Fgyz043_SupplementaryDataSD1.tsv","Burger","2019","Burger","secondary","Burger_etal_2019","Mean_brain_mass_g","mass_or_volume_mixed","mass_or_volume_mixed","Brain_Mass_mass_or_volume"
"Dorcopsis hageni","Brain_Mass","g",22.5,"22.5","g","10.1093%2Fjmammal%2Fgyz043_SupplementaryDataSD1.tsv","Burger","2019","Burger","secondary","Burger_etal_2019","Mean_brain_mass_g","mass_or_volume_mixed","mass_or_volume_mixed","Brain_Mass_mass_or_volume"
"Petrogale xanthopus","Brain_Mass","g",23,"23","g","10.1093%2Fjmammal%2Fgyz043_SupplementaryDataSD1.tsv","Burger","2019","Burger","secondary","Burger_etal_2019","Mean_brain_mass_g","mass_or_volume_mixed","mass_or_volume_mixed","Brain_Mass_mass_or_volume"
"Macropus eugenii","Brain_Mass","g",23.7,"23.7","g","10.1093%2Fjmammal%2Fgyz043_SupplementaryDataSD1.tsv","Burger","2019","Burger","secondary","Burger_etal_2019","Mean_brain_mass_g","mass_or_volume_mixed","mass_or_volume_mixed","Brain_Mass_mass_or_volume"
"Petrogale penicillata","Brain_Mass","g",23.9,"23.9","g","10.1093%2Fjmammal%2Fgyz043_SupplementaryDataSD1.tsv","Burger","2019","Burger","secondary","Burger_etal_2019","Mean_brain_mass_g","mass_or_volume_mixed","mass_or_volume_mixed","Brain_Mass_mass_or_volume"
"Macropus irma","Brain_Mass","g",24.7,"24.7","g","10.1093%2Fjmammal%2Fgyz043_SupplementaryDataSD1.tsv","Burger","2019","Burger","secondary","Burger_etal_2019","Mean_brain_mass_g","mass_or_volume_mixed","mass_or_volume_mixed","Brain_Mass_mass_or_volume"
"Macropus greyi","Brain_Mass","g",25,"25","g","10.1093%2Fjmammal%2Fgyz043_SupplementaryDataSD1.tsv","Burger","2019","Burger","secondary","Burger_etal_2019","Mean_brain_mass_g","mass_or_volume_mixed","mass_or_volume_mixed","Brain_Mass_mass_or_volume"
"Dendrolagus lumholtzi","Brain_Mass","g",26.2,"26.2","g","10.1093%2Fjmammal%2Fgyz043_SupplementaryDataSD1.tsv","Burger","2019","Burger","secondary","Burger_etal_2019","Mean_brain_mass_g","mass_or_volume_mixed","mass_or_volume_mixed","Brain_Mass_mass_or_volume"
"Dendrolagus ursinus","Brain_Mass","g",26.3,"26.3","g","10.1093%2Fjmammal%2Fgyz043_SupplementaryDataSD1.tsv","Burger","2019","Burger","secondary","Burger_etal_2019","Mean_brain_mass_g","mass_or_volume_mixed","mass_or_volume_mixed","Brain_Mass_mass_or_volume"
"Dendrolagus matschiei","Brain_Mass","g",27.5,"27.5","g","10.1093%2Fjmammal%2Fgyz043_SupplementaryDataSD1.tsv","Burger","2019","Burger","secondary","Burger_etal_2019","Mean_brain_mass_g","mass_or_volume_mixed","mass_or_volume_mixed","Brain_Mass_mass_or_volume"
"Dendrolagus goodfellowi","Brain_Mass","g",28.4,"28.4","g","10.1093%2Fjmammal%2Fgyz043_SupplementaryDataSD1.tsv","Burger","2019","Burger","secondary","Burger_etal_2019","Mean_brain_mass_g","mass_or_volume_mixed","mass_or_volume_mixed","Brain_Mass_mass_or_volume"
"Dendrolagus spadix","Brain_Mass","g",28.5,"28.5","g","10.1093%2Fjmammal%2Fgyz043_SupplementaryDataSD1.tsv","Burger","2019","Burger","secondary","Burger_etal_2019","Mean_brain_mass_g","mass_or_volume_mixed","mass_or_volume_mixed","Brain_Mass_mass_or_volume"
"Dendrolagus scottae","Brain_Mass","g",29.2,"29.2","g","10.1093%2Fjmammal%2Fgyz043_SupplementaryDataSD1.tsv","Burger","2019","Burger","secondary","Burger_etal_2019","Mean_brain_mass_g","mass_or_volume_mixed","mass_or_volume_mixed","Brain_Mass_mass_or_volume"
"Macropus dorsalis","Brain_Mass","g",29.2,"29.2","g","10.1093%2Fjmammal%2Fgyz043_SupplementaryDataSD1.tsv","Burger","2019","Burger","secondary","Burger_etal_2019","Mean_brain_mass_g","mass_or_volume_mixed","mass_or_volume_mixed","Brain_Mass_mass_or_volume"
"Dendrolagus inustus","Brain_Mass","g",30.1,"30.1","g","10.1093%2Fjmammal%2Fgyz043_SupplementaryDataSD1.tsv","Burger","2019","Burger","secondary","Burger_etal_2019","Mean_brain_mass_g","mass_or_volume_mixed","mass_or_volume_mixed","Brain_Mass_mass_or_volume"
"Dendrolagus dorianus","Brain_Mass","g",32.3,"32.3","g","10.1093%2Fjmammal%2Fgyz043_SupplementaryDataSD1.tsv","Burger","2019","Burger","secondary","Burger_etal_2019","Mean_brain_mass_g","mass_or_volume_mixed","mass_or_volume_mixed","Brain_Mass_mass_or_volume"
"Wallabia bicolor","Brain_Mass","g",32.9,"32.9","g","10.1093%2Fjmammal%2Fgyz043_SupplementaryDataSD1.tsv","Burger","2019","Burger","secondary","Burger_etal_2019","Mean_brain_mass_g","mass_or_volume_mixed","mass_or_volume_mixed","Brain_Mass_mass_or_volume"
"Macropus agilis","Brain_Mass","g",33.3,"33.3","g","10.1093%2Fjmammal%2Fgyz043_SupplementaryDataSD1.tsv","Burger","2019","Burger","secondary","Burger_etal_2019","Mean_brain_mass_g","mass_or_volume_mixed","mass_or_volume_mixed","Brain_Mass_mass_or_volume"
"Notamacropus rufogriseus","Brain_Mass","g",36,"36","g","10.1093%2Fjmammal%2Fgyz043_SupplementaryDataSD1.tsv","Burger","2019","Burger","secondary","Burger_etal_2019","Mean_brain_mass_g","mass_or_volume_mixed","mass_or_volume_mixed","Brain_Mass_mass_or_volume"
"Macropus parryi","Brain_Mass","g",41.3,"41.3","g","10.1093%2Fjmammal%2Fgyz043_SupplementaryDataSD1.tsv","Burger","2019","Burger","secondary","Burger_etal_2019","Mean_brain_mass_g","mass_or_volume_mixed","mass_or_volume_mixed","Brain_Mass_mass_or_volume"
"Lasiorhinus latifrons","Brain_Mass","g",55.5,"55.5","g","10.1093%2Fjmammal%2Fgyz043_SupplementaryDataSD1.tsv","Burger","2019","Burger","secondary","Burger_etal_2019","Mean_brain_mass_g","mass_or_volume_mixed","mass_or_volume_mixed","Brain_Mass_mass_or_volume"
"Macropus antilopinus","Brain_Mass","g",56.8,"56.8","g","10.1093%2Fjmammal%2Fgyz043_SupplementaryDataSD1.tsv","Burger","2019","Burger","secondary","Burger_etal_2019","Mean_brain_mass_g","mass_or_volume_mixed","mass_or_volume_mixed","Brain_Mass_mass_or_volume"
"Macropus fuliginosus","Brain_Mass","g",58,"58","g","10.1093%2Fjmammal%2Fgyz043_SupplementaryDataSD1.tsv","Burger","2019","Burger","secondary","Burger_etal_2019","Mean_brain_mass_g","mass_or_volume_mixed","mass_or_volume_mixed","Brain_Mass_mass_or_volume"
"Macropus robustus","Brain_Mass","g",59,"59","g","10.1093%2Fjmammal%2Fgyz043_SupplementaryDataSD1.tsv","Burger","2019","Burger","secondary","Burger_etal_2019","Mean_brain_mass_g","mass_or_volume_mixed","mass_or_volume_mixed","Brain_Mass_mass_or_volume"
"Vombatus ursinus","Brain_Mass","g",59,"59","g","10.1093%2Fjmammal%2Fgyz043_SupplementaryDataSD1.tsv","Burger","2019","Burger","secondary","Burger_etal_2019","Mean_brain_mass_g","mass_or_volume_mixed","mass_or_volume_mixed","Brain_Mass_mass_or_volume"
"Osphranter rufus","Brain_Mass","g",62.4,"62.4","g","10.1093%2Fjmammal%2Fgyz043_SupplementaryDataSD1.tsv","Burger","2019","Burger","secondary","Burger_etal_2019","Mean_brain_mass_g","mass_or_volume_mixed","mass_or_volume_mixed","Brain_Mass_mass_or_volume"
"Macropus giganteus","Brain_Mass","g",69.8,"69.8","g","10.1093%2Fjmammal%2Fgyz043_SupplementaryDataSD1.tsv","Burger","2019","Burger","secondary","Burger_etal_2019","Mean_brain_mass_g","mass_or_volume_mixed","mass_or_volume_mixed","Brain_Mass_mass_or_volume"
"Petaurus biacensis","Brain_Mass","g",1.68,"1.68","g","10.1093%2Fjmammal%2Fgyz043_SupplementaryDataSD1.tsv","Burger","2019","Burger","secondary","Burger_etal_2019","Mean_brain_mass_g","mass_or_volume_mixed","mass_or_volume_mixed","Brain_Mass_mass_or_volume"
"Petaurus abidi","Brain_Mass","g",3.83,"3.83","g","10.1093%2Fjmammal%2Fgyz043_SupplementaryDataSD1.tsv","Burger","2019","Burger","secondary","Burger_etal_2019","Mean_brain_mass_g","mass_or_volume_mixed","mass_or_volume_mixed","Brain_Mass_mass_or_volume"
"Phalanger rothschildi","Brain_Mass","g",6.14,"6.14","g","10.1093%2Fjmammal%2Fgyz043_SupplementaryDataSD1.tsv","Burger","2019","Burger","secondary","Burger_etal_2019","Mean_brain_mass_g","mass_or_volume_mixed","mass_or_volume_mixed","Brain_Mass_mass_or_volume"
"Strigocuscus pelengensis","Brain_Mass","g",6.22,"6.22","g","10.1093%2Fjmammal%2Fgyz043_SupplementaryDataSD1.tsv","Burger","2019","Burger","secondary","Burger_etal_2019","Mean_brain_mass_g","mass_or_volume_mixed","mass_or_volume_mixed","Brain_Mass_mass_or_volume"
"Phalanger intercastellanus","Brain_Mass","g",7.35,"7.35","g","10.1093%2Fjmammal%2Fgyz043_SupplementaryDataSD1.tsv","Burger","2019","Burger","secondary","Burger_etal_2019","Mean_brain_mass_g","mass_or_volume_mixed","mass_or_volume_mixed","Brain_Mass_mass_or_volume"
"Spilocuscus kraemeri","Brain_Mass","g",11.5,"11.5","g","10.1093%2Fjmammal%2Fgyz043_SupplementaryDataSD1.tsv","Burger","2019","Burger","secondary","Burger_etal_2019","Mean_brain_mass_g","mass_or_volume_mixed","mass_or_volume_mixed","Brain_Mass_mass_or_volume"
"Atelerix albiventris","Brain_Mass","g",2.24,"2.24","g","10.1093%2Fjmammal%2Fgyz043_SupplementaryDataSD1.tsv","Burger","2019","Burger","secondary","Burger_etal_2019","Mean_brain_mass_g","mass_or_volume_mixed","mass_or_volume_mixed","Brain_Mass_mass_or_volume"
"Erinaceus europaeus","Brain_Mass","g",3.67,"3.67","g","10.1093%2Fjmammal%2Fgyz043_SupplementaryDataSD1.tsv","Burger","2019","Burger","secondary","Burger_etal_2019","Mean_brain_mass_g","mass_or_volume_mixed","mass_or_volume_mixed","Brain_Mass_mass_or_volume"
"Hemiechinus auritus","Brain_Mass","g",1.9,"1.9","g","10.1093%2Fjmammal%2Fgyz043_SupplementaryDataSD1.tsv","Burger","2019","Burger","secondary","Burger_etal_2019","Mean_brain_mass_g","mass_or_volume_mixed","mass_or_volume_mixed","Brain_Mass_mass_or_volume"
"Paraechinus hypomelas","Brain_Mass","g",2.4,"2.4","g","10.1093%2Fjmammal%2Fgyz043_SupplementaryDataSD1.tsv","Burger","2019","Burger","secondary","Burger_etal_2019","Mean_brain_mass_g","mass_or_volume_mixed","mass_or_volume_mixed","Brain_Mass_mass_or_volume"
"Mesechinus dauuricus","Brain_Mass","g",2.9,"2.9","g","10.1093%2Fjmammal%2Fgyz043_SupplementaryDataSD1.tsv","Burger","2019","Burger","secondary","Burger_etal_2019","Mean_brain_mass_g","mass_or_volume_mixed","mass_or_volume_mixed","Brain_Mass_mass_or_volume"
"Atelerix algirus","Brain_Mass","g",3.2,"3.2","g","10.1093%2Fjmammal%2Fgyz043_SupplementaryDataSD1.tsv","Burger","2019","Burger","secondary","Burger_etal_2019","Mean_brain_mass_g","mass_or_volume_mixed","mass_or_volume_mixed","Brain_Mass_mass_or_volume"
"Echinosorex gymnura","Brain_Mass","g",5.5,"5.5","g","10.1093%2Fjmammal%2Fgyz043_SupplementaryDataSD1.tsv","Burger","2019","Burger","secondary","Burger_etal_2019","Mean_brain_mass_g","mass_or_volume_mixed","mass_or_volume_mixed","Brain_Mass_mass_or_volume"
"Procavia capensis","Brain_Mass","g",19.47,"19.47","g","10.1093%2Fjmammal%2Fgyz043_SupplementaryDataSD1.tsv","Burger","2019","Burger","secondary","Burger_etal_2019","Mean_brain_mass_g","mass_or_volume_mixed","mass_or_volume_mixed","Brain_Mass_mass_or_volume"
"Heterohyrax brucei","Brain_Mass","g",12.27,"12.27","g","10.1093%2Fjmammal%2Fgyz043_SupplementaryDataSD1.tsv","Burger","2019","Burger","secondary","Burger_etal_2019","Mean_brain_mass_g","mass_or_volume_mixed","mass_or_volume_mixed","Brain_Mass_mass_or_volume"
"Dendrohyrax arboreus","Brain_Mass","g",12.3,"12.3","g","10.1093%2Fjmammal%2Fgyz043_SupplementaryDataSD1.tsv","Burger","2019","Burger","secondary","Burger_etal_2019","Mean_brain_mass_g","mass_or_volume_mixed","mass_or_volume_mixed","Brain_Mass_mass_or_volume"
"Ochotona hyperborea","Brain_Mass","g",2.22,"2.22","g","10.1093%2Fjmammal%2Fgyz043_SupplementaryDataSD1.tsv","Burger","2019","Burger","secondary","Burger_etal_2019","Mean_brain_mass_g","mass_or_volume_mixed","mass_or_volume_mixed","Brain_Mass_mass_or_volume"
"Ochotona princeps","Brain_Mass","g",2.39,"2.39","g","10.1093%2Fjmammal%2Fgyz043_SupplementaryDataSD1.tsv","Burger","2019","Burger","secondary","Burger_etal_2019","Mean_brain_mass_g","mass_or_volume_mixed","mass_or_volume_mixed","Brain_Mass_mass_or_volume"
"Ochotona rufescens","Brain_Mass","g",2.75,"2.75","g","10.1093%2Fjmammal%2Fgyz043_SupplementaryDataSD1.tsv","Burger","2019","Burger","secondary","Burger_etal_2019","Mean_brain_mass_g","mass_or_volume_mixed","mass_or_volume_mixed","Brain_Mass_mass_or_volume"
"Sylvilagus audubonii","Brain_Mass","g",6.07,"6.07","g","10.1093%2Fjmammal%2Fgyz043_SupplementaryDataSD1.tsv","Burger","2019","Burger","secondary","Burger_etal_2019","Mean_brain_mass_g","mass_or_volume_mixed","mass_or_volume_mixed","Brain_Mass_mass_or_volume"
"Sylvilagus bachmani","Brain_Mass","g",6.58,"6.58","g","10.1093%2Fjmammal%2Fgyz043_SupplementaryDataSD1.tsv","Burger","2019","Burger","secondary","Burger_etal_2019","Mean_brain_mass_g","mass_or_volume_mixed","mass_or_volume_mixed","Brain_Mass_mass_or_volume"
"Sylvilagus floridanus","Brain_Mass","g",7.56,"7.56","g","10.1093%2Fjmammal%2Fgyz043_SupplementaryDataSD1.tsv","Burger","2019","Burger","secondary","Burger_etal_2019","Mean_brain_mass_g","mass_or_volume_mixed","mass_or_volume_mixed","Brain_Mass_mass_or_volume"
"Lepus americanus","Brain_Mass","g",9.72,"9.72","g","10.1093%2Fjmammal%2Fgyz043_SupplementaryDataSD1.tsv","Burger","2019","Burger","secondary","Burger_etal_2019","Mean_brain_mass_g","mass_or_volume_mixed","mass_or_volume_mixed","Brain_Mass_mass_or_volume"
"Lepus capensis","Brain_Mass","g",10.78,"10.78","g","10.1093%2Fjmammal%2Fgyz043_SupplementaryDataSD1.tsv","Burger","2019","Burger","secondary","Burger_etal_2019","Mean_brain_mass_g","mass_or_volume_mixed","mass_or_volume_mixed","Brain_Mass_mass_or_volume"
"Oryctolagus cuniculus","Brain_Mass","g",11.09,"11.09","g","10.1093%2Fjmammal%2Fgyz043_SupplementaryDataSD1.tsv","Burger","2019","Burger","secondary","Burger_etal_2019","Mean_brain_mass_g","mass_or_volume_mixed","mass_or_volume_mixed","Brain_Mass_mass_or_volume"
"Lepus nigricollis","Brain_Mass","g",11.49,"11.49","g","10.1093%2Fjmammal%2Fgyz043_SupplementaryDataSD1.tsv","Burger","2019","Burger","secondary","Burger_etal_2019","Mean_brain_mass_g","mass_or_volume_mixed","mass_or_volume_mixed","Brain_Mass_mass_or_volume"
"Lepus californicus","Brain_Mass","g",13.23,"13.23","g","10.1093%2Fjmammal%2Fgyz043_SupplementaryDataSD1.tsv","Burger","2019","Burger","secondary","Burger_etal_2019","Mean_brain_mass_g","mass_or_volume_mixed","mass_or_volume_mixed","Brain_Mass_mass_or_volume"
"Lepus europaeus","Brain_Mass","g",14.35,"14.35","g","10.1093%2Fjmammal%2Fgyz043_SupplementaryDataSD1.tsv","Burger","2019","Burger","secondary","Burger_etal_2019","Mean_brain_mass_g","mass_or_volume_mixed","mass_or_volume_mixed","Brain_Mass_mass_or_volume"
"Lepus arcticus","Brain_Mass","g",15.8,"15.8","g","10.1093%2Fjmammal%2Fgyz043_SupplementaryDataSD1.tsv","Burger","2019","Burger","secondary","Burger_etal_2019","Mean_brain_mass_g","mass_or_volume_mixed","mass_or_volume_mixed","Brain_Mass_mass_or_volume"
"Sylvilagus brasiliensis","Brain_Mass","g",4.5,"4.5","g","10.1093%2Fjmammal%2Fgyz043_SupplementaryDataSD1.tsv","Burger","2019","Burger","secondary","Burger_etal_2019","Mean_brain_mass_g","mass_or_volume_mixed","mass_or_volume_mixed","Brain_Mass_mass_or_volume"
"Lepus timidus","Brain_Mass","g",15.1,"15.1","g","10.1093%2Fjmammal%2Fgyz043_SupplementaryDataSD1.tsv","Burger","2019","Burger","secondary","Burger_etal_2019","Mean_brain_mass_g","mass_or_volume_mixed","mass_or_volume_mixed","Brain_Mass_mass_or_volume"
"Rhynchocyon petersi","Brain_Mass","g",5.4,"5.4","g","10.1093%2Fjmammal%2Fgyz043_SupplementaryDataSD1.tsv","Burger","2019","Burger","secondary","Burger_etal_2019","Mean_brain_mass_g","mass_or_volume_mixed","mass_or_volume_mixed","Brain_Mass_mass_or_volume"
"Elephantulus intufi","Brain_Mass","g",1.14,"1.14","g","10.1093%2Fjmammal%2Fgyz043_SupplementaryDataSD1.tsv","Burger","2019","Burger","secondary","Burger_etal_2019","Mean_brain_mass_g","mass_or_volume_mixed","mass_or_volume_mixed","Brain_Mass_mass_or_volume"
"Elephantulus fuscipes","Brain_Mass","g",1.33,"1.33","g","10.1093%2Fjmammal%2Fgyz043_SupplementaryDataSD1.tsv","Burger","2019","Burger","secondary","Burger_etal_2019","Mean_brain_mass_g","mass_or_volume_mixed","mass_or_volume_mixed","Brain_Mass_mass_or_volume"
"Elephantulus myurus","Brain_Mass","g",1.37,"1.37","g","10.1093%2Fjmammal%2Fgyz043_SupplementaryDataSD1.tsv","Burger","2019","Burger","secondary","Burger_etal_2019","Mean_brain_mass_g","mass_or_volume_mixed","mass_or_volume_mixed","Brain_Mass_mass_or_volume"
"Rhynchocyon cirnei","Brain_Mass","g",5.9,"5.9","g","10.1093%2Fjmammal%2Fgyz043_SupplementaryDataSD1.tsv","Burger","2019","Burger","secondary","Burger_etal_2019","Mean_brain_mass_g","mass_or_volume_mixed","mass_or_volume_mixed","Brain_Mass_mass_or_volume"
"Dromiciops gliroides","Brain_Mass","g",0.81,"0.81","g","10.1093%2Fjmammal%2Fgyz043_SupplementaryDataSD1.tsv","Burger","2019","Burger","secondary","Burger_etal_2019","Mean_brain_mass_g","mass_or_volume_mixed","mass_or_volume_mixed","Brain_Mass_mass_or_volume"
"Ornithorhynchus anatinus","Brain_Mass","g",10.08,"10.08","g","10.1093%2Fjmammal%2Fgyz043_SupplementaryDataSD1.tsv","Burger","2019","Burger","secondary","Burger_etal_2019","Mean_brain_mass_g","mass_or_volume_mixed","mass_or_volume_mixed","Brain_Mass_mass_or_volume"
"Tachyglossus aculeatus","Brain_Mass","g",20.73,"20.73","g","10.1093%2Fjmammal%2Fgyz043_SupplementaryDataSD1.tsv","Burger","2019","Burger","secondary","Burger_etal_2019","Mean_brain_mass_g","mass_or_volume_mixed","mass_or_volume_mixed","Brain_Mass_mass_or_volume"
"Zaglossus bruijni","Brain_Mass","g",37.35,"37.35","g","10.1093%2Fjmammal%2Fgyz043_SupplementaryDataSD1.tsv","Burger","2019","Burger","secondary","Burger_etal_2019","Mean_brain_mass_g","mass_or_volume_mixed","mass_or_volume_mixed","Brain_Mass_mass_or_volume"
"Notoryctes caurinus","Brain_Mass","g",0.78,"0.78","g","10.1093%2Fjmammal%2Fgyz043_SupplementaryDataSD1.tsv","Burger","2019","Burger","secondary","Burger_etal_2019","Mean_brain_mass_g","mass_or_volume_mixed","mass_or_volume_mixed","Brain_Mass_mass_or_volume"
"Rhyncholestes raphanurus","Brain_Mass","g",0.65,"0.65","g","10.1093%2Fjmammal%2Fgyz043_SupplementaryDataSD1.tsv","Burger","2019","Burger","secondary","Burger_etal_2019","Mean_brain_mass_g","mass_or_volume_mixed","mass_or_volume_mixed","Brain_Mass_mass_or_volume"
"Caenolestes fuliginosus","Brain_Mass","g",0.68,"0.68","g","10.1093%2Fjmammal%2Fgyz043_SupplementaryDataSD1.tsv","Burger","2019","Burger","secondary","Burger_etal_2019","Mean_brain_mass_g","mass_or_volume_mixed","mass_or_volume_mixed","Brain_Mass_mass_or_volume"
"Chaeropus ecaudatus","Brain_Mass","g",2.4,"2.4","g","10.1093%2Fjmammal%2Fgyz043_SupplementaryDataSD1.tsv","Burger","2019","Burger","secondary","Burger_etal_2019","Mean_brain_mass_g","mass_or_volume_mixed","mass_or_volume_mixed","Brain_Mass_mass_or_volume"
"Perameles bougainville","Brain_Mass","g",3.21,"3.21","g","10.1093%2Fjmammal%2Fgyz043_SupplementaryDataSD1.tsv","Burger","2019","Burger","secondary","Burger_etal_2019","Mean_brain_mass_g","mass_or_volume_mixed","mass_or_volume_mixed","Brain_Mass_mass_or_volume"
"Echymipera kalubu","Brain_Mass","g",3.67,"3.67","g","10.1093%2Fjmammal%2Fgyz043_SupplementaryDataSD1.tsv","Burger","2019","Burger","secondary","Burger_etal_2019","Mean_brain_mass_g","mass_or_volume_mixed","mass_or_volume_mixed","Brain_Mass_mass_or_volume"
"Echymipera rufescens","Brain_Mass","g",3.73,"3.73","g","10.1093%2Fjmammal%2Fgyz043_SupplementaryDataSD1.tsv","Burger","2019","Burger","secondary","Burger_etal_2019","Mean_brain_mass_g","mass_or_volume_mixed","mass_or_volume_mixed","Brain_Mass_mass_or_volume"
"Microperoryctes longicauda","Brain_Mass","g",3.81,"3.81","g","10.1093%2Fjmammal%2Fgyz043_SupplementaryDataSD1.tsv","Burger","2019","Burger","secondary","Burger_etal_2019","Mean_brain_mass_g","mass_or_volume_mixed","mass_or_volume_mixed","Brain_Mass_mass_or_volume"
"Macrotis leucura","Brain_Mass","g",4.3,"4.3","g","10.1093%2Fjmammal%2Fgyz043_SupplementaryDataSD1.tsv","Burger","2019","Burger","secondary","Burger_etal_2019","Mean_brain_mass_g","mass_or_volume_mixed","mass_or_volume_mixed","Brain_Mass_mass_or_volume"
"Isoodon macrourus","Brain_Mass","g",4.42,"4.42","g","10.1093%2Fjmammal%2Fgyz043_SupplementaryDataSD1.tsv","Burger","2019","Burger","secondary","Burger_etal_2019","Mean_brain_mass_g","mass_or_volume_mixed","mass_or_volume_mixed","Brain_Mass_mass_or_volume"
"Echymipera clara","Brain_Mass","g",4.48,"4.48","g","10.1093%2Fjmammal%2Fgyz043_SupplementaryDataSD1.tsv","Burger","2019","Burger","secondary","Burger_etal_2019","Mean_brain_mass_g","mass_or_volume_mixed","mass_or_volume_mixed","Brain_Mass_mass_or_volume"
"Perameles gunnii","Brain_Mass","g",4.5,"4.5","g","10.1093%2Fjmammal%2Fgyz043_SupplementaryDataSD1.tsv","Burger","2019","Burger","secondary","Burger_etal_2019","Mean_brain_mass_g","mass_or_volume_mixed","mass_or_volume_mixed","Brain_Mass_mass_or_volume"
"Perameles nasuta","Brain_Mass","g",4.96,"4.96","g","10.1093%2Fjmammal%2Fgyz043_SupplementaryDataSD1.tsv","Burger","2019","Burger","secondary","Burger_etal_2019","Mean_brain_mass_g","mass_or_volume_mixed","mass_or_volume_mixed","Brain_Mass_mass_or_volume"
"Peroryctes raffrayana","Brain_Mass","g",6.33,"6.33","g","10.1093%2Fjmammal%2Fgyz043_SupplementaryDataSD1.tsv","Burger","2019","Burger","secondary","Burger_etal_2019","Mean_brain_mass_g","mass_or_volume_mixed","mass_or_volume_mixed","Brain_Mass_mass_or_volume"
"Macrotis lagotis","Brain_Mass","g",6.57,"6.57","g","10.1093%2Fjmammal%2Fgyz043_SupplementaryDataSD1.tsv","Burger","2019","Burger","secondary","Burger_etal_2019","Mean_brain_mass_g","mass_or_volume_mixed","mass_or_volume_mixed","Brain_Mass_mass_or_volume"
"Isoodon obesulus","Brain_Mass","g",4.03,"4.03","g","10.1093%2Fjmammal%2Fgyz043_SupplementaryDataSD1.tsv","Burger","2019","Burger","secondary","Burger_etal_2019","Mean_brain_mass_g","mass_or_volume_mixed","mass_or_volume_mixed","Brain_Mass_mass_or_volume"
"Rhynchomeles prattorum","Brain_Mass","g",4.9,"4.9","g","10.1093%2Fjmammal%2Fgyz043_SupplementaryDataSD1.tsv","Burger","2019","Burger","secondary","Burger_etal_2019","Mean_brain_mass_g","mass_or_volume_mixed","mass_or_volume_mixed","Brain_Mass_mass_or_volume"
"Equus asinus","Brain_Mass","g",434,"434","g","10.1093%2Fjmammal%2Fgyz043_SupplementaryDataSD1.tsv","Burger","2019","Burger","secondary","Burger_etal_2019","Mean_brain_mass_g","mass_or_volume_mixed","mass_or_volume_mixed","Brain_Mass_mass_or_volume"
"Tapirus indicus","Brain_Mass","g",265,"265","g","10.1093%2Fjmammal%2Fgyz043_SupplementaryDataSD1.tsv","Burger","2019","Burger","secondary","Burger_etal_2019","Mean_brain_mass_g","mass_or_volume_mixed","mass_or_volume_mixed","Brain_Mass_mass_or_volume"
"Equus zebra","Brain_Mass","g",548,"548","g","10.1093%2Fjmammal%2Fgyz043_SupplementaryDataSD1.tsv","Burger","2019","Burger","secondary","Burger_etal_2019","Mean_brain_mass_g","mass_or_volume_mixed","mass_or_volume_mixed","Brain_Mass_mass_or_volume"
"Diceros bicornis","Brain_Mass","g",655,"655","g","10.1093%2Fjmammal%2Fgyz043_SupplementaryDataSD1.tsv","Burger","2019","Burger","secondary","Burger_etal_2019","Mean_brain_mass_g","mass_or_volume_mixed","mass_or_volume_mixed","Brain_Mass_mass_or_volume"
"Equus caballus","Brain_Mass","g",693,"693","g","10.1093%2Fjmammal%2Fgyz043_SupplementaryDataSD1.tsv","Burger","2019","Burger","secondary","Burger_etal_2019","Mean_brain_mass_g","mass_or_volume_mixed","mass_or_volume_mixed","Brain_Mass_mass_or_volume"
"Tapirus bairdii","Brain_Mass","g",85,"85","g","10.1093%2Fjmammal%2Fgyz043_SupplementaryDataSD1.tsv","Burger","2019","Burger","secondary","Burger_etal_2019","Mean_brain_mass_g","mass_or_volume_mixed","mass_or_volume_mixed","Brain_Mass_mass_or_volume"
"Tapirus terrestris","Brain_Mass","g",180.5,"180.5","g","10.1093%2Fjmammal%2Fgyz043_SupplementaryDataSD1.tsv","Burger","2019","Burger","secondary","Burger_etal_2019","Mean_brain_mass_g","mass_or_volume_mixed","mass_or_volume_mixed","Brain_Mass_mass_or_volume"
"Equus burchelli","Brain_Mass","g",562,"562","g","10.1093%2Fjmammal%2Fgyz043_SupplementaryDataSD1.tsv","Burger","2019","Burger","secondary","Burger_etal_2019","Mean_brain_mass_g","mass_or_volume_mixed","mass_or_volume_mixed","Brain_Mass_mass_or_volume"
"Equus burchelli","Brain_Mass","g",612,"612","g","10.1093%2Fjmammal%2Fgyz043_SupplementaryDataSD1.tsv","Burger","2019","Burger","secondary","Burger_etal_2019","Mean_brain_mass_g","mass_or_volume_mixed","mass_or_volume_mixed","Brain_Mass_mass_or_volume"
"Ceratotherium simum","Brain_Mass","g",643,"643","g","10.1093%2Fjmammal%2Fgyz043_SupplementaryDataSD1.tsv","Burger","2019","Burger","secondary","Burger_etal_2019","Mean_brain_mass_g","mass_or_volume_mixed","mass_or_volume_mixed","Brain_Mass_mass_or_volume"
"Rhinoceros unicornis","Brain_Mass","g",786,"786","g","10.1093%2Fjmammal%2Fgyz043_SupplementaryDataSD1.tsv","Burger","2019","Burger","secondary","Burger_etal_2019","Mean_brain_mass_g","mass_or_volume_mixed","mass_or_volume_mixed","Brain_Mass_mass_or_volume"
"Manis tricuspis","Brain_Mass","g",9.4,"9.4","g","10.1093%2Fjmammal%2Fgyz043_SupplementaryDataSD1.tsv","Burger","2019","Burger","secondary","Burger_etal_2019","Mean_brain_mass_g","mass_or_volume_mixed","mass_or_volume_mixed","Brain_Mass_mass_or_volume"
"Manis javanica","Brain_Mass","g",13.7,"13.7","g","10.1093%2Fjmammal%2Fgyz043_SupplementaryDataSD1.tsv","Burger","2019","Burger","secondary","Burger_etal_2019","Mean_brain_mass_g","mass_or_volume_mixed","mass_or_volume_mixed","Brain_Mass_mass_or_volume"
"Manis pentadactyla","Brain_Mass","g",17.64,"17.64","g","10.1093%2Fjmammal%2Fgyz043_SupplementaryDataSD1.tsv","Burger","2019","Burger","secondary","Burger_etal_2019","Mean_brain_mass_g","mass_or_volume_mixed","mass_or_volume_mixed","Brain_Mass_mass_or_volume"
"Bradypus variegatus","Brain_Mass","g",16.03,"16.03","g","10.1093%2Fjmammal%2Fgyz043_SupplementaryDataSD1.tsv","Burger","2019","Burger","secondary","Burger_etal_2019","Mean_brain_mass_g","mass_or_volume_mixed","mass_or_volume_mixed","Brain_Mass_mass_or_volume"
"Choloepus hoffmanni","Brain_Mass","g",24.54,"24.54","g","10.1093%2Fjmammal%2Fgyz043_SupplementaryDataSD1.tsv","Burger","2019","Burger","secondary","Burger_etal_2019","Mean_brain_mass_g","mass_or_volume_mixed","mass_or_volume_mixed","Brain_Mass_mass_or_volume"
"Tamandua tetradactyla","Brain_Mass","g",27.5,"27.5","g","10.1093%2Fjmammal%2Fgyz043_SupplementaryDataSD1.tsv","Burger","2019","Burger","secondary","Burger_etal_2019","Mean_brain_mass_g","mass_or_volume_mixed","mass_or_volume_mixed","Brain_Mass_mass_or_volume"
"Choloepus didactylus","Brain_Mass","g",28.2,"28.2","g","10.1093%2Fjmammal%2Fgyz043_SupplementaryDataSD1.tsv","Burger","2019","Burger","secondary","Burger_etal_2019","Mean_brain_mass_g","mass_or_volume_mixed","mass_or_volume_mixed","Brain_Mass_mass_or_volume"
"Myrmecophaga tridactyla","Brain_Mass","g",84,"84","g","10.1093%2Fjmammal%2Fgyz043_SupplementaryDataSD1.tsv","Burger","2019","Burger","secondary","Burger_etal_2019","Mean_brain_mass_g","mass_or_volume_mixed","mass_or_volume_mixed","Brain_Mass_mass_or_volume"
"Cyclopes didactylus","Brain_Mass","g",4.29,"4.29","g","10.1093%2Fjmammal%2Fgyz043_SupplementaryDataSD1.tsv","Burger","2019","Burger","secondary","Burger_etal_2019","Mean_brain_mass_g","mass_or_volume_mixed","mass_or_volume_mixed","Brain_Mass_mass_or_volume"
"Bradypus tridactylus","Brain_Mass","g",24.9,"24.9","g","10.1093%2Fjmammal%2Fgyz043_SupplementaryDataSD1.tsv","Burger","2019","Burger","secondary","Burger_etal_2019","Mean_brain_mass_g","mass_or_volume_mixed","mass_or_volume_mixed","Brain_Mass_mass_or_volume"
"Microcebus rufus","Brain_Mass","g",1.716401667,"1.716401667","g","10.1093%2Fjmammal%2Fgyz043_SupplementaryDataSD1.tsv","Burger","2019","Burger","secondary","Burger_etal_2019","Mean_brain_mass_g","mass_or_volume_mixed","mass_or_volume_mixed","Brain_Mass_mass_or_volume"
"Cheirogaleus adipicaudatus","Brain_Mass","g",3.037359,"3.037359","g","10.1093%2Fjmammal%2Fgyz043_SupplementaryDataSD1.tsv","Burger","2019","Burger","secondary","Burger_etal_2019","Mean_brain_mass_g","mass_or_volume_mixed","mass_or_volume_mixed","Brain_Mass_mass_or_volume"
"Galago thomasi","Brain_Mass","g",3.1175415,"3.1175415","g","10.1093%2Fjmammal%2Fgyz043_SupplementaryDataSD1.tsv","Burger","2019","Burger","secondary","Burger_etal_2019","Mean_brain_mass_g","mass_or_volume_mixed","mass_or_volume_mixed","Brain_Mass_mass_or_volume"
"Cheirogaleus medius","Brain_Mass","g",3.34,"3.34","g","10.1093%2Fjmammal%2Fgyz043_SupplementaryDataSD1.tsv","Burger","2019","Burger","secondary","Burger_etal_2019","Mean_brain_mass_g","mass_or_volume_mixed","mass_or_volume_mixed","Brain_Mass_mass_or_volume"
"Tarsius syrichta","Brain_Mass","g",3.358721556,"3.358721556","g","10.1093%2Fjmammal%2Fgyz043_SupplementaryDataSD1.tsv","Burger","2019","Burger","secondary","Burger_etal_2019","Mean_brain_mass_g","mass_or_volume_mixed","mass_or_volume_mixed","Brain_Mass_mass_or_volume"
"Galago moholi","Brain_Mass","g",3.705247654,"3.705247654","g","10.1093%2Fjmammal%2Fgyz043_SupplementaryDataSD1.tsv","Burger","2019","Burger","secondary","Burger_etal_2019","Mean_brain_mass_g","mass_or_volume_mixed","mass_or_volume_mixed","Brain_Mass_mass_or_volume"
"Galago matschiei","Brain_Mass","g",4.621870667,"4.621870667","g","10.1093%2Fjmammal%2Fgyz043_SupplementaryDataSD1.tsv","Burger","2019","Burger","secondary","Burger_etal_2019","Mean_brain_mass_g","mass_or_volume_mixed","mass_or_volume_mixed","Brain_Mass_mass_or_volume"
"Euoticus pallidus","Brain_Mass","g",5.185675111,"5.185675111","g","10.1093%2Fjmammal%2Fgyz043_SupplementaryDataSD1.tsv","Burger","2019","Burger","secondary","Burger_etal_2019","Mean_brain_mass_g","mass_or_volume_mixed","mass_or_volume_mixed","Brain_Mass_mass_or_volume"
"Galago gabonensis","Brain_Mass","g",5.357372143,"5.357372143","g","10.1093%2Fjmammal%2Fgyz043_SupplementaryDataSD1.tsv","Burger","2019","Burger","secondary","Burger_etal_2019","Mean_brain_mass_g","mass_or_volume_mixed","mass_or_volume_mixed","Brain_Mass_mass_or_volume"
"Euoticus elegantulus","Brain_Mass","g",5.534683,"5.534683","g","10.1093%2Fjmammal%2Fgyz043_SupplementaryDataSD1.tsv","Burger","2019","Burger","secondary","Burger_etal_2019","Mean_brain_mass_g","mass_or_volume_mixed","mass_or_volume_mixed","Brain_Mass_mass_or_volume"
"Galago cameronensis","Brain_Mass","g",5.580927369,"5.580927369","g","10.1093%2Fjmammal%2Fgyz043_SupplementaryDataSD1.tsv","Burger","2019","Burger","secondary","Burger_etal_2019","Mean_brain_mass_g","mass_or_volume_mixed","mass_or_volume_mixed","Brain_Mass_mass_or_volume"
"Mirza coquereli","Brain_Mass","g",5.79587525,"5.79587525","g","10.1093%2Fjmammal%2Fgyz043_SupplementaryDataSD1.tsv","Burger","2019","Burger","secondary","Burger_etal_2019","Mean_brain_mass_g","mass_or_volume_mixed","mass_or_volume_mixed","Brain_Mass_mass_or_volume"
"Phaner pallescens","Brain_Mass","g",6.681421429,"6.681421429","g","10.1093%2Fjmammal%2Fgyz043_SupplementaryDataSD1.tsv","Burger","2019","Burger","secondary","Burger_etal_2019","Mean_brain_mass_g","mass_or_volume_mixed","mass_or_volume_mixed","Brain_Mass_mass_or_volume"
"Lepilemur dorsalis","Brain_Mass","g",6.7,"6.7","g","10.1093%2Fjmammal%2Fgyz043_SupplementaryDataSD1.tsv","Burger","2019","Burger","secondary","Burger_etal_2019","Mean_brain_mass_g","mass_or_volume_mixed","mass_or_volume_mixed","Brain_Mass_mass_or_volume"
"Lepilemur leucopus","Brain_Mass","g",6.869683333,"6.869683333","g","10.1093%2Fjmammal%2Fgyz043_SupplementaryDataSD1.tsv","Burger","2019","Burger","secondary","Burger_etal_2019","Mean_brain_mass_g","mass_or_volume_mixed","mass_or_volume_mixed","Brain_Mass_mass_or_volume"
"Arctocebus calabarensis","Brain_Mass","g",6.921393272,"6.921393272","g","10.1093%2Fjmammal%2Fgyz043_SupplementaryDataSD1.tsv","Burger","2019","Burger","secondary","Burger_etal_2019","Mean_brain_mass_g","mass_or_volume_mixed","mass_or_volume_mixed","Brain_Mass_mass_or_volume"
"Lepilemur edwardsi","Brain_Mass","g",7.25,"7.25","g","10.1093%2Fjmammal%2Fgyz043_SupplementaryDataSD1.tsv","Burger","2019","Burger","secondary","Burger_etal_2019","Mean_brain_mass_g","mass_or_volume_mixed","mass_or_volume_mixed","Brain_Mass_mass_or_volume"
"Callithrix jacchus","Brain_Mass","g",7.73,"7.73","g","10.1093%2Fjmammal%2Fgyz043_SupplementaryDataSD1.tsv","Burger","2019","Burger","secondary","Burger_etal_2019","Mean_brain_mass_g","mass_or_volume_mixed","mass_or_volume_mixed","Brain_Mass_mass_or_volume"
"Avahi occidentalis","Brain_Mass","g",7.95,"7.95","g","10.1093%2Fjmammal%2Fgyz043_SupplementaryDataSD1.tsv","Burger","2019","Burger","secondary","Burger_etal_2019","Mean_brain_mass_g","mass_or_volume_mixed","mass_or_volume_mixed","Brain_Mass_mass_or_volume"
"Lepilemur ruficaudatus","Brain_Mass","g",8.25,"8.25","g","10.1093%2Fjmammal%2Fgyz043_SupplementaryDataSD1.tsv","Burger","2019","Burger","secondary","Burger_etal_2019","Mean_brain_mass_g","mass_or_volume_mixed","mass_or_volume_mixed","Brain_Mass_mass_or_volume"
"Saguinus niger","Brain_Mass","g",9.481117691,"9.481117691","g","10.1093%2Fjmammal%2Fgyz043_SupplementaryDataSD1.tsv","Burger","2019","Burger","secondary","Burger_etal_2019","Mean_brain_mass_g","mass_or_volume_mixed","mass_or_volume_mixed","Brain_Mass_mass_or_volume"
"Saguinus pileatus","Brain_Mass","g",9.555186215,"9.555186215","g","10.1093%2Fjmammal%2Fgyz043_SupplementaryDataSD1.tsv","Burger","2019","Burger","secondary","Burger_etal_2019","Mean_brain_mass_g","mass_or_volume_mixed","mass_or_volume_mixed","Brain_Mass_mass_or_volume"
"Saguinus oedipus","Brain_Mass","g",9.64,"9.64","g","10.1093%2Fjmammal%2Fgyz043_SupplementaryDataSD1.tsv","Burger","2019","Burger","secondary","Burger_etal_2019","Mean_brain_mass_g","mass_or_volume_mixed","mass_or_volume_mixed","Brain_Mass_mass_or_volume"
"Saguinus leucopus","Brain_Mass","g",9.701980496,"9.701980496","g","10.1093%2Fjmammal%2Fgyz043_SupplementaryDataSD1.tsv","Burger","2019","Burger","secondary","Burger_etal_2019","Mean_brain_mass_g","mass_or_volume_mixed","mass_or_volume_mixed","Brain_Mass_mass_or_volume"
"Lepilemur microdon","Brain_Mass","g",9.75,"9.75","g","10.1093%2Fjmammal%2Fgyz043_SupplementaryDataSD1.tsv","Burger","2019","Burger","secondary","Burger_etal_2019","Mean_brain_mass_g","mass_or_volume_mixed","mass_or_volume_mixed","Brain_Mass_mass_or_volume"
"Saguinus midas","Brain_Mass","g",9.783900055,"9.783900055","g","10.1093%2Fjmammal%2Fgyz043_SupplementaryDataSD1.tsv","Burger","2019","Burger","secondary","Burger_etal_2019","Mean_brain_mass_g","mass_or_volume_mixed","mass_or_volume_mixed","Brain_Mass_mass_or_volume"
"Saguinus labiatus","Brain_Mass","g",10.01174938,"10.01174938","g","10.1093%2Fjmammal%2Fgyz043_SupplementaryDataSD1.tsv","Burger","2019","Burger","secondary","Burger_etal_2019","Mean_brain_mass_g","mass_or_volume_mixed","mass_or_volume_mixed","Brain_Mass_mass_or_volume"
"Otolemur monteiri","Brain_Mass","g",11.4,"11.4","g","10.1093%2Fjmammal%2Fgyz043_SupplementaryDataSD1.tsv","Burger","2019","Burger","secondary","Burger_etal_2019","Mean_brain_mass_g","mass_or_volume_mixed","mass_or_volume_mixed","Brain_Mass_mass_or_volume"
"Otolemur garnettii","Brain_Mass","g",11.49575776,"11.49575776","g","10.1093%2Fjmammal%2Fgyz043_SupplementaryDataSD1.tsv","Burger","2019","Burger","secondary","Burger_etal_2019","Mean_brain_mass_g","mass_or_volume_mixed","mass_or_volume_mixed","Brain_Mass_mass_or_volume"
"Otolemur crassicaudatus","Brain_Mass","g",11.77750484,"11.77750484","g","10.1093%2Fjmammal%2Fgyz043_SupplementaryDataSD1.tsv","Burger","2019","Burger","secondary","Burger_etal_2019","Mean_brain_mass_g","mass_or_volume_mixed","mass_or_volume_mixed","Brain_Mass_mass_or_volume"
"Leontopithecus chrysomelas","Brain_Mass","g",11.84274929,"11.84274929","g","10.1093%2Fjmammal%2Fgyz043_SupplementaryDataSD1.tsv","Burger","2019","Burger","secondary","Burger_etal_2019","Mean_brain_mass_g","mass_or_volume_mixed","mass_or_volume_mixed","Brain_Mass_mass_or_volume"
"Leontopithecus rosalia","Brain_Mass","g",13.05,"13.05","g","10.1093%2Fjmammal%2Fgyz043_SupplementaryDataSD1.tsv","Burger","2019","Burger","secondary","Burger_etal_2019","Mean_brain_mass_g","mass_or_volume_mixed","mass_or_volume_mixed","Brain_Mass_mass_or_volume"
"Hapalemur alaotrensis","Brain_Mass","g",13.8,"13.8","g","10.1093%2Fjmammal%2Fgyz043_SupplementaryDataSD1.tsv","Burger","2019","Burger","secondary","Burger_etal_2019","Mean_brain_mass_g","mass_or_volume_mixed","mass_or_volume_mixed","Brain_Mass_mass_or_volume"
"Saguinus geoffroyi","Brain_Mass","g",14.27,"14.27","g","10.1093%2Fjmammal%2Fgyz043_SupplementaryDataSD1.tsv","Burger","2019","Burger","secondary","Burger_etal_2019","Mean_brain_mass_g","mass_or_volume_mixed","mass_or_volume_mixed","Brain_Mass_mass_or_volume"
"Aotus trivirgatus","Brain_Mass","g",16.04,"16.04","g","10.1093%2Fjmammal%2Fgyz043_SupplementaryDataSD1.tsv","Burger","2019","Burger","secondary","Burger_etal_2019","Mean_brain_mass_g","mass_or_volume_mixed","mass_or_volume_mixed","Brain_Mass_mass_or_volume"
"Callicebus caligatus","Brain_Mass","g",17.25,"17.25","g","10.1093%2Fjmammal%2Fgyz043_SupplementaryDataSD1.tsv","Burger","2019","Burger","secondary","Burger_etal_2019","Mean_brain_mass_g","mass_or_volume_mixed","mass_or_volume_mixed","Brain_Mass_mass_or_volume"
"Callicebus discolor","Brain_Mass","g",17.52877484,"17.52877484","g","10.1093%2Fjmammal%2Fgyz043_SupplementaryDataSD1.tsv","Burger","2019","Burger","secondary","Burger_etal_2019","Mean_brain_mass_g","mass_or_volume_mixed","mass_or_volume_mixed","Brain_Mass_mass_or_volume"
"Callicebus lugens","Brain_Mass","g",18.97246891,"18.97246891","g","10.1093%2Fjmammal%2Fgyz043_SupplementaryDataSD1.tsv","Burger","2019","Burger","secondary","Burger_etal_2019","Mean_brain_mass_g","mass_or_volume_mixed","mass_or_volume_mixed","Brain_Mass_mass_or_volume"
"Callicebus medemi","Brain_Mass","g",19.4358771,"19.4358771","g","10.1093%2Fjmammal%2Fgyz043_SupplementaryDataSD1.tsv","Burger","2019","Burger","secondary","Burger_etal_2019","Mean_brain_mass_g","mass_or_volume_mixed","mass_or_volume_mixed","Brain_Mass_mass_or_volume"
"Callithrix geoffroyi","Brain_Mass","g",19.9,"19.9","g","10.1093%2Fjmammal%2Fgyz043_SupplementaryDataSD1.tsv","Burger","2019","Burger","secondary","Burger_etal_2019","Mean_brain_mass_g","mass_or_volume_mixed","mass_or_volume_mixed","Brain_Mass_mass_or_volume"
"Eulemur coronatus","Brain_Mass","g",20.65096286,"20.65096286","g","10.1093%2Fjmammal%2Fgyz043_SupplementaryDataSD1.tsv","Burger","2019","Burger","secondary","Burger_etal_2019","Mean_brain_mass_g","mass_or_volume_mixed","mass_or_volume_mixed","Brain_Mass_mass_or_volume"
"Eulemur albifrons","Brain_Mass","g",21.4474,"21.4474","g","10.1093%2Fjmammal%2Fgyz043_SupplementaryDataSD1.tsv","Burger","2019","Burger","secondary","Burger_etal_2019","Mean_brain_mass_g","mass_or_volume_mixed","mass_or_volume_mixed","Brain_Mass_mass_or_volume"
"Eulemur albocollaris","Brain_Mass","g",22.1,"22.1","g","10.1093%2Fjmammal%2Fgyz043_SupplementaryDataSD1.tsv","Burger","2019","Burger","secondary","Burger_etal_2019","Mean_brain_mass_g","mass_or_volume_mixed","mass_or_volume_mixed","Brain_Mass_mass_or_volume"
"Saimiri oerstedii","Brain_Mass","g",22.45,"22.45","g","10.1093%2Fjmammal%2Fgyz043_SupplementaryDataSD1.tsv","Burger","2019","Burger","secondary","Burger_etal_2019","Mean_brain_mass_g","mass_or_volume_mixed","mass_or_volume_mixed","Brain_Mass_mass_or_volume"
"Saimiri sciureus","Brain_Mass","g",23.35,"23.35","g","10.1093%2Fjmammal%2Fgyz043_SupplementaryDataSD1.tsv","Burger","2019","Burger","secondary","Burger_etal_2019","Mean_brain_mass_g","mass_or_volume_mixed","mass_or_volume_mixed","Brain_Mass_mass_or_volume"
"Eulemur rufus","Brain_Mass","g",25.39597,"25.39597","g","10.1093%2Fjmammal%2Fgyz043_SupplementaryDataSD1.tsv","Burger","2019","Burger","secondary","Burger_etal_2019","Mean_brain_mass_g","mass_or_volume_mixed","mass_or_volume_mixed","Brain_Mass_mass_or_volume"
"Propithecus deckenii","Brain_Mass","g",30.15115857,"30.15115857","g","10.1093%2Fjmammal%2Fgyz043_SupplementaryDataSD1.tsv","Burger","2019","Burger","secondary","Burger_etal_2019","Mean_brain_mass_g","mass_or_volume_mixed","mass_or_volume_mixed","Brain_Mass_mass_or_volume"
"Propithecus coquereli","Brain_Mass","g",30.1941,"30.1941","g","10.1093%2Fjmammal%2Fgyz043_SupplementaryDataSD1.tsv","Burger","2019","Burger","secondary","Burger_etal_2019","Mean_brain_mass_g","mass_or_volume_mixed","mass_or_volume_mixed","Brain_Mass_mass_or_volume"
"Varecia variegata","Brain_Mass","g",31.2,"31.2","g","10.1093%2Fjmammal%2Fgyz043_SupplementaryDataSD1.tsv","Burger","2019","Burger","secondary","Burger_etal_2019","Mean_brain_mass_g","mass_or_volume_mixed","mass_or_volume_mixed","Brain_Mass_mass_or_volume"
"Miopithecus ogouensis","Brain_Mass","g",37.35100076,"37.35100076","g","10.1093%2Fjmammal%2Fgyz043_SupplementaryDataSD1.tsv","Burger","2019","Burger","secondary","Burger_etal_2019","Mean_brain_mass_g","mass_or_volume_mixed","mass_or_volume_mixed","Brain_Mass_mass_or_volume"
"Propithecus diadema","Brain_Mass","g",39.79932123,"39.79932123","g","10.1093%2Fjmammal%2Fgyz043_SupplementaryDataSD1.tsv","Burger","2019","Burger","secondary","Burger_etal_2019","Mean_brain_mass_g","mass_or_volume_mixed","mass_or_volume_mixed","Brain_Mass_mass_or_volume"
"Alouatta seniculus","Brain_Mass","g",45.5,"45.5","g","10.1093%2Fjmammal%2Fgyz043_SupplementaryDataSD1.tsv","Burger","2019","Burger","secondary","Burger_etal_2019","Mean_brain_mass_g","mass_or_volume_mixed","mass_or_volume_mixed","Brain_Mass_mass_or_volume"
"Chiropotes satanas","Brain_Mass","g",48.3303075,"48.3303075","g","10.1093%2Fjmammal%2Fgyz043_SupplementaryDataSD1.tsv","Burger","2019","Burger","secondary","Burger_etal_2019","Mean_brain_mass_g","mass_or_volume_mixed","mass_or_volume_mixed","Brain_Mass_mass_or_volume"
"Alouatta pigra","Brain_Mass","g",51.125,"51.125","g","10.1093%2Fjmammal%2Fgyz043_SupplementaryDataSD1.tsv","Burger","2019","Burger","secondary","Burger_etal_2019","Mean_brain_mass_g","mass_or_volume_mixed","mass_or_volume_mixed","Brain_Mass_mass_or_volume"
"Procolobus verus","Brain_Mass","g",52.60038807,"52.60038807","g","10.1093%2Fjmammal%2Fgyz043_SupplementaryDataSD1.tsv","Burger","2019","Burger","secondary","Burger_etal_2019","Mean_brain_mass_g","mass_or_volume_mixed","mass_or_volume_mixed","Brain_Mass_mass_or_volume"
"Alouatta belzebul","Brain_Mass","g",52.84375,"52.84375","g","10.1093%2Fjmammal%2Fgyz043_SupplementaryDataSD1.tsv","Burger","2019","Burger","secondary","Burger_etal_2019","Mean_brain_mass_g","mass_or_volume_mixed","mass_or_volume_mixed","Brain_Mass_mass_or_volume"
"Cercopithecus petaurista","Brain_Mass","g",55.0765687,"55.0765687","g","10.1093%2Fjmammal%2Fgyz043_SupplementaryDataSD1.tsv","Burger","2019","Burger","secondary","Burger_etal_2019","Mean_brain_mass_g","mass_or_volume_mixed","mass_or_volume_mixed","Brain_Mass_mass_or_volume"
"Chiropotes israelita","Brain_Mass","g",55.13476114,"55.13476114","g","10.1093%2Fjmammal%2Fgyz043_SupplementaryDataSD1.tsv","Burger","2019","Burger","secondary","Burger_etal_2019","Mean_brain_mass_g","mass_or_volume_mixed","mass_or_volume_mixed","Brain_Mass_mass_or_volume"
"Chiropotes chiropotes","Brain_Mass","g",57.0429933,"57.0429933","g","10.1093%2Fjmammal%2Fgyz043_SupplementaryDataSD1.tsv","Burger","2019","Burger","secondary","Burger_etal_2019","Mean_brain_mass_g","mass_or_volume_mixed","mass_or_volume_mixed","Brain_Mass_mass_or_volume"
"Piliocolobus kirkii","Brain_Mass","g",57.25,"57.25","g","10.1093%2Fjmammal%2Fgyz043_SupplementaryDataSD1.tsv","Burger","2019","Burger","secondary","Burger_etal_2019","Mean_brain_mass_g","mass_or_volume_mixed","mass_or_volume_mixed","Brain_Mass_mass_or_volume"
"Allenopithecus nigroviridis","Brain_Mass","g",58.02104036,"58.02104036","g","10.1093%2Fjmammal%2Fgyz043_SupplementaryDataSD1.tsv","Burger","2019","Burger","secondary","Burger_etal_2019","Mean_brain_mass_g","mass_or_volume_mixed","mass_or_volume_mixed","Brain_Mass_mass_or_volume"
"Cercopithecus pogonias","Brain_Mass","g",59.56481481,"59.56481481","g","10.1093%2Fjmammal%2Fgyz043_SupplementaryDataSD1.tsv","Burger","2019","Burger","secondary","Burger_etal_2019","Mean_brain_mass_g","mass_or_volume_mixed","mass_or_volume_mixed","Brain_Mass_mass_or_volume"
"Presbytis siamensis","Brain_Mass","g",60.9420844,"60.9420844","g","10.1093%2Fjmammal%2Fgyz043_SupplementaryDataSD1.tsv","Burger","2019","Burger","secondary","Burger_etal_2019","Mean_brain_mass_g","mass_or_volume_mixed","mass_or_volume_mixed","Brain_Mass_mass_or_volume"
"Alouatta macconnelli","Brain_Mass","g",61.33078407,"61.33078407","g","10.1093%2Fjmammal%2Fgyz043_SupplementaryDataSD1.tsv","Burger","2019","Burger","secondary","Burger_etal_2019","Mean_brain_mass_g","mass_or_volume_mixed","mass_or_volume_mixed","Brain_Mass_mass_or_volume"
"Cercopithecus wolfi","Brain_Mass","g",61.45,"61.45","g","10.1093%2Fjmammal%2Fgyz043_SupplementaryDataSD1.tsv","Burger","2019","Burger","secondary","Burger_etal_2019","Mean_brain_mass_g","mass_or_volume_mixed","mass_or_volume_mixed","Brain_Mass_mass_or_volume"
"Chlorocebus pygerythrus","Brain_Mass","g",62.57741972,"62.57741972","g","10.1093%2Fjmammal%2Fgyz043_SupplementaryDataSD1.tsv","Burger","2019","Burger","secondary","Burger_etal_2019","Mean_brain_mass_g","mass_or_volume_mixed","mass_or_volume_mixed","Brain_Mass_mass_or_volume"
"Cebus albifrons","Brain_Mass","g",62.95,"62.95","g","10.1093%2Fjmammal%2Fgyz043_SupplementaryDataSD1.tsv","Burger","2019","Burger","secondary","Burger_etal_2019","Mean_brain_mass_g","mass_or_volume_mixed","mass_or_volume_mixed","Brain_Mass_mass_or_volume"
"Chlorocebus aethiops","Brain_Mass","g",64.13,"64.13","g","10.1093%2Fjmammal%2Fgyz043_SupplementaryDataSD1.tsv","Burger","2019","Burger","secondary","Burger_etal_2019","Mean_brain_mass_g","mass_or_volume_mixed","mass_or_volume_mixed","Brain_Mass_mass_or_volume"
"Cebus libidinosus","Brain_Mass","g",64.68541627,"64.68541627","g","10.1093%2Fjmammal%2Fgyz043_SupplementaryDataSD1.tsv","Burger","2019","Burger","secondary","Burger_etal_2019","Mean_brain_mass_g","mass_or_volume_mixed","mass_or_volume_mixed","Brain_Mass_mass_or_volume"
"Chlorocebus sabaeus","Brain_Mass","g",64.91330945,"64.91330945","g","10.1093%2Fjmammal%2Fgyz043_SupplementaryDataSD1.tsv","Burger","2019","Burger","secondary","Burger_etal_2019","Mean_brain_mass_g","mass_or_volume_mixed","mass_or_volume_mixed","Brain_Mass_mass_or_volume"
"Cercopithecus doggetti","Brain_Mass","g",65.35648964,"65.35648964","g","10.1093%2Fjmammal%2Fgyz043_SupplementaryDataSD1.tsv","Burger","2019","Burger","secondary","Burger_etal_2019","Mean_brain_mass_g","mass_or_volume_mixed","mass_or_volume_mixed","Brain_Mass_mass_or_volume"
"Cercopithecus hamlyni","Brain_Mass","g",65.9,"65.9","g","10.1093%2Fjmammal%2Fgyz043_SupplementaryDataSD1.tsv","Burger","2019","Burger","secondary","Burger_etal_2019","Mean_brain_mass_g","mass_or_volume_mixed","mass_or_volume_mixed","Brain_Mass_mass_or_volume"
"Cebus xanthosternos","Brain_Mass","g",66.08735914,"66.08735914","g","10.1093%2Fjmammal%2Fgyz043_SupplementaryDataSD1.tsv","Burger","2019","Burger","secondary","Burger_etal_2019","Mean_brain_mass_g","mass_or_volume_mixed","mass_or_volume_mixed","Brain_Mass_mass_or_volume"
"Macaca fascicularis","Brain_Mass","g",66.93,"66.93","g","10.1093%2Fjmammal%2Fgyz043_SupplementaryDataSD1.tsv","Burger","2019","Burger","secondary","Burger_etal_2019","Mean_brain_mass_g","mass_or_volume_mixed","mass_or_volume_mixed","Brain_Mass_mass_or_volume"
"Cebus nigritus","Brain_Mass","g",67.06601569,"67.06601569","g","10.1093%2Fjmammal%2Fgyz043_SupplementaryDataSD1.tsv","Burger","2019","Burger","secondary","Burger_etal_2019","Mean_brain_mass_g","mass_or_volume_mixed","mass_or_volume_mixed","Brain_Mass_mass_or_volume"
"Cercopithecus albogularis","Brain_Mass","g",70.09979995,"70.09979995","g","10.1093%2Fjmammal%2Fgyz043_SupplementaryDataSD1.tsv","Burger","2019","Burger","secondary","Burger_etal_2019","Mean_brain_mass_g","mass_or_volume_mixed","mass_or_volume_mixed","Brain_Mass_mass_or_volume"
"Cebus capucinus","Brain_Mass","g",70.14,"70.14","g","10.1093%2Fjmammal%2Fgyz043_SupplementaryDataSD1.tsv","Burger","2019","Burger","secondary","Burger_etal_2019","Mean_brain_mass_g","mass_or_volume_mixed","mass_or_volume_mixed","Brain_Mass_mass_or_volume"
"Piliocolobus tephrosceles","Brain_Mass","g",70.95189469,"70.95189469","g","10.1093%2Fjmammal%2Fgyz043_SupplementaryDataSD1.tsv","Burger","2019","Burger","secondary","Burger_etal_2019","Mean_brain_mass_g","mass_or_volume_mixed","mass_or_volume_mixed","Brain_Mass_mass_or_volume"
"Presbytis rubicunda","Brain_Mass","g",71.01506525,"71.01506525","g","10.1093%2Fjmammal%2Fgyz043_SupplementaryDataSD1.tsv","Burger","2019","Burger","secondary","Burger_etal_2019","Mean_brain_mass_g","mass_or_volume_mixed","mass_or_volume_mixed","Brain_Mass_mass_or_volume"
"Cercopithecus nictitans","Brain_Mass","g",71.125,"71.125","g","10.1093%2Fjmammal%2Fgyz043_SupplementaryDataSD1.tsv","Burger","2019","Burger","secondary","Burger_etal_2019","Mean_brain_mass_g","mass_or_volume_mixed","mass_or_volume_mixed","Brain_Mass_mass_or_volume"
"Sapajus apella","Brain_Mass","g",71.3,"71.3","g","10.1093%2Fjmammal%2Fgyz043_SupplementaryDataSD1.tsv","Burger","2019","Burger","secondary","Burger_etal_2019","Mean_brain_mass_g","mass_or_volume_mixed","mass_or_volume_mixed","Brain_Mass_mass_or_volume"
"Presbytis chrysomelas","Brain_Mass","g",72.11214505,"72.11214505","g","10.1093%2Fjmammal%2Fgyz043_SupplementaryDataSD1.tsv","Burger","2019","Burger","secondary","Burger_etal_2019","Mean_brain_mass_g","mass_or_volume_mixed","mass_or_volume_mixed","Brain_Mass_mass_or_volume"
"Trachypithecus phayrei","Brain_Mass","g",72.84012102,"72.84012102","g","10.1093%2Fjmammal%2Fgyz043_SupplementaryDataSD1.tsv","Burger","2019","Burger","secondary","Burger_etal_2019","Mean_brain_mass_g","mass_or_volume_mixed","mass_or_volume_mixed","Brain_Mass_mass_or_volume"
"Presbytis thomasi","Brain_Mass","g",72.9324425,"72.9324425","g","10.1093%2Fjmammal%2Fgyz043_SupplementaryDataSD1.tsv","Burger","2019","Burger","secondary","Burger_etal_2019","Mean_brain_mass_g","mass_or_volume_mixed","mass_or_volume_mixed","Brain_Mass_mass_or_volume"
"Colobus vellerosus","Brain_Mass","g",73.07082038,"73.07082038","g","10.1093%2Fjmammal%2Fgyz043_SupplementaryDataSD1.tsv","Burger","2019","Burger","secondary","Burger_etal_2019","Mean_brain_mass_g","mass_or_volume_mixed","mass_or_volume_mixed","Brain_Mass_mass_or_volume"
"Presbytis femoralis","Brain_Mass","g",73.73566609,"73.73566609","g","10.1093%2Fjmammal%2Fgyz043_SupplementaryDataSD1.tsv","Burger","2019","Burger","secondary","Burger_etal_2019","Mean_brain_mass_g","mass_or_volume_mixed","mass_or_volume_mixed","Brain_Mass_mass_or_volume"
"Cercopithecus lhoesti","Brain_Mass","g",74.2,"74.2","g","10.1093%2Fjmammal%2Fgyz043_SupplementaryDataSD1.tsv","Burger","2019","Burger","secondary","Burger_etal_2019","Mean_brain_mass_g","mass_or_volume_mixed","mass_or_volume_mixed","Brain_Mass_mass_or_volume"
"Colobus satanas","Brain_Mass","g",74.9,"74.9","g","10.1093%2Fjmammal%2Fgyz043_SupplementaryDataSD1.tsv","Burger","2019","Burger","secondary","Burger_etal_2019","Mean_brain_mass_g","mass_or_volume_mixed","mass_or_volume_mixed","Brain_Mass_mass_or_volume"
"Presbytis frontata","Brain_Mass","g",81.016855,"81.016855","g","10.1093%2Fjmammal%2Fgyz043_SupplementaryDataSD1.tsv","Burger","2019","Burger","secondary","Burger_etal_2019","Mean_brain_mass_g","mass_or_volume_mixed","mass_or_volume_mixed","Brain_Mass_mass_or_volume"
"Macaca cyclopis","Brain_Mass","g",82,"82","g","10.1093%2Fjmammal%2Fgyz043_SupplementaryDataSD1.tsv","Burger","2019","Burger","secondary","Burger_etal_2019","Mean_brain_mass_g","mass_or_volume_mixed","mass_or_volume_mixed","Brain_Mass_mass_or_volume"
"Pygathrix nigripes","Brain_Mass","g",82.74758167,"82.74758167","g","10.1093%2Fjmammal%2Fgyz043_SupplementaryDataSD1.tsv","Burger","2019","Burger","secondary","Burger_etal_2019","Mean_brain_mass_g","mass_or_volume_mixed","mass_or_volume_mixed","Brain_Mass_mass_or_volume"
"Semnopithecus priam","Brain_Mass","g",83.06847425,"83.06847425","g","10.1093%2Fjmammal%2Fgyz043_SupplementaryDataSD1.tsv","Burger","2019","Burger","secondary","Burger_etal_2019","Mean_brain_mass_g","mass_or_volume_mixed","mass_or_volume_mixed","Brain_Mass_mass_or_volume"
"Hylobates pileatus","Brain_Mass","g",84.68518519,"84.68518519","g","10.1093%2Fjmammal%2Fgyz043_SupplementaryDataSD1.tsv","Burger","2019","Burger","secondary","Burger_etal_2019","Mean_brain_mass_g","mass_or_volume_mixed","mass_or_volume_mixed","Brain_Mass_mass_or_volume"
"Macaca silenus","Brain_Mass","g",85,"85","g","10.1093%2Fjmammal%2Fgyz043_SupplementaryDataSD1.tsv","Burger","2019","Burger","secondary","Burger_etal_2019","Mean_brain_mass_g","mass_or_volume_mixed","mass_or_volume_mixed","Brain_Mass_mass_or_volume"
"Macaca leonina","Brain_Mass","g",85.59808114,"85.59808114","g","10.1093%2Fjmammal%2Fgyz043_SupplementaryDataSD1.tsv","Burger","2019","Burger","secondary","Burger_etal_2019","Mean_brain_mass_g","mass_or_volume_mixed","mass_or_volume_mixed","Brain_Mass_mass_or_volume"
"Macaca mulatta","Brain_Mass","g",87.99,"87.99","g","10.1093%2Fjmammal%2Fgyz043_SupplementaryDataSD1.tsv","Burger","2019","Burger","secondary","Burger_etal_2019","Mean_brain_mass_g","mass_or_volume_mixed","mass_or_volume_mixed","Brain_Mass_mass_or_volume"
"Hylobates klossii","Brain_Mass","g",87.9912525,"87.9912525","g","10.1093%2Fjmammal%2Fgyz043_SupplementaryDataSD1.tsv","Burger","2019","Burger","secondary","Burger_etal_2019","Mean_brain_mass_g","mass_or_volume_mixed","mass_or_volume_mixed","Brain_Mass_mass_or_volume"
"Hylobates agilis","Brain_Mass","g",88.1,"88.1","g","10.1093%2Fjmammal%2Fgyz043_SupplementaryDataSD1.tsv","Burger","2019","Burger","secondary","Burger_etal_2019","Mean_brain_mass_g","mass_or_volume_mixed","mass_or_volume_mixed","Brain_Mass_mass_or_volume"
"Semnopithecus dussumieri","Brain_Mass","g",90.09252244,"90.09252244","g","10.1093%2Fjmammal%2Fgyz043_SupplementaryDataSD1.tsv","Burger","2019","Burger","secondary","Burger_etal_2019","Mean_brain_mass_g","mass_or_volume_mixed","mass_or_volume_mixed","Brain_Mass_mass_or_volume"
"Hylobates lar","Brain_Mass","g",93.99,"93.99","g","10.1093%2Fjmammal%2Fgyz043_SupplementaryDataSD1.tsv","Burger","2019","Burger","secondary","Burger_etal_2019","Mean_brain_mass_g","mass_or_volume_mixed","mass_or_volume_mixed","Brain_Mass_mass_or_volume"
"Trachypithecus francoisi","Brain_Mass","g",94.4,"94.4","g","10.1093%2Fjmammal%2Fgyz043_SupplementaryDataSD1.tsv","Burger","2019","Burger","secondary","Burger_etal_2019","Mean_brain_mass_g","mass_or_volume_mixed","mass_or_volume_mixed","Brain_Mass_mass_or_volume"
"Macaca maura","Brain_Mass","g",94.48,"94.48","g","10.1093%2Fjmammal%2Fgyz043_SupplementaryDataSD1.tsv","Burger","2019","Burger","secondary","Burger_etal_2019","Mean_brain_mass_g","mass_or_volume_mixed","mass_or_volume_mixed","Brain_Mass_mass_or_volume"
"Hylobates muelleri","Brain_Mass","g",95.31,"95.31","g","10.1093%2Fjmammal%2Fgyz043_SupplementaryDataSD1.tsv","Burger","2019","Burger","secondary","Burger_etal_2019","Mean_brain_mass_g","mass_or_volume_mixed","mass_or_volume_mixed","Brain_Mass_mass_or_volume"
"Macaca ochreata","Brain_Mass","g",97.98,"97.98","g","10.1093%2Fjmammal%2Fgyz043_SupplementaryDataSD1.tsv","Burger","2019","Burger","secondary","Burger_etal_2019","Mean_brain_mass_g","mass_or_volume_mixed","mass_or_volume_mixed","Brain_Mass_mass_or_volume"
"Ateles chamek","Brain_Mass","g",99,"99","g","10.1093%2Fjmammal%2Fgyz043_SupplementaryDataSD1.tsv","Burger","2019","Burger","secondary","Burger_etal_2019","Mean_brain_mass_g","mass_or_volume_mixed","mass_or_volume_mixed","Brain_Mass_mass_or_volume"
"Cercocebus galeritus","Brain_Mass","g",99.07042,"99.07042","g","10.1093%2Fjmammal%2Fgyz043_SupplementaryDataSD1.tsv","Burger","2019","Burger","secondary","Burger_etal_2019","Mean_brain_mass_g","mass_or_volume_mixed","mass_or_volume_mixed","Brain_Mass_mass_or_volume"
"Lagothrix cana","Brain_Mass","g",99.3440883,"99.3440883","g","10.1093%2Fjmammal%2Fgyz043_SupplementaryDataSD1.tsv","Burger","2019","Burger","secondary","Burger_etal_2019","Mean_brain_mass_g","mass_or_volume_mixed","mass_or_volume_mixed","Brain_Mass_mass_or_volume"
"Erythrocebus patas","Brain_Mass","g",100.2,"100.2","g","10.1093%2Fjmammal%2Fgyz043_SupplementaryDataSD1.tsv","Burger","2019","Burger","secondary","Burger_etal_2019","Mean_brain_mass_g","mass_or_volume_mixed","mass_or_volume_mixed","Brain_Mass_mass_or_volume"
"Macaca arctoides","Brain_Mass","g",100.7,"100.7","g","10.1093%2Fjmammal%2Fgyz043_SupplementaryDataSD1.tsv","Burger","2019","Burger","secondary","Burger_etal_2019","Mean_brain_mass_g","mass_or_volume_mixed","mass_or_volume_mixed","Brain_Mass_mass_or_volume"
"Lophocebus aterrimus","Brain_Mass","g",101.59092,"101.59092","g","10.1093%2Fjmammal%2Fgyz043_SupplementaryDataSD1.tsv","Burger","2019","Burger","secondary","Burger_etal_2019","Mean_brain_mass_g","mass_or_volume_mixed","mass_or_volume_mixed","Brain_Mass_mass_or_volume"
"Ateles hybridus","Brain_Mass","g",103.0541476,"103.0541476","g","10.1093%2Fjmammal%2Fgyz043_SupplementaryDataSD1.tsv","Burger","2019","Burger","secondary","Burger_etal_2019","Mean_brain_mass_g","mass_or_volume_mixed","mass_or_volume_mixed","Brain_Mass_mass_or_volume"
"Trachypithecus pileatus","Brain_Mass","g",103.6408481,"103.6408481","g","10.1093%2Fjmammal%2Fgyz043_SupplementaryDataSD1.tsv","Burger","2019","Burger","secondary","Burger_etal_2019","Mean_brain_mass_g","mass_or_volume_mixed","mass_or_volume_mixed","Brain_Mass_mass_or_volume"
"Ateles geoffroyi","Brain_Mass","g",104.96,"104.96","g","10.1093%2Fjmammal%2Fgyz043_SupplementaryDataSD1.tsv","Burger","2019","Burger","secondary","Burger_etal_2019","Mean_brain_mass_g","mass_or_volume_mixed","mass_or_volume_mixed","Brain_Mass_mass_or_volume"
"Cercocebus torquatus","Brain_Mass","g",105.9883346,"105.9883346","g","10.1093%2Fjmammal%2Fgyz043_SupplementaryDataSD1.tsv","Burger","2019","Burger","secondary","Burger_etal_2019","Mean_brain_mass_g","mass_or_volume_mixed","mass_or_volume_mixed","Brain_Mass_mass_or_volume"
"Ateles paniscus","Brain_Mass","g",108.96,"108.96","g","10.1093%2Fjmammal%2Fgyz043_SupplementaryDataSD1.tsv","Burger","2019","Burger","secondary","Burger_etal_2019","Mean_brain_mass_g","mass_or_volume_mixed","mass_or_volume_mixed","Brain_Mass_mass_or_volume"
"Bunopithecus hoolock","Brain_Mass","g",110.6803571,"110.6803571","g","10.1093%2Fjmammal%2Fgyz043_SupplementaryDataSD1.tsv","Burger","2019","Burger","secondary","Burger_etal_2019","Mean_brain_mass_g","mass_or_volume_mixed","mass_or_volume_mixed","Brain_Mass_mass_or_volume"
"Aotus lemurinus","Brain_Mass","g",113.5,"113.5","g","10.1093%2Fjmammal%2Fgyz043_SupplementaryDataSD1.tsv","Burger","2019","Burger","secondary","Burger_etal_2019","Mean_brain_mass_g","mass_or_volume_mixed","mass_or_volume_mixed","Brain_Mass_mass_or_volume"
"Ateles fusciceps","Brain_Mass","g",113.6,"113.6","g","10.1093%2Fjmammal%2Fgyz043_SupplementaryDataSD1.tsv","Burger","2019","Burger","secondary","Burger_etal_2019","Mean_brain_mass_g","mass_or_volume_mixed","mass_or_volume_mixed","Brain_Mass_mass_or_volume"
"Rhinopithecus roxellana","Brain_Mass","g",117.75699,"117.75699","g","10.1093%2Fjmammal%2Fgyz043_SupplementaryDataSD1.tsv","Burger","2019","Burger","secondary","Burger_etal_2019","Mean_brain_mass_g","mass_or_volume_mixed","mass_or_volume_mixed","Brain_Mass_mass_or_volume"
"Nomascus gabriellae","Brain_Mass","g",119.375,"119.375","g","10.1093%2Fjmammal%2Fgyz043_SupplementaryDataSD1.tsv","Burger","2019","Burger","secondary","Burger_etal_2019","Mean_brain_mass_g","mass_or_volume_mixed","mass_or_volume_mixed","Brain_Mass_mass_or_volume"
"Semnopithecus schistaceus","Brain_Mass","g",129.2495323,"129.2495323","g","10.1093%2Fjmammal%2Fgyz043_SupplementaryDataSD1.tsv","Burger","2019","Burger","secondary","Burger_etal_2019","Mean_brain_mass_g","mass_or_volume_mixed","mass_or_volume_mixed","Brain_Mass_mass_or_volume"
"Semnopithecus ajax","Brain_Mass","g",132.0574198,"132.0574198","g","10.1093%2Fjmammal%2Fgyz043_SupplementaryDataSD1.tsv","Burger","2019","Burger","secondary","Burger_etal_2019","Mean_brain_mass_g","mass_or_volume_mixed","mass_or_volume_mixed","Brain_Mass_mass_or_volume"
"Symphalangus syndactylus","Brain_Mass","g",134.8,"134.8","g","10.1093%2Fjmammal%2Fgyz043_SupplementaryDataSD1.tsv","Burger","2019","Burger","secondary","Burger_etal_2019","Mean_brain_mass_g","mass_or_volume_mixed","mass_or_volume_mixed","Brain_Mass_mass_or_volume"
"Papio papio","Brain_Mass","g",142.5,"142.5","g","10.1093%2Fjmammal%2Fgyz043_SupplementaryDataSD1.tsv","Burger","2019","Burger","secondary","Burger_etal_2019","Mean_brain_mass_g","mass_or_volume_mixed","mass_or_volume_mixed","Brain_Mass_mass_or_volume"
"Mandrillus leucophaeus","Brain_Mass","g",148,"148","g","10.1093%2Fjmammal%2Fgyz043_SupplementaryDataSD1.tsv","Burger","2019","Burger","secondary","Burger_etal_2019","Mean_brain_mass_g","mass_or_volume_mixed","mass_or_volume_mixed","Brain_Mass_mass_or_volume"
"Pan paniscus","Brain_Mass","g",329.7,"329.7","g","10.1093%2Fjmammal%2Fgyz043_SupplementaryDataSD1.tsv","Burger","2019","Burger","secondary","Burger_etal_2019","Mean_brain_mass_g","mass_or_volume_mixed","mass_or_volume_mixed","Brain_Mass_mass_or_volume"
"Pongo pygmaeus","Brain_Mass","g",341.99,"341.99","g","10.1093%2Fjmammal%2Fgyz043_SupplementaryDataSD1.tsv","Burger","2019","Burger","secondary","Burger_etal_2019","Mean_brain_mass_g","mass_or_volume_mixed","mass_or_volume_mixed","Brain_Mass_mass_or_volume"
"Pan troglodytes","Brain_Mass","g",354.81,"354.81","g","10.1093%2Fjmammal%2Fgyz043_SupplementaryDataSD1.tsv","Burger","2019","Burger","secondary","Burger_etal_2019","Mean_brain_mass_g","mass_or_volume_mixed","mass_or_volume_mixed","Brain_Mass_mass_or_volume"
"Gorilla gorilla","Brain_Mass","g",454.55,"454.55","g","10.1093%2Fjmammal%2Fgyz043_SupplementaryDataSD1.tsv","Burger","2019","Burger","secondary","Burger_etal_2019","Mean_brain_mass_g","mass_or_volume_mixed","mass_or_volume_mixed","Brain_Mass_mass_or_volume"
"Homo sapiens","Brain_Mass","g",1250.43,"1250.43","g","10.1093%2Fjmammal%2Fgyz043_SupplementaryDataSD1.tsv","Burger","2019","Burger","secondary","Burger_etal_2019","Mean_brain_mass_g","mass_or_volume_mixed","mass_or_volume_mixed","Brain_Mass_mass_or_volume"
"Pongo sp.","Brain_Mass","g",389.495,"389.495","g","10.1093%2Fjmammal%2Fgyz043_SupplementaryDataSD1.tsv","Burger","2019","Burger","secondary","Burger_etal_2019","Mean_brain_mass_g","mass_or_volume_mixed","mass_or_volume_mixed","Brain_Mass_mass_or_volume"
"Gorilla beringei","Brain_Mass","g",491.27,"491.27","g","10.1093%2Fjmammal%2Fgyz043_SupplementaryDataSD1.tsv","Burger","2019","Burger","secondary","Burger_etal_2019","Mean_brain_mass_g","mass_or_volume_mixed","mass_or_volume_mixed","Brain_Mass_mass_or_volume"
"Callithrix pygmaea","Brain_Mass","g",4.64,"4.64","g","10.1093%2Fjmammal%2Fgyz043_SupplementaryDataSD1.tsv","Burger","2019","Burger","secondary","Burger_etal_2019","Mean_brain_mass_g","mass_or_volume_mixed","mass_or_volume_mixed","Brain_Mass_mass_or_volume"
"Galago senegalensis","Brain_Mass","g",5.9,"5.9","g","10.1093%2Fjmammal%2Fgyz043_SupplementaryDataSD1.tsv","Burger","2019","Burger","secondary","Burger_etal_2019","Mean_brain_mass_g","mass_or_volume_mixed","mass_or_volume_mixed","Brain_Mass_mass_or_volume"
"Loris tardigradus","Brain_Mass","g",6,"6","g","10.1093%2Fjmammal%2Fgyz043_SupplementaryDataSD1.tsv","Burger","2019","Burger","secondary","Burger_etal_2019","Mean_brain_mass_g","mass_or_volume_mixed","mass_or_volume_mixed","Brain_Mass_mass_or_volume"
"Perodicticus potto","Brain_Mass","g",12.07,"12.07","g","10.1093%2Fjmammal%2Fgyz043_SupplementaryDataSD1.tsv","Burger","2019","Burger","secondary","Burger_etal_2019","Mean_brain_mass_g","mass_or_volume_mixed","mass_or_volume_mixed","Brain_Mass_mass_or_volume"
"Tarsius bancanus","Brain_Mass","g",2.7,"2.7","g","10.1093%2Fjmammal%2Fgyz043_SupplementaryDataSD1.tsv","Burger","2019","Burger","secondary","Burger_etal_2019","Mean_brain_mass_g","mass_or_volume_mixed","mass_or_volume_mixed","Brain_Mass_mass_or_volume"
"Nycticebus pygmaeus","Brain_Mass","g",7.8,"7.8","g","10.1093%2Fjmammal%2Fgyz043_SupplementaryDataSD1.tsv","Burger","2019","Burger","secondary","Burger_etal_2019","Mean_brain_mass_g","mass_or_volume_mixed","mass_or_volume_mixed","Brain_Mass_mass_or_volume"
"Saimiri boliviensis","Brain_Mass","g",24.06,"24.06","g","10.1093%2Fjmammal%2Fgyz043_SupplementaryDataSD1.tsv","Burger","2019","Burger","secondary","Burger_etal_2019","Mean_brain_mass_g","mass_or_volume_mixed","mass_or_volume_mixed","Brain_Mass_mass_or_volume"
"Colobus guereza","Brain_Mass","g",83.9,"83.9","g","10.1093%2Fjmammal%2Fgyz043_SupplementaryDataSD1.tsv","Burger","2019","Burger","secondary","Burger_etal_2019","Mean_brain_mass_g","mass_or_volume_mixed","mass_or_volume_mixed","Brain_Mass_mass_or_volume"
"Cercocebus agilis","Brain_Mass","g",95.3,"95.3","g","10.1093%2Fjmammal%2Fgyz043_SupplementaryDataSD1.tsv","Burger","2019","Burger","secondary","Burger_etal_2019","Mean_brain_mass_g","mass_or_volume_mixed","mass_or_volume_mixed","Brain_Mass_mass_or_volume"
"Macaca nigra","Brain_Mass","g",97.5,"97.5","g","10.1093%2Fjmammal%2Fgyz043_SupplementaryDataSD1.tsv","Burger","2019","Burger","secondary","Burger_etal_2019","Mean_brain_mass_g","mass_or_volume_mixed","mass_or_volume_mixed","Brain_Mass_mass_or_volume"
"Theropithecus gelada","Brain_Mass","g",130,"130","g","10.1093%2Fjmammal%2Fgyz043_SupplementaryDataSD1.tsv","Burger","2019","Burger","secondary","Burger_etal_2019","Mean_brain_mass_g","mass_or_volume_mixed","mass_or_volume_mixed","Brain_Mass_mass_or_volume"
"Mandrillus sphinx","Brain_Mass","g",159.2,"159.2","g","10.1093%2Fjmammal%2Fgyz043_SupplementaryDataSD1.tsv","Burger","2019","Burger","secondary","Burger_etal_2019","Mean_brain_mass_g","mass_or_volume_mixed","mass_or_volume_mixed","Brain_Mass_mass_or_volume"
"Tarsius dentatus","Brain_Mass","g",2.995447,"2.995447","g","10.1093%2Fjmammal%2Fgyz043_SupplementaryDataSD1.tsv","Burger","2019","Burger","secondary","Burger_etal_2019","Mean_brain_mass_g","mass_or_volume_mixed","mass_or_volume_mixed","Brain_Mass_mass_or_volume"
"Phaner electromontis","Brain_Mass","g",7.2,"7.2","g","10.1093%2Fjmammal%2Fgyz043_SupplementaryDataSD1.tsv","Burger","2019","Burger","secondary","Burger_etal_2019","Mean_brain_mass_g","mass_or_volume_mixed","mass_or_volume_mixed","Brain_Mass_mass_or_volume"
"Hapalemur occidentalis","Brain_Mass","g",14.2,"14.2","g","10.1093%2Fjmammal%2Fgyz043_SupplementaryDataSD1.tsv","Burger","2019","Burger","secondary","Burger_etal_2019","Mean_brain_mass_g","mass_or_volume_mixed","mass_or_volume_mixed","Brain_Mass_mass_or_volume"
"Callicebus regulus","Brain_Mass","g",23,"23","g","10.1093%2Fjmammal%2Fgyz043_SupplementaryDataSD1.tsv","Burger","2019","Burger","secondary","Burger_etal_2019","Mean_brain_mass_g","mass_or_volume_mixed","mass_or_volume_mixed","Brain_Mass_mass_or_volume"
"Varecia rubra","Brain_Mass","g",31.08391333,"31.08391333","g","10.1093%2Fjmammal%2Fgyz043_SupplementaryDataSD1.tsv","Burger","2019","Burger","secondary","Burger_etal_2019","Mean_brain_mass_g","mass_or_volume_mixed","mass_or_volume_mixed","Brain_Mass_mass_or_volume"
"Presbytis potenziani","Brain_Mass","g",57,"57","g","10.1093%2Fjmammal%2Fgyz043_SupplementaryDataSD1.tsv","Burger","2019","Burger","secondary","Burger_etal_2019","Mean_brain_mass_g","mass_or_volume_mixed","mass_or_volume_mixed","Brain_Mass_mass_or_volume"
"Presbytis natunae","Brain_Mass","g",57.19,"57.19","g","10.1093%2Fjmammal%2Fgyz043_SupplementaryDataSD1.tsv","Burger","2019","Burger","secondary","Burger_etal_2019","Mean_brain_mass_g","mass_or_volume_mixed","mass_or_volume_mixed","Brain_Mass_mass_or_volume"
"Alouatta sara","Brain_Mass","g",59.08333333,"59.08333333","g","10.1093%2Fjmammal%2Fgyz043_SupplementaryDataSD1.tsv","Burger","2019","Burger","secondary","Burger_etal_2019","Mean_brain_mass_g","mass_or_volume_mixed","mass_or_volume_mixed","Brain_Mass_mass_or_volume"
"Presbytis hosei","Brain_Mass","g",60,"60","g","10.1093%2Fjmammal%2Fgyz043_SupplementaryDataSD1.tsv","Burger","2019","Burger","secondary","Burger_etal_2019","Mean_brain_mass_g","mass_or_volume_mixed","mass_or_volume_mixed","Brain_Mass_mass_or_volume"
"Trachypithecus auratus","Brain_Mass","g",63.6,"63.6","g","10.1093%2Fjmammal%2Fgyz043_SupplementaryDataSD1.tsv","Burger","2019","Burger","secondary","Burger_etal_2019","Mean_brain_mass_g","mass_or_volume_mixed","mass_or_volume_mixed","Brain_Mass_mass_or_volume"
"Macaca tonkeana","Brain_Mass","g",93.7,"93.7","g","10.1093%2Fjmammal%2Fgyz043_SupplementaryDataSD1.tsv","Burger","2019","Burger","secondary","Burger_etal_2019","Mean_brain_mass_g","mass_or_volume_mixed","mass_or_volume_mixed","Brain_Mass_mass_or_volume"
"Macaca hecki","Brain_Mass","g",94.6,"94.6","g","10.1093%2Fjmammal%2Fgyz043_SupplementaryDataSD1.tsv","Burger","2019","Burger","secondary","Burger_etal_2019","Mean_brain_mass_g","mass_or_volume_mixed","mass_or_volume_mixed","Brain_Mass_mass_or_volume"
"Nycticebus coucang","Brain_Mass","g",12.74,"12.74","g","10.1093%2Fjmammal%2Fgyz043_SupplementaryDataSD1.tsv","Burger","2019","Burger","secondary","Burger_etal_2019","Mean_brain_mass_g","mass_or_volume_mixed","mass_or_volume_mixed","Brain_Mass_mass_or_volume"
"Alouatta palliata","Brain_Mass","g",50.04,"50.04","g","10.1093%2Fjmammal%2Fgyz043_SupplementaryDataSD1.tsv","Burger","2019","Burger","secondary","Burger_etal_2019","Mean_brain_mass_g","mass_or_volume_mixed","mass_or_volume_mixed","Brain_Mass_mass_or_volume"
"Cercopithecus mona","Brain_Mass","g",67,"67","g","10.1093%2Fjmammal%2Fgyz043_SupplementaryDataSD1.tsv","Burger","2019","Burger","secondary","Burger_etal_2019","Mean_brain_mass_g","mass_or_volume_mixed","mass_or_volume_mixed","Brain_Mass_mass_or_volume"
"Colobus angolensis","Brain_Mass","g",74.4,"74.4","g","10.1093%2Fjmammal%2Fgyz043_SupplementaryDataSD1.tsv","Burger","2019","Burger","secondary","Burger_etal_2019","Mean_brain_mass_g","mass_or_volume_mixed","mass_or_volume_mixed","Brain_Mass_mass_or_volume"
"Papio hamadryas","Brain_Mass","g",142,"142","g","10.1093%2Fjmammal%2Fgyz043_SupplementaryDataSD1.tsv","Burger","2019","Burger","secondary","Burger_etal_2019","Mean_brain_mass_g","mass_or_volume_mixed","mass_or_volume_mixed","Brain_Mass_mass_or_volume"
"Galago granti","Brain_Mass","g",4.073808,"4.073808","g","10.1093%2Fjmammal%2Fgyz043_SupplementaryDataSD1.tsv","Burger","2019","Burger","secondary","Burger_etal_2019","Mean_brain_mass_g","mass_or_volume_mixed","mass_or_volume_mixed","Brain_Mass_mass_or_volume"
"Cheirogaleus sibreei","Brain_Mass","g",4.4,"4.4","g","10.1093%2Fjmammal%2Fgyz043_SupplementaryDataSD1.tsv","Burger","2019","Burger","secondary","Burger_etal_2019","Mean_brain_mass_g","mass_or_volume_mixed","mass_or_volume_mixed","Brain_Mass_mass_or_volume"
"Callithrix aurita","Brain_Mass","g",7.2,"7.2","g","10.1093%2Fjmammal%2Fgyz043_SupplementaryDataSD1.tsv","Burger","2019","Burger","secondary","Burger_etal_2019","Mean_brain_mass_g","mass_or_volume_mixed","mass_or_volume_mixed","Brain_Mass_mass_or_volume"
"Pithecia irrorata","Brain_Mass","g",39.5,"39.5","g","10.1093%2Fjmammal%2Fgyz043_SupplementaryDataSD1.tsv","Burger","2019","Burger","secondary","Burger_etal_2019","Mean_brain_mass_g","mass_or_volume_mixed","mass_or_volume_mixed","Brain_Mass_mass_or_volume"
"Trachypithecus germaini","Brain_Mass","g",76,"76","g","10.1093%2Fjmammal%2Fgyz043_SupplementaryDataSD1.tsv","Burger","2019","Burger","secondary","Burger_etal_2019","Mean_brain_mass_g","mass_or_volume_mixed","mass_or_volume_mixed","Brain_Mass_mass_or_volume"
"Lagothrix poeppigii","Brain_Mass","g",99.23,"99.23","g","10.1093%2Fjmammal%2Fgyz043_SupplementaryDataSD1.tsv","Burger","2019","Burger","secondary","Burger_etal_2019","Mean_brain_mass_g","mass_or_volume_mixed","mass_or_volume_mixed","Brain_Mass_mass_or_volume"
"Hylobates moloch","Brain_Mass","g",103,"103","g","10.1093%2Fjmammal%2Fgyz043_SupplementaryDataSD1.tsv","Burger","2019","Burger","secondary","Burger_etal_2019","Mean_brain_mass_g","mass_or_volume_mixed","mass_or_volume_mixed","Brain_Mass_mass_or_volume"
"Chlorocebus cynosuros","Brain_Mass","g",72,"72","g","10.1093%2Fjmammal%2Fgyz043_SupplementaryDataSD1.tsv","Burger","2019","Burger","secondary","Burger_etal_2019","Mean_brain_mass_g","mass_or_volume_mixed","mass_or_volume_mixed","Brain_Mass_mass_or_volume"
"Ateles marginatus","Brain_Mass","g",97,"97","g","10.1093%2Fjmammal%2Fgyz043_SupplementaryDataSD1.tsv","Burger","2019","Burger","secondary","Burger_etal_2019","Mean_brain_mass_g","mass_or_volume_mixed","mass_or_volume_mixed","Brain_Mass_mass_or_volume"
"Microcebus murinus","Brain_Mass","g",1.84,"1.84","g","10.1093%2Fjmammal%2Fgyz043_SupplementaryDataSD1.tsv","Burger","2019","Burger","secondary","Burger_etal_2019","Mean_brain_mass_g","mass_or_volume_mixed","mass_or_volume_mixed","Brain_Mass_mass_or_volume"
"Galagoides demidoff","Brain_Mass","g",3.38,"3.38","g","10.1093%2Fjmammal%2Fgyz043_SupplementaryDataSD1.tsv","Burger","2019","Burger","secondary","Burger_etal_2019","Mean_brain_mass_g","mass_or_volume_mixed","mass_or_volume_mixed","Brain_Mass_mass_or_volume"
"Tarsius tarsier","Brain_Mass","g",3.4,"3.4","g","10.1093%2Fjmammal%2Fgyz043_SupplementaryDataSD1.tsv","Burger","2019","Burger","secondary","Burger_etal_2019","Mean_brain_mass_g","mass_or_volume_mixed","mass_or_volume_mixed","Brain_Mass_mass_or_volume"
"Galago zanzibaricus","Brain_Mass","g",3.5,"3.5","g","10.1093%2Fjmammal%2Fgyz043_SupplementaryDataSD1.tsv","Burger","2019","Burger","secondary","Burger_etal_2019","Mean_brain_mass_g","mass_or_volume_mixed","mass_or_volume_mixed","Brain_Mass_mass_or_volume"
"Galago alleni","Brain_Mass","g",5.85,"5.85","g","10.1093%2Fjmammal%2Fgyz043_SupplementaryDataSD1.tsv","Burger","2019","Burger","secondary","Burger_etal_2019","Mean_brain_mass_g","mass_or_volume_mixed","mass_or_volume_mixed","Brain_Mass_mass_or_volume"
"Arctocebus aureus","Brain_Mass","g",5.877635065,"5.877635065","g","10.1093%2Fjmammal%2Fgyz043_SupplementaryDataSD1.tsv","Burger","2019","Burger","secondary","Burger_etal_2019","Mean_brain_mass_g","mass_or_volume_mixed","mass_or_volume_mixed","Brain_Mass_mass_or_volume"
"Loris lydekkerianus","Brain_Mass","g",6.3,"6.3","g","10.1093%2Fjmammal%2Fgyz043_SupplementaryDataSD1.tsv","Burger","2019","Burger","secondary","Burger_etal_2019","Mean_brain_mass_g","mass_or_volume_mixed","mass_or_volume_mixed","Brain_Mass_mass_or_volume"
"Phaner furcifer","Brain_Mass","g",6.47,"6.47","g","10.1093%2Fjmammal%2Fgyz043_SupplementaryDataSD1.tsv","Burger","2019","Burger","secondary","Burger_etal_2019","Mean_brain_mass_g","mass_or_volume_mixed","mass_or_volume_mixed","Brain_Mass_mass_or_volume"
"Cheirogaleus major","Brain_Mass","g",6.8,"6.8","g","10.1093%2Fjmammal%2Fgyz043_SupplementaryDataSD1.tsv","Burger","2019","Burger","secondary","Burger_etal_2019","Mean_brain_mass_g","mass_or_volume_mixed","mass_or_volume_mixed","Brain_Mass_mass_or_volume"
"Callithrix penicillata","Brain_Mass","g",7.3,"7.3","g","10.1093%2Fjmammal%2Fgyz043_SupplementaryDataSD1.tsv","Burger","2019","Burger","secondary","Burger_etal_2019","Mean_brain_mass_g","mass_or_volume_mixed","mass_or_volume_mixed","Brain_Mass_mass_or_volume"
"Saguinus fuscicollis","Brain_Mass","g",7.9,"7.9","g","10.1093%2Fjmammal%2Fgyz043_SupplementaryDataSD1.tsv","Burger","2019","Burger","secondary","Burger_etal_2019","Mean_brain_mass_g","mass_or_volume_mixed","mass_or_volume_mixed","Brain_Mass_mass_or_volume"
"Callithrix argentata","Brain_Mass","g",8,"8","g","10.1093%2Fjmammal%2Fgyz043_SupplementaryDataSD1.tsv","Burger","2019","Burger","secondary","Burger_etal_2019","Mean_brain_mass_g","mass_or_volume_mixed","mass_or_volume_mixed","Brain_Mass_mass_or_volume"
"Callithrix humeralifera","Brain_Mass","g",8.2,"8.2","g","10.1093%2Fjmammal%2Fgyz043_SupplementaryDataSD1.tsv","Burger","2019","Burger","secondary","Burger_etal_2019","Mean_brain_mass_g","mass_or_volume_mixed","mass_or_volume_mixed","Brain_Mass_mass_or_volume"
"Saguinus nigricollis","Brain_Mass","g",8.9,"8.9","g","10.1093%2Fjmammal%2Fgyz043_SupplementaryDataSD1.tsv","Burger","2019","Burger","secondary","Burger_etal_2019","Mean_brain_mass_g","mass_or_volume_mixed","mass_or_volume_mixed","Brain_Mass_mass_or_volume"
"Lepilemur mustelinus","Brain_Mass","g",9.55991,"9.55991","g","10.1093%2Fjmammal%2Fgyz043_SupplementaryDataSD1.tsv","Burger","2019","Burger","secondary","Burger_etal_2019","Mean_brain_mass_g","mass_or_volume_mixed","mass_or_volume_mixed","Brain_Mass_mass_or_volume"
"Avahi laniger","Brain_Mass","g",10.49,"10.49","g","10.1093%2Fjmammal%2Fgyz043_SupplementaryDataSD1.tsv","Burger","2019","Burger","secondary","Burger_etal_2019","Mean_brain_mass_g","mass_or_volume_mixed","mass_or_volume_mixed","Brain_Mass_mass_or_volume"
"Saguinus mystax","Brain_Mass","g",11.1,"11.1","g","10.1093%2Fjmammal%2Fgyz043_SupplementaryDataSD1.tsv","Burger","2019","Burger","secondary","Burger_etal_2019","Mean_brain_mass_g","mass_or_volume_mixed","mass_or_volume_mixed","Brain_Mass_mass_or_volume"
"Callimico goeldii","Brain_Mass","g",11.4,"11.4","g","10.1093%2Fjmammal%2Fgyz043_SupplementaryDataSD1.tsv","Burger","2019","Burger","secondary","Burger_etal_2019","Mean_brain_mass_g","mass_or_volume_mixed","mass_or_volume_mixed","Brain_Mass_mass_or_volume"
"Nycticebus bengalensis","Brain_Mass","g",13.5,"13.5","g","10.1093%2Fjmammal%2Fgyz043_SupplementaryDataSD1.tsv","Burger","2019","Burger","secondary","Burger_etal_2019","Mean_brain_mass_g","mass_or_volume_mixed","mass_or_volume_mixed","Brain_Mass_mass_or_volume"
"Hapalemur griseus","Brain_Mass","g",14.1,"14.1","g","10.1093%2Fjmammal%2Fgyz043_SupplementaryDataSD1.tsv","Burger","2019","Burger","secondary","Burger_etal_2019","Mean_brain_mass_g","mass_or_volume_mixed","mass_or_volume_mixed","Brain_Mass_mass_or_volume"
"Callicebus cupreus","Brain_Mass","g",17.1,"17.1","g","10.1093%2Fjmammal%2Fgyz043_SupplementaryDataSD1.tsv","Burger","2019","Burger","secondary","Burger_etal_2019","Mean_brain_mass_g","mass_or_volume_mixed","mass_or_volume_mixed","Brain_Mass_mass_or_volume"
"Callicebus moloch","Brain_Mass","g",19,"19","g","10.1093%2Fjmammal%2Fgyz043_SupplementaryDataSD1.tsv","Burger","2019","Burger","secondary","Burger_etal_2019","Mean_brain_mass_g","mass_or_volume_mixed","mass_or_volume_mixed","Brain_Mass_mass_or_volume"
"Callicebus torquatus","Brain_Mass","g",19.1,"19.1","g","10.1093%2Fjmammal%2Fgyz043_SupplementaryDataSD1.tsv","Burger","2019","Burger","secondary","Burger_etal_2019","Mean_brain_mass_g","mass_or_volume_mixed","mass_or_volume_mixed","Brain_Mass_mass_or_volume"
"Aotus azarae","Brain_Mass","g",20.7,"20.7","g","10.1093%2Fjmammal%2Fgyz043_SupplementaryDataSD1.tsv","Burger","2019","Burger","secondary","Burger_etal_2019","Mean_brain_mass_g","mass_or_volume_mixed","mass_or_volume_mixed","Brain_Mass_mass_or_volume"
"Lemur catta","Brain_Mass","g",21.63,"21.63","g","10.1093%2Fjmammal%2Fgyz043_SupplementaryDataSD1.tsv","Burger","2019","Burger","secondary","Burger_etal_2019","Mean_brain_mass_g","mass_or_volume_mixed","mass_or_volume_mixed","Brain_Mass_mass_or_volume"
"Eulemur macaco","Brain_Mass","g",22.6,"22.6","g","10.1093%2Fjmammal%2Fgyz043_SupplementaryDataSD1.tsv","Burger","2019","Burger","secondary","Burger_etal_2019","Mean_brain_mass_g","mass_or_volume_mixed","mass_or_volume_mixed","Brain_Mass_mass_or_volume"
"Eulemur mongoz","Brain_Mass","g",24.03,"24.03","g","10.1093%2Fjmammal%2Fgyz043_SupplementaryDataSD1.tsv","Burger","2019","Burger","secondary","Burger_etal_2019","Mean_brain_mass_g","mass_or_volume_mixed","mass_or_volume_mixed","Brain_Mass_mass_or_volume"
"Eulemur rubriventer","Brain_Mass","g",24.9,"24.9","g","10.1093%2Fjmammal%2Fgyz043_SupplementaryDataSD1.tsv","Burger","2019","Burger","secondary","Burger_etal_2019","Mean_brain_mass_g","mass_or_volume_mixed","mass_or_volume_mixed","Brain_Mass_mass_or_volume"
"Eulemur fulvus","Brain_Mass","g",25.8,"25.8","g","10.1093%2Fjmammal%2Fgyz043_SupplementaryDataSD1.tsv","Burger","2019","Burger","secondary","Burger_etal_2019","Mean_brain_mass_g","mass_or_volume_mixed","mass_or_volume_mixed","Brain_Mass_mass_or_volume"
"Propithecus verreauxi","Brain_Mass","g",26.7,"26.7","g","10.1093%2Fjmammal%2Fgyz043_SupplementaryDataSD1.tsv","Burger","2019","Burger","secondary","Burger_etal_2019","Mean_brain_mass_g","mass_or_volume_mixed","mass_or_volume_mixed","Brain_Mass_mass_or_volume"
"Prolemur simus","Brain_Mass","g",27.14488333,"27.14488333","g","10.1093%2Fjmammal%2Fgyz043_SupplementaryDataSD1.tsv","Burger","2019","Burger","secondary","Burger_etal_2019","Mean_brain_mass_g","mass_or_volume_mixed","mass_or_volume_mixed","Brain_Mass_mass_or_volume"
"Pithecia pithecia","Brain_Mass","g",32.6,"32.6","g","10.1093%2Fjmammal%2Fgyz043_SupplementaryDataSD1.tsv","Burger","2019","Burger","secondary","Burger_etal_2019","Mean_brain_mass_g","mass_or_volume_mixed","mass_or_volume_mixed","Brain_Mass_mass_or_volume"
"Miopithecus talapoin","Brain_Mass","g",34.8,"34.8","g","10.1093%2Fjmammal%2Fgyz043_SupplementaryDataSD1.tsv","Burger","2019","Burger","secondary","Burger_etal_2019","Mean_brain_mass_g","mass_or_volume_mixed","mass_or_volume_mixed","Brain_Mass_mass_or_volume"
"Pithecia monachus","Brain_Mass","g",35,"35","g","10.1093%2Fjmammal%2Fgyz043_SupplementaryDataSD1.tsv","Burger","2019","Burger","secondary","Burger_etal_2019","Mean_brain_mass_g","mass_or_volume_mixed","mass_or_volume_mixed","Brain_Mass_mass_or_volume"
"Indri indri","Brain_Mass","g",38.3,"38.3","g","10.1093%2Fjmammal%2Fgyz043_SupplementaryDataSD1.tsv","Burger","2019","Burger","secondary","Burger_etal_2019","Mean_brain_mass_g","mass_or_volume_mixed","mass_or_volume_mixed","Brain_Mass_mass_or_volume"
"Propithecus edwardsi","Brain_Mass","g",39.5,"39.5","g","10.1093%2Fjmammal%2Fgyz043_SupplementaryDataSD1.tsv","Burger","2019","Burger","secondary","Burger_etal_2019","Mean_brain_mass_g","mass_or_volume_mixed","mass_or_volume_mixed","Brain_Mass_mass_or_volume"
"Daubentonia madagascariensis","Brain_Mass","g",45.15,"45.15","g","10.1093%2Fjmammal%2Fgyz043_SupplementaryDataSD1.tsv","Burger","2019","Burger","secondary","Burger_etal_2019","Mean_brain_mass_g","mass_or_volume_mixed","mass_or_volume_mixed","Brain_Mass_mass_or_volume"
"Alouatta guariba","Brain_Mass","g",49.1,"49.1","g","10.1093%2Fjmammal%2Fgyz043_SupplementaryDataSD1.tsv","Burger","2019","Burger","secondary","Burger_etal_2019","Mean_brain_mass_g","mass_or_volume_mixed","mass_or_volume_mixed","Brain_Mass_mass_or_volume"
"Alouatta caraya","Brain_Mass","g",50.7,"50.7","g","10.1093%2Fjmammal%2Fgyz043_SupplementaryDataSD1.tsv","Burger","2019","Burger","secondary","Burger_etal_2019","Mean_brain_mass_g","mass_or_volume_mixed","mass_or_volume_mixed","Brain_Mass_mass_or_volume"
"Cercopithecus lowei","Brain_Mass","g",51.2,"51.2","g","10.1093%2Fjmammal%2Fgyz043_SupplementaryDataSD1.tsv","Burger","2019","Burger","secondary","Burger_etal_2019","Mean_brain_mass_g","mass_or_volume_mixed","mass_or_volume_mixed","Brain_Mass_mass_or_volume"
"Cercopithecus campbelli","Brain_Mass","g",54.4,"54.4","g","10.1093%2Fjmammal%2Fgyz043_SupplementaryDataSD1.tsv","Burger","2019","Burger","secondary","Burger_etal_2019","Mean_brain_mass_g","mass_or_volume_mixed","mass_or_volume_mixed","Brain_Mass_mass_or_volume"
"Cercopithecus ascanius","Brain_Mass","g",54.9,"54.9","g","10.1093%2Fjmammal%2Fgyz043_SupplementaryDataSD1.tsv","Burger","2019","Burger","secondary","Burger_etal_2019","Mean_brain_mass_g","mass_or_volume_mixed","mass_or_volume_mixed","Brain_Mass_mass_or_volume"
"Trachypithecus cristatus","Brain_Mass","g",55,"55","g","10.1093%2Fjmammal%2Fgyz043_SupplementaryDataSD1.tsv","Burger","2019","Burger","secondary","Burger_etal_2019","Mean_brain_mass_g","mass_or_volume_mixed","mass_or_volume_mixed","Brain_Mass_mass_or_volume"
"Cercopithecus diana","Brain_Mass","g",55.2,"55.2","g","10.1093%2Fjmammal%2Fgyz043_SupplementaryDataSD1.tsv","Burger","2019","Burger","secondary","Burger_etal_2019","Mean_brain_mass_g","mass_or_volume_mixed","mass_or_volume_mixed","Brain_Mass_mass_or_volume"
"Simias concolor","Brain_Mass","g",56.2,"56.2","g","10.1093%2Fjmammal%2Fgyz043_SupplementaryDataSD1.tsv","Burger","2019","Burger","secondary","Burger_etal_2019","Mean_brain_mass_g","mass_or_volume_mixed","mass_or_volume_mixed","Brain_Mass_mass_or_volume"
"Macaca sinica","Brain_Mass","g",58.15,"58.15","g","10.1093%2Fjmammal%2Fgyz043_SupplementaryDataSD1.tsv","Burger","2019","Burger","secondary","Burger_etal_2019","Mean_brain_mass_g","mass_or_volume_mixed","mass_or_volume_mixed","Brain_Mass_mass_or_volume"
"Presbytis melalophos","Brain_Mass","g",59.2,"59.2","g","10.1093%2Fjmammal%2Fgyz043_SupplementaryDataSD1.tsv","Burger","2019","Burger","secondary","Burger_etal_2019","Mean_brain_mass_g","mass_or_volume_mixed","mass_or_volume_mixed","Brain_Mass_mass_or_volume"
"Trachypithecus obscurus","Brain_Mass","g",60,"60","g","10.1093%2Fjmammal%2Fgyz043_SupplementaryDataSD1.tsv","Burger","2019","Burger","secondary","Burger_etal_2019","Mean_brain_mass_g","mass_or_volume_mixed","mass_or_volume_mixed","Brain_Mass_mass_or_volume"
"Trachypithecus vetulus","Brain_Mass","g",60.4,"60.4","g","10.1093%2Fjmammal%2Fgyz043_SupplementaryDataSD1.tsv","Burger","2019","Burger","secondary","Burger_etal_2019","Mean_brain_mass_g","mass_or_volume_mixed","mass_or_volume_mixed","Brain_Mass_mass_or_volume"
"Cercopithecus neglectus","Brain_Mass","g",60.9,"60.9","g","10.1093%2Fjmammal%2Fgyz043_SupplementaryDataSD1.tsv","Burger","2019","Burger","secondary","Burger_etal_2019","Mean_brain_mass_g","mass_or_volume_mixed","mass_or_volume_mixed","Brain_Mass_mass_or_volume"
"Cacajao melanocephalus","Brain_Mass","g",64.9,"64.9","g","10.1093%2Fjmammal%2Fgyz043_SupplementaryDataSD1.tsv","Burger","2019","Burger","secondary","Burger_etal_2019","Mean_brain_mass_g","mass_or_volume_mixed","mass_or_volume_mixed","Brain_Mass_mass_or_volume"
"Cercopithecus erythrotis","Brain_Mass","g",65.4,"65.4","g","10.1093%2Fjmammal%2Fgyz043_SupplementaryDataSD1.tsv","Burger","2019","Burger","secondary","Burger_etal_2019","Mean_brain_mass_g","mass_or_volume_mixed","mass_or_volume_mixed","Brain_Mass_mass_or_volume"
"Macaca radiata","Brain_Mass","g",69.4,"69.4","g","10.1093%2Fjmammal%2Fgyz043_SupplementaryDataSD1.tsv","Burger","2019","Burger","secondary","Burger_etal_2019","Mean_brain_mass_g","mass_or_volume_mixed","mass_or_volume_mixed","Brain_Mass_mass_or_volume"
"Colobus polykomos","Brain_Mass","g",70.2,"70.2","g","10.1093%2Fjmammal%2Fgyz043_SupplementaryDataSD1.tsv","Burger","2019","Burger","secondary","Burger_etal_2019","Mean_brain_mass_g","mass_or_volume_mixed","mass_or_volume_mixed","Brain_Mass_mass_or_volume"
"Cebus olivaceus","Brain_Mass","g",72.5,"72.5","g","10.1093%2Fjmammal%2Fgyz043_SupplementaryDataSD1.tsv","Burger","2019","Burger","secondary","Burger_etal_2019","Mean_brain_mass_g","mass_or_volume_mixed","mass_or_volume_mixed","Brain_Mass_mass_or_volume"
"Cacajao calvus","Brain_Mass","g",74.3,"74.3","g","10.1093%2Fjmammal%2Fgyz043_SupplementaryDataSD1.tsv","Burger","2019","Burger","secondary","Burger_etal_2019","Mean_brain_mass_g","mass_or_volume_mixed","mass_or_volume_mixed","Brain_Mass_mass_or_volume"
"Cercopithecus mitis","Brain_Mass","g",75,"75","g","10.1093%2Fjmammal%2Fgyz043_SupplementaryDataSD1.tsv","Burger","2019","Burger","secondary","Burger_etal_2019","Mean_brain_mass_g","mass_or_volume_mixed","mass_or_volume_mixed","Brain_Mass_mass_or_volume"
"Cercopithecus cephus","Brain_Mass","g",76,"76","g","10.1093%2Fjmammal%2Fgyz043_SupplementaryDataSD1.tsv","Burger","2019","Burger","secondary","Burger_etal_2019","Mean_brain_mass_g","mass_or_volume_mixed","mass_or_volume_mixed","Brain_Mass_mass_or_volume"
"Pygathrix nemaeus","Brain_Mass","g",77,"77","g","10.1093%2Fjmammal%2Fgyz043_SupplementaryDataSD1.tsv","Burger","2019","Burger","secondary","Burger_etal_2019","Mean_brain_mass_g","mass_or_volume_mixed","mass_or_volume_mixed","Brain_Mass_mass_or_volume"
"Piliocolobus badius","Brain_Mass","g",78,"78","g","10.1093%2Fjmammal%2Fgyz043_SupplementaryDataSD1.tsv","Burger","2019","Burger","secondary","Burger_etal_2019","Mean_brain_mass_g","mass_or_volume_mixed","mass_or_volume_mixed","Brain_Mass_mass_or_volume"
"Presbytis comata","Brain_Mass","g",80.3,"80.3","g","10.1093%2Fjmammal%2Fgyz043_SupplementaryDataSD1.tsv","Burger","2019","Burger","secondary","Burger_etal_2019","Mean_brain_mass_g","mass_or_volume_mixed","mass_or_volume_mixed","Brain_Mass_mass_or_volume"
"Trachypithecus geei","Brain_Mass","g",81.3,"81.3","g","10.1093%2Fjmammal%2Fgyz043_SupplementaryDataSD1.tsv","Burger","2019","Burger","secondary","Burger_etal_2019","Mean_brain_mass_g","mass_or_volume_mixed","mass_or_volume_mixed","Brain_Mass_mass_or_volume"
"Nasalis larvatus","Brain_Mass","g",83.8,"83.8","g","10.1093%2Fjmammal%2Fgyz043_SupplementaryDataSD1.tsv","Burger","2019","Burger","secondary","Burger_etal_2019","Mean_brain_mass_g","mass_or_volume_mixed","mass_or_volume_mixed","Brain_Mass_mass_or_volume"
"Trachypithecus johnii","Brain_Mass","g",84.6,"84.6","g","10.1093%2Fjmammal%2Fgyz043_SupplementaryDataSD1.tsv","Burger","2019","Burger","secondary","Burger_etal_2019","Mean_brain_mass_g","mass_or_volume_mixed","mass_or_volume_mixed","Brain_Mass_mass_or_volume"
"Cercocebus atys","Brain_Mass","g",86.8,"86.8","g","10.1093%2Fjmammal%2Fgyz043_SupplementaryDataSD1.tsv","Burger","2019","Burger","secondary","Burger_etal_2019","Mean_brain_mass_g","mass_or_volume_mixed","mass_or_volume_mixed","Brain_Mass_mass_or_volume"
"Macaca sylvanus","Brain_Mass","g",87.7,"87.7","g","10.1093%2Fjmammal%2Fgyz043_SupplementaryDataSD1.tsv","Burger","2019","Burger","secondary","Burger_etal_2019","Mean_brain_mass_g","mass_or_volume_mixed","mass_or_volume_mixed","Brain_Mass_mass_or_volume"
"Semnopithecus hypoleucos","Brain_Mass","g",88.3,"88.3","g","10.1093%2Fjmammal%2Fgyz043_SupplementaryDataSD1.tsv","Burger","2019","Burger","secondary","Burger_etal_2019","Mean_brain_mass_g","mass_or_volume_mixed","mass_or_volume_mixed","Brain_Mass_mass_or_volume"
"Lagothrix lagothricha","Brain_Mass","g",89.35,"89.35","g","10.1093%2Fjmammal%2Fgyz043_SupplementaryDataSD1.tsv","Burger","2019","Burger","secondary","Burger_etal_2019","Mean_brain_mass_g","mass_or_volume_mixed","mass_or_volume_mixed","Brain_Mass_mass_or_volume"
"Macaca assamensis","Brain_Mass","g",90.5,"90.5","g","10.1093%2Fjmammal%2Fgyz043_SupplementaryDataSD1.tsv","Burger","2019","Burger","secondary","Burger_etal_2019","Mean_brain_mass_g","mass_or_volume_mixed","mass_or_volume_mixed","Brain_Mass_mass_or_volume"
"Lophocebus albigena","Brain_Mass","g",96.8,"96.8","g","10.1093%2Fjmammal%2Fgyz043_SupplementaryDataSD1.tsv","Burger","2019","Burger","secondary","Burger_etal_2019","Mean_brain_mass_g","mass_or_volume_mixed","mass_or_volume_mixed","Brain_Mass_mass_or_volume"
"Macaca fuscata","Brain_Mass","g",96.8,"96.8","g","10.1093%2Fjmammal%2Fgyz043_SupplementaryDataSD1.tsv","Burger","2019","Burger","secondary","Burger_etal_2019","Mean_brain_mass_g","mass_or_volume_mixed","mass_or_volume_mixed","Brain_Mass_mass_or_volume"
"Macaca nemestrina","Brain_Mass","g",110,"110","g","10.1093%2Fjmammal%2Fgyz043_SupplementaryDataSD1.tsv","Burger","2019","Burger","secondary","Burger_etal_2019","Mean_brain_mass_g","mass_or_volume_mixed","mass_or_volume_mixed","Brain_Mass_mass_or_volume"
"Semnopithecus entellus","Brain_Mass","g",111.5,"111.5","g","10.1093%2Fjmammal%2Fgyz043_SupplementaryDataSD1.tsv","Burger","2019","Burger","secondary","Burger_etal_2019","Mean_brain_mass_g","mass_or_volume_mixed","mass_or_volume_mixed","Brain_Mass_mass_or_volume"
"Ateles belzebuth","Brain_Mass","g",112.7,"112.7","g","10.1093%2Fjmammal%2Fgyz043_SupplementaryDataSD1.tsv","Burger","2019","Burger","secondary","Burger_etal_2019","Mean_brain_mass_g","mass_or_volume_mixed","mass_or_volume_mixed","Brain_Mass_mass_or_volume"
"Brachyteles arachnoides","Brain_Mass","g",119.4,"119.4","g","10.1093%2Fjmammal%2Fgyz043_SupplementaryDataSD1.tsv","Burger","2019","Burger","secondary","Burger_etal_2019","Mean_brain_mass_g","mass_or_volume_mixed","mass_or_volume_mixed","Brain_Mass_mass_or_volume"
"Papio anubis","Brain_Mass","g",152.4,"152.4","g","10.1093%2Fjmammal%2Fgyz043_SupplementaryDataSD1.tsv","Burger","2019","Burger","secondary","Burger_etal_2019","Mean_brain_mass_g","mass_or_volume_mixed","mass_or_volume_mixed","Brain_Mass_mass_or_volume"
"Papio cynocephalus","Brain_Mass","g",156.1,"156.1","g","10.1093%2Fjmammal%2Fgyz043_SupplementaryDataSD1.tsv","Burger","2019","Burger","secondary","Burger_etal_2019","Mean_brain_mass_g","mass_or_volume_mixed","mass_or_volume_mixed","Brain_Mass_mass_or_volume"
"Papio ursinus","Brain_Mass","g",165,"165","g","10.1093%2Fjmammal%2Fgyz043_SupplementaryDataSD1.tsv","Burger","2019","Burger","secondary","Burger_etal_2019","Mean_brain_mass_g","mass_or_volume_mixed","mass_or_volume_mixed","Brain_Mass_mass_or_volume"
"Loxodonta africana","Brain_Mass","g",5436.4,"5436.4","g","10.1093%2Fjmammal%2Fgyz043_SupplementaryDataSD1.tsv","Burger","2019","Burger","secondary","Burger_etal_2019","Mean_brain_mass_g","mass_or_volume_mixed","mass_or_volume_mixed","Brain_Mass_mass_or_volume"
"Elephas maximus","Brain_Mass","g",5211.25,"5211.25","g","10.1093%2Fjmammal%2Fgyz043_SupplementaryDataSD1.tsv","Burger","2019","Burger","secondary","Burger_etal_2019","Mean_brain_mass_g","mass_or_volume_mixed","mass_or_volume_mixed","Brain_Mass_mass_or_volume"
"Micromys minutus","Brain_Mass","g",0.29,"0.29","g","10.1093%2Fjmammal%2Fgyz043_SupplementaryDataSD1.tsv","Burger","2019","Burger","secondary","Burger_etal_2019","Mean_brain_mass_g","mass_or_volume_mixed","mass_or_volume_mixed","Brain_Mass_mass_or_volume"
"Perognathus flavus","Brain_Mass","g",0.31,"0.31","g","10.1093%2Fjmammal%2Fgyz043_SupplementaryDataSD1.tsv","Burger","2019","Burger","secondary","Burger_etal_2019","Mean_brain_mass_g","mass_or_volume_mixed","mass_or_volume_mixed","Brain_Mass_mass_or_volume"
"Mus booduga","Brain_Mass","g",0.31,"0.31","g","10.1093%2Fjmammal%2Fgyz043_SupplementaryDataSD1.tsv","Burger","2019","Burger","secondary","Burger_etal_2019","Mean_brain_mass_g","mass_or_volume_mixed","mass_or_volume_mixed","Brain_Mass_mass_or_volume"
"Perognathus longimembris","Brain_Mass","g",0.33,"0.33","g","10.1093%2Fjmammal%2Fgyz043_SupplementaryDataSD1.tsv","Burger","2019","Burger","secondary","Burger_etal_2019","Mean_brain_mass_g","mass_or_volume_mixed","mass_or_volume_mixed","Brain_Mass_mass_or_volume"
"Reithrodontomys megalotis","Brain_Mass","g",0.4,"0.4","g","10.1093%2Fjmammal%2Fgyz043_SupplementaryDataSD1.tsv","Burger","2019","Burger","secondary","Burger_etal_2019","Mean_brain_mass_g","mass_or_volume_mixed","mass_or_volume_mixed","Brain_Mass_mass_or_volume"
"Peromyscus polionotus","Brain_Mass","g",0.42,"0.42","g","10.1093%2Fjmammal%2Fgyz043_SupplementaryDataSD1.tsv","Burger","2019","Burger","secondary","Burger_etal_2019","Mean_brain_mass_g","mass_or_volume_mixed","mass_or_volume_mixed","Brain_Mass_mass_or_volume"
"Lagurus lagurus","Brain_Mass","g",0.42,"0.42","g","10.1093%2Fjmammal%2Fgyz043_SupplementaryDataSD1.tsv","Burger","2019","Burger","secondary","Burger_etal_2019","Mean_brain_mass_g","mass_or_volume_mixed","mass_or_volume_mixed","Brain_Mass_mass_or_volume"
"Otomys angoniensis","Brain_Mass","g",0.42,"0.42","g","10.1093%2Fjmammal%2Fgyz043_SupplementaryDataSD1.tsv","Burger","2019","Burger","secondary","Burger_etal_2019","Mean_brain_mass_g","mass_or_volume_mixed","mass_or_volume_mixed","Brain_Mass_mass_or_volume"
"Chaetodipus penicillatus","Brain_Mass","g",0.46,"0.46","g","10.1093%2Fjmammal%2Fgyz043_SupplementaryDataSD1.tsv","Burger","2019","Burger","secondary","Burger_etal_2019","Mean_brain_mass_g","mass_or_volume_mixed","mass_or_volume_mixed","Brain_Mass_mass_or_volume"
"Napaeozapus insignis","Brain_Mass","g",0.48,"0.48","g","10.1093%2Fjmammal%2Fgyz043_SupplementaryDataSD1.tsv","Burger","2019","Burger","secondary","Burger_etal_2019","Mean_brain_mass_g","mass_or_volume_mixed","mass_or_volume_mixed","Brain_Mass_mass_or_volume"
"Chaetodipus formosus","Brain_Mass","g",0.49,"0.49","g","10.1093%2Fjmammal%2Fgyz043_SupplementaryDataSD1.tsv","Burger","2019","Burger","secondary","Burger_etal_2019","Mean_brain_mass_g","mass_or_volume_mixed","mass_or_volume_mixed","Brain_Mass_mass_or_volume"
"Zapus princeps","Brain_Mass","g",0.5,"0.5","g","10.1093%2Fjmammal%2Fgyz043_SupplementaryDataSD1.tsv","Burger","2019","Burger","secondary","Burger_etal_2019","Mean_brain_mass_g","mass_or_volume_mixed","mass_or_volume_mixed","Brain_Mass_mass_or_volume"
"Mus platythrix","Brain_Mass","g",0.5,"0.5","g","10.1093%2Fjmammal%2Fgyz043_SupplementaryDataSD1.tsv","Burger","2019","Burger","secondary","Burger_etal_2019","Mean_brain_mass_g","mass_or_volume_mixed","mass_or_volume_mixed","Brain_Mass_mass_or_volume"
"Myodes glareolus","Brain_Mass","g",0.52,"0.52","g","10.1093%2Fjmammal%2Fgyz043_SupplementaryDataSD1.tsv","Burger","2019","Burger","secondary","Burger_etal_2019","Mean_brain_mass_g","mass_or_volume_mixed","mass_or_volume_mixed","Brain_Mass_mass_or_volume"
"Microtus oregoni","Brain_Mass","g",0.52,"0.52","g","10.1093%2Fjmammal%2Fgyz043_SupplementaryDataSD1.tsv","Burger","2019","Burger","secondary","Burger_etal_2019","Mean_brain_mass_g","mass_or_volume_mixed","mass_or_volume_mixed","Brain_Mass_mass_or_volume"
"Heterocephalus glaber","Brain_Mass","g",0.52,"0.52","g","10.1093%2Fjmammal%2Fgyz043_SupplementaryDataSD1.tsv","Burger","2019","Burger","secondary","Burger_etal_2019","Mean_brain_mass_g","mass_or_volume_mixed","mass_or_volume_mixed","Brain_Mass_mass_or_volume"
"Peromyscus crinitus","Brain_Mass","g",0.53,"0.53","g","10.1093%2Fjmammal%2Fgyz043_SupplementaryDataSD1.tsv","Burger","2019","Burger","secondary","Burger_etal_2019","Mean_brain_mass_g","mass_or_volume_mixed","mass_or_volume_mixed","Brain_Mass_mass_or_volume"
"Peromyscus eremicus","Brain_Mass","g",0.54,"0.54","g","10.1093%2Fjmammal%2Fgyz043_SupplementaryDataSD1.tsv","Burger","2019","Burger","secondary","Burger_etal_2019","Mean_brain_mass_g","mass_or_volume_mixed","mass_or_volume_mixed","Brain_Mass_mass_or_volume"
"Zapus hudsonius","Brain_Mass","g",0.55,"0.55","g","10.1093%2Fjmammal%2Fgyz043_SupplementaryDataSD1.tsv","Burger","2019","Burger","secondary","Burger_etal_2019","Mean_brain_mass_g","mass_or_volume_mixed","mass_or_volume_mixed","Brain_Mass_mass_or_volume"
"Microtus arvalis","Brain_Mass","g",0.55,"0.55","g","10.1093%2Fjmammal%2Fgyz043_SupplementaryDataSD1.tsv","Burger","2019","Burger","secondary","Burger_etal_2019","Mean_brain_mass_g","mass_or_volume_mixed","mass_or_volume_mixed","Brain_Mass_mass_or_volume"
"Microdipodops megacephalus","Brain_Mass","g",0.56,"0.56","g","10.1093%2Fjmammal%2Fgyz043_SupplementaryDataSD1.tsv","Burger","2019","Burger","secondary","Burger_etal_2019","Mean_brain_mass_g","mass_or_volume_mixed","mass_or_volume_mixed","Brain_Mass_mass_or_volume"
"Myodes gapperi","Brain_Mass","g",0.56,"0.56","g","10.1093%2Fjmammal%2Fgyz043_SupplementaryDataSD1.tsv","Burger","2019","Burger","secondary","Burger_etal_2019","Mean_brain_mass_g","mass_or_volume_mixed","mass_or_volume_mixed","Brain_Mass_mass_or_volume"
"Myodes rutilus","Brain_Mass","g",0.56,"0.56","g","10.1093%2Fjmammal%2Fgyz043_SupplementaryDataSD1.tsv","Burger","2019","Burger","secondary","Burger_etal_2019","Mean_brain_mass_g","mass_or_volume_mixed","mass_or_volume_mixed","Brain_Mass_mass_or_volume"
"Peromyscus merriami","Brain_Mass","g",0.56,"0.56","g","10.1093%2Fjmammal%2Fgyz043_SupplementaryDataSD1.tsv","Burger","2019","Burger","secondary","Burger_etal_2019","Mean_brain_mass_g","mass_or_volume_mixed","mass_or_volume_mixed","Brain_Mass_mass_or_volume"
"Microtus pinetorum","Brain_Mass","g",0.56,"0.56","g","10.1093%2Fjmammal%2Fgyz043_SupplementaryDataSD1.tsv","Burger","2019","Burger","secondary","Burger_etal_2019","Mean_brain_mass_g","mass_or_volume_mixed","mass_or_volume_mixed","Brain_Mass_mass_or_volume"
"Myopus schisticolor","Brain_Mass","g",0.56,"0.56","g","10.1093%2Fjmammal%2Fgyz043_SupplementaryDataSD1.tsv","Burger","2019","Burger","secondary","Burger_etal_2019","Mean_brain_mass_g","mass_or_volume_mixed","mass_or_volume_mixed","Brain_Mass_mass_or_volume"
"Peromyscus maniculatus","Brain_Mass","g",0.57,"0.57","g","10.1093%2Fjmammal%2Fgyz043_SupplementaryDataSD1.tsv","Burger","2019","Burger","secondary","Burger_etal_2019","Mean_brain_mass_g","mass_or_volume_mixed","mass_or_volume_mixed","Brain_Mass_mass_or_volume"
"Acomys wilsoni","Brain_Mass","g",0.58,"0.58","g","10.1093%2Fjmammal%2Fgyz043_SupplementaryDataSD1.tsv","Burger","2019","Burger","secondary","Burger_etal_2019","Mean_brain_mass_g","mass_or_volume_mixed","mass_or_volume_mixed","Brain_Mass_mass_or_volume"
"Onychomys torridus","Brain_Mass","g",0.59,"0.59","g","10.1093%2Fjmammal%2Fgyz043_SupplementaryDataSD1.tsv","Burger","2019","Burger","secondary","Burger_etal_2019","Mean_brain_mass_g","mass_or_volume_mixed","mass_or_volume_mixed","Brain_Mass_mass_or_volume"
"Apodemus sylvaticus","Brain_Mass","g",0.59,"0.59","g","10.1093%2Fjmammal%2Fgyz043_SupplementaryDataSD1.tsv","Burger","2019","Burger","secondary","Burger_etal_2019","Mean_brain_mass_g","mass_or_volume_mixed","mass_or_volume_mixed","Brain_Mass_mass_or_volume"
"Synaptomys cooperi","Brain_Mass","g",0.59,"0.59","g","10.1093%2Fjmammal%2Fgyz043_SupplementaryDataSD1.tsv","Burger","2019","Burger","secondary","Burger_etal_2019","Mean_brain_mass_g","mass_or_volume_mixed","mass_or_volume_mixed","Brain_Mass_mass_or_volume"
"Gerbillus nanus","Brain_Mass","g",0.6,"0.6","g","10.1093%2Fjmammal%2Fgyz043_SupplementaryDataSD1.tsv","Burger","2019","Burger","secondary","Burger_etal_2019","Mean_brain_mass_g","mass_or_volume_mixed","mass_or_volume_mixed","Brain_Mass_mass_or_volume"
"Peromyscus leucopus","Brain_Mass","g",0.6,"0.6","g","10.1093%2Fjmammal%2Fgyz043_SupplementaryDataSD1.tsv","Burger","2019","Burger","secondary","Burger_etal_2019","Mean_brain_mass_g","mass_or_volume_mixed","mass_or_volume_mixed","Brain_Mass_mass_or_volume"
"Myodes rufocanus","Brain_Mass","g",0.61,"0.61","g","10.1093%2Fjmammal%2Fgyz043_SupplementaryDataSD1.tsv","Burger","2019","Burger","secondary","Burger_etal_2019","Mean_brain_mass_g","mass_or_volume_mixed","mass_or_volume_mixed","Brain_Mass_mass_or_volume"
"Chaetodipus californicus","Brain_Mass","g",0.62,"0.62","g","10.1093%2Fjmammal%2Fgyz043_SupplementaryDataSD1.tsv","Burger","2019","Burger","secondary","Burger_etal_2019","Mean_brain_mass_g","mass_or_volume_mixed","mass_or_volume_mixed","Brain_Mass_mass_or_volume"
"Peromyscus melanotis","Brain_Mass","g",0.63,"0.63","g","10.1093%2Fjmammal%2Fgyz043_SupplementaryDataSD1.tsv","Burger","2019","Burger","secondary","Burger_etal_2019","Mean_brain_mass_g","mass_or_volume_mixed","mass_or_volume_mixed","Brain_Mass_mass_or_volume"
"Oligoryzomys longicaudatus","Brain_Mass","g",0.67,"0.67","g","10.1093%2Fjmammal%2Fgyz043_SupplementaryDataSD1.tsv","Burger","2019","Burger","secondary","Burger_etal_2019","Mean_brain_mass_g","mass_or_volume_mixed","mass_or_volume_mixed","Brain_Mass_mass_or_volume"
"Peromyscus gossypinus","Brain_Mass","g",0.68,"0.68","g","10.1093%2Fjmammal%2Fgyz043_SupplementaryDataSD1.tsv","Burger","2019","Burger","secondary","Burger_etal_2019","Mean_brain_mass_g","mass_or_volume_mixed","mass_or_volume_mixed","Brain_Mass_mass_or_volume"
"Praomys daltoni","Brain_Mass","g",0.68,"0.68","g","10.1093%2Fjmammal%2Fgyz043_SupplementaryDataSD1.tsv","Burger","2019","Burger","secondary","Burger_etal_2019","Mean_brain_mass_g","mass_or_volume_mixed","mass_or_volume_mixed","Brain_Mass_mass_or_volume"
"Chaetodipus hispidus","Brain_Mass","g",0.68,"0.68","g","10.1093%2Fjmammal%2Fgyz043_SupplementaryDataSD1.tsv","Burger","2019","Burger","secondary","Burger_etal_2019","Mean_brain_mass_g","mass_or_volume_mixed","mass_or_volume_mixed","Brain_Mass_mass_or_volume"
"Gerbillus gleadowi","Brain_Mass","g",0.69,"0.69","g","10.1093%2Fjmammal%2Fgyz043_SupplementaryDataSD1.tsv","Burger","2019","Burger","secondary","Burger_etal_2019","Mean_brain_mass_g","mass_or_volume_mixed","mass_or_volume_mixed","Brain_Mass_mass_or_volume"
"Microtus montanus","Brain_Mass","g",0.69,"0.69","g","10.1093%2Fjmammal%2Fgyz043_SupplementaryDataSD1.tsv","Burger","2019","Burger","secondary","Burger_etal_2019","Mean_brain_mass_g","mass_or_volume_mixed","mass_or_volume_mixed","Brain_Mass_mass_or_volume"
"Rhabdomys pumilio","Brain_Mass","g",0.69,"0.69","g","10.1093%2Fjmammal%2Fgyz043_SupplementaryDataSD1.tsv","Burger","2019","Burger","secondary","Burger_etal_2019","Mean_brain_mass_g","mass_or_volume_mixed","mass_or_volume_mixed","Brain_Mass_mass_or_volume"
"Microtus guentheri","Brain_Mass","g",0.69,"0.69","g","10.1093%2Fjmammal%2Fgyz043_SupplementaryDataSD1.tsv","Burger","2019","Burger","secondary","Burger_etal_2019","Mean_brain_mass_g","mass_or_volume_mixed","mass_or_volume_mixed","Brain_Mass_mass_or_volume"
"Chiropodomys gliroides","Brain_Mass","g",0.7,"0.7","g","10.1093%2Fjmammal%2Fgyz043_SupplementaryDataSD1.tsv","Burger","2019","Burger","secondary","Burger_etal_2019","Mean_brain_mass_g","mass_or_volume_mixed","mass_or_volume_mixed","Brain_Mass_mass_or_volume"
"Peromyscus yucatanicus","Brain_Mass","g",0.7,"0.7","g","10.1093%2Fjmammal%2Fgyz043_SupplementaryDataSD1.tsv","Burger","2019","Burger","secondary","Burger_etal_2019","Mean_brain_mass_g","mass_or_volume_mixed","mass_or_volume_mixed","Brain_Mass_mass_or_volume"
"Chaetodipus baileyi","Brain_Mass","g",0.7,"0.7","g","10.1093%2Fjmammal%2Fgyz043_SupplementaryDataSD1.tsv","Burger","2019","Burger","secondary","Burger_etal_2019","Mean_brain_mass_g","mass_or_volume_mixed","mass_or_volume_mixed","Brain_Mass_mass_or_volume"
"Apodemus flavicollis","Brain_Mass","g",0.7,"0.7","g","10.1093%2Fjmammal%2Fgyz043_SupplementaryDataSD1.tsv","Burger","2019","Burger","secondary","Burger_etal_2019","Mean_brain_mass_g","mass_or_volume_mixed","mass_or_volume_mixed","Brain_Mass_mass_or_volume"
"Microtus longicaudus","Brain_Mass","g",0.7,"0.7","g","10.1093%2Fjmammal%2Fgyz043_SupplementaryDataSD1.tsv","Burger","2019","Burger","secondary","Burger_etal_2019","Mean_brain_mass_g","mass_or_volume_mixed","mass_or_volume_mixed","Brain_Mass_mass_or_volume"
"Peromyscus boylii","Brain_Mass","g",0.71,"0.71","g","10.1093%2Fjmammal%2Fgyz043_SupplementaryDataSD1.tsv","Burger","2019","Burger","secondary","Burger_etal_2019","Mean_brain_mass_g","mass_or_volume_mixed","mass_or_volume_mixed","Brain_Mass_mass_or_volume"
"Microtus ochrogaster","Brain_Mass","g",0.71,"0.71","g","10.1093%2Fjmammal%2Fgyz043_SupplementaryDataSD1.tsv","Burger","2019","Burger","secondary","Burger_etal_2019","Mean_brain_mass_g","mass_or_volume_mixed","mass_or_volume_mixed","Brain_Mass_mass_or_volume"
"Dicrostonyx groenlandicus","Brain_Mass","g",0.72,"0.72","g","10.1093%2Fjmammal%2Fgyz043_SupplementaryDataSD1.tsv","Burger","2019","Burger","secondary","Burger_etal_2019","Mean_brain_mass_g","mass_or_volume_mixed","mass_or_volume_mixed","Brain_Mass_mass_or_volume"
"Microtus pennsylvanicus","Brain_Mass","g",0.74,"0.74","g","10.1093%2Fjmammal%2Fgyz043_SupplementaryDataSD1.tsv","Burger","2019","Burger","secondary","Burger_etal_2019","Mean_brain_mass_g","mass_or_volume_mixed","mass_or_volume_mixed","Brain_Mass_mass_or_volume"
"Microtus agrestis","Brain_Mass","g",0.74,"0.74","g","10.1093%2Fjmammal%2Fgyz043_SupplementaryDataSD1.tsv","Burger","2019","Burger","secondary","Burger_etal_2019","Mean_brain_mass_g","mass_or_volume_mixed","mass_or_volume_mixed","Brain_Mass_mass_or_volume"
"Peromyscus truei","Brain_Mass","g",0.75,"0.75","g","10.1093%2Fjmammal%2Fgyz043_SupplementaryDataSD1.tsv","Burger","2019","Burger","secondary","Burger_etal_2019","Mean_brain_mass_g","mass_or_volume_mixed","mass_or_volume_mixed","Brain_Mass_mass_or_volume"
"Uranomys ruddi","Brain_Mass","g",0.77,"0.77","g","10.1093%2Fjmammal%2Fgyz043_SupplementaryDataSD1.tsv","Burger","2019","Burger","secondary","Burger_etal_2019","Mean_brain_mass_g","mass_or_volume_mixed","mass_or_volume_mixed","Brain_Mass_mass_or_volume"
"Liomys pictus","Brain_Mass","g",0.77,"0.77","g","10.1093%2Fjmammal%2Fgyz043_SupplementaryDataSD1.tsv","Burger","2019","Burger","secondary","Burger_etal_2019","Mean_brain_mass_g","mass_or_volume_mixed","mass_or_volume_mixed","Brain_Mass_mass_or_volume"
"Liomys salvini","Brain_Mass","g",0.77,"0.77","g","10.1093%2Fjmammal%2Fgyz043_SupplementaryDataSD1.tsv","Burger","2019","Burger","secondary","Burger_etal_2019","Mean_brain_mass_g","mass_or_volume_mixed","mass_or_volume_mixed","Brain_Mass_mass_or_volume"
"Microtus californicus","Brain_Mass","g",0.78,"0.78","g","10.1093%2Fjmammal%2Fgyz043_SupplementaryDataSD1.tsv","Burger","2019","Burger","secondary","Burger_etal_2019","Mean_brain_mass_g","mass_or_volume_mixed","mass_or_volume_mixed","Brain_Mass_mass_or_volume"
"Onychomys leucogaster","Brain_Mass","g",0.8,"0.8","g","10.1093%2Fjmammal%2Fgyz043_SupplementaryDataSD1.tsv","Burger","2019","Burger","secondary","Burger_etal_2019","Mean_brain_mass_g","mass_or_volume_mixed","mass_or_volume_mixed","Brain_Mass_mass_or_volume"
"Saccostomus campestris","Brain_Mass","g",0.82,"0.82","g","10.1093%2Fjmammal%2Fgyz043_SupplementaryDataSD1.tsv","Burger","2019","Burger","secondary","Burger_etal_2019","Mean_brain_mass_g","mass_or_volume_mixed","mass_or_volume_mixed","Brain_Mass_mass_or_volume"
"Gerbillurus paeba","Brain_Mass","g",0.84,"0.84","g","10.1093%2Fjmammal%2Fgyz043_SupplementaryDataSD1.tsv","Burger","2019","Burger","secondary","Burger_etal_2019","Mean_brain_mass_g","mass_or_volume_mixed","mass_or_volume_mixed","Brain_Mass_mass_or_volume"
"Praomys morio","Brain_Mass","g",0.84,"0.84","g","10.1093%2Fjmammal%2Fgyz043_SupplementaryDataSD1.tsv","Burger","2019","Burger","secondary","Burger_etal_2019","Mean_brain_mass_g","mass_or_volume_mixed","mass_or_volume_mixed","Brain_Mass_mass_or_volume"
"Dicrostonyx torquatus","Brain_Mass","g",0.84,"0.84","g","10.1093%2Fjmammal%2Fgyz043_SupplementaryDataSD1.tsv","Burger","2019","Burger","secondary","Burger_etal_2019","Mean_brain_mass_g","mass_or_volume_mixed","mass_or_volume_mixed","Brain_Mass_mass_or_volume"
"Lemniscomys striatus","Brain_Mass","g",0.85,"0.85","g","10.1093%2Fjmammal%2Fgyz043_SupplementaryDataSD1.tsv","Burger","2019","Burger","secondary","Burger_etal_2019","Mean_brain_mass_g","mass_or_volume_mixed","mass_or_volume_mixed","Brain_Mass_mass_or_volume"
"Praomys tullbergi","Brain_Mass","g",0.86,"0.86","g","10.1093%2Fjmammal%2Fgyz043_SupplementaryDataSD1.tsv","Burger","2019","Burger","secondary","Burger_etal_2019","Mean_brain_mass_g","mass_or_volume_mixed","mass_or_volume_mixed","Brain_Mass_mass_or_volume"
"Lemmus lemmus","Brain_Mass","g",0.86,"0.86","g","10.1093%2Fjmammal%2Fgyz043_SupplementaryDataSD1.tsv","Burger","2019","Burger","secondary","Burger_etal_2019","Mean_brain_mass_g","mass_or_volume_mixed","mass_or_volume_mixed","Brain_Mass_mass_or_volume"
"Gerbillus pyramidum","Brain_Mass","g",0.88,"0.88","g","10.1093%2Fjmammal%2Fgyz043_SupplementaryDataSD1.tsv","Burger","2019","Burger","secondary","Burger_etal_2019","Mean_brain_mass_g","mass_or_volume_mixed","mass_or_volume_mixed","Brain_Mass_mass_or_volume"
"Microtus townsendii","Brain_Mass","g",0.88,"0.88","g","10.1093%2Fjmammal%2Fgyz043_SupplementaryDataSD1.tsv","Burger","2019","Burger","secondary","Burger_etal_2019","Mean_brain_mass_g","mass_or_volume_mixed","mass_or_volume_mixed","Brain_Mass_mass_or_volume"
"Oryzomys palustris","Brain_Mass","g",0.88,"0.88","g","10.1093%2Fjmammal%2Fgyz043_SupplementaryDataSD1.tsv","Burger","2019","Burger","secondary","Burger_etal_2019","Mean_brain_mass_g","mass_or_volume_mixed","mass_or_volume_mixed","Brain_Mass_mass_or_volume"
"Rattus exulans","Brain_Mass","g",0.89,"0.89","g","10.1093%2Fjmammal%2Fgyz043_SupplementaryDataSD1.tsv","Burger","2019","Burger","secondary","Burger_etal_2019","Mean_brain_mass_g","mass_or_volume_mixed","mass_or_volume_mixed","Brain_Mass_mass_or_volume"
"Micaelamys namaquensis","Brain_Mass","g",0.89,"0.89","g","10.1093%2Fjmammal%2Fgyz043_SupplementaryDataSD1.tsv","Burger","2019","Burger","secondary","Burger_etal_2019","Mean_brain_mass_g","mass_or_volume_mixed","mass_or_volume_mixed","Brain_Mass_mass_or_volume"
"Dicrostonyx richardsoni","Brain_Mass","g",0.8983,"0.8983","g","10.1093%2Fjmammal%2Fgyz043_SupplementaryDataSD1.tsv","Burger","2019","Burger","secondary","Burger_etal_2019","Mean_brain_mass_g","mass_or_volume_mixed","mass_or_volume_mixed","Brain_Mass_mass_or_volume"
"Dipodillus campestris","Brain_Mass","g",0.9,"0.9","g","10.1093%2Fjmammal%2Fgyz043_SupplementaryDataSD1.tsv","Burger","2019","Burger","secondary","Burger_etal_2019","Mean_brain_mass_g","mass_or_volume_mixed","mass_or_volume_mixed","Brain_Mass_mass_or_volume"
"Lemmus trimucronatus","Brain_Mass","g",0.9,"0.9","g","10.1093%2Fjmammal%2Fgyz043_SupplementaryDataSD1.tsv","Burger","2019","Burger","secondary","Burger_etal_2019","Mean_brain_mass_g","mass_or_volume_mixed","mass_or_volume_mixed","Brain_Mass_mass_or_volume"
"Peromyscus californicus","Brain_Mass","g",0.91,"0.91","g","10.1093%2Fjmammal%2Fgyz043_SupplementaryDataSD1.tsv","Burger","2019","Burger","secondary","Burger_etal_2019","Mean_brain_mass_g","mass_or_volume_mixed","mass_or_volume_mixed","Brain_Mass_mass_or_volume"
"Peromyscus aztecus","Brain_Mass","g",0.92,"0.92","g","10.1093%2Fjmammal%2Fgyz043_SupplementaryDataSD1.tsv","Burger","2019","Burger","secondary","Burger_etal_2019","Mean_brain_mass_g","mass_or_volume_mixed","mass_or_volume_mixed","Brain_Mass_mass_or_volume"
"Podomys floridanus","Brain_Mass","g",0.94,"0.94","g","10.1093%2Fjmammal%2Fgyz043_SupplementaryDataSD1.tsv","Burger","2019","Burger","secondary","Burger_etal_2019","Mean_brain_mass_g","mass_or_volume_mixed","mass_or_volume_mixed","Brain_Mass_mass_or_volume"
"Peromyscus melanophrys","Brain_Mass","g",0.94,"0.94","g","10.1093%2Fjmammal%2Fgyz043_SupplementaryDataSD1.tsv","Burger","2019","Burger","secondary","Burger_etal_2019","Mean_brain_mass_g","mass_or_volume_mixed","mass_or_volume_mixed","Brain_Mass_mass_or_volume"
"Mus musculoides","Brain_Mass","g",0.96,"0.96","g","10.1093%2Fjmammal%2Fgyz043_SupplementaryDataSD1.tsv","Burger","2019","Burger","secondary","Burger_etal_2019","Mean_brain_mass_g","mass_or_volume_mixed","mass_or_volume_mixed","Brain_Mass_mass_or_volume"
"Notomys alexis","Brain_Mass","g",0.96,"0.96","g","10.1093%2Fjmammal%2Fgyz043_SupplementaryDataSD1.tsv","Burger","2019","Burger","secondary","Burger_etal_2019","Mean_brain_mass_g","mass_or_volume_mixed","mass_or_volume_mixed","Brain_Mass_mass_or_volume"
"Grammomys cometes","Brain_Mass","g",0.96,"0.96","g","10.1093%2Fjmammal%2Fgyz043_SupplementaryDataSD1.tsv","Burger","2019","Burger","secondary","Burger_etal_2019","Mean_brain_mass_g","mass_or_volume_mixed","mass_or_volume_mixed","Brain_Mass_mass_or_volume"
"Meriones hurrianae","Brain_Mass","g",0.97,"0.97","g","10.1093%2Fjmammal%2Fgyz043_SupplementaryDataSD1.tsv","Burger","2019","Burger","secondary","Burger_etal_2019","Mean_brain_mass_g","mass_or_volume_mixed","mass_or_volume_mixed","Brain_Mass_mass_or_volume"
"Lophuromys flavopunctatus","Brain_Mass","g",1.01,"1.01","g","10.1093%2Fjmammal%2Fgyz043_SupplementaryDataSD1.tsv","Burger","2019","Burger","secondary","Burger_etal_2019","Mean_brain_mass_g","mass_or_volume_mixed","mass_or_volume_mixed","Brain_Mass_mass_or_volume"
"Peromyscus mexicanus","Brain_Mass","g",1.02,"1.02","g","10.1093%2Fjmammal%2Fgyz043_SupplementaryDataSD1.tsv","Burger","2019","Burger","secondary","Burger_etal_2019","Mean_brain_mass_g","mass_or_volume_mixed","mass_or_volume_mixed","Brain_Mass_mass_or_volume"
"Peromyscus melanocarpus","Brain_Mass","g",1.03,"1.03","g","10.1093%2Fjmammal%2Fgyz043_SupplementaryDataSD1.tsv","Burger","2019","Burger","secondary","Burger_etal_2019","Mean_brain_mass_g","mass_or_volume_mixed","mass_or_volume_mixed","Brain_Mass_mass_or_volume"
"Pseudomys hermannsburgensis","Brain_Mass","g",1.08,"1.08","g","10.1093%2Fjmammal%2Fgyz043_SupplementaryDataSD1.tsv","Burger","2019","Burger","secondary","Burger_etal_2019","Mean_brain_mass_g","mass_or_volume_mixed","mass_or_volume_mixed","Brain_Mass_mass_or_volume"
"Nyctomys sumichrasti","Brain_Mass","g",1.08,"1.08","g","10.1093%2Fjmammal%2Fgyz043_SupplementaryDataSD1.tsv","Burger","2019","Burger","secondary","Burger_etal_2019","Mean_brain_mass_g","mass_or_volume_mixed","mass_or_volume_mixed","Brain_Mass_mass_or_volume"
"Dipodomys merriami","Brain_Mass","g",1.1,"1.1","g","10.1093%2Fjmammal%2Fgyz043_SupplementaryDataSD1.tsv","Burger","2019","Burger","secondary","Burger_etal_2019","Mean_brain_mass_g","mass_or_volume_mixed","mass_or_volume_mixed","Brain_Mass_mass_or_volume"
"Rattus niobe","Brain_Mass","g",1.1,"1.1","g","10.1093%2Fjmammal%2Fgyz043_SupplementaryDataSD1.tsv","Burger","2019","Burger","secondary","Burger_etal_2019","Mean_brain_mass_g","mass_or_volume_mixed","mass_or_volume_mixed","Brain_Mass_mass_or_volume"
"Hybomys trivirgatus","Brain_Mass","g",1.1,"1.1","g","10.1093%2Fjmammal%2Fgyz043_SupplementaryDataSD1.tsv","Burger","2019","Burger","secondary","Burger_etal_2019","Mean_brain_mass_g","mass_or_volume_mixed","mass_or_volume_mixed","Brain_Mass_mass_or_volume"
"Beamys hindei","Brain_Mass","g",1.11,"1.11","g","10.1093%2Fjmammal%2Fgyz043_SupplementaryDataSD1.tsv","Burger","2019","Burger","secondary","Burger_etal_2019","Mean_brain_mass_g","mass_or_volume_mixed","mass_or_volume_mixed","Brain_Mass_mass_or_volume"
"Peromyscus megalops","Brain_Mass","g",1.12,"1.12","g","10.1093%2Fjmammal%2Fgyz043_SupplementaryDataSD1.tsv","Burger","2019","Burger","secondary","Burger_etal_2019","Mean_brain_mass_g","mass_or_volume_mixed","mass_or_volume_mixed","Brain_Mass_mass_or_volume"
"Pogonomys sylvestris","Brain_Mass","g",1.13,"1.13","g","10.1093%2Fjmammal%2Fgyz043_SupplementaryDataSD1.tsv","Burger","2019","Burger","secondary","Burger_etal_2019","Mean_brain_mass_g","mass_or_volume_mixed","mass_or_volume_mixed","Brain_Mass_mass_or_volume"
"Meriones unguiculatus","Brain_Mass","g",1.13,"1.13","g","10.1093%2Fjmammal%2Fgyz043_SupplementaryDataSD1.tsv","Burger","2019","Burger","secondary","Burger_etal_2019","Mean_brain_mass_g","mass_or_volume_mixed","mass_or_volume_mixed","Brain_Mass_mass_or_volume"
"Lophuromys sikapusi","Brain_Mass","g",1.13,"1.13","g","10.1093%2Fjmammal%2Fgyz043_SupplementaryDataSD1.tsv","Burger","2019","Burger","secondary","Burger_etal_2019","Mean_brain_mass_g","mass_or_volume_mixed","mass_or_volume_mixed","Brain_Mass_mass_or_volume"
"Heteromys desmarestianus","Brain_Mass","g",1.13,"1.13","g","10.1093%2Fjmammal%2Fgyz043_SupplementaryDataSD1.tsv","Burger","2019","Burger","secondary","Burger_etal_2019","Mean_brain_mass_g","mass_or_volume_mixed","mass_or_volume_mixed","Brain_Mass_mass_or_volume"
"Sigmodon hispidus","Brain_Mass","g",1.14,"1.14","g","10.1093%2Fjmammal%2Fgyz043_SupplementaryDataSD1.tsv","Burger","2019","Burger","secondary","Burger_etal_2019","Mean_brain_mass_g","mass_or_volume_mixed","mass_or_volume_mixed","Brain_Mass_mass_or_volume"
"Pseudomys australis","Brain_Mass","g",1.16,"1.16","g","10.1093%2Fjmammal%2Fgyz043_SupplementaryDataSD1.tsv","Burger","2019","Burger","secondary","Burger_etal_2019","Mean_brain_mass_g","mass_or_volume_mixed","mass_or_volume_mixed","Brain_Mass_mass_or_volume"
"Peromyscus guatemalensis","Brain_Mass","g",1.16,"1.16","g","10.1093%2Fjmammal%2Fgyz043_SupplementaryDataSD1.tsv","Burger","2019","Burger","secondary","Burger_etal_2019","Mean_brain_mass_g","mass_or_volume_mixed","mass_or_volume_mixed","Brain_Mass_mass_or_volume"
"Cryptomys hottentotus","Brain_Mass","g",1.17,"1.17","g","10.1093%2Fjmammal%2Fgyz043_SupplementaryDataSD1.tsv","Burger","2019","Burger","secondary","Burger_etal_2019","Mean_brain_mass_g","mass_or_volume_mixed","mass_or_volume_mixed","Brain_Mass_mass_or_volume"
"Malacomys edwardsi","Brain_Mass","g",1.18,"1.18","g","10.1093%2Fjmammal%2Fgyz043_SupplementaryDataSD1.tsv","Burger","2019","Burger","secondary","Burger_etal_2019","Mean_brain_mass_g","mass_or_volume_mixed","mass_or_volume_mixed","Brain_Mass_mass_or_volume"
"Dipodomys microps","Brain_Mass","g",1.22,"1.22","g","10.1093%2Fjmammal%2Fgyz043_SupplementaryDataSD1.tsv","Burger","2019","Burger","secondary","Burger_etal_2019","Mean_brain_mass_g","mass_or_volume_mixed","mass_or_volume_mixed","Brain_Mass_mass_or_volume"
"Thomomys talpoides","Brain_Mass","g",1.24,"1.24","g","10.1093%2Fjmammal%2Fgyz043_SupplementaryDataSD1.tsv","Burger","2019","Burger","secondary","Burger_etal_2019","Mean_brain_mass_g","mass_or_volume_mixed","mass_or_volume_mixed","Brain_Mass_mass_or_volume"
"Aethomys chrysophilus","Brain_Mass","g",1.25,"1.25","g","10.1093%2Fjmammal%2Fgyz043_SupplementaryDataSD1.tsv","Burger","2019","Burger","secondary","Burger_etal_2019","Mean_brain_mass_g","mass_or_volume_mixed","mass_or_volume_mixed","Brain_Mass_mass_or_volume"
"Megadontomys thomasi","Brain_Mass","g",1.26,"1.26","g","10.1093%2Fjmammal%2Fgyz043_SupplementaryDataSD1.tsv","Burger","2019","Burger","secondary","Burger_etal_2019","Mean_brain_mass_g","mass_or_volume_mixed","mass_or_volume_mixed","Brain_Mass_mass_or_volume"
"Paramelomys rubex","Brain_Mass","g",1.27,"1.27","g","10.1093%2Fjmammal%2Fgyz043_SupplementaryDataSD1.tsv","Burger","2019","Burger","secondary","Burger_etal_2019","Mean_brain_mass_g","mass_or_volume_mixed","mass_or_volume_mixed","Brain_Mass_mass_or_volume"
"Tscherskia triton","Brain_Mass","g",1.29,"1.29","g","10.1093%2Fjmammal%2Fgyz043_SupplementaryDataSD1.tsv","Burger","2019","Burger","secondary","Burger_etal_2019","Mean_brain_mass_g","mass_or_volume_mixed","mass_or_volume_mixed","Brain_Mass_mass_or_volume"
"Melomys rufescens","Brain_Mass","g",1.29,"1.29","g","10.1093%2Fjmammal%2Fgyz043_SupplementaryDataSD1.tsv","Burger","2019","Burger","secondary","Burger_etal_2019","Mean_brain_mass_g","mass_or_volume_mixed","mass_or_volume_mixed","Brain_Mass_mass_or_volume"
"Melomys cervinipes","Brain_Mass","g",1.31,"1.31","g","10.1093%2Fjmammal%2Fgyz043_SupplementaryDataSD1.tsv","Burger","2019","Burger","secondary","Burger_etal_2019","Mean_brain_mass_g","mass_or_volume_mixed","mass_or_volume_mixed","Brain_Mass_mass_or_volume"
"Dipodillus dasyurus","Brain_Mass","g",1.32,"1.32","g","10.1093%2Fjmammal%2Fgyz043_SupplementaryDataSD1.tsv","Burger","2019","Burger","secondary","Burger_etal_2019","Mean_brain_mass_g","mass_or_volume_mixed","mass_or_volume_mixed","Brain_Mass_mass_or_volume"
"Ototylomys phyllotis","Brain_Mass","g",1.33,"1.33","g","10.1093%2Fjmammal%2Fgyz043_SupplementaryDataSD1.tsv","Burger","2019","Burger","secondary","Burger_etal_2019","Mean_brain_mass_g","mass_or_volume_mixed","mass_or_volume_mixed","Brain_Mass_mass_or_volume"
"Arvicanthis niloticus","Brain_Mass","g",1.33,"1.33","g","10.1093%2Fjmammal%2Fgyz043_SupplementaryDataSD1.tsv","Burger","2019","Burger","secondary","Burger_etal_2019","Mean_brain_mass_g","mass_or_volume_mixed","mass_or_volume_mixed","Brain_Mass_mass_or_volume"
"Dipodomys agilis","Brain_Mass","g",1.34,"1.34","g","10.1093%2Fjmammal%2Fgyz043_SupplementaryDataSD1.tsv","Burger","2019","Burger","secondary","Burger_etal_2019","Mean_brain_mass_g","mass_or_volume_mixed","mass_or_volume_mixed","Brain_Mass_mass_or_volume"
"Otomys irroratus","Brain_Mass","g",1.38,"1.38","g","10.1093%2Fjmammal%2Fgyz043_SupplementaryDataSD1.tsv","Burger","2019","Burger","secondary","Burger_etal_2019","Mean_brain_mass_g","mass_or_volume_mixed","mass_or_volume_mixed","Brain_Mass_mass_or_volume"
"Tamias amoenus","Brain_Mass","g",1.39,"1.39","g","10.1093%2Fjmammal%2Fgyz043_SupplementaryDataSD1.tsv","Burger","2019","Burger","secondary","Burger_etal_2019","Mean_brain_mass_g","mass_or_volume_mixed","mass_or_volume_mixed","Brain_Mass_mass_or_volume"
"Mystromys albicaudatus","Brain_Mass","g",1.39,"1.39","g","10.1093%2Fjmammal%2Fgyz043_SupplementaryDataSD1.tsv","Burger","2019","Burger","secondary","Burger_etal_2019","Mean_brain_mass_g","mass_or_volume_mixed","mass_or_volume_mixed","Brain_Mass_mass_or_volume"
"Rattus tunneyi","Brain_Mass","g",1.41,"1.41","g","10.1093%2Fjmammal%2Fgyz043_SupplementaryDataSD1.tsv","Burger","2019","Burger","secondary","Burger_etal_2019","Mean_brain_mass_g","mass_or_volume_mixed","mass_or_volume_mixed","Brain_Mass_mass_or_volume"
"Holochilus sciureus","Brain_Mass","g",1.41,"1.41","g","10.1093%2Fjmammal%2Fgyz043_SupplementaryDataSD1.tsv","Burger","2019","Burger","secondary","Burger_etal_2019","Mean_brain_mass_g","mass_or_volume_mixed","mass_or_volume_mixed","Brain_Mass_mass_or_volume"
"Aethomys hindei","Brain_Mass","g",1.42,"1.42","g","10.1093%2Fjmammal%2Fgyz043_SupplementaryDataSD1.tsv","Burger","2019","Burger","secondary","Burger_etal_2019","Mean_brain_mass_g","mass_or_volume_mixed","mass_or_volume_mixed","Brain_Mass_mass_or_volume"
"Pogonomys macrourus","Brain_Mass","g",1.43,"1.43","g","10.1093%2Fjmammal%2Fgyz043_SupplementaryDataSD1.tsv","Burger","2019","Burger","secondary","Burger_etal_2019","Mean_brain_mass_g","mass_or_volume_mixed","mass_or_volume_mixed","Brain_Mass_mass_or_volume"
"Heliophobius argenteocinereus","Brain_Mass","g",1.43,"1.43","g","10.1093%2Fjmammal%2Fgyz043_SupplementaryDataSD1.tsv","Burger","2019","Burger","secondary","Burger_etal_2019","Mean_brain_mass_g","mass_or_volume_mixed","mass_or_volume_mixed","Brain_Mass_mass_or_volume"
"Dipodomys heermanni","Brain_Mass","g",1.44,"1.44","g","10.1093%2Fjmammal%2Fgyz043_SupplementaryDataSD1.tsv","Burger","2019","Burger","secondary","Burger_etal_2019","Mean_brain_mass_g","mass_or_volume_mixed","mass_or_volume_mixed","Brain_Mass_mass_or_volume"
"Dipodomys ordii","Brain_Mass","g",1.45,"1.45","g","10.1093%2Fjmammal%2Fgyz043_SupplementaryDataSD1.tsv","Burger","2019","Burger","secondary","Burger_etal_2019","Mean_brain_mass_g","mass_or_volume_mixed","mass_or_volume_mixed","Brain_Mass_mass_or_volume"
"Thomomys bottae","Brain_Mass","g",1.47,"1.47","g","10.1093%2Fjmammal%2Fgyz043_SupplementaryDataSD1.tsv","Burger","2019","Burger","secondary","Burger_etal_2019","Mean_brain_mass_g","mass_or_volume_mixed","mass_or_volume_mixed","Brain_Mass_mass_or_volume"
"Rattus verecundus","Brain_Mass","g",1.48,"1.48","g","10.1093%2Fjmammal%2Fgyz043_SupplementaryDataSD1.tsv","Burger","2019","Burger","secondary","Burger_etal_2019","Mean_brain_mass_g","mass_or_volume_mixed","mass_or_volume_mixed","Brain_Mass_mass_or_volume"
"Abeomelomys sevia","Brain_Mass","g",1.49,"1.49","g","10.1093%2Fjmammal%2Fgyz043_SupplementaryDataSD1.tsv","Burger","2019","Burger","secondary","Burger_etal_2019","Mean_brain_mass_g","mass_or_volume_mixed","mass_or_volume_mixed","Brain_Mass_mass_or_volume"
"Jaculus jaculus","Brain_Mass","g",1.53,"1.53","g","10.1093%2Fjmammal%2Fgyz043_SupplementaryDataSD1.tsv","Burger","2019","Burger","secondary","Burger_etal_2019","Mean_brain_mass_g","mass_or_volume_mixed","mass_or_volume_mixed","Brain_Mass_mass_or_volume"
"Peromyscus grandis","Brain_Mass","g",1.53,"1.53","g","10.1093%2Fjmammal%2Fgyz043_SupplementaryDataSD1.tsv","Burger","2019","Burger","secondary","Burger_etal_2019","Mean_brain_mass_g","mass_or_volume_mixed","mass_or_volume_mixed","Brain_Mass_mass_or_volume"
"Grammomys poensis","Brain_Mass","g",1.55,"1.55","g","10.1093%2Fjmammal%2Fgyz043_SupplementaryDataSD1.tsv","Burger","2019","Burger","secondary","Burger_etal_2019","Mean_brain_mass_g","mass_or_volume_mixed","mass_or_volume_mixed","Brain_Mass_mass_or_volume"
"Gerbilliscus afra","Brain_Mass","g",1.56,"1.56","g","10.1093%2Fjmammal%2Fgyz043_SupplementaryDataSD1.tsv","Burger","2019","Burger","secondary","Burger_etal_2019","Mean_brain_mass_g","mass_or_volume_mixed","mass_or_volume_mixed","Brain_Mass_mass_or_volume"
"Gerbilliscus brantsii","Brain_Mass","g",1.56,"1.56","g","10.1093%2Fjmammal%2Fgyz043_SupplementaryDataSD1.tsv","Burger","2019","Burger","secondary","Burger_etal_2019","Mean_brain_mass_g","mass_or_volume_mixed","mass_or_volume_mixed","Brain_Mass_mass_or_volume"
"Spalacopus cyanus","Brain_Mass","g",1.58,"1.58","g","10.1093%2Fjmammal%2Fgyz043_SupplementaryDataSD1.tsv","Burger","2019","Burger","secondary","Burger_etal_2019","Mean_brain_mass_g","mass_or_volume_mixed","mass_or_volume_mixed","Brain_Mass_mass_or_volume"
"Tamias minimus","Brain_Mass","g",1.6,"1.6","g","10.1093%2Fjmammal%2Fgyz043_SupplementaryDataSD1.tsv","Burger","2019","Burger","secondary","Burger_etal_2019","Mean_brain_mass_g","mass_or_volume_mixed","mass_or_volume_mixed","Brain_Mass_mass_or_volume"
"Spermophilus canus","Brain_Mass","g",1.6,"1.6","g","10.1093%2Fjmammal%2Fgyz043_SupplementaryDataSD1.tsv","Burger","2019","Burger","secondary","Burger_etal_2019","Mean_brain_mass_g","mass_or_volume_mixed","mass_or_volume_mixed","Brain_Mass_mass_or_volume"
"Maxomys whiteheadi","Brain_Mass","g",1.62,"1.62","g","10.1093%2Fjmammal%2Fgyz043_SupplementaryDataSD1.tsv","Burger","2019","Burger","secondary","Burger_etal_2019","Mean_brain_mass_g","mass_or_volume_mixed","mass_or_volume_mixed","Brain_Mass_mass_or_volume"
"Rattus lutreolus","Brain_Mass","g",1.64,"1.64","g","10.1093%2Fjmammal%2Fgyz043_SupplementaryDataSD1.tsv","Burger","2019","Burger","secondary","Burger_etal_2019","Mean_brain_mass_g","mass_or_volume_mixed","mass_or_volume_mixed","Brain_Mass_mass_or_volume"
"Arvicola amphibius","Brain_Mass","g",1.64,"1.64","g","10.1093%2Fjmammal%2Fgyz043_SupplementaryDataSD1.tsv","Burger","2019","Burger","secondary","Burger_etal_2019","Mean_brain_mass_g","mass_or_volume_mixed","mass_or_volume_mixed","Brain_Mass_mass_or_volume"
"Cremnomys cutchicus","Brain_Mass","g",1.67,"1.67","g","10.1093%2Fjmammal%2Fgyz043_SupplementaryDataSD1.tsv","Burger","2019","Burger","secondary","Burger_etal_2019","Mean_brain_mass_g","mass_or_volume_mixed","mass_or_volume_mixed","Brain_Mass_mass_or_volume"
"Spermophilus mollis","Brain_Mass","g",1.67,"1.67","g","10.1093%2Fjmammal%2Fgyz043_SupplementaryDataSD1.tsv","Burger","2019","Burger","secondary","Burger_etal_2019","Mean_brain_mass_g","mass_or_volume_mixed","mass_or_volume_mixed","Brain_Mass_mass_or_volume"
"Spermophilus tereticaudus","Brain_Mass","g",1.68,"1.68","g","10.1093%2Fjmammal%2Fgyz043_SupplementaryDataSD1.tsv","Burger","2019","Burger","secondary","Burger_etal_2019","Mean_brain_mass_g","mass_or_volume_mixed","mass_or_volume_mixed","Brain_Mass_mass_or_volume"
"Rattus fuscipes","Brain_Mass","g",1.69,"1.69","g","10.1093%2Fjmammal%2Fgyz043_SupplementaryDataSD1.tsv","Burger","2019","Burger","secondary","Burger_etal_2019","Mean_brain_mass_g","mass_or_volume_mixed","mass_or_volume_mixed","Brain_Mass_mass_or_volume"
"Tamias quadrivittatus","Brain_Mass","g",1.7,"1.7","g","10.1093%2Fjmammal%2Fgyz043_SupplementaryDataSD1.tsv","Burger","2019","Burger","secondary","Burger_etal_2019","Mean_brain_mass_g","mass_or_volume_mixed","mass_or_volume_mixed","Brain_Mass_mass_or_volume"
"Rattus nitidus","Brain_Mass","g",1.7,"1.7","g","10.1093%2Fjmammal%2Fgyz043_SupplementaryDataSD1.tsv","Burger","2019","Burger","secondary","Burger_etal_2019","Mean_brain_mass_g","mass_or_volume_mixed","mass_or_volume_mixed","Brain_Mass_mass_or_volume"
"Rattus sordidus","Brain_Mass","g",1.7,"1.7","g","10.1093%2Fjmammal%2Fgyz043_SupplementaryDataSD1.tsv","Burger","2019","Burger","secondary","Burger_etal_2019","Mean_brain_mass_g","mass_or_volume_mixed","mass_or_volume_mixed","Brain_Mass_mass_or_volume"
"Glaucomys volans","Brain_Mass","g",1.71,"1.71","g","10.1093%2Fjmammal%2Fgyz043_SupplementaryDataSD1.tsv","Burger","2019","Burger","secondary","Burger_etal_2019","Mean_brain_mass_g","mass_or_volume_mixed","mass_or_volume_mixed","Brain_Mass_mass_or_volume"
"Isthmomys pirrensis","Brain_Mass","g",1.71,"1.71","g","10.1093%2Fjmammal%2Fgyz043_SupplementaryDataSD1.tsv","Burger","2019","Burger","secondary","Burger_etal_2019","Mean_brain_mass_g","mass_or_volume_mixed","mass_or_volume_mixed","Brain_Mass_mass_or_volume"
"Dipodomys deserti","Brain_Mass","g",1.74,"1.74","g","10.1093%2Fjmammal%2Fgyz043_SupplementaryDataSD1.tsv","Burger","2019","Burger","secondary","Burger_etal_2019","Mean_brain_mass_g","mass_or_volume_mixed","mass_or_volume_mixed","Brain_Mass_mass_or_volume"
"Spermophilus washingtoni","Brain_Mass","g",1.8,"1.8","g","10.1093%2Fjmammal%2Fgyz043_SupplementaryDataSD1.tsv","Burger","2019","Burger","secondary","Burger_etal_2019","Mean_brain_mass_g","mass_or_volume_mixed","mass_or_volume_mixed","Brain_Mass_mass_or_volume"
"Tamias panamintinus","Brain_Mass","g",1.83,"1.83","g","10.1093%2Fjmammal%2Fgyz043_SupplementaryDataSD1.tsv","Burger","2019","Burger","secondary","Burger_etal_2019","Mean_brain_mass_g","mass_or_volume_mixed","mass_or_volume_mixed","Brain_Mass_mass_or_volume"
"Geomys bursarius","Brain_Mass","g",1.83,"1.83","g","10.1093%2Fjmammal%2Fgyz043_SupplementaryDataSD1.tsv","Burger","2019","Burger","secondary","Burger_etal_2019","Mean_brain_mass_g","mass_or_volume_mixed","mass_or_volume_mixed","Brain_Mass_mass_or_volume"
"Tatera indica","Brain_Mass","g",1.84,"1.84","g","10.1093%2Fjmammal%2Fgyz043_SupplementaryDataSD1.tsv","Burger","2019","Burger","secondary","Burger_etal_2019","Mean_brain_mass_g","mass_or_volume_mixed","mass_or_volume_mixed","Brain_Mass_mass_or_volume"
"Tamias speciosus","Brain_Mass","g",1.86,"1.86","g","10.1093%2Fjmammal%2Fgyz043_SupplementaryDataSD1.tsv","Burger","2019","Burger","secondary","Burger_etal_2019","Mean_brain_mass_g","mass_or_volume_mixed","mass_or_volume_mixed","Brain_Mass_mass_or_volume"
"Paramelomys levipes","Brain_Mass","g",1.86,"1.86","g","10.1093%2Fjmammal%2Fgyz043_SupplementaryDataSD1.tsv","Burger","2019","Burger","secondary","Burger_etal_2019","Mean_brain_mass_g","mass_or_volume_mixed","mass_or_volume_mixed","Brain_Mass_mass_or_volume"
"Hylopetes spadiceus","Brain_Mass","g",1.87,"1.87","g","10.1093%2Fjmammal%2Fgyz043_SupplementaryDataSD1.tsv","Burger","2019","Burger","secondary","Burger_etal_2019","Mean_brain_mass_g","mass_or_volume_mixed","mass_or_volume_mixed","Brain_Mass_mass_or_volume"
"Spalax ehrenbergi","Brain_Mass","g",1.88,"1.88","g","10.1093%2Fjmammal%2Fgyz043_SupplementaryDataSD1.tsv","Burger","2019","Burger","secondary","Burger_etal_2019","Mean_brain_mass_g","mass_or_volume_mixed","mass_or_volume_mixed","Brain_Mass_mass_or_volume"
"Tachyoryctes splendens","Brain_Mass","g",1.88,"1.88","g","10.1093%2Fjmammal%2Fgyz043_SupplementaryDataSD1.tsv","Burger","2019","Burger","secondary","Burger_etal_2019","Mean_brain_mass_g","mass_or_volume_mixed","mass_or_volume_mixed","Brain_Mass_mass_or_volume"
"Spermophilus townsendii","Brain_Mass","g",1.89,"1.89","g","10.1093%2Fjmammal%2Fgyz043_SupplementaryDataSD1.tsv","Burger","2019","Burger","secondary","Burger_etal_2019","Mean_brain_mass_g","mass_or_volume_mixed","mass_or_volume_mixed","Brain_Mass_mass_or_volume"
"Rattus morotaiensis","Brain_Mass","g",1.92,"1.92","g","10.1093%2Fjmammal%2Fgyz043_SupplementaryDataSD1.tsv","Burger","2019","Burger","secondary","Burger_etal_2019","Mean_brain_mass_g","mass_or_volume_mixed","mass_or_volume_mixed","Brain_Mass_mass_or_volume"
"Dipodomys spectabilis","Brain_Mass","g",1.93,"1.93","g","10.1093%2Fjmammal%2Fgyz043_SupplementaryDataSD1.tsv","Burger","2019","Burger","secondary","Burger_etal_2019","Mean_brain_mass_g","mass_or_volume_mixed","mass_or_volume_mixed","Brain_Mass_mass_or_volume"
"Pectinator spekei","Brain_Mass","g",1.93,"1.93","g","10.1093%2Fjmammal%2Fgyz043_SupplementaryDataSD1.tsv","Burger","2019","Burger","secondary","Burger_etal_2019","Mean_brain_mass_g","mass_or_volume_mixed","mass_or_volume_mixed","Brain_Mass_mass_or_volume"
"Tamiops mcclellandii","Brain_Mass","g",1.95,"1.95","g","10.1093%2Fjmammal%2Fgyz043_SupplementaryDataSD1.tsv","Burger","2019","Burger","secondary","Burger_etal_2019","Mean_brain_mass_g","mass_or_volume_mixed","mass_or_volume_mixed","Brain_Mass_mass_or_volume"
"Tamias dorsalis","Brain_Mass","g",1.98,"1.98","g","10.1093%2Fjmammal%2Fgyz043_SupplementaryDataSD1.tsv","Burger","2019","Burger","secondary","Burger_etal_2019","Mean_brain_mass_g","mass_or_volume_mixed","mass_or_volume_mixed","Brain_Mass_mass_or_volume"
"Tamias palmeri","Brain_Mass","g",1.99,"1.99","g","10.1093%2Fjmammal%2Fgyz043_SupplementaryDataSD1.tsv","Burger","2019","Burger","secondary","Burger_etal_2019","Mean_brain_mass_g","mass_or_volume_mixed","mass_or_volume_mixed","Brain_Mass_mass_or_volume"
"Spermophilus mohavensis","Brain_Mass","g",2.03,"2.03","g","10.1093%2Fjmammal%2Fgyz043_SupplementaryDataSD1.tsv","Burger","2019","Burger","secondary","Burger_etal_2019","Mean_brain_mass_g","mass_or_volume_mixed","mass_or_volume_mixed","Brain_Mass_mass_or_volume"
"Funambulus pennantii","Brain_Mass","g",2.1,"2.1","g","10.1093%2Fjmammal%2Fgyz043_SupplementaryDataSD1.tsv","Burger","2019","Burger","secondary","Burger_etal_2019","Mean_brain_mass_g","mass_or_volume_mixed","mass_or_volume_mixed","Brain_Mass_mass_or_volume"
"Spermophilus brunneus","Brain_Mass","g",2.11,"2.11","g","10.1093%2Fjmammal%2Fgyz043_SupplementaryDataSD1.tsv","Burger","2019","Burger","secondary","Burger_etal_2019","Mean_brain_mass_g","mass_or_volume_mixed","mass_or_volume_mixed","Brain_Mass_mass_or_volume"
"Tamias quadrimaculatus","Brain_Mass","g",2.16,"2.16","g","10.1093%2Fjmammal%2Fgyz043_SupplementaryDataSD1.tsv","Burger","2019","Burger","secondary","Burger_etal_2019","Mean_brain_mass_g","mass_or_volume_mixed","mass_or_volume_mixed","Brain_Mass_mass_or_volume"
"Tamias striatus","Brain_Mass","g",2.17,"2.17","g","10.1093%2Fjmammal%2Fgyz043_SupplementaryDataSD1.tsv","Burger","2019","Burger","secondary","Burger_etal_2019","Mean_brain_mass_g","mass_or_volume_mixed","mass_or_volume_mixed","Brain_Mass_mass_or_volume"
"Neotoma albigula","Brain_Mass","g",2.17,"2.17","g","10.1093%2Fjmammal%2Fgyz043_SupplementaryDataSD1.tsv","Burger","2019","Burger","secondary","Burger_etal_2019","Mean_brain_mass_g","mass_or_volume_mixed","mass_or_volume_mixed","Brain_Mass_mass_or_volume"
"Ammospermophilus leucurus","Brain_Mass","g",2.25,"2.25","g","10.1093%2Fjmammal%2Fgyz043_SupplementaryDataSD1.tsv","Burger","2019","Burger","secondary","Burger_etal_2019","Mean_brain_mass_g","mass_or_volume_mixed","mass_or_volume_mixed","Brain_Mass_mass_or_volume"
"Spermophilus tridecemlineatus","Brain_Mass","g",2.27,"2.27","g","10.1093%2Fjmammal%2Fgyz043_SupplementaryDataSD1.tsv","Burger","2019","Burger","secondary","Burger_etal_2019","Mean_brain_mass_g","mass_or_volume_mixed","mass_or_volume_mixed","Brain_Mass_mass_or_volume"
"Geomys breviceps","Brain_Mass","g",2.29,"2.29","g","10.1093%2Fjmammal%2Fgyz043_SupplementaryDataSD1.tsv","Burger","2019","Burger","secondary","Burger_etal_2019","Mean_brain_mass_g","mass_or_volume_mixed","mass_or_volume_mixed","Brain_Mass_mass_or_volume"
"Massoutiera mzabi","Brain_Mass","g",2.32,"2.32","g","10.1093%2Fjmammal%2Fgyz043_SupplementaryDataSD1.tsv","Burger","2019","Burger","secondary","Burger_etal_2019","Mean_brain_mass_g","mass_or_volume_mixed","mass_or_volume_mixed","Brain_Mass_mass_or_volume"
"Spermophilus spilosoma","Brain_Mass","g",2.37,"2.37","g","10.1093%2Fjmammal%2Fgyz043_SupplementaryDataSD1.tsv","Burger","2019","Burger","secondary","Burger_etal_2019","Mean_brain_mass_g","mass_or_volume_mixed","mass_or_volume_mixed","Brain_Mass_mass_or_volume"
"Ammospermophilus harrisii","Brain_Mass","g",2.405,"2.405","g","10.1093%2Fjmammal%2Fgyz043_SupplementaryDataSD1.tsv","Burger","2019","Burger","secondary","Burger_etal_2019","Mean_brain_mass_g","mass_or_volume_mixed","mass_or_volume_mixed","Brain_Mass_mass_or_volume"
"Tamias townsendii","Brain_Mass","g",2.44,"2.44","g","10.1093%2Fjmammal%2Fgyz043_SupplementaryDataSD1.tsv","Burger","2019","Burger","secondary","Burger_etal_2019","Mean_brain_mass_g","mass_or_volume_mixed","mass_or_volume_mixed","Brain_Mass_mass_or_volume"
"Spermophilus pygmaeus","Brain_Mass","g",2.44,"2.44","g","10.1093%2Fjmammal%2Fgyz043_SupplementaryDataSD1.tsv","Burger","2019","Burger","secondary","Burger_etal_2019","Mean_brain_mass_g","mass_or_volume_mixed","mass_or_volume_mixed","Brain_Mass_mass_or_volume"
"Ammospermophilus interpres","Brain_Mass","g",2.5,"2.5","g","10.1093%2Fjmammal%2Fgyz043_SupplementaryDataSD1.tsv","Burger","2019","Burger","secondary","Burger_etal_2019","Mean_brain_mass_g","mass_or_volume_mixed","mass_or_volume_mixed","Brain_Mass_mass_or_volume"
"Maxomys surifer","Brain_Mass","g",2.54,"2.54","g","10.1093%2Fjmammal%2Fgyz043_SupplementaryDataSD1.tsv","Burger","2019","Burger","secondary","Burger_etal_2019","Mean_brain_mass_g","mass_or_volume_mixed","mass_or_volume_mixed","Brain_Mass_mass_or_volume"
"Ammospermophilus insularis","Brain_Mass","g",2.55,"2.55","g","10.1093%2Fjmammal%2Fgyz043_SupplementaryDataSD1.tsv","Burger","2019","Burger","secondary","Burger_etal_2019","Mean_brain_mass_g","mass_or_volume_mixed","mass_or_volume_mixed","Brain_Mass_mass_or_volume"
"Spermophilus suslicus","Brain_Mass","g",2.55,"2.55","g","10.1093%2Fjmammal%2Fgyz043_SupplementaryDataSD1.tsv","Burger","2019","Burger","secondary","Burger_etal_2019","Mean_brain_mass_g","mass_or_volume_mixed","mass_or_volume_mixed","Brain_Mass_mass_or_volume"
"Spermophilus musicus","Brain_Mass","g",2.62,"2.62","g","10.1093%2Fjmammal%2Fgyz043_SupplementaryDataSD1.tsv","Burger","2019","Burger","secondary","Burger_etal_2019","Mean_brain_mass_g","mass_or_volume_mixed","mass_or_volume_mixed","Brain_Mass_mass_or_volume"
"Ammospermophilus nelsoni","Brain_Mass","g",2.625,"2.625","g","10.1093%2Fjmammal%2Fgyz043_SupplementaryDataSD1.tsv","Burger","2019","Burger","secondary","Burger_etal_2019","Mean_brain_mass_g","mass_or_volume_mixed","mass_or_volume_mixed","Brain_Mass_mass_or_volume"
"Neotoma cinerea","Brain_Mass","g",2.65,"2.65","g","10.1093%2Fjmammal%2Fgyz043_SupplementaryDataSD1.tsv","Burger","2019","Burger","secondary","Burger_etal_2019","Mean_brain_mass_g","mass_or_volume_mixed","mass_or_volume_mixed","Brain_Mass_mass_or_volume"
"Neotoma fuscipes","Brain_Mass","g",2.66,"2.66","g","10.1093%2Fjmammal%2Fgyz043_SupplementaryDataSD1.tsv","Burger","2019","Burger","secondary","Burger_etal_2019","Mean_brain_mass_g","mass_or_volume_mixed","mass_or_volume_mixed","Brain_Mass_mass_or_volume"
"Neotoma micropus","Brain_Mass","g",2.66,"2.66","g","10.1093%2Fjmammal%2Fgyz043_SupplementaryDataSD1.tsv","Burger","2019","Burger","secondary","Burger_etal_2019","Mean_brain_mass_g","mass_or_volume_mixed","mass_or_volume_mixed","Brain_Mass_mass_or_volume"
"Spermophilus madrensis","Brain_Mass","g",2.715,"2.715","g","10.1093%2Fjmammal%2Fgyz043_SupplementaryDataSD1.tsv","Burger","2019","Burger","secondary","Burger_etal_2019","Mean_brain_mass_g","mass_or_volume_mixed","mass_or_volume_mixed","Brain_Mass_mass_or_volume"
"Neofiber alleni","Brain_Mass","g",2.72,"2.72","g","10.1093%2Fjmammal%2Fgyz043_SupplementaryDataSD1.tsv","Burger","2019","Burger","secondary","Burger_etal_2019","Mean_brain_mass_g","mass_or_volume_mixed","mass_or_volume_mixed","Brain_Mass_mass_or_volume"
"Galea musteloides","Brain_Mass","g",2.72,"2.72","g","10.1093%2Fjmammal%2Fgyz043_SupplementaryDataSD1.tsv","Burger","2019","Burger","secondary","Burger_etal_2019","Mean_brain_mass_g","mass_or_volume_mixed","mass_or_volume_mixed","Brain_Mass_mass_or_volume"
"Spermophilus dauricus","Brain_Mass","g",2.75,"2.75","g","10.1093%2Fjmammal%2Fgyz043_SupplementaryDataSD1.tsv","Burger","2019","Burger","secondary","Burger_etal_2019","Mean_brain_mass_g","mass_or_volume_mixed","mass_or_volume_mixed","Brain_Mass_mass_or_volume"
"Spermophilus elegans","Brain_Mass","g",2.76,"2.76","g","10.1093%2Fjmammal%2Fgyz043_SupplementaryDataSD1.tsv","Burger","2019","Burger","secondary","Burger_etal_2019","Mean_brain_mass_g","mass_or_volume_mixed","mass_or_volume_mixed","Brain_Mass_mass_or_volume"
"Spermophilus perotensis","Brain_Mass","g",2.79,"2.79","g","10.1093%2Fjmammal%2Fgyz043_SupplementaryDataSD1.tsv","Burger","2019","Burger","secondary","Burger_etal_2019","Mean_brain_mass_g","mass_or_volume_mixed","mass_or_volume_mixed","Brain_Mass_mass_or_volume"
"Paraxerus cepapi","Brain_Mass","g",2.85,"2.85","g","10.1093%2Fjmammal%2Fgyz043_SupplementaryDataSD1.tsv","Burger","2019","Burger","secondary","Burger_etal_2019","Mean_brain_mass_g","mass_or_volume_mixed","mass_or_volume_mixed","Brain_Mass_mass_or_volume"
"Spermophilus alashanicus","Brain_Mass","g",2.89,"2.89","g","10.1093%2Fjmammal%2Fgyz043_SupplementaryDataSD1.tsv","Burger","2019","Burger","secondary","Burger_etal_2019","Mean_brain_mass_g","mass_or_volume_mixed","mass_or_volume_mixed","Brain_Mass_mass_or_volume"
"Spermophilus citellus","Brain_Mass","g",2.89,"2.89","g","10.1093%2Fjmammal%2Fgyz043_SupplementaryDataSD1.tsv","Burger","2019","Burger","secondary","Burger_etal_2019","Mean_brain_mass_g","mass_or_volume_mixed","mass_or_volume_mixed","Brain_Mass_mass_or_volume"
"Spermophilus beldingi","Brain_Mass","g",2.96,"2.96","g","10.1093%2Fjmammal%2Fgyz043_SupplementaryDataSD1.tsv","Burger","2019","Burger","secondary","Burger_etal_2019","Mean_brain_mass_g","mass_or_volume_mixed","mass_or_volume_mixed","Brain_Mass_mass_or_volume"
"Spermophilus adocetus","Brain_Mass","g",3.01,"3.01","g","10.1093%2Fjmammal%2Fgyz043_SupplementaryDataSD1.tsv","Burger","2019","Burger","secondary","Burger_etal_2019","Mean_brain_mass_g","mass_or_volume_mixed","mass_or_volume_mixed","Brain_Mass_mass_or_volume"
"Glaucomys sabrinus","Brain_Mass","g",3.01,"3.01","g","10.1093%2Fjmammal%2Fgyz043_SupplementaryDataSD1.tsv","Burger","2019","Burger","secondary","Burger_etal_2019","Mean_brain_mass_g","mass_or_volume_mixed","mass_or_volume_mixed","Brain_Mass_mass_or_volume"
"Neotoma floridana","Brain_Mass","g",3.04,"3.04","g","10.1093%2Fjmammal%2Fgyz043_SupplementaryDataSD1.tsv","Burger","2019","Burger","secondary","Burger_etal_2019","Mean_brain_mass_g","mass_or_volume_mixed","mass_or_volume_mixed","Brain_Mass_mass_or_volume"
"Spermophilus xanthoprymnus","Brain_Mass","g",3.04,"3.04","g","10.1093%2Fjmammal%2Fgyz043_SupplementaryDataSD1.tsv","Burger","2019","Burger","secondary","Burger_etal_2019","Mean_brain_mass_g","mass_or_volume_mixed","mass_or_volume_mixed","Brain_Mass_mass_or_volume"
"Spermophilus lateralis","Brain_Mass","g",3.06,"3.06","g","10.1093%2Fjmammal%2Fgyz043_SupplementaryDataSD1.tsv","Burger","2019","Burger","secondary","Burger_etal_2019","Mean_brain_mass_g","mass_or_volume_mixed","mass_or_volume_mixed","Brain_Mass_mass_or_volume"
"Spermophilus armatus","Brain_Mass","g",3.09,"3.09","g","10.1093%2Fjmammal%2Fgyz043_SupplementaryDataSD1.tsv","Burger","2019","Burger","secondary","Burger_etal_2019","Mean_brain_mass_g","mass_or_volume_mixed","mass_or_volume_mixed","Brain_Mass_mass_or_volume"
"Spermophilus richardsonii","Brain_Mass","g",3.18,"3.18","g","10.1093%2Fjmammal%2Fgyz043_SupplementaryDataSD1.tsv","Burger","2019","Burger","secondary","Burger_etal_2019","Mean_brain_mass_g","mass_or_volume_mixed","mass_or_volume_mixed","Brain_Mass_mass_or_volume"
"Iomys horsfieldii","Brain_Mass","g",3.38,"3.38","g","10.1093%2Fjmammal%2Fgyz043_SupplementaryDataSD1.tsv","Burger","2019","Burger","secondary","Burger_etal_2019","Mean_brain_mass_g","mass_or_volume_mixed","mass_or_volume_mixed","Brain_Mass_mass_or_volume"
"Spermophilus saturatus","Brain_Mass","g",3.38,"3.38","g","10.1093%2Fjmammal%2Fgyz043_SupplementaryDataSD1.tsv","Burger","2019","Burger","secondary","Burger_etal_2019","Mean_brain_mass_g","mass_or_volume_mixed","mass_or_volume_mixed","Brain_Mass_mass_or_volume"
"Leopoldamys siporanus","Brain_Mass","g",3.39,"3.39","g","10.1093%2Fjmammal%2Fgyz043_SupplementaryDataSD1.tsv","Burger","2019","Burger","secondary","Burger_etal_2019","Mean_brain_mass_g","mass_or_volume_mixed","mass_or_volume_mixed","Brain_Mass_mass_or_volume"
"Spermophilus erythrogenys","Brain_Mass","g",3.44,"3.44","g","10.1093%2Fjmammal%2Fgyz043_SupplementaryDataSD1.tsv","Burger","2019","Burger","secondary","Burger_etal_2019","Mean_brain_mass_g","mass_or_volume_mixed","mass_or_volume_mixed","Brain_Mass_mass_or_volume"
"Spermophilus relictus","Brain_Mass","g",3.49,"3.49","g","10.1093%2Fjmammal%2Fgyz043_SupplementaryDataSD1.tsv","Burger","2019","Burger","secondary","Burger_etal_2019","Mean_brain_mass_g","mass_or_volume_mixed","mass_or_volume_mixed","Brain_Mass_mass_or_volume"
"Spermophilus mexicanus","Brain_Mass","g",3.5,"3.5","g","10.1093%2Fjmammal%2Fgyz043_SupplementaryDataSD1.tsv","Burger","2019","Burger","secondary","Burger_etal_2019","Mean_brain_mass_g","mass_or_volume_mixed","mass_or_volume_mixed","Brain_Mass_mass_or_volume"
"Sundamys muelleri","Brain_Mass","g",3.5,"3.5","g","10.1093%2Fjmammal%2Fgyz043_SupplementaryDataSD1.tsv","Burger","2019","Burger","secondary","Burger_etal_2019","Mean_brain_mass_g","mass_or_volume_mixed","mass_or_volume_mixed","Brain_Mass_mass_or_volume"
"Pteromyscus pulverulentus","Brain_Mass","g",3.55,"3.55","g","10.1093%2Fjmammal%2Fgyz043_SupplementaryDataSD1.tsv","Burger","2019","Burger","secondary","Burger_etal_2019","Mean_brain_mass_g","mass_or_volume_mixed","mass_or_volume_mixed","Brain_Mass_mass_or_volume"
"Spermophilus undulatus","Brain_Mass","g",3.73,"3.73","g","10.1093%2Fjmammal%2Fgyz043_SupplementaryDataSD1.tsv","Burger","2019","Burger","secondary","Burger_etal_2019","Mean_brain_mass_g","mass_or_volume_mixed","mass_or_volume_mixed","Brain_Mass_mass_or_volume"
"Bathyergus suillus","Brain_Mass","g",3.75,"3.75","g","10.1093%2Fjmammal%2Fgyz043_SupplementaryDataSD1.tsv","Burger","2019","Burger","secondary","Burger_etal_2019","Mean_brain_mass_g","mass_or_volume_mixed","mass_or_volume_mixed","Brain_Mass_mass_or_volume"
"Tamiasciurus hudsonicus","Brain_Mass","g",3.83,"3.83","g","10.1093%2Fjmammal%2Fgyz043_SupplementaryDataSD1.tsv","Burger","2019","Burger","secondary","Burger_etal_2019","Mean_brain_mass_g","mass_or_volume_mixed","mass_or_volume_mixed","Brain_Mass_mass_or_volume"
"Spermophilus columbianus","Brain_Mass","g",3.95,"3.95","g","10.1093%2Fjmammal%2Fgyz043_SupplementaryDataSD1.tsv","Burger","2019","Burger","secondary","Burger_etal_2019","Mean_brain_mass_g","mass_or_volume_mixed","mass_or_volume_mixed","Brain_Mass_mass_or_volume"
"Spermophilus franklinii","Brain_Mass","g",3.96,"3.96","g","10.1093%2Fjmammal%2Fgyz043_SupplementaryDataSD1.tsv","Burger","2019","Burger","secondary","Burger_etal_2019","Mean_brain_mass_g","mass_or_volume_mixed","mass_or_volume_mixed","Brain_Mass_mass_or_volume"
"Leopoldamys sabanus","Brain_Mass","g",3.98,"3.98","g","10.1093%2Fjmammal%2Fgyz043_SupplementaryDataSD1.tsv","Burger","2019","Burger","secondary","Burger_etal_2019","Mean_brain_mass_g","mass_or_volume_mixed","mass_or_volume_mixed","Brain_Mass_mass_or_volume"
"Heliosciurus gambianus","Brain_Mass","g",3.99,"3.99","g","10.1093%2Fjmammal%2Fgyz043_SupplementaryDataSD1.tsv","Burger","2019","Burger","secondary","Burger_etal_2019","Mean_brain_mass_g","mass_or_volume_mixed","mass_or_volume_mixed","Brain_Mass_mass_or_volume"
"Cavia aperea","Brain_Mass","g",4.04,"4.04","g","10.1093%2Fjmammal%2Fgyz043_SupplementaryDataSD1.tsv","Burger","2019","Burger","secondary","Burger_etal_2019","Mean_brain_mass_g","mass_or_volume_mixed","mass_or_volume_mixed","Brain_Mass_mass_or_volume"
"Spermophilus major","Brain_Mass","g",4.12,"4.12","g","10.1093%2Fjmammal%2Fgyz043_SupplementaryDataSD1.tsv","Burger","2019","Burger","secondary","Burger_etal_2019","Mean_brain_mass_g","mass_or_volume_mixed","mass_or_volume_mixed","Brain_Mass_mass_or_volume"
"Hoplomys gymnurus","Brain_Mass","g",4.13,"4.13","g","10.1093%2Fjmammal%2Fgyz043_SupplementaryDataSD1.tsv","Burger","2019","Burger","secondary","Burger_etal_2019","Mean_brain_mass_g","mass_or_volume_mixed","mass_or_volume_mixed","Brain_Mass_mass_or_volume"
"Funisciurus anerythrus","Brain_Mass","g",4.14,"4.14","g","10.1093%2Fjmammal%2Fgyz043_SupplementaryDataSD1.tsv","Burger","2019","Burger","secondary","Burger_etal_2019","Mean_brain_mass_g","mass_or_volume_mixed","mass_or_volume_mixed","Brain_Mass_mass_or_volume"
"Rhinosciurus laticaudatus","Brain_Mass","g",4.28,"4.28","g","10.1093%2Fjmammal%2Fgyz043_SupplementaryDataSD1.tsv","Burger","2019","Burger","secondary","Burger_etal_2019","Mean_brain_mass_g","mass_or_volume_mixed","mass_or_volume_mixed","Brain_Mass_mass_or_volume"
"Hydromys chrysogaster","Brain_Mass","g",4.33,"4.33","g","10.1093%2Fjmammal%2Fgyz043_SupplementaryDataSD1.tsv","Burger","2019","Burger","secondary","Burger_etal_2019","Mean_brain_mass_g","mass_or_volume_mixed","mass_or_volume_mixed","Brain_Mass_mass_or_volume"
"Funisciurus pyrropus","Brain_Mass","g",4.38,"4.38","g","10.1093%2Fjmammal%2Fgyz043_SupplementaryDataSD1.tsv","Burger","2019","Burger","secondary","Burger_etal_2019","Mean_brain_mass_g","mass_or_volume_mixed","mass_or_volume_mixed","Brain_Mass_mass_or_volume"
"Callosciurus nigrovittatus","Brain_Mass","g",4.44,"4.44","g","10.1093%2Fjmammal%2Fgyz043_SupplementaryDataSD1.tsv","Burger","2019","Burger","secondary","Burger_etal_2019","Mean_brain_mass_g","mass_or_volume_mixed","mass_or_volume_mixed","Brain_Mass_mass_or_volume"
"Geocapromys ingrahami","Brain_Mass","g",4.46,"4.46","g","10.1093%2Fjmammal%2Fgyz043_SupplementaryDataSD1.tsv","Burger","2019","Burger","secondary","Burger_etal_2019","Mean_brain_mass_g","mass_or_volume_mixed","mass_or_volume_mixed","Brain_Mass_mass_or_volume"
"Funisciurus carruthersi","Brain_Mass","g",4.48,"4.48","g","10.1093%2Fjmammal%2Fgyz043_SupplementaryDataSD1.tsv","Burger","2019","Burger","secondary","Burger_etal_2019","Mean_brain_mass_g","mass_or_volume_mixed","mass_or_volume_mixed","Brain_Mass_mass_or_volume"
"Spermophilus fulvus","Brain_Mass","g",4.55,"4.55","g","10.1093%2Fjmammal%2Fgyz043_SupplementaryDataSD1.tsv","Burger","2019","Burger","secondary","Burger_etal_2019","Mean_brain_mass_g","mass_or_volume_mixed","mass_or_volume_mixed","Brain_Mass_mass_or_volume"
"Mesembriomys gouldii","Brain_Mass","g",4.59,"4.59","g","10.1093%2Fjmammal%2Fgyz043_SupplementaryDataSD1.tsv","Burger","2019","Burger","secondary","Burger_etal_2019","Mean_brain_mass_g","mass_or_volume_mixed","mass_or_volume_mixed","Brain_Mass_mass_or_volume"
"Berylmys bowersi","Brain_Mass","g",4.63,"4.63","g","10.1093%2Fjmammal%2Fgyz043_SupplementaryDataSD1.tsv","Burger","2019","Burger","secondary","Burger_etal_2019","Mean_brain_mass_g","mass_or_volume_mixed","mass_or_volume_mixed","Brain_Mass_mass_or_volume"
"Leopoldamys edwardsi","Brain_Mass","g",4.81,"4.81","g","10.1093%2Fjmammal%2Fgyz043_SupplementaryDataSD1.tsv","Burger","2019","Burger","secondary","Burger_etal_2019","Mean_brain_mass_g","mass_or_volume_mixed","mass_or_volume_mixed","Brain_Mass_mass_or_volume"
"Callosciurus notatus","Brain_Mass","g",4.91,"4.91","g","10.1093%2Fjmammal%2Fgyz043_SupplementaryDataSD1.tsv","Burger","2019","Burger","secondary","Burger_etal_2019","Mean_brain_mass_g","mass_or_volume_mixed","mass_or_volume_mixed","Brain_Mass_mass_or_volume"
"Ondatra zibethicus","Brain_Mass","g",5.03,"5.03","g","10.1093%2Fjmammal%2Fgyz043_SupplementaryDataSD1.tsv","Burger","2019","Burger","secondary","Burger_etal_2019","Mean_brain_mass_g","mass_or_volume_mixed","mass_or_volume_mixed","Brain_Mass_mass_or_volume"
"Xerus rutilus","Brain_Mass","g",5.09,"5.09","g","10.1093%2Fjmammal%2Fgyz043_SupplementaryDataSD1.tsv","Burger","2019","Burger","secondary","Burger_etal_2019","Mean_brain_mass_g","mass_or_volume_mixed","mass_or_volume_mixed","Brain_Mass_mass_or_volume"
"Cynomys gunnisoni","Brain_Mass","g",5.14,"5.14","g","10.1093%2Fjmammal%2Fgyz043_SupplementaryDataSD1.tsv","Burger","2019","Burger","secondary","Burger_etal_2019","Mean_brain_mass_g","mass_or_volume_mixed","mass_or_volume_mixed","Brain_Mass_mass_or_volume"
"Spermophilus atricapillus","Brain_Mass","g",5.24,"5.24","g","10.1093%2Fjmammal%2Fgyz043_SupplementaryDataSD1.tsv","Burger","2019","Burger","secondary","Burger_etal_2019","Mean_brain_mass_g","mass_or_volume_mixed","mass_or_volume_mixed","Brain_Mass_mass_or_volume"
"Heliosciurus ruwenzorii","Brain_Mass","g",5.4,"5.4","g","10.1093%2Fjmammal%2Fgyz043_SupplementaryDataSD1.tsv","Burger","2019","Burger","secondary","Burger_etal_2019","Mean_brain_mass_g","mass_or_volume_mixed","mass_or_volume_mixed","Brain_Mass_mass_or_volume"
"Dremomys rufigenis","Brain_Mass","g",5.41,"5.41","g","10.1093%2Fjmammal%2Fgyz043_SupplementaryDataSD1.tsv","Burger","2019","Burger","secondary","Burger_etal_2019","Mean_brain_mass_g","mass_or_volume_mixed","mass_or_volume_mixed","Brain_Mass_mass_or_volume"
"Spermophilus beecheyi","Brain_Mass","g",5.42,"5.42","g","10.1093%2Fjmammal%2Fgyz043_SupplementaryDataSD1.tsv","Burger","2019","Burger","secondary","Burger_etal_2019","Mean_brain_mass_g","mass_or_volume_mixed","mass_or_volume_mixed","Brain_Mass_mass_or_volume"
"Cynomys mexicanus","Brain_Mass","g",5.525,"5.525","g","10.1093%2Fjmammal%2Fgyz043_SupplementaryDataSD1.tsv","Burger","2019","Burger","secondary","Burger_etal_2019","Mean_brain_mass_g","mass_or_volume_mixed","mass_or_volume_mixed","Brain_Mass_mass_or_volume"
"Cynomys parvidens","Brain_Mass","g",5.58,"5.58","g","10.1093%2Fjmammal%2Fgyz043_SupplementaryDataSD1.tsv","Burger","2019","Burger","secondary","Burger_etal_2019","Mean_brain_mass_g","mass_or_volume_mixed","mass_or_volume_mixed","Brain_Mass_mass_or_volume"
"Cynomys ludovicianus","Brain_Mass","g",5.69,"5.69","g","10.1093%2Fjmammal%2Fgyz043_SupplementaryDataSD1.tsv","Burger","2019","Burger","secondary","Burger_etal_2019","Mean_brain_mass_g","mass_or_volume_mixed","mass_or_volume_mixed","Brain_Mass_mass_or_volume"
"Heliosciurus rufobrachium","Brain_Mass","g",5.75,"5.75","g","10.1093%2Fjmammal%2Fgyz043_SupplementaryDataSD1.tsv","Burger","2019","Burger","secondary","Burger_etal_2019","Mean_brain_mass_g","mass_or_volume_mixed","mass_or_volume_mixed","Brain_Mass_mass_or_volume"
"Cynomys leucurus","Brain_Mass","g",5.77,"5.77","g","10.1093%2Fjmammal%2Fgyz043_SupplementaryDataSD1.tsv","Burger","2019","Burger","secondary","Burger_etal_2019","Mean_brain_mass_g","mass_or_volume_mixed","mass_or_volume_mixed","Brain_Mass_mass_or_volume"
"Spermophilus parryii","Brain_Mass","g",5.78,"5.78","g","10.1093%2Fjmammal%2Fgyz043_SupplementaryDataSD1.tsv","Burger","2019","Burger","secondary","Burger_etal_2019","Mean_brain_mass_g","mass_or_volume_mixed","mass_or_volume_mixed","Brain_Mass_mass_or_volume"
"Sciurus granatensis","Brain_Mass","g",5.91,"5.91","g","10.1093%2Fjmammal%2Fgyz043_SupplementaryDataSD1.tsv","Burger","2019","Burger","secondary","Burger_etal_2019","Mean_brain_mass_g","mass_or_volume_mixed","mass_or_volume_mixed","Brain_Mass_mass_or_volume"
"Sciurus vulgaris","Brain_Mass","g",5.93,"5.93","g","10.1093%2Fjmammal%2Fgyz043_SupplementaryDataSD1.tsv","Burger","2019","Burger","secondary","Burger_etal_2019","Mean_brain_mass_g","mass_or_volume_mixed","mass_or_volume_mixed","Brain_Mass_mass_or_volume"
"Callosciurus caniceps","Brain_Mass","g",6.02,"6.02","g","10.1093%2Fjmammal%2Fgyz043_SupplementaryDataSD1.tsv","Burger","2019","Burger","secondary","Burger_etal_2019","Mean_brain_mass_g","mass_or_volume_mixed","mass_or_volume_mixed","Brain_Mass_mass_or_volume"
"Spermophilopsis leptodactylus","Brain_Mass","g",6.18,"6.18","g","10.1093%2Fjmammal%2Fgyz043_SupplementaryDataSD1.tsv","Burger","2019","Burger","secondary","Burger_etal_2019","Mean_brain_mass_g","mass_or_volume_mixed","mass_or_volume_mixed","Brain_Mass_mass_or_volume"
"Callosciurus prevostii","Brain_Mass","g",6.52,"6.52","g","10.1093%2Fjmammal%2Fgyz043_SupplementaryDataSD1.tsv","Burger","2019","Burger","secondary","Burger_etal_2019","Mean_brain_mass_g","mass_or_volume_mixed","mass_or_volume_mixed","Brain_Mass_mass_or_volume"
"Cricetomys gambianus","Brain_Mass","g",6.57,"6.57","g","10.1093%2Fjmammal%2Fgyz043_SupplementaryDataSD1.tsv","Burger","2019","Burger","secondary","Burger_etal_2019","Mean_brain_mass_g","mass_or_volume_mixed","mass_or_volume_mixed","Brain_Mass_mass_or_volume"
"Xerus erythropus","Brain_Mass","g",6.68,"6.68","g","10.1093%2Fjmammal%2Fgyz043_SupplementaryDataSD1.tsv","Burger","2019","Burger","secondary","Burger_etal_2019","Mean_brain_mass_g","mass_or_volume_mixed","mass_or_volume_mixed","Brain_Mass_mass_or_volume"
"Proechimys semispinosus","Brain_Mass","g",6.87,"6.87","g","10.1093%2Fjmammal%2Fgyz043_SupplementaryDataSD1.tsv","Burger","2019","Burger","secondary","Burger_etal_2019","Mean_brain_mass_g","mass_or_volume_mixed","mass_or_volume_mixed","Brain_Mass_mass_or_volume"
"Spermophilus variegatus","Brain_Mass","g",7.01,"7.01","g","10.1093%2Fjmammal%2Fgyz043_SupplementaryDataSD1.tsv","Burger","2019","Burger","secondary","Burger_etal_2019","Mean_brain_mass_g","mass_or_volume_mixed","mass_or_volume_mixed","Brain_Mass_mass_or_volume"
"Aplodontia rufa","Brain_Mass","g",7.04,"7.04","g","10.1093%2Fjmammal%2Fgyz043_SupplementaryDataSD1.tsv","Burger","2019","Burger","secondary","Burger_etal_2019","Mean_brain_mass_g","mass_or_volume_mixed","mass_or_volume_mixed","Brain_Mass_mass_or_volume"
"Sciurus carolinensis","Brain_Mass","g",7.41,"7.41","g","10.1093%2Fjmammal%2Fgyz043_SupplementaryDataSD1.tsv","Burger","2019","Burger","secondary","Burger_etal_2019","Mean_brain_mass_g","mass_or_volume_mixed","mass_or_volume_mixed","Brain_Mass_mass_or_volume"
"Sciurus aberti","Brain_Mass","g",7.44,"7.44","g","10.1093%2Fjmammal%2Fgyz043_SupplementaryDataSD1.tsv","Burger","2019","Burger","secondary","Burger_etal_2019","Mean_brain_mass_g","mass_or_volume_mixed","mass_or_volume_mixed","Brain_Mass_mass_or_volume"
"Xerus inauris","Brain_Mass","g",7.65,"7.65","g","10.1093%2Fjmammal%2Fgyz043_SupplementaryDataSD1.tsv","Burger","2019","Burger","secondary","Burger_etal_2019","Mean_brain_mass_g","mass_or_volume_mixed","mass_or_volume_mixed","Brain_Mass_mass_or_volume"
"Petaurista elegans","Brain_Mass","g",7.76,"7.76","g","10.1093%2Fjmammal%2Fgyz043_SupplementaryDataSD1.tsv","Burger","2019","Burger","secondary","Burger_etal_2019","Mean_brain_mass_g","mass_or_volume_mixed","mass_or_volume_mixed","Brain_Mass_mass_or_volume"
"Sciurus aureogaster","Brain_Mass","g",7.81,"7.81","g","10.1093%2Fjmammal%2Fgyz043_SupplementaryDataSD1.tsv","Burger","2019","Burger","secondary","Burger_etal_2019","Mean_brain_mass_g","mass_or_volume_mixed","mass_or_volume_mixed","Brain_Mass_mass_or_volume"
"Sciurus niger","Brain_Mass","g",7.91,"7.91","g","10.1093%2Fjmammal%2Fgyz043_SupplementaryDataSD1.tsv","Burger","2019","Burger","secondary","Burger_etal_2019","Mean_brain_mass_g","mass_or_volume_mixed","mass_or_volume_mixed","Brain_Mass_mass_or_volume"
"Ratufa affinis","Brain_Mass","g",9.85,"9.85","g","10.1093%2Fjmammal%2Fgyz043_SupplementaryDataSD1.tsv","Burger","2019","Burger","secondary","Burger_etal_2019","Mean_brain_mass_g","mass_or_volume_mixed","mass_or_volume_mixed","Brain_Mass_mass_or_volume"
"Aeromys tephromelas","Brain_Mass","g",10.34,"10.34","g","10.1093%2Fjmammal%2Fgyz043_SupplementaryDataSD1.tsv","Burger","2019","Burger","secondary","Burger_etal_2019","Mean_brain_mass_g","mass_or_volume_mixed","mass_or_volume_mixed","Brain_Mass_mass_or_volume"
"Ratufa bicolor","Brain_Mass","g",11.01,"11.01","g","10.1093%2Fjmammal%2Fgyz043_SupplementaryDataSD1.tsv","Burger","2019","Burger","secondary","Burger_etal_2019","Mean_brain_mass_g","mass_or_volume_mixed","mass_or_volume_mixed","Brain_Mass_mass_or_volume"
"Protoxerus stangeri","Brain_Mass","g",11.33,"11.33","g","10.1093%2Fjmammal%2Fgyz043_SupplementaryDataSD1.tsv","Burger","2019","Burger","secondary","Burger_etal_2019","Mean_brain_mass_g","mass_or_volume_mixed","mass_or_volume_mixed","Brain_Mass_mass_or_volume"
"Marmota menzbieri","Brain_Mass","g",11.4,"11.4","g","10.1093%2Fjmammal%2Fgyz043_SupplementaryDataSD1.tsv","Burger","2019","Burger","secondary","Burger_etal_2019","Mean_brain_mass_g","mass_or_volume_mixed","mass_or_volume_mixed","Brain_Mass_mass_or_volume"
"Petaurista petaurista","Brain_Mass","g",11.77,"11.77","g","10.1093%2Fjmammal%2Fgyz043_SupplementaryDataSD1.tsv","Burger","2019","Burger","secondary","Burger_etal_2019","Mean_brain_mass_g","mass_or_volume_mixed","mass_or_volume_mixed","Brain_Mass_mass_or_volume"
"Marmota flaviventris","Brain_Mass","g",12.27,"12.27","g","10.1093%2Fjmammal%2Fgyz043_SupplementaryDataSD1.tsv","Burger","2019","Burger","secondary","Burger_etal_2019","Mean_brain_mass_g","mass_or_volume_mixed","mass_or_volume_mixed","Brain_Mass_mass_or_volume"
"Marmota bobak","Brain_Mass","g",12.56,"12.56","g","10.1093%2Fjmammal%2Fgyz043_SupplementaryDataSD1.tsv","Burger","2019","Burger","secondary","Burger_etal_2019","Mean_brain_mass_g","mass_or_volume_mixed","mass_or_volume_mixed","Brain_Mass_mass_or_volume"
"Marmota camtschatica","Brain_Mass","g",12.63,"12.63","g","10.1093%2Fjmammal%2Fgyz043_SupplementaryDataSD1.tsv","Burger","2019","Burger","secondary","Burger_etal_2019","Mean_brain_mass_g","mass_or_volume_mixed","mass_or_volume_mixed","Brain_Mass_mass_or_volume"
"Lagostomus maximus","Brain_Mass","g",12.66,"12.66","g","10.1093%2Fjmammal%2Fgyz043_SupplementaryDataSD1.tsv","Burger","2019","Burger","secondary","Burger_etal_2019","Mean_brain_mass_g","mass_or_volume_mixed","mass_or_volume_mixed","Brain_Mass_mass_or_volume"
"Thryonomys swinderianus","Brain_Mass","g",13.28,"13.28","g","10.1093%2Fjmammal%2Fgyz043_SupplementaryDataSD1.tsv","Burger","2019","Burger","secondary","Burger_etal_2019","Mean_brain_mass_g","mass_or_volume_mixed","mass_or_volume_mixed","Brain_Mass_mass_or_volume"
"Marmota vancouverensis","Brain_Mass","g",13.68,"13.68","g","10.1093%2Fjmammal%2Fgyz043_SupplementaryDataSD1.tsv","Burger","2019","Burger","secondary","Burger_etal_2019","Mean_brain_mass_g","mass_or_volume_mixed","mass_or_volume_mixed","Brain_Mass_mass_or_volume"
"Marmota sibirica","Brain_Mass","g",13.74,"13.74","g","10.1093%2Fjmammal%2Fgyz043_SupplementaryDataSD1.tsv","Burger","2019","Burger","secondary","Burger_etal_2019","Mean_brain_mass_g","mass_or_volume_mixed","mass_or_volume_mixed","Brain_Mass_mass_or_volume"
"Marmota baibacina","Brain_Mass","g",13.75,"13.75","g","10.1093%2Fjmammal%2Fgyz043_SupplementaryDataSD1.tsv","Burger","2019","Burger","secondary","Burger_etal_2019","Mean_brain_mass_g","mass_or_volume_mixed","mass_or_volume_mixed","Brain_Mass_mass_or_volume"
"Marmota broweri","Brain_Mass","g",13.94,"13.94","g","10.1093%2Fjmammal%2Fgyz043_SupplementaryDataSD1.tsv","Burger","2019","Burger","secondary","Burger_etal_2019","Mean_brain_mass_g","mass_or_volume_mixed","mass_or_volume_mixed","Brain_Mass_mass_or_volume"
"Marmota monax","Brain_Mass","g",14.185,"14.185","g","10.1093%2Fjmammal%2Fgyz043_SupplementaryDataSD1.tsv","Burger","2019","Burger","secondary","Burger_etal_2019","Mean_brain_mass_g","mass_or_volume_mixed","mass_or_volume_mixed","Brain_Mass_mass_or_volume"
"Marmota marmota","Brain_Mass","g",14.25,"14.25","g","10.1093%2Fjmammal%2Fgyz043_SupplementaryDataSD1.tsv","Burger","2019","Burger","secondary","Burger_etal_2019","Mean_brain_mass_g","mass_or_volume_mixed","mass_or_volume_mixed","Brain_Mass_mass_or_volume"
"Marmota caudata","Brain_Mass","g",14.28,"14.28","g","10.1093%2Fjmammal%2Fgyz043_SupplementaryDataSD1.tsv","Burger","2019","Burger","secondary","Burger_etal_2019","Mean_brain_mass_g","mass_or_volume_mixed","mass_or_volume_mixed","Brain_Mass_mass_or_volume"
"Marmota caligata","Brain_Mass","g",14.63,"14.63","g","10.1093%2Fjmammal%2Fgyz043_SupplementaryDataSD1.tsv","Burger","2019","Burger","secondary","Burger_etal_2019","Mean_brain_mass_g","mass_or_volume_mixed","mass_or_volume_mixed","Brain_Mass_mass_or_volume"
"Marmota olympus","Brain_Mass","g",15.43,"15.43","g","10.1093%2Fjmammal%2Fgyz043_SupplementaryDataSD1.tsv","Burger","2019","Burger","secondary","Burger_etal_2019","Mean_brain_mass_g","mass_or_volume_mixed","mass_or_volume_mixed","Brain_Mass_mass_or_volume"
"Marmota himalayana","Brain_Mass","g",16.71,"16.71","g","10.1093%2Fjmammal%2Fgyz043_SupplementaryDataSD1.tsv","Burger","2019","Burger","secondary","Burger_etal_2019","Mean_brain_mass_g","mass_or_volume_mixed","mass_or_volume_mixed","Brain_Mass_mass_or_volume"
"Myocastor coypus","Brain_Mass","g",17.09,"17.09","g","10.1093%2Fjmammal%2Fgyz043_SupplementaryDataSD1.tsv","Burger","2019","Burger","secondary","Burger_etal_2019","Mean_brain_mass_g","mass_or_volume_mixed","mass_or_volume_mixed","Brain_Mass_mass_or_volume"
"Dasyprocta punctata","Brain_Mass","g",18.34,"18.34","g","10.1093%2Fjmammal%2Fgyz043_SupplementaryDataSD1.tsv","Burger","2019","Burger","secondary","Burger_etal_2019","Mean_brain_mass_g","mass_or_volume_mixed","mass_or_volume_mixed","Brain_Mass_mass_or_volume"
"Erethizon dorsata","Brain_Mass","g",24.6,"24.6","g","10.1093%2Fjmammal%2Fgyz043_SupplementaryDataSD1.tsv","Burger","2019","Burger","secondary","Burger_etal_2019","Mean_brain_mass_g","mass_or_volume_mixed","mass_or_volume_mixed","Brain_Mass_mass_or_volume"
"Dinomys branickii","Brain_Mass","g",26.95,"26.95","g","10.1093%2Fjmammal%2Fgyz043_SupplementaryDataSD1.tsv","Burger","2019","Burger","secondary","Burger_etal_2019","Mean_brain_mass_g","mass_or_volume_mixed","mass_or_volume_mixed","Brain_Mass_mass_or_volume"
"Cuniculus paca","Brain_Mass","g",35.22,"35.22","g","10.1093%2Fjmammal%2Fgyz043_SupplementaryDataSD1.tsv","Burger","2019","Burger","secondary","Burger_etal_2019","Mean_brain_mass_g","mass_or_volume_mixed","mass_or_volume_mixed","Brain_Mass_mass_or_volume"
"Cavia porcellus","Brain_Mass","g",4.83,"4.83","g","10.1093%2Fjmammal%2Fgyz043_SupplementaryDataSD1.tsv","Burger","2019","Burger","secondary","Burger_etal_2019","Mean_brain_mass_g","mass_or_volume_mixed","mass_or_volume_mixed","Brain_Mass_mass_or_volume"
"Chaetodipus spinatus","Brain_Mass","g",0.48,"0.48","g","10.1093%2Fjmammal%2Fgyz043_SupplementaryDataSD1.tsv","Burger","2019","Burger","secondary","Burger_etal_2019","Mean_brain_mass_g","mass_or_volume_mixed","mass_or_volume_mixed","Brain_Mass_mass_or_volume"
"Perognathus parvus","Brain_Mass","g",0.49,"0.49","g","10.1093%2Fjmammal%2Fgyz043_SupplementaryDataSD1.tsv","Burger","2019","Burger","secondary","Burger_etal_2019","Mean_brain_mass_g","mass_or_volume_mixed","mass_or_volume_mixed","Brain_Mass_mass_or_volume"
"Chaetodipus fallax","Brain_Mass","g",0.54,"0.54","g","10.1093%2Fjmammal%2Fgyz043_SupplementaryDataSD1.tsv","Burger","2019","Burger","secondary","Burger_etal_2019","Mean_brain_mass_g","mass_or_volume_mixed","mass_or_volume_mixed","Brain_Mass_mass_or_volume"
"Microdipodops pallidus","Brain_Mass","g",0.55,"0.55","g","10.1093%2Fjmammal%2Fgyz043_SupplementaryDataSD1.tsv","Burger","2019","Burger","secondary","Burger_etal_2019","Mean_brain_mass_g","mass_or_volume_mixed","mass_or_volume_mixed","Brain_Mass_mass_or_volume"
"Liomys irroratus","Brain_Mass","g",1.06,"1.06","g","10.1093%2Fjmammal%2Fgyz043_SupplementaryDataSD1.tsv","Burger","2019","Burger","secondary","Burger_etal_2019","Mean_brain_mass_g","mass_or_volume_mixed","mass_or_volume_mixed","Brain_Mass_mass_or_volume"
"Dipodomys panamintinus","Brain_Mass","g",1.6,"1.6","g","10.1093%2Fjmammal%2Fgyz043_SupplementaryDataSD1.tsv","Burger","2019","Burger","secondary","Burger_etal_2019","Mean_brain_mass_g","mass_or_volume_mixed","mass_or_volume_mixed","Brain_Mass_mass_or_volume"
"Geomys pinetis","Brain_Mass","g",2.51,"2.51","g","10.1093%2Fjmammal%2Fgyz043_SupplementaryDataSD1.tsv","Burger","2019","Burger","secondary","Burger_etal_2019","Mean_brain_mass_g","mass_or_volume_mixed","mass_or_volume_mixed","Brain_Mass_mass_or_volume"
"Orthogeomys cherriei","Brain_Mass","g",3.47,"3.47","g","10.1093%2Fjmammal%2Fgyz043_SupplementaryDataSD1.tsv","Burger","2019","Burger","secondary","Burger_etal_2019","Mean_brain_mass_g","mass_or_volume_mixed","mass_or_volume_mixed","Brain_Mass_mass_or_volume"
"Zygogeomys trichopus","Brain_Mass","g",3.95,"3.95","g","10.1093%2Fjmammal%2Fgyz043_SupplementaryDataSD1.tsv","Burger","2019","Burger","secondary","Burger_etal_2019","Mean_brain_mass_g","mass_or_volume_mixed","mass_or_volume_mixed","Brain_Mass_mass_or_volume"
"Cratogeomys fumosus","Brain_Mass","g",4.19,"4.19","g","10.1093%2Fjmammal%2Fgyz043_SupplementaryDataSD1.tsv","Burger","2019","Burger","secondary","Burger_etal_2019","Mean_brain_mass_g","mass_or_volume_mixed","mass_or_volume_mixed","Brain_Mass_mass_or_volume"
"Orthogeomys heterodus","Brain_Mass","g",4.31,"4.31","g","10.1093%2Fjmammal%2Fgyz043_SupplementaryDataSD1.tsv","Burger","2019","Burger","secondary","Burger_etal_2019","Mean_brain_mass_g","mass_or_volume_mixed","mass_or_volume_mixed","Brain_Mass_mass_or_volume"
"Apodemus agrarius","Brain_Mass","g",0.2,"0.2","g","10.1093%2Fjmammal%2Fgyz043_SupplementaryDataSD1.tsv","Burger","2019","Burger","secondary","Burger_etal_2019","Mean_brain_mass_g","mass_or_volume_mixed","mass_or_volume_mixed","Brain_Mass_mass_or_volume"
"Mus musculus","Brain_Mass","g",0.4,"0.4","g","10.1093%2Fjmammal%2Fgyz043_SupplementaryDataSD1.tsv","Burger","2019","Burger","secondary","Burger_etal_2019","Mean_brain_mass_g","mass_or_volume_mixed","mass_or_volume_mixed","Brain_Mass_mass_or_volume"
"Zapus trinotatus","Brain_Mass","g",0.5,"0.5","g","10.1093%2Fjmammal%2Fgyz043_SupplementaryDataSD1.tsv","Burger","2019","Burger","secondary","Burger_etal_2019","Mean_brain_mass_g","mass_or_volume_mixed","mass_or_volume_mixed","Brain_Mass_mass_or_volume"
"Akodon azarae","Brain_Mass","g",0.642,"0.642","g","10.1093%2Fjmammal%2Fgyz043_SupplementaryDataSD1.tsv","Burger","2019","Burger","secondary","Burger_etal_2019","Mean_brain_mass_g","mass_or_volume_mixed","mass_or_volume_mixed","Brain_Mass_mass_or_volume"
"Cricetulus barabensis","Brain_Mass","g",0.6699,"0.6699","g","10.1093%2Fjmammal%2Fgyz043_SupplementaryDataSD1.tsv","Burger","2019","Burger","secondary","Burger_etal_2019","Mean_brain_mass_g","mass_or_volume_mixed","mass_or_volume_mixed","Brain_Mass_mass_or_volume"
"Ochrotomys nuttalli","Brain_Mass","g",0.7,"0.7","g","10.1093%2Fjmammal%2Fgyz043_SupplementaryDataSD1.tsv","Burger","2019","Burger","secondary","Burger_etal_2019","Mean_brain_mass_g","mass_or_volume_mixed","mass_or_volume_mixed","Brain_Mass_mass_or_volume"
"Acomys cahirinus","Brain_Mass","g",0.7,"0.7","g","10.1093%2Fjmammal%2Fgyz043_SupplementaryDataSD1.tsv","Burger","2019","Burger","secondary","Burger_etal_2019","Mean_brain_mass_g","mass_or_volume_mixed","mass_or_volume_mixed","Brain_Mass_mass_or_volume"
"Mastomys natalensis","Brain_Mass","g",0.719,"0.719","g","10.1093%2Fjmammal%2Fgyz043_SupplementaryDataSD1.tsv","Burger","2019","Burger","secondary","Burger_etal_2019","Mean_brain_mass_g","mass_or_volume_mixed","mass_or_volume_mixed","Brain_Mass_mass_or_volume"
"Mesocricetus auratus","Brain_Mass","g",1,"1","g","10.1093%2Fjmammal%2Fgyz043_SupplementaryDataSD1.tsv","Burger","2019","Burger","secondary","Burger_etal_2019","Mean_brain_mass_g","mass_or_volume_mixed","mass_or_volume_mixed","Brain_Mass_mass_or_volume"
"Psammomys obesus","Brain_Mass","g",1.3,"1.3","g","10.1093%2Fjmammal%2Fgyz043_SupplementaryDataSD1.tsv","Burger","2019","Burger","secondary","Burger_etal_2019","Mean_brain_mass_g","mass_or_volume_mixed","mass_or_volume_mixed","Brain_Mass_mass_or_volume"
"Rattus norvegicus","Brain_Mass","g",1.4,"1.4","g","10.1093%2Fjmammal%2Fgyz043_SupplementaryDataSD1.tsv","Burger","2019","Burger","secondary","Burger_etal_2019","Mean_brain_mass_g","mass_or_volume_mixed","mass_or_volume_mixed","Brain_Mass_mass_or_volume"
"Lemmus sibiricus","Brain_Mass","g",1.49,"1.49","g","10.1093%2Fjmammal%2Fgyz043_SupplementaryDataSD1.tsv","Burger","2019","Burger","secondary","Burger_etal_2019","Mean_brain_mass_g","mass_or_volume_mixed","mass_or_volume_mixed","Brain_Mass_mass_or_volume"
"Holochilus chacarius","Brain_Mass","g",1.61,"1.61","g","10.1093%2Fjmammal%2Fgyz043_SupplementaryDataSD1.tsv","Burger","2019","Burger","secondary","Burger_etal_2019","Mean_brain_mass_g","mass_or_volume_mixed","mass_or_volume_mixed","Brain_Mass_mass_or_volume"
"Tamias cinereicollis","Brain_Mass","g",1.8,"1.8","g","10.1093%2Fjmammal%2Fgyz043_SupplementaryDataSD1.tsv","Burger","2019","Burger","secondary","Burger_etal_2019","Mean_brain_mass_g","mass_or_volume_mixed","mass_or_volume_mixed","Brain_Mass_mass_or_volume"
"Myoxus glis","Brain_Mass","g",1.9,"1.9","g","10.1093%2Fjmammal%2Fgyz043_SupplementaryDataSD1.tsv","Burger","2019","Burger","secondary","Burger_etal_2019","Mean_brain_mass_g","mass_or_volume_mixed","mass_or_volume_mixed","Brain_Mass_mass_or_volume"
"Octodon degus","Brain_Mass","g",2.1,"2.1","g","10.1093%2Fjmammal%2Fgyz043_SupplementaryDataSD1.tsv","Burger","2019","Burger","secondary","Burger_etal_2019","Mean_brain_mass_g","mass_or_volume_mixed","mass_or_volume_mixed","Brain_Mass_mass_or_volume"
"Cricetus cricetus","Brain_Mass","g",2.2,"2.2","g","10.1093%2Fjmammal%2Fgyz043_SupplementaryDataSD1.tsv","Burger","2019","Burger","secondary","Burger_etal_2019","Mean_brain_mass_g","mass_or_volume_mixed","mass_or_volume_mixed","Brain_Mass_mass_or_volume"
"Thomomys bulbivorus","Brain_Mass","g",2.2,"2.2","g","10.1093%2Fjmammal%2Fgyz043_SupplementaryDataSD1.tsv","Burger","2019","Burger","secondary","Burger_etal_2019","Mean_brain_mass_g","mass_or_volume_mixed","mass_or_volume_mixed","Brain_Mass_mass_or_volume"
"Jaculus orientalis","Brain_Mass","g",2.5,"2.5","g","10.1093%2Fjmammal%2Fgyz043_SupplementaryDataSD1.tsv","Burger","2019","Burger","secondary","Burger_etal_2019","Mean_brain_mass_g","mass_or_volume_mixed","mass_or_volume_mixed","Brain_Mass_mass_or_volume"
"Mesomys hispidus","Brain_Mass","g",2.64,"2.64","g","10.1093%2Fjmammal%2Fgyz043_SupplementaryDataSD1.tsv","Burger","2019","Burger","secondary","Burger_etal_2019","Mean_brain_mass_g","mass_or_volume_mixed","mass_or_volume_mixed","Brain_Mass_mass_or_volume"
"Proechimys brevicauda","Brain_Mass","g",2.95,"2.95","g","10.1093%2Fjmammal%2Fgyz043_SupplementaryDataSD1.tsv","Burger","2019","Burger","secondary","Burger_etal_2019","Mean_brain_mass_g","mass_or_volume_mixed","mass_or_volume_mixed","Brain_Mass_mass_or_volume"
"Spalax leucodon","Brain_Mass","g",3,"3","g","10.1093%2Fjmammal%2Fgyz043_SupplementaryDataSD1.tsv","Burger","2019","Burger","secondary","Burger_etal_2019","Mean_brain_mass_g","mass_or_volume_mixed","mass_or_volume_mixed","Brain_Mass_mass_or_volume"
"Makalata didelphoides","Brain_Mass","g",3.45,"3.45","g","10.1093%2Fjmammal%2Fgyz043_SupplementaryDataSD1.tsv","Burger","2019","Burger","secondary","Burger_etal_2019","Mean_brain_mass_g","mass_or_volume_mixed","mass_or_volume_mixed","Brain_Mass_mass_or_volume"
"Allactaga sibirica","Brain_Mass","g",3.5,"3.5","g","10.1093%2Fjmammal%2Fgyz043_SupplementaryDataSD1.tsv","Burger","2019","Burger","secondary","Burger_etal_2019","Mean_brain_mass_g","mass_or_volume_mixed","mass_or_volume_mixed","Brain_Mass_mass_or_volume"
"Clyomys laticeps","Brain_Mass","g",3.52,"3.52","g","10.1093%2Fjmammal%2Fgyz043_SupplementaryDataSD1.tsv","Burger","2019","Burger","secondary","Burger_etal_2019","Mean_brain_mass_g","mass_or_volume_mixed","mass_or_volume_mixed","Brain_Mass_mass_or_volume"
"Makalata macrura","Brain_Mass","g",3.89,"3.89","g","10.1093%2Fjmammal%2Fgyz043_SupplementaryDataSD1.tsv","Burger","2019","Burger","secondary","Burger_etal_2019","Mean_brain_mass_g","mass_or_volume_mixed","mass_or_volume_mixed","Brain_Mass_mass_or_volume"
"Orthogeomys hispidus","Brain_Mass","g",3.98,"3.98","g","10.1093%2Fjmammal%2Fgyz043_SupplementaryDataSD1.tsv","Burger","2019","Burger","secondary","Burger_etal_2019","Mean_brain_mass_g","mass_or_volume_mixed","mass_or_volume_mixed","Brain_Mass_mass_or_volume"
"Echimys chrysurus","Brain_Mass","g",5.02,"5.02","g","10.1093%2Fjmammal%2Fgyz043_SupplementaryDataSD1.tsv","Burger","2019","Burger","secondary","Burger_etal_2019","Mean_brain_mass_g","mass_or_volume_mixed","mass_or_volume_mixed","Brain_Mass_mass_or_volume"
"Chinchilla lanigera","Brain_Mass","g",6.8,"6.8","g","10.1093%2Fjmammal%2Fgyz043_SupplementaryDataSD1.tsv","Burger","2019","Burger","secondary","Burger_etal_2019","Mean_brain_mass_g","mass_or_volume_mixed","mass_or_volume_mixed","Brain_Mass_mass_or_volume"
"Rattus norvegicus","Brain_Mass","g",8.03,"8.03","g","10.1093%2Fjmammal%2Fgyz043_SupplementaryDataSD1.tsv","Burger","2019","Burger","secondary","Burger_etal_2019","Mean_brain_mass_g","mass_or_volume_mixed","mass_or_volume_mixed","Brain_Mass_mass_or_volume"
"Ratufa indica","Brain_Mass","g",11.4,"11.4","g","10.1093%2Fjmammal%2Fgyz043_SupplementaryDataSD1.tsv","Burger","2019","Burger","secondary","Burger_etal_2019","Mean_brain_mass_g","mass_or_volume_mixed","mass_or_volume_mixed","Brain_Mass_mass_or_volume"
"Sphiggurus vestitus","Brain_Mass","g",11.71,"11.71","g","10.1093%2Fjmammal%2Fgyz043_SupplementaryDataSD1.tsv","Burger","2019","Burger","secondary","Burger_etal_2019","Mean_brain_mass_g","mass_or_volume_mixed","mass_or_volume_mixed","Brain_Mass_mass_or_volume"
"Trichys fasciculata","Brain_Mass","g",13.05,"13.05","g","10.1093%2Fjmammal%2Fgyz043_SupplementaryDataSD1.tsv","Burger","2019","Burger","secondary","Burger_etal_2019","Mean_brain_mass_g","mass_or_volume_mixed","mass_or_volume_mixed","Brain_Mass_mass_or_volume"
"Lagidium viscacia","Brain_Mass","g",15.08,"15.08","g","10.1093%2Fjmammal%2Fgyz043_SupplementaryDataSD1.tsv","Burger","2019","Burger","secondary","Burger_etal_2019","Mean_brain_mass_g","mass_or_volume_mixed","mass_or_volume_mixed","Brain_Mass_mass_or_volume"
"Dolichotis salinicola","Brain_Mass","g",15.31,"15.31","g","10.1093%2Fjmammal%2Fgyz043_SupplementaryDataSD1.tsv","Burger","2019","Burger","secondary","Burger_etal_2019","Mean_brain_mass_g","mass_or_volume_mixed","mass_or_volume_mixed","Brain_Mass_mass_or_volume"
"Coendou prehensilis","Brain_Mass","g",16.73,"16.73","g","10.1093%2Fjmammal%2Fgyz043_SupplementaryDataSD1.tsv","Burger","2019","Burger","secondary","Burger_etal_2019","Mean_brain_mass_g","mass_or_volume_mixed","mass_or_volume_mixed","Brain_Mass_mass_or_volume"
"Coendou rothschildi","Brain_Mass","g",20.85,"20.85","g","10.1093%2Fjmammal%2Fgyz043_SupplementaryDataSD1.tsv","Burger","2019","Burger","secondary","Burger_etal_2019","Mean_brain_mass_g","mass_or_volume_mixed","mass_or_volume_mixed","Brain_Mass_mass_or_volume"
"Dasyprocta leporina","Brain_Mass","g",21.26,"21.26","g","10.1093%2Fjmammal%2Fgyz043_SupplementaryDataSD1.tsv","Burger","2019","Burger","secondary","Burger_etal_2019","Mean_brain_mass_g","mass_or_volume_mixed","mass_or_volume_mixed","Brain_Mass_mass_or_volume"
"Atherurus africanus","Brain_Mass","g",21.89,"21.89","g","10.1093%2Fjmammal%2Fgyz043_SupplementaryDataSD1.tsv","Burger","2019","Burger","secondary","Burger_etal_2019","Mean_brain_mass_g","mass_or_volume_mixed","mass_or_volume_mixed","Brain_Mass_mass_or_volume"
"Hystrix sumatrae","Brain_Mass","g",27.04,"27.04","g","10.1093%2Fjmammal%2Fgyz043_SupplementaryDataSD1.tsv","Burger","2019","Burger","secondary","Burger_etal_2019","Mean_brain_mass_g","mass_or_volume_mixed","mass_or_volume_mixed","Brain_Mass_mass_or_volume"
"Dolichotis patagonum","Brain_Mass","g",30.5,"30.5","g","10.1093%2Fjmammal%2Fgyz043_SupplementaryDataSD1.tsv","Burger","2019","Burger","secondary","Burger_etal_2019","Mean_brain_mass_g","mass_or_volume_mixed","mass_or_volume_mixed","Brain_Mass_mass_or_volume"
"Atherurus macrourus","Brain_Mass","g",31.57,"31.57","g","10.1093%2Fjmammal%2Fgyz043_SupplementaryDataSD1.tsv","Burger","2019","Burger","secondary","Burger_etal_2019","Mean_brain_mass_g","mass_or_volume_mixed","mass_or_volume_mixed","Brain_Mass_mass_or_volume"
"Hystrix cristata","Brain_Mass","g",32.4,"32.4","g","10.1093%2Fjmammal%2Fgyz043_SupplementaryDataSD1.tsv","Burger","2019","Burger","secondary","Burger_etal_2019","Mean_brain_mass_g","mass_or_volume_mixed","mass_or_volume_mixed","Brain_Mass_mass_or_volume"
"Hystrix africaeaustralis","Brain_Mass","g",35.71,"35.71","g","10.1093%2Fjmammal%2Fgyz043_SupplementaryDataSD1.tsv","Burger","2019","Burger","secondary","Burger_etal_2019","Mean_brain_mass_g","mass_or_volume_mixed","mass_or_volume_mixed","Brain_Mass_mass_or_volume"
"Hystrix brachyura","Brain_Mass","g",37.64,"37.64","g","10.1093%2Fjmammal%2Fgyz043_SupplementaryDataSD1.tsv","Burger","2019","Burger","secondary","Burger_etal_2019","Mean_brain_mass_g","mass_or_volume_mixed","mass_or_volume_mixed","Brain_Mass_mass_or_volume"
"Hystrix indica","Brain_Mass","g",44.07,"44.07","g","10.1093%2Fjmammal%2Fgyz043_SupplementaryDataSD1.tsv","Burger","2019","Burger","secondary","Burger_etal_2019","Mean_brain_mass_g","mass_or_volume_mixed","mass_or_volume_mixed","Brain_Mass_mass_or_volume"
"Castor fiber","Brain_Mass","g",44.978,"44.978","g","10.1093%2Fjmammal%2Fgyz043_SupplementaryDataSD1.tsv","Burger","2019","Burger","secondary","Burger_etal_2019","Mean_brain_mass_g","mass_or_volume_mixed","mass_or_volume_mixed","Brain_Mass_mass_or_volume"
"Castor canadensis","Brain_Mass","g",52.21,"52.21","g","10.1093%2Fjmammal%2Fgyz043_SupplementaryDataSD1.tsv","Burger","2019","Burger","secondary","Burger_etal_2019","Mean_brain_mass_g","mass_or_volume_mixed","mass_or_volume_mixed","Brain_Mass_mass_or_volume"
"Hydrochoeris hydrochaeris","Brain_Mass","g",75,"75","g","10.1093%2Fjmammal%2Fgyz043_SupplementaryDataSD1.tsv","Burger","2019","Burger","secondary","Burger_etal_2019","Mean_brain_mass_g","mass_or_volume_mixed","mass_or_volume_mixed","Brain_Mass_mass_or_volume"
"Tupaia javanica","Brain_Mass","g",2.3,"2.3","g","10.1093%2Fjmammal%2Fgyz043_SupplementaryDataSD1.tsv","Burger","2019","Burger","secondary","Burger_etal_2019","Mean_brain_mass_g","mass_or_volume_mixed","mass_or_volume_mixed","Brain_Mass_mass_or_volume"
"Tupaia minor","Brain_Mass","g",2.58,"2.58","g","10.1093%2Fjmammal%2Fgyz043_SupplementaryDataSD1.tsv","Burger","2019","Burger","secondary","Burger_etal_2019","Mean_brain_mass_g","mass_or_volume_mixed","mass_or_volume_mixed","Brain_Mass_mass_or_volume"
"Tupaia glis","Brain_Mass","g",3.2,"3.2","g","10.1093%2Fjmammal%2Fgyz043_SupplementaryDataSD1.tsv","Burger","2019","Burger","secondary","Burger_etal_2019","Mean_brain_mass_g","mass_or_volume_mixed","mass_or_volume_mixed","Brain_Mass_mass_or_volume"
"Urogale everetti","Brain_Mass","g",4.28,"4.28","g","10.1093%2Fjmammal%2Fgyz043_SupplementaryDataSD1.tsv","Burger","2019","Burger","secondary","Burger_etal_2019","Mean_brain_mass_g","mass_or_volume_mixed","mass_or_volume_mixed","Brain_Mass_mass_or_volume"
"Dugong dugon","Brain_Mass","g",264.67,"264.67","g","10.1093%2Fjmammal%2Fgyz043_SupplementaryDataSD1.tsv","Burger","2019","Burger","secondary","Burger_etal_2019","Mean_brain_mass_g","mass_or_volume_mixed","mass_or_volume_mixed","Brain_Mass_mass_or_volume"
"Trichechus manatus","Brain_Mass","g",364,"364","g","10.1093%2Fjmammal%2Fgyz043_SupplementaryDataSD1.tsv","Burger","2019","Burger","secondary","Burger_etal_2019","Mean_brain_mass_g","mass_or_volume_mixed","mass_or_volume_mixed","Brain_Mass_mass_or_volume"
"Suncus etruscus","Brain_Mass","g",0.07,"0.07","g","10.1093%2Fjmammal%2Fgyz043_SupplementaryDataSD1.tsv","Burger","2019","Burger","secondary","Burger_etal_2019","Mean_brain_mass_g","mass_or_volume_mixed","mass_or_volume_mixed","Brain_Mass_mass_or_volume"
"Sorex hoyi","Brain_Mass","g",0.09,"0.09","g","10.1093%2Fjmammal%2Fgyz043_SupplementaryDataSD1.tsv","Burger","2019","Burger","secondary","Burger_etal_2019","Mean_brain_mass_g","mass_or_volume_mixed","mass_or_volume_mixed","Brain_Mass_mass_or_volume"
"Sorex ornatus","Brain_Mass","g",0.12,"0.12","g","10.1093%2Fjmammal%2Fgyz043_SupplementaryDataSD1.tsv","Burger","2019","Burger","secondary","Burger_etal_2019","Mean_brain_mass_g","mass_or_volume_mixed","mass_or_volume_mixed","Brain_Mass_mass_or_volume"
"Cryptotis parva","Brain_Mass","g",0.12,"0.12","g","10.1093%2Fjmammal%2Fgyz043_SupplementaryDataSD1.tsv","Burger","2019","Burger","secondary","Burger_etal_2019","Mean_brain_mass_g","mass_or_volume_mixed","mass_or_volume_mixed","Brain_Mass_mass_or_volume"
"Sorex minutus","Brain_Mass","g",0.13,"0.13","g","10.1093%2Fjmammal%2Fgyz043_SupplementaryDataSD1.tsv","Burger","2019","Burger","secondary","Burger_etal_2019","Mean_brain_mass_g","mass_or_volume_mixed","mass_or_volume_mixed","Brain_Mass_mass_or_volume"
"Crocidura fuscomurina","Brain_Mass","g",0.13,"0.13","g","10.1093%2Fjmammal%2Fgyz043_SupplementaryDataSD1.tsv","Burger","2019","Burger","secondary","Burger_etal_2019","Mean_brain_mass_g","mass_or_volume_mixed","mass_or_volume_mixed","Brain_Mass_mass_or_volume"
"Notiosorex crawfordi","Brain_Mass","g",0.15,"0.15","g","10.1093%2Fjmammal%2Fgyz043_SupplementaryDataSD1.tsv","Burger","2019","Burger","secondary","Burger_etal_2019","Mean_brain_mass_g","mass_or_volume_mixed","mass_or_volume_mixed","Brain_Mass_mass_or_volume"
"Sorex cinereus","Brain_Mass","g",0.17,"0.17","g","10.1093%2Fjmammal%2Fgyz043_SupplementaryDataSD1.tsv","Burger","2019","Burger","secondary","Burger_etal_2019","Mean_brain_mass_g","mass_or_volume_mixed","mass_or_volume_mixed","Brain_Mass_mass_or_volume"
"Sorex vagrans","Brain_Mass","g",0.17,"0.17","g","10.1093%2Fjmammal%2Fgyz043_SupplementaryDataSD1.tsv","Burger","2019","Burger","secondary","Burger_etal_2019","Mean_brain_mass_g","mass_or_volume_mixed","mass_or_volume_mixed","Brain_Mass_mass_or_volume"
"Crocidura russula","Brain_Mass","g",0.19,"0.19","g","10.1093%2Fjmammal%2Fgyz043_SupplementaryDataSD1.tsv","Burger","2019","Burger","secondary","Burger_etal_2019","Mean_brain_mass_g","mass_or_volume_mixed","mass_or_volume_mixed","Brain_Mass_mass_or_volume"
"Sorex trowbridgii","Brain_Mass","g",0.21,"0.21","g","10.1093%2Fjmammal%2Fgyz043_SupplementaryDataSD1.tsv","Burger","2019","Burger","secondary","Burger_etal_2019","Mean_brain_mass_g","mass_or_volume_mixed","mass_or_volume_mixed","Brain_Mass_mass_or_volume"
"Sorex fumeus","Brain_Mass","g",0.21,"0.21","g","10.1093%2Fjmammal%2Fgyz043_SupplementaryDataSD1.tsv","Burger","2019","Burger","secondary","Burger_etal_2019","Mean_brain_mass_g","mass_or_volume_mixed","mass_or_volume_mixed","Brain_Mass_mass_or_volume"
"Sorex monticolus","Brain_Mass","g",0.23,"0.23","g","10.1093%2Fjmammal%2Fgyz043_SupplementaryDataSD1.tsv","Burger","2019","Burger","secondary","Burger_etal_2019","Mean_brain_mass_g","mass_or_volume_mixed","mass_or_volume_mixed","Brain_Mass_mass_or_volume"
"Sorex araneus","Brain_Mass","g",0.23,"0.23","g","10.1093%2Fjmammal%2Fgyz043_SupplementaryDataSD1.tsv","Burger","2019","Burger","secondary","Burger_etal_2019","Mean_brain_mass_g","mass_or_volume_mixed","mass_or_volume_mixed","Brain_Mass_mass_or_volume"
"Sorex arcticus","Brain_Mass","g",0.27,"0.27","g","10.1093%2Fjmammal%2Fgyz043_SupplementaryDataSD1.tsv","Burger","2019","Burger","secondary","Burger_etal_2019","Mean_brain_mass_g","mass_or_volume_mixed","mass_or_volume_mixed","Brain_Mass_mass_or_volume"
"Blarina brevicauda","Brain_Mass","g",0.29,"0.29","g","10.1093%2Fjmammal%2Fgyz043_SupplementaryDataSD1.tsv","Burger","2019","Burger","secondary","Burger_etal_2019","Mean_brain_mass_g","mass_or_volume_mixed","mass_or_volume_mixed","Brain_Mass_mass_or_volume"
"Sorex palustris","Brain_Mass","g",0.31,"0.31","g","10.1093%2Fjmammal%2Fgyz043_SupplementaryDataSD1.tsv","Burger","2019","Burger","secondary","Burger_etal_2019","Mean_brain_mass_g","mass_or_volume_mixed","mass_or_volume_mixed","Brain_Mass_mass_or_volume"
"Neomys fodiens","Brain_Mass","g",0.31,"0.31","g","10.1093%2Fjmammal%2Fgyz043_SupplementaryDataSD1.tsv","Burger","2019","Burger","secondary","Burger_etal_2019","Mean_brain_mass_g","mass_or_volume_mixed","mass_or_volume_mixed","Brain_Mass_mass_or_volume"
"Suncus murinus","Brain_Mass","g",0.39,"0.39","g","10.1093%2Fjmammal%2Fgyz043_SupplementaryDataSD1.tsv","Burger","2019","Burger","secondary","Burger_etal_2019","Mean_brain_mass_g","mass_or_volume_mixed","mass_or_volume_mixed","Brain_Mass_mass_or_volume"
"Surdisorex polulus","Brain_Mass","g",0.4,"0.4","g","10.1093%2Fjmammal%2Fgyz043_SupplementaryDataSD1.tsv","Burger","2019","Burger","secondary","Burger_etal_2019","Mean_brain_mass_g","mass_or_volume_mixed","mass_or_volume_mixed","Brain_Mass_mass_or_volume"
"Neurotrichus gibbsii","Brain_Mass","g",0.91,"0.91","g","10.1093%2Fjmammal%2Fgyz043_SupplementaryDataSD1.tsv","Burger","2019","Burger","secondary","Burger_etal_2019","Mean_brain_mass_g","mass_or_volume_mixed","mass_or_volume_mixed","Brain_Mass_mass_or_volume"
"Condylura cristata","Brain_Mass","g",1.37,"1.37","g","10.1093%2Fjmammal%2Fgyz043_SupplementaryDataSD1.tsv","Burger","2019","Burger","secondary","Burger_etal_2019","Mean_brain_mass_g","mass_or_volume_mixed","mass_or_volume_mixed","Brain_Mass_mass_or_volume"
"Talpa europaea","Brain_Mass","g",1.4,"1.4","g","10.1093%2Fjmammal%2Fgyz043_SupplementaryDataSD1.tsv","Burger","2019","Burger","secondary","Burger_etal_2019","Mean_brain_mass_g","mass_or_volume_mixed","mass_or_volume_mixed","Brain_Mass_mass_or_volume"
"Scalopus aquaticus","Brain_Mass","g",1.48,"1.48","g","10.1093%2Fjmammal%2Fgyz043_SupplementaryDataSD1.tsv","Burger","2019","Burger","secondary","Burger_etal_2019","Mean_brain_mass_g","mass_or_volume_mixed","mass_or_volume_mixed","Brain_Mass_mass_or_volume"
"Scapanus townsendii","Brain_Mass","g",2.02,"2.02","g","10.1093%2Fjmammal%2Fgyz043_SupplementaryDataSD1.tsv","Burger","2019","Burger","secondary","Burger_etal_2019","Mean_brain_mass_g","mass_or_volume_mixed","mass_or_volume_mixed","Brain_Mass_mass_or_volume"
"Galemys pyrenaicus","Brain_Mass","g",1.33,"1.33","g","10.1093%2Fjmammal%2Fgyz043_SupplementaryDataSD1.tsv","Burger","2019","Burger","secondary","Burger_etal_2019","Mean_brain_mass_g","mass_or_volume_mixed","mass_or_volume_mixed","Brain_Mass_mass_or_volume"
"Desmana moschata","Brain_Mass","g",4,"4","g","10.1093%2Fjmammal%2Fgyz043_SupplementaryDataSD1.tsv","Burger","2019","Burger","secondary","Burger_etal_2019","Mean_brain_mass_g","mass_or_volume_mixed","mass_or_volume_mixed","Brain_Mass_mass_or_volume"
"Solenodon paradoxus","Brain_Mass","g",4.67,"4.67","g","10.1093%2Fjmammal%2Fgyz043_SupplementaryDataSD1.tsv","Burger","2019","Burger","secondary","Burger_etal_2019","Mean_brain_mass_g","mass_or_volume_mixed","mass_or_volume_mixed","Brain_Mass_mass_or_volume"
"Orycteropus afer","Brain_Mass","g",79.5,"79.5","g","10.1093%2Fjmammal%2Fgyz043_SupplementaryDataSD1.tsv","Burger","2019","Burger","secondary","Burger_etal_2019","Mean_brain_mass_g","mass_or_volume_mixed","mass_or_volume_mixed","Brain_Mass_mass_or_volume"
"Aotus trivirgatus","Brain_Mass","g",18.2,"18.2","g","10.1093%2Foso%2F9780198568742.003.0006_Table6.1.tsv","Finlay","2006","Finlay","primary","Finlay_etal_2006","brainweight_g","mass_measured","mass_compilation_unspecified","Brain_Mass_measured"
"Blarina brevicauda","Brain_Mass","g",0.39,"0.39","g","10.1093%2Foso%2F9780198568742.003.0006_Table6.1.tsv","Finlay","2006","Finlay","primary","Finlay_etal_2006","brainweight_g","mass_measured","mass_compilation_unspecified","Brain_Mass_measured"
"Callithrix jacchus","Brain_Mass","g",7.9,"7.9","g","10.1093%2Foso%2F9780198568742.003.0006_Table6.1.tsv","Finlay","2006","Finlay","primary","Finlay_etal_2006","brainweight_g","mass_measured","mass_compilation_unspecified","Brain_Mass_measured"
"Cryptotis parva","Brain_Mass","g",0.25,"0.25","g","10.1093%2Foso%2F9780198568742.003.0006_Table6.1.tsv","Finlay","2006","Finlay","primary","Finlay_etal_2006","brainweight_g","mass_measured","mass_compilation_unspecified","Brain_Mass_measured"
"Didelphis marsupialis","Brain_Mass","g",6.3,"6.3","g","10.1093%2Foso%2F9780198568742.003.0006_Table6.1.tsv","Finlay","2006","Finlay","primary","Finlay_etal_2006","brainweight_g","mass_measured","mass_compilation_unspecified","Brain_Mass_measured"
"Echinops telfairi","Brain_Mass","g",0.62,"0.62","g","10.1093%2Foso%2F9780198568742.003.0006_Table6.1.tsv","Finlay","2006","Finlay","primary","Finlay_etal_2006","brainweight_g","mass_measured","mass_compilation_unspecified","Brain_Mass_measured"
"Erinaceus europaeus","Brain_Mass","g",3.29,"3.29","g","10.1093%2Foso%2F9780198568742.003.0006_Table6.1.tsv","Finlay","2006","Finlay","primary","Finlay_etal_2006","brainweight_g","mass_measured","mass_compilation_unspecified","Brain_Mass_measured"
"Felis catus","Brain_Mass","g",30,"30","g","10.1093%2Foso%2F9780198568742.003.0006_Table6.1.tsv","Finlay","2006","Finlay","primary","Finlay_etal_2006","brainweight_g","mass_measured","mass_compilation_unspecified","Brain_Mass_measured"
"Galago sp.","Brain_Mass","g",4.8,"4.8","g","10.1093%2Foso%2F9780198568742.003.0006_Table6.1.tsv","Finlay","2006","Finlay","primary","Finlay_etal_2006","brainweight_g","mass_measured","mass_compilation_unspecified","Brain_Mass_measured"
"Macaca mulatta","Brain_Mass","g",95,"95","g","10.1093%2Foso%2F9780198568742.003.0006_Table6.1.tsv","Finlay","2006","Finlay","primary","Finlay_etal_2006","brainweight_g","mass_measured","mass_compilation_unspecified","Brain_Mass_measured"
"Mus sp.","Brain_Mass","g",0.5,"0.5","g","10.1093%2Foso%2F9780198568742.003.0006_Table6.1.tsv","Finlay","2006","Finlay","primary","Finlay_etal_2006","brainweight_g","mass_measured","mass_compilation_unspecified","Brain_Mass_measured"
"Pteropus poliocephalus","Brain_Mass","g",7.23,"7.23","g","10.1093%2Foso%2F9780198568742.003.0006_Table6.1.tsv","Finlay","2006","Finlay","primary","Finlay_etal_2006","brainweight_g","mass_measured","mass_compilation_unspecified","Brain_Mass_measured"
"Rattus sp.","Brain_Mass","g",1.79,"1.79","g","10.1093%2Foso%2F9780198568742.003.0006_Table6.1.tsv","Finlay","2006","Finlay","primary","Finlay_etal_2006","brainweight_g","mass_measured","mass_compilation_unspecified","Brain_Mass_measured"
"Saimiri sciureus","Brain_Mass","g",24,"24","g","10.1093%2Foso%2F9780198568742.003.0006_Table6.1.tsv","Finlay","2006","Finlay","primary","Finlay_etal_2006","brainweight_g","mass_measured","mass_compilation_unspecified","Brain_Mass_measured"
"Sorex cinereus","Brain_Mass","g",0.17,"0.17","g","10.1093%2Foso%2F9780198568742.003.0006_Table6.1.tsv","Finlay","2006","Finlay","primary","Finlay_etal_2006","brainweight_g","mass_measured","mass_compilation_unspecified","Brain_Mass_measured"
"Sorex palustris","Brain_Mass","g",0.28,"0.28","g","10.1093%2Foso%2F9780198568742.003.0006_Table6.1.tsv","Finlay","2006","Finlay","primary","Finlay_etal_2006","brainweight_g","mass_measured","mass_compilation_unspecified","Brain_Mass_measured"
"Sciurus carolinensis","Brain_Mass","g",6,"6","g","10.1093%2Foso%2F9780198568742.003.0006_Table6.1.tsv","Finlay","2006","Finlay","primary","Finlay_etal_2006","brainweight_g","mass_measured","mass_compilation_unspecified","Brain_Mass_measured"
"Tupaia belangeri","Brain_Mass","g",2.5,"2.5","g","10.1093%2Foso%2F9780198568742.003.0006_Table6.1.tsv","Finlay","2006","Finlay","primary","Finlay_etal_2006","brainweight_g","mass_measured","mass_compilation_unspecified","Brain_Mass_measured"
"Pan paniscus","Brain_Mass","g",353.3,"353.3","g","10.1093%2Fscan%2Fnsv128_TableS1.tsv","Stimpson","2015","Stimpson","secondary","Stimpson_etal_2015","brain_mass_g","mass_measured","mass_unspecified","Brain_Mass_measured"
"Pan paniscus","Brain_Mass","g",337,"337","g","10.1093%2Fscan%2Fnsv128_TableS1.tsv","Stimpson","2015","Stimpson","secondary","Stimpson_etal_2015","brain_mass_g","mass_measured","mass_unspecified","Brain_Mass_measured"
"Pan paniscus","Brain_Mass","g",307.4,"307.4","g","10.1093%2Fscan%2Fnsv128_TableS1.tsv","Stimpson","2015","Stimpson","secondary","Stimpson_etal_2015","brain_mass_g","mass_measured","mass_unspecified","Brain_Mass_measured"
"Pan paniscus","Brain_Mass","g",326.7,"326.7","g","10.1093%2Fscan%2Fnsv128_TableS1.tsv","Stimpson","2015","Stimpson","secondary","Stimpson_etal_2015","brain_mass_g","mass_measured","mass_unspecified","Brain_Mass_measured"
"Pan paniscus","Brain_Mass","g",313.2,"313.2","g","10.1093%2Fscan%2Fnsv128_TableS1.tsv","Stimpson","2015","Stimpson","secondary","Stimpson_etal_2015","brain_mass_g","mass_measured","mass_unspecified","Brain_Mass_measured"
"Pan paniscus","Brain_Mass","g",305.1,"305.1","g","10.1093%2Fscan%2Fnsv128_TableS1.tsv","Stimpson","2015","Stimpson","secondary","Stimpson_etal_2015","brain_mass_g","mass_measured","mass_unspecified","Brain_Mass_measured"
"Pan paniscus","Brain_Mass","g",295.7,"295.7","g","10.1093%2Fscan%2Fnsv128_TableS1.tsv","Stimpson","2015","Stimpson","secondary","Stimpson_etal_2015","brain_mass_g","mass_measured","mass_unspecified","Brain_Mass_measured"
"Pan troglodytes","Brain_Mass","g",341.2,"341.2","g","10.1093%2Fscan%2Fnsv128_TableS1.tsv","Stimpson","2015","Stimpson","secondary","Stimpson_etal_2015","brain_mass_g","mass_measured","mass_unspecified","Brain_Mass_measured"
"Pan troglodytes","Brain_Mass","g",346.6,"346.6","g","10.1093%2Fscan%2Fnsv128_TableS1.tsv","Stimpson","2015","Stimpson","secondary","Stimpson_etal_2015","brain_mass_g","mass_measured","mass_unspecified","Brain_Mass_measured"
"Pan troglodytes","Brain_Mass","g",401.8,"401.8","g","10.1093%2Fscan%2Fnsv128_TableS1.tsv","Stimpson","2015","Stimpson","secondary","Stimpson_etal_2015","brain_mass_g","mass_measured","mass_unspecified","Brain_Mass_measured"
"Pan troglodytes","Brain_Mass","g",327.8,"327.8","g","10.1093%2Fscan%2Fnsv128_TableS1.tsv","Stimpson","2015","Stimpson","secondary","Stimpson_etal_2015","brain_mass_g","mass_measured","mass_unspecified","Brain_Mass_measured"
"Pan troglodytes","Brain_Mass","g",375.5,"375.5","g","10.1093%2Fscan%2Fnsv128_TableS1.tsv","Stimpson","2015","Stimpson","secondary","Stimpson_etal_2015","brain_mass_g","mass_measured","mass_unspecified","Brain_Mass_measured"
"Pan troglodytes","Brain_Mass","g",348.1,"348.1","g","10.1093%2Fscan%2Fnsv128_TableS1.tsv","Stimpson","2015","Stimpson","secondary","Stimpson_etal_2015","brain_mass_g","mass_measured","mass_unspecified","Brain_Mass_measured"
"Pan troglodytes","Brain_Mass","g",312.9,"312.9","g","10.1093%2Fscan%2Fnsv128_TableS1.tsv","Stimpson","2015","Stimpson","secondary","Stimpson_etal_2015","brain_mass_g","mass_measured","mass_unspecified","Brain_Mass_measured"
"Aotus trivirgatus","Brain_Mass","g",15.75,"15.75","g","10.1098%2Frspb.2015.1853_Table1.tsv","HerculanoHouzel","2015","HerculanoHouzel","primary","HerculanoHouzel__2015","brain.mass..g.or.cm3.","mass_or_volume_mixed","mass_or_volume_mixed","Brain_Mass_mass_or_volume"
"Callithrix sp.","Brain_Mass","g",7.78,"7.78","g","10.1098%2Frspb.2015.1853_Table1.tsv","HerculanoHouzel","2015","HerculanoHouzel","primary","HerculanoHouzel__2015","brain.mass..g.or.cm3.","mass_or_volume_mixed","mass_or_volume_mixed","Brain_Mass_mass_or_volume"
"Sapajus apella","Brain_Mass","g",52.508,"52.508","g","10.1098%2Frspb.2015.1853_Table1.tsv","HerculanoHouzel","2015","HerculanoHouzel","primary","HerculanoHouzel__2015","brain.mass..g.or.cm3.","mass_or_volume_mixed","mass_or_volume_mixed","Brain_Mass_mass_or_volume"
"Saimiri sciureus","Brain_Mass","g",30.216,"30.216","g","10.1098%2Frspb.2015.1853_Table1.tsv","HerculanoHouzel","2015","HerculanoHouzel","primary","HerculanoHouzel__2015","brain.mass..g.or.cm3.","mass_or_volume_mixed","mass_or_volume_mixed","Brain_Mass_mass_or_volume"
"Macaca mulatta","Brain_Mass","g",87.346,"87.346","g","10.1098%2Frspb.2015.1853_Table1.tsv","HerculanoHouzel","2015","HerculanoHouzel","primary","HerculanoHouzel__2015","brain.mass..g.or.cm3.","mass_or_volume_mixed","mass_or_volume_mixed","Brain_Mass_mass_or_volume"
"Macaca radiata","Brain_Mass","g",61.47,"61.47","g","10.1098%2Frspb.2015.1853_Table1.tsv","HerculanoHouzel","2015","HerculanoHouzel","primary","HerculanoHouzel__2015","brain.mass..g.or.cm3.","mass_or_volume_mixed","mass_or_volume_mixed","Brain_Mass_mass_or_volume"
"Papio cynocephalus","Brain_Mass","g",151.19,"151.19","g","10.1098%2Frspb.2015.1853_Table1.tsv","HerculanoHouzel","2015","HerculanoHouzel","primary","HerculanoHouzel__2015","brain.mass..g.or.cm3.","mass_or_volume_mixed","mass_or_volume_mixed","Brain_Mass_mass_or_volume"
"Homo sapiens","Brain_Mass","g",1509,"1509","g","10.1098%2Frspb.2015.1853_Table1.tsv","HerculanoHouzel","2015","HerculanoHouzel","primary","HerculanoHouzel__2015","brain.mass..g.or.cm3.","mass_or_volume_mixed","mass_or_volume_mixed","Brain_Mass_mass_or_volume"
"Blarina brevicauda","Brain_Mass","g",0.34,"0.34","g","10.1098%2Frspb.2015.1853_Table1.tsv","HerculanoHouzel","2015","HerculanoHouzel","primary","HerculanoHouzel__2015","brain.mass..g.or.cm3.","mass_or_volume_mixed","mass_or_volume_mixed","Brain_Mass_mass_or_volume"
"Condylura cristata","Brain_Mass","g",0.802,"0.802","g","10.1098%2Frspb.2015.1853_Table1.tsv","HerculanoHouzel","2015","HerculanoHouzel","primary","HerculanoHouzel__2015","brain.mass..g.or.cm3.","mass_or_volume_mixed","mass_or_volume_mixed","Brain_Mass_mass_or_volume"
"Erinaceus europaeus","Brain_Mass","g",3.23,"3.23","g","10.1098%2Frspb.2015.1853_Table1.tsv","HerculanoHouzel","2015","HerculanoHouzel","primary","HerculanoHouzel__2015","brain.mass..g.or.cm3.","mass_or_volume_mixed","mass_or_volume_mixed","Brain_Mass_mass_or_volume"
"Scalopus aquaticus","Brain_Mass","g",0.999,"0.999","g","10.1098%2Frspb.2015.1853_Table1.tsv","HerculanoHouzel","2015","HerculanoHouzel","primary","HerculanoHouzel__2015","brain.mass..g.or.cm3.","mass_or_volume_mixed","mass_or_volume_mixed","Brain_Mass_mass_or_volume"
"Cavia porcellus","Brain_Mass","g",3.656,"3.656","g","10.1098%2Frspb.2015.1853_Table1.tsv","HerculanoHouzel","2015","HerculanoHouzel","primary","HerculanoHouzel__2015","brain.mass..g.or.cm3.","mass_or_volume_mixed","mass_or_volume_mixed","Brain_Mass_mass_or_volume"
"Mesocricetus auratus","Brain_Mass","g",0.965,"0.965","g","10.1098%2Frspb.2015.1853_Table1.tsv","HerculanoHouzel","2015","HerculanoHouzel","primary","HerculanoHouzel__2015","brain.mass..g.or.cm3.","mass_or_volume_mixed","mass_or_volume_mixed","Brain_Mass_mass_or_volume"
"Mus musculus","Brain_Mass","g",0.402,"0.402","g","10.1098%2Frspb.2015.1853_Table1.tsv","HerculanoHouzel","2015","HerculanoHouzel","primary","HerculanoHouzel__2015","brain.mass..g.or.cm3.","mass_or_volume_mixed","mass_or_volume_mixed","Brain_Mass_mass_or_volume"
"Oryctolagus cuniculus","Brain_Mass","g",7.1,"7.1","g","10.1098%2Frspb.2015.1853_Table1.tsv","HerculanoHouzel","2015","HerculanoHouzel","primary","HerculanoHouzel__2015","brain.mass..g.or.cm3.","mass_or_volume_mixed","mass_or_volume_mixed","Brain_Mass_mass_or_volume"
"Rattus norvegicus","Brain_Mass","g",1.724,"1.724","g","10.1098%2Frspb.2015.1853_Table1.tsv","HerculanoHouzel","2015","HerculanoHouzel","primary","HerculanoHouzel__2015","brain.mass..g.or.cm3.","mass_or_volume_mixed","mass_or_volume_mixed","Brain_Mass_mass_or_volume"
"Dendrohyrax sp.","Brain_Mass","g",3.328,"3.328","g","10.1098%2Frspb.2015.1853_Table1.tsv","HerculanoHouzel","2015","HerculanoHouzel","primary","HerculanoHouzel__2015","brain.mass..g.or.cm3.","mass_or_volume_mixed","mass_or_volume_mixed","Brain_Mass_mass_or_volume"
"Loxodonta africana","Brain_Mass","g",4618,"4618","g","10.1098%2Frspb.2015.1853_Table1.tsv","HerculanoHouzel","2015","HerculanoHouzel","primary","HerculanoHouzel__2015","brain.mass..g.or.cm3.","mass_or_volume_mixed","mass_or_volume_mixed","Brain_Mass_mass_or_volume"
"Procavia sp.","Brain_Mass","g",4.317,"4.317","g","10.1098%2Frspb.2015.1853_Table1.tsv","HerculanoHouzel","2015","HerculanoHouzel","primary","HerculanoHouzel__2015","brain.mass..g.or.cm3.","mass_or_volume_mixed","mass_or_volume_mixed","Brain_Mass_mass_or_volume"
"Bos taurus","Brain_Mass","g",486,"486","g","10.1098%2Frspb.2015.1853_Table1.tsv","HerculanoHouzel","2015","HerculanoHouzel","primary","HerculanoHouzel__2015","brain.mass..g.or.cm3.","mass_or_volume_mixed","mass_or_volume_mixed","Brain_Mass_mass_or_volume"
"Giraffa camelopardalis","Brain_Mass","g",537,"537","g","10.1098%2Frspb.2015.1853_Table1.tsv","HerculanoHouzel","2015","HerculanoHouzel","primary","HerculanoHouzel__2015","brain.mass..g.or.cm3.","mass_or_volume_mixed","mass_or_volume_mixed","Brain_Mass_mass_or_volume"
"Sus scrofa","Brain_Mass","g",64.18,"64.18","g","10.1098%2Frspb.2015.1853_Table1.tsv","HerculanoHouzel","2015","HerculanoHouzel","primary","HerculanoHouzel__2015","brain.mass..g.or.cm3.","mass_or_volume_mixed","mass_or_volume_mixed","Brain_Mass_mass_or_volume"
"Tupaia sp.","Brain_Mass","g",3.04,"3.04","g","10.1098%2Frspb.2015.1853_Table1.tsv","HerculanoHouzel","2015","HerculanoHouzel","primary","HerculanoHouzel__2015","brain.mass..g.or.cm3.","mass_or_volume_mixed","mass_or_volume_mixed","Brain_Mass_mass_or_volume"
"Pteropus poliocephalus","Brain_Mass","g",7.2,"7.2","g","10.1159%2F000068879_Table1.tsv","Sherwood","2003","Sherwood","secondary","Sherwood_etal_2003","brain_weight_g","mass_measured","mass_compilation_unspecified","Brain_Mass_measured"
"Tupaia glis","Brain_Mass","g",3.2,"3.2","g","10.1159%2F000068879_Table1.tsv","Sherwood","2003","Sherwood","secondary","Sherwood_etal_2003","brain_weight_g","mass_measured","mass_compilation_unspecified","Brain_Mass_measured"
"Loris tardigradus","Brain_Mass","g",6.6,"6.6","g","10.1159%2F000068879_Table1.tsv","Sherwood","2003","Sherwood","secondary","Sherwood_etal_2003","brain_weight_g","mass_measured","mass_compilation_unspecified","Brain_Mass_measured"
"Perodicticus potto","Brain_Mass","g",14.3,"14.3","g","10.1159%2F000068879_Table1.tsv","Sherwood","2003","Sherwood","secondary","Sherwood_etal_2003","brain_weight_g","mass_measured","mass_compilation_unspecified","Brain_Mass_measured"
"Galago senegalensis","Brain_Mass","g",4.8,"4.8","g","10.1159%2F000068879_Table1.tsv","Sherwood","2003","Sherwood","secondary","Sherwood_etal_2003","brain_weight_g","mass_measured","mass_compilation_unspecified","Brain_Mass_measured"
"Otolemur crassicaudatus","Brain_Mass","g",11.8,"11.8","g","10.1159%2F000068879_Table1.tsv","Sherwood","2003","Sherwood","secondary","Sherwood_etal_2003","brain_weight_g","mass_measured","mass_compilation_unspecified","Brain_Mass_measured"
"Lemur catta","Brain_Mass","g",25.6,"25.6","g","10.1159%2F000068879_Table1.tsv","Sherwood","2003","Sherwood","secondary","Sherwood_etal_2003","brain_weight_g","mass_measured","mass_compilation_unspecified","Brain_Mass_measured"
"Hapalemur griseus","Brain_Mass","g",14.7,"14.7","g","10.1159%2F000068879_Table1.tsv","Sherwood","2003","Sherwood","secondary","Sherwood_etal_2003","brain_weight_g","mass_measured","mass_compilation_unspecified","Brain_Mass_measured"
"Propithecus verreauxi","Brain_Mass","g",26.7,"26.7","g","10.1159%2F000068879_Table1.tsv","Sherwood","2003","Sherwood","secondary","Sherwood_etal_2003","brain_weight_g","mass_measured","mass_compilation_unspecified","Brain_Mass_measured"
"Daubentonia madagascariensis","Brain_Mass","g",45.2,"45.2","g","10.1159%2F000068879_Table1.tsv","Sherwood","2003","Sherwood","secondary","Sherwood_etal_2003","brain_weight_g","mass_measured","mass_compilation_unspecified","Brain_Mass_measured"
"Tarsius syrichta","Brain_Mass","g",4,"4","g","10.1159%2F000068879_Table1.tsv","Sherwood","2003","Sherwood","secondary","Sherwood_etal_2003","brain_weight_g","mass_measured","mass_compilation_unspecified","Brain_Mass_measured"
"Saguinus mystax","Brain_Mass","g",10.1,"10.1","g","10.1159%2F000068879_Table1.tsv","Sherwood","2003","Sherwood","secondary","Sherwood_etal_2003","brain_weight_g","mass_measured","mass_compilation_unspecified","Brain_Mass_measured"
"Aotus trivirgatus","Brain_Mass","g",18.2,"18.2","g","10.1159%2F000068879_Table1.tsv","Sherwood","2003","Sherwood","secondary","Sherwood_etal_2003","brain_weight_g","mass_measured","mass_compilation_unspecified","Brain_Mass_measured"
"Alouatta seniculus","Brain_Mass","g",52,"52","g","10.1159%2F000068879_Table1.tsv","Sherwood","2003","Sherwood","secondary","Sherwood_etal_2003","brain_weight_g","mass_measured","mass_compilation_unspecified","Brain_Mass_measured"
"Lagothrix lagothricha","Brain_Mass","g",101,"101","g","10.1159%2F000068879_Table1.tsv","Sherwood","2003","Sherwood","secondary","Sherwood_etal_2003","brain_weight_g","mass_measured","mass_compilation_unspecified","Brain_Mass_measured"
"Macaca fascicularis","Brain_Mass","g",69.2,"69.2","g","10.1159%2F000068879_Table1.tsv","Sherwood","2003","Sherwood","secondary","Sherwood_etal_2003","brain_weight_g","mass_measured","mass_compilation_unspecified","Brain_Mass_measured"
"Macaca fuscata","Brain_Mass","g",109.1,"109.1","g","10.1159%2F000068879_Table1.tsv","Sherwood","2003","Sherwood","secondary","Sherwood_etal_2003","brain_weight_g","mass_measured","mass_compilation_unspecified","Brain_Mass_measured"
"Macaca nigra","Brain_Mass","g",94.9,"94.9","g","10.1159%2F000068879_Table1.tsv","Sherwood","2003","Sherwood","secondary","Sherwood_etal_2003","brain_weight_g","mass_measured","mass_compilation_unspecified","Brain_Mass_measured"
"Papio cynocephalus","Brain_Mass","g",169.1,"169.1","g","10.1159%2F000068879_Table1.tsv","Sherwood","2003","Sherwood","secondary","Sherwood_etal_2003","brain_weight_g","mass_measured","mass_compilation_unspecified","Brain_Mass_measured"
"Papio anubis","Brain_Mass","g",175.1,"175.1","g","10.1159%2F000068879_Table1.tsv","Sherwood","2003","Sherwood","secondary","Sherwood_etal_2003","brain_weight_g","mass_measured","mass_compilation_unspecified","Brain_Mass_measured"
"Erythrocebus patas","Brain_Mass","g",106.6,"106.6","g","10.1159%2F000068879_Table1.tsv","Sherwood","2003","Sherwood","secondary","Sherwood_etal_2003","brain_weight_g","mass_measured","mass_compilation_unspecified","Brain_Mass_measured"
"Pongo pygmaeus","Brain_Mass","g",413.3,"413.3","g","10.1159%2F000068879_Table1.tsv","Sherwood","2003","Sherwood","secondary","Sherwood_etal_2003","brain_weight_g","mass_measured","mass_compilation_unspecified","Brain_Mass_measured"
"Gorilla gorilla","Brain_Mass","g",505.9,"505.9","g","10.1159%2F000068879_Table1.tsv","Sherwood","2003","Sherwood","secondary","Sherwood_etal_2003","brain_weight_g","mass_measured","mass_compilation_unspecified","Brain_Mass_measured"
"Pan troglodytes","Brain_Mass","g",405,"405","g","10.1159%2F000068879_Table1.tsv","Sherwood","2003","Sherwood","secondary","Sherwood_etal_2003","brain_weight_g","mass_measured","mass_compilation_unspecified","Brain_Mass_measured"
"Homo sapiens","Brain_Mass","g",1250,"1250","g","10.1159%2F000068879_Table1.tsv","Sherwood","2003","Sherwood","secondary","Sherwood_etal_2003","brain_weight_g","mass_measured","mass_compilation_unspecified","Brain_Mass_measured"
"Soricidae sp.","Brain_Mass","g",0.218,"0.218","g","10.1159%2F000085942_Table1.tsv","Changizi","2005","Changizi","primary","Changizi_Shimojo_2005","brain_mass_g","mass_measured","mass_compilation_unspecified","Brain_Mass_measured"
"Mus musculus","Brain_Mass","g",0.487,"0.487","g","10.1159%2F000085942_Table1.tsv","Changizi","2005","Changizi","primary","Changizi_Shimojo_2005","brain_mass_g","mass_measured","mass_compilation_unspecified","Brain_Mass_measured"
"Condylura cristata","Brain_Mass","g",1.077,"1.077","g","10.1159%2F000085942_Table1.tsv","Changizi","2005","Changizi","primary","Changizi_Shimojo_2005","brain_mass_g","mass_measured","mass_compilation_unspecified","Brain_Mass_measured"
"Macroderma gigas","Brain_Mass","g",1.704,"1.704","g","10.1159%2F000085942_Table1.tsv","Changizi","2005","Changizi","primary","Changizi_Shimojo_2005","brain_mass_g","mass_measured","mass_compilation_unspecified","Brain_Mass_measured"
"Rattus norvegicus","Brain_Mass","g",1.778,"1.778","g","10.1159%2F000085942_Table1.tsv","Changizi","2005","Changizi","primary","Changizi_Shimojo_2005","brain_mass_g","mass_measured","mass_compilation_unspecified","Brain_Mass_measured"
"Echinops telfairi","Brain_Mass","g",2.538,"2.538","g","10.1159%2F000085942_Table1.tsv","Changizi","2005","Changizi","primary","Changizi_Shimojo_2005","brain_mass_g","mass_measured","mass_compilation_unspecified","Brain_Mass_measured"
"Tupaia belangeri","Brain_Mass","g",3.114,"3.114","g","10.1159%2F000085942_Table1.tsv","Changizi","2005","Changizi","primary","Changizi_Shimojo_2005","brain_mass_g","mass_measured","mass_compilation_unspecified","Brain_Mass_measured"
"Atelerix albiventris","Brain_Mass","g",3.273,"3.273","g","10.1159%2F000085942_Table1.tsv","Changizi","2005","Changizi","primary","Changizi_Shimojo_2005","brain_mass_g","mass_measured","mass_compilation_unspecified","Brain_Mass_measured"
"Dasyurus hallucatus","Brain_Mass","g",4.666,"4.666","g","10.1159%2F000085942_Table1.tsv","Changizi","2005","Changizi","primary","Changizi_Shimojo_2005","brain_mass_g","mass_measured","mass_compilation_unspecified","Brain_Mass_measured"
"Didelphis marsupialis","Brain_Mass","g",5.174,"5.174","g","10.1159%2F000085942_Table1.tsv","Changizi","2005","Changizi","primary","Changizi_Shimojo_2005","brain_mass_g","mass_measured","mass_compilation_unspecified","Brain_Mass_measured"
"Mustela putorius furo","Brain_Mass","g",5.226,"5.226","g","10.1159%2F000085942_Table1.tsv","Changizi","2005","Changizi","primary","Changizi_Shimojo_2005","brain_mass_g","mass_measured","mass_compilation_unspecified","Brain_Mass_measured"
"Sciurus carolinensis","Brain_Mass","g",6.522,"6.522","g","10.1159%2F000085942_Table1.tsv","Changizi","2005","Changizi","primary","Changizi_Shimojo_2005","brain_mass_g","mass_measured","mass_compilation_unspecified","Brain_Mass_measured"
"Pteropus poliocephalus","Brain_Mass","g",7.223,"7.223","g","10.1159%2F000085942_Table1.tsv","Changizi","2005","Changizi","primary","Changizi_Shimojo_2005","brain_mass_g","mass_measured","mass_compilation_unspecified","Brain_Mass_measured"
"Callithrix jacchus","Brain_Mass","g",7.779,"7.779","g","10.1159%2F000085942_Table1.tsv","Changizi","2005","Changizi","primary","Changizi_Shimojo_2005","brain_mass_g","mass_measured","mass_compilation_unspecified","Brain_Mass_measured"
"Ornithorhynchus anatinus","Brain_Mass","g",9,"9","g","10.1159%2F000085942_Table1.tsv","Changizi","2005","Changizi","primary","Changizi_Shimojo_2005","brain_mass_g","mass_measured","mass_compilation_unspecified","Brain_Mass_measured"
"Tachyglossus aculeatus","Brain_Mass","g",11,"11","g","10.1159%2F000085942_Table1.tsv","Changizi","2005","Changizi","primary","Changizi_Shimojo_2005","brain_mass_g","mass_measured","mass_compilation_unspecified","Brain_Mass_measured"
"Aotus trivirgatus","Brain_Mass","g",16.335,"16.335","g","10.1159%2F000085942_Table1.tsv","Changizi","2005","Changizi","primary","Changizi_Shimojo_2005","brain_mass_g","mass_measured","mass_compilation_unspecified","Brain_Mass_measured"
"Felis catus","Brain_Mass","g",27.093,"27.093","g","10.1159%2F000085942_Table1.tsv","Changizi","2005","Changizi","primary","Changizi_Shimojo_2005","brain_mass_g","mass_measured","mass_compilation_unspecified","Brain_Mass_measured"
"Macaca mulatta","Brain_Mass","g",84.643,"84.643","g","10.1159%2F000085942_Table1.tsv","Changizi","2005","Changizi","primary","Changizi_Shimojo_2005","brain_mass_g","mass_measured","mass_compilation_unspecified","Brain_Mass_measured"
"Rattus norvegicus","Brain_Mass","g",1.78,"1.78","g","10.1159%2F000085942_Table5.tsv","Changizi","2005","Changizi","primary","Changizi_Shimojo_2005","brain_mass_g","mass_measured","mass_compilation_unspecified","Brain_Mass_measured"
"Tupaia belangeri","Brain_Mass","g",3.11,"3.11","g","10.1159%2F000085942_Table5.tsv","Changizi","2005","Changizi","primary","Changizi_Shimojo_2005","brain_mass_g","mass_measured","mass_compilation_unspecified","Brain_Mass_measured"
"Galago senegalensis","Brain_Mass","g",4.57,"4.57","g","10.1159%2F000085942_Table5.tsv","Changizi","2005","Changizi","primary","Changizi_Shimojo_2005","brain_mass_g","mass_measured","mass_compilation_unspecified","Brain_Mass_measured"
"Didelphis marsupialis","Brain_Mass","g",5.17,"5.17","g","10.1159%2F000085942_Table5.tsv","Changizi","2005","Changizi","primary","Changizi_Shimojo_2005","brain_mass_g","mass_measured","mass_compilation_unspecified","Brain_Mass_measured"
"Sciurus carolinensis","Brain_Mass","g",6.52,"6.52","g","10.1159%2F000085942_Table5.tsv","Changizi","2005","Changizi","primary","Changizi_Shimojo_2005","brain_mass_g","mass_measured","mass_compilation_unspecified","Brain_Mass_measured"
"Pteropus poliocephalus","Brain_Mass","g",7.22,"7.22","g","10.1159%2F000085942_Table5.tsv","Changizi","2005","Changizi","primary","Changizi_Shimojo_2005","brain_mass_g","mass_measured","mass_compilation_unspecified","Brain_Mass_measured"
"Callithrix jacchus","Brain_Mass","g",7.78,"7.78","g","10.1159%2F000085942_Table5.tsv","Changizi","2005","Changizi","primary","Changizi_Shimojo_2005","brain_mass_g","mass_measured","mass_compilation_unspecified","Brain_Mass_measured"
"Aotus trivirgatus","Brain_Mass","g",16.34,"16.34","g","10.1159%2F000085942_Table5.tsv","Changizi","2005","Changizi","primary","Changizi_Shimojo_2005","brain_mass_g","mass_measured","mass_compilation_unspecified","Brain_Mass_measured"
"Saimiri sciureus","Brain_Mass","g",22.48,"22.48","g","10.1159%2F000085942_Table5.tsv","Changizi","2005","Changizi","primary","Changizi_Shimojo_2005","brain_mass_g","mass_measured","mass_compilation_unspecified","Brain_Mass_measured"
"Felis catus","Brain_Mass","g",27.09,"27.09","g","10.1159%2F000085942_Table5.tsv","Changizi","2005","Changizi","primary","Changizi_Shimojo_2005","brain_mass_g","mass_measured","mass_compilation_unspecified","Brain_Mass_measured"
"Macaca mulatta","Brain_Mass","g",84.64,"84.64","g","10.1159%2F000085942_Table5.tsv","Changizi","2005","Changizi","primary","Changizi_Shimojo_2005","brain_mass_g","mass_measured","mass_compilation_unspecified","Brain_Mass_measured"
"Solenodon paradoxus","Brain_Mass","g",4.67,"4670","mg","10.1159%2F000155963_TableI.tsv","Stephan","1981","Stephan_collection","primary","Stephan_etal_1981","Brain_weight","mass_measured","mass_fresh","Brain_Mass_measured"
"Tenrec ecaudatus","Brain_Mass","g",2.57,"2570","mg","10.1159%2F000155963_TableI.tsv","Stephan","1981","Stephan_collection","primary","Stephan_etal_1981","Brain_weight","mass_measured","mass_fresh","Brain_Mass_measured"
"Setifer setosus","Brain_Mass","g",1.51,"1510","mg","10.1159%2F000155963_TableI.tsv","Stephan","1981","Stephan_collection","primary","Stephan_etal_1981","Brain_weight","mass_measured","mass_fresh","Brain_Mass_measured"
"Hemicentetes semispinosus","Brain_Mass","g",0.83,"830","mg","10.1159%2F000155963_TableI.tsv","Stephan","1981","Stephan_collection","primary","Stephan_etal_1981","Brain_weight","mass_measured","mass_fresh","Brain_Mass_measured"
"Echinops telfairi","Brain_Mass","g",0.62,"620","mg","10.1159%2F000155963_TableI.tsv","Stephan","1981","Stephan_collection","primary","Stephan_etal_1981","Brain_weight","mass_measured","mass_fresh","Brain_Mass_measured"
"Oryzorictes hova","Brain_Mass","g",0.58,"580","mg","10.1159%2F000155963_TableI.tsv","Stephan","1981","Stephan_collection","primary","Stephan_etal_1981","Brain_weight","mass_measured","mass_fresh","Brain_Mass_measured"
"Microgale cowani","Brain_Mass","g",0.42,"420","mg","10.1159%2F000155963_TableI.tsv","Stephan","1981","Stephan_collection","primary","Stephan_etal_1981","Brain_weight","mass_measured","mass_fresh","Brain_Mass_measured"
"Microgale mergulus","Brain_Mass","g",1.15,"1150","mg","10.1159%2F000155963_TableI.tsv","Stephan","1981","Stephan_collection","primary","Stephan_etal_1981","Brain_weight","mass_measured","mass_fresh","Brain_Mass_measured"
"Nesogale dobsoni","Brain_Mass","g",0.56,"560","mg","10.1159%2F000155963_TableI.tsv","Stephan","1981","Stephan_collection","primary","Stephan_etal_1981","Brain_weight","mass_measured","mass_fresh","Brain_Mass_measured"
"Nesogale talazaci","Brain_Mass","g",0.79,"790","mg","10.1159%2F000155963_TableI.tsv","Stephan","1981","Stephan_collection","primary","Stephan_etal_1981","Brain_weight","mass_measured","mass_fresh","Brain_Mass_measured"
"Micropotamogale lamottei","Brain_Mass","g",0.8,"800","mg","10.1159%2F000155963_TableI.tsv","Stephan","1981","Stephan_collection","primary","Stephan_etal_1981","Brain_weight","mass_measured","mass_fresh","Brain_Mass_measured"
"Potamogale velox","Brain_Mass","g",4.16,"4160","mg","10.1159%2F000155963_TableI.tsv","Stephan","1981","Stephan_collection","primary","Stephan_etal_1981","Brain_weight","mass_measured","mass_fresh","Brain_Mass_measured"
"Chrysochloris stuhlmanni","Brain_Mass","g",0.74,"740","mg","10.1159%2F000155963_TableI.tsv","Stephan","1981","Stephan_collection","primary","Stephan_etal_1981","Brain_weight","mass_measured","mass_fresh","Brain_Mass_measured"
"Chrysochloris asiatica","Brain_Mass","g",0.7,"700","mg","10.1159%2F000155963_TableI.tsv","Stephan","1981","Stephan_collection","primary","Stephan_etal_1981","Brain_weight","mass_measured","mass_fresh","Brain_Mass_measured"
"Atelerix algirus","Brain_Mass","g",3.2,"3200","mg","10.1159%2F000155963_TableI.tsv","Stephan","1981","Stephan_collection","primary","Stephan_etal_1981","Brain_weight","mass_measured","mass_fresh","Brain_Mass_measured"
"Erinaceus europaeus","Brain_Mass","g",3.35,"3350","mg","10.1159%2F000155963_TableI.tsv","Stephan","1981","Stephan_collection","primary","Stephan_etal_1981","Brain_weight","mass_measured","mass_fresh","Brain_Mass_measured"
"Hemiechinus auritus","Brain_Mass","g",1.9,"1900","mg","10.1159%2F000155963_TableI.tsv","Stephan","1981","Stephan_collection","primary","Stephan_etal_1981","Brain_weight","mass_measured","mass_fresh","Brain_Mass_measured"
"Elephantulus fuscipes","Brain_Mass","g",1.33,"1330","mg","10.1159%2F000155963_TableI.tsv","Stephan","1981","Stephan_collection","primary","Stephan_etal_1981","Brain_weight","mass_measured","mass_fresh","Brain_Mass_measured"
"Rhynchocyon cirnei","Brain_Mass","g",6.1,"6100","mg","10.1159%2F000155963_TableI.tsv","Stephan","1981","Stephan_collection","primary","Stephan_etal_1981","Brain_weight","mass_measured","mass_fresh","Brain_Mass_measured"
"Sorex minutus","Brain_Mass","g",0.11,"110","mg","10.1159%2F000155963_TableI.tsv","Stephan","1981","Stephan_collection","primary","Stephan_etal_1981","Brain_weight","mass_measured","mass_fresh","Brain_Mass_measured"
"Sorex araneus","Brain_Mass","g",0.2,"200","mg","10.1159%2F000155963_TableI.tsv","Stephan","1981","Stephan_collection","primary","Stephan_etal_1981","Brain_weight","mass_measured","mass_fresh","Brain_Mass_measured"
"Neomys fodiens","Brain_Mass","g",0.32,"320","mg","10.1159%2F000155963_TableI.tsv","Stephan","1981","Stephan_collection","primary","Stephan_etal_1981","Brain_weight","mass_measured","mass_fresh","Brain_Mass_measured"
"Crocidura flavescens","Brain_Mass","g",0.44,"440","mg","10.1159%2F000155963_TableI.tsv","Stephan","1981","Stephan_collection","primary","Stephan_etal_1981","Brain_weight","mass_measured","mass_fresh","Brain_Mass_measured"
"Crocidura russula","Brain_Mass","g",0.19,"190","mg","10.1159%2F000155963_TableI.tsv","Stephan","1981","Stephan_collection","primary","Stephan_etal_1981","Brain_weight","mass_measured","mass_fresh","Brain_Mass_measured"
"Suncus murinus","Brain_Mass","g",0.38,"380","mg","10.1159%2F000155963_TableI.tsv","Stephan","1981","Stephan_collection","primary","Stephan_etal_1981","Brain_weight","mass_measured","mass_fresh","Brain_Mass_measured"
"Talpa europaea","Brain_Mass","g",1.02,"1020","mg","10.1159%2F000155963_TableI.tsv","Stephan","1981","Stephan_collection","primary","Stephan_etal_1981","Brain_weight","mass_measured","mass_fresh","Brain_Mass_measured"
"Desmana moschata","Brain_Mass","g",4,"4000","mg","10.1159%2F000155963_TableI.tsv","Stephan","1981","Stephan_collection","primary","Stephan_etal_1981","Brain_weight","mass_measured","mass_fresh","Brain_Mass_measured"
"Galemys pyrenaicus","Brain_Mass","g",1.33,"1330","mg","10.1159%2F000155963_TableI.tsv","Stephan","1981","Stephan_collection","primary","Stephan_etal_1981","Brain_weight","mass_measured","mass_fresh","Brain_Mass_measured"
"Tupaia glis","Brain_Mass","g",3.2,"3200","mg","10.1159%2F000155963_TableII.tsv","Stephan","1981","Stephan_collection","primary","Stephan_etal_1981","Brain_weight","mass_measured","mass_fresh","Brain_Mass_measured"
"Tupaia minor","Brain_Mass","g",2.58,"2580","mg","10.1159%2F000155963_TableII.tsv","Stephan","1981","Stephan_collection","primary","Stephan_etal_1981","Brain_weight","mass_measured","mass_fresh","Brain_Mass_measured"
"Urogale everetti","Brain_Mass","g",4.28,"4280","mg","10.1159%2F000155963_TableII.tsv","Stephan","1981","Stephan_collection","primary","Stephan_etal_1981","Brain_weight","mass_measured","mass_fresh","Brain_Mass_measured"
"Cheirogaleus major","Brain_Mass","g",6.8,"6800","mg","10.1159%2F000155963_TableII.tsv","Stephan","1981","Stephan_collection","primary","Stephan_etal_1981","Brain_weight","mass_measured","mass_fresh","Brain_Mass_measured"
"Cheirogaleus medius","Brain_Mass","g",3.14,"3140","mg","10.1159%2F000155963_TableII.tsv","Stephan","1981","Stephan_collection","primary","Stephan_etal_1981","Brain_weight","mass_measured","mass_fresh","Brain_Mass_measured"
"Microcebus murinus","Brain_Mass","g",1.78,"1780","mg","10.1159%2F000155963_TableII.tsv","Stephan","1981","Stephan_collection","primary","Stephan_etal_1981","Brain_weight","mass_measured","mass_fresh","Brain_Mass_measured"
"Lepilemur ruficaudatus","Brain_Mass","g",7.6,"7600","mg","10.1159%2F000155963_TableII.tsv","Stephan","1981","Stephan_collection","primary","Stephan_etal_1981","Brain_weight","mass_measured","mass_fresh","Brain_Mass_measured"
"Eulemur fulvus","Brain_Mass","g",23.3,"23300","mg","10.1159%2F000155963_TableII.tsv","Stephan","1981","Stephan_collection","primary","Stephan_etal_1981","Brain_weight","mass_measured","mass_fresh","Brain_Mass_measured"
"Varecia variegata","Brain_Mass","g",31.5,"31500","mg","10.1159%2F000155963_TableII.tsv","Stephan","1981","Stephan_collection","primary","Stephan_etal_1981","Brain_weight","mass_measured","mass_fresh","Brain_Mass_measured"
"Avahi laniger","Brain_Mass","g",10.49,"10490","mg","10.1159%2F000155963_TableII.tsv","Stephan","1981","Stephan_collection","primary","Stephan_etal_1981","Brain_weight","mass_measured","mass_fresh","Brain_Mass_measured"
"Avahi occidentalis","Brain_Mass","g",9.67,"9670","mg","10.1159%2F000155963_TableII.tsv","Stephan","1981","Stephan_collection","primary","Stephan_etal_1981","Brain_weight","mass_measured","mass_fresh","Brain_Mass_measured"
"Propithecus verreauxi","Brain_Mass","g",26.7,"26700","mg","10.1159%2F000155963_TableII.tsv","Stephan","1981","Stephan_collection","primary","Stephan_etal_1981","Brain_weight","mass_measured","mass_fresh","Brain_Mass_measured"
"Indri indri","Brain_Mass","g",38.3,"38300","mg","10.1159%2F000155963_TableII.tsv","Stephan","1981","Stephan_collection","primary","Stephan_etal_1981","Brain_weight","mass_measured","mass_fresh","Brain_Mass_measured"
"Daubentonia madagascariensis","Brain_Mass","g",45.15,"45150","mg","10.1159%2F000155963_TableII.tsv","Stephan","1981","Stephan_collection","primary","Stephan_etal_1981","Brain_weight","mass_measured","mass_fresh","Brain_Mass_measured"
"Loris tardigradus","Brain_Mass","g",6.6,"6600","mg","10.1159%2F000155963_TableII.tsv","Stephan","1981","Stephan_collection","primary","Stephan_etal_1981","Brain_weight","mass_measured","mass_fresh","Brain_Mass_measured"
"Nycticebus coucang","Brain_Mass","g",12.5,"12500","mg","10.1159%2F000155963_TableII.tsv","Stephan","1981","Stephan_collection","primary","Stephan_etal_1981","Brain_weight","mass_measured","mass_fresh","Brain_Mass_measured"
"Perodicticus potto","Brain_Mass","g",14,"14000","mg","10.1159%2F000155963_TableII.tsv","Stephan","1981","Stephan_collection","primary","Stephan_etal_1981","Brain_weight","mass_measured","mass_fresh","Brain_Mass_measured"
"Otolemur crassicaudatus","Brain_Mass","g",10.3,"10300","mg","10.1159%2F000155963_TableII.tsv","Stephan","1981","Stephan_collection","primary","Stephan_etal_1981","Brain_weight","mass_measured","mass_fresh","Brain_Mass_measured"
"Galagoides demidoff","Brain_Mass","g",3.38,"3380","mg","10.1159%2F000155963_TableII.tsv","Stephan","1981","Stephan_collection","primary","Stephan_etal_1981","Brain_weight","mass_measured","mass_fresh","Brain_Mass_measured"
"Galago senegalensis","Brain_Mass","g",4.8,"4800","mg","10.1159%2F000155963_TableII.tsv","Stephan","1981","Stephan_collection","primary","Stephan_etal_1981","Brain_weight","mass_measured","mass_fresh","Brain_Mass_measured"
"Tarsius sp.","Brain_Mass","g",3.6,"3600","mg","10.1159%2F000155963_TableII.tsv","Stephan","1981","Stephan_collection","primary","Stephan_etal_1981","Brain_weight","mass_measured","mass_fresh","Brain_Mass_measured"
"Callithrix jacchus","Brain_Mass","g",7.6,"7600","mg","10.1159%2F000155963_TableIII.tsv","Stephan","1981","Stephan_collection","primary","Stephan_etal_1981","Brain_weight","mass_measured","mass_fresh","Brain_Mass_measured"
"Callithrix pygmaea","Brain_Mass","g",4.5,"4500","mg","10.1159%2F000155963_TableIII.tsv","Stephan","1981","Stephan_collection","primary","Stephan_etal_1981","Brain_weight","mass_measured","mass_fresh","Brain_Mass_measured"
"Saguinus oedipus","Brain_Mass","g",10,"10000","mg","10.1159%2F000155963_TableIII.tsv","Stephan","1981","Stephan_collection","primary","Stephan_etal_1981","Brain_weight","mass_measured","mass_fresh","Brain_Mass_measured"
"Saguinus midas","Brain_Mass","g",10.3,"10300","mg","10.1159%2F000155963_TableIII.tsv","Stephan","1981","Stephan_collection","primary","Stephan_etal_1981","Brain_weight","mass_measured","mass_fresh","Brain_Mass_measured"
"Callimico goeldii","Brain_Mass","g",11,"11000","mg","10.1159%2F000155963_TableIII.tsv","Stephan","1981","Stephan_collection","primary","Stephan_etal_1981","Brain_weight","mass_measured","mass_fresh","Brain_Mass_measured"
"Aotus trivirgatus","Brain_Mass","g",17.1,"17100","mg","10.1159%2F000155963_TableIII.tsv","Stephan","1981","Stephan_collection","primary","Stephan_etal_1981","Brain_weight","mass_measured","mass_fresh","Brain_Mass_measured"
"Callicebus moloch","Brain_Mass","g",19,"19000","mg","10.1159%2F000155963_TableIII.tsv","Stephan","1981","Stephan_collection","primary","Stephan_etal_1981","Brain_weight","mass_measured","mass_fresh","Brain_Mass_measured"
"Pithecia monachus","Brain_Mass","g",35,"35000","mg","10.1159%2F000155963_TableIII.tsv","Stephan","1981","Stephan_collection","primary","Stephan_etal_1981","Brain_weight","mass_measured","mass_fresh","Brain_Mass_measured"
"Alouatta seniculus","Brain_Mass","g",52,"52000","mg","10.1159%2F000155963_TableIII.tsv","Stephan","1981","Stephan_collection","primary","Stephan_etal_1981","Brain_weight","mass_measured","mass_fresh","Brain_Mass_measured"
"Ateles geoffroyi","Brain_Mass","g",108,"108000","mg","10.1159%2F000155963_TableIII.tsv","Stephan","1981","Stephan_collection","primary","Stephan_etal_1981","Brain_weight","mass_measured","mass_fresh","Brain_Mass_measured"
"Lagothrix lagothricha","Brain_Mass","g",101,"101000","mg","10.1159%2F000155963_TableIII.tsv","Stephan","1981","Stephan_collection","primary","Stephan_etal_1981","Brain_weight","mass_measured","mass_fresh","Brain_Mass_measured"
"Cebus albifrons","Brain_Mass","g",71,"71000","mg","10.1159%2F000155963_TableIII.tsv","Stephan","1981","Stephan_collection","primary","Stephan_etal_1981","Brain_weight","mass_measured","mass_fresh","Brain_Mass_measured"
"Saimiri sciureus","Brain_Mass","g",24,"24000","mg","10.1159%2F000155963_TableIII.tsv","Stephan","1981","Stephan_collection","primary","Stephan_etal_1981","Brain_weight","mass_measured","mass_fresh","Brain_Mass_measured"
"Macaca mulatta","Brain_Mass","g",93,"93000","mg","10.1159%2F000155963_TableIII.tsv","Stephan","1981","Stephan_collection","primary","Stephan_etal_1981","Brain_weight","mass_measured","mass_fresh","Brain_Mass_measured"
"Lophocebus albigena","Brain_Mass","g",104,"104000","mg","10.1159%2F000155963_TableIII.tsv","Stephan","1981","Stephan_collection","primary","Stephan_etal_1981","Brain_weight","mass_measured","mass_fresh","Brain_Mass_measured"
"Papio anubis","Brain_Mass","g",201,"201000","mg","10.1159%2F000155963_TableIII.tsv","Stephan","1981","Stephan_collection","primary","Stephan_etal_1981","Brain_weight","mass_measured","mass_fresh","Brain_Mass_measured"
"Cercopithecus mitis","Brain_Mass","g",75,"75000","mg","10.1159%2F000155963_TableIII.tsv","Stephan","1981","Stephan_collection","primary","Stephan_etal_1981","Brain_weight","mass_measured","mass_fresh","Brain_Mass_measured"
"Cercopithecus ascanius","Brain_Mass","g",67,"67000","mg","10.1159%2F000155963_TableIII.tsv","Stephan","1981","Stephan_collection","primary","Stephan_etal_1981","Brain_weight","mass_measured","mass_fresh","Brain_Mass_measured"
"Miopithecus talapoin","Brain_Mass","g",40,"40000","mg","10.1159%2F000155963_TableIII.tsv","Stephan","1981","Stephan_collection","primary","Stephan_etal_1981","Brain_weight","mass_measured","mass_fresh","Brain_Mass_measured"
"Erythrocebus patas","Brain_Mass","g",108,"108000","mg","10.1159%2F000155963_TableIII.tsv","Stephan","1981","Stephan_collection","primary","Stephan_etal_1981","Brain_weight","mass_measured","mass_fresh","Brain_Mass_measured"
"Pygathrix nemaeus","Brain_Mass","g",77,"77000","mg","10.1159%2F000155963_TableIII.tsv","Stephan","1981","Stephan_collection","primary","Stephan_etal_1981","Brain_weight","mass_measured","mass_fresh","Brain_Mass_measured"
"Nasalis larvatus","Brain_Mass","g",97,"97000","mg","10.1159%2F000155963_TableIII.tsv","Stephan","1981","Stephan_collection","primary","Stephan_etal_1981","Brain_weight","mass_measured","mass_fresh","Brain_Mass_measured"
"Piliocolobus badius","Brain_Mass","g",78,"78000","mg","10.1159%2F000155963_TableIII.tsv","Stephan","1981","Stephan_collection","primary","Stephan_etal_1981","Brain_weight","mass_measured","mass_fresh","Brain_Mass_measured"
"Hylobates lar","Brain_Mass","g",102,"102000","mg","10.1159%2F000155963_TableIII.tsv","Stephan","1981","Stephan_collection","primary","Stephan_etal_1981","Brain_weight","mass_measured","mass_fresh","Brain_Mass_measured"
"Pan troglodytes","Brain_Mass","g",405,"405000","mg","10.1159%2F000155963_TableIII.tsv","Stephan","1981","Stephan_collection","primary","Stephan_etal_1981","Brain_weight","mass_measured","mass_fresh","Brain_Mass_measured"
"Gorilla gorilla","Brain_Mass","g",500,"500000","mg","10.1159%2F000155963_TableIII.tsv","Stephan","1981","Stephan_collection","primary","Stephan_etal_1981","Brain_weight","mass_measured","mass_fresh","Brain_Mass_measured"
"Homo sapiens","Brain_Mass","g",1330,"1330000","mg","10.1159%2F000155963_TableIII.tsv","Stephan","1981","Stephan_collection","primary","Stephan_etal_1981","Brain_weight","mass_measured","mass_fresh","Brain_Mass_measured"
"Cercopithecus ascanius","Brain_Mass","g",61.5,"61500","mg","10.1159%2F000346495_Table1.tsv","deSousa","2013","Zilles","secondary","deSousa_etal_2013","brain_weight_mg","mass_measured","mass_unspecified","Brain_Mass_measured"
"Cercopithecus mitis","Brain_Mass","g",73.3,"73300","mg","10.1159%2F000346495_Table1.tsv","deSousa","2013","Zilles","secondary","deSousa_etal_2013","brain_weight_mg","mass_measured","mass_unspecified","Brain_Mass_measured"
"Colobus angolensis","Brain_Mass","g",74.4,"74400","mg","10.1159%2F000346495_Table1.tsv","deSousa","2013","Zilles","secondary","deSousa_etal_2013","brain_weight_mg","mass_measured","mass_unspecified","Brain_Mass_measured"
"Erythrocebus patas","Brain_Mass","g",94.2,"94200","mg","10.1159%2F000346495_Table1.tsv","deSousa","2013","Zilles","secondary","deSousa_etal_2013","brain_weight_mg","mass_measured","mass_unspecified","Brain_Mass_measured"
"Gorilla gorilla","Brain_Mass","g",376,"376000","mg","10.1159%2F000346495_Table1.tsv","deSousa","2013","Zilles","secondary","deSousa_etal_2013","brain_weight_mg","mass_measured","mass_unspecified","Brain_Mass_measured"
"Homo sapiens","Brain_Mass","g",1303.7,"1303700","mg","10.1159%2F000346495_Table1.tsv","deSousa","2013","Zilles","secondary","deSousa_etal_2013","brain_weight_mg","mass_measured","mass_unspecified","Brain_Mass_measured"
"Hylobates lar","Brain_Mass","g",106,"106000","mg","10.1159%2F000346495_Table1.tsv","deSousa","2013","Zilles","secondary","deSousa_etal_2013","brain_weight_mg","mass_measured","mass_unspecified","Brain_Mass_measured"
"Hylobates muelleri","Brain_Mass","g",101.8,"101800","mg","10.1159%2F000346495_Table1.tsv","deSousa","2013","Zilles","secondary","deSousa_etal_2013","brain_weight_mg","mass_measured","mass_unspecified","Brain_Mass_measured"
"Lophocebus albigena","Brain_Mass","g",110.5,"110500","mg","10.1159%2F000346495_Table1.tsv","deSousa","2013","Zilles","secondary","deSousa_etal_2013","brain_weight_mg","mass_measured","mass_unspecified","Brain_Mass_measured"
"Macaca fascicularis","Brain_Mass","g",57.6,"57600","mg","10.1159%2F000346495_Table1.tsv","deSousa","2013","Zilles","secondary","deSousa_etal_2013","brain_weight_mg","mass_measured","mass_unspecified","Brain_Mass_measured"
"Macaca mulatta","Brain_Mass","g",78,"78000","mg","10.1159%2F000346495_Table1.tsv","deSousa","2013","Zilles","secondary","deSousa_etal_2013","brain_weight_mg","mass_measured","mass_unspecified","Brain_Mass_measured"
"Miopithecus talapoin","Brain_Mass","g",41.1,"41100","mg","10.1159%2F000346495_Table1.tsv","deSousa","2013","Zilles","secondary","deSousa_etal_2013","brain_weight_mg","mass_measured","mass_unspecified","Brain_Mass_measured"
"Nasalis larvatus","Brain_Mass","g",64.25,"64250","mg","10.1159%2F000346495_Table1.tsv","deSousa","2013","Zilles","secondary","deSousa_etal_2013","brain_weight_mg","mass_measured","mass_unspecified","Brain_Mass_measured"
"Pan paniscus","Brain_Mass","g",364.5,"364500","mg","10.1159%2F000346495_Table1.tsv","deSousa","2013","Zilles","secondary","deSousa_etal_2013","brain_weight_mg","mass_measured","mass_unspecified","Brain_Mass_measured"
"Pan troglodytes","Brain_Mass","g",406.5,"406500","mg","10.1159%2F000346495_Table1.tsv","deSousa","2013","Zilles","secondary","deSousa_etal_2013","brain_weight_mg","mass_measured","mass_unspecified","Brain_Mass_measured"
"Papio anubis","Brain_Mass","g",206.5,"206500","mg","10.1159%2F000346495_Table1.tsv","deSousa","2013","Zilles","secondary","deSousa_etal_2013","brain_weight_mg","mass_measured","mass_unspecified","Brain_Mass_measured"
"Piliocolobus badius","Brain_Mass","g",76.85,"76850","mg","10.1159%2F000346495_Table1.tsv","deSousa","2013","Zilles","secondary","deSousa_etal_2013","brain_weight_mg","mass_measured","mass_unspecified","Brain_Mass_measured"
"Pongo pygmaeus","Brain_Mass","g",384.667,"384667","mg","10.1159%2F000346495_Table1.tsv","deSousa","2013","Zilles","secondary","deSousa_etal_2013","brain_weight_mg","mass_measured","mass_unspecified","Brain_Mass_measured"
"Pygathrix nemaeus","Brain_Mass","g",69,"69000","mg","10.1159%2F000346495_Table1.tsv","deSousa","2013","Zilles","secondary","deSousa_etal_2013","brain_weight_mg","mass_measured","mass_unspecified","Brain_Mass_measured"
"Sorex fumeus","Brain_Mass","g",0.176,"0.176","g","10.1159%2F000437413_Table5.tsv","HerculanoHouzel","2015","HerculanoHouzel","primary","HerculanoHouzel_etal_2015","Brain mass, g","mass_measured_excl_ob","mass_excl_olfactory_bulb","Brain_Mass_excl_olfactory_bulb"
"Blarina brevicauda","Brain_Mass","g",0.347,"0.347","g","10.1159%2F000437413_Table5.tsv","HerculanoHouzel","2015","HerculanoHouzel","primary","HerculanoHouzel_etal_2015","Brain mass, g","mass_measured_excl_ob","mass_excl_olfactory_bulb","Brain_Mass_excl_olfactory_bulb"
"Heterocephalus glaber","Brain_Mass","g",0.392,"0.392","g","10.1159%2F000437413_Table5.tsv","HerculanoHouzel","2015","HerculanoHouzel","primary","HerculanoHouzel_etal_2015","Brain mass, g","mass_measured_excl_ob","mass_excl_olfactory_bulb","Brain_Mass_excl_olfactory_bulb"
"Mus musculus","Brain_Mass","g",0.402,"0.402","g","10.1159%2F000437413_Table5.tsv","HerculanoHouzel","2015","HerculanoHouzel","primary","HerculanoHouzel_etal_2015","Brain mass, g","mass_measured_excl_ob","mass_excl_olfactory_bulb","Brain_Mass_excl_olfactory_bulb"
"Parascalops breweri","Brain_Mass","g",0.759,"0.759","g","10.1159%2F000437413_Table5.tsv","HerculanoHouzel","2015","HerculanoHouzel","primary","HerculanoHouzel_etal_2015","Brain mass, g","mass_measured_excl_ob","mass_excl_olfactory_bulb","Brain_Mass_excl_olfactory_bulb"
"Condylura cristata","Brain_Mass","g",0.802,"0.802","g","10.1159%2F000437413_Table5.tsv","HerculanoHouzel","2015","HerculanoHouzel","primary","HerculanoHouzel_etal_2015","Brain mass, g","mass_measured_excl_ob","mass_excl_olfactory_bulb","Brain_Mass_excl_olfactory_bulb"
"Amblysomus hottentotus","Brain_Mass","g",0.812,"0.812","g","10.1159%2F000437413_Table5.tsv","HerculanoHouzel","2015","HerculanoHouzel","primary","HerculanoHouzel_etal_2015","Brain mass, g","mass_measured_excl_ob","mass_excl_olfactory_bulb","Brain_Mass_excl_olfactory_bulb"
"Mesocricetus auratus","Brain_Mass","g",0.965,"0.965","g","10.1159%2F000437413_Table5.tsv","HerculanoHouzel","2015","HerculanoHouzel","primary","HerculanoHouzel_etal_2015","Brain mass, g","mass_measured_excl_ob","mass_excl_olfactory_bulb","Brain_Mass_excl_olfactory_bulb"
"Scalopus aquaticus","Brain_Mass","g",0.999,"0.999","g","10.1159%2F000437413_Table5.tsv","HerculanoHouzel","2015","HerculanoHouzel","primary","HerculanoHouzel_etal_2015","Brain mass, g","mass_measured_excl_ob","mass_excl_olfactory_bulb","Brain_Mass_excl_olfactory_bulb"
"Elephantulus myurus","Brain_Mass","g",1.04,"1.04","g","10.1159%2F000437413_Table5.tsv","HerculanoHouzel","2015","HerculanoHouzel","primary","HerculanoHouzel_etal_2015","Brain mass, g","mass_measured_excl_ob","mass_excl_olfactory_bulb","Brain_Mass_excl_olfactory_bulb"
"Rattus norvegicus","Brain_Mass","g",1.724,"1.724","g","10.1159%2F000437413_Table5.tsv","HerculanoHouzel","2015","HerculanoHouzel","primary","HerculanoHouzel_etal_2015","Brain mass, g","mass_measured_excl_ob","mass_excl_olfactory_bulb","Brain_Mass_excl_olfactory_bulb"
"Microcebus murinus","Brain_Mass","g",1.799,"1.799","g","10.1159%2F000437413_Table5.tsv","HerculanoHouzel","2015","HerculanoHouzel","primary","HerculanoHouzel_etal_2015","Brain mass, g","mass_measured_excl_ob","mass_excl_olfactory_bulb","Brain_Mass_excl_olfactory_bulb"
"Proechimys guyannensis","Brain_Mass","g",2.078,"2.078","g","10.1159%2F000437413_Table5.tsv","HerculanoHouzel","2015","HerculanoHouzel","primary","HerculanoHouzel_etal_2015","Brain mass, g","mass_measured_excl_ob","mass_excl_olfactory_bulb","Brain_Mass_excl_olfactory_bulb"
"Petrodromus tetradactylus","Brain_Mass","g",2.44,"2.44","g","10.1159%2F000437413_Table5.tsv","HerculanoHouzel","2015","HerculanoHouzel","primary","HerculanoHouzel_etal_2015","Brain mass, g","mass_measured_excl_ob","mass_excl_olfactory_bulb","Brain_Mass_excl_olfactory_bulb"
"Tupaia glis","Brain_Mass","g",2.752,"2.752","g","10.1159%2F000437413_Table5.tsv","HerculanoHouzel","2015","HerculanoHouzel","primary","HerculanoHouzel_etal_2015","Brain mass, g","mass_measured_excl_ob","mass_excl_olfactory_bulb","Brain_Mass_excl_olfactory_bulb"
"Cavia porcellus","Brain_Mass","g",3.656,"3.656","g","10.1159%2F000437413_Table5.tsv","HerculanoHouzel","2015","HerculanoHouzel","primary","HerculanoHouzel_etal_2015","Brain mass, g","mass_measured_excl_ob","mass_excl_olfactory_bulb","Brain_Mass_excl_olfactory_bulb"
"Cynomys sp.","Brain_Mass","g",5.321,"5.321","g","10.1159%2F000437413_Table5.tsv","HerculanoHouzel","2015","HerculanoHouzel","primary","HerculanoHouzel_etal_2015","Brain mass, g","mass_measured_excl_ob","mass_excl_olfactory_bulb","Brain_Mass_excl_olfactory_bulb"
"Sciurus carolinensis","Brain_Mass","g",5.548,"5.548","g","10.1159%2F000437413_Table5.tsv","HerculanoHouzel","2015","HerculanoHouzel","primary","HerculanoHouzel_etal_2015","Brain mass, g","mass_measured_excl_ob","mass_excl_olfactory_bulb","Brain_Mass_excl_olfactory_bulb"
"Callithrix jacchus","Brain_Mass","g",7.78,"7.78","g","10.1159%2F000437413_Table5.tsv","HerculanoHouzel","2015","HerculanoHouzel","primary","HerculanoHouzel_etal_2015","Brain mass, g","mass_measured_excl_ob","mass_excl_olfactory_bulb","Brain_Mass_excl_olfactory_bulb"
"Oryctolagus cuniculus","Brain_Mass","g",9.132,"9.132","g","10.1159%2F000437413_Table5.tsv","HerculanoHouzel","2015","HerculanoHouzel","primary","HerculanoHouzel_etal_2015","Brain mass, g","mass_measured_excl_ob","mass_excl_olfactory_bulb","Brain_Mass_excl_olfactory_bulb"
"Otolemur garnettii","Brain_Mass","g",10.15,"10.15","g","10.1159%2F000437413_Table5.tsv","HerculanoHouzel","2015","HerculanoHouzel","primary","HerculanoHouzel_etal_2015","Brain mass, g","mass_measured_excl_ob","mass_excl_olfactory_bulb","Brain_Mass_excl_olfactory_bulb"
"Dendrohyrax dorsalis","Brain_Mass","g",12.8,"12.8","g","10.1159%2F000437413_Table5.tsv","HerculanoHouzel","2015","HerculanoHouzel","primary","HerculanoHouzel_etal_2015","Brain mass, g","mass_measured_excl_ob","mass_excl_olfactory_bulb","Brain_Mass_excl_olfactory_bulb"
"Aotus trivirgatus","Brain_Mass","g",15.73,"15.73","g","10.1159%2F000437413_Table5.tsv","HerculanoHouzel","2015","HerculanoHouzel","primary","HerculanoHouzel_etal_2015","Brain mass, g","mass_measured_excl_ob","mass_excl_olfactory_bulb","Brain_Mass_excl_olfactory_bulb"
"Procavia capensis","Brain_Mass","g",16.853,"16.853","g","10.1159%2F000437413_Table5.tsv","HerculanoHouzel","2015","HerculanoHouzel","primary","HerculanoHouzel_etal_2015","Brain mass, g","mass_measured_excl_ob","mass_excl_olfactory_bulb","Brain_Mass_excl_olfactory_bulb"
"Dasyprocta prymnolopha","Brain_Mass","g",17.628,"17.628","g","10.1159%2F000437413_Table5.tsv","HerculanoHouzel","2015","HerculanoHouzel","primary","HerculanoHouzel_etal_2015","Brain mass, g","mass_measured_excl_ob","mass_excl_olfactory_bulb","Brain_Mass_excl_olfactory_bulb"
"Saimiri sciureus","Brain_Mass","g",30.216,"30.216","g","10.1159%2F000437413_Table5.tsv","HerculanoHouzel","2015","HerculanoHouzel","primary","HerculanoHouzel_etal_2015","Brain mass, g","mass_measured_excl_ob","mass_excl_olfactory_bulb","Brain_Mass_excl_olfactory_bulb"
"Macaca fascicularis","Brain_Mass","g",46.162,"46.162","g","10.1159%2F000437413_Table5.tsv","HerculanoHouzel","2015","HerculanoHouzel","primary","HerculanoHouzel_etal_2015","Brain mass, g","mass_measured_excl_ob","mass_excl_olfactory_bulb","Brain_Mass_excl_olfactory_bulb"
"Sapajus apella","Brain_Mass","g",52.208,"52.208","g","10.1159%2F000437413_Table5.tsv","HerculanoHouzel","2015","HerculanoHouzel","primary","HerculanoHouzel_etal_2015","Brain mass, g","mass_measured_excl_ob","mass_excl_olfactory_bulb","Brain_Mass_excl_olfactory_bulb"
"Macaca radiata","Brain_Mass","g",61.47,"61.47","g","10.1159%2F000437413_Table5.tsv","HerculanoHouzel","2015","HerculanoHouzel","primary","HerculanoHouzel_etal_2015","Brain mass, g","mass_measured_excl_ob","mass_excl_olfactory_bulb","Brain_Mass_excl_olfactory_bulb"
"Sus scrofa domesticus","Brain_Mass","g",64.18,"64.18","g","10.1159%2F000437413_Table5.tsv","HerculanoHouzel","2015","HerculanoHouzel","primary","HerculanoHouzel_etal_2015","Brain mass, g","mass_measured_excl_ob","mass_excl_olfactory_bulb","Brain_Mass_excl_olfactory_bulb"
"Hydrochoerus hydrochaeris","Brain_Mass","g",74.734,"74.734","g","10.1159%2F000437413_Table5.tsv","HerculanoHouzel","2015","HerculanoHouzel","primary","HerculanoHouzel_etal_2015","Brain mass, g","mass_measured_excl_ob","mass_excl_olfactory_bulb","Brain_Mass_excl_olfactory_bulb"
"Macaca mulatta","Brain_Mass","g",87.346,"87.346","g","10.1159%2F000437413_Table5.tsv","HerculanoHouzel","2015","HerculanoHouzel","primary","HerculanoHouzel_etal_2015","Brain mass, g","mass_measured_excl_ob","mass_excl_olfactory_bulb","Brain_Mass_excl_olfactory_bulb"
"Antidorcas marsupialis","Brain_Mass","g",106.074,"106.074","g","10.1159%2F000437413_Table5.tsv","HerculanoHouzel","2015","HerculanoHouzel","primary","HerculanoHouzel_etal_2015","Brain mass, g","mass_measured_excl_ob","mass_excl_olfactory_bulb","Brain_Mass_excl_olfactory_bulb"
"Papio cynocephalus","Brain_Mass","g",151.194,"151.194","g","10.1159%2F000437413_Table5.tsv","HerculanoHouzel","2015","HerculanoHouzel","primary","HerculanoHouzel_etal_2015","Brain mass, g","mass_measured_excl_ob","mass_excl_olfactory_bulb","Brain_Mass_excl_olfactory_bulb"
"Damaliscus pygargus phillipsi","Brain_Mass","g",154.718,"154.718","g","10.1159%2F000437413_Table5.tsv","HerculanoHouzel","2015","HerculanoHouzel","primary","HerculanoHouzel_etal_2015","Brain mass, g","mass_measured_excl_ob","mass_excl_olfactory_bulb","Brain_Mass_excl_olfactory_bulb"
"Tragelaphus strepsiceros","Brain_Mass","g",306.86,"306.86","g","10.1159%2F000437413_Table5.tsv","HerculanoHouzel","2015","HerculanoHouzel","primary","HerculanoHouzel_etal_2015","Brain mass, g","mass_measured_excl_ob","mass_excl_olfactory_bulb","Brain_Mass_excl_olfactory_bulb"
"Giraffa camelopardalis","Brain_Mass","g",537.218,"537.218","g","10.1159%2F000437413_Table5.tsv","HerculanoHouzel","2015","HerculanoHouzel","primary","HerculanoHouzel_etal_2015","Brain mass, g","mass_measured_excl_ob","mass_excl_olfactory_bulb","Brain_Mass_excl_olfactory_bulb"
"Homo sapiens","Brain_Mass","g",1508.91,"1508.91","g","10.1159%2F000437413_Table5.tsv","HerculanoHouzel","2015","HerculanoHouzel","primary","HerculanoHouzel_etal_2015","Brain mass, g","mass_measured_excl_ob","mass_excl_olfactory_bulb","Brain_Mass_excl_olfactory_bulb"
"Loxodonta africana","Brain_Mass","g",4618.62,"4618.62","g","10.1159%2F000437413_Table5.tsv","HerculanoHouzel","2015","HerculanoHouzel","primary","HerculanoHouzel_etal_2015","Brain mass, g","mass_measured_excl_ob","mass_excl_olfactory_bulb","Brain_Mass_excl_olfactory_bulb"
"Macaca radiata","Brain_Mass","g",25,"25","g","10.1159%2F000446762_Table1.tsv","Turner","2016","Turner","info","Turner_etal_2016","brain_weight_g","mass_measured","mass_fixed","Brain_Mass_measured"
"Macaca radiata","Brain_Mass","g",24.8,"24.8","g","10.1159%2F000446762_Table1.tsv","Turner","2016","Turner","info","Turner_etal_2016","brain_weight_g","mass_measured","mass_fixed","Brain_Mass_measured"
"Macaca nemestrina","Brain_Mass","g",36.4,"36.4","g","10.1159%2F000446762_Table1.tsv","Turner","2016","Turner","info","Turner_etal_2016","brain_weight_g","mass_measured","mass_fixed","Brain_Mass_measured"
"Macaca mulatta","Brain_Mass","g",33.2,"33.2","g","10.1159%2F000446762_Table1.tsv","Turner","2016","Turner","info","Turner_etal_2016","brain_weight_g","mass_measured","mass_fixed","Brain_Mass_measured"
"Papio cynocephalus anubis","Brain_Mass","g",56.3,"56.3","g","10.1159%2F000446762_Table1.tsv","Turner","2016","Turner","info","Turner_etal_2016","brain_weight_g","mass_measured","mass_fixed","Brain_Mass_measured"
"Papio cynocephalus anubis","Brain_Mass","g",50,"50","g","10.1159%2F000446762_Table1.tsv","Turner","2016","Turner","info","Turner_etal_2016","brain_weight_g","mass_measured","mass_fixed","Brain_Mass_measured"
"Tachyglossus aculeatus","Brain_Mass","g",27.5,"27.5","g","10.1371%2Fjournal.pbio.1002000_TableS1.tsv","Lewitus","2014","Lewitus","secondary","Lewitus_etal_2014","Brain_weight_g","mass_measured","mass_unspecified","Brain_Mass_measured"
"Mus musculus","Brain_Mass","g",0.55,"0.55","g","10.1371%2Fjournal.pbio.1002000_TableS1.tsv","Lewitus","2014","Lewitus","secondary","Lewitus_etal_2014","Brain_weight_g","mass_measured","mass_unspecified","Brain_Mass_measured"
"Rattus norvegicus","Brain_Mass","g",2.406666667,"2.406666667","g","10.1371%2Fjournal.pbio.1002000_TableS1.tsv","Lewitus","2014","Lewitus","secondary","Lewitus_etal_2014","Brain_weight_g","mass_measured","mass_unspecified","Brain_Mass_measured"
"Mesocricetus auratus","Brain_Mass","g",1.01,"1.01","g","10.1371%2Fjournal.pbio.1002000_TableS1.tsv","Lewitus","2014","Lewitus","secondary","Lewitus_etal_2014","Brain_weight_g","mass_measured","mass_unspecified","Brain_Mass_measured"
"Castor canadensis","Brain_Mass","g",41.16666667,"41.16666667","g","10.1371%2Fjournal.pbio.1002000_TableS1.tsv","Lewitus","2014","Lewitus","secondary","Lewitus_etal_2014","Brain_weight_g","mass_measured","mass_unspecified","Brain_Mass_measured"
"Hydrochoerus hydrochaeris","Brain_Mass","g",63.5,"63.5","g","10.1371%2Fjournal.pbio.1002000_TableS1.tsv","Lewitus","2014","Lewitus","secondary","Lewitus_etal_2014","Brain_weight_g","mass_measured","mass_unspecified","Brain_Mass_measured"
"Dasyprocta leporina","Brain_Mass","g",17.2,"17.2","g","10.1371%2Fjournal.pbio.1002000_TableS1.tsv","Lewitus","2014","Lewitus","secondary","Lewitus_etal_2014","Brain_weight_g","mass_measured","mass_unspecified","Brain_Mass_measured"
"Oryctolagus cuniculus","Brain_Mass","g",6.5,"6.5","g","10.1371%2Fjournal.pbio.1002000_TableS1.tsv","Lewitus","2014","Lewitus","secondary","Lewitus_etal_2014","Brain_weight_g","mass_measured","mass_unspecified","Brain_Mass_measured"
"Cercopithecus mitis","Brain_Mass","g",67,"67","g","10.1371%2Fjournal.pbio.1002000_TableS1.tsv","Lewitus","2014","Lewitus","secondary","Lewitus_etal_2014","Brain_weight_g","mass_measured","mass_unspecified","Brain_Mass_measured"
"Erythrocebus patas","Brain_Mass","g",105.65,"105.65","g","10.1371%2Fjournal.pbio.1002000_TableS1.tsv","Lewitus","2014","Lewitus","secondary","Lewitus_etal_2014","Brain_weight_g","mass_measured","mass_unspecified","Brain_Mass_measured"
"Miopithecus talapoin","Brain_Mass","g",39.1,"39.1","g","10.1371%2Fjournal.pbio.1002000_TableS1.tsv","Lewitus","2014","Lewitus","secondary","Lewitus_etal_2014","Brain_weight_g","mass_measured","mass_unspecified","Brain_Mass_measured"
"Mandrillus sphinx","Brain_Mass","g",159.4,"159.4","g","10.1371%2Fjournal.pbio.1002000_TableS1.tsv","Lewitus","2014","Lewitus","secondary","Lewitus_etal_2014","Brain_weight_g","mass_measured","mass_unspecified","Brain_Mass_measured"
"Lophocebus albigena","Brain_Mass","g",103.375,"103.375","g","10.1371%2Fjournal.pbio.1002000_TableS1.tsv","Lewitus","2014","Lewitus","secondary","Lewitus_etal_2014","Brain_weight_g","mass_measured","mass_unspecified","Brain_Mass_measured"
"Papio hamadryas","Brain_Mass","g",182,"182","g","10.1371%2Fjournal.pbio.1002000_TableS1.tsv","Lewitus","2014","Lewitus","secondary","Lewitus_etal_2014","Brain_weight_g","mass_measured","mass_unspecified","Brain_Mass_measured"
"Macaca mulatta","Brain_Mass","g",89.22,"89.22","g","10.1371%2Fjournal.pbio.1002000_TableS1.tsv","Lewitus","2014","Lewitus","secondary","Lewitus_etal_2014","Brain_weight_g","mass_measured","mass_unspecified","Brain_Mass_measured"
"Piliocolobus badius","Brain_Mass","g",76.75,"76.75","g","10.1371%2Fjournal.pbio.1002000_TableS1.tsv","Lewitus","2014","Lewitus","secondary","Lewitus_etal_2014","Brain_weight_g","mass_measured","mass_unspecified","Brain_Mass_measured"
"Pygathrix nemaeus","Brain_Mass","g",84.83333333,"84.83333333","g","10.1371%2Fjournal.pbio.1002000_TableS1.tsv","Lewitus","2014","Lewitus","secondary","Lewitus_etal_2014","Brain_weight_g","mass_measured","mass_unspecified","Brain_Mass_measured"
"Gorilla gorilla","Brain_Mass","g",477.44,"477.44","g","10.1371%2Fjournal.pbio.1002000_TableS1.tsv","Lewitus","2014","Lewitus","secondary","Lewitus_etal_2014","Brain_weight_g","mass_measured","mass_unspecified","Brain_Mass_measured"
"Homo sapiens","Brain_Mass","g",1300,"1300","g","10.1371%2Fjournal.pbio.1002000_TableS1.tsv","Lewitus","2014","Lewitus","secondary","Lewitus_etal_2014","Brain_weight_g","mass_measured","mass_unspecified","Brain_Mass_measured"
"Pan troglodytes","Brain_Mass","g",392.06,"392.06","g","10.1371%2Fjournal.pbio.1002000_TableS1.tsv","Lewitus","2014","Lewitus","secondary","Lewitus_etal_2014","Brain_weight_g","mass_measured","mass_unspecified","Brain_Mass_measured"
"Pongo pygmaeus","Brain_Mass","g",347.75,"347.75","g","10.1371%2Fjournal.pbio.1002000_TableS1.tsv","Lewitus","2014","Lewitus","secondary","Lewitus_etal_2014","Brain_weight_g","mass_measured","mass_unspecified","Brain_Mass_measured"
"Hylobates lar","Brain_Mass","g",101.52,"101.52","g","10.1371%2Fjournal.pbio.1002000_TableS1.tsv","Lewitus","2014","Lewitus","secondary","Lewitus_etal_2014","Brain_weight_g","mass_measured","mass_unspecified","Brain_Mass_measured"
"Alouatta palliata","Brain_Mass","g",52.75,"52.75","g","10.1371%2Fjournal.pbio.1002000_TableS1.tsv","Lewitus","2014","Lewitus","secondary","Lewitus_etal_2014","Brain_weight_g","mass_measured","mass_unspecified","Brain_Mass_measured"
"Alouatta seniculus","Brain_Mass","g",54.95,"54.95","g","10.1371%2Fjournal.pbio.1002000_TableS1.tsv","Lewitus","2014","Lewitus","secondary","Lewitus_etal_2014","Brain_weight_g","mass_measured","mass_unspecified","Brain_Mass_measured"
"Ateles paniscus","Brain_Mass","g",108.5,"108.5","g","10.1371%2Fjournal.pbio.1002000_TableS1.tsv","Lewitus","2014","Lewitus","secondary","Lewitus_etal_2014","Brain_weight_g","mass_measured","mass_unspecified","Brain_Mass_measured"
"Lagothrix lagothricha","Brain_Mass","g",95.575,"95.575","g","10.1371%2Fjournal.pbio.1002000_TableS1.tsv","Lewitus","2014","Lewitus","secondary","Lewitus_etal_2014","Brain_weight_g","mass_measured","mass_unspecified","Brain_Mass_measured"
"Callicebus moloch","Brain_Mass","g",19,"19","g","10.1371%2Fjournal.pbio.1002000_TableS1.tsv","Lewitus","2014","Lewitus","secondary","Lewitus_etal_2014","Brain_weight_g","mass_measured","mass_unspecified","Brain_Mass_measured"
"Aotus trivirgatus","Brain_Mass","g",17.4,"17.4","g","10.1371%2Fjournal.pbio.1002000_TableS1.tsv","Lewitus","2014","Lewitus","secondary","Lewitus_etal_2014","Brain_weight_g","mass_measured","mass_unspecified","Brain_Mass_measured"
"Callimico goeldii","Brain_Mass","g",10.95,"10.95","g","10.1371%2Fjournal.pbio.1002000_TableS1.tsv","Lewitus","2014","Lewitus","secondary","Lewitus_etal_2014","Brain_weight_g","mass_measured","mass_unspecified","Brain_Mass_measured"
"Callithrix jacchus","Brain_Mass","g",7.614285714,"7.614285714","g","10.1371%2Fjournal.pbio.1002000_TableS1.tsv","Lewitus","2014","Lewitus","secondary","Lewitus_etal_2014","Brain_weight_g","mass_measured","mass_unspecified","Brain_Mass_measured"
"Saguinus midas","Brain_Mass","g",10.5,"10.5","g","10.1371%2Fjournal.pbio.1002000_TableS1.tsv","Lewitus","2014","Lewitus","secondary","Lewitus_etal_2014","Brain_weight_g","mass_measured","mass_unspecified","Brain_Mass_measured"
"Saguinus oedipus","Brain_Mass","g",9.8,"9.8","g","10.1371%2Fjournal.pbio.1002000_TableS1.tsv","Lewitus","2014","Lewitus","secondary","Lewitus_etal_2014","Brain_weight_g","mass_measured","mass_unspecified","Brain_Mass_measured"
"Cebus albifrons","Brain_Mass","g",71.23333333,"71.23333333","g","10.1371%2Fjournal.pbio.1002000_TableS1.tsv","Lewitus","2014","Lewitus","secondary","Lewitus_etal_2014","Brain_weight_g","mass_measured","mass_unspecified","Brain_Mass_measured"
"Saimiri sciureus","Brain_Mass","g",22.98,"22.98","g","10.1371%2Fjournal.pbio.1002000_TableS1.tsv","Lewitus","2014","Lewitus","secondary","Lewitus_etal_2014","Brain_weight_g","mass_measured","mass_unspecified","Brain_Mass_measured"
"Tarsius bancanus","Brain_Mass","g",3,"3","g","10.1371%2Fjournal.pbio.1002000_TableS1.tsv","Lewitus","2014","Lewitus","secondary","Lewitus_etal_2014","Brain_weight_g","mass_measured","mass_unspecified","Brain_Mass_measured"
"Tarsius syrichta","Brain_Mass","g",3.833333333,"3.833333333","g","10.1371%2Fjournal.pbio.1002000_TableS1.tsv","Lewitus","2014","Lewitus","secondary","Lewitus_etal_2014","Brain_weight_g","mass_measured","mass_unspecified","Brain_Mass_measured"
"Microcebus murinus","Brain_Mass","g",1.846666667,"1.846666667","g","10.1371%2Fjournal.pbio.1002000_TableS1.tsv","Lewitus","2014","Lewitus","secondary","Lewitus_etal_2014","Brain_weight_g","mass_measured","mass_unspecified","Brain_Mass_measured"
"Cheirogaleus major","Brain_Mass","g",6.433333333,"6.433333333","g","10.1371%2Fjournal.pbio.1002000_TableS1.tsv","Lewitus","2014","Lewitus","secondary","Lewitus_etal_2014","Brain_weight_g","mass_measured","mass_unspecified","Brain_Mass_measured"
"Cheirogaleus medius","Brain_Mass","g",3.013333333,"3.013333333","g","10.1371%2Fjournal.pbio.1002000_TableS1.tsv","Lewitus","2014","Lewitus","secondary","Lewitus_etal_2014","Brain_weight_g","mass_measured","mass_unspecified","Brain_Mass_measured"
"Avahi laniger","Brain_Mass","g",10.6475,"10.6475","g","10.1371%2Fjournal.pbio.1002000_TableS1.tsv","Lewitus","2014","Lewitus","secondary","Lewitus_etal_2014","Brain_weight_g","mass_measured","mass_unspecified","Brain_Mass_measured"
"Avahi occidentalis","Brain_Mass","g",9.685,"9.685","g","10.1371%2Fjournal.pbio.1002000_TableS1.tsv","Lewitus","2014","Lewitus","secondary","Lewitus_etal_2014","Brain_weight_g","mass_measured","mass_unspecified","Brain_Mass_measured"
"Propithecus verreauxi","Brain_Mass","g",26.9,"26.9","g","10.1371%2Fjournal.pbio.1002000_TableS1.tsv","Lewitus","2014","Lewitus","secondary","Lewitus_etal_2014","Brain_weight_g","mass_measured","mass_unspecified","Brain_Mass_measured"
"Indri indri","Brain_Mass","g",37.35,"37.35","g","10.1371%2Fjournal.pbio.1002000_TableS1.tsv","Lewitus","2014","Lewitus","secondary","Lewitus_etal_2014","Brain_weight_g","mass_measured","mass_unspecified","Brain_Mass_measured"
"Daubentonia madagascariensis","Brain_Mass","g",44.8875,"44.8875","g","10.1371%2Fjournal.pbio.1002000_TableS1.tsv","Lewitus","2014","Lewitus","secondary","Lewitus_etal_2014","Brain_weight_g","mass_measured","mass_unspecified","Brain_Mass_measured"
"Eulemur fulvus","Brain_Mass","g",28.1,"28.1","g","10.1371%2Fjournal.pbio.1002000_TableS1.tsv","Lewitus","2014","Lewitus","secondary","Lewitus_etal_2014","Brain_weight_g","mass_measured","mass_unspecified","Brain_Mass_measured"
"Eulemur mongoz","Brain_Mass","g",20.75,"20.75","g","10.1371%2Fjournal.pbio.1002000_TableS1.tsv","Lewitus","2014","Lewitus","secondary","Lewitus_etal_2014","Brain_weight_g","mass_measured","mass_unspecified","Brain_Mass_measured"
"Lemur catta","Brain_Mass","g",23.05,"23.05","g","10.1371%2Fjournal.pbio.1002000_TableS1.tsv","Lewitus","2014","Lewitus","secondary","Lewitus_etal_2014","Brain_weight_g","mass_measured","mass_unspecified","Brain_Mass_measured"
"Varecia variegata","Brain_Mass","g",49.825,"49.825","g","10.1371%2Fjournal.pbio.1002000_TableS1.tsv","Lewitus","2014","Lewitus","secondary","Lewitus_etal_2014","Brain_weight_g","mass_measured","mass_unspecified","Brain_Mass_measured"
"Lepilemur ruficaudatus","Brain_Mass","g",7.5,"7.5","g","10.1371%2Fjournal.pbio.1002000_TableS1.tsv","Lewitus","2014","Lewitus","secondary","Lewitus_etal_2014","Brain_weight_g","mass_measured","mass_unspecified","Brain_Mass_measured"
"Perodicticus potto","Brain_Mass","g",13.54,"13.54","g","10.1371%2Fjournal.pbio.1002000_TableS1.tsv","Lewitus","2014","Lewitus","secondary","Lewitus_etal_2014","Brain_weight_g","mass_measured","mass_unspecified","Brain_Mass_measured"
"Loris tardigradus","Brain_Mass","g",6.633333333,"6.633333333","g","10.1371%2Fjournal.pbio.1002000_TableS1.tsv","Lewitus","2014","Lewitus","secondary","Lewitus_etal_2014","Brain_weight_g","mass_measured","mass_unspecified","Brain_Mass_measured"
"Nycticebus coucang","Brain_Mass","g",11.73333333,"11.73333333","g","10.1371%2Fjournal.pbio.1002000_TableS1.tsv","Lewitus","2014","Lewitus","secondary","Lewitus_etal_2014","Brain_weight_g","mass_measured","mass_unspecified","Brain_Mass_measured"
"Galago senegalensis","Brain_Mass","g",4.8,"4.8","g","10.1371%2Fjournal.pbio.1002000_TableS1.tsv","Lewitus","2014","Lewitus","secondary","Lewitus_etal_2014","Brain_weight_g","mass_measured","mass_unspecified","Brain_Mass_measured"
"Otolemur crassicaudatus","Brain_Mass","g",10.6,"10.6","g","10.1371%2Fjournal.pbio.1002000_TableS1.tsv","Lewitus","2014","Lewitus","secondary","Lewitus_etal_2014","Brain_weight_g","mass_measured","mass_unspecified","Brain_Mass_measured"
"Galagoides demidoff","Brain_Mass","g",3.345,"3.345","g","10.1371%2Fjournal.pbio.1002000_TableS1.tsv","Lewitus","2014","Lewitus","secondary","Lewitus_etal_2014","Brain_weight_g","mass_measured","mass_unspecified","Brain_Mass_measured"
"Cynocephalus volans","Brain_Mass","g",6.2,"6.2","g","10.1371%2Fjournal.pbio.1002000_TableS1.tsv","Lewitus","2014","Lewitus","secondary","Lewitus_etal_2014","Brain_weight_g","mass_measured","mass_unspecified","Brain_Mass_measured"
"Tupaia glis","Brain_Mass","g",3.034,"3.034","g","10.1371%2Fjournal.pbio.1002000_TableS1.tsv","Lewitus","2014","Lewitus","secondary","Lewitus_etal_2014","Brain_weight_g","mass_measured","mass_unspecified","Brain_Mass_measured"
"Ovis aries","Brain_Mass","g",125,"125","g","10.1371%2Fjournal.pbio.1002000_TableS1.tsv","Lewitus","2014","Lewitus","secondary","Lewitus_etal_2014","Brain_weight_g","mass_measured","mass_unspecified","Brain_Mass_measured"
"Capra hircus domestica","Brain_Mass","g",106,"106","g","10.1371%2Fjournal.pbio.1002000_TableS1.tsv","Lewitus","2014","Lewitus","secondary","Lewitus_etal_2014","Brain_weight_g","mass_measured","mass_unspecified","Brain_Mass_measured"
"Bos taurus indicus","Brain_Mass","g",462,"462","g","10.1371%2Fjournal.pbio.1002000_TableS1.tsv","Lewitus","2014","Lewitus","secondary","Lewitus_etal_2014","Brain_weight_g","mass_measured","mass_unspecified","Brain_Mass_measured"
"Odocoileus virginiatus","Brain_Mass","g",160,"160","g","10.1371%2Fjournal.pbio.1002000_TableS1.tsv","Lewitus","2014","Lewitus","secondary","Lewitus_etal_2014","Brain_weight_g","mass_measured","mass_unspecified","Brain_Mass_measured"
"Phocoena phocoena","Brain_Mass","g",537,"537","g","10.1371%2Fjournal.pbio.1002000_TableS1.tsv","Lewitus","2014","Lewitus","secondary","Lewitus_etal_2014","Brain_weight_g","mass_measured","mass_unspecified","Brain_Mass_measured"
"Delphinus delphis","Brain_Mass","g",981,"981","g","10.1371%2Fjournal.pbio.1002000_TableS1.tsv","Lewitus","2014","Lewitus","secondary","Lewitus_etal_2014","Brain_weight_g","mass_measured","mass_unspecified","Brain_Mass_measured"
"Tursiops truncatus","Brain_Mass","g",1489,"1489","g","10.1371%2Fjournal.pbio.1002000_TableS1.tsv","Lewitus","2014","Lewitus","secondary","Lewitus_etal_2014","Brain_weight_g","mass_measured","mass_unspecified","Brain_Mass_measured"
"Pseudorca crassidens","Brain_Mass","g",4444.5,"4444.5","g","10.1371%2Fjournal.pbio.1002000_TableS1.tsv","Lewitus","2014","Lewitus","secondary","Lewitus_etal_2014","Brain_weight_g","mass_measured","mass_unspecified","Brain_Mass_measured"
"Globicephala macrorhynchus","Brain_Mass","g",2886.296,"2886.296","g","10.1371%2Fjournal.pbio.1002000_TableS1.tsv","Lewitus","2014","Lewitus","secondary","Lewitus_etal_2014","Brain_weight_g","mass_measured","mass_unspecified","Brain_Mass_measured"
"Grampus griseus","Brain_Mass","g",1645.168,"1645.168","g","10.1371%2Fjournal.pbio.1002000_TableS1.tsv","Lewitus","2014","Lewitus","secondary","Lewitus_etal_2014","Brain_weight_g","mass_measured","mass_unspecified","Brain_Mass_measured"
"Sus scrofa domesticus","Brain_Mass","g",137.65,"137.65","g","10.1371%2Fjournal.pbio.1002000_TableS1.tsv","Lewitus","2014","Lewitus","secondary","Lewitus_etal_2014","Brain_weight_g","mass_measured","mass_unspecified","Brain_Mass_measured"
"Lama glama domesticus","Brain_Mass","g",216.7666667,"216.7666667","g","10.1371%2Fjournal.pbio.1002000_TableS1.tsv","Lewitus","2014","Lewitus","secondary","Lewitus_etal_2014","Brain_weight_g","mass_measured","mass_unspecified","Brain_Mass_measured"
"Equus burchelli","Brain_Mass","g",520.5,"520.5","g","10.1371%2Fjournal.pbio.1002000_TableS1.tsv","Lewitus","2014","Lewitus","secondary","Lewitus_etal_2014","Brain_weight_g","mass_measured","mass_unspecified","Brain_Mass_measured"
"Equus caballus","Brain_Mass","g",712,"712","g","10.1371%2Fjournal.pbio.1002000_TableS1.tsv","Lewitus","2014","Lewitus","secondary","Lewitus_etal_2014","Brain_weight_g","mass_measured","mass_unspecified","Brain_Mass_measured"
"Mustela putorius","Brain_Mass","g",8.25,"8.25","g","10.1371%2Fjournal.pbio.1002000_TableS1.tsv","Lewitus","2014","Lewitus","secondary","Lewitus_etal_2014","Brain_weight_g","mass_measured","mass_unspecified","Brain_Mass_measured"
"Procyon lotor","Brain_Mass","g",40.02,"40.02","g","10.1371%2Fjournal.pbio.1002000_TableS1.tsv","Lewitus","2014","Lewitus","secondary","Lewitus_etal_2014","Brain_weight_g","mass_measured","mass_unspecified","Brain_Mass_measured"
"Zalophus californianus","Brain_Mass","g",363,"363","g","10.1371%2Fjournal.pbio.1002000_TableS1.tsv","Lewitus","2014","Lewitus","secondary","Lewitus_etal_2014","Brain_weight_g","mass_measured","mass_unspecified","Brain_Mass_measured"
"Phoca vitulina","Brain_Mass","g",273.75,"273.75","g","10.1371%2Fjournal.pbio.1002000_TableS1.tsv","Lewitus","2014","Lewitus","secondary","Lewitus_etal_2014","Brain_weight_g","mass_measured","mass_unspecified","Brain_Mass_measured"
"Ursus maritimus","Brain_Mass","g",472.68,"472.68","g","10.1371%2Fjournal.pbio.1002000_TableS1.tsv","Lewitus","2014","Lewitus","secondary","Lewitus_etal_2014","Brain_weight_g","mass_measured","mass_unspecified","Brain_Mass_measured"
"Canis latrans","Brain_Mass","g",86.235,"86.235","g","10.1371%2Fjournal.pbio.1002000_TableS1.tsv","Lewitus","2014","Lewitus","secondary","Lewitus_etal_2014","Brain_weight_g","mass_measured","mass_unspecified","Brain_Mass_measured"
"Vulpes vulpes","Brain_Mass","g",45.62666667,"45.62666667","g","10.1371%2Fjournal.pbio.1002000_TableS1.tsv","Lewitus","2014","Lewitus","secondary","Lewitus_etal_2014","Brain_weight_g","mass_measured","mass_unspecified","Brain_Mass_measured"
"Panthera leo","Brain_Mass","g",247.21,"247.21","g","10.1371%2Fjournal.pbio.1002000_TableS1.tsv","Lewitus","2014","Lewitus","secondary","Lewitus_etal_2014","Brain_weight_g","mass_measured","mass_unspecified","Brain_Mass_measured"
"Felis catus","Brain_Mass","g",31.18333333,"31.18333333","g","10.1371%2Fjournal.pbio.1002000_TableS1.tsv","Lewitus","2014","Lewitus","secondary","Lewitus_etal_2014","Brain_weight_g","mass_measured","mass_unspecified","Brain_Mass_measured"
"Crocuta crocuta","Brain_Mass","g",153.265,"153.265","g","10.1371%2Fjournal.pbio.1002000_TableS1.tsv","Lewitus","2014","Lewitus","secondary","Lewitus_etal_2014","Brain_weight_g","mass_measured","mass_unspecified","Brain_Mass_measured"
"Cynictis penicillata","Brain_Mass","g",12.51,"12.51","g","10.1371%2Fjournal.pbio.1002000_TableS1.tsv","Lewitus","2014","Lewitus","secondary","Lewitus_etal_2014","Brain_weight_g","mass_measured","mass_unspecified","Brain_Mass_measured"
"Pteropus giganteus","Brain_Mass","g",9,"9","g","10.1371%2Fjournal.pbio.1002000_TableS1.tsv","Lewitus","2014","Lewitus","secondary","Lewitus_etal_2014","Brain_weight_g","mass_measured","mass_unspecified","Brain_Mass_measured"
"Talpa europaea","Brain_Mass","g",1.02,"1.02","g","10.1371%2Fjournal.pbio.1002000_TableS1.tsv","Lewitus","2014","Lewitus","secondary","Lewitus_etal_2014","Brain_weight_g","mass_measured","mass_unspecified","Brain_Mass_measured"
"Galemys pyrenaicus","Brain_Mass","g",1.33,"1.33","g","10.1371%2Fjournal.pbio.1002000_TableS1.tsv","Lewitus","2014","Lewitus","secondary","Lewitus_etal_2014","Brain_weight_g","mass_measured","mass_unspecified","Brain_Mass_measured"
"Erinaceus europaeus","Brain_Mass","g",3.5,"3.5","g","10.1371%2Fjournal.pbio.1002000_TableS1.tsv","Lewitus","2014","Lewitus","secondary","Lewitus_etal_2014","Brain_weight_g","mass_measured","mass_unspecified","Brain_Mass_measured"
"Crocidura flavescens","Brain_Mass","g",0.41,"0.41","g","10.1371%2Fjournal.pbio.1002000_TableS1.tsv","Lewitus","2014","Lewitus","secondary","Lewitus_etal_2014","Brain_weight_g","mass_measured","mass_unspecified","Brain_Mass_measured"
"Crocidura russala","Brain_Mass","g",0.19,"0.19","g","10.1371%2Fjournal.pbio.1002000_TableS1.tsv","Lewitus","2014","Lewitus","secondary","Lewitus_etal_2014","Brain_weight_g","mass_measured","mass_unspecified","Brain_Mass_measured"
"Sorex araneus","Brain_Mass","g",0.2,"0.2","g","10.1371%2Fjournal.pbio.1002000_TableS1.tsv","Lewitus","2014","Lewitus","secondary","Lewitus_etal_2014","Brain_weight_g","mass_measured","mass_unspecified","Brain_Mass_measured"
"Sorex minutus","Brain_Mass","g",0.11,"0.11","g","10.1371%2Fjournal.pbio.1002000_TableS1.tsv","Lewitus","2014","Lewitus","secondary","Lewitus_etal_2014","Brain_weight_g","mass_measured","mass_unspecified","Brain_Mass_measured"
"Neomys fodiens","Brain_Mass","g",0.32,"0.32","g","10.1371%2Fjournal.pbio.1002000_TableS1.tsv","Lewitus","2014","Lewitus","secondary","Lewitus_etal_2014","Brain_weight_g","mass_measured","mass_unspecified","Brain_Mass_measured"
"Choloepus didactylus","Brain_Mass","g",7.7,"7.7","g","10.1371%2Fjournal.pbio.1002000_TableS1.tsv","Lewitus","2014","Lewitus","secondary","Lewitus_etal_2014","Brain_weight_g","mass_measured","mass_unspecified","Brain_Mass_measured"
"Dasypus novemcinctus","Brain_Mass","g",10.75,"10.75","g","10.1371%2Fjournal.pbio.1002000_TableS1.tsv","Lewitus","2014","Lewitus","secondary","Lewitus_etal_2014","Brain_weight_g","mass_measured","mass_unspecified","Brain_Mass_measured"
"Potamogale velox","Brain_Mass","g",3.88,"3.88","g","10.1371%2Fjournal.pbio.1002000_TableS1.tsv","Lewitus","2014","Lewitus","secondary","Lewitus_etal_2014","Brain_weight_g","mass_measured","mass_unspecified","Brain_Mass_measured"
"Elephantulus fuscipes","Brain_Mass","g",1.33,"1.33","g","10.1371%2Fjournal.pbio.1002000_TableS1.tsv","Lewitus","2014","Lewitus","secondary","Lewitus_etal_2014","Brain_weight_g","mass_measured","mass_unspecified","Brain_Mass_measured"
"Trichechus manatus","Brain_Mass","g",382,"382","g","10.1371%2Fjournal.pbio.1002000_TableS1.tsv","Lewitus","2014","Lewitus","secondary","Lewitus_etal_2014","Brain_weight_g","mass_measured","mass_unspecified","Brain_Mass_measured"
"Procavia capensis","Brain_Mass","g",19.16666667,"19.16666667","g","10.1371%2Fjournal.pbio.1002000_TableS1.tsv","Lewitus","2014","Lewitus","secondary","Lewitus_etal_2014","Brain_weight_g","mass_measured","mass_unspecified","Brain_Mass_measured"
"Loxodonta africana","Brain_Mass","g",5253.555556,"5253.555556","g","10.1371%2Fjournal.pbio.1002000_TableS1.tsv","Lewitus","2014","Lewitus","secondary","Lewitus_etal_2014","Brain_weight_g","mass_measured","mass_unspecified","Brain_Mass_measured"
"Macropus eugenii","Brain_Mass","g",23.7,"23.7","g","10.1371%2Fjournal.pbio.1002000_TableS1.tsv","Lewitus","2014","Lewitus","secondary","Lewitus_etal_2014","Brain_weight_g","mass_measured","mass_unspecified","Brain_Mass_measured"
"Macropus fuliginosus","Brain_Mass","g",64.8,"64.8","g","10.1371%2Fjournal.pbio.1002000_TableS1.tsv","Lewitus","2014","Lewitus","secondary","Lewitus_etal_2014","Brain_weight_g","mass_measured","mass_unspecified","Brain_Mass_measured"
"Notamacropus rufogriseus","Brain_Mass","g",37.8,"37.8","g","10.1371%2Fjournal.pbio.1002000_TableS1.tsv","Lewitus","2014","Lewitus","secondary","Lewitus_etal_2014","Brain_weight_g","mass_measured","mass_unspecified","Brain_Mass_measured"
"Didelphis virginiana","Brain_Mass","g",6.72,"6.72","g","10.1371%2Fjournal.pbio.1002000_TableS1.tsv","Lewitus","2014","Lewitus","secondary","Lewitus_etal_2014","Brain_weight_g","mass_measured","mass_unspecified","Brain_Mass_measured"
"Antidorcas marsupialis","Brain_Mass","g",102.102,"102.102","g","10.3389%2Ffnana.2014.00128_Table1.tsv","Kazu","2014","Kazu","primary","Kazu_etal_2014","WholeBrain_Mass.g","mass_measured_excl_ob","mass_excl_olfactory_bulb","Brain_Mass_excl_olfactory_bulb"
"Damaliscus pygargus phillipsi","Brain_Mass","g",155.066,"155.066","g","10.3389%2Ffnana.2014.00128_Table1.tsv","Kazu","2014","Kazu","primary","Kazu_etal_2014","WholeBrain_Mass.g","mass_measured_excl_ob","mass_excl_olfactory_bulb","Brain_Mass_excl_olfactory_bulb"
"Giraffa camelopardalis","Brain_Mass","g",528.026,"528.026","g","10.3389%2Ffnana.2014.00128_Table1.tsv","Kazu","2014","Kazu","primary","Kazu_etal_2014","WholeBrain_Mass.g","mass_measured_excl_ob","mass_excl_olfactory_bulb","Brain_Mass_excl_olfactory_bulb"
"Sus scrofa domesticus","Brain_Mass","g",57.758,"57.758","g","10.3389%2Ffnana.2014.00128_Table1.tsv","Kazu","2014","Kazu","primary","Kazu_etal_2014","WholeBrain_Mass.g","mass_measured_excl_ob","mass_excl_olfactory_bulb","Brain_Mass_excl_olfactory_bulb"
"Tragelaphus strepsiceros","Brain_Mass","g",308.522,"308.522","g","10.3389%2Ffnana.2014.00128_Table1.tsv","Kazu","2014","Kazu","primary","Kazu_etal_2014","WholeBrain_Mass.g","mass_measured_excl_ob","mass_excl_olfactory_bulb","Brain_Mass_excl_olfactory_bulb"
"Antidorcas marsupialis","Brain_Mass","g",106.074,"106.074","g","10.3389%2Ffnana.2015.00039_TABLE1.tsv","Kazu","2015","Kazu","primary","Kazu_etal_2015","WholeBrain_Mass.g","mass_measured_excl_ob","mass_excl_olfactory_bulb","Brain_Mass_excl_olfactory_bulb"
"Damaliscus pygargus phillipsi","Brain_Mass","g",154.718,"154.718","g","10.3389%2Ffnana.2015.00039_TABLE1.tsv","Kazu","2015","Kazu","primary","Kazu_etal_2015","WholeBrain_Mass.g","mass_measured_excl_ob","mass_excl_olfactory_bulb","Brain_Mass_excl_olfactory_bulb"
"Giraffa camelopardalis","Brain_Mass","g",537.218,"537.218","g","10.3389%2Ffnana.2015.00039_TABLE1.tsv","Kazu","2015","Kazu","primary","Kazu_etal_2015","WholeBrain_Mass.g","mass_measured_excl_ob","mass_excl_olfactory_bulb","Brain_Mass_excl_olfactory_bulb"
"Sus scrofa domesticus","Brain_Mass","g",64.18,"64.18","g","10.3389%2Ffnana.2015.00039_TABLE1.tsv","Kazu","2015","Kazu","primary","Kazu_etal_2015","WholeBrain_Mass.g","mass_measured_excl_ob","mass_excl_olfactory_bulb","Brain_Mass_excl_olfactory_bulb"
"Tragelaphus strepsiceros","Brain_Mass","g",306.86,"306.86","g","10.3389%2Ffnana.2015.00039_TABLE1.tsv","Kazu","2015","Kazu","primary","Kazu_etal_2015","WholeBrain_Mass.g","mass_measured_excl_ob","mass_excl_olfactory_bulb","Brain_Mass_excl_olfactory_bulb"
"Castor canadensis","Brain_Mass","g",41.17,"41.17","g","10.3389%2Ffnhum.2013.00424_TableS2partial.tsv","Lewitus","2013","Lewitus","secondary","Lewitus_etal_2013","Brain_weight_g","mass_measured","mass_unspecified","Brain_Mass_measured"
"Hydrochoerus hydrochaeris","Brain_Mass","g",63.5,"63.5","g","10.3389%2Ffnhum.2013.00424_TableS2partial.tsv","Lewitus","2013","Lewitus","secondary","Lewitus_etal_2013","Brain_weight_g","mass_measured","mass_unspecified","Brain_Mass_measured"
"Oryctolagus cuniculus","Brain_Mass","g",6.5,"6.5","g","10.3389%2Ffnhum.2013.00424_TableS2partial.tsv","Lewitus","2013","Lewitus","secondary","Lewitus_etal_2013","Brain_weight_g","mass_measured","mass_unspecified","Brain_Mass_measured"
"Erythrocebus patas","Brain_Mass","g",105.65,"105.65","g","10.3389%2Ffnhum.2013.00424_TableS2partial.tsv","Lewitus","2013","Lewitus","secondary","Lewitus_etal_2013","Brain_weight_g","mass_measured","mass_unspecified","Brain_Mass_measured"
"Miopithecus talapoin","Brain_Mass","g",39.1,"39.1","g","10.3389%2Ffnhum.2013.00424_TableS2partial.tsv","Lewitus","2013","Lewitus","secondary","Lewitus_etal_2013","Brain_weight_g","mass_measured","mass_unspecified","Brain_Mass_measured"
"Lophocebus albigena","Brain_Mass","g",103.38,"103.38","g","10.3389%2Ffnhum.2013.00424_TableS2partial.tsv","Lewitus","2013","Lewitus","secondary","Lewitus_etal_2013","Brain_weight_g","mass_measured","mass_unspecified","Brain_Mass_measured"
"Macaca mulatta","Brain_Mass","g",89.22,"89.22","g","10.3389%2Ffnhum.2013.00424_TableS2partial.tsv","Lewitus","2013","Lewitus","secondary","Lewitus_etal_2013","Brain_weight_g","mass_measured","mass_unspecified","Brain_Mass_measured"
"Piliocolobus badius","Brain_Mass","g",76.75,"76.75","g","10.3389%2Ffnhum.2013.00424_TableS2partial.tsv","Lewitus","2013","Lewitus","secondary","Lewitus_etal_2013","Brain_weight_g","mass_measured","mass_unspecified","Brain_Mass_measured"
"Pygathrix nemaeus","Brain_Mass","g",84.83,"84.83","g","10.3389%2Ffnhum.2013.00424_TableS2partial.tsv","Lewitus","2013","Lewitus","secondary","Lewitus_etal_2013","Brain_weight_g","mass_measured","mass_unspecified","Brain_Mass_measured"
"Gorilla gorilla","Brain_Mass","g",477.44,"477.44","g","10.3389%2Ffnhum.2013.00424_TableS2partial.tsv","Lewitus","2013","Lewitus","secondary","Lewitus_etal_2013","Brain_weight_g","mass_measured","mass_unspecified","Brain_Mass_measured"
"Pan troglodytes","Brain_Mass","g",392.06,"392.06","g","10.3389%2Ffnhum.2013.00424_TableS2partial.tsv","Lewitus","2013","Lewitus","secondary","Lewitus_etal_2013","Brain_weight_g","mass_measured","mass_unspecified","Brain_Mass_measured"
"Hylobates lar","Brain_Mass","g",101.52,"101.52","g","10.3389%2Ffnhum.2013.00424_TableS2partial.tsv","Lewitus","2013","Lewitus","secondary","Lewitus_etal_2013","Brain_weight_g","mass_measured","mass_unspecified","Brain_Mass_measured"
"Alouatta palliata","Brain_Mass","g",52.75,"52.75","g","10.3389%2Ffnhum.2013.00424_TableS2partial.tsv","Lewitus","2013","Lewitus","secondary","Lewitus_etal_2013","Brain_weight_g","mass_measured","mass_unspecified","Brain_Mass_measured"
"Lagothrix lagothricha","Brain_Mass","g",95.58,"95.58","g","10.3389%2Ffnhum.2013.00424_TableS2partial.tsv","Lewitus","2013","Lewitus","secondary","Lewitus_etal_2013","Brain_weight_g","mass_measured","mass_unspecified","Brain_Mass_measured"
"Callicebus moloch","Brain_Mass","g",19,"19","g","10.3389%2Ffnhum.2013.00424_TableS2partial.tsv","Lewitus","2013","Lewitus","secondary","Lewitus_etal_2013","Brain_weight_g","mass_measured","mass_unspecified","Brain_Mass_measured"
"Aotus trivirgatus","Brain_Mass","g",17.4,"17.4","g","10.3389%2Ffnhum.2013.00424_TableS2partial.tsv","Lewitus","2013","Lewitus","secondary","Lewitus_etal_2013","Brain_weight_g","mass_measured","mass_unspecified","Brain_Mass_measured"
"Callimico goeldii","Brain_Mass","g",10.95,"10.95","g","10.3389%2Ffnhum.2013.00424_TableS2partial.tsv","Lewitus","2013","Lewitus","secondary","Lewitus_etal_2013","Brain_weight_g","mass_measured","mass_unspecified","Brain_Mass_measured"
"Callithrix jacchus","Brain_Mass","g",7.61,"7.61","g","10.3389%2Ffnhum.2013.00424_TableS2partial.tsv","Lewitus","2013","Lewitus","secondary","Lewitus_etal_2013","Brain_weight_g","mass_measured","mass_unspecified","Brain_Mass_measured"
"Saguinus midas","Brain_Mass","g",10.5,"10.5","g","10.3389%2Ffnhum.2013.00424_TableS2partial.tsv","Lewitus","2013","Lewitus","secondary","Lewitus_etal_2013","Brain_weight_g","mass_measured","mass_unspecified","Brain_Mass_measured"
"Saimiri sciureus","Brain_Mass","g",22.98,"22.98","g","10.3389%2Ffnhum.2013.00424_TableS2partial.tsv","Lewitus","2013","Lewitus","secondary","Lewitus_etal_2013","Brain_weight_g","mass_measured","mass_unspecified","Brain_Mass_measured"
"Microcebus murinus","Brain_Mass","g",1.85,"1.85","g","10.3389%2Ffnhum.2013.00424_TableS2partial.tsv","Lewitus","2013","Lewitus","secondary","Lewitus_etal_2013","Brain_weight_g","mass_measured","mass_unspecified","Brain_Mass_measured"
"Cheirogaleus major","Brain_Mass","g",6.43,"6.43","g","10.3389%2Ffnhum.2013.00424_TableS2partial.tsv","Lewitus","2013","Lewitus","secondary","Lewitus_etal_2013","Brain_weight_g","mass_measured","mass_unspecified","Brain_Mass_measured"
"Cheirogaleus medius","Brain_Mass","g",3.01,"3.01","g","10.3389%2Ffnhum.2013.00424_TableS2partial.tsv","Lewitus","2013","Lewitus","secondary","Lewitus_etal_2013","Brain_weight_g","mass_measured","mass_unspecified","Brain_Mass_measured"
"Avahi laniger","Brain_Mass","g",10.65,"10.65","g","10.3389%2Ffnhum.2013.00424_TableS2partial.tsv","Lewitus","2013","Lewitus","secondary","Lewitus_etal_2013","Brain_weight_g","mass_measured","mass_unspecified","Brain_Mass_measured"
"Avahi occidentalis","Brain_Mass","g",9.69,"9.69","g","10.3389%2Ffnhum.2013.00424_TableS2partial.tsv","Lewitus","2013","Lewitus","secondary","Lewitus_etal_2013","Brain_weight_g","mass_measured","mass_unspecified","Brain_Mass_measured"
"Propithecus verreauxi","Brain_Mass","g",26.9,"26.9","g","10.3389%2Ffnhum.2013.00424_TableS2partial.tsv","Lewitus","2013","Lewitus","secondary","Lewitus_etal_2013","Brain_weight_g","mass_measured","mass_unspecified","Brain_Mass_measured"
"Indri indri","Brain_Mass","g",37.35,"37.35","g","10.3389%2Ffnhum.2013.00424_TableS2partial.tsv","Lewitus","2013","Lewitus","secondary","Lewitus_etal_2013","Brain_weight_g","mass_measured","mass_unspecified","Brain_Mass_measured"
"Daubentonia madagascariensis","Brain_Mass","g",44.89,"44.89","g","10.3389%2Ffnhum.2013.00424_TableS2partial.tsv","Lewitus","2013","Lewitus","secondary","Lewitus_etal_2013","Brain_weight_g","mass_measured","mass_unspecified","Brain_Mass_measured"
"Eulemur fulvus","Brain_Mass","g",28.1,"28.1","g","10.3389%2Ffnhum.2013.00424_TableS2partial.tsv","Lewitus","2013","Lewitus","secondary","Lewitus_etal_2013","Brain_weight_g","mass_measured","mass_unspecified","Brain_Mass_measured"
"Eulemur mongoz","Brain_Mass","g",20.75,"20.75","g","10.3389%2Ffnhum.2013.00424_TableS2partial.tsv","Lewitus","2013","Lewitus","secondary","Lewitus_etal_2013","Brain_weight_g","mass_measured","mass_unspecified","Brain_Mass_measured"
"Varecia variegata","Brain_Mass","g",49.83,"49.83","g","10.3389%2Ffnhum.2013.00424_TableS2partial.tsv","Lewitus","2013","Lewitus","secondary","Lewitus_etal_2013","Brain_weight_g","mass_measured","mass_unspecified","Brain_Mass_measured"
"Lepilemur ruficaudatus","Brain_Mass","g",7.5,"7.5","g","10.3389%2Ffnhum.2013.00424_TableS2partial.tsv","Lewitus","2013","Lewitus","secondary","Lewitus_etal_2013","Brain_weight_g","mass_measured","mass_unspecified","Brain_Mass_measured"
"Perodicticus potto","Brain_Mass","g",13.54,"13.54","g","10.3389%2Ffnhum.2013.00424_TableS2partial.tsv","Lewitus","2013","Lewitus","secondary","Lewitus_etal_2013","Brain_weight_g","mass_measured","mass_unspecified","Brain_Mass_measured"
"Loris tardigradus","Brain_Mass","g",6.63,"6.63","g","10.3389%2Ffnhum.2013.00424_TableS2partial.tsv","Lewitus","2013","Lewitus","secondary","Lewitus_etal_2013","Brain_weight_g","mass_measured","mass_unspecified","Brain_Mass_measured"
"Nycticebus coucang","Brain_Mass","g",11.73,"11.73","g","10.3389%2Ffnhum.2013.00424_TableS2partial.tsv","Lewitus","2013","Lewitus","secondary","Lewitus_etal_2013","Brain_weight_g","mass_measured","mass_unspecified","Brain_Mass_measured"
"Galago senegalensis","Brain_Mass","g",4.8,"4.8","g","10.3389%2Ffnhum.2013.00424_TableS2partial.tsv","Lewitus","2013","Lewitus","secondary","Lewitus_etal_2013","Brain_weight_g","mass_measured","mass_unspecified","Brain_Mass_measured"
"Otolemur crassicaudatus","Brain_Mass","g",10.6,"10.6","g","10.3389%2Ffnhum.2013.00424_TableS2partial.tsv","Lewitus","2013","Lewitus","secondary","Lewitus_etal_2013","Brain_weight_g","mass_measured","mass_unspecified","Brain_Mass_measured"
"Galagoides demidoff","Brain_Mass","g",3.35,"3.35","g","10.3389%2Ffnhum.2013.00424_TableS2partial.tsv","Lewitus","2013","Lewitus","secondary","Lewitus_etal_2013","Brain_weight_g","mass_measured","mass_unspecified","Brain_Mass_measured"
"Tupaia glis","Brain_Mass","g",3.03,"3.03","g","10.3389%2Ffnhum.2013.00424_TableS2partial.tsv","Lewitus","2013","Lewitus","secondary","Lewitus_etal_2013","Brain_weight_g","mass_measured","mass_unspecified","Brain_Mass_measured"
"Capra hircus","Brain_Mass","g",106,"106","g","10.3389%2Ffnhum.2013.00424_TableS2partial.tsv","Lewitus","2013","Lewitus","secondary","Lewitus_etal_2013","Brain_weight_g","mass_measured","mass_unspecified","Brain_Mass_measured"
"Bos taurus","Brain_Mass","g",462,"462","g","10.3389%2Ffnhum.2013.00424_TableS2partial.tsv","Lewitus","2013","Lewitus","secondary","Lewitus_etal_2013","Brain_weight_g","mass_measured","mass_unspecified","Brain_Mass_measured"
"Odocoileus virginianus","Brain_Mass","g",160,"160","g","10.3389%2Ffnhum.2013.00424_TableS2partial.tsv","Lewitus","2013","Lewitus","secondary","Lewitus_etal_2013","Brain_weight_g","mass_measured","mass_unspecified","Brain_Mass_measured"
"Tursiops truncatus","Brain_Mass","g",1489,"1489","g","10.3389%2Ffnhum.2013.00424_TableS2partial.tsv","Lewitus","2013","Lewitus","secondary","Lewitus_etal_2013","Brain_weight_g","mass_measured","mass_unspecified","Brain_Mass_measured"
"Sus scrofa","Brain_Mass","g",13765,"13765","g","10.3389%2Ffnhum.2013.00424_TableS2partial.tsv","Lewitus","2013","Lewitus","secondary","Lewitus_etal_2013","Brain_weight_g","mass_measured","mass_unspecified","Brain_Mass_measured"
"Lama glama","Brain_Mass","g",216.77,"216.77","g","10.3389%2Ffnhum.2013.00424_TableS2partial.tsv","Lewitus","2013","Lewitus","secondary","Lewitus_etal_2013","Brain_weight_g","mass_measured","mass_unspecified","Brain_Mass_measured"
"Equus caballus","Brain_Mass","g",712,"712","g","10.3389%2Ffnhum.2013.00424_TableS2partial.tsv","Lewitus","2013","Lewitus","secondary","Lewitus_etal_2013","Brain_weight_g","mass_measured","mass_unspecified","Brain_Mass_measured"
"Mustela putorius furo","Brain_Mass","g",8.25,"8.25","g","10.3389%2Ffnhum.2013.00424_TableS2partial.tsv","Lewitus","2013","Lewitus","secondary","Lewitus_etal_2013","Brain_weight_g","mass_measured","mass_unspecified","Brain_Mass_measured"
"Procyon lotor","Brain_Mass","g",40.02,"40.02","g","10.3389%2Ffnhum.2013.00424_TableS2partial.tsv","Lewitus","2013","Lewitus","secondary","Lewitus_etal_2013","Brain_weight_g","mass_measured","mass_unspecified","Brain_Mass_measured"
"Zalophus californianus","Brain_Mass","g",363,"363","g","10.3389%2Ffnhum.2013.00424_TableS2partial.tsv","Lewitus","2013","Lewitus","secondary","Lewitus_etal_2013","Brain_weight_g","mass_measured","mass_unspecified","Brain_Mass_measured"
"Phoca vitulina","Brain_Mass","g",273.75,"273.75","g","10.3389%2Ffnhum.2013.00424_TableS2partial.tsv","Lewitus","2013","Lewitus","secondary","Lewitus_etal_2013","Brain_weight_g","mass_measured","mass_unspecified","Brain_Mass_measured"
"Ursus maritimus","Brain_Mass","g",472.68,"472.68","g","10.3389%2Ffnhum.2013.00424_TableS2partial.tsv","Lewitus","2013","Lewitus","secondary","Lewitus_etal_2013","Brain_weight_g","mass_measured","mass_unspecified","Brain_Mass_measured"
"Vulpes vulpes","Brain_Mass","g",45.63,"45.63","g","10.3389%2Ffnhum.2013.00424_TableS2partial.tsv","Lewitus","2013","Lewitus","secondary","Lewitus_etal_2013","Brain_weight_g","mass_measured","mass_unspecified","Brain_Mass_measured"
"Panthera leo","Brain_Mass","g",24721,"24721","g","10.3389%2Ffnhum.2013.00424_TableS2partial.tsv","Lewitus","2013","Lewitus","secondary","Lewitus_etal_2013","Brain_weight_g","mass_measured","mass_unspecified","Brain_Mass_measured"
"Felis catus","Brain_Mass","g",31.18,"31.18","g","10.3389%2Ffnhum.2013.00424_TableS2partial.tsv","Lewitus","2013","Lewitus","secondary","Lewitus_etal_2013","Brain_weight_g","mass_measured","mass_unspecified","Brain_Mass_measured"
"Crocuta crocuta","Brain_Mass","g",153.27,"153.27","g","10.3389%2Ffnhum.2013.00424_TableS2partial.tsv","Lewitus","2013","Lewitus","secondary","Lewitus_etal_2013","Brain_weight_g","mass_measured","mass_unspecified","Brain_Mass_measured"
"Cynictis penicillata","Brain_Mass","g",12.51,"12.51","g","10.3389%2Ffnhum.2013.00424_TableS2partial.tsv","Lewitus","2013","Lewitus","secondary","Lewitus_etal_2013","Brain_weight_g","mass_measured","mass_unspecified","Brain_Mass_measured"
"Pteropus giganteus","Brain_Mass","g",9,"9","g","10.3389%2Ffnhum.2013.00424_TableS2partial.tsv","Lewitus","2013","Lewitus","secondary","Lewitus_etal_2013","Brain_weight_g","mass_measured","mass_unspecified","Brain_Mass_measured"
"Erinaceus europaeus","Brain_Mass","g",3.5,"3.5","g","10.3389%2Ffnhum.2013.00424_TableS2partial.tsv","Lewitus","2013","Lewitus","secondary","Lewitus_etal_2013","Brain_weight_g","mass_measured","mass_unspecified","Brain_Mass_measured"
"Sorex araneus","Brain_Mass","g",0.2,"0.2","g","10.3389%2Ffnhum.2013.00424_TableS2partial.tsv","Lewitus","2013","Lewitus","secondary","Lewitus_etal_2013","Brain_weight_g","mass_measured","mass_unspecified","Brain_Mass_measured"
"Choloepus didactylus","Brain_Mass","g",77,"77","g","10.3389%2Ffnhum.2013.00424_TableS2partial.tsv","Lewitus","2013","Lewitus","secondary","Lewitus_etal_2013","Brain_weight_g","mass_measured","mass_unspecified","Brain_Mass_measured"
"Dasypus novemcinctus","Brain_Mass","g",10.75,"10.75","g","10.3389%2Ffnhum.2013.00424_TableS2partial.tsv","Lewitus","2013","Lewitus","secondary","Lewitus_etal_2013","Brain_weight_g","mass_measured","mass_unspecified","Brain_Mass_measured"
"Trichechus manatus","Brain_Mass","g",382,"382","g","10.3389%2Ffnhum.2013.00424_TableS2partial.tsv","Lewitus","2013","Lewitus","secondary","Lewitus_etal_2013","Brain_weight_g","mass_measured","mass_unspecified","Brain_Mass_measured"
"Procavia capensis","Brain_Mass","g",19.17,"19.17","g","10.3389%2Ffnhum.2013.00424_TableS2partial.tsv","Lewitus","2013","Lewitus","secondary","Lewitus_etal_2013","Brain_weight_g","mass_measured","mass_unspecified","Brain_Mass_measured"
"Macropus fuliginosus","Brain_Mass","g",64.8,"64.8","g","10.3389%2Ffnhum.2013.00424_TableS2partial.tsv","Lewitus","2013","Lewitus","secondary","Lewitus_etal_2013","Brain_weight_g","mass_measured","mass_unspecified","Brain_Mass_measured"
"Didelphis virginiana","Brain_Mass","g",6.72,"6.72","g","10.3389%2Ffnhum.2013.00424_TableS2partial.tsv","Lewitus","2013","Lewitus","secondary","Lewitus_etal_2013","Brain_weight_g","mass_measured","mass_unspecified","Brain_Mass_measured"
"Sorex minutus","Brain_Mass","g",0.11,"110","mg","ISBN%3A0390672505_TABLE1.tsv","Stephan","1970","Stephan_collection","primary","Stephan_etal_1970","brain_weight_mg","mass_measured","mass_fresh","Brain_Mass_measured"
"Sorex araneus","Brain_Mass","g",0.2,"200","mg","ISBN%3A0390672505_TABLE1.tsv","Stephan","1970","Stephan_collection","primary","Stephan_etal_1970","brain_weight_mg","mass_measured","mass_fresh","Brain_Mass_measured"
"Crocidura russula","Brain_Mass","g",0.19,"190","mg","ISBN%3A0390672505_TABLE1.tsv","Stephan","1970","Stephan_collection","primary","Stephan_etal_1970","brain_weight_mg","mass_measured","mass_fresh","Brain_Mass_measured"
"Crocidura flavescens","Brain_Mass","g",0.44,"440","mg","ISBN%3A0390672505_TABLE1.tsv","Stephan","1970","Stephan_collection","primary","Stephan_etal_1970","brain_weight_mg","mass_measured","mass_fresh","Brain_Mass_measured"
"Suncus murinus","Brain_Mass","g",0.38,"380","mg","ISBN%3A0390672505_TABLE1.tsv","Stephan","1970","Stephan_collection","primary","Stephan_etal_1970","brain_weight_mg","mass_measured","mass_fresh","Brain_Mass_measured"
"Echinops telfairi","Brain_Mass","g",0.62,"620","mg","ISBN%3A0390672505_TABLE1.tsv","Stephan","1970","Stephan_collection","primary","Stephan_etal_1970","brain_weight_mg","mass_measured","mass_fresh","Brain_Mass_measured"
"Hemicentetes semispinosus","Brain_Mass","g",0.83,"830","mg","ISBN%3A0390672505_TABLE1.tsv","Stephan","1970","Stephan_collection","primary","Stephan_etal_1970","brain_weight_mg","mass_measured","mass_fresh","Brain_Mass_measured"
"Setifer setosus","Brain_Mass","g",1.51,"1510","mg","ISBN%3A0390672505_TABLE1.tsv","Stephan","1970","Stephan_collection","primary","Stephan_etal_1970","brain_weight_mg","mass_measured","mass_fresh","Brain_Mass_measured"
"Tenrec ecaudatus","Brain_Mass","g",2.57,"2570","mg","ISBN%3A0390672505_TABLE1.tsv","Stephan","1970","Stephan_collection","primary","Stephan_etal_1970","brain_weight_mg","mass_measured","mass_fresh","Brain_Mass_measured"
"Erinaceus europaeus","Brain_Mass","g",3.35,"3350","mg","ISBN%3A0390672505_TABLE1.tsv","Stephan","1970","Stephan_collection","primary","Stephan_etal_1970","brain_weight_mg","mass_measured","mass_fresh","Brain_Mass_measured"
"Atelerix algirus","Brain_Mass","g",3.55,"3550","mg","ISBN%3A0390672505_TABLE1.tsv","Stephan","1970","Stephan_collection","primary","Stephan_etal_1970","brain_weight_mg","mass_measured","mass_fresh","Brain_Mass_measured"
"Solenodon paradoxus","Brain_Mass","g",4.67,"4670","mg","ISBN%3A0390672505_TABLE1.tsv","Stephan","1970","Stephan_collection","primary","Stephan_etal_1970","brain_weight_mg","mass_measured","mass_fresh","Brain_Mass_measured"
"Nesogale talazaci","Brain_Mass","g",0.79,"790","mg","ISBN%3A0390672505_TABLE1.tsv","Stephan","1970","Stephan_collection","primary","Stephan_etal_1970","brain_weight_mg","mass_measured","mass_fresh","Brain_Mass_measured"
"Microgale mergulus","Brain_Mass","g",1.15,"1150","mg","ISBN%3A0390672505_TABLE1.tsv","Stephan","1970","Stephan_collection","primary","Stephan_etal_1970","brain_weight_mg","mass_measured","mass_fresh","Brain_Mass_measured"
"Potamogale velox","Brain_Mass","g",4.1,"4100","mg","ISBN%3A0390672505_TABLE1.tsv","Stephan","1970","Stephan_collection","primary","Stephan_etal_1970","brain_weight_mg","mass_measured","mass_fresh","Brain_Mass_measured"
"Neomys fodiens","Brain_Mass","g",0.32,"320","mg","ISBN%3A0390672505_TABLE1.tsv","Stephan","1970","Stephan_collection","primary","Stephan_etal_1970","brain_weight_mg","mass_measured","mass_fresh","Brain_Mass_measured"
"Talpa europaea","Brain_Mass","g",1.02,"1020","mg","ISBN%3A0390672505_TABLE1.tsv","Stephan","1970","Stephan_collection","primary","Stephan_etal_1970","brain_weight_mg","mass_measured","mass_fresh","Brain_Mass_measured"
"Galemys pyrenaicus","Brain_Mass","g",1.33,"1330","mg","ISBN%3A0390672505_TABLE1.tsv","Stephan","1970","Stephan_collection","primary","Stephan_etal_1970","brain_weight_mg","mass_measured","mass_fresh","Brain_Mass_measured"
"Desmana moschata","Brain_Mass","g",4,"4000","mg","ISBN%3A0390672505_TABLE1.tsv","Stephan","1970","Stephan_collection","primary","Stephan_etal_1970","brain_weight_mg","mass_measured","mass_fresh","Brain_Mass_measured"
"Chrysochloris stuhlmanni","Brain_Mass","g",0.74,"740","mg","ISBN%3A0390672505_TABLE1.tsv","Stephan","1970","Stephan_collection","primary","Stephan_etal_1970","brain_weight_mg","mass_measured","mass_fresh","Brain_Mass_measured"
"Elephantulus fuscipes","Brain_Mass","g",1.33,"1330","mg","ISBN%3A0390672505_TABLE1.tsv","Stephan","1970","Stephan_collection","primary","Stephan_etal_1970","brain_weight_mg","mass_measured","mass_fresh","Brain_Mass_measured"
"Rhynchocyon cirnei","Brain_Mass","g",6.1,"6100","mg","ISBN%3A0390672505_TABLE1.tsv","Stephan","1970","Stephan_collection","primary","Stephan_etal_1970","brain_weight_mg","mass_measured","mass_fresh","Brain_Mass_measured"
"Tupaia glis","Brain_Mass","g",3.15,"3150","mg","ISBN%3A0390672505_TABLE2.tsv","Stephan","1970","Stephan_collection","primary","Stephan_etal_1970","brain_weight_mg","mass_measured","mass_fresh","Brain_Mass_measured"
"Urogale everetti","Brain_Mass","g",4.28,"4280","mg","ISBN%3A0390672505_TABLE2.tsv","Stephan","1970","Stephan_collection","primary","Stephan_etal_1970","brain_weight_mg","mass_measured","mass_fresh","Brain_Mass_measured"
"Microcebus murinus","Brain_Mass","g",1.78,"1780","mg","ISBN%3A0390672505_TABLE2.tsv","Stephan","1970","Stephan_collection","primary","Stephan_etal_1970","brain_weight_mg","mass_measured","mass_fresh","Brain_Mass_measured"
"Cheirogaleus medius","Brain_Mass","g",3.14,"3140","mg","ISBN%3A0390672505_TABLE2.tsv","Stephan","1970","Stephan_collection","primary","Stephan_etal_1970","brain_weight_mg","mass_measured","mass_fresh","Brain_Mass_measured"
"Cheirogaleus major","Brain_Mass","g",6.8,"6800","mg","ISBN%3A0390672505_TABLE2.tsv","Stephan","1970","Stephan_collection","primary","Stephan_etal_1970","brain_weight_mg","mass_measured","mass_fresh","Brain_Mass_measured"
"Lepilemur ruficaudatus","Brain_Mass","g",7.6,"7600","mg","ISBN%3A0390672505_TABLE2.tsv","Stephan","1970","Stephan_collection","primary","Stephan_etal_1970","brain_weight_mg","mass_measured","mass_fresh","Brain_Mass_measured"
"Hapalemur simus","Brain_Mass","g",9.53,"9530","mg","ISBN%3A0390672505_TABLE2.tsv","Stephan","1970","Stephan_collection","primary","Stephan_etal_1970","brain_weight_mg","mass_measured","mass_fresh","Brain_Mass_measured"
"Eulemur fulvus","Brain_Mass","g",23.3,"23300","mg","ISBN%3A0390672505_TABLE2.tsv","Stephan","1970","Stephan_collection","primary","Stephan_etal_1970","brain_weight_mg","mass_measured","mass_fresh","Brain_Mass_measured"
"Varecia variegata","Brain_Mass","g",31.5,"31500","mg","ISBN%3A0390672505_TABLE2.tsv","Stephan","1970","Stephan_collection","primary","Stephan_etal_1970","brain_weight_mg","mass_measured","mass_fresh","Brain_Mass_measured"
"Avahi laniger","Brain_Mass","g",9.67,"9670","mg","ISBN%3A0390672505_TABLE2.tsv","Stephan","1970","Stephan_collection","primary","Stephan_etal_1970","brain_weight_mg","mass_measured","mass_fresh","Brain_Mass_measured"
"Propithecus verreauxi","Brain_Mass","g",26.7,"26700","mg","ISBN%3A0390672505_TABLE2.tsv","Stephan","1970","Stephan_collection","primary","Stephan_etal_1970","brain_weight_mg","mass_measured","mass_fresh","Brain_Mass_measured"
"Indri indri","Brain_Mass","g",38.3,"38300","mg","ISBN%3A0390672505_TABLE2.tsv","Stephan","1970","Stephan_collection","primary","Stephan_etal_1970","brain_weight_mg","mass_measured","mass_fresh","Brain_Mass_measured"
"Daubentonia madagascariensis","Brain_Mass","g",45.15,"45150","mg","ISBN%3A0390672505_TABLE2.tsv","Stephan","1970","Stephan_collection","primary","Stephan_etal_1970","brain_weight_mg","mass_measured","mass_fresh","Brain_Mass_measured"
"Loris tardigradus","Brain_Mass","g",6.6,"6600","mg","ISBN%3A0390672505_TABLE2.tsv","Stephan","1970","Stephan_collection","primary","Stephan_etal_1970","brain_weight_mg","mass_measured","mass_fresh","Brain_Mass_measured"
"Nycticebus coucang","Brain_Mass","g",12.5,"12500","mg","ISBN%3A0390672505_TABLE2.tsv","Stephan","1970","Stephan_collection","primary","Stephan_etal_1970","brain_weight_mg","mass_measured","mass_fresh","Brain_Mass_measured"
"Perodicticus potto","Brain_Mass","g",14,"14000","mg","ISBN%3A0390672505_TABLE2.tsv","Stephan","1970","Stephan_collection","primary","Stephan_etal_1970","brain_weight_mg","mass_measured","mass_fresh","Brain_Mass_measured"
"Galagoides demidoff","Brain_Mass","g",3.38,"3380","mg","ISBN%3A0390672505_TABLE2.tsv","Stephan","1970","Stephan_collection","primary","Stephan_etal_1970","brain_weight_mg","mass_measured","mass_fresh","Brain_Mass_measured"
"Galago senegalensis","Brain_Mass","g",4.8,"4800","mg","ISBN%3A0390672505_TABLE2.tsv","Stephan","1970","Stephan_collection","primary","Stephan_etal_1970","brain_weight_mg","mass_measured","mass_fresh","Brain_Mass_measured"
"Otolemur crassicaudatus","Brain_Mass","g",10.3,"10300","mg","ISBN%3A0390672505_TABLE2.tsv","Stephan","1970","Stephan_collection","primary","Stephan_etal_1970","brain_weight_mg","mass_measured","mass_fresh","Brain_Mass_measured"
"Tarsius syrichta","Brain_Mass","g",3.63,"3630","mg","ISBN%3A0390672505_TABLE2.tsv","Stephan","1970","Stephan_collection","primary","Stephan_etal_1970","brain_weight_mg","mass_measured","mass_fresh","Brain_Mass_measured"
"Callithrix jacchus","Brain_Mass","g",7.6,"7600","mg","ISBN%3A0390672505_TABLE3.tsv","Stephan","1970","Stephan_collection","primary","Stephan_etal_1970","brain_weight_mg","mass_measured","mass_fresh","Brain_Mass_measured"
"Saguinus oedipus","Brain_Mass","g",10,"10000","mg","ISBN%3A0390672505_TABLE3.tsv","Stephan","1970","Stephan_collection","primary","Stephan_etal_1970","brain_weight_mg","mass_measured","mass_fresh","Brain_Mass_measured"
"Saguinus midas","Brain_Mass","g",10.3,"10300","mg","ISBN%3A0390672505_TABLE3.tsv","Stephan","1970","Stephan_collection","primary","Stephan_etal_1970","brain_weight_mg","mass_measured","mass_fresh","Brain_Mass_measured"
"Aotus trivirgatus","Brain_Mass","g",16,"16000","mg","ISBN%3A0390672505_TABLE3.tsv","Stephan","1970","Stephan_collection","primary","Stephan_etal_1970","brain_weight_mg","mass_measured","mass_fresh","Brain_Mass_measured"
"Callicebus moloch","Brain_Mass","g",15.5,"15500","mg","ISBN%3A0390672505_TABLE3.tsv","Stephan","1970","Stephan_collection","primary","Stephan_etal_1970","brain_weight_mg","mass_measured","mass_fresh","Brain_Mass_measured"
"Pithecia monachus","Brain_Mass","g",35,"35000","mg","ISBN%3A0390672505_TABLE3.tsv","Stephan","1970","Stephan_collection","primary","Stephan_etal_1970","brain_weight_mg","mass_measured","mass_fresh","Brain_Mass_measured"
"Alouatta seniculus","Brain_Mass","g",51,"51000","mg","ISBN%3A0390672505_TABLE3.tsv","Stephan","1970","Stephan_collection","primary","Stephan_etal_1970","brain_weight_mg","mass_measured","mass_fresh","Brain_Mass_measured"
"Cebus albifrons","Brain_Mass","g",73,"73000","mg","ISBN%3A0390672505_TABLE3.tsv","Stephan","1970","Stephan_collection","primary","Stephan_etal_1970","brain_weight_mg","mass_measured","mass_fresh","Brain_Mass_measured"
"Cebus albifrons","Brain_Mass","g",80,"80000","mg","ISBN%3A0390672505_TABLE3.tsv","Stephan","1970","Stephan_collection","primary","Stephan_etal_1970","brain_weight_mg","mass_measured","mass_fresh","Brain_Mass_measured"
"Saimiri sciureus","Brain_Mass","g",22,"22000","mg","ISBN%3A0390672505_TABLE3.tsv","Stephan","1970","Stephan_collection","primary","Stephan_etal_1970","brain_weight_mg","mass_measured","mass_fresh","Brain_Mass_measured"
"Ateles geoffroyi","Brain_Mass","g",108,"108000","mg","ISBN%3A0390672505_TABLE3.tsv","Stephan","1970","Stephan_collection","primary","Stephan_etal_1970","brain_weight_mg","mass_measured","mass_fresh","Brain_Mass_measured"
"Lagothrix lagothricha","Brain_Mass","g",101,"101000","mg","ISBN%3A0390672505_TABLE3.tsv","Stephan","1970","Stephan_collection","primary","Stephan_etal_1970","brain_weight_mg","mass_measured","mass_fresh","Brain_Mass_measured"
"Macaca mulatta","Brain_Mass","g",93,"93000","mg","ISBN%3A0390672505_TABLE3.tsv","Stephan","1970","Stephan_collection","primary","Stephan_etal_1970","brain_weight_mg","mass_measured","mass_fresh","Brain_Mass_measured"
"Lophocebus albigena","Brain_Mass","g",104,"104000","mg","ISBN%3A0390672505_TABLE3.tsv","Stephan","1970","Stephan_collection","primary","Stephan_etal_1970","brain_weight_mg","mass_measured","mass_fresh","Brain_Mass_measured"
"Miopithecus talapoin","Brain_Mass","g",39,"39000","mg","ISBN%3A0390672505_TABLE3.tsv","Stephan","1970","Stephan_collection","primary","Stephan_etal_1970","brain_weight_mg","mass_measured","mass_fresh","Brain_Mass_measured"
"Cercopithecus ascanius","Brain_Mass","g",65,"65000","mg","ISBN%3A0390672505_TABLE3.tsv","Stephan","1970","Stephan_collection","primary","Stephan_etal_1970","brain_weight_mg","mass_measured","mass_fresh","Brain_Mass_measured"
"Cercopithecus mitis","Brain_Mass","g",76,"76000","mg","ISBN%3A0390672505_TABLE3.tsv","Stephan","1970","Stephan_collection","primary","Stephan_etal_1970","brain_weight_mg","mass_measured","mass_fresh","Brain_Mass_measured"
"Piliocolobus badius","Brain_Mass","g",78,"78000","mg","ISBN%3A0390672505_TABLE3.tsv","Stephan","1970","Stephan_collection","primary","Stephan_etal_1970","brain_weight_mg","mass_measured","mass_fresh","Brain_Mass_measured"
"Pan troglodytes","Brain_Mass","g",420,"420000","mg","ISBN%3A0390672505_TABLE3.tsv","Stephan","1970","Stephan_collection","primary","Stephan_etal_1970","brain_weight_mg","mass_measured","mass_fresh","Brain_Mass_measured"
"Gorilla gorilla","Brain_Mass","g",465,"465000","mg","ISBN%3A0390672505_TABLE3.tsv","Stephan","1970","Stephan_collection","primary","Stephan_etal_1970","brain_weight_mg","mass_measured","mass_fresh","Brain_Mass_measured"
"Homo sapiens","Brain_Mass","g",1330,"1330000","mg","ISBN%3A0390672505_TABLE3.tsv","Stephan","1970","Stephan_collection","primary","Stephan_etal_1970","brain_weight_mg","mass_measured","mass_fresh","Brain_Mass_measured"
"Sorex minutus","Brain_Mass","g",0.11,"110","mg","ISBN%3A0390672505_Tables1-6.tsv","Stephan","1970","Stephan_collection","primary","Stephan_etal_1970","brain_weight_mg","mass_measured","mass_fresh","Brain_Mass_measured"
"Sorex araneus","Brain_Mass","g",0.2,"200","mg","ISBN%3A0390672505_Tables1-6.tsv","Stephan","1970","Stephan_collection","primary","Stephan_etal_1970","brain_weight_mg","mass_measured","mass_fresh","Brain_Mass_measured"
"Crocidura russula","Brain_Mass","g",0.19,"190","mg","ISBN%3A0390672505_Tables1-6.tsv","Stephan","1970","Stephan_collection","primary","Stephan_etal_1970","brain_weight_mg","mass_measured","mass_fresh","Brain_Mass_measured"
"Crocidura flavescens","Brain_Mass","g",0.44,"440","mg","ISBN%3A0390672505_Tables1-6.tsv","Stephan","1970","Stephan_collection","primary","Stephan_etal_1970","brain_weight_mg","mass_measured","mass_fresh","Brain_Mass_measured"
"Suncus murinus","Brain_Mass","g",0.38,"380","mg","ISBN%3A0390672505_Tables1-6.tsv","Stephan","1970","Stephan_collection","primary","Stephan_etal_1970","brain_weight_mg","mass_measured","mass_fresh","Brain_Mass_measured"
"Echinops telfairi","Brain_Mass","g",0.62,"620","mg","ISBN%3A0390672505_Tables1-6.tsv","Stephan","1970","Stephan_collection","primary","Stephan_etal_1970","brain_weight_mg","mass_measured","mass_fresh","Brain_Mass_measured"
"Hemicentetes semispinosus","Brain_Mass","g",0.83,"830","mg","ISBN%3A0390672505_Tables1-6.tsv","Stephan","1970","Stephan_collection","primary","Stephan_etal_1970","brain_weight_mg","mass_measured","mass_fresh","Brain_Mass_measured"
"Setifer setosus","Brain_Mass","g",1.51,"1510","mg","ISBN%3A0390672505_Tables1-6.tsv","Stephan","1970","Stephan_collection","primary","Stephan_etal_1970","brain_weight_mg","mass_measured","mass_fresh","Brain_Mass_measured"
"Tenrec ecaudatus","Brain_Mass","g",2.57,"2570","mg","ISBN%3A0390672505_Tables1-6.tsv","Stephan","1970","Stephan_collection","primary","Stephan_etal_1970","brain_weight_mg","mass_measured","mass_fresh","Brain_Mass_measured"
"Erinaceus europaeus","Brain_Mass","g",3.35,"3350","mg","ISBN%3A0390672505_Tables1-6.tsv","Stephan","1970","Stephan_collection","primary","Stephan_etal_1970","brain_weight_mg","mass_measured","mass_fresh","Brain_Mass_measured"
"Atelerix algirus","Brain_Mass","g",3.55,"3550","mg","ISBN%3A0390672505_Tables1-6.tsv","Stephan","1970","Stephan_collection","primary","Stephan_etal_1970","brain_weight_mg","mass_measured","mass_fresh","Brain_Mass_measured"
"Solenodon paradoxus","Brain_Mass","g",4.67,"4670","mg","ISBN%3A0390672505_Tables1-6.tsv","Stephan","1970","Stephan_collection","primary","Stephan_etal_1970","brain_weight_mg","mass_measured","mass_fresh","Brain_Mass_measured"
"Nesogale talazaci","Brain_Mass","g",0.79,"790","mg","ISBN%3A0390672505_Tables1-6.tsv","Stephan","1970","Stephan_collection","primary","Stephan_etal_1970","brain_weight_mg","mass_measured","mass_fresh","Brain_Mass_measured"
"Microgale mergulus","Brain_Mass","g",1.15,"1150","mg","ISBN%3A0390672505_Tables1-6.tsv","Stephan","1970","Stephan_collection","primary","Stephan_etal_1970","brain_weight_mg","mass_measured","mass_fresh","Brain_Mass_measured"
"Potamogale velox","Brain_Mass","g",4.1,"4100","mg","ISBN%3A0390672505_Tables1-6.tsv","Stephan","1970","Stephan_collection","primary","Stephan_etal_1970","brain_weight_mg","mass_measured","mass_fresh","Brain_Mass_measured"
"Neomys fodiens","Brain_Mass","g",0.32,"320","mg","ISBN%3A0390672505_Tables1-6.tsv","Stephan","1970","Stephan_collection","primary","Stephan_etal_1970","brain_weight_mg","mass_measured","mass_fresh","Brain_Mass_measured"
"Talpa europaea","Brain_Mass","g",1.02,"1020","mg","ISBN%3A0390672505_Tables1-6.tsv","Stephan","1970","Stephan_collection","primary","Stephan_etal_1970","brain_weight_mg","mass_measured","mass_fresh","Brain_Mass_measured"
"Galemys pyrenaicus","Brain_Mass","g",1.33,"1330","mg","ISBN%3A0390672505_Tables1-6.tsv","Stephan","1970","Stephan_collection","primary","Stephan_etal_1970","brain_weight_mg","mass_measured","mass_fresh","Brain_Mass_measured"
"Desmana moschata","Brain_Mass","g",4,"4000","mg","ISBN%3A0390672505_Tables1-6.tsv","Stephan","1970","Stephan_collection","primary","Stephan_etal_1970","brain_weight_mg","mass_measured","mass_fresh","Brain_Mass_measured"
"Chrysochloris stuhlmanni","Brain_Mass","g",0.74,"740","mg","ISBN%3A0390672505_Tables1-6.tsv","Stephan","1970","Stephan_collection","primary","Stephan_etal_1970","brain_weight_mg","mass_measured","mass_fresh","Brain_Mass_measured"
"Elephantulus fuscipes","Brain_Mass","g",1.33,"1330","mg","ISBN%3A0390672505_Tables1-6.tsv","Stephan","1970","Stephan_collection","primary","Stephan_etal_1970","brain_weight_mg","mass_measured","mass_fresh","Brain_Mass_measured"
"Rhynchocyon cirnei","Brain_Mass","g",6.1,"6100","mg","ISBN%3A0390672505_Tables1-6.tsv","Stephan","1970","Stephan_collection","primary","Stephan_etal_1970","brain_weight_mg","mass_measured","mass_fresh","Brain_Mass_measured"
"Tupaia glis","Brain_Mass","g",3.15,"3150","mg","ISBN%3A0390672505_Tables1-6.tsv","Stephan","1970","Stephan_collection","primary","Stephan_etal_1970","brain_weight_mg","mass_measured","mass_fresh","Brain_Mass_measured"
"Urogale everetti","Brain_Mass","g",4.28,"4280","mg","ISBN%3A0390672505_Tables1-6.tsv","Stephan","1970","Stephan_collection","primary","Stephan_etal_1970","brain_weight_mg","mass_measured","mass_fresh","Brain_Mass_measured"
"Microcebus murinus","Brain_Mass","g",1.78,"1780","mg","ISBN%3A0390672505_Tables1-6.tsv","Stephan","1970","Stephan_collection","primary","Stephan_etal_1970","brain_weight_mg","mass_measured","mass_fresh","Brain_Mass_measured"
"Cheirogaleus medius","Brain_Mass","g",3.14,"3140","mg","ISBN%3A0390672505_Tables1-6.tsv","Stephan","1970","Stephan_collection","primary","Stephan_etal_1970","brain_weight_mg","mass_measured","mass_fresh","Brain_Mass_measured"
"Cheirogaleus major","Brain_Mass","g",6.8,"6800","mg","ISBN%3A0390672505_Tables1-6.tsv","Stephan","1970","Stephan_collection","primary","Stephan_etal_1970","brain_weight_mg","mass_measured","mass_fresh","Brain_Mass_measured"
"Lepilemur ruficaudatus","Brain_Mass","g",7.6,"7600","mg","ISBN%3A0390672505_Tables1-6.tsv","Stephan","1970","Stephan_collection","primary","Stephan_etal_1970","brain_weight_mg","mass_measured","mass_fresh","Brain_Mass_measured"
"Hapalemur simus","Brain_Mass","g",9.53,"9530","mg","ISBN%3A0390672505_Tables1-6.tsv","Stephan","1970","Stephan_collection","primary","Stephan_etal_1970","brain_weight_mg","mass_measured","mass_fresh","Brain_Mass_measured"
"Eulemur fulvus","Brain_Mass","g",23.3,"23300","mg","ISBN%3A0390672505_Tables1-6.tsv","Stephan","1970","Stephan_collection","primary","Stephan_etal_1970","brain_weight_mg","mass_measured","mass_fresh","Brain_Mass_measured"
"Varecia variegata","Brain_Mass","g",31.5,"31500","mg","ISBN%3A0390672505_Tables1-6.tsv","Stephan","1970","Stephan_collection","primary","Stephan_etal_1970","brain_weight_mg","mass_measured","mass_fresh","Brain_Mass_measured"
"Avahi laniger","Brain_Mass","g",9.67,"9670","mg","ISBN%3A0390672505_Tables1-6.tsv","Stephan","1970","Stephan_collection","primary","Stephan_etal_1970","brain_weight_mg","mass_measured","mass_fresh","Brain_Mass_measured"
"Propithecus verreauxi","Brain_Mass","g",26.7,"26700","mg","ISBN%3A0390672505_Tables1-6.tsv","Stephan","1970","Stephan_collection","primary","Stephan_etal_1970","brain_weight_mg","mass_measured","mass_fresh","Brain_Mass_measured"
"Indri indri","Brain_Mass","g",38.3,"38300","mg","ISBN%3A0390672505_Tables1-6.tsv","Stephan","1970","Stephan_collection","primary","Stephan_etal_1970","brain_weight_mg","mass_measured","mass_fresh","Brain_Mass_measured"
"Daubentonia madagascariensis","Brain_Mass","g",45.15,"45150","mg","ISBN%3A0390672505_Tables1-6.tsv","Stephan","1970","Stephan_collection","primary","Stephan_etal_1970","brain_weight_mg","mass_measured","mass_fresh","Brain_Mass_measured"
"Loris tardigradus","Brain_Mass","g",6.6,"6600","mg","ISBN%3A0390672505_Tables1-6.tsv","Stephan","1970","Stephan_collection","primary","Stephan_etal_1970","brain_weight_mg","mass_measured","mass_fresh","Brain_Mass_measured"
"Nycticebus coucang","Brain_Mass","g",12.5,"12500","mg","ISBN%3A0390672505_Tables1-6.tsv","Stephan","1970","Stephan_collection","primary","Stephan_etal_1970","brain_weight_mg","mass_measured","mass_fresh","Brain_Mass_measured"
"Perodicticus potto","Brain_Mass","g",14,"14000","mg","ISBN%3A0390672505_Tables1-6.tsv","Stephan","1970","Stephan_collection","primary","Stephan_etal_1970","brain_weight_mg","mass_measured","mass_fresh","Brain_Mass_measured"
"Galagoides demidoff","Brain_Mass","g",3.38,"3380","mg","ISBN%3A0390672505_Tables1-6.tsv","Stephan","1970","Stephan_collection","primary","Stephan_etal_1970","brain_weight_mg","mass_measured","mass_fresh","Brain_Mass_measured"
"Galago senegalensis","Brain_Mass","g",4.8,"4800","mg","ISBN%3A0390672505_Tables1-6.tsv","Stephan","1970","Stephan_collection","primary","Stephan_etal_1970","brain_weight_mg","mass_measured","mass_fresh","Brain_Mass_measured"
"Otolemur crassicaudatus","Brain_Mass","g",10.3,"10300","mg","ISBN%3A0390672505_Tables1-6.tsv","Stephan","1970","Stephan_collection","primary","Stephan_etal_1970","brain_weight_mg","mass_measured","mass_fresh","Brain_Mass_measured"
"Tarsius syrichta","Brain_Mass","g",3.63,"3630","mg","ISBN%3A0390672505_Tables1-6.tsv","Stephan","1970","Stephan_collection","primary","Stephan_etal_1970","brain_weight_mg","mass_measured","mass_fresh","Brain_Mass_measured"
"Callithrix jacchus","Brain_Mass","g",7.6,"7600","mg","ISBN%3A0390672505_Tables1-6.tsv","Stephan","1970","Stephan_collection","primary","Stephan_etal_1970","brain_weight_mg","mass_measured","mass_fresh","Brain_Mass_measured"
"Saguinus oedipus","Brain_Mass","g",10,"10000","mg","ISBN%3A0390672505_Tables1-6.tsv","Stephan","1970","Stephan_collection","primary","Stephan_etal_1970","brain_weight_mg","mass_measured","mass_fresh","Brain_Mass_measured"
"Saguinus midas","Brain_Mass","g",10.3,"10300","mg","ISBN%3A0390672505_Tables1-6.tsv","Stephan","1970","Stephan_collection","primary","Stephan_etal_1970","brain_weight_mg","mass_measured","mass_fresh","Brain_Mass_measured"
"Aotus trivirgatus","Brain_Mass","g",16,"16000","mg","ISBN%3A0390672505_Tables1-6.tsv","Stephan","1970","Stephan_collection","primary","Stephan_etal_1970","brain_weight_mg","mass_measured","mass_fresh","Brain_Mass_measured"
"Callicebus moloch","Brain_Mass","g",15.5,"15500","mg","ISBN%3A0390672505_Tables1-6.tsv","Stephan","1970","Stephan_collection","primary","Stephan_etal_1970","brain_weight_mg","mass_measured","mass_fresh","Brain_Mass_measured"
"Pithecia monachus","Brain_Mass","g",35,"35000","mg","ISBN%3A0390672505_Tables1-6.tsv","Stephan","1970","Stephan_collection","primary","Stephan_etal_1970","brain_weight_mg","mass_measured","mass_fresh","Brain_Mass_measured"
"Alouatta seniculus","Brain_Mass","g",51,"51000","mg","ISBN%3A0390672505_Tables1-6.tsv","Stephan","1970","Stephan_collection","primary","Stephan_etal_1970","brain_weight_mg","mass_measured","mass_fresh","Brain_Mass_measured"
"Cebus albifrons","Brain_Mass","g",73,"73000","mg","ISBN%3A0390672505_Tables1-6.tsv","Stephan","1970","Stephan_collection","primary","Stephan_etal_1970","brain_weight_mg","mass_measured","mass_fresh","Brain_Mass_measured"
"Cebus albifrons","Brain_Mass","g",80,"80000","mg","ISBN%3A0390672505_Tables1-6.tsv","Stephan","1970","Stephan_collection","primary","Stephan_etal_1970","brain_weight_mg","mass_measured","mass_fresh","Brain_Mass_measured"
"Saimiri sciureus","Brain_Mass","g",22,"22000","mg","ISBN%3A0390672505_Tables1-6.tsv","Stephan","1970","Stephan_collection","primary","Stephan_etal_1970","brain_weight_mg","mass_measured","mass_fresh","Brain_Mass_measured"
"Ateles geoffroyi","Brain_Mass","g",108,"108000","mg","ISBN%3A0390672505_Tables1-6.tsv","Stephan","1970","Stephan_collection","primary","Stephan_etal_1970","brain_weight_mg","mass_measured","mass_fresh","Brain_Mass_measured"
"Lagothrix lagothricha","Brain_Mass","g",101,"101000","mg","ISBN%3A0390672505_Tables1-6.tsv","Stephan","1970","Stephan_collection","primary","Stephan_etal_1970","brain_weight_mg","mass_measured","mass_fresh","Brain_Mass_measured"
"Macaca mulatta","Brain_Mass","g",93,"93000","mg","ISBN%3A0390672505_Tables1-6.tsv","Stephan","1970","Stephan_collection","primary","Stephan_etal_1970","brain_weight_mg","mass_measured","mass_fresh","Brain_Mass_measured"
"Lophocebus albigena","Brain_Mass","g",104,"104000","mg","ISBN%3A0390672505_Tables1-6.tsv","Stephan","1970","Stephan_collection","primary","Stephan_etal_1970","brain_weight_mg","mass_measured","mass_fresh","Brain_Mass_measured"
"Miopithecus talapoin","Brain_Mass","g",39,"39000","mg","ISBN%3A0390672505_Tables1-6.tsv","Stephan","1970","Stephan_collection","primary","Stephan_etal_1970","brain_weight_mg","mass_measured","mass_fresh","Brain_Mass_measured"
"Cercopithecus ascanius","Brain_Mass","g",65,"65000","mg","ISBN%3A0390672505_Tables1-6.tsv","Stephan","1970","Stephan_collection","primary","Stephan_etal_1970","brain_weight_mg","mass_measured","mass_fresh","Brain_Mass_measured"
"Cercopithecus mitis","Brain_Mass","g",76,"76000","mg","ISBN%3A0390672505_Tables1-6.tsv","Stephan","1970","Stephan_collection","primary","Stephan_etal_1970","brain_weight_mg","mass_measured","mass_fresh","Brain_Mass_measured"
"Piliocolobus badius","Brain_Mass","g",78,"78000","mg","ISBN%3A0390672505_Tables1-6.tsv","Stephan","1970","Stephan_collection","primary","Stephan_etal_1970","brain_weight_mg","mass_measured","mass_fresh","Brain_Mass_measured"
"Pan troglodytes","Brain_Mass","g",420,"420000","mg","ISBN%3A0390672505_Tables1-6.tsv","Stephan","1970","Stephan_collection","primary","Stephan_etal_1970","brain_weight_mg","mass_measured","mass_fresh","Brain_Mass_measured"
"Gorilla gorilla","Brain_Mass","g",465,"465000","mg","ISBN%3A0390672505_Tables1-6.tsv","Stephan","1970","Stephan_collection","primary","Stephan_etal_1970","brain_weight_mg","mass_measured","mass_fresh","Brain_Mass_measured"
"Homo sapiens","Brain_Mass","g",1330,"1330000","mg","ISBN%3A0390672505_Tables1-6.tsv","Stephan","1970","Stephan_collection","primary","Stephan_etal_1970","brain_weight_mg","mass_measured","mass_fresh","Brain_Mass_measured"
"Penthetor lucasi (PTN)","Brain_Mass","g",0.98,"980","mg","ISBN%3A9783764353704_Table51.tsv","Baron","1996","Baron","secondary","Baron_etal_1996","brain_weight_mg","mass_measured","mass_compilation_unspecified","Brain_Mass_measured"
"Lonchorhina aurita (PHN)","Brain_Mass","g",0.377,"377","mg","ISBN%3A9783764353704_Table51.tsv","Baron","1996","Baron","secondary","Baron_etal_1996","brain_weight_mg","mass_measured","mass_compilation_unspecified","Brain_Mass_measured"
"Ardops annectans (STE)","Brain_Mass","g",0.61,"610","mg","ISBN%3A9783764353704_Table51.tsv","Baron","1996","Baron","secondary","Baron_etal_1996","brain_weight_mg","mass_measured","mass_compilation_unspecified","Brain_Mass_measured"
"Ametrida centurio (STE)","Brain_Mass","g",0.29,"290","mg","ISBN%3A9783764353704_Table51.tsv","Baron","1996","Baron","secondary","Baron_etal_1996","brain_weight_mg","mass_measured","mass_compilation_unspecified","Brain_Mass_measured"
"Diaemus youngi (DES)","Brain_Mass","g",1.09,"1090","mg","ISBN%3A9783764353704_Table51.tsv","Baron","1996","Baron","secondary","Baron_etal_1996","brain_weight_mg","mass_measured","mass_compilation_unspecified","Brain_Mass_measured"
"Thyroptera tricolor (THY)","Brain_Mass","g",0.23,"230","mg","ISBN%3A9783764353704_Table51.tsv","Baron","1996","Baron","secondary","Baron_etal_1996","brain_weight_mg","mass_measured","mass_compilation_unspecified","Brain_Mass_measured"
"Gorilla gorilla","Brain_Mass","g",429.4,"429.4","g","NQ%3A61662_APPENDIXI.tsv","MacLeod","2000","MacLeod","secondary","MacLeod__2000","brain_weight_g","mass_measured","mass_unspecified","Brain_Mass_measured"
"Aotus sp.","Brain_Mass","g",16.35,"16.35","g","NQ%3A61662_APPENDIXI.tsv","MacLeod","2000","MacLeod","secondary","MacLeod__2000","brain_weight_g","mass_measured","mass_unspecified","Brain_Mass_measured"
"Homo sapiens","Brain_Mass","g",1590,"1590","g","OCLC%3A8777719_Table1.tsv","Brodmann","1913","Brodmann","primary","Brodmann__1913","BrainWeight.g","mass_measured","mass_unspecified","Brain_Mass_measured"
"Homo sapiens","Brain_Mass","g",1327,"1327","g","OCLC%3A8777719_Table1.tsv","Brodmann","1913","Brodmann","primary","Brodmann__1913","BrainWeight.g","mass_measured","mass_unspecified","Brain_Mass_measured"
"Pan troglodytes","Brain_Mass","g",295,"295","g","OCLC%3A8777719_Table1.tsv","Brodmann","1913","Brodmann","primary","Brodmann__1913","BrainWeight.g","mass_measured","mass_unspecified","Brain_Mass_measured"
"Hylobates sp.","Brain_Mass","g",118,"118","g","OCLC%3A8777719_Table1.tsv","Brodmann","1913","Brodmann","primary","Brodmann__1913","BrainWeight.g","mass_measured","mass_unspecified","Brain_Mass_measured"
"Mandrillus sphinx","Brain_Mass","g",158,"158","g","OCLC%3A8777719_Table1.tsv","Brodmann","1913","Brodmann","primary","Brodmann__1913","BrainWeight.g","mass_measured","mass_unspecified","Brain_Mass_measured"
"Cercopithecus sp.","Brain_Mass","g",106,"106","g","OCLC%3A8777719_Table1.tsv","Brodmann","1913","Brodmann","primary","Brodmann__1913","BrainWeight.g","mass_measured","mass_unspecified","Brain_Mass_measured"
"Callithrix sp.","Brain_Mass","g",7.5,"7.5","g","OCLC%3A8777719_Table1.tsv","Brodmann","1913","Brodmann","primary","Brodmann__1913","BrainWeight.g","mass_measured","mass_unspecified","Brain_Mass_measured"
"Eulemur macaco","Brain_Mass","g",28.3,"28.3","g","OCLC%3A8777719_Table1.tsv","Brodmann","1913","Brodmann","primary","Brodmann__1913","BrainWeight.g","mass_measured","mass_unspecified","Brain_Mass_measured"
"Cheirogaleus sp.","Brain_Mass","g",5.3,"5.3","g","OCLC%3A8777719_Table1.tsv","Brodmann","1913","Brodmann","primary","Brodmann__1913","BrainWeight.g","mass_measured","mass_unspecified","Brain_Mass_measured"
"Ursus sp.","Brain_Mass","g",350,"350","g","OCLC%3A8777719_Table1.tsv","Brodmann","1913","Brodmann","primary","Brodmann__1913","BrainWeight.g","mass_measured","mass_unspecified","Brain_Mass_measured"
"Panthera leo","Brain_Mass","g",259,"259","g","OCLC%3A8777719_Table1.tsv","Brodmann","1913","Brodmann","primary","Brodmann__1913","BrainWeight.g","mass_measured","mass_unspecified","Brain_Mass_measured"
"Canis lupus familiaris","Brain_Mass","g",63.5,"63.5","g","OCLC%3A8777719_Table1.tsv","Brodmann","1913","Brodmann","primary","Brodmann__1913","BrainWeight.g","mass_measured","mass_unspecified","Brain_Mass_measured"
"Felis catus","Brain_Mass","g",31,"31","g","OCLC%3A8777719_Table1.tsv","Brodmann","1913","Brodmann","primary","Brodmann__1913","BrainWeight.g","mass_measured","mass_unspecified","Brain_Mass_measured"
"Martes foina","Brain_Mass","g",27,"27","g","OCLC%3A8777719_Table1.tsv","Brodmann","1913","Brodmann","primary","Brodmann__1913","BrainWeight.g","mass_measured","mass_unspecified","Brain_Mass_measured"
"Mustela putorius","Brain_Mass","g",10.7,"10.7","g","OCLC%3A8777719_Table1.tsv","Brodmann","1913","Brodmann","primary","Brodmann__1913","BrainWeight.g","mass_measured","mass_unspecified","Brain_Mass_measured"
"Elephas sp.","Brain_Mass","g",4925,"4925","g","OCLC%3A8777719_Table1.tsv","Brodmann","1913","Brodmann","primary","Brodmann__1913","BrainWeight.g","mass_measured","mass_unspecified","Brain_Mass_measured"
"Equus caballus","Brain_Mass","g",590,"590","g","OCLC%3A8777719_Table1.tsv","Brodmann","1913","Brodmann","primary","Brodmann__1913","BrainWeight.g","mass_measured","mass_unspecified","Brain_Mass_measured"
"Bos taurus","Brain_Mass","g",540,"540","g","OCLC%3A8777719_Table1.tsv","Brodmann","1913","Brodmann","primary","Brodmann__1913","BrainWeight.g","mass_measured","mass_unspecified","Brain_Mass_measured"
"Ovis aries","Brain_Mass","g",118,"118","g","OCLC%3A8777719_Table1.tsv","Brodmann","1913","Brodmann","primary","Brodmann__1913","BrainWeight.g","mass_measured","mass_unspecified","Brain_Mass_measured"
"Sus scrofa","Brain_Mass","g",112,"112","g","OCLC%3A8777719_Table1.tsv","Brodmann","1913","Brodmann","primary","Brodmann__1913","BrainWeight.g","mass_measured","mass_unspecified","Brain_Mass_measured"
"Capra hircus","Brain_Mass","g",105,"105","g","OCLC%3A8777719_Table1.tsv","Brodmann","1913","Brodmann","primary","Brodmann__1913","BrainWeight.g","mass_measured","mass_unspecified","Brain_Mass_measured"
"Phocoena phocoena","Brain_Mass","g",455,"455","g","OCLC%3A8777719_Table1.tsv","Brodmann","1913","Brodmann","primary","Brodmann__1913","BrainWeight.g","mass_measured","mass_unspecified","Brain_Mass_measured"
"Phoca sp.","Brain_Mass","g",187,"187","g","OCLC%3A8777719_Table1.tsv","Brodmann","1913","Brodmann","primary","Brodmann__1913","BrainWeight.g","mass_measured","mass_unspecified","Brain_Mass_measured"
"Oryctolagus cuniculus","Brain_Mass","g",12,"12","g","OCLC%3A8777719_Table1.tsv","Brodmann","1913","Brodmann","primary","Brodmann__1913","BrainWeight.g","mass_measured","mass_unspecified","Brain_Mass_measured"
"Mus musculus","Brain_Mass","g",0.8,"0.8","g","OCLC%3A8777719_Table1.tsv","Brodmann","1913","Brodmann","primary","Brodmann__1913","BrainWeight.g","mass_measured","mass_unspecified","Brain_Mass_measured"
"Erinaceus europaeus","Brain_Mass","g",4,"4","g","OCLC%3A8777719_Table1.tsv","Brodmann","1913","Brodmann","primary","Brodmann__1913","BrainWeight.g","mass_measured","mass_unspecified","Brain_Mass_measured"
"Tenrec ecaudatus","Brain_Mass","g",2.6,"2.6","g","OCLC%3A8777719_Table1.tsv","Brodmann","1913","Brodmann","primary","Brodmann__1913","BrainWeight.g","mass_measured","mass_unspecified","Brain_Mass_measured"
"Talpa europaea","Brain_Mass","g",1.8,"1.8","g","OCLC%3A8777719_Table1.tsv","Brodmann","1913","Brodmann","primary","Brodmann__1913","BrainWeight.g","mass_measured","mass_unspecified","Brain_Mass_measured"
"Sorex sp.","Brain_Mass","g",0.25,"0.25","g","OCLC%3A8777719_Table1.tsv","Brodmann","1913","Brodmann","primary","Brodmann__1913","BrainWeight.g","mass_measured","mass_unspecified","Brain_Mass_measured"
"Dasypus sp.","Brain_Mass","g",19,"19","g","OCLC%3A8777719_Table1.tsv","Brodmann","1913","Brodmann","primary","Brodmann__1913","BrainWeight.g","mass_measured","mass_unspecified","Brain_Mass_measured"
"Sarcophilus harrisii","Brain_Mass","g",15.2,"15.2","g","OCLC%3A8777719_Table1.tsv","Brodmann","1913","Brodmann","primary","Brodmann__1913","BrainWeight.g","mass_measured","mass_unspecified","Brain_Mass_measured"
"Trichosurus vulpecula","Brain_Mass","g",12.5,"12.5","g","OCLC%3A8777719_Table1.tsv","Brodmann","1913","Brodmann","primary","Brodmann__1913","BrainWeight.g","mass_measured","mass_unspecified","Brain_Mass_measured"
"Didelphis sp.","Brain_Mass","g",5.3,"5.3","g","OCLC%3A8777719_Table1.tsv","Brodmann","1913","Brodmann","primary","Brodmann__1913","BrainWeight.g","mass_measured","mass_unspecified","Brain_Mass_measured"
"Zaglossus sp.","Brain_Mass","g",53,"53","g","OCLC%3A8777719_Table1.tsv","Brodmann","1913","Brodmann","primary","Brodmann__1913","BrainWeight.g","mass_measured","mass_unspecified","Brain_Mass_measured"
"Ornithorhynchus anatinus","Brain_Mass","g",8.5,"8.5","g","OCLC%3A8777719_Table1.tsv","Brodmann","1913","Brodmann","primary","Brodmann__1913","BrainWeight.g","mass_measured","mass_unspecified","Brain_Mass_measured"
"Alouatta seniculus","Brain_Mass","g",52,"52000","mg","PMID%3A9672110_Table1.tsv","Frahm","1998","Stephan_collection","secondary","Frahm_etal_1998","brain_weight_mg","mass_measured","mass_fresh","Brain_Mass_measured"
"Aotus trivirgatus","Brain_Mass","g",17.1,"17100","mg","PMID%3A9672110_Table1.tsv","Frahm","1998","Stephan_collection","secondary","Frahm_etal_1998","brain_weight_mg","mass_measured","mass_fresh","Brain_Mass_measured"
"Callicebus moloch","Brain_Mass","g",19,"19000","mg","PMID%3A9672110_Table1.tsv","Frahm","1998","Stephan_collection","secondary","Frahm_etal_1998","brain_weight_mg","mass_measured","mass_fresh","Brain_Mass_measured"
"Callimico goeldii","Brain_Mass","g",11,"11000","mg","PMID%3A9672110_Table1.tsv","Frahm","1998","Stephan_collection","secondary","Frahm_etal_1998","brain_weight_mg","mass_measured","mass_fresh","Brain_Mass_measured"
"Callithrix jacchus","Brain_Mass","g",7.6,"7600","mg","PMID%3A9672110_Table1.tsv","Frahm","1998","Stephan_collection","secondary","Frahm_etal_1998","brain_weight_mg","mass_measured","mass_fresh","Brain_Mass_measured"
"Callithrix pygmaea","Brain_Mass","g",4.15,"4150","mg","PMID%3A9672110_Table1.tsv","Frahm","1998","Stephan_collection","secondary","Frahm_etal_1998","brain_weight_mg","mass_measured","mass_fresh","Brain_Mass_measured"
"Cebus albifrons","Brain_Mass","g",71,"71000","mg","PMID%3A9672110_Table1.tsv","Frahm","1998","Stephan_collection","secondary","Frahm_etal_1998","brain_weight_mg","mass_measured","mass_fresh","Brain_Mass_measured"
"Cercopithecus ascanius","Brain_Mass","g",67,"67000","mg","PMID%3A9672110_Table1.tsv","Frahm","1998","Stephan_collection","secondary","Frahm_etal_1998","brain_weight_mg","mass_measured","mass_fresh","Brain_Mass_measured"
"Cercopithecus mitis","Brain_Mass","g",75,"75000","mg","PMID%3A9672110_Table1.tsv","Frahm","1998","Stephan_collection","secondary","Frahm_etal_1998","brain_weight_mg","mass_measured","mass_fresh","Brain_Mass_measured"
"Cheirogaleus major","Brain_Mass","g",6.8,"6800","mg","PMID%3A9672110_Table1.tsv","Frahm","1998","Stephan_collection","secondary","Frahm_etal_1998","brain_weight_mg","mass_measured","mass_fresh","Brain_Mass_measured"
"Erythrocebus patas","Brain_Mass","g",108,"108000","mg","PMID%3A9672110_Table1.tsv","Frahm","1998","Stephan_collection","secondary","Frahm_etal_1998","brain_weight_mg","mass_measured","mass_fresh","Brain_Mass_measured"
"Galago senegalensis","Brain_Mass","g",4.8,"4800","mg","PMID%3A9672110_Table1.tsv","Frahm","1998","Stephan_collection","secondary","Frahm_etal_1998","brain_weight_mg","mass_measured","mass_fresh","Brain_Mass_measured"
"Galagoides demidoff","Brain_Mass","g",3.38,"3380","mg","PMID%3A9672110_Table1.tsv","Frahm","1998","Stephan_collection","secondary","Frahm_etal_1998","brain_weight_mg","mass_measured","mass_fresh","Brain_Mass_measured"
"Indri indri","Brain_Mass","g",38.3,"38300","mg","PMID%3A9672110_Table1.tsv","Frahm","1998","Stephan_collection","secondary","Frahm_etal_1998","brain_weight_mg","mass_measured","mass_fresh","Brain_Mass_measured"
"Lophocebus albigena","Brain_Mass","g",104,"104000","mg","PMID%3A9672110_Table1.tsv","Frahm","1998","Stephan_collection","secondary","Frahm_etal_1998","brain_weight_mg","mass_measured","mass_fresh","Brain_Mass_measured"
"Loris tardigradus","Brain_Mass","g",6.6,"6600","mg","PMID%3A9672110_Table1.tsv","Frahm","1998","Stephan_collection","secondary","Frahm_etal_1998","brain_weight_mg","mass_measured","mass_fresh","Brain_Mass_measured"
"Macaca mulatta","Brain_Mass","g",93,"93000","mg","PMID%3A9672110_Table1.tsv","Frahm","1998","Stephan_collection","secondary","Frahm_etal_1998","brain_weight_mg","mass_measured","mass_fresh","Brain_Mass_measured"
"Microcebus murinus","Brain_Mass","g",1.78,"1780","mg","PMID%3A9672110_Table1.tsv","Frahm","1998","Stephan_collection","secondary","Frahm_etal_1998","brain_weight_mg","mass_measured","mass_fresh","Brain_Mass_measured"
"Miopithecus talapoin","Brain_Mass","g",40,"40000","mg","PMID%3A9672110_Table1.tsv","Frahm","1998","Stephan_collection","secondary","Frahm_etal_1998","brain_weight_mg","mass_measured","mass_fresh","Brain_Mass_measured"
"Nasalis larvatus","Brain_Mass","g",97,"97000","mg","PMID%3A9672110_Table1.tsv","Frahm","1998","Stephan_collection","secondary","Frahm_etal_1998","brain_weight_mg","mass_measured","mass_fresh","Brain_Mass_measured"
"Otolemur crassicaudatus","Brain_Mass","g",10.3,"10300","mg","PMID%3A9672110_Table1.tsv","Frahm","1998","Stephan_collection","secondary","Frahm_etal_1998","brain_weight_mg","mass_measured","mass_fresh","Brain_Mass_measured"
"Pan troglodytes","Brain_Mass","g",405,"405000","mg","PMID%3A9672110_Table1.tsv","Frahm","1998","Stephan_collection","secondary","Frahm_etal_1998","brain_weight_mg","mass_measured","mass_fresh","Brain_Mass_measured"
"Papio anubis","Brain_Mass","g",201,"201000","mg","PMID%3A9672110_Table1.tsv","Frahm","1998","Stephan_collection","secondary","Frahm_etal_1998","brain_weight_mg","mass_measured","mass_fresh","Brain_Mass_measured"
"Pithecia monachus","Brain_Mass","g",35,"35000","mg","PMID%3A9672110_Table1.tsv","Frahm","1998","Stephan_collection","secondary","Frahm_etal_1998","brain_weight_mg","mass_measured","mass_fresh","Brain_Mass_measured"
"Saguinus midas","Brain_Mass","g",10.3,"10300","mg","PMID%3A9672110_Table1.tsv","Frahm","1998","Stephan_collection","secondary","Frahm_etal_1998","brain_weight_mg","mass_measured","mass_fresh","Brain_Mass_measured"
"Saguinus oedipus","Brain_Mass","g",10,"10000","mg","PMID%3A9672110_Table1.tsv","Frahm","1998","Stephan_collection","secondary","Frahm_etal_1998","brain_weight_mg","mass_measured","mass_fresh","Brain_Mass_measured"
"Tarsius sp.","Brain_Mass","g",3.6,"3600","mg","PMID%3A9672110_Table1.tsv","Frahm","1998","Stephan_collection","secondary","Frahm_etal_1998","brain_weight_mg","mass_measured","mass_fresh","Brain_Mass_measured"
"C. atys","Brain_Mass","g",99.7,"99700","mg","UMI%3A3017523_TableA-15.tsv","Weaver","2001","Weaver","primary","Weaver__2001","Brain_Mass.mg","mass_from_volume_or_ecv","mass_from_volume_or_ecv","Brain_Mass_from_volume_or_ecv"
"C. apella","Brain_Mass","g",66.5,"66500","mg","UMI%3A3017523_TableA-15.tsv","Weaver","2001","Weaver","primary","Weaver__2001","Brain_Mass.mg","mass_from_volume_or_ecv","mass_from_volume_or_ecv","Brain_Mass_from_volume_or_ecv"
"S. sciureus","Brain_Mass","g",23.1,"23100","mg","UMI%3A3017523_TableA-15.tsv","Weaver","2001","Weaver","primary","Weaver__2001","Brain_Mass.mg","mass_from_volume_or_ecv","mass_from_volume_or_ecv","Brain_Mass_from_volume_or_ecv"
"P. cynoceph","Brain_Mass","g",143.3,"143300","mg","UMI%3A3017523_TableA-15.tsv","Weaver","2001","Weaver","primary","Weaver__2001","Brain_Mass.mg","mass_from_volume_or_ecv","mass_from_volume_or_ecv","Brain_Mass_from_volume_or_ecv"
"Macaca mulatta","Brain_Mass","g",79.1,"79100","mg","UMI%3A3017523_TableA-15.tsv","Weaver","2001","Weaver","primary","Weaver__2001","Brain_Mass.mg","mass_from_volume_or_ecv","mass_from_volume_or_ecv","Brain_Mass_from_volume_or_ecv"
"Hylobates","Brain_Mass","g",74.1,"74100","mg","UMI%3A3017523_TableA-15.tsv","Weaver","2001","Weaver","primary","Weaver__2001","Brain_Mass.mg","mass_from_volume_or_ecv","mass_from_volume_or_ecv","Brain_Mass_from_volume_or_ecv"
"Pongo","Brain_Mass","g",433.13,"433130","mg","UMI%3A3017523_TableA-15.tsv","Weaver","2001","Weaver","primary","Weaver__2001","Brain_Mass.mg","mass_from_volume_or_ecv","mass_from_volume_or_ecv","Brain_Mass_from_volume_or_ecv"
"Gorilla gorilla","Brain_Mass","g",313.14,"313140","mg","UMI%3A3017523_TableA-15.tsv","Weaver","2001","Weaver","primary","Weaver__2001","Brain_Mass.mg","mass_from_volume_or_ecv","mass_from_volume_or_ecv","Brain_Mass_from_volume_or_ecv"
"Pan paniscus","Brain_Mass","g",332.42,"332420","mg","UMI%3A3017523_TableA-15.tsv","Weaver","2001","Weaver","primary","Weaver__2001","Brain_Mass.mg","mass_from_volume_or_ecv","mass_from_volume_or_ecv","Brain_Mass_from_volume_or_ecv"
"Chimp I","Brain_Mass","g",345.95,"345950","mg","UMI%3A3017523_TableA-15.tsv","Weaver","2001","Weaver","primary","Weaver__2001","Brain_Mass.mg","mass_from_volume_or_ecv","mass_from_volume_or_ecv","Brain_Mass_from_volume_or_ecv"
"STS 19","Brain_Mass","g",450.59,"450590","mg","UMI%3A3017523_TableA-15.tsv","Weaver","2001","Weaver","primary","Weaver__2001","Brain_Mass.mg","mass_from_volume_or_ecv","mass_from_volume_or_ecv","Brain_Mass_from_volume_or_ecv"
"KNM-ER 23000","Brain_Mass","g",466.76,"466760","mg","UMI%3A3017523_TableA-15.tsv","Weaver","2001","Weaver","primary","Weaver__2001","Brain_Mass.mg","mass_from_volume_or_ecv","mass_from_volume_or_ecv","Brain_Mass_from_volume_or_ecv"
"KNM-ER 1813","Brain_Mass","g",495.28,"495280","mg","UMI%3A3017523_TableA-15.tsv","Weaver","2001","Weaver","primary","Weaver__2001","Brain_Mass.mg","mass_from_volume_or_ecv","mass_from_volume_or_ecv","Brain_Mass_from_volume_or_ecv"
"KNM-ER 1805","Brain_Mass","g",546.07,"546070","mg","UMI%3A3017523_TableA-15.tsv","Weaver","2001","Weaver","primary","Weaver__2001","Brain_Mass.mg","mass_from_volume_or_ecv","mass_from_volume_or_ecv","Brain_Mass_from_volume_or_ecv"
"KNM-ER 1470","Brain_Mass","g",710.95,"710950","mg","UMI%3A3017523_TableA-15.tsv","Weaver","2001","Weaver","primary","Weaver__2001","Brain_Mass.mg","mass_from_volume_or_ecv","mass_from_volume_or_ecv","Brain_Mass_from_volume_or_ecv"
"Zh Loc E /III","Brain_Mass","g",859.54,"859540","mg","UMI%3A3017523_TableA-15.tsv","Weaver","2001","Weaver","primary","Weaver__2001","Brain_Mass.mg","mass_from_volume_or_ecv","mass_from_volume_or_ecv","Brain_Mass_from_volume_or_ecv"
"KNM-WT 15000","Brain_Mass","g",823.52,"823520","mg","UMI%3A3017523_TableA-15.tsv","Weaver","2001","Weaver","primary","Weaver__2001","Brain_Mass.mg","mass_from_volume_or_ecv","mass_from_volume_or_ecv","Brain_Mass_from_volume_or_ecv"
"Pith VIII /Sangiran 17","Brain_Mass","g",949.01,"949010","mg","UMI%3A3017523_TableA-15.tsv","Weaver","2001","Weaver","primary","Weaver__2001","Brain_Mass.mg","mass_from_volume_or_ecv","mass_from_volume_or_ecv","Brain_Mass_from_volume_or_ecv"
"KNM-ER 3733","Brain_Mass","g",765.1,"765100","mg","UMI%3A3017523_TableA-15.tsv","Weaver","2001","Weaver","primary","Weaver__2001","Brain_Mass.mg","mass_from_volume_or_ecv","mass_from_volume_or_ecv","Brain_Mass_from_volume_or_ecv"
"KNM-ER 3883","Brain_Mass","g",722.47,"722470","mg","UMI%3A3017523_TableA-15.tsv","Weaver","2001","Weaver","primary","Weaver__2001","Brain_Mass.mg","mass_from_volume_or_ecv","mass_from_volume_or_ecv","Brain_Mass_from_volume_or_ecv"
"Trinil 2/Pith I","Brain_Mass","g",928.2,"928200","mg","UMI%3A3017523_TableA-15.tsv","Weaver","2001","Weaver","primary","Weaver__2001","Brain_Mass.mg","mass_from_volume_or_ecv","mass_from_volume_or_ecv","Brain_Mass_from_volume_or_ecv"
"Zhoukoudian Locus LI","Brain_Mass","g",1162.65,"1162650","mg","UMI%3A3017523_TableA-15.tsv","Weaver","2001","Weaver","primary","Weaver__2001","Brain_Mass.mg","mass_from_volume_or_ecv","mass_from_volume_or_ecv","Brain_Mass_from_volume_or_ecv"
"Broken Hill/Kabwe","Brain_Mass","g",1205.39,"1205390","mg","UMI%3A3017523_TableA-15.tsv","Weaver","2001","Weaver","primary","Weaver__2001","Brain_Mass.mg","mass_from_volume_or_ecv","mass_from_volume_or_ecv","Brain_Mass_from_volume_or_ecv"
"Swanscombe","Brain_Mass","g",1184.63,"1184630","mg","UMI%3A3017523_TableA-15.tsv","Weaver","2001","Weaver","primary","Weaver__2001","Brain_Mass.mg","mass_from_volume_or_ecv","mass_from_volume_or_ecv","Brain_Mass_from_volume_or_ecv"
"La Chapelle I","Brain_Mass","g",1516.76,"1516760","mg","UMI%3A3017523_TableA-15.tsv","Weaver","2001","Weaver","primary","Weaver__2001","Brain_Mass.mg","mass_from_volume_or_ecv","mass_from_volume_or_ecv","Brain_Mass_from_volume_or_ecv"
"La Ferrassie I","Brain_Mass","g",1575.83,"1575830","mg","UMI%3A3017523_TableA-15.tsv","Weaver","2001","Weaver","primary","Weaver__2001","Brain_Mass.mg","mass_from_volume_or_ecv","mass_from_volume_or_ecv","Brain_Mass_from_volume_or_ecv"
"Gibraltar/Forbes Quarry","Brain_Mass","g",1185.58,"1185580","mg","UMI%3A3017523_TableA-15.tsv","Weaver","2001","Weaver","primary","Weaver__2001","Brain_Mass.mg","mass_from_volume_or_ecv","mass_from_volume_or_ecv","Brain_Mass_from_volume_or_ecv"
"Cro-Magnon","Brain_Mass","g",1477.34,"1477340","mg","UMI%3A3017523_TableA-15.tsv","Weaver","2001","Weaver","primary","Weaver__2001","Brain_Mass.mg","mass_from_volume_or_ecv","mass_from_volume_or_ecv","Brain_Mass_from_volume_or_ecv"
"Homo sapiens (MRI)","Brain_Mass","g",1302,"1302000","mg","UMI%3A3017523_TableA-15.tsv","Weaver","2001","Weaver","primary","Weaver__2001","Brain_Mass.mg","mass_from_volume_or_ecv","mass_from_volume_or_ecv","Brain_Mass_from_volume_or_ecv"
