severity,kind,repo,path,line,found,canonical,in_scope,note
P2,code_string,PUB,Armstrong__1979/Armstrong__1979_Tables1-9.R,52,Armstrong_1979,Armstrong__1979,yes,"primary_codes <- unique(snap$specimen_code[snap$source_group == ""Armstrong_1979""])"
P2,code_string,PUB,Armstrong__1979/Armstrong__1979_Tables1-9.R,84,Armstrong_1979,Armstrong__1979,yes,"filter(table == ""Table1"", source_group == ""Armstrong_1979"", structure == ""LGB"") %>%"
P2,code_string,PUB,Armstrong__1979/Armstrong__1979_Tables1-9.R,107,Armstrong_1979,Armstrong__1979,yes,"snap %>% filter(table == ""Table1"", source_group == ""Armstrong_1979"") %>%"
P2,data_value,PUB,Armstrong__1979/Armstrong__1979_Tables1-9.csv,2,Armstrong_1979,Armstrong__1979,yes,"Table1,Armstrong_1979,primary,Hylo.-s,Hylobates_unknown_1,Hylobates sp.,Hylobates sp.,unknown,unknown,NA,NA,Thomas Jefferson Medical College"
P2,data_value,PUB,Armstrong__1979/Armstrong__1979_Tables1-9.csv,3,Armstrong_1979,Armstrong__1979,yes,"Table1,Armstrong_1979,primary,Hylo.-s,Hylobates_unknown_1,Hylobates sp.,Hylobates sp.,unknown,unknown,NA,NA,Thomas Jefferson Medical College"
P2,data_value,PUB,Armstrong__1979/Armstrong__1979_Tables1-9.csv,4,Armstrong_1979,Armstrong__1979,yes,"Table1,Armstrong_1979,primary,Hylo.-s,Hylobates_unknown_1,Hylobates sp.,Hylobates sp.,unknown,unknown,NA,NA,Thomas Jefferson Medical College"
P2,data_value,PUB,Armstrong__1979/Armstrong__1979_Tables1-9.csv,5,Armstrong_1979,Armstrong__1979,yes,"Table1,Armstrong_1979,primary,Hylo.-h,Hylobates_unknown_1,Hylobates sp.,Hylobates sp.,unknown,unknown,NA,NA,Thomas Jefferson Medical College"
P2,data_value,PUB,Armstrong__1979/Armstrong__1979_Tables1-9.csv,6,Armstrong_1979,Armstrong__1979,yes,"Table1,Armstrong_1979,primary,Hylo.-h,Hylobates_unknown_1,Hylobates sp.,Hylobates sp.,unknown,unknown,NA,NA,Thomas Jefferson Medical College"
P2,data_value,PUB,Armstrong__1979/Armstrong__1979_Tables1-9.csv,7,Armstrong_1979,Armstrong__1979,yes,"Table1,Armstrong_1979,primary,Hylo.-h,Hylobates_unknown_1,Hylobates sp.,Hylobates sp.,unknown,unknown,NA,NA,Thomas Jefferson Medical College"
P2,data_value,PUB,Armstrong__1979/Armstrong__1979_Tables1-9.csv,8,Armstrong_1979,Armstrong__1979,yes,"Table1,Armstrong_1979,primary,H. lar-t,Hylobates_lar_1,Hylobates lar,Hylobates lar,male,unknown,5.93,101.9,Max Planck Institute Frankfurt,tr"
P2,data_value,PUB,Armstrong__1979/Armstrong__1979_Tables1-9.csv,9,Armstrong_1979,Armstrong__1979,yes,"Table1,Armstrong_1979,primary,H. lar-t,Hylobates_lar_1,Hylobates lar,Hylobates lar,male,unknown,5.93,101.9,Max Planck Institute Frankfurt,tr"
P2,data_value,PUB,Armstrong__1979/Armstrong__1979_Tables1-9.csv,10,Armstrong_1979,Armstrong__1979,yes,"Table1,Armstrong_1979,primary,H. lar-t,Hylobates_lar_1,Hylobates lar,Hylobates lar,male,unknown,5.93,101.9,Max Planck Institute Frankfurt,tr"
P2,data_value,PUB,Armstrong__1979/Armstrong__1979_Tables1-9.csv,11,Armstrong_1979,Armstrong__1979,yes,"Table1,Armstrong_1979,primary,Gorilla g.,Gorilla_1,Gorilla gorilla,Gorilla gorilla,male,14,203,540,Columbia University / Bronx Zoo,coronal,L"
P2,data_value,PUB,Armstrong__1979/Armstrong__1979_Tables1-9.csv,12,Armstrong_1979,Armstrong__1979,yes,"Table1,Armstrong_1979,primary,Gorilla g.,Gorilla_1,Gorilla gorilla,Gorilla gorilla,male,14,203,540,Columbia University / Bronx Zoo,coronal,M"
P2,data_value,PUB,Armstrong__1979/Armstrong__1979_Tables1-9.csv,13,Armstrong_1979,Armstrong__1979,yes,"Table1,Armstrong_1979,primary,Gorilla g.,Gorilla_1,Gorilla gorilla,Gorilla gorilla,male,14,203,540,Columbia University / Bronx Zoo,coronal,V"
P2,data_value,PUB,Armstrong__1979/Armstrong__1979_Tables1-9.csv,14,Armstrong_1979,Armstrong__1979,yes,"Table1,Armstrong_1979,primary,Pan t.,Pan_1,Pan troglodytes,Pan troglodytes,male,10-12,63.5,405.5,University of Wisconsin comparative brain c"
P2,data_value,PUB,Armstrong__1979/Armstrong__1979_Tables1-9.csv,15,Armstrong_1979,Armstrong__1979,yes,"Table1,Armstrong_1979,primary,Pan t.,Pan_1,Pan troglodytes,Pan troglodytes,male,10-12,63.5,405.5,University of Wisconsin comparative brain c"
P2,data_value,PUB,Armstrong__1979/Armstrong__1979_Tables1-9.csv,16,Armstrong_1979,Armstrong__1979,yes,"Table1,Armstrong_1979,primary,Pan t.,Pan_1,Pan troglodytes,Pan troglodytes,male,10-12,63.5,405.5,University of Wisconsin comparative brain c"
P2,data_value,PUB,Armstrong__1979/Armstrong__1979_Tables1-9.csv,17,Armstrong_1979,Armstrong__1979,yes,"Table1,Armstrong_1979,primary,Homo s.-s,Homo_volume_1,Homo sapiens,Homo sapiens,male,28,NA,1890,Yakovlev Collection,sagittal,LGB,volume,mm3,"
P2,data_value,PUB,Armstrong__1979/Armstrong__1979_Tables1-9.csv,18,Armstrong_1979,Armstrong__1979,yes,"Table1,Armstrong_1979,primary,Homo s.-s,Homo_volume_1,Homo sapiens,Homo sapiens,male,28,NA,1890,Yakovlev Collection,sagittal,MGBp,volume,mm3"
P2,data_value,PUB,Armstrong__1979/Armstrong__1979_Tables1-9.csv,19,Armstrong_1979,Armstrong__1979,yes,"Table1,Armstrong_1979,primary,Homo s.-s,Homo_volume_1,Homo sapiens,Homo sapiens,male,28,NA,1890,Yakovlev Collection,sagittal,VB,volume,mm3,3"
P2,data_value,PUB,Armstrong__1979/Armstrong__1979_Tables1-9.csv,20,Armstrong_1979,Armstrong__1979,yes,"Table1,Armstrong_1979,primary,Homo s.-t,Homo_volume_2,Homo sapiens,Homo sapiens,female,32,NA,1200,Yakovlev Collection,transverse,LGB,volume,"
P2,data_value,PUB,Armstrong__1979/Armstrong__1979_Tables1-9.csv,21,Armstrong_1979,Armstrong__1979,yes,"Table1,Armstrong_1979,primary,Homo s.-t,Homo_volume_2,Homo sapiens,Homo sapiens,female,32,NA,1200,Yakovlev Collection,transverse,MGBp,volume"
P2,data_value,PUB,Armstrong__1979/Armstrong__1979_Tables1-9.csv,22,Armstrong_1979,Armstrong__1979,yes,"Table1,Armstrong_1979,primary,Homo s.-t,Homo_volume_2,Homo sapiens,Homo sapiens,female,32,NA,1200,Yakovlev Collection,transverse,VB,volume,m"
P2,data_value,PUB,Armstrong__1979/Armstrong__1979_Tables1-9.csv,34,Armstrong_1979,Armstrong__1979,yes,"Table2,Armstrong_1979,primary,Hylo.-s,Hylobates_unknown_1,Hylobates sp.,Hylobates sp.,unknown,unknown,NA,NA,Thomas Jefferson Medical College"
P2,data_value,PUB,Armstrong__1979/Armstrong__1979_Tables1-9.csv,35,Armstrong_1979,Armstrong__1979,yes,"Table2,Armstrong_1979,primary,Hylo.-h,Hylobates_unknown_1,Hylobates sp.,Hylobates sp.,unknown,unknown,NA,NA,Thomas Jefferson Medical College"
P2,data_value,PUB,Armstrong__1979/Armstrong__1979_Tables1-9.csv,36,Armstrong_1979,Armstrong__1979,yes,"Table2,Armstrong_1979,primary,H. lar-t,Hylobates_lar_1,Hylobates lar,Hylobates lar,male,unknown,5.93,101.9,Max Planck Institute Frankfurt,tr"
P2,data_value,PUB,Armstrong__1979/Armstrong__1979_Tables1-9.csv,37,Armstrong_1979,Armstrong__1979,yes,"Table2,Armstrong_1979,primary,Gorilla g.,Gorilla_1,Gorilla gorilla,Gorilla gorilla,male,14,203,540,Columbia University / Bronx Zoo,coronal,M"
P2,data_value,PUB,Armstrong__1979/Armstrong__1979_Tables1-9.csv,38,Armstrong_1979,Armstrong__1979,yes,"Table2,Armstrong_1979,primary,Pan t.,Pan_1,Pan troglodytes,Pan troglodytes,male,10-12,63.5,405.5,University of Wisconsin comparative brain c"
P2,data_value,PUB,Armstrong__1979/Armstrong__1979_Tables1-9.csv,39,Armstrong_1979,Armstrong__1979,yes,"Table2,Armstrong_1979,primary,Homo s.-c,Homo_cell_1,Homo sapiens,Homo sapiens,male,19,113,1500,not stated,coronal,MGBp,neuronal_density,neur"
P2,data_value,PUB,Armstrong__1979/Armstrong__1979_Tables1-9.csv,40,Armstrong_1979,Armstrong__1979,yes,"Table3,Armstrong_1979,primary,Hylo.-s,Hylobates_unknown_1,Hylobates sp.,Hylobates sp.,unknown,unknown,NA,NA,Thomas Jefferson Medical College"
P2,data_value,PUB,Armstrong__1979/Armstrong__1979_Tables1-9.csv,41,Armstrong_1979,Armstrong__1979,yes,"Table3,Armstrong_1979,primary,Hylo.-h,Hylobates_unknown_1,Hylobates sp.,Hylobates sp.,unknown,unknown,NA,NA,Thomas Jefferson Medical College"
P2,data_value,PUB,Armstrong__1979/Armstrong__1979_Tables1-9.csv,42,Armstrong_1979,Armstrong__1979,yes,"Table3,Armstrong_1979,primary,Gorilla g.,Gorilla_1,Gorilla gorilla,Gorilla gorilla,male,14,203,540,Columbia University / Bronx Zoo,coronal,L"
P2,data_value,PUB,Armstrong__1979/Armstrong__1979_Tables1-9.csv,43,Armstrong_1979,Armstrong__1979,yes,"Table3,Armstrong_1979,primary,Pan t.,Pan_1,Pan troglodytes,Pan troglodytes,male,10-12,63.5,405.5,University of Wisconsin comparative brain c"
P2,data_value,PUB,Armstrong__1979/Armstrong__1979_Tables1-9.csv,44,Armstrong_1979,Armstrong__1979,yes,"Table3,Armstrong_1979,primary,Homo s.-c,Homo_cell_1,Homo sapiens,Homo sapiens,male,19,113,1500,not stated,coronal,LGBp,neuronal_density,neur"
P2,data_value,PUB,Armstrong__1979/Armstrong__1979_Tables1-9.csv,45,Armstrong_1979,Armstrong__1979,yes,"Table3,Armstrong_1979,primary,Hylo.-s,Hylobates_unknown_1,Hylobates sp.,Hylobates sp.,unknown,unknown,NA,NA,Thomas Jefferson Medical College"
P2,data_value,PUB,Armstrong__1979/Armstrong__1979_Tables1-9.csv,46,Armstrong_1979,Armstrong__1979,yes,"Table3,Armstrong_1979,primary,Hylo.-h,Hylobates_unknown_1,Hylobates sp.,Hylobates sp.,unknown,unknown,NA,NA,Thomas Jefferson Medical College"
P2,data_value,PUB,Armstrong__1979/Armstrong__1979_Tables1-9.csv,47,Armstrong_1979,Armstrong__1979,yes,"Table3,Armstrong_1979,primary,Gorilla g.,Gorilla_1,Gorilla gorilla,Gorilla gorilla,male,14,203,540,Columbia University / Bronx Zoo,coronal,L"
P2,data_value,PUB,Armstrong__1979/Armstrong__1979_Tables1-9.csv,48,Armstrong_1979,Armstrong__1979,yes,"Table3,Armstrong_1979,primary,Pan t.,Pan_1,Pan troglodytes,Pan troglodytes,male,10-12,63.5,405.5,University of Wisconsin comparative brain c"
P2,data_value,PUB,Armstrong__1979/Armstrong__1979_Tables1-9.csv,49,Armstrong_1979,Armstrong__1979,yes,"Table3,Armstrong_1979,primary,Homo s.-c,Homo_cell_1,Homo sapiens,Homo sapiens,male,19,113,1500,not stated,coronal,LGBm,neuronal_density,neur"
P2,data_value,PUB,Armstrong__1979/Armstrong__1979_Tables1-9.csv,50,Armstrong_1979,Armstrong__1979,yes,"Table4,Armstrong_1979,primary,Hylo.-s,Hylobates_unknown_1,Hylobates sp.,Hylobates sp.,unknown,unknown,NA,NA,Thomas Jefferson Medical College"
P2,data_value,PUB,Armstrong__1979/Armstrong__1979_Tables1-9.csv,51,Armstrong_1979,Armstrong__1979,yes,"Table4,Armstrong_1979,primary,Hylo.-h,Hylobates_unknown_1,Hylobates sp.,Hylobates sp.,unknown,unknown,NA,NA,Thomas Jefferson Medical College"
P2,data_value,PUB,Armstrong__1979/Armstrong__1979_Tables1-9.csv,52,Armstrong_1979,Armstrong__1979,yes,"Table4,Armstrong_1979,primary,H. lar-t,Hylobates_lar_1,Hylobates lar,Hylobates lar,male,unknown,5.93,101.9,Max Planck Institute Frankfurt,tr"
P2,data_value,PUB,Armstrong__1979/Armstrong__1979_Tables1-9.csv,53,Armstrong_1979,Armstrong__1979,yes,"Table4,Armstrong_1979,primary,Gorilla g.,Gorilla_1,Gorilla gorilla,Gorilla gorilla,male,14,203,540,Columbia University / Bronx Zoo,coronal,V"
P2,data_value,PUB,Armstrong__1979/Armstrong__1979_Tables1-9.csv,54,Armstrong_1979,Armstrong__1979,yes,"Table4,Armstrong_1979,primary,Pan t.,Pan_1,Pan troglodytes,Pan troglodytes,male,10-12,63.5,405.5,University of Wisconsin comparative brain c"
P2,data_value,PUB,Armstrong__1979/Armstrong__1979_Tables1-9.csv,55,Armstrong_1979,Armstrong__1979,yes,"Table4,Armstrong_1979,primary,Homo s.-c,Homo_cell_1,Homo sapiens,Homo sapiens,male,19,113,1500,not stated,coronal,VB,neuronal_density,neuron"
P2,data_value,PUB,Armstrong__1979/Armstrong__1979_Tables1-9.csv,56,Armstrong_1979,Armstrong__1979,yes,"Table5,Armstrong_1979,primary,Hylo.-s,Hylobates_unknown_1,Hylobates sp.,Hylobates sp.,unknown,unknown,NA,NA,Thomas Jefferson Medical College"
P2,data_value,PUB,Armstrong__1979/Armstrong__1979_Tables1-9.csv,57,Armstrong_1979,Armstrong__1979,yes,"Table5,Armstrong_1979,primary,Hylo.-s,Hylobates_unknown_1,Hylobates sp.,Hylobates sp.,unknown,unknown,NA,NA,Thomas Jefferson Medical College"
P2,data_value,PUB,Armstrong__1979/Armstrong__1979_Tables1-9.csv,58,Armstrong_1979,Armstrong__1979,yes,"Table5,Armstrong_1979,primary,Hylo.-h,Hylobates_unknown_1,Hylobates sp.,Hylobates sp.,unknown,unknown,NA,NA,Thomas Jefferson Medical College"
P2,data_value,PUB,Armstrong__1979/Armstrong__1979_Tables1-9.csv,59,Armstrong_1979,Armstrong__1979,yes,"Table5,Armstrong_1979,primary,Hylo.-h,Hylobates_unknown_1,Hylobates sp.,Hylobates sp.,unknown,unknown,NA,NA,Thomas Jefferson Medical College"
P2,data_value,PUB,Armstrong__1979/Armstrong__1979_Tables1-9.csv,60,Armstrong_1979,Armstrong__1979,yes,"Table5,Armstrong_1979,primary,H. lar-t,Hylobates_lar_1,Hylobates lar,Hylobates lar,male,unknown,5.93,101.9,Max Planck Institute Frankfurt,tr"
P2,data_value,PUB,Armstrong__1979/Armstrong__1979_Tables1-9.csv,61,Armstrong_1979,Armstrong__1979,yes,"Table5,Armstrong_1979,primary,H. lar-t,Hylobates_lar_1,Hylobates lar,Hylobates lar,male,unknown,5.93,101.9,Max Planck Institute Frankfurt,tr"
P2,data_value,PUB,Armstrong__1979/Armstrong__1979_Tables1-9.csv,62,Armstrong_1979,Armstrong__1979,yes,"Table5,Armstrong_1979,primary,Gorilla g.,Gorilla_1,Gorilla gorilla,Gorilla gorilla,male,14,203,540,Columbia University / Bronx Zoo,coronal,L"
P2,data_value,PUB,Armstrong__1979/Armstrong__1979_Tables1-9.csv,63,Armstrong_1979,Armstrong__1979,yes,"Table5,Armstrong_1979,primary,Gorilla g.,Gorilla_1,Gorilla gorilla,Gorilla gorilla,male,14,203,540,Columbia University / Bronx Zoo,coronal,L"
P2,data_value,PUB,Armstrong__1979/Armstrong__1979_Tables1-9.csv,64,Armstrong_1979,Armstrong__1979,yes,"Table5,Armstrong_1979,primary,Pan t.,Pan_1,Pan troglodytes,Pan troglodytes,male,10-12,63.5,405.5,University of Wisconsin comparative brain c"
P2,data_value,PUB,Armstrong__1979/Armstrong__1979_Tables1-9.csv,65,Armstrong_1979,Armstrong__1979,yes,"Table5,Armstrong_1979,primary,Pan t.,Pan_1,Pan troglodytes,Pan troglodytes,male,10-12,63.5,405.5,University of Wisconsin comparative brain c"
P2,data_value,PUB,Armstrong__1979/Armstrong__1979_Tables1-9.csv,66,Armstrong_1979,Armstrong__1979,yes,"Table5,Armstrong_1979,primary,Homo s.-s,Homo_volume_1,Homo sapiens,Homo sapiens,male,28,NA,1890,Yakovlev Collection,sagittal,LGBp,volume,mm3"
P2,data_value,PUB,Armstrong__1979/Armstrong__1979_Tables1-9.csv,67,Armstrong_1979,Armstrong__1979,yes,"Table5,Armstrong_1979,primary,Homo s.-s,Homo_volume_1,Homo sapiens,Homo sapiens,male,28,NA,1890,Yakovlev Collection,sagittal,LGBm,volume,mm3"
P2,data_value,PUB,Armstrong__1979/Armstrong__1979_Tables1-9.csv,68,Armstrong_1979,Armstrong__1979,yes,"Table5,Armstrong_1979,primary,Homo s.-t,Homo_volume_2,Homo sapiens,Homo sapiens,female,32,NA,1200,Yakovlev Collection,transverse,LGBp,volume"
P2,data_value,PUB,Armstrong__1979/Armstrong__1979_Tables1-9.csv,69,Armstrong_1979,Armstrong__1979,yes,"Table5,Armstrong_1979,primary,Homo s.-t,Homo_volume_2,Homo sapiens,Homo sapiens,female,32,NA,1200,Yakovlev Collection,transverse,LGBm,volume"
P2,data_value,PUB,Armstrong__1979/Armstrong__1979_Tables1-9.csv,70,Armstrong_1979,Armstrong__1979,yes,"Table6,Armstrong_1979,primary,Hylo.-s,Hylobates_unknown_1,Hylobates sp.,Hylobates sp.,unknown,unknown,NA,NA,Thomas Jefferson Medical College"
P2,data_value,PUB,Armstrong__1979/Armstrong__1979_Tables1-9.csv,71,Armstrong_1979,Armstrong__1979,yes,"Table6,Armstrong_1979,primary,Hylo.-s,Hylobates_unknown_1,Hylobates sp.,Hylobates sp.,unknown,unknown,NA,NA,Thomas Jefferson Medical College"
P2,data_value,PUB,Armstrong__1979/Armstrong__1979_Tables1-9.csv,72,Armstrong_1979,Armstrong__1979,yes,"Table6,Armstrong_1979,primary,Hylo.-s,Hylobates_unknown_1,Hylobates sp.,Hylobates sp.,unknown,unknown,NA,NA,Thomas Jefferson Medical College"
P2,data_value,PUB,Armstrong__1979/Armstrong__1979_Tables1-9.csv,73,Armstrong_1979,Armstrong__1979,yes,"Table6,Armstrong_1979,primary,Hylo.-h,Hylobates_unknown_1,Hylobates sp.,Hylobates sp.,unknown,unknown,NA,NA,Thomas Jefferson Medical College"
P2,data_value,PUB,Armstrong__1979/Armstrong__1979_Tables1-9.csv,74,Armstrong_1979,Armstrong__1979,yes,"Table6,Armstrong_1979,primary,Hylo.-h,Hylobates_unknown_1,Hylobates sp.,Hylobates sp.,unknown,unknown,NA,NA,Thomas Jefferson Medical College"
P2,data_value,PUB,Armstrong__1979/Armstrong__1979_Tables1-9.csv,75,Armstrong_1979,Armstrong__1979,yes,"Table6,Armstrong_1979,primary,Hylo.-h,Hylobates_unknown_1,Hylobates sp.,Hylobates sp.,unknown,unknown,NA,NA,Thomas Jefferson Medical College"
P2,data_value,PUB,Armstrong__1979/Armstrong__1979_Tables1-9.csv,76,Armstrong_1979,Armstrong__1979,yes,"Table6,Armstrong_1979,primary,H. lar-t,Hylobates_lar_1,Hylobates lar,Hylobates lar,male,unknown,5.93,101.9,Max Planck Institute Frankfurt,tr"
P2,data_value,PUB,Armstrong__1979/Armstrong__1979_Tables1-9.csv,77,Armstrong_1979,Armstrong__1979,yes,"Table6,Armstrong_1979,primary,H. lar-t,Hylobates_lar_1,Hylobates lar,Hylobates lar,male,unknown,5.93,101.9,Max Planck Institute Frankfurt,tr"
P2,data_value,PUB,Armstrong__1979/Armstrong__1979_Tables1-9.csv,78,Armstrong_1979,Armstrong__1979,yes,"Table6,Armstrong_1979,primary,H. lar-t,Hylobates_lar_1,Hylobates lar,Hylobates lar,male,unknown,5.93,101.9,Max Planck Institute Frankfurt,tr"
P2,data_value,PUB,Armstrong__1979/Armstrong__1979_Tables1-9.csv,79,Armstrong_1979,Armstrong__1979,yes,"Table6,Armstrong_1979,primary,Gorilla g.,Gorilla_1,Gorilla gorilla,Gorilla gorilla,male,14,203,540,Columbia University / Bronx Zoo,coronal,L"
P2,data_value,PUB,Armstrong__1979/Armstrong__1979_Tables1-9.csv,80,Armstrong_1979,Armstrong__1979,yes,"Table6,Armstrong_1979,primary,Gorilla g.,Gorilla_1,Gorilla gorilla,Gorilla gorilla,male,14,203,540,Columbia University / Bronx Zoo,coronal,M"
P2,data_value,PUB,Armstrong__1979/Armstrong__1979_Tables1-9.csv,81,Armstrong_1979,Armstrong__1979,yes,"Table6,Armstrong_1979,primary,Gorilla g.,Gorilla_1,Gorilla gorilla,Gorilla gorilla,male,14,203,540,Columbia University / Bronx Zoo,coronal,V"
P2,data_value,PUB,Armstrong__1979/Armstrong__1979_Tables1-9.csv,82,Armstrong_1979,Armstrong__1979,yes,"Table6,Armstrong_1979,primary,Pan t.,Pan_1,Pan troglodytes,Pan troglodytes,male,10-12,63.5,405.5,University of Wisconsin comparative brain c"
P2,data_value,PUB,Armstrong__1979/Armstrong__1979_Tables1-9.csv,83,Armstrong_1979,Armstrong__1979,yes,"Table6,Armstrong_1979,primary,Pan t.,Pan_1,Pan troglodytes,Pan troglodytes,male,10-12,63.5,405.5,University of Wisconsin comparative brain c"
P2,data_value,PUB,Armstrong__1979/Armstrong__1979_Tables1-9.csv,84,Armstrong_1979,Armstrong__1979,yes,"Table6,Armstrong_1979,primary,Pan t.,Pan_1,Pan troglodytes,Pan troglodytes,male,10-12,63.5,405.5,University of Wisconsin comparative brain c"
P2,data_value,PUB,Armstrong__1979/Armstrong__1979_Tables1-9.csv,85,Armstrong_1979,Armstrong__1979,yes,"Table6,Armstrong_1979,primary,Homo s.,Homo_combined,Homo sapiens,Homo sapiens,mixed,derived,NA,NA,Yakovlev Collection + cell-count specimen,"
P2,data_value,PUB,Armstrong__1979/Armstrong__1979_Tables1-9.csv,86,Armstrong_1979,Armstrong__1979,yes,"Table6,Armstrong_1979,primary,Homo s.,Homo_combined,Homo sapiens,Homo sapiens,mixed,derived,NA,NA,Yakovlev Collection + cell-count specimen,"
P2,data_value,PUB,Armstrong__1979/Armstrong__1979_Tables1-9.csv,87,Armstrong_1979,Armstrong__1979,yes,"Table6,Armstrong_1979,primary,Homo s.,Homo_combined,Homo sapiens,Homo sapiens,mixed,derived,NA,NA,Yakovlev Collection + cell-count specimen,"
P2,data_value,PUB,Armstrong__1979/Armstrong__1979_Tables1-9.csv,88,Armstrong_1979,Armstrong__1979,yes,"Table7,Armstrong_1979,primary,Hylo.-s,Hylobates_unknown_1,Hylobates sp.,Hylobates sp.,unknown,unknown,NA,NA,Thomas Jefferson Medical College"
P2,data_value,PUB,Armstrong__1979/Armstrong__1979_Tables1-9.csv,89,Armstrong_1979,Armstrong__1979,yes,"Table7,Armstrong_1979,primary,Hylo.-h,Hylobates_unknown_1,Hylobates sp.,Hylobates sp.,unknown,unknown,NA,NA,Thomas Jefferson Medical College"
P2,data_value,PUB,Armstrong__1979/Armstrong__1979_Tables1-9.csv,90,Armstrong_1979,Armstrong__1979,yes,"Table7,Armstrong_1979,primary,H. lar-t,Hylobates_lar_1,Hylobates lar,Hylobates lar,male,unknown,5.93,101.9,Max Planck Institute Frankfurt,tr"
P2,data_value,PUB,Armstrong__1979/Armstrong__1979_Tables1-9.csv,91,Armstrong_1979,Armstrong__1979,yes,"Table7,Armstrong_1979,primary,Gorilla g.,Gorilla_1,Gorilla gorilla,Gorilla gorilla,male,14,203,540,Columbia University / Bronx Zoo,coronal,M"
P2,data_value,PUB,Armstrong__1979/Armstrong__1979_Tables1-9.csv,92,Armstrong_1979,Armstrong__1979,yes,"Table7,Armstrong_1979,primary,Pan t.,Pan_1,Pan troglodytes,Pan troglodytes,male,10-12,63.5,405.5,University of Wisconsin comparative brain c"
P2,data_value,PUB,Armstrong__1979/Armstrong__1979_Tables1-9.csv,93,Armstrong_1979,Armstrong__1979,yes,"Table7,Armstrong_1979,primary,Homo s.-c,Homo_cell_1,Homo sapiens,Homo sapiens,male,19,113,1500,not stated,coronal,MGBp,perikaryal_volume,um3"
P2,data_value,PUB,Armstrong__1979/Armstrong__1979_Tables1-9.csv,94,Armstrong_1979,Armstrong__1979,yes,"Table8,Armstrong_1979,primary,Hylo.-s,Hylobates_unknown_1,Hylobates sp.,Hylobates sp.,unknown,unknown,NA,NA,Thomas Jefferson Medical College"
P2,data_value,PUB,Armstrong__1979/Armstrong__1979_Tables1-9.csv,95,Armstrong_1979,Armstrong__1979,yes,"Table8,Armstrong_1979,primary,Hylo.-h,Hylobates_unknown_1,Hylobates sp.,Hylobates sp.,unknown,unknown,NA,NA,Thomas Jefferson Medical College"
P2,data_value,PUB,Armstrong__1979/Armstrong__1979_Tables1-9.csv,96,Armstrong_1979,Armstrong__1979,yes,"Table8,Armstrong_1979,primary,Gorilla g.,Gorilla_1,Gorilla gorilla,Gorilla gorilla,male,14,203,540,Columbia University / Bronx Zoo,coronal,L"
P2,data_value,PUB,Armstrong__1979/Armstrong__1979_Tables1-9.csv,97,Armstrong_1979,Armstrong__1979,yes,"Table8,Armstrong_1979,primary,Pan t.,Pan_1,Pan troglodytes,Pan troglodytes,male,10-12,63.5,405.5,University of Wisconsin comparative brain c"
P2,data_value,PUB,Armstrong__1979/Armstrong__1979_Tables1-9.csv,98,Armstrong_1979,Armstrong__1979,yes,"Table8,Armstrong_1979,primary,Homo s.-c,Homo_cell_1,Homo sapiens,Homo sapiens,male,19,113,1500,not stated,coronal,LGBp,perikaryal_volume,um3"
P2,data_value,PUB,Armstrong__1979/Armstrong__1979_Tables1-9.csv,99,Armstrong_1979,Armstrong__1979,yes,"Table8,Armstrong_1979,primary,Hylo.-s,Hylobates_unknown_1,Hylobates sp.,Hylobates sp.,unknown,unknown,NA,NA,Thomas Jefferson Medical College"
P2,data_value,PUB,Armstrong__1979/Armstrong__1979_Tables1-9.csv,100,Armstrong_1979,Armstrong__1979,yes,"Table8,Armstrong_1979,primary,Hylo.-h,Hylobates_unknown_1,Hylobates sp.,Hylobates sp.,unknown,unknown,NA,NA,Thomas Jefferson Medical College"
P2,data_value,PUB,Armstrong__1979/Armstrong__1979_Tables1-9.csv,101,Armstrong_1979,Armstrong__1979,yes,"Table8,Armstrong_1979,primary,Gorilla g.,Gorilla_1,Gorilla gorilla,Gorilla gorilla,male,14,203,540,Columbia University / Bronx Zoo,coronal,L"
P2,data_value,PUB,Armstrong__1979/Armstrong__1979_Tables1-9.csv,102,Armstrong_1979,Armstrong__1979,yes,"Table8,Armstrong_1979,primary,Homo s.-c,Homo_cell_1,Homo sapiens,Homo sapiens,male,19,113,1500,not stated,coronal,LGBm,perikaryal_volume,um3"
P2,data_value,PUB,Armstrong__1979/Armstrong__1979_Tables1-9.csv,103,Armstrong_1979,Armstrong__1979,yes,"Table9,Armstrong_1979,primary,Hylo.-s,Hylobates_unknown_1,Hylobates sp.,Hylobates sp.,unknown,unknown,NA,NA,Thomas Jefferson Medical College"
P2,data_value,PUB,Armstrong__1979/Armstrong__1979_Tables1-9.csv,104,Armstrong_1979,Armstrong__1979,yes,"Table9,Armstrong_1979,primary,Hylo.-h,Hylobates_unknown_1,Hylobates sp.,Hylobates sp.,unknown,unknown,NA,NA,Thomas Jefferson Medical College"
P2,data_value,PUB,Armstrong__1979/Armstrong__1979_Tables1-9.csv,105,Armstrong_1979,Armstrong__1979,yes,"Table9,Armstrong_1979,primary,H. lar-t,Hylobates_lar_1,Hylobates lar,Hylobates lar,male,unknown,5.93,101.9,Max Planck Institute Frankfurt,tr"
P2,data_value,PUB,Armstrong__1979/Armstrong__1979_Tables1-9.csv,106,Armstrong_1979,Armstrong__1979,yes,"Table9,Armstrong_1979,primary,Gorilla g.,Gorilla_1,Gorilla gorilla,Gorilla gorilla,male,14,203,540,Columbia University / Bronx Zoo,coronal,V"
P2,data_value,PUB,Armstrong__1979/Armstrong__1979_Tables1-9.csv,107,Armstrong_1979,Armstrong__1979,yes,"Table9,Armstrong_1979,primary,Homo s.-c,Homo_cell_1,Homo sapiens,Homo sapiens,male,19,113,1500,not stated,coronal,VB,perikaryal_volume,um3,N"
P2,data_value,PUB,Armstrong__1979/Armstrong__1979_Tables1-9_neuronal_density_counts.csv,2,Armstrong_1979,Armstrong__1979,yes,"Table2,Armstrong_1979,primary,Hylo.-s,Hylobates_unknown_1,Hylobates sp.,Hylobates sp.,unknown,unknown,NA,NA,Thomas Jefferson Medical College"
P2,data_value,PUB,Armstrong__1979/Armstrong__1979_Tables1-9_neuronal_density_counts.csv,3,Armstrong_1979,Armstrong__1979,yes,"Table2,Armstrong_1979,primary,Hylo.-h,Hylobates_unknown_1,Hylobates sp.,Hylobates sp.,unknown,unknown,NA,NA,Thomas Jefferson Medical College"
P2,data_value,PUB,Armstrong__1979/Armstrong__1979_Tables1-9_neuronal_density_counts.csv,4,Armstrong_1979,Armstrong__1979,yes,"Table2,Armstrong_1979,primary,H. lar-t,Hylobates_lar_1,Hylobates lar,Hylobates lar,male,unknown,5.93,101.9,Max Planck Institute Frankfurt,tr"
P2,data_value,PUB,Armstrong__1979/Armstrong__1979_Tables1-9_neuronal_density_counts.csv,5,Armstrong_1979,Armstrong__1979,yes,"Table2,Armstrong_1979,primary,Gorilla g.,Gorilla_1,Gorilla gorilla,Gorilla gorilla,male,14,203,540,Columbia University / Bronx Zoo,coronal,M"
P2,data_value,PUB,Armstrong__1979/Armstrong__1979_Tables1-9_neuronal_density_counts.csv,6,Armstrong_1979,Armstrong__1979,yes,"Table2,Armstrong_1979,primary,Pan t.,Pan_1,Pan troglodytes,Pan troglodytes,male,10-12,63.5,405.5,University of Wisconsin comparative brain c"
P2,data_value,PUB,Armstrong__1979/Armstrong__1979_Tables1-9_neuronal_density_counts.csv,7,Armstrong_1979,Armstrong__1979,yes,"Table2,Armstrong_1979,primary,Homo s.-c,Homo_cell_1,Homo sapiens,Homo sapiens,male,19,113,1500,not stated,coronal,MGBp,neuronal_density,neur"
P2,data_value,PUB,Armstrong__1979/Armstrong__1979_Tables1-9_neuronal_density_counts.csv,8,Armstrong_1979,Armstrong__1979,yes,"Table3,Armstrong_1979,primary,Hylo.-s,Hylobates_unknown_1,Hylobates sp.,Hylobates sp.,unknown,unknown,NA,NA,Thomas Jefferson Medical College"
P2,data_value,PUB,Armstrong__1979/Armstrong__1979_Tables1-9_neuronal_density_counts.csv,9,Armstrong_1979,Armstrong__1979,yes,"Table3,Armstrong_1979,primary,Hylo.-h,Hylobates_unknown_1,Hylobates sp.,Hylobates sp.,unknown,unknown,NA,NA,Thomas Jefferson Medical College"
P2,data_value,PUB,Armstrong__1979/Armstrong__1979_Tables1-9_neuronal_density_counts.csv,10,Armstrong_1979,Armstrong__1979,yes,"Table3,Armstrong_1979,primary,Gorilla g.,Gorilla_1,Gorilla gorilla,Gorilla gorilla,male,14,203,540,Columbia University / Bronx Zoo,coronal,L"
P2,data_value,PUB,Armstrong__1979/Armstrong__1979_Tables1-9_neuronal_density_counts.csv,11,Armstrong_1979,Armstrong__1979,yes,"Table3,Armstrong_1979,primary,Pan t.,Pan_1,Pan troglodytes,Pan troglodytes,male,10-12,63.5,405.5,University of Wisconsin comparative brain c"
P2,data_value,PUB,Armstrong__1979/Armstrong__1979_Tables1-9_neuronal_density_counts.csv,12,Armstrong_1979,Armstrong__1979,yes,"Table3,Armstrong_1979,primary,Homo s.-c,Homo_cell_1,Homo sapiens,Homo sapiens,male,19,113,1500,not stated,coronal,LGBp,neuronal_density,neur"
P2,data_value,PUB,Armstrong__1979/Armstrong__1979_Tables1-9_neuronal_density_counts.csv,13,Armstrong_1979,Armstrong__1979,yes,"Table3,Armstrong_1979,primary,Hylo.-s,Hylobates_unknown_1,Hylobates sp.,Hylobates sp.,unknown,unknown,NA,NA,Thomas Jefferson Medical College"
P2,data_value,PUB,Armstrong__1979/Armstrong__1979_Tables1-9_neuronal_density_counts.csv,14,Armstrong_1979,Armstrong__1979,yes,"Table3,Armstrong_1979,primary,Hylo.-h,Hylobates_unknown_1,Hylobates sp.,Hylobates sp.,unknown,unknown,NA,NA,Thomas Jefferson Medical College"
P2,data_value,PUB,Armstrong__1979/Armstrong__1979_Tables1-9_neuronal_density_counts.csv,15,Armstrong_1979,Armstrong__1979,yes,"Table3,Armstrong_1979,primary,Gorilla g.,Gorilla_1,Gorilla gorilla,Gorilla gorilla,male,14,203,540,Columbia University / Bronx Zoo,coronal,L"
P2,data_value,PUB,Armstrong__1979/Armstrong__1979_Tables1-9_neuronal_density_counts.csv,16,Armstrong_1979,Armstrong__1979,yes,"Table3,Armstrong_1979,primary,Pan t.,Pan_1,Pan troglodytes,Pan troglodytes,male,10-12,63.5,405.5,University of Wisconsin comparative brain c"
P2,data_value,PUB,Armstrong__1979/Armstrong__1979_Tables1-9_neuronal_density_counts.csv,17,Armstrong_1979,Armstrong__1979,yes,"Table3,Armstrong_1979,primary,Homo s.-c,Homo_cell_1,Homo sapiens,Homo sapiens,male,19,113,1500,not stated,coronal,LGBm,neuronal_density,neur"
P2,data_value,PUB,Armstrong__1979/Armstrong__1979_Tables1-9_neuronal_density_counts.csv,18,Armstrong_1979,Armstrong__1979,yes,"Table4,Armstrong_1979,primary,Hylo.-s,Hylobates_unknown_1,Hylobates sp.,Hylobates sp.,unknown,unknown,NA,NA,Thomas Jefferson Medical College"
P2,data_value,PUB,Armstrong__1979/Armstrong__1979_Tables1-9_neuronal_density_counts.csv,19,Armstrong_1979,Armstrong__1979,yes,"Table4,Armstrong_1979,primary,Hylo.-h,Hylobates_unknown_1,Hylobates sp.,Hylobates sp.,unknown,unknown,NA,NA,Thomas Jefferson Medical College"
P2,data_value,PUB,Armstrong__1979/Armstrong__1979_Tables1-9_neuronal_density_counts.csv,20,Armstrong_1979,Armstrong__1979,yes,"Table4,Armstrong_1979,primary,H. lar-t,Hylobates_lar_1,Hylobates lar,Hylobates lar,male,unknown,5.93,101.9,Max Planck Institute Frankfurt,tr"
P2,data_value,PUB,Armstrong__1979/Armstrong__1979_Tables1-9_neuronal_density_counts.csv,21,Armstrong_1979,Armstrong__1979,yes,"Table4,Armstrong_1979,primary,Gorilla g.,Gorilla_1,Gorilla gorilla,Gorilla gorilla,male,14,203,540,Columbia University / Bronx Zoo,coronal,V"
P2,data_value,PUB,Armstrong__1979/Armstrong__1979_Tables1-9_neuronal_density_counts.csv,22,Armstrong_1979,Armstrong__1979,yes,"Table4,Armstrong_1979,primary,Pan t.,Pan_1,Pan troglodytes,Pan troglodytes,male,10-12,63.5,405.5,University of Wisconsin comparative brain c"
P2,data_value,PUB,Armstrong__1979/Armstrong__1979_Tables1-9_neuronal_density_counts.csv,23,Armstrong_1979,Armstrong__1979,yes,"Table4,Armstrong_1979,primary,Homo s.-c,Homo_cell_1,Homo sapiens,Homo sapiens,male,19,113,1500,not stated,coronal,VB,neuronal_density,neuron"
P2,data_value,PUB,Armstrong__1979/Armstrong__1979_Tables1-9_neuronal_density_counts.csv,24,Armstrong_1979,Armstrong__1979,yes,"Table6,Armstrong_1979,primary,Hylo.-s,Hylobates_unknown_1,Hylobates sp.,Hylobates sp.,unknown,unknown,NA,NA,Thomas Jefferson Medical College"
P2,data_value,PUB,Armstrong__1979/Armstrong__1979_Tables1-9_neuronal_density_counts.csv,25,Armstrong_1979,Armstrong__1979,yes,"Table6,Armstrong_1979,primary,Hylo.-s,Hylobates_unknown_1,Hylobates sp.,Hylobates sp.,unknown,unknown,NA,NA,Thomas Jefferson Medical College"
P2,data_value,PUB,Armstrong__1979/Armstrong__1979_Tables1-9_neuronal_density_counts.csv,26,Armstrong_1979,Armstrong__1979,yes,"Table6,Armstrong_1979,primary,Hylo.-s,Hylobates_unknown_1,Hylobates sp.,Hylobates sp.,unknown,unknown,NA,NA,Thomas Jefferson Medical College"
P2,data_value,PUB,Armstrong__1979/Armstrong__1979_Tables1-9_neuronal_density_counts.csv,27,Armstrong_1979,Armstrong__1979,yes,"Table6,Armstrong_1979,primary,Hylo.-h,Hylobates_unknown_1,Hylobates sp.,Hylobates sp.,unknown,unknown,NA,NA,Thomas Jefferson Medical College"
P2,data_value,PUB,Armstrong__1979/Armstrong__1979_Tables1-9_neuronal_density_counts.csv,28,Armstrong_1979,Armstrong__1979,yes,"Table6,Armstrong_1979,primary,Hylo.-h,Hylobates_unknown_1,Hylobates sp.,Hylobates sp.,unknown,unknown,NA,NA,Thomas Jefferson Medical College"
P2,data_value,PUB,Armstrong__1979/Armstrong__1979_Tables1-9_neuronal_density_counts.csv,29,Armstrong_1979,Armstrong__1979,yes,"Table6,Armstrong_1979,primary,Hylo.-h,Hylobates_unknown_1,Hylobates sp.,Hylobates sp.,unknown,unknown,NA,NA,Thomas Jefferson Medical College"
P2,data_value,PUB,Armstrong__1979/Armstrong__1979_Tables1-9_neuronal_density_counts.csv,30,Armstrong_1979,Armstrong__1979,yes,"Table6,Armstrong_1979,primary,H. lar-t,Hylobates_lar_1,Hylobates lar,Hylobates lar,male,unknown,5.93,101.9,Max Planck Institute Frankfurt,tr"
P2,data_value,PUB,Armstrong__1979/Armstrong__1979_Tables1-9_neuronal_density_counts.csv,31,Armstrong_1979,Armstrong__1979,yes,"Table6,Armstrong_1979,primary,H. lar-t,Hylobates_lar_1,Hylobates lar,Hylobates lar,male,unknown,5.93,101.9,Max Planck Institute Frankfurt,tr"
P2,data_value,PUB,Armstrong__1979/Armstrong__1979_Tables1-9_neuronal_density_counts.csv,32,Armstrong_1979,Armstrong__1979,yes,"Table6,Armstrong_1979,primary,H. lar-t,Hylobates_lar_1,Hylobates lar,Hylobates lar,male,unknown,5.93,101.9,Max Planck Institute Frankfurt,tr"
P2,data_value,PUB,Armstrong__1979/Armstrong__1979_Tables1-9_neuronal_density_counts.csv,33,Armstrong_1979,Armstrong__1979,yes,"Table6,Armstrong_1979,primary,Gorilla g.,Gorilla_1,Gorilla gorilla,Gorilla gorilla,male,14,203,540,Columbia University / Bronx Zoo,coronal,L"
P2,data_value,PUB,Armstrong__1979/Armstrong__1979_Tables1-9_neuronal_density_counts.csv,34,Armstrong_1979,Armstrong__1979,yes,"Table6,Armstrong_1979,primary,Gorilla g.,Gorilla_1,Gorilla gorilla,Gorilla gorilla,male,14,203,540,Columbia University / Bronx Zoo,coronal,M"
P2,data_value,PUB,Armstrong__1979/Armstrong__1979_Tables1-9_neuronal_density_counts.csv,35,Armstrong_1979,Armstrong__1979,yes,"Table6,Armstrong_1979,primary,Gorilla g.,Gorilla_1,Gorilla gorilla,Gorilla gorilla,male,14,203,540,Columbia University / Bronx Zoo,coronal,V"
P2,data_value,PUB,Armstrong__1979/Armstrong__1979_Tables1-9_neuronal_density_counts.csv,36,Armstrong_1979,Armstrong__1979,yes,"Table6,Armstrong_1979,primary,Pan t.,Pan_1,Pan troglodytes,Pan troglodytes,male,10-12,63.5,405.5,University of Wisconsin comparative brain c"
P2,data_value,PUB,Armstrong__1979/Armstrong__1979_Tables1-9_neuronal_density_counts.csv,37,Armstrong_1979,Armstrong__1979,yes,"Table6,Armstrong_1979,primary,Pan t.,Pan_1,Pan troglodytes,Pan troglodytes,male,10-12,63.5,405.5,University of Wisconsin comparative brain c"
P2,data_value,PUB,Armstrong__1979/Armstrong__1979_Tables1-9_neuronal_density_counts.csv,38,Armstrong_1979,Armstrong__1979,yes,"Table6,Armstrong_1979,primary,Pan t.,Pan_1,Pan troglodytes,Pan troglodytes,male,10-12,63.5,405.5,University of Wisconsin comparative brain c"
P2,data_value,PUB,Armstrong__1979/Armstrong__1979_Tables1-9_neuronal_density_counts.csv,39,Armstrong_1979,Armstrong__1979,yes,"Table6,Armstrong_1979,primary,Homo s.,Homo_combined,Homo sapiens,Homo sapiens,mixed,derived,NA,NA,Yakovlev Collection + cell-count specimen,"
P2,data_value,PUB,Armstrong__1979/Armstrong__1979_Tables1-9_neuronal_density_counts.csv,40,Armstrong_1979,Armstrong__1979,yes,"Table6,Armstrong_1979,primary,Homo s.,Homo_combined,Homo sapiens,Homo sapiens,mixed,derived,NA,NA,Yakovlev Collection + cell-count specimen,"
P2,data_value,PUB,Armstrong__1979/Armstrong__1979_Tables1-9_neuronal_density_counts.csv,41,Armstrong_1979,Armstrong__1979,yes,"Table6,Armstrong_1979,primary,Homo s.,Homo_combined,Homo sapiens,Homo sapiens,mixed,derived,NA,NA,Yakovlev Collection + cell-count specimen,"
P2,data_value,PUB,Armstrong__1979/Armstrong__1979_Tables1-9_neuronal_perikaryal_volume.csv,2,Armstrong_1979,Armstrong__1979,yes,"Table7,Armstrong_1979,primary,Hylo.-s,Hylobates_unknown_1,Hylobates sp.,Hylobates sp.,unknown,unknown,NA,NA,Thomas Jefferson Medical College"
P2,data_value,PUB,Armstrong__1979/Armstrong__1979_Tables1-9_neuronal_perikaryal_volume.csv,3,Armstrong_1979,Armstrong__1979,yes,"Table7,Armstrong_1979,primary,Hylo.-h,Hylobates_unknown_1,Hylobates sp.,Hylobates sp.,unknown,unknown,NA,NA,Thomas Jefferson Medical College"
P2,data_value,PUB,Armstrong__1979/Armstrong__1979_Tables1-9_neuronal_perikaryal_volume.csv,4,Armstrong_1979,Armstrong__1979,yes,"Table7,Armstrong_1979,primary,H. lar-t,Hylobates_lar_1,Hylobates lar,Hylobates lar,male,unknown,5.93,101.9,Max Planck Institute Frankfurt,tr"
P2,data_value,PUB,Armstrong__1979/Armstrong__1979_Tables1-9_neuronal_perikaryal_volume.csv,5,Armstrong_1979,Armstrong__1979,yes,"Table7,Armstrong_1979,primary,Gorilla g.,Gorilla_1,Gorilla gorilla,Gorilla gorilla,male,14,203,540,Columbia University / Bronx Zoo,coronal,M"
P2,data_value,PUB,Armstrong__1979/Armstrong__1979_Tables1-9_neuronal_perikaryal_volume.csv,6,Armstrong_1979,Armstrong__1979,yes,"Table7,Armstrong_1979,primary,Pan t.,Pan_1,Pan troglodytes,Pan troglodytes,male,10-12,63.5,405.5,University of Wisconsin comparative brain c"
P2,data_value,PUB,Armstrong__1979/Armstrong__1979_Tables1-9_neuronal_perikaryal_volume.csv,7,Armstrong_1979,Armstrong__1979,yes,"Table7,Armstrong_1979,primary,Homo s.-c,Homo_cell_1,Homo sapiens,Homo sapiens,male,19,113,1500,not stated,coronal,MGBp,perikaryal_volume,um3"
P2,data_value,PUB,Armstrong__1979/Armstrong__1979_Tables1-9_neuronal_perikaryal_volume.csv,8,Armstrong_1979,Armstrong__1979,yes,"Table8,Armstrong_1979,primary,Hylo.-s,Hylobates_unknown_1,Hylobates sp.,Hylobates sp.,unknown,unknown,NA,NA,Thomas Jefferson Medical College"
P2,data_value,PUB,Armstrong__1979/Armstrong__1979_Tables1-9_neuronal_perikaryal_volume.csv,9,Armstrong_1979,Armstrong__1979,yes,"Table8,Armstrong_1979,primary,Hylo.-h,Hylobates_unknown_1,Hylobates sp.,Hylobates sp.,unknown,unknown,NA,NA,Thomas Jefferson Medical College"
P2,data_value,PUB,Armstrong__1979/Armstrong__1979_Tables1-9_neuronal_perikaryal_volume.csv,10,Armstrong_1979,Armstrong__1979,yes,"Table8,Armstrong_1979,primary,Gorilla g.,Gorilla_1,Gorilla gorilla,Gorilla gorilla,male,14,203,540,Columbia University / Bronx Zoo,coronal,L"
P2,data_value,PUB,Armstrong__1979/Armstrong__1979_Tables1-9_neuronal_perikaryal_volume.csv,11,Armstrong_1979,Armstrong__1979,yes,"Table8,Armstrong_1979,primary,Pan t.,Pan_1,Pan troglodytes,Pan troglodytes,male,10-12,63.5,405.5,University of Wisconsin comparative brain c"
P2,data_value,PUB,Armstrong__1979/Armstrong__1979_Tables1-9_neuronal_perikaryal_volume.csv,12,Armstrong_1979,Armstrong__1979,yes,"Table8,Armstrong_1979,primary,Homo s.-c,Homo_cell_1,Homo sapiens,Homo sapiens,male,19,113,1500,not stated,coronal,LGBp,perikaryal_volume,um3"
P2,data_value,PUB,Armstrong__1979/Armstrong__1979_Tables1-9_neuronal_perikaryal_volume.csv,13,Armstrong_1979,Armstrong__1979,yes,"Table8,Armstrong_1979,primary,Hylo.-s,Hylobates_unknown_1,Hylobates sp.,Hylobates sp.,unknown,unknown,NA,NA,Thomas Jefferson Medical College"
P2,data_value,PUB,Armstrong__1979/Armstrong__1979_Tables1-9_neuronal_perikaryal_volume.csv,14,Armstrong_1979,Armstrong__1979,yes,"Table8,Armstrong_1979,primary,Hylo.-h,Hylobates_unknown_1,Hylobates sp.,Hylobates sp.,unknown,unknown,NA,NA,Thomas Jefferson Medical College"
P2,data_value,PUB,Armstrong__1979/Armstrong__1979_Tables1-9_neuronal_perikaryal_volume.csv,15,Armstrong_1979,Armstrong__1979,yes,"Table8,Armstrong_1979,primary,Gorilla g.,Gorilla_1,Gorilla gorilla,Gorilla gorilla,male,14,203,540,Columbia University / Bronx Zoo,coronal,L"
P2,data_value,PUB,Armstrong__1979/Armstrong__1979_Tables1-9_neuronal_perikaryal_volume.csv,16,Armstrong_1979,Armstrong__1979,yes,"Table8,Armstrong_1979,primary,Homo s.-c,Homo_cell_1,Homo sapiens,Homo sapiens,male,19,113,1500,not stated,coronal,LGBm,perikaryal_volume,um3"
P2,data_value,PUB,Armstrong__1979/Armstrong__1979_Tables1-9_neuronal_perikaryal_volume.csv,17,Armstrong_1979,Armstrong__1979,yes,"Table9,Armstrong_1979,primary,Hylo.-s,Hylobates_unknown_1,Hylobates sp.,Hylobates sp.,unknown,unknown,NA,NA,Thomas Jefferson Medical College"
P2,data_value,PUB,Armstrong__1979/Armstrong__1979_Tables1-9_neuronal_perikaryal_volume.csv,18,Armstrong_1979,Armstrong__1979,yes,"Table9,Armstrong_1979,primary,Hylo.-h,Hylobates_unknown_1,Hylobates sp.,Hylobates sp.,unknown,unknown,NA,NA,Thomas Jefferson Medical College"
P2,data_value,PUB,Armstrong__1979/Armstrong__1979_Tables1-9_neuronal_perikaryal_volume.csv,19,Armstrong_1979,Armstrong__1979,yes,"Table9,Armstrong_1979,primary,H. lar-t,Hylobates_lar_1,Hylobates lar,Hylobates lar,male,unknown,5.93,101.9,Max Planck Institute Frankfurt,tr"
P2,data_value,PUB,Armstrong__1979/Armstrong__1979_Tables1-9_neuronal_perikaryal_volume.csv,20,Armstrong_1979,Armstrong__1979,yes,"Table9,Armstrong_1979,primary,Gorilla g.,Gorilla_1,Gorilla gorilla,Gorilla gorilla,male,14,203,540,Columbia University / Bronx Zoo,coronal,V"
P2,data_value,PUB,Armstrong__1979/Armstrong__1979_Tables1-9_neuronal_perikaryal_volume.csv,21,Armstrong_1979,Armstrong__1979,yes,"Table9,Armstrong_1979,primary,Homo s.-c,Homo_cell_1,Homo sapiens,Homo sapiens,male,19,113,1500,not stated,coronal,VB,perikaryal_volume,um3,N"
P2,data_value,PUB,Armstrong__1979/Armstrong__1979_Tables1-9_snapshot.csv,2,Armstrong_1979,Armstrong__1979,yes,"Table1,Armstrong_1979,primary,Hylo.-s,Hylobates sp.,LGB,volume,mm3,17.8,4.8,,,,,,,,Percent of total thalamus."
P2,data_value,PUB,Armstrong__1979/Armstrong__1979_Tables1-9_snapshot.csv,3,Armstrong_1979,Armstrong__1979,yes,"Table1,Armstrong_1979,primary,Hylo.-s,Hylobates sp.,MGBp,volume,mm3,7.1,1.9,,,,,,,,Percent of total thalamus."
P2,data_value,PUB,Armstrong__1979/Armstrong__1979_Tables1-9_snapshot.csv,4,Armstrong_1979,Armstrong__1979,yes,"Table1,Armstrong_1979,primary,Hylo.-s,Hylobates sp.,VB,volume,mm3,41.2,11.2,,,,,,,,Percent of total thalamus."
P2,data_value,PUB,Armstrong__1979/Armstrong__1979_Tables1-9_snapshot.csv,5,Armstrong_1979,Armstrong__1979,yes,"Table1,Armstrong_1979,primary,Hylo.-h,Hylobates sp.,LGB,volume,mm3,21,5.6,,,,,,,,Percent of total thalamus."
P2,data_value,PUB,Armstrong__1979/Armstrong__1979_Tables1-9_snapshot.csv,6,Armstrong_1979,Armstrong__1979,yes,"Table1,Armstrong_1979,primary,Hylo.-h,Hylobates sp.,MGBp,volume,mm3,8.3,2.2,,,,,,,,Percent of total thalamus."
P2,data_value,PUB,Armstrong__1979/Armstrong__1979_Tables1-9_snapshot.csv,7,Armstrong_1979,Armstrong__1979,yes,"Table1,Armstrong_1979,primary,Hylo.-h,Hylobates sp.,VB,volume,mm3,37.5,10.2,,,,,,,,Percent of total thalamus."
P2,data_value,PUB,Armstrong__1979/Armstrong__1979_Tables1-9_snapshot.csv,8,Armstrong_1979,Armstrong__1979,yes,"Table1,Armstrong_1979,primary,H. lar-t,Hylobates lar,LGB,volume,mm3,27.1,4.7,,,,,,,,Percent of total thalamus."
P2,data_value,PUB,Armstrong__1979/Armstrong__1979_Tables1-9_snapshot.csv,9,Armstrong_1979,Armstrong__1979,yes,"Table1,Armstrong_1979,primary,H. lar-t,Hylobates lar,MGBp,volume,mm3,11.8,2.1,,,,,,,,Percent of total thalamus."
P2,data_value,PUB,Armstrong__1979/Armstrong__1979_Tables1-9_snapshot.csv,10,Armstrong_1979,Armstrong__1979,yes,"Table1,Armstrong_1979,primary,H. lar-t,Hylobates lar,VB,volume,mm3,62.4,10.8,,,,,,,,Percent of total thalamus."
P2,data_value,PUB,Armstrong__1979/Armstrong__1979_Tables1-9_snapshot.csv,11,Armstrong_1979,Armstrong__1979,yes,"Table1,Armstrong_1979,primary,Gorilla g.,Gorilla gorilla,LGB,volume,mm3,51,3.2,,,,,,,,Percent of total thalamus."
P2,data_value,PUB,Armstrong__1979/Armstrong__1979_Tables1-9_snapshot.csv,12,Armstrong_1979,Armstrong__1979,yes,"Table1,Armstrong_1979,primary,Gorilla g.,Gorilla gorilla,MGBp,volume,mm3,29,1.8,,,,,,,,Percent of total thalamus."
P2,data_value,PUB,Armstrong__1979/Armstrong__1979_Tables1-9_snapshot.csv,13,Armstrong_1979,Armstrong__1979,yes,"Table1,Armstrong_1979,primary,Gorilla g.,Gorilla gorilla,VB,volume,mm3,178.9,11.2,,,,,,,,Percent of total thalamus."
P2,data_value,PUB,Armstrong__1979/Armstrong__1979_Tables1-9_snapshot.csv,14,Armstrong_1979,Armstrong__1979,yes,"Table1,Armstrong_1979,primary,Pan t.,Pan troglodytes,LGB,volume,mm3,56.3,3.8,,,,,,,,Percent of total thalamus."
P2,data_value,PUB,Armstrong__1979/Armstrong__1979_Tables1-9_snapshot.csv,15,Armstrong_1979,Armstrong__1979,yes,"Table1,Armstrong_1979,primary,Pan t.,Pan troglodytes,MGBp,volume,mm3,28,1.9,,,,,,,,Percent of total thalamus."
P2,data_value,PUB,Armstrong__1979/Armstrong__1979_Tables1-9_snapshot.csv,16,Armstrong_1979,Armstrong__1979,yes,"Table1,Armstrong_1979,primary,Pan t.,Pan troglodytes,VB,volume,mm3,144.8,9.9,,,,,,,,Percent of total thalamus."
P2,data_value,PUB,Armstrong__1979/Armstrong__1979_Tables1-9_snapshot.csv,17,Armstrong_1979,Armstrong__1979,yes,"Table1,Armstrong_1979,primary,Homo s.-s,Homo sapiens,LGB,volume,mm3,69.1,1.6,,,,,,,,Percent of total thalamus."
P2,data_value,PUB,Armstrong__1979/Armstrong__1979_Tables1-9_snapshot.csv,18,Armstrong_1979,Armstrong__1979,yes,"Table1,Armstrong_1979,primary,Homo s.-s,Homo sapiens,MGBp,volume,mm3,71.2,1.7,,,,,,,,Percent of total thalamus."
P2,data_value,PUB,Armstrong__1979/Armstrong__1979_Tables1-9_snapshot.csv,19,Armstrong_1979,Armstrong__1979,yes,"Table1,Armstrong_1979,primary,Homo s.-s,Homo sapiens,VB,volume,mm3,300.3,7.1,,,,,,,,Percent of total thalamus."
P2,data_value,PUB,Armstrong__1979/Armstrong__1979_Tables1-9_snapshot.csv,20,Armstrong_1979,Armstrong__1979,yes,"Table1,Armstrong_1979,primary,Homo s.-t,Homo sapiens,LGB,volume,mm3,78,2.3,,,,,,,,Percent of total thalamus."
P2,data_value,PUB,Armstrong__1979/Armstrong__1979_Tables1-9_snapshot.csv,21,Armstrong_1979,Armstrong__1979,yes,"Table1,Armstrong_1979,primary,Homo s.-t,Homo sapiens,MGBp,volume,mm3,46.6,1.4,,,,,,,,Percent of total thalamus."
P2,data_value,PUB,Armstrong__1979/Armstrong__1979_Tables1-9_snapshot.csv,22,Armstrong_1979,Armstrong__1979,yes,"Table1,Armstrong_1979,primary,Homo s.-t,Homo sapiens,VB,volume,mm3,273.1,8.1,,,,,,,,Percent of total thalamus."
P2,data_value,PUB,Armstrong__1979/Armstrong__1979_Tables1-9_snapshot.csv,34,Armstrong_1979,Armstrong__1979,yes,"Table2,Armstrong_1979,primary,Hylo.-s,Hylobates sp.,MGBp,neuronal_density,neurons_per_0.01_mm3,,,13,532.1,108.9,30.2,354.2,777.8,503.5,"
P2,data_value,PUB,Armstrong__1979/Armstrong__1979_Tables1-9_snapshot.csv,35,Armstrong_1979,Armstrong__1979,yes,"Table2,Armstrong_1979,primary,Hylo.-h,Hylobates sp.,MGBp,neuronal_density,neurons_per_0.01_mm3,,,14,479,142.5,38.1,222.2,676.2,518,"
P2,data_value,PUB,Armstrong__1979/Armstrong__1979_Tables1-9_snapshot.csv,36,Armstrong_1979,Armstrong__1979,yes,"Table2,Armstrong_1979,primary,H. lar-t,Hylobates lar,MGBp,neuronal_density,neurons_per_0.01_mm3,,,16,345.1,89,22.1,193.3,608.3,330.8,"
P2,data_value,PUB,Armstrong__1979/Armstrong__1979_Tables1-9_snapshot.csv,37,Armstrong_1979,Armstrong__1979,yes,"Table2,Armstrong_1979,primary,Gorilla g.,Gorilla gorilla,MGBp,neuronal_density,neurons_per_0.01_mm3,,,24,243.9,82.9,16.9,64.7,418.7,245.1,"
P2,data_value,PUB,Armstrong__1979/Armstrong__1979_Tables1-9_snapshot.csv,38,Armstrong_1979,Armstrong__1979,yes,"Table2,Armstrong_1979,primary,Pan t.,Pan troglodytes,MGBp,neuronal_density,neurons_per_0.01_mm3,,,14,325.9,91.3,24.4,224.4,495.6,287,"
P2,data_value,PUB,Armstrong__1979/Armstrong__1979_Tables1-9_snapshot.csv,39,Armstrong_1979,Armstrong__1979,yes,"Table2,Armstrong_1979,primary,Homo s.-c,Homo sapiens,MGBp,neuronal_density,neurons_per_0.01_mm3,,,30,147.7,42.6,7.8,80,305,142,"
P2,data_value,PUB,Armstrong__1979/Armstrong__1979_Tables1-9_snapshot.csv,40,Armstrong_1979,Armstrong__1979,yes,"Table3,Armstrong_1979,primary,Hylo.-s,Hylobates sp.,LGBp,neuronal_density,neurons_per_0.01_mm3,,,20,784.7,172.5,38.6,458.3,1083.3,781.3,"
P2,data_value,PUB,Armstrong__1979/Armstrong__1979_Tables1-9_snapshot.csv,41,Armstrong_1979,Armstrong__1979,yes,"Table3,Armstrong_1979,primary,Hylo.-h,Hylobates sp.,LGBp,neuronal_density,neurons_per_0.01_mm3,,,30,755.5,174.2,31.8,291.7,1000,809,"
P2,data_value,PUB,Armstrong__1979/Armstrong__1979_Tables1-9_snapshot.csv,42,Armstrong_1979,Armstrong__1979,yes,"Table3,Armstrong_1979,primary,Gorilla g.,Gorilla gorilla,LGBp,neuronal_density,neurons_per_0.01_mm3,,,28,385.3,82.6,15.6,217.6,629.4,370.6,"
P2,data_value,PUB,Armstrong__1979/Armstrong__1979_Tables1-9_snapshot.csv,43,Armstrong_1979,Armstrong__1979,yes,"Table3,Armstrong_1979,primary,Pan t.,Pan troglodytes,LGBp,neuronal_density,neurons_per_0.01_mm3,,,21,397.7,73.6,16.1,264,540,405.5,"
P2,data_value,PUB,Armstrong__1979/Armstrong__1979_Tables1-9_snapshot.csv,44,Armstrong_1979,Armstrong__1979,yes,"Table3,Armstrong_1979,primary,Homo s.-c,Homo sapiens,LGBp,neuronal_density,neurons_per_0.01_mm3,,,31,303.9,62.3,11.1,175,415,313.8,"
P2,data_value,PUB,Armstrong__1979/Armstrong__1979_Tables1-9_snapshot.csv,45,Armstrong_1979,Armstrong__1979,yes,"Table3,Armstrong_1979,primary,Hylo.-s,Hylobates sp.,LGBm,neuronal_density,neurons_per_0.01_mm3,,,7,368,119,45,243.1,579.2,366.3,"
P2,data_value,PUB,Armstrong__1979/Armstrong__1979_Tables1-9_snapshot.csv,46,Armstrong_1979,Armstrong__1979,yes,"Table3,Armstrong_1979,primary,Hylo.-h,Hylobates sp.,LGBm,neuronal_density,neurons_per_0.01_mm3,,,19,382.7,119.9,27.5,250,652.8,343.8,"
P2,data_value,PUB,Armstrong__1979/Armstrong__1979_Tables1-9_snapshot.csv,47,Armstrong_1979,Armstrong__1979,yes,"Table3,Armstrong_1979,primary,Gorilla g.,Gorilla gorilla,LGBm,neuronal_density,neurons_per_0.01_mm3,,,10,288.8,121.5,38.4,170.6,506.9,253.4,"
P2,data_value,PUB,Armstrong__1979/Armstrong__1979_Tables1-9_snapshot.csv,48,Armstrong_1979,Armstrong__1979,yes,"Table3,Armstrong_1979,primary,Pan t.,Pan troglodytes,LGBm,neuronal_density,neurons_per_0.01_mm3,,,11,350.2,80.7,24.3,236,516,346,"
P2,data_value,PUB,Armstrong__1979/Armstrong__1979_Tables1-9_snapshot.csv,49,Armstrong_1979,Armstrong__1979,yes,"Table3,Armstrong_1979,primary,Homo s.-c,Homo sapiens,LGBm,neuronal_density,neurons_per_0.01_mm3,,,14,181.8,51.4,13.7,120,295,170,"
P2,data_value,PUB,Armstrong__1979/Armstrong__1979_Tables1-9_snapshot.csv,50,Armstrong_1979,Armstrong__1979,yes,"Table4,Armstrong_1979,primary,Hylo.-s,Hylobates sp.,VB,neuronal_density,neurons_per_0.01_mm3,,,43,142.5,57,8.7,55.6,263.9,138.9,"
P2,data_value,PUB,Armstrong__1979/Armstrong__1979_Tables1-9_snapshot.csv,51,Armstrong_1979,Armstrong__1979,yes,"Table4,Armstrong_1979,primary,Hylo.-h,Hylobates sp.,VB,neuronal_density,neurons_per_0.01_mm3,,,30,122.1,34.8,6.4,69.4,222.2,116.3,"
P2,data_value,PUB,Armstrong__1979/Armstrong__1979_Tables1-9_snapshot.csv,52,Armstrong_1979,Armstrong__1979,yes,"Table4,Armstrong_1979,primary,H. lar-t,Hylobates lar,VB,neuronal_density,neurons_per_0.01_mm3,,,40,123.4,32.9,5.2,61.7,213.3,124.6,"
P2,data_value,PUB,Armstrong__1979/Armstrong__1979_Tables1-9_snapshot.csv,53,Armstrong_1979,Armstrong__1979,yes,"Table4,Armstrong_1979,primary,Gorilla g.,Gorilla gorilla,VB,neuronal_density,neurons_per_0.01_mm3,,,61,60,26,3.3,24.4,129.4,53.8,"
P2,data_value,PUB,Armstrong__1979/Armstrong__1979_Tables1-9_snapshot.csv,54,Armstrong_1979,Armstrong__1979,yes,"Table4,Armstrong_1979,primary,Pan t.,Pan troglodytes,VB,neuronal_density,neurons_per_0.01_mm3,,,33,84.7,29.1,5.1,36,144,76.3,"
P2,data_value,PUB,Armstrong__1979/Armstrong__1979_Tables1-9_snapshot.csv,55,Armstrong_1979,Armstrong__1979,yes,"Table4,Armstrong_1979,primary,Homo s.-c,Homo sapiens,VB,neuronal_density,neurons_per_0.01_mm3,,,48,58.8,22,3.4,25,115,57.7,"
P2,data_value,PUB,Armstrong__1979/Armstrong__1979_Tables1-9_snapshot.csv,56,Armstrong_1979,Armstrong__1979,yes,"Table5,Armstrong_1979,primary,Hylo.-s,Hylobates sp.,LGBp,volume,mm3,11.4,64.1,,,,,,,,Percent of total LGB."
P2,data_value,PUB,Armstrong__1979/Armstrong__1979_Tables1-9_snapshot.csv,57,Armstrong_1979,Armstrong__1979,yes,"Table5,Armstrong_1979,primary,Hylo.-s,Hylobates sp.,LGBm,volume,mm3,6.4,35.9,,,,,,,,Percent of total LGB."
P2,data_value,PUB,Armstrong__1979/Armstrong__1979_Tables1-9_snapshot.csv,58,Armstrong_1979,Armstrong__1979,yes,"Table5,Armstrong_1979,primary,Hylo.-h,Hylobates sp.,LGBp,volume,mm3,14.2,67.7,,,,,,,,Percent of total LGB."
P2,data_value,PUB,Armstrong__1979/Armstrong__1979_Tables1-9_snapshot.csv,59,Armstrong_1979,Armstrong__1979,yes,"Table5,Armstrong_1979,primary,Hylo.-h,Hylobates sp.,LGBm,volume,mm3,6.8,32.3,,,,,,,,Percent of total LGB."
P2,data_value,PUB,Armstrong__1979/Armstrong__1979_Tables1-9_snapshot.csv,60,Armstrong_1979,Armstrong__1979,yes,"Table5,Armstrong_1979,primary,H. lar-t,Hylobates lar,LGBp,volume,mm3,21.4,79,,,,,,,,Percent of total LGB."
P2,data_value,PUB,Armstrong__1979/Armstrong__1979_Tables1-9_snapshot.csv,61,Armstrong_1979,Armstrong__1979,yes,"Table5,Armstrong_1979,primary,H. lar-t,Hylobates lar,LGBm,volume,mm3,5.7,21,,,,,,,,Percent of total LGB."
P2,data_value,PUB,Armstrong__1979/Armstrong__1979_Tables1-9_snapshot.csv,62,Armstrong_1979,Armstrong__1979,yes,"Table5,Armstrong_1979,primary,Gorilla g.,Gorilla gorilla,LGBp,volume,mm3,42.6,83.4,,,,,,,,Percent of total LGB."
P2,data_value,PUB,Armstrong__1979/Armstrong__1979_Tables1-9_snapshot.csv,63,Armstrong_1979,Armstrong__1979,yes,"Table5,Armstrong_1979,primary,Gorilla g.,Gorilla gorilla,LGBm,volume,mm3,8.4,16.6,,,,,,,,Percent of total LGB."
P2,data_value,PUB,Armstrong__1979/Armstrong__1979_Tables1-9_snapshot.csv,64,Armstrong_1979,Armstrong__1979,yes,"Table5,Armstrong_1979,primary,Pan t.,Pan troglodytes,LGBp,volume,mm3,42.3,75.1,,,,,,,,Percent of total LGB."
P2,data_value,PUB,Armstrong__1979/Armstrong__1979_Tables1-9_snapshot.csv,65,Armstrong_1979,Armstrong__1979,yes,"Table5,Armstrong_1979,primary,Pan t.,Pan troglodytes,LGBm,volume,mm3,14,24.9,,,,,,,,Percent of total LGB."
P2,data_value,PUB,Armstrong__1979/Armstrong__1979_Tables1-9_snapshot.csv,66,Armstrong_1979,Armstrong__1979,yes,"Table5,Armstrong_1979,primary,Homo s.-s,Homo sapiens,LGBp,volume,mm3,57.7,83.3,,,,,,,,Percent of total LGB."
P2,data_value,PUB,Armstrong__1979/Armstrong__1979_Tables1-9_snapshot.csv,67,Armstrong_1979,Armstrong__1979,yes,"Table5,Armstrong_1979,primary,Homo s.-s,Homo sapiens,LGBm,volume,mm3,11.5,16.6,,,,,,,,""Percent of total LGB; printed components sum to 99.9%"
P2,data_value,PUB,Armstrong__1979/Armstrong__1979_Tables1-9_snapshot.csv,68,Armstrong_1979,Armstrong__1979,yes,"Table5,Armstrong_1979,primary,Homo s.-t,Homo sapiens,LGBp,volume,mm3,62.4,80,,,,,,,,Percent of total LGB."
P2,data_value,PUB,Armstrong__1979/Armstrong__1979_Tables1-9_snapshot.csv,69,Armstrong_1979,Armstrong__1979,yes,"Table5,Armstrong_1979,primary,Homo s.-t,Homo sapiens,LGBm,volume,mm3,15.6,20,,,,,,,,Percent of total LGB."
P2,data_value,PUB,Armstrong__1979/Armstrong__1979_Tables1-9_snapshot.csv,70,Armstrong_1979,Armstrong__1979,yes,"Table6,Armstrong_1979,primary,Hylo.-s,Hylobates sp.,LGB,estimated_neuron_number,neurons,1131000,,,,,,,,,Derived from volume and neuronal den"
P2,data_value,PUB,Armstrong__1979/Armstrong__1979_Tables1-9_snapshot.csv,71,Armstrong_1979,Armstrong__1979,yes,"Table6,Armstrong_1979,primary,Hylo.-s,Hylobates sp.,MGBp,estimated_neuron_number,neurons,378000,,,,,,,,,Derived from volume and neuronal den"
P2,data_value,PUB,Armstrong__1979/Armstrong__1979_Tables1-9_snapshot.csv,72,Armstrong_1979,Armstrong__1979,yes,"Table6,Armstrong_1979,primary,Hylo.-s,Hylobates sp.,VB,estimated_neuron_number,neurons,587100,,,,,,,,,Derived from volume and neuronal densi"
P2,data_value,PUB,Armstrong__1979/Armstrong__1979_Tables1-9_snapshot.csv,73,Armstrong_1979,Armstrong__1979,yes,"Table6,Armstrong_1979,primary,Hylo.-h,Hylobates sp.,LGB,estimated_neuron_number,neurons,1333000,,,,,,,,,Derived from volume and neuronal den"
P2,data_value,PUB,Armstrong__1979/Armstrong__1979_Tables1-9_snapshot.csv,74,Armstrong_1979,Armstrong__1979,yes,"Table6,Armstrong_1979,primary,Hylo.-h,Hylobates sp.,MGBp,estimated_neuron_number,neurons,413000,,,,,,,,,""Printed value retained; Table 1 vol"
P2,data_value,PUB,Armstrong__1979/Armstrong__1979_Tables1-9_snapshot.csv,75,Armstrong_1979,Armstrong__1979,yes,"Table6,Armstrong_1979,primary,Hylo.-h,Hylobates sp.,VB,estimated_neuron_number,neurons,458000,,,,,,,,,Derived from volume and neuronal densi"
P2,data_value,PUB,Armstrong__1979/Armstrong__1979_Tables1-9_snapshot.csv,76,Armstrong_1979,Armstrong__1979,yes,"Table6,Armstrong_1979,primary,H. lar-t,Hylobates lar,LGB,estimated_neuron_number,neurons,,,,,,,,,,Not reported."
P2,data_value,PUB,Armstrong__1979/Armstrong__1979_Tables1-9_snapshot.csv,77,Armstrong_1979,Armstrong__1979,yes,"Table6,Armstrong_1979,primary,H. lar-t,Hylobates lar,MGBp,estimated_neuron_number,neurons,407000,,,,,,,,,Derived from volume and neuronal de"
P2,data_value,PUB,Armstrong__1979/Armstrong__1979_Tables1-9_snapshot.csv,78,Armstrong_1979,Armstrong__1979,yes,"Table6,Armstrong_1979,primary,H. lar-t,Hylobates lar,VB,estimated_neuron_number,neurons,770000,,,,,,,,,Derived from volume and neuronal dens"
P2,data_value,PUB,Armstrong__1979/Armstrong__1979_Tables1-9_snapshot.csv,79,Armstrong_1979,Armstrong__1979,yes,"Table6,Armstrong_1979,primary,Gorilla g.,Gorilla gorilla,LGB,estimated_neuron_number,neurons,1884000,,,,,,,,,Derived from volume and neurona"
P2,data_value,PUB,Armstrong__1979/Armstrong__1979_Tables1-9_snapshot.csv,80,Armstrong_1979,Armstrong__1979,yes,"Table6,Armstrong_1979,primary,Gorilla g.,Gorilla gorilla,MGBp,estimated_neuron_number,neurons,707000,,,,,,,,,Derived from volume and neurona"
P2,data_value,PUB,Armstrong__1979/Armstrong__1979_Tables1-9_snapshot.csv,81,Armstrong_1979,Armstrong__1979,yes,"Table6,Armstrong_1979,primary,Gorilla g.,Gorilla gorilla,VB,estimated_neuron_number,neurons,1070000,,,,,,,,,Derived from volume and neuronal"
P2,data_value,PUB,Armstrong__1979/Armstrong__1979_Tables1-9_snapshot.csv,82,Armstrong_1979,Armstrong__1979,yes,"Table6,Armstrong_1979,primary,Pan t.,Pan troglodytes,LGB,estimated_neuron_number,neurons,2172000,,,,,,,,,Derived from volume and neuronal de"
P2,data_value,PUB,Armstrong__1979/Armstrong__1979_Tables1-9_snapshot.csv,83,Armstrong_1979,Armstrong__1979,yes,"Table6,Armstrong_1979,primary,Pan t.,Pan troglodytes,MGBp,estimated_neuron_number,neurons,913000,,,,,,,,,Derived from volume and neuronal de"
P2,data_value,PUB,Armstrong__1979/Armstrong__1979_Tables1-9_snapshot.csv,84,Armstrong_1979,Armstrong__1979,yes,"Table6,Armstrong_1979,primary,Pan t.,Pan troglodytes,VB,estimated_neuron_number,neurons,1226300,,,,,,,,,Derived from volume and neuronal den"
P2,data_value,PUB,Armstrong__1979/Armstrong__1979_Tables1-9_snapshot.csv,85,Armstrong_1979,Armstrong__1979,yes,"Table6,Armstrong_1979,primary,Homo s.,Homo sapiens,LGB,estimated_neuron_number,neurons,2065000,,,,,,,,,Combines mean nuclear volume from Hom"
P2,data_value,PUB,Armstrong__1979/Armstrong__1979_Tables1-9_snapshot.csv,86,Armstrong_1979,Armstrong__1979,yes,"Table6,Armstrong_1979,primary,Homo s.,Homo sapiens,MGBp,estimated_neuron_number,neurons,870000,,,,,,,,,Combines mean nuclear volume from Hom"
P2,data_value,PUB,Armstrong__1979/Armstrong__1979_Tables1-9_snapshot.csv,87,Armstrong_1979,Armstrong__1979,yes,"Table6,Armstrong_1979,primary,Homo s.,Homo sapiens,VB,estimated_neuron_number,neurons,1690000,,,,,,,,,Combines mean nuclear volume from Homo"
P2,data_value,PUB,Armstrong__1979/Armstrong__1979_Tables1-9_snapshot.csv,88,Armstrong_1979,Armstrong__1979,yes,"Table7,Armstrong_1979,primary,Hylo.-s,Hylobates sp.,MGBp,perikaryal_volume,um3,,,65,1203.6,757,93.9,179.1,4747.3,1050.4,"
P2,data_value,PUB,Armstrong__1979/Armstrong__1979_Tables1-9_snapshot.csv,89,Armstrong_1979,Armstrong__1979,yes,"Table7,Armstrong_1979,primary,Hylo.-h,Hylobates sp.,MGBp,perikaryal_volume,um3,,,70,1217,570.1,68.1,333.1,3095.7,1095,"
P2,data_value,PUB,Armstrong__1979/Armstrong__1979_Tables1-9_snapshot.csv,90,Armstrong_1979,Armstrong__1979,yes,"Table7,Armstrong_1979,primary,H. lar-t,Hylobates lar,MGBp,perikaryal_volume,um3,,,18,2022.5,1390.2,327.7,49.7,3807.3,1983,"
P2,data_value,PUB,Armstrong__1979/Armstrong__1979_Tables1-9_snapshot.csv,91,Armstrong_1979,Armstrong__1979,yes,"Table7,Armstrong_1979,primary,Gorilla g.,Gorilla gorilla,MGBp,perikaryal_volume,um3,,,124,2145.3,1760,158.1,150.1,12679.2,1749.3,"
P2,data_value,PUB,Armstrong__1979/Armstrong__1979_Tables1-9_snapshot.csv,92,Armstrong_1979,Armstrong__1979,yes,"Table7,Armstrong_1979,primary,Pan t.,Pan troglodytes,MGBp,perikaryal_volume,um3,,,47,2063.2,1117.4,163,207.4,5752.3,1880.5,"
P2,data_value,PUB,Armstrong__1979/Armstrong__1979_Tables1-9_snapshot.csv,93,Armstrong_1979,Armstrong__1979,yes,"Table7,Armstrong_1979,primary,Homo s.-c,Homo sapiens,MGBp,perikaryal_volume,um3,,,150,2770.7,2087.2,170.4,97.5,10990.1,2569.3,"
P2,data_value,PUB,Armstrong__1979/Armstrong__1979_Tables1-9_snapshot.csv,94,Armstrong_1979,Armstrong__1979,yes,"Table8,Armstrong_1979,primary,Hylo.-s,Hylobates sp.,LGBp,perikaryal_volume,um3,,,102,1296.3,698.8,69.2,97.5,4747.3,1168.7,"
P2,data_value,PUB,Armstrong__1979/Armstrong__1979_Tables1-9_snapshot.csv,95,Armstrong_1979,Armstrong__1979,yes,"Table8,Armstrong_1979,primary,Hylo.-h,Hylobates sp.,LGBp,perikaryal_volume,um3,,,150,1405.9,625.4,51.1,238.4,3503.4,1368.9,"
P2,data_value,PUB,Armstrong__1979/Armstrong__1979_Tables1-9_snapshot.csv,96,Armstrong_1979,Armstrong__1979,yes,"Table8,Armstrong_1979,primary,Gorilla g.,Gorilla gorilla,LGBp,perikaryal_volume,um3,,,140,1792.2,845.3,71.4,275.8,7654.2,1682.2,"
P2,data_value,PUB,Armstrong__1979/Armstrong__1979_Tables1-9_snapshot.csv,97,Armstrong_1979,Armstrong__1979,yes,"Table8,Armstrong_1979,primary,Pan t.,Pan troglodytes,LGBp,perikaryal_volume,um3,,,19,1649,620.6,142.4,650.7,2776.9,1603.5,"
P2,data_value,PUB,Armstrong__1979/Armstrong__1979_Tables1-9_snapshot.csv,98,Armstrong_1979,Armstrong__1979,yes,"Table8,Armstrong_1979,primary,Homo s.-c,Homo sapiens,LGBp,perikaryal_volume,um3,,,155,2261.7,1244,99.9,117.8,7679.9,2068.6,"
P2,data_value,PUB,Armstrong__1979/Armstrong__1979_Tables1-9_snapshot.csv,99,Armstrong_1979,Armstrong__1979,yes,"Table8,Armstrong_1979,primary,Hylo.-s,Hylobates sp.,LGBm,perikaryal_volume,um3,,,35,4225.7,1655.7,279.9,424.6,7994.9,4036.2,"
P2,data_value,PUB,Armstrong__1979/Armstrong__1979_Tables1-9_snapshot.csv,100,Armstrong_1979,Armstrong__1979,yes,"Table8,Armstrong_1979,primary,Hylo.-h,Hylobates sp.,LGBm,perikaryal_volume,um3,,,95,2634.3,1312.6,134.7,238.4,6815.2,2607.9,"
P2,data_value,PUB,Armstrong__1979/Armstrong__1979_Tables1-9_snapshot.csv,101,Armstrong_1979,Armstrong__1979,yes,"Table8,Armstrong_1979,primary,Gorilla g.,Gorilla gorilla,LGBm,perikaryal_volume,um3,,,50,4275.1,2912.7,411.9,506.7,18484.5,3993.4,"
P2,data_value,PUB,Armstrong__1979/Armstrong__1979_Tables1-9_snapshot.csv,102,Armstrong_1979,Armstrong__1979,yes,"Table8,Armstrong_1979,primary,Homo s.-c,Homo sapiens,LGBm,perikaryal_volume,um3,,,72,6256.2,3276.9,386.2,179.1,13848.3,6338.3,"
P2,data_value,PUB,Armstrong__1979/Armstrong__1979_Tables1-9_snapshot.csv,103,Armstrong_1979,Armstrong__1979,yes,"Table9,Armstrong_1979,primary,Hylo.-s,Hylobates sp.,VB,perikaryal_volume,um3,,,131,4141.8,3264.4,285.2,323.2,22939.8,3510.2,"
P2,data_value,PUB,Armstrong__1979/Armstrong__1979_Tables1-9_snapshot.csv,104,Armstrong_1979,Armstrong__1979,yes,"Table9,Armstrong_1979,primary,Hylo.-h,Hylobates sp.,VB,perikaryal_volume,um3,,,155,3696.2,2956.1,237.4,179.1,13848.3,2898.1,"
P2,data_value,PUB,Armstrong__1979/Armstrong__1979_Tables1-9_snapshot.csv,105,Armstrong_1979,Armstrong__1979,yes,"Table9,Armstrong_1979,primary,H. lar-t,Hylobates lar,VB,perikaryal_volume,um3,,,45,4424.3,4160.2,620.2,49.1,17043.5,3286.4,"
P2,data_value,PUB,Armstrong__1979/Armstrong__1979_Tables1-9_snapshot.csv,106,Armstrong_1979,Armstrong__1979,yes,"Table9,Armstrong_1979,primary,Gorilla g.,Gorilla gorilla,VB,perikaryal_volume,um3,,,306,5912.6,5937.1,339.4,53.1,38871.9,3889.4,"
P2,data_value,PUB,Armstrong__1979/Armstrong__1979_Tables1-9_snapshot.csv,107,Armstrong_1979,Armstrong__1979,yes,"Table9,Armstrong_1979,primary,Homo s.-c,Homo sapiens,VB,perikaryal_volume,um3,,,238,4305.9,4396.7,285,139.6,26293.7,3075.1,"
P2,data_value,PUB,Armstrong__1979/Armstrong__1979_Tables1-9_volumes.csv,2,Armstrong_1979,Armstrong__1979,yes,"Table1,Armstrong_1979,primary,Hylo.-s,Hylobates_unknown_1,Hylobates sp.,Hylobates sp.,unknown,unknown,NA,NA,Thomas Jefferson Medical College"
P2,data_value,PUB,Armstrong__1979/Armstrong__1979_Tables1-9_volumes.csv,3,Armstrong_1979,Armstrong__1979,yes,"Table1,Armstrong_1979,primary,Hylo.-s,Hylobates_unknown_1,Hylobates sp.,Hylobates sp.,unknown,unknown,NA,NA,Thomas Jefferson Medical College"
P2,data_value,PUB,Armstrong__1979/Armstrong__1979_Tables1-9_volumes.csv,4,Armstrong_1979,Armstrong__1979,yes,"Table1,Armstrong_1979,primary,Hylo.-s,Hylobates_unknown_1,Hylobates sp.,Hylobates sp.,unknown,unknown,NA,NA,Thomas Jefferson Medical College"
P2,data_value,PUB,Armstrong__1979/Armstrong__1979_Tables1-9_volumes.csv,5,Armstrong_1979,Armstrong__1979,yes,"Table1,Armstrong_1979,primary,Hylo.-h,Hylobates_unknown_1,Hylobates sp.,Hylobates sp.,unknown,unknown,NA,NA,Thomas Jefferson Medical College"
P2,data_value,PUB,Armstrong__1979/Armstrong__1979_Tables1-9_volumes.csv,6,Armstrong_1979,Armstrong__1979,yes,"Table1,Armstrong_1979,primary,Hylo.-h,Hylobates_unknown_1,Hylobates sp.,Hylobates sp.,unknown,unknown,NA,NA,Thomas Jefferson Medical College"
P2,data_value,PUB,Armstrong__1979/Armstrong__1979_Tables1-9_volumes.csv,7,Armstrong_1979,Armstrong__1979,yes,"Table1,Armstrong_1979,primary,Hylo.-h,Hylobates_unknown_1,Hylobates sp.,Hylobates sp.,unknown,unknown,NA,NA,Thomas Jefferson Medical College"
P2,data_value,PUB,Armstrong__1979/Armstrong__1979_Tables1-9_volumes.csv,8,Armstrong_1979,Armstrong__1979,yes,"Table1,Armstrong_1979,primary,H. lar-t,Hylobates_lar_1,Hylobates lar,Hylobates lar,male,unknown,5.93,101.9,Max Planck Institute Frankfurt,tr"
P2,data_value,PUB,Armstrong__1979/Armstrong__1979_Tables1-9_volumes.csv,9,Armstrong_1979,Armstrong__1979,yes,"Table1,Armstrong_1979,primary,H. lar-t,Hylobates_lar_1,Hylobates lar,Hylobates lar,male,unknown,5.93,101.9,Max Planck Institute Frankfurt,tr"
P2,data_value,PUB,Armstrong__1979/Armstrong__1979_Tables1-9_volumes.csv,10,Armstrong_1979,Armstrong__1979,yes,"Table1,Armstrong_1979,primary,H. lar-t,Hylobates_lar_1,Hylobates lar,Hylobates lar,male,unknown,5.93,101.9,Max Planck Institute Frankfurt,tr"
P2,data_value,PUB,Armstrong__1979/Armstrong__1979_Tables1-9_volumes.csv,11,Armstrong_1979,Armstrong__1979,yes,"Table1,Armstrong_1979,primary,Gorilla g.,Gorilla_1,Gorilla gorilla,Gorilla gorilla,male,14,203,540,Columbia University / Bronx Zoo,coronal,L"
P2,data_value,PUB,Armstrong__1979/Armstrong__1979_Tables1-9_volumes.csv,12,Armstrong_1979,Armstrong__1979,yes,"Table1,Armstrong_1979,primary,Gorilla g.,Gorilla_1,Gorilla gorilla,Gorilla gorilla,male,14,203,540,Columbia University / Bronx Zoo,coronal,M"
P2,data_value,PUB,Armstrong__1979/Armstrong__1979_Tables1-9_volumes.csv,13,Armstrong_1979,Armstrong__1979,yes,"Table1,Armstrong_1979,primary,Gorilla g.,Gorilla_1,Gorilla gorilla,Gorilla gorilla,male,14,203,540,Columbia University / Bronx Zoo,coronal,V"
P2,data_value,PUB,Armstrong__1979/Armstrong__1979_Tables1-9_volumes.csv,14,Armstrong_1979,Armstrong__1979,yes,"Table1,Armstrong_1979,primary,Pan t.,Pan_1,Pan troglodytes,Pan troglodytes,male,10-12,63.5,405.5,University of Wisconsin comparative brain c"
P2,data_value,PUB,Armstrong__1979/Armstrong__1979_Tables1-9_volumes.csv,15,Armstrong_1979,Armstrong__1979,yes,"Table1,Armstrong_1979,primary,Pan t.,Pan_1,Pan troglodytes,Pan troglodytes,male,10-12,63.5,405.5,University of Wisconsin comparative brain c"
P2,data_value,PUB,Armstrong__1979/Armstrong__1979_Tables1-9_volumes.csv,16,Armstrong_1979,Armstrong__1979,yes,"Table1,Armstrong_1979,primary,Pan t.,Pan_1,Pan troglodytes,Pan troglodytes,male,10-12,63.5,405.5,University of Wisconsin comparative brain c"
P2,data_value,PUB,Armstrong__1979/Armstrong__1979_Tables1-9_volumes.csv,17,Armstrong_1979,Armstrong__1979,yes,"Table1,Armstrong_1979,primary,Homo s.-s,Homo_volume_1,Homo sapiens,Homo sapiens,male,28,NA,1890,Yakovlev Collection,sagittal,LGB,volume,mm3,"
P2,data_value,PUB,Armstrong__1979/Armstrong__1979_Tables1-9_volumes.csv,18,Armstrong_1979,Armstrong__1979,yes,"Table1,Armstrong_1979,primary,Homo s.-s,Homo_volume_1,Homo sapiens,Homo sapiens,male,28,NA,1890,Yakovlev Collection,sagittal,MGBp,volume,mm3"
P2,data_value,PUB,Armstrong__1979/Armstrong__1979_Tables1-9_volumes.csv,19,Armstrong_1979,Armstrong__1979,yes,"Table1,Armstrong_1979,primary,Homo s.-s,Homo_volume_1,Homo sapiens,Homo sapiens,male,28,NA,1890,Yakovlev Collection,sagittal,VB,volume,mm3,3"
P2,data_value,PUB,Armstrong__1979/Armstrong__1979_Tables1-9_volumes.csv,20,Armstrong_1979,Armstrong__1979,yes,"Table1,Armstrong_1979,primary,Homo s.-t,Homo_volume_2,Homo sapiens,Homo sapiens,female,32,NA,1200,Yakovlev Collection,transverse,LGB,volume,"
P2,data_value,PUB,Armstrong__1979/Armstrong__1979_Tables1-9_volumes.csv,21,Armstrong_1979,Armstrong__1979,yes,"Table1,Armstrong_1979,primary,Homo s.-t,Homo_volume_2,Homo sapiens,Homo sapiens,female,32,NA,1200,Yakovlev Collection,transverse,MGBp,volume"
P2,data_value,PUB,Armstrong__1979/Armstrong__1979_Tables1-9_volumes.csv,22,Armstrong_1979,Armstrong__1979,yes,"Table1,Armstrong_1979,primary,Homo s.-t,Homo_volume_2,Homo sapiens,Homo sapiens,female,32,NA,1200,Yakovlev Collection,transverse,VB,volume,m"
P2,data_value,PUB,Armstrong__1979/Armstrong__1979_Tables1-9_volumes.csv,34,Armstrong_1979,Armstrong__1979,yes,"Table5,Armstrong_1979,primary,Hylo.-s,Hylobates_unknown_1,Hylobates sp.,Hylobates sp.,unknown,unknown,NA,NA,Thomas Jefferson Medical College"
P2,data_value,PUB,Armstrong__1979/Armstrong__1979_Tables1-9_volumes.csv,35,Armstrong_1979,Armstrong__1979,yes,"Table5,Armstrong_1979,primary,Hylo.-s,Hylobates_unknown_1,Hylobates sp.,Hylobates sp.,unknown,unknown,NA,NA,Thomas Jefferson Medical College"
P2,data_value,PUB,Armstrong__1979/Armstrong__1979_Tables1-9_volumes.csv,36,Armstrong_1979,Armstrong__1979,yes,"Table5,Armstrong_1979,primary,Hylo.-h,Hylobates_unknown_1,Hylobates sp.,Hylobates sp.,unknown,unknown,NA,NA,Thomas Jefferson Medical College"
P2,data_value,PUB,Armstrong__1979/Armstrong__1979_Tables1-9_volumes.csv,37,Armstrong_1979,Armstrong__1979,yes,"Table5,Armstrong_1979,primary,Hylo.-h,Hylobates_unknown_1,Hylobates sp.,Hylobates sp.,unknown,unknown,NA,NA,Thomas Jefferson Medical College"
P2,data_value,PUB,Armstrong__1979/Armstrong__1979_Tables1-9_volumes.csv,38,Armstrong_1979,Armstrong__1979,yes,"Table5,Armstrong_1979,primary,H. lar-t,Hylobates_lar_1,Hylobates lar,Hylobates lar,male,unknown,5.93,101.9,Max Planck Institute Frankfurt,tr"
P2,data_value,PUB,Armstrong__1979/Armstrong__1979_Tables1-9_volumes.csv,39,Armstrong_1979,Armstrong__1979,yes,"Table5,Armstrong_1979,primary,H. lar-t,Hylobates_lar_1,Hylobates lar,Hylobates lar,male,unknown,5.93,101.9,Max Planck Institute Frankfurt,tr"
P2,data_value,PUB,Armstrong__1979/Armstrong__1979_Tables1-9_volumes.csv,40,Armstrong_1979,Armstrong__1979,yes,"Table5,Armstrong_1979,primary,Gorilla g.,Gorilla_1,Gorilla gorilla,Gorilla gorilla,male,14,203,540,Columbia University / Bronx Zoo,coronal,L"
P2,data_value,PUB,Armstrong__1979/Armstrong__1979_Tables1-9_volumes.csv,41,Armstrong_1979,Armstrong__1979,yes,"Table5,Armstrong_1979,primary,Gorilla g.,Gorilla_1,Gorilla gorilla,Gorilla gorilla,male,14,203,540,Columbia University / Bronx Zoo,coronal,L"
P2,data_value,PUB,Armstrong__1979/Armstrong__1979_Tables1-9_volumes.csv,42,Armstrong_1979,Armstrong__1979,yes,"Table5,Armstrong_1979,primary,Pan t.,Pan_1,Pan troglodytes,Pan troglodytes,male,10-12,63.5,405.5,University of Wisconsin comparative brain c"
P2,data_value,PUB,Armstrong__1979/Armstrong__1979_Tables1-9_volumes.csv,43,Armstrong_1979,Armstrong__1979,yes,"Table5,Armstrong_1979,primary,Pan t.,Pan_1,Pan troglodytes,Pan troglodytes,male,10-12,63.5,405.5,University of Wisconsin comparative brain c"
P2,data_value,PUB,Armstrong__1979/Armstrong__1979_Tables1-9_volumes.csv,44,Armstrong_1979,Armstrong__1979,yes,"Table5,Armstrong_1979,primary,Homo s.-s,Homo_volume_1,Homo sapiens,Homo sapiens,male,28,NA,1890,Yakovlev Collection,sagittal,LGBp,volume,mm3"
P2,data_value,PUB,Armstrong__1979/Armstrong__1979_Tables1-9_volumes.csv,45,Armstrong_1979,Armstrong__1979,yes,"Table5,Armstrong_1979,primary,Homo s.-s,Homo_volume_1,Homo sapiens,Homo sapiens,male,28,NA,1890,Yakovlev Collection,sagittal,LGBm,volume,mm3"
P2,data_value,PUB,Armstrong__1979/Armstrong__1979_Tables1-9_volumes.csv,46,Armstrong_1979,Armstrong__1979,yes,"Table5,Armstrong_1979,primary,Homo s.-t,Homo_volume_2,Homo sapiens,Homo sapiens,female,32,NA,1200,Yakovlev Collection,transverse,LGBp,volume"
P2,data_value,PUB,Armstrong__1979/Armstrong__1979_Tables1-9_volumes.csv,47,Armstrong_1979,Armstrong__1979,yes,"Table5,Armstrong_1979,primary,Homo s.-t,Homo_volume_2,Homo sapiens,Homo sapiens,female,32,NA,1200,Yakovlev Collection,transverse,LGBm,volume"
P2,filename,PUB,Brodmann__1913/Brodmann_1913_Verhandlungen.pdf,,Brodmann_1913,Brodmann__1913,no,rename to the canonical spelling and update referrers
P3,generated_value,PUB,__Public/comparative-data/10.1002%2Fajpa.1330510308_Tables1-9.tsv,2,Armstrong_1979,Armstrong__1979,yes,"""Table1""	""Armstrong_1979""	""primary""	""Hylo.-s""	""Hylobates_unknown_1""	""Hylobates sp.""	""Hylobates sp.""	""unknown""	""unknown""	NA	NA	""Thomas Jeffer"
P3,generated_value,PUB,__Public/comparative-data/10.1002%2Fajpa.1330510308_Tables1-9.tsv,3,Armstrong_1979,Armstrong__1979,yes,"""Table1""	""Armstrong_1979""	""primary""	""Hylo.-s""	""Hylobates_unknown_1""	""Hylobates sp.""	""Hylobates sp.""	""unknown""	""unknown""	NA	NA	""Thomas Jeffer"
P3,generated_value,PUB,__Public/comparative-data/10.1002%2Fajpa.1330510308_Tables1-9.tsv,4,Armstrong_1979,Armstrong__1979,yes,"""Table1""	""Armstrong_1979""	""primary""	""Hylo.-s""	""Hylobates_unknown_1""	""Hylobates sp.""	""Hylobates sp.""	""unknown""	""unknown""	NA	NA	""Thomas Jeffer"
P3,generated_value,PUB,__Public/comparative-data/10.1002%2Fajpa.1330510308_Tables1-9.tsv,5,Armstrong_1979,Armstrong__1979,yes,"""Table1""	""Armstrong_1979""	""primary""	""Hylo.-h""	""Hylobates_unknown_1""	""Hylobates sp.""	""Hylobates sp.""	""unknown""	""unknown""	NA	NA	""Thomas Jeffer"
P3,generated_value,PUB,__Public/comparative-data/10.1002%2Fajpa.1330510308_Tables1-9.tsv,6,Armstrong_1979,Armstrong__1979,yes,"""Table1""	""Armstrong_1979""	""primary""	""Hylo.-h""	""Hylobates_unknown_1""	""Hylobates sp.""	""Hylobates sp.""	""unknown""	""unknown""	NA	NA	""Thomas Jeffer"
P3,generated_value,PUB,__Public/comparative-data/10.1002%2Fajpa.1330510308_Tables1-9.tsv,7,Armstrong_1979,Armstrong__1979,yes,"""Table1""	""Armstrong_1979""	""primary""	""Hylo.-h""	""Hylobates_unknown_1""	""Hylobates sp.""	""Hylobates sp.""	""unknown""	""unknown""	NA	NA	""Thomas Jeffer"
P3,generated_value,PUB,__Public/comparative-data/10.1002%2Fajpa.1330510308_Tables1-9.tsv,8,Armstrong_1979,Armstrong__1979,yes,"""Table1""	""Armstrong_1979""	""primary""	""H. lar-t""	""Hylobates_lar_1""	""Hylobates lar""	""Hylobates lar""	""male""	""unknown""	5.93	101.9	""Max Planck Ins"
P3,generated_value,PUB,__Public/comparative-data/10.1002%2Fajpa.1330510308_Tables1-9.tsv,9,Armstrong_1979,Armstrong__1979,yes,"""Table1""	""Armstrong_1979""	""primary""	""H. lar-t""	""Hylobates_lar_1""	""Hylobates lar""	""Hylobates lar""	""male""	""unknown""	5.93	101.9	""Max Planck Ins"
P3,generated_value,PUB,__Public/comparative-data/10.1002%2Fajpa.1330510308_Tables1-9.tsv,10,Armstrong_1979,Armstrong__1979,yes,"""Table1""	""Armstrong_1979""	""primary""	""H. lar-t""	""Hylobates_lar_1""	""Hylobates lar""	""Hylobates lar""	""male""	""unknown""	5.93	101.9	""Max Planck Ins"
P3,generated_value,PUB,__Public/comparative-data/10.1002%2Fajpa.1330510308_Tables1-9.tsv,11,Armstrong_1979,Armstrong__1979,yes,"""Table1""	""Armstrong_1979""	""primary""	""Gorilla g.""	""Gorilla_1""	""Gorilla gorilla""	""Gorilla gorilla""	""male""	""14""	203	540	""Columbia University / "
P3,generated_value,PUB,__Public/comparative-data/10.1002%2Fajpa.1330510308_Tables1-9.tsv,12,Armstrong_1979,Armstrong__1979,yes,"""Table1""	""Armstrong_1979""	""primary""	""Gorilla g.""	""Gorilla_1""	""Gorilla gorilla""	""Gorilla gorilla""	""male""	""14""	203	540	""Columbia University / "
P3,generated_value,PUB,__Public/comparative-data/10.1002%2Fajpa.1330510308_Tables1-9.tsv,13,Armstrong_1979,Armstrong__1979,yes,"""Table1""	""Armstrong_1979""	""primary""	""Gorilla g.""	""Gorilla_1""	""Gorilla gorilla""	""Gorilla gorilla""	""male""	""14""	203	540	""Columbia University / "
P3,generated_value,PUB,__Public/comparative-data/10.1002%2Fajpa.1330510308_Tables1-9.tsv,14,Armstrong_1979,Armstrong__1979,yes,"""Table1""	""Armstrong_1979""	""primary""	""Pan t.""	""Pan_1""	""Pan troglodytes""	""Pan troglodytes""	""male""	""10-12""	63.5	405.5	""University of Wisconsin "
P3,generated_value,PUB,__Public/comparative-data/10.1002%2Fajpa.1330510308_Tables1-9.tsv,15,Armstrong_1979,Armstrong__1979,yes,"""Table1""	""Armstrong_1979""	""primary""	""Pan t.""	""Pan_1""	""Pan troglodytes""	""Pan troglodytes""	""male""	""10-12""	63.5	405.5	""University of Wisconsin "
P3,generated_value,PUB,__Public/comparative-data/10.1002%2Fajpa.1330510308_Tables1-9.tsv,16,Armstrong_1979,Armstrong__1979,yes,"""Table1""	""Armstrong_1979""	""primary""	""Pan t.""	""Pan_1""	""Pan troglodytes""	""Pan troglodytes""	""male""	""10-12""	63.5	405.5	""University of Wisconsin "
P3,generated_value,PUB,__Public/comparative-data/10.1002%2Fajpa.1330510308_Tables1-9.tsv,17,Armstrong_1979,Armstrong__1979,yes,"""Table1""	""Armstrong_1979""	""primary""	""Homo s.-s""	""Homo_volume_1""	""Homo sapiens""	""Homo sapiens""	""male""	""28""	NA	1890	""Yakovlev Collection""	""sag"
P3,generated_value,PUB,__Public/comparative-data/10.1002%2Fajpa.1330510308_Tables1-9.tsv,18,Armstrong_1979,Armstrong__1979,yes,"""Table1""	""Armstrong_1979""	""primary""	""Homo s.-s""	""Homo_volume_1""	""Homo sapiens""	""Homo sapiens""	""male""	""28""	NA	1890	""Yakovlev Collection""	""sag"
P3,generated_value,PUB,__Public/comparative-data/10.1002%2Fajpa.1330510308_Tables1-9.tsv,19,Armstrong_1979,Armstrong__1979,yes,"""Table1""	""Armstrong_1979""	""primary""	""Homo s.-s""	""Homo_volume_1""	""Homo sapiens""	""Homo sapiens""	""male""	""28""	NA	1890	""Yakovlev Collection""	""sag"
P3,generated_value,PUB,__Public/comparative-data/10.1002%2Fajpa.1330510308_Tables1-9.tsv,20,Armstrong_1979,Armstrong__1979,yes,"""Table1""	""Armstrong_1979""	""primary""	""Homo s.-t""	""Homo_volume_2""	""Homo sapiens""	""Homo sapiens""	""female""	""32""	NA	1200	""Yakovlev Collection""	""t"
P3,generated_value,PUB,__Public/comparative-data/10.1002%2Fajpa.1330510308_Tables1-9.tsv,21,Armstrong_1979,Armstrong__1979,yes,"""Table1""	""Armstrong_1979""	""primary""	""Homo s.-t""	""Homo_volume_2""	""Homo sapiens""	""Homo sapiens""	""female""	""32""	NA	1200	""Yakovlev Collection""	""t"
P3,generated_value,PUB,__Public/comparative-data/10.1002%2Fajpa.1330510308_Tables1-9.tsv,22,Armstrong_1979,Armstrong__1979,yes,"""Table1""	""Armstrong_1979""	""primary""	""Homo s.-t""	""Homo_volume_2""	""Homo sapiens""	""Homo sapiens""	""female""	""32""	NA	1200	""Yakovlev Collection""	""t"
P3,generated_value,PUB,__Public/comparative-data/10.1002%2Fajpa.1330510308_Tables1-9.tsv,34,Armstrong_1979,Armstrong__1979,yes,"""Table2""	""Armstrong_1979""	""primary""	""Hylo.-s""	""Hylobates_unknown_1""	""Hylobates sp.""	""Hylobates sp.""	""unknown""	""unknown""	NA	NA	""Thomas Jeffer"
P3,generated_value,PUB,__Public/comparative-data/10.1002%2Fajpa.1330510308_Tables1-9.tsv,35,Armstrong_1979,Armstrong__1979,yes,"""Table2""	""Armstrong_1979""	""primary""	""Hylo.-h""	""Hylobates_unknown_1""	""Hylobates sp.""	""Hylobates sp.""	""unknown""	""unknown""	NA	NA	""Thomas Jeffer"
P3,generated_value,PUB,__Public/comparative-data/10.1002%2Fajpa.1330510308_Tables1-9.tsv,36,Armstrong_1979,Armstrong__1979,yes,"""Table2""	""Armstrong_1979""	""primary""	""H. lar-t""	""Hylobates_lar_1""	""Hylobates lar""	""Hylobates lar""	""male""	""unknown""	5.93	101.9	""Max Planck Ins"
P3,generated_value,PUB,__Public/comparative-data/10.1002%2Fajpa.1330510308_Tables1-9.tsv,37,Armstrong_1979,Armstrong__1979,yes,"""Table2""	""Armstrong_1979""	""primary""	""Gorilla g.""	""Gorilla_1""	""Gorilla gorilla""	""Gorilla gorilla""	""male""	""14""	203	540	""Columbia University / "
P3,generated_value,PUB,__Public/comparative-data/10.1002%2Fajpa.1330510308_Tables1-9.tsv,38,Armstrong_1979,Armstrong__1979,yes,"""Table2""	""Armstrong_1979""	""primary""	""Pan t.""	""Pan_1""	""Pan troglodytes""	""Pan troglodytes""	""male""	""10-12""	63.5	405.5	""University of Wisconsin "
P3,generated_value,PUB,__Public/comparative-data/10.1002%2Fajpa.1330510308_Tables1-9.tsv,39,Armstrong_1979,Armstrong__1979,yes,"""Table2""	""Armstrong_1979""	""primary""	""Homo s.-c""	""Homo_cell_1""	""Homo sapiens""	""Homo sapiens""	""male""	""19""	113	1500	""not stated""	""coronal""	""MGB"
P3,generated_value,PUB,__Public/comparative-data/10.1002%2Fajpa.1330510308_Tables1-9.tsv,40,Armstrong_1979,Armstrong__1979,yes,"""Table3""	""Armstrong_1979""	""primary""	""Hylo.-s""	""Hylobates_unknown_1""	""Hylobates sp.""	""Hylobates sp.""	""unknown""	""unknown""	NA	NA	""Thomas Jeffer"
P3,generated_value,PUB,__Public/comparative-data/10.1002%2Fajpa.1330510308_Tables1-9.tsv,41,Armstrong_1979,Armstrong__1979,yes,"""Table3""	""Armstrong_1979""	""primary""	""Hylo.-h""	""Hylobates_unknown_1""	""Hylobates sp.""	""Hylobates sp.""	""unknown""	""unknown""	NA	NA	""Thomas Jeffer"
P3,generated_value,PUB,__Public/comparative-data/10.1002%2Fajpa.1330510308_Tables1-9.tsv,42,Armstrong_1979,Armstrong__1979,yes,"""Table3""	""Armstrong_1979""	""primary""	""Gorilla g.""	""Gorilla_1""	""Gorilla gorilla""	""Gorilla gorilla""	""male""	""14""	203	540	""Columbia University / "
P3,generated_value,PUB,__Public/comparative-data/10.1002%2Fajpa.1330510308_Tables1-9.tsv,43,Armstrong_1979,Armstrong__1979,yes,"""Table3""	""Armstrong_1979""	""primary""	""Pan t.""	""Pan_1""	""Pan troglodytes""	""Pan troglodytes""	""male""	""10-12""	63.5	405.5	""University of Wisconsin "
P3,generated_value,PUB,__Public/comparative-data/10.1002%2Fajpa.1330510308_Tables1-9.tsv,44,Armstrong_1979,Armstrong__1979,yes,"""Table3""	""Armstrong_1979""	""primary""	""Homo s.-c""	""Homo_cell_1""	""Homo sapiens""	""Homo sapiens""	""male""	""19""	113	1500	""not stated""	""coronal""	""LGB"
P3,generated_value,PUB,__Public/comparative-data/10.1002%2Fajpa.1330510308_Tables1-9.tsv,45,Armstrong_1979,Armstrong__1979,yes,"""Table3""	""Armstrong_1979""	""primary""	""Hylo.-s""	""Hylobates_unknown_1""	""Hylobates sp.""	""Hylobates sp.""	""unknown""	""unknown""	NA	NA	""Thomas Jeffer"
P3,generated_value,PUB,__Public/comparative-data/10.1002%2Fajpa.1330510308_Tables1-9.tsv,46,Armstrong_1979,Armstrong__1979,yes,"""Table3""	""Armstrong_1979""	""primary""	""Hylo.-h""	""Hylobates_unknown_1""	""Hylobates sp.""	""Hylobates sp.""	""unknown""	""unknown""	NA	NA	""Thomas Jeffer"
P3,generated_value,PUB,__Public/comparative-data/10.1002%2Fajpa.1330510308_Tables1-9.tsv,47,Armstrong_1979,Armstrong__1979,yes,"""Table3""	""Armstrong_1979""	""primary""	""Gorilla g.""	""Gorilla_1""	""Gorilla gorilla""	""Gorilla gorilla""	""male""	""14""	203	540	""Columbia University / "
P3,generated_value,PUB,__Public/comparative-data/10.1002%2Fajpa.1330510308_Tables1-9.tsv,48,Armstrong_1979,Armstrong__1979,yes,"""Table3""	""Armstrong_1979""	""primary""	""Pan t.""	""Pan_1""	""Pan troglodytes""	""Pan troglodytes""	""male""	""10-12""	63.5	405.5	""University of Wisconsin "
P3,generated_value,PUB,__Public/comparative-data/10.1002%2Fajpa.1330510308_Tables1-9.tsv,49,Armstrong_1979,Armstrong__1979,yes,"""Table3""	""Armstrong_1979""	""primary""	""Homo s.-c""	""Homo_cell_1""	""Homo sapiens""	""Homo sapiens""	""male""	""19""	113	1500	""not stated""	""coronal""	""LGB"
P3,generated_value,PUB,__Public/comparative-data/10.1002%2Fajpa.1330510308_Tables1-9.tsv,50,Armstrong_1979,Armstrong__1979,yes,"""Table4""	""Armstrong_1979""	""primary""	""Hylo.-s""	""Hylobates_unknown_1""	""Hylobates sp.""	""Hylobates sp.""	""unknown""	""unknown""	NA	NA	""Thomas Jeffer"
P3,generated_value,PUB,__Public/comparative-data/10.1002%2Fajpa.1330510308_Tables1-9.tsv,51,Armstrong_1979,Armstrong__1979,yes,"""Table4""	""Armstrong_1979""	""primary""	""Hylo.-h""	""Hylobates_unknown_1""	""Hylobates sp.""	""Hylobates sp.""	""unknown""	""unknown""	NA	NA	""Thomas Jeffer"
P3,generated_value,PUB,__Public/comparative-data/10.1002%2Fajpa.1330510308_Tables1-9.tsv,52,Armstrong_1979,Armstrong__1979,yes,"""Table4""	""Armstrong_1979""	""primary""	""H. lar-t""	""Hylobates_lar_1""	""Hylobates lar""	""Hylobates lar""	""male""	""unknown""	5.93	101.9	""Max Planck Ins"
P3,generated_value,PUB,__Public/comparative-data/10.1002%2Fajpa.1330510308_Tables1-9.tsv,53,Armstrong_1979,Armstrong__1979,yes,"""Table4""	""Armstrong_1979""	""primary""	""Gorilla g.""	""Gorilla_1""	""Gorilla gorilla""	""Gorilla gorilla""	""male""	""14""	203	540	""Columbia University / "
P3,generated_value,PUB,__Public/comparative-data/10.1002%2Fajpa.1330510308_Tables1-9.tsv,54,Armstrong_1979,Armstrong__1979,yes,"""Table4""	""Armstrong_1979""	""primary""	""Pan t.""	""Pan_1""	""Pan troglodytes""	""Pan troglodytes""	""male""	""10-12""	63.5	405.5	""University of Wisconsin "
P3,generated_value,PUB,__Public/comparative-data/10.1002%2Fajpa.1330510308_Tables1-9.tsv,55,Armstrong_1979,Armstrong__1979,yes,"""Table4""	""Armstrong_1979""	""primary""	""Homo s.-c""	""Homo_cell_1""	""Homo sapiens""	""Homo sapiens""	""male""	""19""	113	1500	""not stated""	""coronal""	""VB"""
P3,generated_value,PUB,__Public/comparative-data/10.1002%2Fajpa.1330510308_Tables1-9.tsv,56,Armstrong_1979,Armstrong__1979,yes,"""Table5""	""Armstrong_1979""	""primary""	""Hylo.-s""	""Hylobates_unknown_1""	""Hylobates sp.""	""Hylobates sp.""	""unknown""	""unknown""	NA	NA	""Thomas Jeffer"
P3,generated_value,PUB,__Public/comparative-data/10.1002%2Fajpa.1330510308_Tables1-9.tsv,57,Armstrong_1979,Armstrong__1979,yes,"""Table5""	""Armstrong_1979""	""primary""	""Hylo.-s""	""Hylobates_unknown_1""	""Hylobates sp.""	""Hylobates sp.""	""unknown""	""unknown""	NA	NA	""Thomas Jeffer"
P3,generated_value,PUB,__Public/comparative-data/10.1002%2Fajpa.1330510308_Tables1-9.tsv,58,Armstrong_1979,Armstrong__1979,yes,"""Table5""	""Armstrong_1979""	""primary""	""Hylo.-h""	""Hylobates_unknown_1""	""Hylobates sp.""	""Hylobates sp.""	""unknown""	""unknown""	NA	NA	""Thomas Jeffer"
P3,generated_value,PUB,__Public/comparative-data/10.1002%2Fajpa.1330510308_Tables1-9.tsv,59,Armstrong_1979,Armstrong__1979,yes,"""Table5""	""Armstrong_1979""	""primary""	""Hylo.-h""	""Hylobates_unknown_1""	""Hylobates sp.""	""Hylobates sp.""	""unknown""	""unknown""	NA	NA	""Thomas Jeffer"
P3,generated_value,PUB,__Public/comparative-data/10.1002%2Fajpa.1330510308_Tables1-9.tsv,60,Armstrong_1979,Armstrong__1979,yes,"""Table5""	""Armstrong_1979""	""primary""	""H. lar-t""	""Hylobates_lar_1""	""Hylobates lar""	""Hylobates lar""	""male""	""unknown""	5.93	101.9	""Max Planck Ins"
P3,generated_value,PUB,__Public/comparative-data/10.1002%2Fajpa.1330510308_Tables1-9.tsv,61,Armstrong_1979,Armstrong__1979,yes,"""Table5""	""Armstrong_1979""	""primary""	""H. lar-t""	""Hylobates_lar_1""	""Hylobates lar""	""Hylobates lar""	""male""	""unknown""	5.93	101.9	""Max Planck Ins"
P3,generated_value,PUB,__Public/comparative-data/10.1002%2Fajpa.1330510308_Tables1-9.tsv,62,Armstrong_1979,Armstrong__1979,yes,"""Table5""	""Armstrong_1979""	""primary""	""Gorilla g.""	""Gorilla_1""	""Gorilla gorilla""	""Gorilla gorilla""	""male""	""14""	203	540	""Columbia University / "
P3,generated_value,PUB,__Public/comparative-data/10.1002%2Fajpa.1330510308_Tables1-9.tsv,63,Armstrong_1979,Armstrong__1979,yes,"""Table5""	""Armstrong_1979""	""primary""	""Gorilla g.""	""Gorilla_1""	""Gorilla gorilla""	""Gorilla gorilla""	""male""	""14""	203	540	""Columbia University / "
P3,generated_value,PUB,__Public/comparative-data/10.1002%2Fajpa.1330510308_Tables1-9.tsv,64,Armstrong_1979,Armstrong__1979,yes,"""Table5""	""Armstrong_1979""	""primary""	""Pan t.""	""Pan_1""	""Pan troglodytes""	""Pan troglodytes""	""male""	""10-12""	63.5	405.5	""University of Wisconsin "
P3,generated_value,PUB,__Public/comparative-data/10.1002%2Fajpa.1330510308_Tables1-9.tsv,65,Armstrong_1979,Armstrong__1979,yes,"""Table5""	""Armstrong_1979""	""primary""	""Pan t.""	""Pan_1""	""Pan troglodytes""	""Pan troglodytes""	""male""	""10-12""	63.5	405.5	""University of Wisconsin "
P3,generated_value,PUB,__Public/comparative-data/10.1002%2Fajpa.1330510308_Tables1-9.tsv,66,Armstrong_1979,Armstrong__1979,yes,"""Table5""	""Armstrong_1979""	""primary""	""Homo s.-s""	""Homo_volume_1""	""Homo sapiens""	""Homo sapiens""	""male""	""28""	NA	1890	""Yakovlev Collection""	""sag"
P3,generated_value,PUB,__Public/comparative-data/10.1002%2Fajpa.1330510308_Tables1-9.tsv,67,Armstrong_1979,Armstrong__1979,yes,"""Table5""	""Armstrong_1979""	""primary""	""Homo s.-s""	""Homo_volume_1""	""Homo sapiens""	""Homo sapiens""	""male""	""28""	NA	1890	""Yakovlev Collection""	""sag"
P3,generated_value,PUB,__Public/comparative-data/10.1002%2Fajpa.1330510308_Tables1-9.tsv,68,Armstrong_1979,Armstrong__1979,yes,"""Table5""	""Armstrong_1979""	""primary""	""Homo s.-t""	""Homo_volume_2""	""Homo sapiens""	""Homo sapiens""	""female""	""32""	NA	1200	""Yakovlev Collection""	""t"
P3,generated_value,PUB,__Public/comparative-data/10.1002%2Fajpa.1330510308_Tables1-9.tsv,69,Armstrong_1979,Armstrong__1979,yes,"""Table5""	""Armstrong_1979""	""primary""	""Homo s.-t""	""Homo_volume_2""	""Homo sapiens""	""Homo sapiens""	""female""	""32""	NA	1200	""Yakovlev Collection""	""t"
P3,generated_value,PUB,__Public/comparative-data/10.1002%2Fajpa.1330510308_Tables1-9.tsv,70,Armstrong_1979,Armstrong__1979,yes,"""Table6""	""Armstrong_1979""	""primary""	""Hylo.-s""	""Hylobates_unknown_1""	""Hylobates sp.""	""Hylobates sp.""	""unknown""	""unknown""	NA	NA	""Thomas Jeffer"
P3,generated_value,PUB,__Public/comparative-data/10.1002%2Fajpa.1330510308_Tables1-9.tsv,71,Armstrong_1979,Armstrong__1979,yes,"""Table6""	""Armstrong_1979""	""primary""	""Hylo.-s""	""Hylobates_unknown_1""	""Hylobates sp.""	""Hylobates sp.""	""unknown""	""unknown""	NA	NA	""Thomas Jeffer"
P3,generated_value,PUB,__Public/comparative-data/10.1002%2Fajpa.1330510308_Tables1-9.tsv,72,Armstrong_1979,Armstrong__1979,yes,"""Table6""	""Armstrong_1979""	""primary""	""Hylo.-s""	""Hylobates_unknown_1""	""Hylobates sp.""	""Hylobates sp.""	""unknown""	""unknown""	NA	NA	""Thomas Jeffer"
P3,generated_value,PUB,__Public/comparative-data/10.1002%2Fajpa.1330510308_Tables1-9.tsv,73,Armstrong_1979,Armstrong__1979,yes,"""Table6""	""Armstrong_1979""	""primary""	""Hylo.-h""	""Hylobates_unknown_1""	""Hylobates sp.""	""Hylobates sp.""	""unknown""	""unknown""	NA	NA	""Thomas Jeffer"
P3,generated_value,PUB,__Public/comparative-data/10.1002%2Fajpa.1330510308_Tables1-9.tsv,74,Armstrong_1979,Armstrong__1979,yes,"""Table6""	""Armstrong_1979""	""primary""	""Hylo.-h""	""Hylobates_unknown_1""	""Hylobates sp.""	""Hylobates sp.""	""unknown""	""unknown""	NA	NA	""Thomas Jeffer"
P3,generated_value,PUB,__Public/comparative-data/10.1002%2Fajpa.1330510308_Tables1-9.tsv,75,Armstrong_1979,Armstrong__1979,yes,"""Table6""	""Armstrong_1979""	""primary""	""Hylo.-h""	""Hylobates_unknown_1""	""Hylobates sp.""	""Hylobates sp.""	""unknown""	""unknown""	NA	NA	""Thomas Jeffer"
P3,generated_value,PUB,__Public/comparative-data/10.1002%2Fajpa.1330510308_Tables1-9.tsv,76,Armstrong_1979,Armstrong__1979,yes,"""Table6""	""Armstrong_1979""	""primary""	""H. lar-t""	""Hylobates_lar_1""	""Hylobates lar""	""Hylobates lar""	""male""	""unknown""	5.93	101.9	""Max Planck Ins"
P3,generated_value,PUB,__Public/comparative-data/10.1002%2Fajpa.1330510308_Tables1-9.tsv,77,Armstrong_1979,Armstrong__1979,yes,"""Table6""	""Armstrong_1979""	""primary""	""H. lar-t""	""Hylobates_lar_1""	""Hylobates lar""	""Hylobates lar""	""male""	""unknown""	5.93	101.9	""Max Planck Ins"
P3,generated_value,PUB,__Public/comparative-data/10.1002%2Fajpa.1330510308_Tables1-9.tsv,78,Armstrong_1979,Armstrong__1979,yes,"""Table6""	""Armstrong_1979""	""primary""	""H. lar-t""	""Hylobates_lar_1""	""Hylobates lar""	""Hylobates lar""	""male""	""unknown""	5.93	101.9	""Max Planck Ins"
P3,generated_value,PUB,__Public/comparative-data/10.1002%2Fajpa.1330510308_Tables1-9.tsv,79,Armstrong_1979,Armstrong__1979,yes,"""Table6""	""Armstrong_1979""	""primary""	""Gorilla g.""	""Gorilla_1""	""Gorilla gorilla""	""Gorilla gorilla""	""male""	""14""	203	540	""Columbia University / "
P3,generated_value,PUB,__Public/comparative-data/10.1002%2Fajpa.1330510308_Tables1-9.tsv,80,Armstrong_1979,Armstrong__1979,yes,"""Table6""	""Armstrong_1979""	""primary""	""Gorilla g.""	""Gorilla_1""	""Gorilla gorilla""	""Gorilla gorilla""	""male""	""14""	203	540	""Columbia University / "
P3,generated_value,PUB,__Public/comparative-data/10.1002%2Fajpa.1330510308_Tables1-9.tsv,81,Armstrong_1979,Armstrong__1979,yes,"""Table6""	""Armstrong_1979""	""primary""	""Gorilla g.""	""Gorilla_1""	""Gorilla gorilla""	""Gorilla gorilla""	""male""	""14""	203	540	""Columbia University / "
P3,generated_value,PUB,__Public/comparative-data/10.1002%2Fajpa.1330510308_Tables1-9.tsv,82,Armstrong_1979,Armstrong__1979,yes,"""Table6""	""Armstrong_1979""	""primary""	""Pan t.""	""Pan_1""	""Pan troglodytes""	""Pan troglodytes""	""male""	""10-12""	63.5	405.5	""University of Wisconsin "
P3,generated_value,PUB,__Public/comparative-data/10.1002%2Fajpa.1330510308_Tables1-9.tsv,83,Armstrong_1979,Armstrong__1979,yes,"""Table6""	""Armstrong_1979""	""primary""	""Pan t.""	""Pan_1""	""Pan troglodytes""	""Pan troglodytes""	""male""	""10-12""	63.5	405.5	""University of Wisconsin "
P3,generated_value,PUB,__Public/comparative-data/10.1002%2Fajpa.1330510308_Tables1-9.tsv,84,Armstrong_1979,Armstrong__1979,yes,"""Table6""	""Armstrong_1979""	""primary""	""Pan t.""	""Pan_1""	""Pan troglodytes""	""Pan troglodytes""	""male""	""10-12""	63.5	405.5	""University of Wisconsin "
P3,generated_value,PUB,__Public/comparative-data/10.1002%2Fajpa.1330510308_Tables1-9.tsv,85,Armstrong_1979,Armstrong__1979,yes,"""Table6""	""Armstrong_1979""	""primary""	""Homo s.""	""Homo_combined""	""Homo sapiens""	""Homo sapiens""	""mixed""	""derived""	NA	NA	""Yakovlev Collection + c"
P3,generated_value,PUB,__Public/comparative-data/10.1002%2Fajpa.1330510308_Tables1-9.tsv,86,Armstrong_1979,Armstrong__1979,yes,"""Table6""	""Armstrong_1979""	""primary""	""Homo s.""	""Homo_combined""	""Homo sapiens""	""Homo sapiens""	""mixed""	""derived""	NA	NA	""Yakovlev Collection + c"
P3,generated_value,PUB,__Public/comparative-data/10.1002%2Fajpa.1330510308_Tables1-9.tsv,87,Armstrong_1979,Armstrong__1979,yes,"""Table6""	""Armstrong_1979""	""primary""	""Homo s.""	""Homo_combined""	""Homo sapiens""	""Homo sapiens""	""mixed""	""derived""	NA	NA	""Yakovlev Collection + c"
P3,generated_value,PUB,__Public/comparative-data/10.1002%2Fajpa.1330510308_Tables1-9.tsv,88,Armstrong_1979,Armstrong__1979,yes,"""Table7""	""Armstrong_1979""	""primary""	""Hylo.-s""	""Hylobates_unknown_1""	""Hylobates sp.""	""Hylobates sp.""	""unknown""	""unknown""	NA	NA	""Thomas Jeffer"
P3,generated_value,PUB,__Public/comparative-data/10.1002%2Fajpa.1330510308_Tables1-9.tsv,89,Armstrong_1979,Armstrong__1979,yes,"""Table7""	""Armstrong_1979""	""primary""	""Hylo.-h""	""Hylobates_unknown_1""	""Hylobates sp.""	""Hylobates sp.""	""unknown""	""unknown""	NA	NA	""Thomas Jeffer"
P3,generated_value,PUB,__Public/comparative-data/10.1002%2Fajpa.1330510308_Tables1-9.tsv,90,Armstrong_1979,Armstrong__1979,yes,"""Table7""	""Armstrong_1979""	""primary""	""H. lar-t""	""Hylobates_lar_1""	""Hylobates lar""	""Hylobates lar""	""male""	""unknown""	5.93	101.9	""Max Planck Ins"
P3,generated_value,PUB,__Public/comparative-data/10.1002%2Fajpa.1330510308_Tables1-9.tsv,91,Armstrong_1979,Armstrong__1979,yes,"""Table7""	""Armstrong_1979""	""primary""	""Gorilla g.""	""Gorilla_1""	""Gorilla gorilla""	""Gorilla gorilla""	""male""	""14""	203	540	""Columbia University / "
P3,generated_value,PUB,__Public/comparative-data/10.1002%2Fajpa.1330510308_Tables1-9.tsv,92,Armstrong_1979,Armstrong__1979,yes,"""Table7""	""Armstrong_1979""	""primary""	""Pan t.""	""Pan_1""	""Pan troglodytes""	""Pan troglodytes""	""male""	""10-12""	63.5	405.5	""University of Wisconsin "
P3,generated_value,PUB,__Public/comparative-data/10.1002%2Fajpa.1330510308_Tables1-9.tsv,93,Armstrong_1979,Armstrong__1979,yes,"""Table7""	""Armstrong_1979""	""primary""	""Homo s.-c""	""Homo_cell_1""	""Homo sapiens""	""Homo sapiens""	""male""	""19""	113	1500	""not stated""	""coronal""	""MGB"
P3,generated_value,PUB,__Public/comparative-data/10.1002%2Fajpa.1330510308_Tables1-9.tsv,94,Armstrong_1979,Armstrong__1979,yes,"""Table8""	""Armstrong_1979""	""primary""	""Hylo.-s""	""Hylobates_unknown_1""	""Hylobates sp.""	""Hylobates sp.""	""unknown""	""unknown""	NA	NA	""Thomas Jeffer"
P3,generated_value,PUB,__Public/comparative-data/10.1002%2Fajpa.1330510308_Tables1-9.tsv,95,Armstrong_1979,Armstrong__1979,yes,"""Table8""	""Armstrong_1979""	""primary""	""Hylo.-h""	""Hylobates_unknown_1""	""Hylobates sp.""	""Hylobates sp.""	""unknown""	""unknown""	NA	NA	""Thomas Jeffer"
P3,generated_value,PUB,__Public/comparative-data/10.1002%2Fajpa.1330510308_Tables1-9.tsv,96,Armstrong_1979,Armstrong__1979,yes,"""Table8""	""Armstrong_1979""	""primary""	""Gorilla g.""	""Gorilla_1""	""Gorilla gorilla""	""Gorilla gorilla""	""male""	""14""	203	540	""Columbia University / "
P3,generated_value,PUB,__Public/comparative-data/10.1002%2Fajpa.1330510308_Tables1-9.tsv,97,Armstrong_1979,Armstrong__1979,yes,"""Table8""	""Armstrong_1979""	""primary""	""Pan t.""	""Pan_1""	""Pan troglodytes""	""Pan troglodytes""	""male""	""10-12""	63.5	405.5	""University of Wisconsin "
P3,generated_value,PUB,__Public/comparative-data/10.1002%2Fajpa.1330510308_Tables1-9.tsv,98,Armstrong_1979,Armstrong__1979,yes,"""Table8""	""Armstrong_1979""	""primary""	""Homo s.-c""	""Homo_cell_1""	""Homo sapiens""	""Homo sapiens""	""male""	""19""	113	1500	""not stated""	""coronal""	""LGB"
P3,generated_value,PUB,__Public/comparative-data/10.1002%2Fajpa.1330510308_Tables1-9.tsv,99,Armstrong_1979,Armstrong__1979,yes,"""Table8""	""Armstrong_1979""	""primary""	""Hylo.-s""	""Hylobates_unknown_1""	""Hylobates sp.""	""Hylobates sp.""	""unknown""	""unknown""	NA	NA	""Thomas Jeffer"
P3,generated_value,PUB,__Public/comparative-data/10.1002%2Fajpa.1330510308_Tables1-9.tsv,100,Armstrong_1979,Armstrong__1979,yes,"""Table8""	""Armstrong_1979""	""primary""	""Hylo.-h""	""Hylobates_unknown_1""	""Hylobates sp.""	""Hylobates sp.""	""unknown""	""unknown""	NA	NA	""Thomas Jeffer"
P3,generated_value,PUB,__Public/comparative-data/10.1002%2Fajpa.1330510308_Tables1-9.tsv,101,Armstrong_1979,Armstrong__1979,yes,"""Table8""	""Armstrong_1979""	""primary""	""Gorilla g.""	""Gorilla_1""	""Gorilla gorilla""	""Gorilla gorilla""	""male""	""14""	203	540	""Columbia University / "
P3,generated_value,PUB,__Public/comparative-data/10.1002%2Fajpa.1330510308_Tables1-9.tsv,102,Armstrong_1979,Armstrong__1979,yes,"""Table8""	""Armstrong_1979""	""primary""	""Homo s.-c""	""Homo_cell_1""	""Homo sapiens""	""Homo sapiens""	""male""	""19""	113	1500	""not stated""	""coronal""	""LGB"
P3,generated_value,PUB,__Public/comparative-data/10.1002%2Fajpa.1330510308_Tables1-9.tsv,103,Armstrong_1979,Armstrong__1979,yes,"""Table9""	""Armstrong_1979""	""primary""	""Hylo.-s""	""Hylobates_unknown_1""	""Hylobates sp.""	""Hylobates sp.""	""unknown""	""unknown""	NA	NA	""Thomas Jeffer"
P3,generated_value,PUB,__Public/comparative-data/10.1002%2Fajpa.1330510308_Tables1-9.tsv,104,Armstrong_1979,Armstrong__1979,yes,"""Table9""	""Armstrong_1979""	""primary""	""Hylo.-h""	""Hylobates_unknown_1""	""Hylobates sp.""	""Hylobates sp.""	""unknown""	""unknown""	NA	NA	""Thomas Jeffer"
P3,generated_value,PUB,__Public/comparative-data/10.1002%2Fajpa.1330510308_Tables1-9.tsv,105,Armstrong_1979,Armstrong__1979,yes,"""Table9""	""Armstrong_1979""	""primary""	""H. lar-t""	""Hylobates_lar_1""	""Hylobates lar""	""Hylobates lar""	""male""	""unknown""	5.93	101.9	""Max Planck Ins"
P3,generated_value,PUB,__Public/comparative-data/10.1002%2Fajpa.1330510308_Tables1-9.tsv,106,Armstrong_1979,Armstrong__1979,yes,"""Table9""	""Armstrong_1979""	""primary""	""Gorilla g.""	""Gorilla_1""	""Gorilla gorilla""	""Gorilla gorilla""	""male""	""14""	203	540	""Columbia University / "
P3,generated_value,PUB,__Public/comparative-data/10.1002%2Fajpa.1330510308_Tables1-9.tsv,107,Armstrong_1979,Armstrong__1979,yes,"""Table9""	""Armstrong_1979""	""primary""	""Homo s.-c""	""Homo_cell_1""	""Homo sapiens""	""Homo sapiens""	""male""	""19""	113	1500	""not stated""	""coronal""	""VB"""
P4,doc,PUB,Baker_etal_2025/Baker_etal_2025_HANDOFF.md,34,ManyPrimates_2022,ManyPrimates__2022,yes,- ManyPrimates_2022 cognition/predictors — **32** shared
P4,doc,PUB,Baker_etal_2025/Baker_etal_2025_HANDOFF.md,35,Granatosky_2018,Granatosky__2018,yes,- Granatosky_2018 locomotion — **62** shared
P4,doc,PUB,MacLarnon__1996/MacLarnon__1996_Table1.ReadMe.md,9,MacLarnon_1996,MacLarnon__1996,yes,MacLarnon_1996_Table1_snapshot.xlsx
P4,doc,PUB,MacLarnon__1996/MacLarnon__1996_Table1.ReadMe.md,25,MacLarnon_1996,MacLarnon__1996,yes,MacLarnon_1996_Table1.csv <-- USE THIS
P4,doc,PUB,MacLeod__2000/MacLeod__2000_APPENDIXI.ReadMe.md,8,MacLeod_2000,MacLeod__2000,yes,"`macleod_2000.pdf`, Appendix I, printed pp. 199-200 (PDF pages 218-219). The table was taken from rendered page images of the scanned disser"
P4,doc,PUB,MacLeod__2000/MacLeod__2000_APPENDIXI.ReadMe.md,13,MacLeod_2000,MacLeod__2000,yes,`MacLeod_2000_APPENDIXI.R` -> `MacLeod_2000_APPENDIXI.csv` and `MacLeod_2000_APPENDIXI.tsv` (**use these**).
P4,doc,PUB,MacLeod__2000/MacLeod__2000_APPENDIXI.ReadMe.md,13,MacLeod_2000,MacLeod__2000,yes,`MacLeod_2000_APPENDIXI.R` -> `MacLeod_2000_APPENDIXI.csv` and `MacLeod_2000_APPENDIXI.tsv` (**use these**).
P4,doc,PUB,MacLeod__2000/MacLeod__2000_APPENDIXI.ReadMe.md,13,MacLeod_2000,MacLeod__2000,yes,`MacLeod_2000_APPENDIXI.R` -> `MacLeod_2000_APPENDIXI.csv` and `MacLeod_2000_APPENDIXI.tsv` (**use these**).
P4,doc,PUB,Manger__2006/Manger__2006_Table1.ReadMe.md,11,Manger_2006,Manger__2006,yes,"| `Manger_2006_Table1_snapshot.csv` | frozen, faithful copy of the extant-cetacean rows of Table 1 |"
P4,doc,PUB,Manger__2006/Manger__2006_Table1.ReadMe.md,12,Manger_2006,Manger__2006,yes,"| `Manger_2006_Table1.csv` | cleaned, analysis-ready data |"
P4,doc,PUB,Manger__2006/Manger__2006_Table1.ReadMe.md,13,Manger_2006,Manger__2006,yes,| `Manger_2006_Table1.R` | script that turns the snapshot into the clean CSV |
P4,doc,PUB,Manger__2006/Manger__2006_Table1.ReadMe.md,14,Manger_2006,Manger__2006,yes,| `Manger_2006_Table1.ReadMe.md` | this file |
P4,doc,PUB,Manger__2006/Manger__2006_Table1.ReadMe.md,18,Manger_2006,Manger__2006,yes,"The printed Table 1 has three sections: Eocene Archaeoceti, Oligocene cetaceans, Miocene cetaceans, and Extant cetaceans (subdivided into od"
P4,doc,PUB,SOURCE_DISPOSITION_REGISTER.md,42,Weaver_2005,Weaver__2005,yes,"| Weaver 2005, *Reciprocal evolution of the cerebellum and neocortex in fossil humans* | `DOCUMENTED SKIP` | No new raw table; quantitative "
P4,doc,PUB,SOURCE_DISPOSITION_REGISTER.md,42,Weaver_2005,Weaver__2005,yes,"| Weaver 2005, *Reciprocal evolution of the cerebellum and neocortex in fossil humans* | `DOCUMENTED SKIP` | No new raw table; quantitative "
P4,doc,PUB,SOURCE_DISPOSITION_REGISTER.md,42,Weaver_2005,Weaver__2005,yes,"| Weaver 2005, *Reciprocal evolution of the cerebellum and neocortex in fossil humans* | `DOCUMENTED SKIP` | No new raw table; quantitative "
P4,doc,PUB,____Collections and Specimen notes/Disco_gibbon_specimen_note.md,450,MacLeod_2000,MacLeod__2000,yes,`MacLeod_2000` or `Barger_etal_2007`** — other authors describing the shared collection.
P4,doc,PUB,____Collections and Specimen notes/Disco_gibbon_specimen_note.md,477,MacLeod_2000,MacLeod__2000,yes,| `MacLeod_2000` | `DISCO (3/97) / GPZ-5542` | histology | registered |
P4,code_comment,PUB,__merging_behaviour/behaviour_compiled.R,10,ManyPrimates_2022,ManyPrimates__2022,yes,"##   VocalRepertoire  Schniter_2026 (primary, updated) + ManyPrimates_2022 (secondary). Both draw on"
P4,doc,PUB,__merging_sleep/README__merging.md,43,HerculanoHouzel_2015,HerculanoHouzel__2015,yes,| `HerculanoHouzel__2015_Table1` | HerculanoHouzel_2015 | `Sleep_h_day` | 24 mammals | primary (daily sleep) |
P4,doc,PUB,_keys/specimen_crosswalk/SCHEMA.md,44,MacLeod_2000,MacLeod__2000,yes,| `item_reference` | the specific table item (e.g. `MacLeod_2000_APPENDIXI`). |
