"Species","Body_Mass.g","BMR_wholeanimal.mLO2h","BMR_massspecific.mLO2hg","Maximum_longevity.yr","Gestation.days","Weaning_age.days","Litter_size","Female_sexual_maturity.days","Diet_Inv","Diet_Vend","Diet_Vect","Diet_Vfish","Diet_Vunk","Diet_Scav","Diet_Fruit","Diet_Nect","Diet_Seed","Diet_PlantO","Diet_breadth","Diet_dominant","Trophic_guild","ForStrat_stratum","Activity_pattern"
"Abditomys latidens","269",,,,,,,,"0","0","0","0","0","0","0","0","0","100","1","Other plant","Herbivore","Arboreal","Nocturnal"
"Abeomelomys sevia","58.14",,,,,,,,"10","0","0","0","0","0","10","0","20","60","4","Other plant","Herbivore","Ground","Nocturnal"
"Abrawayaomys ruschii","63",,,,,,,,"20","0","0","0","0","0","10","0","40","30","4","Seed","Herbivore","Ground","Nocturnal"
"Abrocoma bennettii","250.5",,,,,,,,"0","0","0","0","0","0","0","0","0","100","1","Other plant","Herbivore","Ground","Nocturnal"
"Abrocoma boliviensis","158",,,,,,,,"0","0","0","0","0","0","0","0","0","100","1","Other plant","Herbivore","Ground","Nocturnal"
"Abrocoma budini","214.69",,,,,,,,"0","0","0","0","0","0","0","0","0","100","1","Other plant","Herbivore","Ground","Nocturnal"
"Abrocoma cinerea","250",,,,,,,,"0","0","0","0","0","0","0","0","0","100","1","Other plant","Herbivore","Ground","Nocturnal"
"Abrocoma famatina","214.69",,,,,,,,"0","0","0","0","0","0","0","0","0","100","1","Other plant","Herbivore","Ground","Nocturnal"
"Abrocoma shistacea","214.69",,,,,,,,"0","0","0","0","0","0","0","0","0","100","1","Other plant","Herbivore","Ground","Nocturnal"
"Abrocoma uspallata","214.69",,,,,,,,"0","0","0","0","0","0","0","0","0","100","1","Other plant","Herbivore","Ground","Nocturnal"
"Abrocoma vaccarum","214.69",,,,,,,,"0","0","0","0","0","0","0","0","0","100","1","Other plant","Herbivore","Ground","Nocturnal"
"Abrothrix andinus","25.23","47.045","1.8446",,,,,,"30","0","0","0","0","0","0","0","0","70","2","Other plant","Herbivore","Ground","Cathemeral"
"Abrothrix hershkovitzi","32.42",,,,,,,,"30","0","0","0","0","0","0","0","0","70","2","Other plant","Herbivore","Ground","Cathemeral"
"Abrothrix illuteus","47.79",,,,,,,,"30","0","0","0","0","0","0","0","0","70","2","Other plant","Herbivore","Ground","Cathemeral"
"Abrothrix jelskii","34.5",,,,,,,,"30","0","0","0","0","0","0","0","0","70","2","Other plant","Herbivore","Ground","Cathemeral"
"Abrothrix lanosus","25.915","45.6","1.9",,,,,,"30","0","0","0","0","0","0","0","0","70","2","Other plant","Herbivore","Ground","Cathemeral"
"Abrothrix longipilis","40.58","57.5","1.3593",,,,,,"30","0","0","0","0","0","0","0","0","70","2","Other plant","Herbivore","Ground","Cathemeral"
"Abrothrix markhami","29.03",,,,,,,,"30","0","0","0","0","0","0","0","0","70","2","Other plant","Herbivore","Ground","Cathemeral"
"Abrothrix olivaceus","27.5267","55.3867","1.7599",,,,,,"30","0","0","0","0","0","0","0","0","70","2","Other plant","Herbivore","Ground","Cathemeral"
"Abrothrix sanborni","24.7",,,,,,,,"30","0","0","0","0","0","0","0","0","70","2","Other plant","Herbivore","Ground","Cathemeral"
"Abyssorchomene plebs","0.1",,,,,,,,,,,,,,,,,,,,,,
"Acanthaster planci","1640",,,,,,,,,,,,,,,,,,,,,,
"Acanthephyra purpurea","1.4",,,,,,,,,,,,,,,,,,,,,,
"Acanthochromis polyacanthus","173.91",,,,,,,,,,,,,,,,,,,,,,
"Acerodon celebensis","390",,,,,,,,"0","0","0","0","0","0","100","0","0","0","1","Fruit","Herbivore","Arboreal","Nocturnal"
"Acerodon humilis","462.47",,,,,,,,"0","0","0","0","0","0","100","0","0","0","1","Fruit","Herbivore","Arboreal","Nocturnal"
"Acerodon jubatus","1075",,,,,,,,"0","0","0","0","0","0","100","0","0","0","1","Fruit","Herbivore","Arboreal","Nocturnal"
"Acerodon leucotis","462.47",,,,,,,,"0","0","0","0","0","0","100","0","0","0","1","Fruit","Herbivore","Arboreal","Nocturnal"
"Acerodon mackloti","470.33",,,,,,,,"0","0","0","0","0","0","100","0","0","0","1","Fruit","Herbivore","Arboreal","Nocturnal"
"Achatina fulica","62.075",,,,,,,,,,,,,,,,,,,,,,
"Acherontia styx medusa","1",,,,,,,,,,,,,,,,,,,,,,
"Acinonyx jubatus","45586.6667","11121.15","0.2885",,,,,,"0","100","0","0","0","0","0","0","0","0","1","Endotherm vertebrates","Faunivore","Ground","Diurnal"
"Acomys airensis","28.81",,,,,,,,"10","0","0","0","30","0","0","0","10","50","4","Other plant","Omnivore","Ground","Nocturnal"
"Acomys cahirinus","43.2517","53.1417","1.15",,,,,,"0","0","0","0","30","0","0","0","0","70","2","Other plant","Herbivore","Ground","Nocturnal"
"Acomys chudeaui","28.81",,,,,,,,"10","0","0","0","30","0","0","0","10","50","4","Other plant","Omnivore","Ground","Nocturnal"
"Acomys cilicicus","28.61",,,,,,,,"0","0","0","0","30","0","0","0","0","70","2","Other plant","Herbivore","Ground","Nocturnal"
"Acomys cineraceus","30.59",,,,,,,,"10","0","0","0","30","0","0","0","10","50","4","Other plant","Omnivore","Ground","Nocturnal"
"Acomys dimidiatus","28.81",,,,,,,,"10","0","0","0","30","0","0","0","10","50","4","Other plant","Omnivore","Ground","Nocturnal"
"Acomys ignitus","24",,,,,,,,"0","0","0","0","30","0","0","0","0","70","2","Other plant","Herbivore","Ground","Nocturnal"
"Acomys johannis","28.81",,,,,,,,"10","0","0","0","30","0","0","0","10","50","4","Other plant","Omnivore","Ground","Nocturnal"
"Acomys kempi","22",,,,,,,,"0","0","0","0","30","0","0","0","0","70","2","Other plant","Herbivore","Ground","Nocturnal"
"Acomys louisae","20.2",,,,,,,,"0","0","0","0","30","0","0","0","0","70","2","Other plant","Herbivore","Ground","Nocturnal"
"Acomys minous","62.5",,,,,,,,"0","0","0","0","30","0","0","0","0","70","2","Other plant","Herbivore","Ground","Nocturnal"
"Acomys mullah","28.74",,,,,,,,"0","0","0","0","30","0","0","0","0","70","2","Other plant","Herbivore","Ground","Nocturnal"
"Acomys nesiotes","28.67",,,,,,,,"0","0","0","0","30","0","0","0","0","70","2","Other plant","Herbivore","Ground","Nocturnal"
"Acomys percivali","22",,,,,,,,"0","0","0","0","30","0","0","0","0","70","2","Other plant","Herbivore","Ground","Nocturnal"
"Acomys russatus","64","51.2138","0.8433",,,,,,"20","0","0","0","40","0","0","0","10","30","4","Vertebrates (unknown)","Omnivore","Ground","Nocturnal"
"Acomys seurati","28.81",,,,,,,,"10","0","0","0","30","0","0","0","10","50","4","Other plant","Omnivore","Ground","Nocturnal"
"Acomys spinosissimus","26.76","44.15","1.634",,,,,,"0","0","0","0","30","0","0","0","0","70","2","Other plant","Herbivore","Ground","Nocturnal"
"Acomys subspinosus","26.63","83.46","2.5871",,,,,,"0","0","0","0","30","0","0","0","0","70","2","Other plant","Herbivore","Ground","Nocturnal"
"Acomys wilsoni","18.5",,,,,,,,"0","0","0","0","30","0","0","0","0","70","2","Other plant","Herbivore","Ground","Nocturnal"
"Aconaemys fuscus","122.75","121","1.0804",,,,,,"0","0","0","0","0","0","40","0","0","60","2","Other plant","Herbivore","Ground","Nocturnal"
"Aconaemys porteri","113.5",,,,,,,,"0","0","0","0","0","0","40","0","0","60","2","Other plant","Herbivore","Ground","Cathemeral"
"Aconaemys sagei","96.5",,,,,,,,"0","0","0","0","0","0","40","0","0","60","2","Other plant","Herbivore","Ground","Diurnal"
"Acraea terpsichore","0.055",,,,,,,,,,,,,,,,,,,,,,
"Acrobates pygmaeus","12.5","15.12","1.08",,,,,,"80","0","0","0","0","0","0","10","0","10","3","Invertebrates","Faunivore","Arboreal","Nocturnal"
"Adapornis personata","40",,,,,,,,,,,,,,,,,,,,,,
"Addax nasomaculatus","88500.16",,,,,,,,"0","0","0","0","0","0","0","0","0","100","1","Other plant","Herbivore","Ground","Nocturnal"
"Aegotheles cristatus","50",,,,,,,,,,,,,,,,,,,,,,
"Aepeomys lugens","37",,,,,,,,"20","0","0","0","0","0","10","0","40","30","4","Seed","Herbivore","Ground","Nocturnal"
"Aepeomys reigi","37",,,,,,,,"20","0","0","0","0","0","10","0","40","30","4","Seed","Herbivore","Ground","Nocturnal"
"Aepyceros melampus","54233.9233",,,,,,,,"0","0","0","0","0","0","0","0","0","100","1","Other plant","Herbivore","Ground","Cathemeral"
"Aepyprymnus rufescens","2500","1154.5","0.3962",,,,,,"0","0","0","0","0","0","0","0","0","100","1","Other plant","Herbivore","Ground","Nocturnal"
"Aeretes melanopterus","753.23",,,,,,,,"10","0","0","0","0","0","20","0","50","20","4","Seed","Herbivore","Arboreal","Nocturnal"
"Aeromys tephromelas","1132",,,,,,,,"10","0","0","0","0","0","30","0","30","30","4","Fruit","Herbivore","Arboreal","Nocturnal"
"Aeromys thomasi","1435",,,,,,,,"10","0","0","0","0","0","30","0","30","30","4","Fruit","Herbivore","Arboreal","Nocturnal"
"Aeronautes saxatalis","30.5",,,,,,,,,,,,,,,,,,,,,,
"Aethalops aequalis","15",,,,,,,,"0","0","0","0","0","0","50","50","0","0","2","Fruit","Herbivore","Arboreal","Nocturnal"
"Aethalops alecto","15",,,,,,,,"0","0","0","0","0","0","70","30","0","0","2","Fruit","Herbivore","Arboreal","Nocturnal"
"Aethomys bocagei","79.89",,,,,,,,"0","0","0","0","0","0","20","0","20","60","3","Other plant","Herbivore","Ground","Nocturnal"
"Aethomys chrysophilus","95.925",,,,,,,,"0","0","0","0","0","0","20","0","20","60","3","Other plant","Herbivore","Ground","Nocturnal"
"Aethomys hindei","124.9",,,,,,,,"0","0","0","0","0","0","20","0","20","60","3","Other plant","Herbivore","Ground","Nocturnal"
"Aethomys ineptus","133.16",,,,,,,,"0","0","0","0","0","0","20","0","20","60","3","Other plant","Herbivore","Ground","Nocturnal"
"Aethomys kaiseri","90",,,,,,,,"0","0","0","0","0","0","20","0","20","60","3","Other plant","Herbivore","Ground","Nocturnal"
"Aethomys namaquenesis","46",,,,,,,,,,,,,,,,,,,,,,
"Aethomys nyikae","77.01",,,,,,,,"0","0","0","0","0","0","20","0","20","60","3","Other plant","Herbivore","Ground","Nocturnal"
"Aethomys silindensis","82.76",,,,,,,,"0","0","0","0","0","0","20","0","20","60","3","Other plant","Herbivore","Ground","Nocturnal"
"Aethomys stannarius","82.9",,,,,,,,"0","0","0","0","0","0","20","0","20","60","3","Other plant","Herbivore","Ground","Nocturnal"
"Aethomys thomasi","84.69",,,,,,,,"0","0","0","0","0","0","20","0","20","60","3","Other plant","Herbivore","Ground","Nocturnal"
"Agouti paca","3220",,,,,,,,,,,,,,,,,,,,,,
"Agrius convolvuli","1",,,,,,,,,,,,,,,,,,,,,,
"Ailuropoda melanoleuca","109724.9975",,,,,,,,"0","10","0","0","0","0","0","0","0","90","2","Other plant","Herbivore","Ground","Nocturnal"
"Ailurops melanotis","10000",,,,,,,,"0","0","0","0","0","0","0","0","0","100","1","Other plant","Herbivore","Arboreal","Diurnal"
"Ailurops ursinus","10000",,,,,,,,"0","0","0","0","0","0","0","0","0","100","1","Other plant","Herbivore","Arboreal","Diurnal"
"Ailurus fulgens","5350.02","878.2","0.153",,,,,,"10","10","0","0","0","0","10","0","10","60","5","Other plant","Herbivore","Ground","Cathemeral"
"Akodon aerosus","60",,,,,,,,"80","0","0","0","0","0","0","0","0","20","2","Invertebrates","Faunivore","Ground","Cathemeral"
"Akodon affinis","24.9",,,,,,,,"80","0","0","0","0","0","0","0","0","20","2","Invertebrates","Faunivore","Ground","Cathemeral"
"Akodon albiventer","26.4","46.5","1.5",,,,,,"80","0","0","0","0","0","0","0","0","20","2","Invertebrates","Faunivore","Ground","Cathemeral"
"Akodon aliquantulus","31.32",,,,,,,,"70","0","0","0","0","0","0","0","0","30","2","Invertebrates","Faunivore","Ground","Cathemeral"
"Akodon azarae","24.7044","39.22","1.6337",,,,,,"80","0","0","0","0","0","0","0","0","20","2","Invertebrates","Faunivore","Ground","Cathemeral"
"Akodon bogotensis","13",,,,,,,,"80","0","0","0","0","0","0","0","0","20","2","Invertebrates","Faunivore","Ground","Cathemeral"
"Akodon boliviensis","27.5",,,,,,,,"80","0","0","0","0","0","0","0","0","20","2","Invertebrates","Faunivore","Ground","Cathemeral"
"Akodon budini","26.9",,,,,,,,"80","0","0","0","0","0","0","0","0","20","2","Invertebrates","Faunivore","Ground","Cathemeral"
"Akodon cursor","39.85",,,,,,,,"80","0","0","0","0","0","0","0","0","20","2","Invertebrates","Faunivore","Ground","Cathemeral"
"Akodon dayi","32.5",,,,,,,,"80","0","0","0","0","0","0","0","0","20","2","Invertebrates","Faunivore","Ground","Cathemeral"
"Akodon dolores","50.5",,,,,,,,"80","0","0","0","0","0","0","0","0","20","2","Invertebrates","Faunivore","Ground","Cathemeral"
"Akodon fumeus","22.7",,,,,,,,"80","0","0","0","0","0","0","0","0","20","2","Invertebrates","Faunivore","Ground","Cathemeral"
"Akodon iniscatus","28.7",,,,,,,,"80","0","0","0","0","0","0","0","0","20","2","Invertebrates","Faunivore","Ground","Cathemeral"
"Akodon juninensis","39",,,,,,,,"80","0","0","0","0","0","0","0","0","20","2","Invertebrates","Faunivore","Ground","Cathemeral"
"Akodon kofordi","29.5",,,,,,,,"80","0","0","0","0","0","0","0","0","20","2","Invertebrates","Faunivore","Ground","Cathemeral"
"Akodon latebricola","39",,,,,,,,"80","0","0","0","0","0","0","0","0","20","2","Invertebrates","Faunivore","Ground","Cathemeral"
"Akodon leucolimnaeus","31.32",,,,,,,,"70","0","0","0","0","0","0","0","0","30","2","Invertebrates","Faunivore","Ground","Cathemeral"
"Akodon lindberghi","26.4",,,,,,,,"80","0","0","0","0","0","0","0","0","20","2","Invertebrates","Faunivore","Ground","Cathemeral"
"Akodon lutescens","20.69",,,,,,,,"80","0","0","0","0","0","0","0","0","20","2","Invertebrates","Faunivore","Ground","Cathemeral"
"Akodon mimus","24",,,,,,,,"80","0","0","0","0","0","0","0","0","20","2","Invertebrates","Faunivore","Ground","Cathemeral"
"Akodon molinae","33",,,,,,,,"80","0","0","0","0","0","0","0","0","20","2","Invertebrates","Faunivore","Ground","Cathemeral"
"Akodon mollis","30.4",,,,,,,,"80","0","0","0","0","0","0","0","0","20","2","Invertebrates","Faunivore","Ground","Cathemeral"
"Akodon montensis","31.32",,,,,,,,"70","0","0","0","0","0","0","0","0","30","2","Invertebrates","Faunivore","Ground","Cathemeral"
"Akodon mystax","18.5",,,,,,,,"70","0","0","0","0","0","0","0","0","30","2","Invertebrates","Faunivore","Ground","Cathemeral"
"Akodon neocenus","42.4",,,,,,,,"80","0","0","0","0","0","0","0","0","20","2","Invertebrates","Faunivore","Ground","Cathemeral"
"Akodon oenos","31.32",,,,,,,,"70","0","0","0","0","0","0","0","0","30","2","Invertebrates","Faunivore","Ground","Cathemeral"
"Akodon orophilus","39",,,,,,,,"80","0","0","0","0","0","0","0","0","20","2","Invertebrates","Faunivore","Ground","Cathemeral"
"Akodon paranaensis","31.32",,,,,,,,"70","0","0","0","0","0","0","0","0","30","2","Invertebrates","Faunivore","Ground","Cathemeral"
"Akodon pervalens","31.32",,,,,,,,"70","0","0","0","0","0","0","0","0","30","2","Invertebrates","Faunivore","Ground","Cathemeral"
"Akodon reigi","31.32",,,,,,,,"70","0","0","0","0","0","0","0","0","30","2","Invertebrates","Faunivore","Ground","Cathemeral"
"Akodon sanctipaulensis","27.1",,,,,,,,"80","0","0","0","0","0","0","0","0","20","2","Invertebrates","Faunivore","Ground","Cathemeral"
"Akodon serrensis","28.3",,,,,,,,"80","0","0","0","0","0","0","0","0","20","2","Invertebrates","Faunivore","Ground","Cathemeral"
"Akodon siberiae","34.6",,,,,,,,"80","0","0","0","0","0","0","0","0","20","2","Invertebrates","Faunivore","Ground","Cathemeral"
"Akodon simulator","42.5",,,,,,,,"80","0","0","0","0","0","0","0","0","20","2","Invertebrates","Faunivore","Ground","Cathemeral"
"Akodon spegazzinii","28.6",,,,,,,,"80","0","0","0","0","0","0","0","0","20","2","Invertebrates","Faunivore","Ground","Cathemeral"
"Akodon subfuscus","30.4",,,,,,,,"80","0","0","0","0","0","0","0","0","20","2","Invertebrates","Faunivore","Ground","Cathemeral"
"Akodon surdus","39",,,,,,,,"80","0","0","0","0","0","0","0","0","20","2","Invertebrates","Faunivore","Ground","Cathemeral"
"Akodon sylvanus","39",,,,,,,,"80","0","0","0","0","0","0","0","0","20","2","Invertebrates","Faunivore","Ground","Cathemeral"
"Akodon toba","51.2",,,,,,,,"80","0","0","0","0","0","0","0","0","20","2","Invertebrates","Faunivore","Ground","Cathemeral"
"Akodon torques","39",,,,,,,,"80","0","0","0","0","0","0","0","0","20","2","Invertebrates","Faunivore","Ground","Cathemeral"
"Akodon varius","40",,,,,,,,"80","0","0","0","0","0","0","0","0","20","2","Invertebrates","Faunivore","Ground","Cathemeral"
"Alcelaphus buselaphus","136172.3475","30024","0.3064",,,,,,"0","0","0","0","0","0","0","0","0","100","1","Other plant","Herbivore","Ground","Diurnal"
"Alcelaphus caama","176115.97",,,,,,,,"0","0","0","0","0","0","0","0","0","100","1","Other plant","Herbivore","Ground","Diurnal"
"Alcelaphus lichtensteinii","166847.83",,,,,,,,"0","0","0","0","0","0","0","0","0","100","1","Other plant","Herbivore","Ground","Diurnal"
"Alces alces","278499.08",,,,,,,,"0","0","0","0","0","0","0","0","0","100","1","Other plant","Herbivore","Ground","Nocturnal"
"Alces americanus","387820.1467","56029","0.1601",,,,,,"0","0","0","0","0","0","0","0","0","100","1","Other plant","Herbivore","Ground","Nocturnal"
"Alionycteris paucidentata","16.15",,,,,,,,"0","0","0","0","0","0","100","0","0","0","1","Fruit","Herbivore","Arboreal","Nocturnal"
"Allactaga balikunica","93.08",,,,,,,,"20","0","0","0","0","0","0","0","50","30","3","Seed","Herbivore","Ground","Nocturnal"
"Allactaga bullata","89.35",,,,,,,,"20","0","0","0","0","0","0","0","50","30","3","Seed","Herbivore","Ground","Nocturnal"
"Allactaga elater","59",,,,,,,,"20","0","0","0","0","0","0","0","50","30","3","Seed","Herbivore","Ground","Nocturnal"
"Allactaga euphratica","90",,,,,,,,"20","0","0","0","0","0","0","0","50","30","3","Seed","Herbivore","Ground","Nocturnal"
"Allactaga firouzi","92.39",,,,,,,,"20","0","0","0","0","0","0","0","50","30","3","Seed","Herbivore","Ground","Nocturnal"
"Allactaga hotsoni","76.5",,,,,,,,"20","0","0","0","0","0","0","0","50","30","3","Seed","Herbivore","Ground","Nocturnal"
"Allactaga major","350",,,,,,,,"20","0","0","0","0","0","0","0","50","30","3","Seed","Herbivore","Ground","Nocturnal"
"Allactaga severtzovi","159",,,,,,,,"20","0","0","0","0","0","0","0","50","30","3","Seed","Herbivore","Ground","Nocturnal"
"Allactaga sibirica","145.25",,,,,,,,"70","0","0","0","0","0","0","0","0","30","2","Invertebrates","Faunivore","Ground","Nocturnal"
"Allactaga tetradactyla","52",,,,,,,,"20","0","0","0","0","0","0","0","50","30","3","Seed","Herbivore","Ground","Nocturnal"
"Allactaga vinogradovi","90.51",,,,,,,,"20","0","0","0","0","0","0","0","50","30","3","Seed","Herbivore","Ground","Nocturnal"
"Allactaga williamsi","150",,,,,,,,"20","0","0","0","0","0","0","0","50","30","3","Seed","Herbivore","Ground","Nocturnal"
"Allactodipus bobrinskii","65.3",,,,,,,,"20","0","0","0","0","0","10","0","40","30","4","Seed","Herbivore","Ground","Nocturnal"
"Allenopithecus nigroviridis","4083.992",,,,,,,,"50","0","0","0","0","0","50","0","0","0","2","Invertebrates","Omnivore","Scansorial","Diurnal"
"Allocebus trichotis","77.5",,,,,,,,"0","0","0","0","0","0","50","0","0","50","2","Fruit","Herbivore","Arboreal","Nocturnal"
"Allocricetulus curtatus","47.83",,,,,,,,"20","0","0","0","0","0","10","0","40","30","4","Seed","Herbivore","Ground","Nocturnal"
"Allocricetulus eversmanni","115.56",,,,,,,,"20","0","0","0","0","0","10","0","40","30","4","Seed","Herbivore","Ground","Nocturnal"
"Alopex lagopus","4506.6667",,,,,,,,,,,,,,,,,,,,,,
"Alouatta belzebul","6048",,,,,,,,"0","0","0","0","0","0","40","0","0","60","2","Other plant","Herbivore","Arboreal","Diurnal"
"Alouatta caraya","5270.37",,,,,,,,"0","0","0","0","0","0","40","0","0","60","2","Other plant","Herbivore","Arboreal","Diurnal"
"Alouatta caraya group","5255.5556",,,,,,,,,,,,,,,,,,,,,,
"Alouatta coibensis","6320.06",,,,,,,,"0","0","0","0","0","0","40","0","0","60","2","Other plant","Herbivore","Arboreal","Diurnal"
"Alouatta guariba","4802.666",,,,,,,,"0","0","0","0","0","0","40","0","0","60","2","Other plant","Herbivore","Arboreal","Diurnal"
"Alouatta macconnelli","6359.185",,,,,,,,"0","0","0","0","0","0","40","0","0","60","2","Other plant","Herbivore","Arboreal","Diurnal"
"Alouatta nigerrima","6320.06",,,,,,,,"0","0","0","0","0","0","40","0","0","60","2","Other plant","Herbivore","Arboreal","Diurnal"
"Alouatta palliata","5774.9688","2910.0867","0.554","24.3","186","492.6667","1","1578.42","0","0","0","0","0","0","40","0","0","60","2","Other plant","Herbivore","Arboreal","Diurnal"
"Alouatta palliata group","6256.1",,,,,,,,,,,,,,,,,,,,,,
"Alouatta pigra","7493.505",,,,,,,,"0","0","0","0","0","0","40","0","0","60","2","Other plant","Herbivore","Arboreal","Diurnal"
"Alouatta sara","6611.04",,,,,,,,"0","0","0","0","0","0","40","0","0","60","2","Other plant","Herbivore","Arboreal","Diurnal"
"Alouatta seniculus","6400","2011.3383","0.3496","25","190.5","372","1.42","1475","0","0","0","0","0","0","40","0","0","60","2","Other plant","Herbivore","Arboreal","Diurnal"
"Alouatta seniculus group","5758.7692",,,,,,,,,,,,,,,,,,,,,,
"Alpheus heterochaelis","0.79",,,,,,,,,,,,,,,,,,,,,,
"Alticola albicaudus","34.53",,,,,,,,"0","0","0","0","0","0","0","0","0","100","1","Other plant","Herbivore","Ground","Cathemeral"
"Alticola argentatus","45.3","127","2.4008",,,,,,"0","0","0","0","0","0","0","0","0","100","1","Other plant","Herbivore","Ground","Cathemeral"
"Alticola barakshin","33.6",,,,,,,,"0","0","0","0","0","0","0","0","0","100","1","Other plant","Herbivore","Ground","Cathemeral"
"Alticola lemminus","33.56",,,,,,,,"0","0","0","0","0","0","0","0","0","100","1","Other plant","Herbivore","Ground","Diurnal"
"Alticola macrotis","36",,,,,,,,"0","0","0","0","0","0","0","0","0","100","1","Other plant","Herbivore","Ground","Diurnal"
"Alticola montosa","34.53",,,,,,,,"0","0","0","0","0","0","0","0","0","100","1","Other plant","Herbivore","Ground","Cathemeral"
"Alticola olchonensis","36.96",,,,,,,,"0","0","0","0","0","0","0","0","0","100","1","Other plant","Herbivore","Ground","Diurnal"
"Alticola roylei","37",,,,,,,,"0","0","0","0","0","0","0","0","0","100","1","Other plant","Herbivore","Ground","Cathemeral"
"Alticola semicanus","33.39",,,,,,,,"0","0","0","0","0","0","0","0","0","100","1","Other plant","Herbivore","Ground","Cathemeral"
"Alticola stoliczkanus","27.47",,,,,,,,"0","0","0","0","0","0","0","0","0","100","1","Other plant","Herbivore","Ground","Cathemeral"
"Alticola strelzowi","50",,,,,,,,"0","0","0","0","0","0","0","0","0","100","1","Other plant","Herbivore","Ground","Diurnal"
"Alticola tuvinicus","33.32",,,,,,,,"0","0","0","0","0","0","0","0","0","100","1","Other plant","Herbivore","Ground","Cathemeral"
"Amazilia versicolor","3.9",,,,,,,,,,,,,,,,,,,,,,
"Amblonyx cinereus","3500",,,,,,,,,,,,,,,,,,,,,,
"Amblysomus corriae","52.6",,,,,,,,"100","0","0","0","0","0","0","0","0","0","1","Invertebrates","Faunivore","Ground","Diurnal"
"Amblysomus hottentotus","75","84.5575","1.2268",,,,,,"100","0","0","0","0","0","0","0","0","0","1","Invertebrates","Faunivore","Ground","Diurnal"
"Amblysomus marleyi","52.6",,,,,,,,"100","0","0","0","0","0","0","0","0","0","1","Invertebrates","Faunivore","Ground","Diurnal"
"Amblysomus robustus","52.6",,,,,,,,"100","0","0","0","0","0","0","0","0","0","1","Invertebrates","Faunivore","Ground","Diurnal"
"Amblysomus septentrionalis","52.6",,,,,,,,"100","0","0","0","0","0","0","0","0","0","1","Invertebrates","Faunivore","Ground","Diurnal"
"Ambystoma tigrinum","23",,,,,,,,,,,,,,,,,,,,,,
"Ametrida centurio","10.4433","21.9","2.0857",,,,,,"0","0","0","0","0","0","100","0","0","0","1","Fruit","Herbivore","Arboreal","Nocturnal"
"Ametrida centurio (STE)","10.5",,,,,,,,,,,,,,,,,,,,,,
"Ammodillus imbellis","50",,,,,,,,"10","0","0","0","0","0","10","0","20","60","4","Other plant","Herbivore","Ground","Nocturnal"
"Ammodorcas clarkei","28049.81",,,,,,,,"0","0","0","0","0","0","0","0","0","100","1","Other plant","Herbivore","Ground","Diurnal"
"Ammospermophilus harrisii","114.575",,,,,,,,"20","0","0","0","0","10","20","0","20","30","5","Other plant","Herbivore","Ground","Diurnal"
"Ammospermophilus insularis","112.15",,,,,,,,"20","0","0","0","0","10","20","0","20","30","5","Other plant","Herbivore","Ground","Diurnal"
"Ammospermophilus interpres","102.375",,,,,,,,"20","0","0","0","0","10","20","0","20","30","5","Other plant","Herbivore","Ground","Diurnal"
"Ammospermophilus leucurus","99.6019","94.48","1.0713",,,,,,"20","0","0","0","0","10","20","0","20","30","5","Other plant","Herbivore","Ground","Diurnal"
"Ammospermophilus nelsoni","163.825",,,,,,,,"20","0","0","0","0","10","20","0","20","30","5","Other plant","Herbivore","Ground","Diurnal"
"Ammotragus lervia","84067.4067",,,,,,,,"0","0","0","0","0","0","0","0","0","100","1","Other plant","Herbivore","Ground","Diurnal"
"Amorphochilus schnablii","3.3",,,,,,,,"100","0","0","0","0","0","0","0","0","0","1","Invertebrates","Faunivore","Aerial","Nocturnal"
"Amphinectomys savamis","47.71",,,,,,,,"20","0","0","0","0","0","10","0","40","30","4","Seed","Herbivore","Ground","Nocturnal"
"Anathana ellioti","160",,,,,,,,"80","0","0","0","0","0","20","0","0","0","2","Invertebrates","Faunivore","Ground","Diurnal"
"Ancylomenes pedersoni","0.13",,,,,,,,,,,,,,,,,,,,,,
"Andalgalomys olrogi","32.9",,,,,,,,"20","0","0","0","0","0","10","0","40","30","4","Seed","Herbivore","Ground","Nocturnal"
"Andalgalomys pearsoni","25.4",,,,,,,,"20","0","0","0","0","0","10","0","40","30","4","Seed","Herbivore","Ground","Nocturnal"
"Andalgalomys roigi","28.91",,,,,,,,"20","0","0","0","0","0","10","0","40","30","4","Seed","Herbivore","Ground","Nocturnal"
"Andinomys edax","69.75",,,,,,,,"0","0","0","0","0","0","0","0","0","100","1","Other plant","Herbivore","Ground","Nocturnal"
"Anguilla anguilla","224.78",,,,,,,,,,,,,,,,,,,,,,
"Anisomys imitator","510.5",,,,,,,,"0","0","0","0","0","0","0","60","0","40","2","Nectar","Herbivore","Scansorial","Nocturnal"
"Anolis auratus","1.9",,,,,,,,,,,,,,,,,,,,,,
"Anolis carolinensis","2.455",,,,,,,,,,,,,,,,,,,,,,
"Anolis cristatellus","8.4",,,,,,,,,,,,,,,,,,,,,,
"Anolis grahami","6.1",,,,,,,,,,,,,,,,,,,,,,
"Anolis gundlachi","6.9",,,,,,,,,,,,,,,,,,,,,,
"Anolis limifrons","1.685",,,,,,,,,,,,,,,,,,,,,,
"Anolis lineatopus","3.1",,,,,,,,,,,,,,,,,,,,,,
"Anolis pulchellus","1.6",,,,,,,,,,,,,,,,,,,,,,
"Anolis sagrei","4.05",,,,,,,,,,,,,,,,,,,,,,
"Anolis valencienni","5.415",,,,,,,,,,,,,,,,,,,,,,
"Anomalurus beecrofti","389",,,,,,,,"10","0","0","0","0","0","40","10","0","40","4","Fruit","Herbivore","Arboreal","Nocturnal"
"Anomalurus derbianus","649.99",,,,,,,,"10","0","0","0","0","0","40","10","0","40","4","Fruit","Herbivore","Arboreal","Nocturnal"
"Anomalurus pelii","1769.99",,,,,,,,"10","0","0","0","0","0","40","10","0","40","4","Fruit","Herbivore","Arboreal","Nocturnal"
"Anomalurus pusillus","250",,,,,,,,"10","0","0","0","0","0","40","10","0","40","4","Fruit","Herbivore","Arboreal","Nocturnal"
"Anonymomys mindorensis","76.5",,,,,,,,"10","0","0","0","0","0","10","0","20","60","4","Other plant","Herbivore","Arboreal","Nocturnal"
"Anotomys leander","66.4",,,,,,,,"20","0","0","0","0","0","10","0","40","30","4","Seed","Herbivore","Ground","Nocturnal"
"Anoura caudifer","10.9033","31.6","2.7694",,,,,,"30","0","0","0","0","0","30","40","0","0","3","Nectar","Herbivore","Arboreal","Nocturnal"
"Anoura cultrata","16.85",,,,,,,,"30","0","0","0","0","0","30","40","0","0","3","Nectar","Herbivore","Arboreal","Nocturnal"
"Anoura geoffroyi","14.81",,,,,,,,"30","0","0","0","0","0","30","40","0","0","3","Nectar","Herbivore","Arboreal","Nocturnal"
"Anoura latidens","14.075","36.6","2.7111",,,,,,"30","0","0","0","0","0","30","40","0","0","3","Nectar","Herbivore","Arboreal","Nocturnal"
"Anoura luismanueli","14.05",,,,,,,,"30","0","0","0","0","0","30","40","0","0","3","Nectar","Herbivore","Arboreal","Nocturnal"
"Anourosorex assamensis","20",,,,,,,,"100","0","0","0","0","0","0","0","0","0","1","Invertebrates","Faunivore","Ground","Nocturnal"
"Anourosorex schmidi","20",,,,,,,,"100","0","0","0","0","0","0","0","0","0","1","Invertebrates","Faunivore","Ground","Nocturnal"
"Anourosorex squamipes","20",,,,,,,,"100","0","0","0","0","0","0","0","0","0","1","Invertebrates","Faunivore","Ground","Nocturnal"
"Anourosorex yamashinai","20",,,,,,,,"100","0","0","0","0","0","0","0","0","0","1","Invertebrates","Faunivore","Ground","Nocturnal"
"Antechinomys laniger","27","25.285","0.98",,,,,,"80","10","10","0","0","0","0","0","0","0","3","Invertebrates","Faunivore","Ground","Nocturnal"
"Antechinus adustus","36",,,,,,,,"80","0","0","0","10","10","0","0","0","0","3","Invertebrates","Faunivore","Ground","Nocturnal"
"Antechinus agilis","23.065",,,,,,,,"80","0","0","0","10","0","10","0","0","0","3","Invertebrates","Faunivore","Ground","Nocturnal"
"Antechinus bellus","44.75",,,,,,,,"90","10","0","0","0","0","0","0","0","0","2","Invertebrates","Faunivore","Ground","Nocturnal"
"Antechinus flavipes","26","28.75","0.7404",,,,,,"90","10","0","0","0","0","0","0","0","0","2","Invertebrates","Faunivore","Ground","Nocturnal"
"Antechinus godmani","76.5",,,,,,,,"90","10","0","0","0","0","0","0","0","0","2","Invertebrates","Faunivore","Ground","Nocturnal"
"Antechinus leo","74",,,,,,,,"90","0","0","0","10","0","0","0","0","0","2","Invertebrates","Faunivore","Ground","Nocturnal"
"Antechinus minimus","53.5",,,,,,,,"90","10","0","0","0","0","0","0","0","0","2","Invertebrates","Faunivore","Ground","Nocturnal"
"Antechinus stuartii","26","34.3033","1.2775",,,,,,"90","10","0","0","0","0","0","0","0","0","2","Invertebrates","Faunivore","Ground","Nocturnal"
"Antechinus subtropicus","44",,,,,,,,"90","0","0","0","10","0","0","0","0","0","2","Invertebrates","Faunivore","Ground","Nocturnal"
"Antechinus swainsonii","57.6333","63.82","0.954",,,,,,"90","10","0","0","0","0","0","0","0","0","2","Invertebrates","Faunivore","Ground","Nocturnal"
"Antheraea pernyi","0.9",,,,,,,,,,,,,,,,,,,,,,
"Anthops ornatus","8",,,,,,,,"100","0","0","0","0","0","0","0","0","0","1","Invertebrates","Faunivore","Aerial","Nocturnal"
"Antidorcas marsupialis","25000",,,,,,,,"0","0","0","0","0","0","0","0","0","100","1","Other plant","Herbivore","Ground","Cathemeral"
"Antilocapra americana","28400","10586","0.2801",,,,,,"0","0","0","0","0","0","0","0","0","100","1","Other plant","Herbivore","Ground","Cathemeral"
"Antilope cervicapra","33150",,,,,,,,"0","0","0","0","0","0","0","0","0","100","1","Other plant","Herbivore","Ground","Diurnal"
"Antrozous pallidus","21.4","19.2","0.8727",,,,,,"80","0","20","0","0","0","0","0","0","0","2","Invertebrates","Faunivore","Ground","Nocturnal"
"Aonyx capensis","19054.92",,,,,,,,"80","0","20","0","0","0","0","0","0","0","2","Invertebrates","Faunivore","Ground","Nocturnal"
"Aonyx cinerea","3793.795",,,,,,,,"80","0","10","10","0","0","0","0","0","0","3","Invertebrates","Faunivore","Ground","Nocturnal"
"Aotus azarae","1154.095",,,,,,,,"20","0","0","0","10","0","20","10","20","20","6","Invertebrates","Herbivore","Arboreal","Nocturnal"
"Aotus hershkovitzi","800",,,,,,,,"20","0","0","0","10","0","20","10","20","20","6","Invertebrates","Herbivore","Arboreal","Nocturnal"
"Aotus lemurinus","3544.4967",,,,,,,,"20","0","0","0","10","0","20","10","20","20","6","Invertebrates","Herbivore","Arboreal","Nocturnal"
"Aotus miconax","800",,,,,,,,"20","0","0","0","10","0","20","10","20","20","6","Invertebrates","Herbivore","Arboreal","Nocturnal"
"Aotus nancymaae","788.26",,,,,,,,"20","0","0","0","10","0","20","10","20","20","6","Invertebrates","Herbivore","Arboreal","Nocturnal"
"Aotus nigriceps","983.5025",,,,,,,,"20","0","0","0","10","0","20","10","20","20","6","Invertebrates","Herbivore","Arboreal","Nocturnal"
"Aotus sp.","830",,,,,,,,,,,,,,,,,,,,,,
"Aotus trivirgatus","866.9048","457.1385","0.4935","25.25","135.25","93.1667","1","821","20","0","0","0","10","0","20","10","20","20","6","Invertebrates","Herbivore","Arboreal","Nocturnal"
"Aotus vociferans","745.4975",,,,,,,,"20","0","0","0","10","0","20","10","20","20","6","Invertebrates","Herbivore","Arboreal","Nocturnal"
"Apis mellifera mellifera","0.06",,,,,,,,,,,,,,,,,,,,,,
"Aplodontia rufa","813.33","277.2","0.44",,,,,,"0","0","0","0","0","0","0","0","0","100","1","Other plant","Herbivore","Ground","Cathemeral"
"Apodemus agrarius","25.1238","73.48","3.2201",,,,,,"20","0","0","0","0","0","20","0","20","40","4","Other plant","Herbivore","Ground","Diurnal"
"Apodemus alpicola","29.58","55.4","1.7814",,,,,,"20","0","0","0","0","0","20","0","20","40","4","Other plant","Herbivore","Ground","Nocturnal"
"Apodemus argenteus","18.35","49.3","3.1401",,,,,,"20","0","0","0","0","0","20","0","20","40","4","Other plant","Herbivore","Ground","Nocturnal"
"Apodemus chevrieri","34.933","121.134","3.2636",,,,,,"20","0","0","0","0","0","20","0","20","40","4","Other plant","Herbivore","Ground","Diurnal"
"Apodemus draco","22.25",,,,,,,,"20","0","0","0","0","0","20","0","20","40","4","Other plant","Herbivore","Ground","Nocturnal"
"Apodemus epimelas","28.07",,,,,,,,"20","0","0","0","0","0","20","0","20","40","4","Other plant","Herbivore","Ground","Nocturnal"
"Apodemus flavicollis","29.9839","61.5629","2.1233",,,,,,"20","0","0","0","0","0","20","0","20","40","4","Other plant","Herbivore","Ground","Nocturnal"
"Apodemus gurkha","39.9",,,,,,,,"20","0","0","0","0","0","20","0","20","40","4","Other plant","Herbivore","Ground","Nocturnal"
"Apodemus hyrcanicus","25.76",,,,,,,,"20","0","0","0","0","0","20","0","20","40","4","Other plant","Herbivore","Ground","Nocturnal"
"Apodemus latronum","35.2",,,,,,,,"20","0","0","0","0","0","20","0","20","40","4","Other plant","Herbivore","Ground","Nocturnal"
"Apodemus mystacinus","41.3","48.9667","1.3527",,,,,,"20","0","0","0","0","0","20","0","20","40","4","Other plant","Herbivore","Ground","Nocturnal"
"Apodemus pallipes","25.68",,,,,,,,"20","0","0","0","0","0","20","0","20","40","4","Other plant","Herbivore","Ground","Nocturnal"
"Apodemus peninsulae","26",,,,,,,,"20","0","0","0","0","0","20","0","20","40","4","Other plant","Herbivore","Ground","Nocturnal"
"Apodemus ponticus","25.76",,,,,,,,"20","0","0","0","0","0","20","0","20","40","4","Other plant","Herbivore","Ground","Nocturnal"
"Apodemus rusiges","25.67",,,,,,,,"20","0","0","0","0","0","20","0","20","40","4","Other plant","Herbivore","Ground","Nocturnal"
"Apodemus semotus","25.77",,,,,,,,"20","0","0","0","0","0","20","0","20","40","4","Other plant","Herbivore","Ground","Nocturnal"
"Apodemus speciosus","32.58","65.205","2.13",,,,,,"20","0","0","0","0","0","20","0","20","40","4","Other plant","Herbivore","Ground","Nocturnal"
"Apodemus sylvaticus","20","45.036","1.984",,,,,,"20","0","0","0","0","0","20","0","20","40","4","Other plant","Herbivore","Ground","Nocturnal"
"Apodemus uralensis","17.1",,,,,,,,"20","0","0","0","0","0","20","0","20","40","4","Other plant","Herbivore","Ground","Nocturnal"
"Apodemus witherbyi","20.355","48.9","2.4389",,,,,,"20","0","0","0","0","0","20","0","20","40","4","Other plant","Herbivore","Ground","Nocturnal"
"Apomys abrae","56.6",,,,,,,,"40","0","0","0","0","0","0","0","0","60","2","Other plant","Omnivore","Ground","Nocturnal"
"Apomys datae","106",,,,,,,,"40","0","0","0","0","0","0","0","0","60","2","Other plant","Omnivore","Ground","Nocturnal"
"Apomys gracilirostris","43.08",,,,,,,,"40","0","0","0","0","0","0","0","0","60","2","Other plant","Omnivore","Ground","Nocturnal"
"Apomys hylocetes","34.88",,,,,,,,"40","0","0","0","0","0","0","0","0","60","2","Other plant","Omnivore","Ground","Nocturnal"
"Apomys insignis","29.9",,,,,,,,"40","0","0","0","0","0","0","0","0","60","2","Other plant","Omnivore","Ground","Nocturnal"
"Apomys littoralis","30.95",,,,,,,,"40","0","0","0","0","0","0","0","0","60","2","Other plant","Omnivore","Ground","Nocturnal"
"Apomys microdon","35.1",,,,,,,,"40","0","0","0","0","0","0","0","0","60","2","Other plant","Omnivore","Ground","Nocturnal"
"Apomys musculus","21.2",,,,,,,,"40","0","0","0","0","0","0","0","0","60","2","Other plant","Omnivore","Ground","Nocturnal"
"Apomys sacobianus","82.4",,,,,,,,"40","0","0","0","0","0","0","0","0","60","2","Other plant","Omnivore","Ground","Nocturnal"
"Aproteles bulmerae","600",,,,,,,,"0","0","0","0","0","0","80","20","0","0","2","Fruit","Herbivore","Arboreal","Nocturnal"
"Apus apus","42",,,,,,,,,,,,,,,,,,,,,,
"Ara ararauna","1008",,,,,,,,,,,,,,,,,,,,,,
"Arborimus albipes","23",,,,,,,,"0","0","0","0","0","0","0","0","0","100","1","Other plant","Herbivore","Arboreal","Nocturnal"
"Arborimus longicaudus","21.8",,,,,,,,"0","0","0","0","0","0","0","0","0","100","1","Other plant","Herbivore","Arboreal","Nocturnal"
"Arborimus pomo","27.15","58.9","2.7018",,,,,,"0","0","0","0","0","0","0","0","0","100","1","Other plant","Herbivore","Arboreal","Nocturnal"
"Archboldomys luzonensis","35.4",,,,,,,,"100","0","0","0","0","0","0","0","0","0","1","Invertebrates","Faunivore","Ground","Diurnal"
"Archboldomys musseri","35.4",,,,,,,,"100","0","0","0","0","0","0","0","0","0","1","Invertebrates","Faunivore","Ground","Diurnal"
"Archilochus alexandri","3.2",,,,,,,,,,,,,,,,,,,,,,
"Arctictis binturong","12156.2475","1128.1","0.079",,,,,,"0","10","0","30","0","10","30","0","0","20","5","Fish","Omnivore","Arboreal","Nocturnal"
"Arctocebus aureus","215",,,,,,,,"70","0","0","0","0","0","30","0","0","0","2","Invertebrates","Faunivore","Arboreal","Nocturnal"
"Arctocebus calabarensis","266.75","131.11","0.6365",,"134","115",,,"70","0","0","0","0","0","30","0","0","0","2","Invertebrates","Faunivore","Arboreal","Nocturnal"
"Arctocephalus australis","74375",,,,,,,,"40","0","0","60","0","0","0","0","0","0","2","Fish","Faunivore","Marine","Nocturnal"
"Arctocephalus forsteri","105470",,,,,,,,"70","10","0","20","0","0","0","0","0","0","3","Invertebrates","Faunivore","Marine","Nocturnal"
"Arctocephalus galapagoensis","36475",,,,,,,,"50","0","0","50","0","0","0","0","0","0","2","Invertebrates","Faunivore","Marine","Nocturnal"
"Arctocephalus gazella","97050",,,,,,,,"80","0","0","20","0","0","0","0","0","0","2","Invertebrates","Faunivore","Marine","Nocturnal"
"Arctocephalus philippii","117500",,,,,,,,"50","0","0","50","0","0","0","0","0","0","2","Invertebrates","Faunivore","Marine","Nocturnal"
"Arctocephalus pusillus","178625",,,,,,,,"30","0","0","70","0","0","0","0","0","0","2","Fish","Faunivore","Marine","Nocturnal"
"Arctocephalus townsendi","105000",,,,,,,,"30","0","0","70","0","0","0","0","0","0","2","Fish","Faunivore","Marine","Nocturnal"
"Arctocephalus tropicalis","92625",,,,,,,,"60","0","0","40","0","0","0","0","0","0","2","Invertebrates","Faunivore","Marine","Nocturnal"
"Arctogalidia trivirgata","2240","552.8","0.275",,,,,,"20","40","20","0","0","0","20","0","0","0","4","Endotherm vertebrates","Faunivore","Arboreal","Nocturnal"
"Arctonyx collaris","8423",,,,,,,,"50","10","10","0","0","0","10","0","0","20","5","Invertebrates","Faunivore","Ground","Nocturnal"
"Ardops annectans (STE)","15",,,,,,,,,,,,,,,,,,,,,,
"Ardops nichollsi","16.08",,,,,,,,"0","0","0","0","0","0","100","0","0","0","1","Fruit","Herbivore","Arboreal","Nocturnal"
"Ariadne ariadne ariadne","0.2",,,,,,,,,,,,,,,,,,,,,,
"Arielulus aureocollaris","10.4",,,,,,,,"100","0","0","0","0","0","0","0","0","0","1","Invertebrates","Faunivore","Aerial","Nocturnal"
"Arielulus circumdatus","10.4",,,,,,,,"100","0","0","0","0","0","0","0","0","0","1","Invertebrates","Faunivore","Aerial","Nocturnal"
"Arielulus cuprosus","10.4",,,,,,,,"100","0","0","0","0","0","0","0","0","0","1","Invertebrates","Faunivore","Aerial","Nocturnal"
"Arielulus societatis","8.03",,,,,,,,"100","0","0","0","0","0","0","0","0","0","1","Invertebrates","Faunivore","Aerial","Nocturnal"
"Arielulus torquatus","10.4",,,,,,,,"100","0","0","0","0","0","0","0","0","0","1","Invertebrates","Faunivore","Aerial","Nocturnal"
"Ariteus flavescens","11.9",,,,,,,,"40","0","0","0","0","0","60","0","0","0","2","Fruit","Omnivore","Arboreal","Nocturnal"
"Artamus cyanopterus","35",,,,,,,,,,,,,,,,,,,,,,
"Artibeus amplus","60",,,,,,,,"10","0","0","0","0","0","80","10","0","0","3","Fruit","Herbivore","Arboreal","Nocturnal"
"Artibeus anderseni","138",,,,,,,,"10","0","0","0","0","0","80","10","0","0","3","Fruit","Herbivore","Arboreal","Nocturnal"
"Artibeus aztecus","20.38",,,,,,,,"10","0","0","0","0","0","80","10","0","0","3","Fruit","Herbivore","Arboreal","Nocturnal"
"Artibeus cinereus","26.3825","21.9","2.0857",,,,,,"10","0","0","0","0","0","80","10","0","0","3","Fruit","Herbivore","Arboreal","Nocturnal"
"Artibeus concolor","19.4833","32.9","1.6701",,,,,,"10","0","0","0","0","0","80","10","0","0","3","Fruit","Herbivore","Arboreal","Nocturnal"
"Artibeus fimbriatus","63.9","77.96","1.22",,,,,,"10","0","0","0","0","0","80","10","0","0","3","Fruit","Herbivore","Arboreal","Nocturnal"
"Artibeus fraterculus","36",,,,,,,,"10","0","0","0","0","0","80","10","0","0","3","Fruit","Herbivore","Arboreal","Nocturnal"
"Artibeus glaucus","11.63",,,,,,,,"10","0","0","0","0","0","80","10","0","0","3","Fruit","Herbivore","Arboreal","Nocturnal"
"Artibeus gnomus","10.06",,,,,,,,"10","0","0","0","0","0","80","10","0","0","3","Fruit","Herbivore","Arboreal","Nocturnal"
"Artibeus hirsutus","45.115","121.5","2.3592",,,,,,"10","0","0","0","0","0","80","10","0","0","3","Fruit","Herbivore","Arboreal","Nocturnal"
"Artibeus incomitatus","26.52",,,,,,,,"10","0","0","0","0","0","80","10","0","0","3","Fruit","Herbivore","Arboreal","Nocturnal"
"Artibeus inopinatus","29.3",,,,,,,,"10","0","0","0","0","0","80","10","0","0","3","Fruit","Herbivore","Arboreal","Nocturnal"
"Artibeus jamaicensis","37.5","56.5","1.25",,,,,,"10","0","0","0","0","0","80","10","0","0","3","Fruit","Herbivore","Arboreal","Nocturnal"
"Artibeus lituratus","58.7","89.5667","1.2568",,,,,,"10","0","0","0","0","0","80","10","0","0","3","Fruit","Herbivore","Arboreal","Nocturnal"
"Artibeus obscurus","35.2",,,,,,,,"10","0","0","0","0","0","80","10","0","0","3","Fruit","Herbivore","Arboreal","Nocturnal"
"Artibeus phaeotis","11.695",,,,,,,,"10","0","0","0","0","0","80","10","0","0","3","Fruit","Herbivore","Arboreal","Nocturnal"
"Artibeus toltecus","15.925",,,,,,,,"10","0","0","0","0","0","80","10","0","0","3","Fruit","Herbivore","Arboreal","Nocturnal"
"Artibeus watsoni","11.2",,,,,,,,"10","0","0","0","0","0","80","10","0","0","3","Fruit","Herbivore","Arboreal","Nocturnal"
"Arvicanthis abyssinicus","77.1",,,,,,,,"0","0","0","0","0","0","0","0","30","70","2","Other plant","Herbivore","Ground","Cathemeral"
"Arvicanthis ansorgei","102.35",,,,,,,,"0","0","0","0","0","0","0","0","30","70","2","Other plant","Herbivore","Ground","Cathemeral"
"Arvicanthis blicki","128",,,,,,,,"0","0","0","0","0","0","0","0","30","70","2","Other plant","Herbivore","Ground","Cathemeral"
"Arvicanthis nairobae","104",,,,,,,,"0","0","0","0","0","0","0","0","30","70","2","Other plant","Herbivore","Ground","Cathemeral"
"Arvicanthis neumanni","98.36",,,,,,,,"0","0","0","0","0","0","0","0","30","70","2","Other plant","Herbivore","Ground","Cathemeral"
"Arvicanthis niloticus","95.7",,,,,,,,"0","0","0","0","0","0","0","0","30","70","2","Other plant","Herbivore","Ground","Cathemeral"
"Arvicanthis rufinus","102.35",,,,,,,,"0","0","0","0","0","0","0","0","30","70","2","Other plant","Herbivore","Ground","Cathemeral"
"Arvicola amphibius","128.6","113.1","1.16",,,,,,"0","0","0","0","0","0","20","0","0","80","2","Other plant","Herbivore","Ground","Cathemeral"
"Arvicola sapidus","220",,,,,,,,"0","0","0","0","0","0","20","0","0","80","2","Other plant","Herbivore","Ground","Cathemeral"
"Arvicola scherman","162.48",,,,,,,,"0","0","0","0","0","0","20","0","0","80","2","Other plant","Herbivore","Ground","Cathemeral"
"Asellia patrizii","14.1",,,,,,,,"100","0","0","0","0","0","0","0","0","0","1","Invertebrates","Faunivore","Aerial","Nocturnal"
"Asellia tridens","12.8",,,,,,,,"100","0","0","0","0","0","0","0","0","0","1","Invertebrates","Faunivore","Aerial","Nocturnal"
"Aselliscus stoliczkanus","4.9",,,,,,,,"100","0","0","0","0","0","0","0","0","0","1","Invertebrates","Faunivore","Aerial","Nocturnal"
"Aselliscus tricuspidatus","4.2333","7.14","1.7",,,,,,"100","0","0","0","0","0","0","0","0","0","1","Invertebrates","Faunivore","Aerial","Nocturnal"
"Asellus aquaticus","0.02",,,,,,,,,,,,,,,,,,,,,,
"Asio flammeus","343.75",,,,,,,,,,,,,,,,,,,,,,
"Atelerix albiventris","410","146.7","0.326",,,,,,"20","10","30","0","10","0","20","0","0","10","6","Ectotherm vertebrates","Faunivore","Ground","Nocturnal"
"Atelerix algirus","680",,,,,,,,"20","10","30","0","10","0","20","0","0","10","6","Ectotherm vertebrates","Faunivore","Ground","Nocturnal"
"Atelerix frontalis","400","86.25","0.23",,,,,,"20","10","30","0","10","0","20","0","0","10","6","Ectotherm vertebrates","Faunivore","Ground","Nocturnal"
"Atelerix sclateri","539.15",,,,,,,,"20","10","30","0","10","0","20","0","0","10","6","Ectotherm vertebrates","Faunivore","Ground","Nocturnal"
"Ateles ater","6000",,,,,,,,,,,,,,,,,,,,,,
"Ateles belzebuth","7731.6429",,,,,,,,"10","0","0","0","10","0","60","0","10","10","5","Fruit","Herbivore","Arboreal","Diurnal"
"Ateles belzebuth group","8151.8125",,,,,,,,,,,,,,,,,,,,,,
"Ateles chamek","8246.66",,,,,,,,"10","0","0","0","10","0","60","0","10","10","5","Fruit","Herbivore","Arboreal","Diurnal"
"Ateles fusciceps","9160",,,,,,,,"10","0","0","0","10","0","60","0","10","10","5","Fruit","Herbivore","Arboreal","Diurnal"
"Ateles geoffroyi","7900",,,,,,,,"10","0","0","0","10","0","60","0","10","10","5","Fruit","Herbivore","Arboreal","Diurnal"
"Ateles geoffroyi group","7401.0625",,,,,,,,,,,,,,,,,,,,,,
"Ateles hybridus","7447.82",,,,,,,,"10","0","0","0","10","0","60","0","10","10","5","Fruit","Herbivore","Arboreal","Diurnal"
"Ateles marginatus","4600.49",,,,,,,,"10","0","0","0","10","0","60","0","10","10","5","Fruit","Herbivore","Arboreal","Diurnal"
"Ateles paniscus","7152.1921",,,"33","229.5","788.3333","1","1516","10","0","0","0","10","0","60","0","10","10","5","Fruit","Herbivore","Arboreal","Diurnal"
"Atelocynus microtis","8389.985",,,,,,,,"0","80","0","0","0","0","0","0","0","20","2","Endotherm vertebrates","Faunivore","Ground","Nocturnal"
"Athene noctua","169",,,,,,,,,,,,,,,,,,,,,,
"Atherurus africanus","2543.25",,,,,,,,"0","0","0","0","0","0","20","0","0","80","2","Other plant","Herbivore","Ground","Nocturnal"
"Atherurus macrourus","2000",,,,,,,,"0","0","0","0","0","0","20","0","0","80","2","Other plant","Herbivore","Ground","Nocturnal"
"Atilax paludinosus","3484.985",,,,,,,,"40","30","20","10","0","0","0","0","0","0","4","Invertebrates","Faunivore","Ground","Nocturnal"
"Atlantoxerus getulus","251",,,,,,,,"0","0","0","0","0","0","50","0","50","0","2","Fruit","Herbivore","Ground","Diurnal"
"Auliscomys boliviensis","71.25","110.4","1.4375",,,,,,"50","0","0","0","0","0","0","0","0","50","2","Invertebrates","Omnivore","Ground","Nocturnal"
"Auliscomys pictus","54.7",,,,,,,,"50","0","0","0","0","0","0","0","0","50","2","Invertebrates","Omnivore","Ground","Nocturnal"
"Auliscomys sublimis","38",,,,,,,,"50","0","0","0","0","0","0","0","0","50","2","Invertebrates","Omnivore","Ground","Nocturnal"
"Australopithecus afarensis","27200",,,,,,,,,,,,,,,,,,,,,,
"Australopithecus africanus","27275",,,,,,,,,,,,,,,,,,,,,,
"Avahi laniger","1214.1667",,,,"135","165","1",,"0","0","0","0","0","0","20","0","0","80","2","Other plant","Herbivore","Arboreal","Nocturnal"
"Avahi occidentalis","860",,,,"135",,"1",,"0","0","0","0","0","0","0","0","0","100","1","Other plant","Herbivore","Arboreal","Nocturnal"
"Avahi unicolor","848.53",,,,,,,,"0","0","0","0","0","0","0","0","0","100","1","Other plant","Herbivore","Arboreal","Nocturnal"
"Axis axis","81410.6167",,,,"218",,,,"0","0","0","0","0","0","10","0","0","90","2","Other plant","Herbivore","Ground","Nocturnal"
"Axis calamianensis","40500",,,,,,,,"0","0","0","0","0","0","10","0","0","90","2","Other plant","Herbivore","Ground","Nocturnal"
"Axis kuhlii","55000",,,,,,,,"0","0","0","0","0","0","10","0","0","90","2","Other plant","Herbivore","Ground","Nocturnal"
"Axis porcinus","32209.25",,,,,,,,"0","0","0","0","0","0","10","0","0","90","2","Other plant","Herbivore","Ground","Nocturnal"
"Babyrousa babyrussa","89000",,,,,,,,"0","0","0","0","0","0","40","0","0","60","2","Other plant","Herbivore","Ground","Diurnal"
"Babyrousa bolabatuensis","1e+05",,,,,,,,"10","0","0","0","10","0","20","0","0","60","4","Other plant","Herbivore","Ground","Diurnal"
"Babyrousa celebensis","1e+05",,,,,,,,"10","0","0","0","10","0","20","0","0","60","4","Other plant","Herbivore","Ground","Diurnal"
"Babyrousa togeanensis","1e+05",,,,,,,,"10","0","0","0","10","0","20","0","0","60","4","Other plant","Herbivore","Ground","Diurnal"
"Baiomys musculus","9",,,,,,,,"10","0","0","0","0","0","0","0","10","80","3","Other plant","Herbivore","Ground","Diurnal"
"Baiomys taylori","6.8","16.965","2.4023",,,,,,"10","0","0","0","0","0","0","0","10","80","3","Other plant","Herbivore","Ground","Diurnal"
"Balaena mysticetus","95499999.965",,,,,,,,"100","0","0","0","0","0","0","0","0","0","1","Invertebrates","Faunivore","Marine","Cathemeral"
"Balaenoptera acutorostrata","7793546.795",,,,,,,,"70","0","0","30","0","0","0","0","0","0","2","Invertebrates","Faunivore","Marine","Diurnal"
"Balaenoptera bonaerensis","35089915.83",,,,,,,,"100","0","0","0","0","0","0","0","0","0","1","Invertebrates","Faunivore","Marine","Diurnal"
"Balaenoptera borealis","25555555.5567",,,,,,,,"60","0","0","40","0","0","0","0","0","0","2","Invertebrates","Faunivore","Marine","Diurnal"
"Balaenoptera edeni","2e+07",,,,,,,,"50","0","0","50","0","0","0","0","0","0","2","Invertebrates","Faunivore","Marine","Diurnal"
"Balaenoptera musculus","97269333.3233",,,,,,,,"100","0","0","0","0","0","0","0","0","0","1","Invertebrates","Faunivore","Marine","Diurnal"
"Balaenoptera physalus","55240476.6667",,,,,,,,"70","0","0","30","0","0","0","0","0","0","2","Invertebrates","Faunivore","Marine","Diurnal"
"Balantiopteryx infusca","4.38",,,,,,,,"100","0","0","0","0","0","0","0","0","0","1","Invertebrates","Faunivore","Aerial","Nocturnal"
"Balantiopteryx io","4.3",,,,,,,,"100","0","0","0","0","0","0","0","0","0","1","Invertebrates","Faunivore","Aerial","Nocturnal"
"Balantiopteryx plicata","6.39",,,,,,,,"100","0","0","0","0","0","0","0","0","0","1","Invertebrates","Faunivore","Aerial","Nocturnal"
"Balionycteris maculata","13.845",,,,,,,,"0","0","0","0","0","0","80","20","0","0","2","Fruit","Herbivore","Arboreal","Nocturnal"
"Bandicota bengalensis","188.5",,,,,,,,"20","0","0","0","0","0","0","0","0","80","2","Other plant","Herbivore","Ground","Nocturnal"
"Bandicota indica","719.96",,,,,,,,"20","0","0","0","0","0","0","0","0","80","2","Other plant","Herbivore","Ground","Nocturnal"
"Bandicota savilei","199",,,,,,,,"20","0","0","0","0","0","0","0","0","80","2","Other plant","Herbivore","Ground","Nocturnal"
"Barbary macaque",,,,,,"258",,,,,,,,,,,,,,,,,
"Barbastella barbastellus","7",,,,,,,,"100","0","0","0","0","0","0","0","0","0","1","Invertebrates","Faunivore","Aerial","Nocturnal"
"Barbastella leucomelas","15.05",,,,,,,,"100","0","0","0","0","0","0","0","0","0","1","Invertebrates","Faunivore","Aerial","Nocturnal"
"Bassaricyon alleni","1235.005",,,,,,,,"20","10","0","0","0","0","70","0","0","0","3","Fruit","Herbivore","Arboreal","Nocturnal"
"Bassaricyon beddardi","1235.01",,,,,,,,"20","10","0","0","0","0","70","0","0","0","3","Fruit","Herbivore","Arboreal","Nocturnal"
"Bassaricyon gabbii","1250",,,,,,,,"20","10","0","0","0","0","70","0","0","0","3","Fruit","Herbivore","Arboreal","Nocturnal"
"Bassaricyon lasius","1200",,,,,,,,"20","10","0","0","0","0","70","0","0","0","3","Fruit","Herbivore","Arboreal","Nocturnal"
"Bassaricyon pauli","1200",,,,,,,,"20","10","0","0","0","0","70","0","0","0","3","Fruit","Herbivore","Arboreal","Nocturnal"
"Bassariscus astutus","992.4533","377.75","0.4378",,,,,,"20","10","0","0","0","0","70","0","0","0","3","Fruit","Herbivore","Ground","Nocturnal"
"Bassariscus sumichrasti","1635.5467","633.2","0.4929",,,,,,"20","10","0","0","0","0","70","0","0","0","3","Fruit","Herbivore","Arboreal","Nocturnal"
"Bathyergus janetta","356.75","216.35","0.569",,,,,,"0","0","0","0","0","0","0","0","0","100","1","Other plant","Herbivore","Ground","Nocturnal"
"Bathyergus suillus","854.955","341.8","0.4801",,,,,,"0","0","0","0","0","0","0","0","0","100","1","Other plant","Herbivore","Ground","Nocturnal"
"Bathynectes longipes","4",,,,,,,,,,,,,,,,,,,,,,
"Batomys dentatus","196",,,,,,,,"0","0","0","0","0","0","30","0","30","40","3","Other plant","Herbivore","Ground","Nocturnal"
"Batomys granti","177.8",,,,,,,,"0","0","0","0","0","0","30","0","30","40","3","Other plant","Herbivore","Ground","Nocturnal"
"Batomys russatus","186.79",,,,,,,,"0","0","0","0","0","0","30","0","30","40","3","Other plant","Herbivore","Ground","Nocturnal"
"Batomys salomonseni","187",,,,,,,,"0","0","0","0","0","0","30","0","30","40","3","Other plant","Herbivore","Ground","Nocturnal"
"Bauerus dubiaquercus","22.22",,,,,,,,"80","0","20","0","0","0","0","0","0","0","2","Invertebrates","Faunivore","Aerial","Nocturnal"
"Bdeogale crassicauda","1399.995",,,,,,,,"80","10","10","0","0","0","0","0","0","0","3","Invertebrates","Faunivore","Ground","Nocturnal"
"Bdeogale jacksoni","2500",,,,,,,,"40","50","0","0","10","0","0","0","0","0","3","Endotherm vertebrates","Faunivore","Ground","Nocturnal"
"Bdeogale nigripes","2500",,,,,,,,"60","30","10","0","0","0","0","0","0","0","3","Invertebrates","Faunivore","Ground","Nocturnal"
"Beamys hindei","82.775",,,,,,,,"0","0","0","0","0","0","50","0","50","0","2","Fruit","Herbivore","Ground","Nocturnal"
"Beamys major","75.8",,,,,,,,"0","0","0","0","0","0","50","0","50","0","2","Fruit","Herbivore","Ground","Nocturnal"
"Beatragus hunteri","79132.17",,,,,,,,"0","0","0","0","0","0","0","0","0","100","1","Other plant","Herbivore","Ground","Diurnal"
"Belomys pearsonii","217",,,,,,,,"10","0","0","0","0","0","20","0","50","20","4","Seed","Herbivore","Arboreal","Nocturnal"
"Berardius arnuxii","7e+06",,,,,,,,"90","0","0","10","0","0","0","0","0","0","2","Invertebrates","Faunivore","Marine","Cathemeral"
"Berardius bairdii","11380000",,,,,,,,"90","0","0","10","0","0","0","0","0","0","2","Invertebrates","Faunivore","Marine","Cathemeral"
"Berylmys berdmorei","235",,,,,,,,"30","0","0","0","0","0","20","0","10","40","4","Other plant","Herbivore","Ground","Nocturnal"
"Berylmys bowersi","330.35",,,,,,,,"30","0","0","0","0","0","20","0","10","40","4","Other plant","Herbivore","Ground","Nocturnal"
"Berylmys mackenziei","256",,,,,,,,"30","0","0","0","0","0","20","0","10","40","4","Other plant","Herbivore","Ground","Nocturnal"
"Berylmys manipulus","116",,,,,,,,"30","0","0","0","0","0","20","0","10","40","4","Other plant","Herbivore","Ground","Nocturnal"
"Betta splendens","1.1",,,,,,,,,,,,,,,,,,,,,,
"Bettongia gaimardi","1672.0833","689","0.4041",,,,,,"0","0","0","0","0","0","0","0","30","70","2","Other plant","Herbivore","Ground","Nocturnal"
"Bettongia lesueur","1597",,,,,,,,"0","0","0","0","0","0","0","0","30","70","2","Other plant","Herbivore","Ground","Nocturnal"
"Bettongia penicillata","1100","577.7","0.5683",,,,,,"0","0","0","0","0","0","0","0","30","70","2","Other plant","Herbivore","Ground","Nocturnal"
"Bettongia tropica","1228.29",,,,,,,,"10","0","0","0","0","0","0","0","10","80","3","Other plant","Herbivore","Ground","Nocturnal"
"Bibimys chacoensis","28",,,,,,,,"0","0","0","0","0","0","0","0","30","70","2","Other plant","Herbivore","Ground","Nocturnal"
"Bibimys labiosus","29",,,,,,,,"0","0","0","0","0","0","0","0","30","70","2","Other plant","Herbivore","Ground","Nocturnal"
"Bibimys torresi","28",,,,,,,,"0","0","0","0","0","0","0","0","30","70","2","Other plant","Herbivore","Ground","Nocturnal"
"Bison bison","696333.0875",,,,,,,,"0","0","0","0","0","0","0","0","0","100","1","Other plant","Herbivore","Ground","Cathemeral"
"Bison bonasus","5e+05",,,,,,,,"0","0","0","0","0","0","0","0","0","100","1","Other plant","Herbivore","Ground","Cathemeral"
"Biswamoyopterus biswasi","1613.3",,,,,,,,"0","0","0","0","0","0","30","20","40","10","4","Seed","Herbivore","Arboreal","Nocturnal"
"Black lemur",,,,,,"170",,,,,,,,,,,,,,,,,
"Blackheaded parrot (Adapornis personata)","40",,,,,,,,,,,,,,,,,,,,,,
"Blanfordimys afghanus","56.99",,,,,,,,"20","0","0","0","0","0","10","0","40","30","4","Seed","Herbivore","Ground","Diurnal"
"Blanfordimys bucharensis","57.08",,,,,,,,"20","0","0","0","0","0","10","0","40","30","4","Seed","Herbivore","Ground","Diurnal"
"Blarina brevicauda","19.7","58.602","2.8819",,,,,,"40","0","0","0","30","0","0","0","0","30","3","Invertebrates","Faunivore","Ground","Cathemeral"
"Blarina carolinensis","11.85","33.3","3.2647",,,,,,"40","0","0","0","30","0","0","0","0","30","3","Invertebrates","Faunivore","Ground","Cathemeral"
"Blarina hylophaga","14.5",,,,,,,,"40","0","0","0","30","0","0","0","0","30","3","Invertebrates","Faunivore","Ground","Cathemeral"
"Blarina peninsulae","17.63",,,,,,,,"40","0","0","0","30","0","0","0","0","30","3","Invertebrates","Faunivore","Ground","Cathemeral"
"Blarinella griselda","12.5",,,,,,,,"70","0","10","0","0","20","0","0","0","0","3","Invertebrates","Faunivore","Ground","Nocturnal"
"Blarinella quadraticauda","12.5",,,,,,,,"70","0","10","0","0","20","0","0","0","0","3","Invertebrates","Faunivore","Ground","Nocturnal"
"Blarinella wardi","11.26",,,,,,,,"70","0","10","0","0","20","0","0","0","0","3","Invertebrates","Faunivore","Ground","Nocturnal"
"Blarinomys breviceps","36.8",,,,,,,,"20","0","0","0","0","0","10","0","40","30","4","Seed","Herbivore","Ground","Nocturnal"
"Blastocerus dichotomus","86666.25",,,,,,,,"0","0","0","0","0","0","0","0","0","100","1","Other plant","Herbivore","Ground","Nocturnal"
"Bonnet macaque","8012.5",,,,,"195",,,,,,,,,,,,,,,,,
"Booralana tricarinata","4.6",,,,,,,,,,,,,,,,,,,,,,
"Bornean orangutan",,,,,,"1637",,,,,,,,,,,,,,,,,
"Boromys offella","272.28",,,,,,,,"0","0","0","0","0","0","30","0","20","50","3","Other plant","Herbivore","Ground","Nocturnal"
"Boromys torrei","272.28",,,,,,,,"0","0","0","0","0","0","30","0","20","50","3","Other plant","Herbivore","Ground","Nocturnal"
"Bos frontalis","8e+05",,,,,,,,"0","0","0","0","0","0","0","0","0","100","1","Other plant","Herbivore","Ground","Diurnal"
"Bos grunniens","269833.3333","29177","0.204",,,,,,"0","0","0","0","0","0","0","0","0","100","1","Other plant","Herbivore","Ground","Diurnal"
"Bos indicus","192750",,,,,,,,,,,,,,,,,,,,,,
"Bos javanicus","625000",,,,,,,,"0","0","0","0","0","0","0","0","0","100","1","Other plant","Herbivore","Ground","Cathemeral"
"Bos primigenius indicus","430000",,,,,,,,,,,,,,,,,,,,,,
"Bos primigenius taurus","8e+05",,,,,,,,,,,,,,,,,,,,,,
"Bos sauveli","8e+05",,,,,,,,"0","0","0","0","0","0","0","0","0","100","1","Other plant","Herbivore","Ground","Diurnal"
"Bos taurus","308000","53863.4286","0.1679",,"280",,,,"0","0","0","0","0","0","0","0","0","100","1","Other plant","Herbivore","Ground","Diurnal"
"Bos taurus indicus","596666.6667",,,"20","279.6667",,"1","548",,,,,,,,,,,,,,,
"Boselaphus tragocamelus","147000",,,,,,,,"0","0","0","0","0","0","20","0","0","80","2","Other plant","Herbivore","Ground","Diurnal"
"Brachiones przewalskii","61.11",,,,,,,,"10","0","0","0","0","0","10","0","20","60","4","Other plant","Herbivore","Ground","Nocturnal"
"Brachylagus idahoensis","426.67","384.5","0.89",,,,,,"0","0","0","0","0","0","0","0","0","100","1","Other plant","Herbivore","Ground","Nocturnal"
"Brachyphylla cavernarum","46.46",,,,,,,,"10","0","0","0","0","0","70","10","0","10","4","Fruit","Herbivore","Arboreal","Nocturnal"
"Brachyphylla nana","35.83",,,,,,,,"10","0","0","0","0","0","70","10","0","10","4","Fruit","Herbivore","Arboreal","Nocturnal"
"Brachytarsomys albicauda","200",,,,,,,,"0","0","0","0","0","0","100","0","0","0","1","Fruit","Herbivore","Ground","Nocturnal"
"Brachytarsomys villosa","220",,,,,,,,"0","0","0","0","0","0","100","0","0","0","1","Fruit","Herbivore","Arboreal","Nocturnal"
"Brachyteles arachnoides","9619.97",,,,,,,,"0","0","0","0","0","0","20","10","20","50","4","Other plant","Herbivore","Arboreal","Diurnal"
"Brachyteles hypoxanthus","10099.96",,,,,,,,"0","0","0","0","0","0","20","10","0","70","3","Other plant","Herbivore","Arboreal","Diurnal"
"Brachyteles sp.","8840",,,,,,,,,,,,,,,,,,,,,,
"Brachyuromys betsileoensis","92.5",,,,,,,,"10","0","0","0","0","0","30","0","50","10","4","Seed","Herbivore","Arboreal","Cathemeral"
"Brachyuromys ramirohitra","90",,,,,,,,"10","0","0","0","0","0","30","0","50","10","4","Seed","Herbivore","Arboreal","Cathemeral"
"Bradypus pygmaeus","4022.57",,,,,,,,"0","0","0","0","0","0","0","0","0","100","1","Other plant","Herbivore","Arboreal","Cathemeral"
"Bradypus torquatus","3899.96",,,,,,,,"0","0","0","0","0","0","0","0","0","100","1","Other plant","Herbivore","Arboreal","Cathemeral"
"Bradypus tridactylus","3897.6633","580.6","0.155",,,,,,"0","0","0","0","0","0","0","0","0","100","1","Other plant","Herbivore","Arboreal","Cathemeral"
"Bradypus variegatus","3791.0925","627.9333","0.1827",,,,,,"0","0","0","0","0","0","0","0","0","100","1","Other plant","Herbivore","Arboreal","Cathemeral"
"Branchiomma vesiculosum","0.5",,,,,,,,,,,,,,,,,,,,,,
"Broken Hill/Kabwe","65600",,,,,,,,,,,,,,,,,,,,,,
"Brotomys contractus","272.28",,,,,,,,"0","0","0","0","0","0","30","0","20","50","3","Other plant","Herbivore","Ground","Nocturnal"
"Brotomys voratus","272.28",,,,,,,,"0","0","0","0","0","0","30","0","20","50","3","Other plant","Herbivore","Ground","Nocturnal"
"Brown lemur",,,,,,"150",,,,,,,,,,,,,,,,,
"Brucepattersonius albinasus","20",,,,,,,,"90","0","0","0","0","0","0","0","0","10","2","Invertebrates","Faunivore","Ground","Nocturnal"
"Brucepattersonius griserufescens","23.7",,,,,,,,"90","0","0","0","0","0","0","0","0","10","2","Invertebrates","Faunivore","Ground","Nocturnal"
"Brucepattersonius guarani","30.87",,,,,,,,"90","0","0","0","0","0","0","0","0","10","2","Invertebrates","Faunivore","Ground","Nocturnal"
"Brucepattersonius igniventris","32",,,,,,,,"90","0","0","0","0","0","0","0","0","10","2","Invertebrates","Faunivore","Ground","Nocturnal"
"Brucepattersonius iheringi","43",,,,,,,,"90","0","0","0","0","0","0","0","0","10","2","Invertebrates","Faunivore","Ground","Nocturnal"
"Brucepattersonius misionensis","43",,,,,,,,"90","0","0","0","0","0","0","0","0","10","2","Invertebrates","Faunivore","Ground","Nocturnal"
"Brucepattersonius paradisus","30.87",,,,,,,,"90","0","0","0","0","0","0","0","0","10","2","Invertebrates","Faunivore","Ground","Nocturnal"
"Brucepattersonius soricinus","30.87",,,,,,,,"90","0","0","0","0","0","0","0","0","10","2","Invertebrates","Faunivore","Ground","Nocturnal"
"Bubalus bubalis","720250.3233",,,,,,,,"0","0","0","0","0","0","0","0","0","100","1","Other plant","Herbivore","Ground","Cathemeral"
"Bubalus depressicornis","3e+05",,,,,,,,"0","0","0","0","0","0","20","0","0","80","2","Other plant","Herbivore","Ground","Cathemeral"
"Bubalus mindorensis","233333.33",,,,,,,,"0","0","0","0","0","0","0","0","0","100","1","Other plant","Herbivore","Ground","Cathemeral"
"Bubalus quarlesi","150000",,,,,,,,"0","0","0","0","0","0","0","0","0","100","1","Other plant","Herbivore","Ground","Cathemeral"
"Bubo virginianus","1377",,,,,,,,,,,,,,,,,,,,,,
"Budorcas taxicolor","302000",,,,,,,,"0","0","0","0","0","0","0","0","0","100","1","Other plant","Herbivore","Ground","Diurnal"
"Bufo marinus","2000",,,,,,,,,,,,,,,,,,,,,,
"Bullimus bagobus","432.5",,,,,,,,"10","0","0","0","0","0","10","0","20","60","4","Other plant","Herbivore","Ground","Nocturnal"
"Bullimus gamay","367.8",,,,,,,,"10","0","0","0","0","0","10","0","20","60","4","Other plant","Herbivore","Ground","Nocturnal"
"Bullimus luzonicus","445",,,,,,,,"10","0","0","0","0","0","10","0","20","60","4","Other plant","Herbivore","Ground","Nocturnal"
"Bunolagus monticularis","1750.01",,,,,,,,"0","0","0","0","0","0","0","0","0","100","1","Other plant","Herbivore","Ground","Nocturnal"
"Bunomys andrewsi","125",,,,,,,,"60","0","0","0","0","0","40","0","0","0","2","Invertebrates","Omnivore","Ground","Nocturnal"
"Bunomys chrysocomus","116",,,,,,,,"60","0","0","0","0","0","40","0","0","0","2","Invertebrates","Omnivore","Ground","Nocturnal"
"Bunomys coelestis","120",,,,,,,,"60","0","0","0","0","0","40","0","0","0","2","Invertebrates","Omnivore","Ground","Nocturnal"
"Bunomys fratrorum","135",,,,,,,,"60","0","0","0","0","0","40","0","0","0","2","Invertebrates","Omnivore","Ground","Nocturnal"
"Bunomys penitus","170",,,,,,,,"60","0","0","0","0","0","40","0","0","0","2","Invertebrates","Omnivore","Ground","Nocturnal"
"Bunomys prolatus","131",,,,,,,,"60","0","0","0","0","0","40","0","0","0","2","Invertebrates","Omnivore","Ground","Nocturnal"
"Bunopithecus hoolock","6718.4167",,,,,,,,"10","0","0","0","0","0","70","0","0","20","3","Fruit","Herbivore","Arboreal","Diurnal"
"Burramys parvus","63","36.85","0.8318",,,,,,"40","0","0","0","0","0","30","0","30","0","3","Invertebrates","Omnivore","Arboreal","Nocturnal"
"C. apella","3200",,,,,,,,,,,,,,,,,,,,,,
"C. atys","10500",,,,,,,,,,,,,,,,,,,,,,
"Cabassous centralis","3809.98","811.5","0.213",,,,,,"100","0","0","0","0","0","0","0","0","0","1","Invertebrates","Faunivore","Ground","Nocturnal"
"Cabassous chacoensis","1490.01",,,,,,,,"100","0","0","0","0","0","0","0","0","0","1","Invertebrates","Faunivore","Ground","Nocturnal"
"Cabassous tatouay","5349.95",,,,,,,,"100","0","0","0","0","0","0","0","0","0","1","Invertebrates","Faunivore","Ground","Nocturnal"
"Cabassous unicinctus","4364.995",,,,,,,,"100","0","0","0","0","0","0","0","0","0","1","Invertebrates","Faunivore","Ground","Nocturnal"
"Cacajao calvus","3165",,,,,,,,"10","0","0","0","10","0","70","0","0","10","4","Fruit","Herbivore","Arboreal","Diurnal"
"Cacajao melanocephalus","2669",,,,,,,,"10","0","0","0","10","0","70","0","0","10","4","Fruit","Herbivore","Arboreal","Diurnal"
"Cacatua galerita","430",,,,,,,,,,,,,,,,,,,,,,
"Cacatua goffini","244.795",,,,,,,,,,,,,,,,,,,,,,
"Caenolestes caniventer","40",,,,,,,,"70","0","0","0","10","0","10","0","0","10","4","Invertebrates","Faunivore","Ground","Nocturnal"
"Caenolestes condorensis","47.81",,,,,,,,"70","0","0","0","10","0","10","0","0","10","4","Invertebrates","Faunivore","Ground","Nocturnal"
"Caenolestes convelatus","40",,,,,,,,"70","0","0","0","10","0","10","0","0","10","4","Invertebrates","Faunivore","Ground","Nocturnal"
"Caenolestes fuliginosus","31.4",,,,,,,,"70","0","0","0","10","0","10","0","0","10","4","Invertebrates","Faunivore","Ground","Nocturnal"
"Calcochloris leucorhinus","49.7",,,,,,,,"100","0","0","0","0","0","0","0","0","0","1","Invertebrates","Faunivore","Ground","Cathemeral"
"Calcochloris obtusirostris","24.05",,,,,,,,"100","0","0","0","0","0","0","0","0","0","1","Invertebrates","Faunivore","Ground","Cathemeral"
"Calcochloris tytonis","49.7",,,,,,,,"100","0","0","0","0","0","0","0","0","0","1","Invertebrates","Faunivore","Ground","Cathemeral"
"Callicebus baptista","1011.32",,,,,,,,"10","0","0","0","0","0","70","0","10","10","4","Fruit","Herbivore","Arboreal","Diurnal"
"Callicebus barbarabrownae","1011.32",,,,,,,,"20","0","0","0","0","0","50","0","0","30","3","Fruit","Herbivore","Arboreal","Diurnal"
"Callicebus bernhardi","950",,,,,,,,"20","0","0","0","0","0","50","0","0","30","3","Fruit","Herbivore","Arboreal","Diurnal"
"Callicebus brunneus","910.955",,,,,,,,"20","0","0","0","0","0","50","0","0","30","3","Fruit","Herbivore","Arboreal","Diurnal"
"Callicebus caligatus","902.482",,,,,,,,"20","0","0","0","0","0","50","0","0","30","3","Fruit","Herbivore","Arboreal","Diurnal"
"Callicebus cinerascens","992.41",,,,,,,,"20","0","0","0","0","0","50","0","0","30","3","Fruit","Herbivore","Arboreal","Diurnal"
"Callicebus coimbrai","1011.32",,,,,,,,"20","0","0","0","0","0","50","0","0","30","3","Fruit","Herbivore","Arboreal","Diurnal"
"Callicebus cupreus","887",,,,,,,,"20","0","0","0","0","0","50","0","0","30","3","Fruit","Herbivore","Arboreal","Diurnal"
"Callicebus cupreus group","887",,,,,,,,,,,,,,,,,,,,,,
"Callicebus discolor","918.3333",,,,,,,,"20","0","0","0","0","0","50","0","0","30","3","Fruit","Herbivore","Arboreal","Diurnal"
"Callicebus donacophilus","795.01",,,,,,,,"20","0","0","0","0","0","50","0","0","30","3","Fruit","Herbivore","Arboreal","Diurnal"
"Callicebus dubius","992.41",,,,,,,,"20","0","0","0","0","0","50","0","0","30","3","Fruit","Herbivore","Arboreal","Diurnal"
"Callicebus hoffmannsi","992.41",,,,,,,,"20","0","0","0","0","0","50","0","0","30","3","Fruit","Herbivore","Arboreal","Diurnal"
"Callicebus lucifer","1500",,,,,,,,"20","0","0","0","0","0","50","0","0","30","3","Fruit","Herbivore","Arboreal","Diurnal"
"Callicebus lugens","1074.264",,,,,,,,"20","0","0","0","0","0","50","0","0","30","3","Fruit","Herbivore","Arboreal","Diurnal"
"Callicebus medemi","1172.9167",,,,,,,,"20","0","0","0","0","0","50","0","0","30","3","Fruit","Herbivore","Arboreal","Diurnal"
"Callicebus melanochir","1370",,,,,,,,"20","0","0","0","0","0","50","0","0","30","3","Fruit","Herbivore","Arboreal","Diurnal"
"Callicebus modestus","992.41",,,,,,,,"20","0","0","0","0","0","50","0","0","30","3","Fruit","Herbivore","Arboreal","Diurnal"
"Callicebus moloch","864.2857",,,"24.6","164","60","1.01","1262.74","20","0","0","0","0","0","50","0","0","30","3","Fruit","Herbivore","Arboreal","Diurnal"
"Callicebus nigrifrons","1011.32",,,,,,,,"20","0","0","0","0","0","50","0","0","30","3","Fruit","Herbivore","Arboreal","Diurnal"
"Callicebus oenanthe","992.41",,,,,,,,"20","0","0","0","0","0","50","0","0","30","3","Fruit","Herbivore","Arboreal","Diurnal"
"Callicebus olallae","992.41",,,,,,,,"20","0","0","0","0","0","50","0","0","30","3","Fruit","Herbivore","Arboreal","Diurnal"
"Callicebus ornatus","1170.5",,,,,,,,"20","0","0","0","0","0","70","0","0","10","3","Fruit","Herbivore","Arboreal","Diurnal"
"Callicebus pallescens","800",,,,,,,,"20","0","0","0","0","0","50","0","0","30","3","Fruit","Herbivore","Arboreal","Diurnal"
"Callicebus personatus","1349.99",,,,,,,,"20","0","0","0","0","0","50","0","0","30","3","Fruit","Herbivore","Arboreal","Diurnal"
"Callicebus purinus","1011.32",,,,,,,,"20","0","0","0","0","0","50","0","0","30","3","Fruit","Herbivore","Arboreal","Diurnal"
"Callicebus regulus","1070.5525",,,,,,,,"20","0","0","0","0","0","50","0","0","30","3","Fruit","Herbivore","Arboreal","Diurnal"
"Callicebus stephennashi","690",,,,,,,,"20","0","0","0","0","0","50","0","0","30","3","Fruit","Herbivore","Arboreal","Diurnal"
"Callicebus torquatus","1168.3333",,,,,,,,"20","0","0","0","0","0","50","0","0","30","3","Fruit","Herbivore","Arboreal","Diurnal"
"Callimico goeldii","481.6667","280.625","0.5062","17.9","152.5","67.125","1","309.5","40","0","0","0","10","0","50","0","0","0","3","Fruit","Omnivore","Arboreal","Diurnal"
"Calliphora collini","0.04",,,,,,,,,,,,,,,,,,,,,,
"Callistomys pictus","518.99",,,,,,,,"0","0","0","0","0","0","80","0","0","20","2","Fruit","Herbivore","Ground","Nocturnal"
"Callithrix acariensis","335.61",,,,,,,,"20","0","0","0","10","0","30","40","0","0","4","Nectar","Herbivore","Arboreal","Diurnal"
"Callithrix argentata","376.6667",,,,,,,,"20","0","0","0","20","0","60","0","0","0","3","Fruit","Omnivore","Arboreal","Diurnal"
"Callithrix aurita","400",,,,,,,,"20","0","0","0","10","0","30","40","0","0","4","Nectar","Herbivore","Arboreal","Diurnal"
"Callithrix chrysoleuca","335.61",,,,,,,,"20","0","0","0","10","0","30","40","0","0","4","Nectar","Herbivore","Arboreal","Diurnal"
"Callithrix emiliae","309.58",,,,,,,,"20","0","0","0","10","0","30","40","0","0","4","Nectar","Herbivore","Arboreal","Diurnal"
"Callithrix flaviceps","342",,,,,,,,"20","0","0","0","10","0","30","40","0","0","4","Nectar","Herbivore","Arboreal","Diurnal"
"Callithrix geoffroyi","338",,,,,,,,"20","0","0","0","10","0","30","40","0","0","4","Nectar","Herbivore","Arboreal","Diurnal"
"Callithrix humeralifera","371.6633",,,,,,,,"20","0","0","0","20","0","60","0","0","0","3","Fruit","Omnivore","Arboreal","Diurnal"
"Callithrix humilis","335.61",,,,,,,,"20","0","0","0","10","0","30","40","0","0","4","Nectar","Herbivore","Arboreal","Diurnal"
"Callithrix intermedia","335.61",,,,,,,,"50","0","0","0","0","0","30","20","0","0","3","Invertebrates","Omnivore","Arboreal","Diurnal"
"Callithrix jacchus","296.7976","165.3128","0.5526","16.75","145","73.7","2.31","421","20","0","0","0","10","0","30","40","0","0","4","Nectar","Herbivore","Arboreal","Diurnal"
"Callithrix kuhlii","362.8889",,,,,,,,"20","0","0","0","10","0","30","40","0","0","4","Nectar","Herbivore","Arboreal","Diurnal"
"Callithrix leucippe","335.61",,,,,,,,"20","0","0","0","0","0","40","40","0","0","3","Fruit","Herbivore","Arboreal","Diurnal"
"Callithrix manicorensis","335.61",,,,,,,,"20","0","0","0","10","0","30","40","0","0","4","Nectar","Herbivore","Arboreal","Diurnal"
"Callithrix marcai","335.61",,,,,,,,"20","0","0","0","10","0","30","40","0","0","4","Nectar","Herbivore","Arboreal","Diurnal"
"Callithrix mauesi","443.79",,,,,,,,"20","0","0","0","10","0","30","40","0","0","4","Nectar","Herbivore","Arboreal","Diurnal"
"Callithrix melanura","335.61",,,,,,,,"20","0","0","0","0","0","40","20","0","20","4","Fruit","Herbivore","Arboreal","Diurnal"
"Callithrix nigriceps","401.12",,,,,,,,"20","0","0","0","0","0","0","70","10","0","3","Nectar","Herbivore","Arboreal","Diurnal"
"Callithrix penicillata","319.2444",,,,,,,,"20","0","0","0","10","0","30","40","0","0","4","Nectar","Herbivore","Arboreal","Diurnal"
"Callithrix pygmaea","120","90.6001","0.7273",,"137","90",,,"20","0","0","0","20","0","0","60","0","0","3","Nectar","Omnivore","Arboreal","Diurnal"
"Callithrix saterei","441.25",,,,,,,,"20","0","0","0","10","0","30","40","0","0","4","Nectar","Herbivore","Arboreal","Diurnal"
"Callorhinus ursinus","52000","14343.5","0.6208",,,,,,"40","0","0","60","0","0","0","0","0","0","2","Fish","Faunivore","Marine","Nocturnal"
"Callosciurus adamsi","134.5",,,,,,,,"20","0","0","0","10","0","20","0","20","30","5","Other plant","Herbivore","Arboreal","Diurnal"
"Callosciurus albescens","220.89",,,,,,,,"20","0","0","0","10","0","20","0","20","30","5","Other plant","Herbivore","Arboreal","Diurnal"
"Callosciurus baluensis","356",,,,,,,,"20","0","0","0","10","0","20","0","20","30","5","Other plant","Herbivore","Arboreal","Diurnal"
"Callosciurus caniceps","248.5",,,,,,,,"20","0","0","0","10","0","20","0","20","30","5","Other plant","Herbivore","Arboreal","Diurnal"
"Callosciurus erythraeus","280",,,,,,,,"20","0","0","0","10","0","20","0","20","30","5","Other plant","Herbivore","Arboreal","Diurnal"
"Callosciurus finlaysonii","278",,,,,,,,"20","0","0","0","10","0","20","0","20","30","5","Other plant","Herbivore","Arboreal","Diurnal"
"Callosciurus inornatus","325",,,,,,,,"20","0","0","0","10","0","20","0","20","30","5","Other plant","Herbivore","Arboreal","Diurnal"
"Callosciurus melanogaster","278",,,,,,,,"20","0","0","0","10","0","20","0","20","30","5","Other plant","Herbivore","Arboreal","Diurnal"
"Callosciurus nigrovittatus","202",,,,,,,,"20","0","0","0","10","0","20","0","20","30","5","Other plant","Herbivore","Arboreal","Diurnal"
"Callosciurus notatus","203.5",,,,,,,,"20","0","0","0","10","0","20","0","20","30","5","Other plant","Herbivore","Arboreal","Diurnal"
"Callosciurus orestes","278",,,,,,,,"20","0","0","0","10","0","20","0","20","30","5","Other plant","Herbivore","Arboreal","Diurnal"
"Callosciurus phayrei","269",,,,,,,,"20","0","0","0","10","0","20","0","20","30","5","Other plant","Herbivore","Arboreal","Diurnal"
"Callosciurus prevostii","400.23",,,,,,,,"20","0","0","0","10","0","20","0","20","30","5","Other plant","Herbivore","Arboreal","Diurnal"
"Callosciurus pygerythrus","252",,,,,,,,"20","0","0","0","10","0","20","0","20","30","5","Other plant","Herbivore","Arboreal","Diurnal"
"Callosciurus quinquestriatus","207.77",,,,,,,,"20","0","0","0","10","0","20","0","20","30","5","Other plant","Herbivore","Arboreal","Diurnal"
"Calomys boliviae","27",,,,,,,,"0","0","0","0","0","0","0","0","0","100","1","Other plant","Herbivore","Ground","Nocturnal"
"Calomys callidus","27",,,,,,,,"0","0","0","0","0","0","0","0","0","100","1","Other plant","Herbivore","Ground","Nocturnal"
"Calomys callosus","46.475","71.04","1.48",,,,,,"0","0","0","0","0","0","0","0","0","100","1","Other plant","Herbivore","Ground","Nocturnal"
"Calomys expulsus","39.86",,,,,,,,"0","0","0","0","0","0","0","0","0","100","1","Other plant","Herbivore","Ground","Nocturnal"
"Calomys hummelincki","27",,,,,,,,"0","0","0","0","0","0","0","0","0","100","1","Other plant","Herbivore","Ground","Nocturnal"
"Calomys laucha","14",,,,,,,,"0","0","0","0","0","0","0","0","0","100","1","Other plant","Herbivore","Ground","Nocturnal"
"Calomys lepidus","21.3","27.36","1.71",,,,,,"0","0","0","0","0","0","0","0","0","100","1","Other plant","Herbivore","Ground","Nocturnal"
"Calomys musculinus","17","27.89","1.6503",,,,,,"0","0","0","0","0","0","0","0","0","100","1","Other plant","Herbivore","Ground","Nocturnal"
"Calomys sorellus","20",,,,,,,,"0","0","0","0","0","0","0","0","0","100","1","Other plant","Herbivore","Ground","Nocturnal"
"Calomys tener","13.8",,,,,,,,"0","0","0","0","0","0","0","0","0","100","1","Other plant","Herbivore","Ground","Nocturnal"
"Calomys tocantinsi","25.3",,,,,,,,"0","0","0","0","0","0","0","0","0","100","1","Other plant","Herbivore","Ground","Nocturnal"
"Calomys venustus","50","70.79","1.4301",,,,,,"0","0","0","0","0","0","0","0","0","100","1","Other plant","Herbivore","Ground","Nocturnal"
"Calomyscus bailwardi","20.4",,,,,,,,"10","0","0","0","0","0","0","0","70","20","3","Seed","Herbivore","Ground","Nocturnal"
"Calomyscus baluchi","21.39",,,,,,,,"10","0","0","0","0","0","0","0","70","20","3","Seed","Herbivore","Ground","Nocturnal"
"Calomyscus elburzensis","18.62",,,,,,,,"20","0","0","0","0","0","0","0","60","20","3","Seed","Herbivore","Ground","Nocturnal"
"Calomyscus grandis","18.62",,,,,,,,"20","0","0","0","0","0","0","0","60","20","3","Seed","Herbivore","Ground","Nocturnal"
"Calomyscus hotsoni","21.42",,,,,,,,"10","0","0","0","0","0","0","0","70","20","3","Seed","Herbivore","Ground","Nocturnal"
"Calomyscus mystax","17",,,,,,,,"10","0","0","0","0","0","0","0","70","20","3","Seed","Herbivore","Ground","Nocturnal"
"Calomyscus tsolovi","21.43",,,,,,,,"10","0","0","0","0","0","0","0","70","20","3","Seed","Herbivore","Ground","Nocturnal"
"Calomyscus urartensis","21.22",,,,,,,,"10","0","0","0","0","0","0","0","70","20","3","Seed","Herbivore","Ground","Nocturnal"
"Caloprymnus campestris","900",,,,,,,,"30","0","0","0","0","0","0","0","0","70","2","Other plant","Herbivore","Ground","Nocturnal"
"Caluromys derbianus","324","203.5","0.57",,,,,,"20","0","0","0","10","0","20","0","10","40","5","Other plant","Herbivore","Arboreal","Nocturnal"
"Caluromys lanatus","354.5",,,,,,,,"20","0","0","0","10","0","20","0","10","40","5","Other plant","Herbivore","Arboreal","Nocturnal"
"Caluromys philander","208.555","127.5","0.75",,,,,,"20","0","0","0","10","0","20","0","10","40","5","Other plant","Herbivore","Arboreal","Nocturnal"
"Caluromysiops irrupta","250",,,,,,,,"20","0","0","0","0","0","20","40","0","20","4","Nectar","Herbivore","Arboreal","Nocturnal"
"Calypte anna","3.4",,,,,,,,,,,,,,,,,,,,,,
"Calypte costae","3.2",,,,,,,,,,,,,,,,,,,,,,
"Calyptophractus retusus","129.99",,,,,,,,"100","0","0","0","0","0","0","0","0","0","1","Invertebrates","Faunivore","Ground","Nocturnal"
"Cambarus diogenes","29",,,,,,,,,,,,,,,,,,,,,,
"Camelus","570000",,,,,,,,,,,,,,,,,,,,,,
"Camelus bactrianus","568903.182",,,,,,,,"0","0","0","0","0","0","0","0","0","100","1","Other plant","Herbivore","Ground","Diurnal"
"Camelus dromedarius","493730.6386","33402","0.1304",,"395",,,,"0","0","0","0","0","0","0","0","0","100","1","Other plant","Herbivore","Ground","Diurnal"
"Canis adustus","8202.455",,,,,,,,"30","0","0","0","30","20","0","0","0","20","4","Invertebrates","Faunivore","Ground","Nocturnal"
"Canis aureus","9498.41",,,,,,,,"10","50","10","10","10","0","10","0","0","0","6","Endotherm vertebrates","Faunivore","Ground","Nocturnal"
"Canis latrans","12400","7045.45","0.6647","21.8","63","60","6","274","0","60","0","10","0","30","0","0","0","0","3","Endotherm vertebrates","Faunivore","Ground","Nocturnal"
"Canis lupus","18607.5333","6500.9091","0.3246",,,,,,"0","100","0","0","0","0","0","0","0","0","1","Endotherm vertebrates","Faunivore","Ground","Nocturnal"
"Canis lupus familiaris","13038.1985",,,,"63",,,,,,,,,,,,,,,,,,
"Canis mesomelas","8073.34","3760","0.487",,,,,,"10","30","0","0","0","30","0","0","0","30","4","Endotherm vertebrates","Faunivore","Ground","Cathemeral"
"Canis simensis","10000",,,,,,,,"0","100","0","0","0","0","0","0","0","0","1","Endotherm vertebrates","Faunivore","Ground","Cathemeral"
"Cannomys badius","497","172","0.5",,,,,,"0","0","0","0","0","0","0","0","0","100","1","Other plant","Herbivore","Ground","Nocturnal"
"Cansumys canus","76.02",,,,,,,,"20","0","0","0","0","0","10","0","40","30","4","Seed","Herbivore","Ground","Nocturnal"
"Caperea marginata","3.2e+07",,,,,,,,"100","0","0","0","0","0","0","0","0","0","1","Invertebrates","Faunivore","Marine","Cathemeral"
"Capra aegagrus","47386.47",,,,,,,,,,,,,,,,,,,,,,
"Capra aegagrus hircus","29242.8571",,,,,,,,,,,,,,,,,,,,,,
"Capra caucasica","55000",,,,,,,,"0","0","0","0","0","0","0","0","0","100","1","Other plant","Herbivore","Ground","Cathemeral"
"Capra falconeri","41000",,,,,,,,"0","0","0","0","0","0","0","0","0","100","1","Other plant","Herbivore","Ground","Diurnal"
"Capra hircus","51525","6599.75","0.2257",,,,,,"0","0","0","0","0","0","0","0","0","100","1","Other plant","Herbivore","Ground","Diurnal"
"Capra hircus domestica","38111.111",,,"20.8","154.874","160","1.375","406",,,,,,,,,,,,,,,
"Capra ibex","85166.51",,,,,,,,"0","0","0","0","0","0","0","0","0","100","1","Other plant","Herbivore","Ground","Diurnal"
"Capra nubiana","62624.84",,,,,,,,"0","0","0","0","0","0","0","0","0","100","1","Other plant","Herbivore","Ground","Diurnal"
"Capra pyrenaica","50000",,,,,,,,"0","0","0","0","0","0","0","0","0","100","1","Other plant","Herbivore","Ground","Diurnal"
"Capra sibirica","130000",,,,,,,,"0","0","0","0","0","0","0","0","0","100","1","Other plant","Herbivore","Ground","Diurnal"
"Capra walie","1e+05",,,,,,,,"0","0","0","0","0","0","0","0","0","100","1","Other plant","Herbivore","Ground","Diurnal"
"Capreolus capreolus","21693","9325","0.4274",,,,,,"0","0","0","0","0","0","0","0","0","100","1","Other plant","Herbivore","Ground","Cathemeral"
"Capreolus pygargus","43752.21",,,,,,,,"0","0","0","0","0","0","0","0","0","100","1","Other plant","Herbivore","Ground","Diurnal"
"Capricornis crispus","43030.64",,,,,,,,"0","0","0","0","0","0","0","0","20","80","2","Other plant","Herbivore","Ground","Diurnal"
"Capricornis milneedwardsii","69093.52",,,,,,,,"0","0","0","0","0","0","0","0","0","100","1","Other plant","Herbivore","Ground","Diurnal"
"Capricornis rubidus","69093.52",,,,,,,,"0","0","0","0","0","0","0","0","0","100","1","Other plant","Herbivore","Ground","Diurnal"
"Capricornis sumatraensis","110942.22",,,,,,,,"0","0","0","0","0","0","0","0","0","100","1","Other plant","Herbivore","Ground","Diurnal"
"Capricornis swinhoei","69093.52",,,,,,,,"0","0","0","0","0","0","0","0","20","80","2","Other plant","Herbivore","Ground","Diurnal"
"Capricornis thar","69093.52",,,,,,,,"0","0","0","0","0","0","0","0","0","100","1","Other plant","Herbivore","Ground","Diurnal"
"Caprimulgus europaeus","70",,,,,,,,,,,,,,,,,,,,,,
"Caprimulgus guttatus (argus)","75",,,,,,,,,,,,,,,,,,,,,,
"Caprimulgus tristigma","73",,,,,,,,,,,,,,,,,,,,,,
"Caprimulgus vociferus","55",,,,,,,,,,,,,,,,,,,,,,
"Caprolagus hispidus","2497",,,,,,,,"0","0","0","0","0","0","0","0","0","100","1","Other plant","Herbivore","Ground","Nocturnal"
"Capromys gundlachianus","5650",,,,,,,,"0","0","0","0","0","0","30","0","0","70","2","Other plant","Herbivore","Ground","Nocturnal"
"Capromys pilorides","4140","597","0.227",,,,,,"0","0","0","0","0","0","30","0","0","70","2","Other plant","Herbivore","Ground","Nocturnal"
"Caracal caracal","12667.4775",,,,,,,,"0","100","0","0","0","0","0","0","0","0","1","Endotherm vertebrates","Faunivore","Ground","Nocturnal"
"Carassius auratus","16.65",,,,,,,,,,,,,,,,,,,,,,
"Carassius gibelio","157.58",,,,,,,,,,,,,,,,,,,,,,
"Carausius morosus","1",,,,,,,,,,,,,,,,,,,,,,
"Carcharhinus acronotus","18800",,,,,,,,,,,,,,,,,,,,,,
"Carcharhinus plumbeus","4700",,,,,,,,,,,,,,,,,,,,,,
"Cardiocranius paradoxus","8.6",,,,,,,,"0","0","0","0","0","0","0","0","100","0","1","Seed","Herbivore","Ground","Nocturnal"
"Cardioderma cor","26.67",,,,,,,,"100","0","0","0","0","0","0","0","0","0","1","Invertebrates","Faunivore","Ground","Nocturnal"
"Caretta caretta HBS112700","79000",,,,,,,,,,,,,,,,,,,,,,
"Carlito syrichta","127",,,,,,,,,,,,,,,,,,,,,,
"Carollia brevicauda","14.4",,,,,,,,"0","0","0","0","0","0","100","0","0","0","1","Fruit","Herbivore","Arboreal","Nocturnal"
"Carollia castanea","12.91",,,,,,,,"0","0","0","0","0","0","100","0","0","0","1","Fruit","Herbivore","Arboreal","Nocturnal"
"Carollia colombiana","15.47",,,,,,,,"0","0","0","0","0","0","100","0","0","0","1","Fruit","Herbivore","Arboreal","Nocturnal"
"Carollia perspicillata","17","31.91","2.0029",,,,,,"0","0","0","0","0","0","100","0","0","0","1","Fruit","Herbivore","Arboreal","Nocturnal"
"Carollia sowelli","16.5",,,,,,,,"0","0","0","0","0","0","100","0","0","0","1","Fruit","Herbivore","Arboreal","Nocturnal"
"Carollia subrufa","15.59",,,,,,,,"0","0","0","0","0","0","100","0","0","0","1","Fruit","Herbivore","Arboreal","Nocturnal"
"Carpitalpa arendsi","52.34",,,,,,,,"100","0","0","0","0","0","0","0","0","0","1","Invertebrates","Faunivore","Ground","Cathemeral"
"Carpomys melanurus","219.06",,,,,,,,"10","0","0","0","0","0","10","0","20","60","4","Other plant","Herbivore","Arboreal","Nocturnal"
"Carpomys phaeurus","215.15",,,,,,,,"10","0","0","0","0","0","10","0","20","60","4","Other plant","Herbivore","Arboreal","Nocturnal"
"Carterodon sulcidens","113.8",,,,,,,,"0","0","0","0","0","0","0","0","0","100","1","Other plant","Herbivore","Ground","Nocturnal"
"Caryomys eva","47.71",,,,,,,,"0","0","0","0","0","0","0","0","20","80","2","Other plant","Herbivore","Ground","Cathemeral"
"Caryomys inez","47.71",,,,,,,,"0","0","0","0","0","0","0","0","20","80","2","Other plant","Herbivore","Ground","Cathemeral"
"Casinycteris argynnis","30.285",,,,,,,,"0","0","0","0","0","0","80","20","0","0","2","Fruit","Herbivore","Arboreal","Nocturnal"
"Castor canadensis","13000","4972","0.2933","23.4","128","60","3.2","639","0","0","0","0","0","0","0","0","0","100","1","Other plant","Herbivore","Ground","Nocturnal"
"Castor fiber","17971.689",,,,,,,,"0","0","0","0","0","0","0","0","0","100","1","Other plant","Herbivore","Ground","Nocturnal"
"Cat (Felis domestica)","4650",,,,,,,,,,,,,,,,,,,,,,
"Catagonus wagneri","35566.41",,,,,,,,"0","0","0","0","0","0","0","0","30","70","2","Other plant","Herbivore","Ground","Diurnal"
"Catopsilia pomona pomona","0.1",,,,,,,,,,,,,,,,,,,,,,
"Catopsilia pyranthe pyranthe","0.1",,,,,,,,,,,,,,,,,,,,,,
"Catopuma badia","2500",,,,,,,,"0","80","0","0","0","20","0","0","0","0","2","Endotherm vertebrates","Faunivore","Ground","Nocturnal"
"Catopuma temminckii","7860",,,,,,,,"0","80","20","0","0","0","0","0","0","0","2","Endotherm vertebrates","Faunivore","Ground","Nocturnal"
"Cavia aperea","600",,,,,,,,"0","0","0","0","0","0","0","0","0","100","1","Other plant","Herbivore","Ground","Crepuscular"
"Cavia fulgida","282.5",,,,,,,,"0","0","0","0","0","0","0","0","0","100","1","Other plant","Herbivore","Ground","Crepuscular"
"Cavia intermedia","578.88",,,,,,,,"0","0","0","0","0","0","0","0","0","100","1","Other plant","Herbivore","Ground","Crepuscular"
"Cavia magna","502","473","0.8695",,,,,,"0","0","0","0","0","0","0","0","0","100","1","Other plant","Herbivore","Ground","Crepuscular"
"Cavia porcellus","584","384.84","0.6889",,"65",,,,"0","0","0","0","0","0","0","0","0","100","1","Other plant","Herbivore","Ground","Crepuscular"
"Cavia tschudii","1000",,,,,,,,"0","0","0","0","0","0","0","0","0","100","1","Other plant","Herbivore","Ground","Crepuscular"
"Cebus albifrons","3033.3333",,,"44","158.3333","270.6","1","1310","20","0","0","0","10","0","20","10","20","20","6","Invertebrates","Herbivore","Arboreal","Diurnal"
"Cebus apella group","2633.6422",,,,,,,,,,,,,,,,,,,,,,
"Cebus capucinus","2669.7414",,,,,,,,"20","0","0","0","10","0","20","10","20","20","6","Invertebrates","Herbivore","Arboreal","Diurnal"
"Cebus capucinus group","2845.4151",,,,,,,,,,,,,,,,,,,,,,
"Cebus kaapori","3000",,,,,,,,"10","0","0","0","0","0","70","0","10","10","4","Fruit","Herbivore","Arboreal","Diurnal"
"Cebus libidinosus","2388.172",,,,,,,,"20","0","0","0","10","0","40","20","0","10","5","Fruit","Herbivore","Arboreal","Diurnal"
"Cebus nigritus","2528.8174",,,,,,,,"20","0","0","0","10","0","40","20","0","10","5","Fruit","Herbivore","Arboreal","Diurnal"
"Cebus olivaceus","2594.83",,,,,,,,"20","0","0","0","10","0","20","10","20","20","6","Invertebrates","Herbivore","Arboreal","Diurnal"
"Cebus xanthosternos","2380.2039",,,,,,,,"20","0","0","0","10","0","40","20","0","10","5","Fruit","Herbivore","Arboreal","Diurnal"
"Centronycteris centralis","5",,,,,,,,"100","0","0","0","0","0","0","0","0","0","1","Invertebrates","Faunivore","Aerial","Nocturnal"
"Centronycteris maximiliani","5",,,,,,,,"100","0","0","0","0","0","0","0","0","0","1","Invertebrates","Faunivore","Aerial","Nocturnal"
"Centropomus undecimalis","959.42",,,,,,,,,,,,,,,,,,,,,,
"Centropristis striata","444.75",,,,,,,,,,,,,,,,,,,,,,
"Centurio senex","21.22",,,,,,,,"0","0","0","0","0","0","100","0","0","0","1","Fruit","Herbivore","Arboreal","Nocturnal"
"Cephalophus adersi","9249.96",,,,,,,,"0","10","0","0","0","0","30","0","0","60","3","Other plant","Herbivore","Ground","Nocturnal"
"Cephalophus brookei","20863.36",,,,,,,,"0","0","0","0","0","0","20","0","20","60","3","Other plant","Herbivore","Ground","Nocturnal"
"Cephalophus callipygus","18249.88",,,,,,,,"0","10","0","0","0","0","30","0","0","60","3","Other plant","Herbivore","Ground","Nocturnal"
"Cephalophus dorsalis","19999.3094",,,,,,,,"0","10","0","0","0","0","30","0","0","60","3","Other plant","Herbivore","Ground","Nocturnal"
"Cephalophus jentinki","70000.32",,,,,,,,"0","10","0","0","0","0","30","0","0","60","3","Other plant","Herbivore","Ground","Nocturnal"
"Cephalophus leucogaster","12849.945",,,,,,,,"0","10","0","0","0","0","30","0","0","60","3","Other plant","Herbivore","Ground","Nocturnal"
"Cephalophus natalensis","12408.16",,,,,,,,"0","10","0","0","0","0","30","0","0","60","3","Other plant","Herbivore","Ground","Nocturnal"
"Cephalophus niger","20399.99",,,,,,,,"0","10","0","0","0","0","30","0","0","60","3","Other plant","Herbivore","Ground","Nocturnal"
"Cephalophus nigrifrons","13774.925",,,,,,,,"0","10","0","0","0","0","30","0","0","60","3","Other plant","Herbivore","Ground","Nocturnal"
"Cephalophus ogilbyi","20000",,,,,,,,"0","10","0","0","0","0","30","0","0","60","3","Other plant","Herbivore","Ground","Nocturnal"
"Cephalophus rufilatus","11999.97",,,,,,,,"0","10","0","0","0","0","30","0","0","60","3","Other plant","Herbivore","Ground","Nocturnal"
"Cephalophus silvicultor","59168.9767",,,,,,,,"0","10","0","0","0","0","30","0","0","60","3","Other plant","Herbivore","Ground","Nocturnal"
"Cephalophus spadix","56000.25",,,,,,,,"0","10","0","0","0","0","30","0","0","60","3","Other plant","Herbivore","Ground","Nocturnal"
"Cephalophus weynsi","17000",,,,,,,,"0","10","0","0","0","0","30","0","0","60","3","Other plant","Herbivore","Ground","Nocturnal"
"Cephalophus zebra","13750.04",,,,,,,,"0","10","0","0","0","0","30","0","0","60","3","Other plant","Herbivore","Ground","Nocturnal"
"Cephalorhynchus commersonii","60200",,,,,,,,"20","0","0","80","0","0","0","0","0","0","2","Fish","Faunivore","Marine","Diurnal"
"Cephalorhynchus eutropia","45000",,,,,,,,"20","0","0","80","0","0","0","0","0","0","2","Fish","Faunivore","Marine","Diurnal"
"Cephalorhynchus heavisidii","55500",,,,,,,,"20","0","0","80","0","0","0","0","0","0","2","Fish","Faunivore","Marine","Diurnal"
"Cephalorhynchus hectori","50000",,,,,,,,"20","0","0","80","0","0","0","0","0","0","2","Fish","Faunivore","Marine","Diurnal"
"Cephonodes hylas virescens","1",,,,,,,,,,,,,,,,,,,,,,
"Ceratotherium simum","2658981.435",,,,,,,,"0","0","0","0","0","0","0","0","0","100","1","Other plant","Herbivore","Ground","Cathemeral"
"Cercartetus caudatus","27.5",,,,,,,,"20","0","10","0","0","0","20","20","10","20","6","Invertebrates","Herbivore","Arboreal","Nocturnal"
"Cercartetus concinnus","17.5","22.32","1.2",,,,,,"20","0","10","0","0","0","20","20","10","20","6","Invertebrates","Herbivore","Arboreal","Nocturnal"
"Cercartetus lepidus","12","18.77","1.4897",,,,,,"20","0","10","0","0","0","20","20","10","20","6","Invertebrates","Herbivore","Arboreal","Nocturnal"
"Cercartetus nanus","45","42.03","0.7903",,,,,,"20","0","10","0","0","0","20","20","10","20","6","Invertebrates","Herbivore","Arboreal","Nocturnal"
"Cercocebus agilis","6485",,,,,,,,"20","0","0","0","10","0","70","0","0","0","3","Fruit","Herbivore","Arboreal","Diurnal"
"Cercocebus atys","6200",,,,,,,,"10","0","0","0","0","0","40","0","50","0","3","Seed","Herbivore","Arboreal","Diurnal"
"Cercocebus chrysogaster","12000",,,,,,,,"20","0","0","0","10","0","70","0","0","0","3","Fruit","Herbivore","Arboreal","Diurnal"
"Cercocebus galeritus","6021.004",,,,,,,,"20","0","0","0","10","0","70","0","0","0","3","Fruit","Herbivore","Arboreal","Diurnal"
"Cercocebus sanjei","8000",,,,,,,,"0","0","0","0","0","0","70","0","0","30","2","Fruit","Herbivore","Arboreal","Diurnal"
"Cercocebus torquatus","6245.3529","1602.5","0.4273",,,,,,"20","0","0","0","10","0","70","0","0","0","3","Fruit","Herbivore","Arboreal","Diurnal"
"Cercopithecus albogularis","5305.7785",,,,,,,,"20","0","0","0","10","0","50","0","10","10","5","Fruit","Herbivore","Arboreal","Diurnal"
"Cercopithecus ascanius","3428.5714","1798.6","0.529",,,,,,"20","0","0","0","10","0","50","0","10","10","5","Fruit","Herbivore","Arboreal","Diurnal"
"Cercopithecus campbelli","3121.8156",,,,,,,,"20","0","0","0","10","0","50","0","10","10","5","Fruit","Herbivore","Arboreal","Diurnal"
"Cercopithecus campbelli lowei","2598",,,,,,,,,,,,,,,,,,,,,,
"Cercopithecus cephus","3267.662",,,,,,,,"20","0","0","0","10","0","50","0","10","10","5","Fruit","Herbivore","Arboreal","Diurnal"
"Cercopithecus cephus group","3802.9118",,,,,,,,,,,,,,,,,,,,,,
"Cercopithecus denti","4500",,,,,,,,"20","0","0","0","10","0","50","0","10","10","5","Fruit","Herbivore","Arboreal","Diurnal"
"Cercopithecus diana","3900",,,,,,,,"30","0","0","0","10","0","50","0","0","10","4","Fruit","Omnivore","Arboreal","Diurnal"
"Cercopithecus doggetti","5663.9444",,,,,,,,"0","0","0","0","10","0","50","0","30","10","4","Fruit","Herbivore","Arboreal","Diurnal"
"Cercopithecus dryas","3075",,,,,,,,"20","0","0","0","10","0","50","0","10","10","5","Fruit","Herbivore","Arboreal","Diurnal"
"Cercopithecus erythrogaster","2766.6667",,,,,,,,"20","0","0","0","10","0","50","0","10","10","5","Fruit","Herbivore","Arboreal","Diurnal"
"Cercopithecus erythrotis","3472.7767",,,,,,,,"20","0","0","0","10","0","50","0","10","10","5","Fruit","Herbivore","Arboreal","Diurnal"
"Cercopithecus hamlyni","2097",,,,,,,,"20","0","0","0","10","0","50","0","10","10","5","Fruit","Herbivore","Arboreal","Diurnal"
"Cercopithecus lhoesti","3450",,,,,,,,"0","0","0","0","10","0","50","0","30","10","4","Fruit","Herbivore","Arboreal","Diurnal"
"Cercopithecus lowei","3228",,,,,,,,"20","0","0","0","10","0","50","0","10","10","5","Fruit","Herbivore","Arboreal","Diurnal"
"Cercopithecus mitis","6862.381","3413.0833","0.4945","37.8","154","249","1","1673","5","0","0","0","5","0","55","0","15","20","3.5","Fruit","Herbivore","Arboreal","Diurnal"
"Cercopithecus mitis group","5839.6471",,,,,,,,,,,,,,,,,,,,,,
"Cercopithecus mona","3465.666",,,,,,,,"20","0","0","0","10","0","50","0","10","10","5","Fruit","Herbivore","Arboreal","Diurnal"
"Cercopithecus mona group","3288.5455",,,,,,,,,,,,,,,,,,,,,,
"Cercopithecus neglectus","5740",,,,,,,,"20","0","0","0","10","0","50","0","10","10","5","Fruit","Herbivore","Arboreal","Diurnal"
"Cercopithecus neglectus group","6252.75",,,,,,,,,,,,,,,,,,,,,,
"Cercopithecus nictitans","5090.14",,,,,,,,"20","0","0","0","10","0","50","0","10","10","5","Fruit","Herbivore","Arboreal","Diurnal"
"Cercopithecus petaurista","3234.8502",,,,,,,,"20","0","0","0","0","0","30","0","20","30","4","Fruit","Herbivore","Arboreal","Diurnal"
"Cercopithecus pogonias","3360.992",,,,,,,,"20","0","0","0","10","0","50","0","10","10","5","Fruit","Herbivore","Arboreal","Diurnal"
"Cercopithecus pogonias wolfi","2870",,,,,,,,,,,,,,,,,,,,,,
"Cercopithecus preussi","5250",,,,,,,,"0","0","0","0","10","0","50","0","30","10","4","Fruit","Herbivore","Arboreal","Diurnal"
"Cercopithecus pygerythrus","4000",,,,,,,,,,,,,,,,,,,,,,
"Cercopithecus roloway","5500",,,,,,,,"40","0","0","0","0","0","50","0","0","10","3","Fruit","Omnivore","Arboreal","Diurnal"
"Cercopithecus sclateri","3375",,,,,,,,"20","0","0","0","10","0","50","0","10","10","5","Fruit","Herbivore","Arboreal","Diurnal"
"Cercopithecus solatus","6500",,,,,,,,"0","0","0","0","10","0","50","0","30","10","4","Fruit","Herbivore","Arboreal","Diurnal"
"Cercopithecus wolfi","3593.3333",,,,,,,,"0","0","0","0","0","0","70","0","20","10","3","Fruit","Herbivore","Arboreal","Diurnal"
"Cerdocyon thous","5427.9933","1497.1","0.275",,,,,,"50","0","0","0","40","10","0","0","0","0","3","Invertebrates","Faunivore","Ground","Nocturnal"
"Cerkof monkey (Macacus sinicus)","1538",,,,,,,,,,,,,,,,,,,,,,
"Cervus canadensis","262500",,,,"255",,,,,,,,,,,,,,,,,,
"Cervus elaphus","152776.596","16420","0.2831",,,,,,"0","0","0","0","0","0","0","0","0","100","1","Other plant","Herbivore","Ground","Nocturnal"
"Cervus nippon","49500",,,,,,,,"0","0","0","0","0","0","0","0","0","100","1","Other plant","Herbivore","Ground","Nocturnal"
"Chaerephon aloysiisabaudiae","14.53",,,,,,,,"100","0","0","0","0","0","0","0","0","0","1","Invertebrates","Faunivore","Aerial","Nocturnal"
"Chaerephon ansorgei","16.14",,,,,,,,"100","0","0","0","0","0","0","0","0","0","1","Invertebrates","Faunivore","Aerial","Nocturnal"
"Chaerephon bemmeleni","19",,,,,,,,"100","0","0","0","0","0","0","0","0","0","1","Invertebrates","Faunivore","Aerial","Nocturnal"
"Chaerephon bivittatus","15.42",,,,,,,,"100","0","0","0","0","0","0","0","0","0","1","Invertebrates","Faunivore","Aerial","Nocturnal"
"Chaerephon bregullae","14.53",,,,,,,,"100","0","0","0","0","0","0","0","0","0","1","Invertebrates","Faunivore","Aerial","Nocturnal"
"Chaerephon chapini","10",,,,,,,,"100","0","0","0","0","0","0","0","0","0","1","Invertebrates","Faunivore","Aerial","Nocturnal"
"Chaerephon gallagheri","18.65",,,,,,,,"100","0","0","0","0","0","0","0","0","0","1","Invertebrates","Faunivore","Aerial","Nocturnal"
"Chaerephon jobensis","16.695",,,,,,,,"100","0","0","0","0","0","0","0","0","0","1","Invertebrates","Faunivore","Aerial","Nocturnal"
"Chaerephon johorensis","18.65",,,,,,,,"100","0","0","0","0","0","0","0","0","0","1","Invertebrates","Faunivore","Aerial","Nocturnal"
"Chaerephon leucogaster","12.5",,,,,,,,"100","0","0","0","0","0","0","0","0","0","1","Invertebrates","Faunivore","Aerial","Nocturnal"
"Chaerephon major","14.75",,,,,,,,"100","0","0","0","0","0","0","0","0","0","1","Invertebrates","Faunivore","Aerial","Nocturnal"
"Chaerephon nigeriae","19.8",,,,,,,,"100","0","0","0","0","0","0","0","0","0","1","Invertebrates","Faunivore","Aerial","Nocturnal"
"Chaerephon plicatus","21.165",,,,,,,,"100","0","0","0","0","0","0","0","0","0","1","Invertebrates","Faunivore","Aerial","Nocturnal"
"Chaerephon russatus","16.98",,,,,,,,"100","0","0","0","0","0","0","0","0","0","1","Invertebrates","Faunivore","Aerial","Nocturnal"
"Chaerephon shortridgei","14.53",,,,,,,,"100","0","0","0","0","0","0","0","0","0","1","Invertebrates","Faunivore","Aerial","Nocturnal"
"Chaerephon solomonis","14.53",,,,,,,,"100","0","0","0","0","0","0","0","0","0","1","Invertebrates","Faunivore","Aerial","Nocturnal"
"Chaerephon tomensis","7.48",,,,,,,,"100","0","0","0","0","0","0","0","0","0","1","Invertebrates","Faunivore","Aerial","Nocturnal"
"Chaerophon leucostigma","26.5",,,,,,,,,,,,,,,,,,,,,,
"Chaeropus ecaudatus","200",,,,,,,,,,,,,,,,,,,,,,
"Chaetocauda sichuanensis","31.51",,,,,,,,"10","10","0","0","10","0","20","0","30","20","6","Seed","Herbivore","Arboreal","Nocturnal"
"Chaetodipterus faber","3379.62",,,,,,,,,,,,,,,,,,,,,,
"Chaetodipus arenarius","23",,,,,,,,"10","0","0","0","0","0","0","0","80","10","3","Seed","Herbivore","Ground","Nocturnal"
"Chaetodipus artus","21.74",,,,,,,,"10","0","0","0","0","0","0","0","80","10","3","Seed","Herbivore","Ground","Nocturnal"
"Chaetodipus baileyi","28.4","34.54","1.1869",,,,,,"10","0","0","0","0","0","0","0","80","10","3","Seed","Herbivore","Ground","Nocturnal"
"Chaetodipus californicus","23.3333","21.3","0.9682",,,,,,"10","0","0","0","0","0","0","0","80","10","3","Seed","Herbivore","Ground","Nocturnal"
"Chaetodipus dalquesti","20.31",,,,,,,,"20","0","0","0","0","0","0","0","70","10","3","Seed","Herbivore","Ground","Nocturnal"
"Chaetodipus eremicus","20.31",,,,,,,,"20","0","0","0","0","0","0","0","70","10","3","Seed","Herbivore","Ground","Nocturnal"
"Chaetodipus fallax","19.5083","25.9625","1.3334",,,,,,"10","0","0","0","0","0","0","0","80","10","3","Seed","Herbivore","Ground","Nocturnal"
"Chaetodipus formosus","17.55","18.42","1.2199",,,,,,"10","0","0","0","0","0","0","0","80","10","3","Seed","Herbivore","Ground","Nocturnal"
"Chaetodipus goldmani","23",,,,,,,,"10","0","0","0","0","0","0","0","80","10","3","Seed","Herbivore","Ground","Nocturnal"
"Chaetodipus hispidus","34.95","47.65","1.3425",,,,,,"10","0","0","0","0","0","0","0","80","10","3","Seed","Herbivore","Ground","Nocturnal"
"Chaetodipus intermedius","16.475","19.97","1.1993",,,,,,"10","0","0","0","0","0","0","0","80","10","3","Seed","Herbivore","Ground","Nocturnal"
"Chaetodipus lineatus","23",,,,,,,,"10","0","0","0","0","0","0","0","80","10","3","Seed","Herbivore","Ground","Nocturnal"
"Chaetodipus nelsoni","15.75",,,,,,,,"10","0","0","0","0","0","0","0","80","10","3","Seed","Herbivore","Ground","Nocturnal"
"Chaetodipus penicillatus","16.38","22.4","1.4",,,,,,"10","0","0","0","0","0","0","0","80","10","3","Seed","Herbivore","Ground","Nocturnal"
"Chaetodipus pernix","17",,,,,,,,"10","0","0","0","0","0","0","0","80","10","3","Seed","Herbivore","Ground","Nocturnal"
"Chaetodipus rudinoris","20.31",,,,,,,,"20","0","0","0","0","0","0","0","70","10","3","Seed","Herbivore","Ground","Nocturnal"
"Chaetodipus spinatus","17.725",,,,,,,,"10","0","0","0","0","0","0","0","80","10","3","Seed","Herbivore","Ground","Nocturnal"
"Chaetomys subspinosus","1299.99",,,,,,,,"0","0","0","0","0","0","40","0","60","0","2","Seed","Herbivore","Arboreal","Nocturnal"
"Chaetophractus nationi","2150.005","559","0.26",,,,,,"50","10","10","0","0","0","0","0","0","30","4","Invertebrates","Faunivore","Ground","Cathemeral"
"Chaetophractus vellerosus","1070.005","306.4","0.276",,,,,,"50","10","10","0","0","0","0","0","0","30","4","Invertebrates","Faunivore","Ground","Cathemeral"
"Chaetophractus villosus","4009.3467","808.1","0.178",,,,,,"50","10","10","0","0","0","0","0","0","30","4","Invertebrates","Faunivore","Ground","Cathemeral"
"Chalinolobus dwyeri","9.03",,,,,,,,"100","0","0","0","0","0","0","0","0","0","1","Invertebrates","Faunivore","Aerial","Nocturnal"
"Chalinolobus gouldii","18","25.2","1.44",,,,,,"100","0","0","0","0","0","0","0","0","0","1","Invertebrates","Faunivore","Aerial","Nocturnal"
"Chalinolobus morio","8.56",,,,,,,,"100","0","0","0","0","0","0","0","0","0","1","Invertebrates","Faunivore","Aerial","Nocturnal"
"Chalinolobus neocaledonicus","8.71",,,,,,,,"100","0","0","0","0","0","0","0","0","0","1","Invertebrates","Faunivore","Aerial","Nocturnal"
"Chalinolobus nigrogriseus","8.8",,,,,,,,"100","0","0","0","0","0","0","0","0","0","1","Invertebrates","Faunivore","Aerial","Nocturnal"
"Chalinolobus picatus","5.1",,,,,,,,"100","0","0","0","0","0","0","0","0","0","1","Invertebrates","Faunivore","Aerial","Nocturnal"
"Chalinolobus tuberculatus","8.5",,,,,,,,"100","0","0","0","0","0","0","0","0","0","1","Invertebrates","Faunivore","Aerial","Nocturnal"
"Chauliognathus marginatus","0.02",,,,,,,,,,,,,,,,,,,,,,
"Cheirogaleus adipicaudatus","312.695",,,,,,,,"10","0","0","0","0","0","50","0","0","40","3","Fruit","Herbivore","Arboreal","Nocturnal"
"Cheirogaleus crossleyi","500",,,,,,,,"10","0","0","0","0","0","50","0","0","40","3","Fruit","Herbivore","Arboreal","Nocturnal"
"Cheirogaleus major","450",,,"15","70","45","2.5","365","20","0","0","0","0","0","30","20","0","30","4","Fruit","Herbivore","Arboreal","Nocturnal"
"Cheirogaleus medius","201.3333","167.2723","0.5978","19.25","61.8333","53.25","2.25","365","20","0","0","0","0","0","30","20","0","30","4","Fruit","Herbivore","Arboreal","Nocturnal"
"Cheirogaleus minusculus","285.39",,,,,,,,"10","0","0","0","0","0","50","0","0","40","3","Fruit","Herbivore","Arboreal","Nocturnal"
"Cheirogaleus ravus","285.39",,,,,,,,"10","0","0","0","0","0","50","0","0","40","3","Fruit","Herbivore","Arboreal","Nocturnal"
"Cheirogaleus sibreei","352.75",,,,,,,,"10","0","0","0","0","0","50","0","0","40","3","Fruit","Herbivore","Arboreal","Nocturnal"
"Cheiromeles parvidens","163.5",,,,,,,,"100","0","0","0","0","0","0","0","0","0","1","Invertebrates","Faunivore","Aerial","Nocturnal"
"Cheiromeles torquatus","166",,,,,,,,"100","0","0","0","0","0","0","0","0","0","1","Invertebrates","Faunivore","Aerial","Nocturnal"
"Chelemys delfini","61.02",,,,,,,,"30","0","0","0","0","0","0","0","0","70","2","Other plant","Herbivore","Ground","Cathemeral"
"Chelemys macronyx","67.65","84.32","1.36",,,,,,"30","0","0","0","0","0","0","0","0","70","2","Other plant","Herbivore","Ground","Cathemeral"
"Chelemys megalonyx","50.8",,,,,,,,"30","0","0","0","0","0","0","0","0","70","2","Other plant","Herbivore","Ground","Cathemeral"
"Chelonia mydas HBS109887","95440",,,,,,,,,,,,,,,,,,,,,,
"Chibchanomys orcesi","50",,,,,,,,"20","0","0","0","0","0","10","0","40","30","4","Seed","Herbivore","Ground","Nocturnal"
"Chibchanomys trichotis","50",,,,,,,,"20","0","0","0","0","0","10","0","40","30","4","Seed","Herbivore","Ground","Nocturnal"
"Chilomys instans","19",,,,,,,,"20","0","0","0","0","0","10","0","40","30","4","Seed","Herbivore","Ground","Nocturnal"
"Chilonatalus micropus","2.5",,,,,,,,"100","0","0","0","0","0","0","0","0","0","1","Invertebrates","Faunivore","Aerial","Nocturnal"
"Chilonatalus tumidifrons","3.62",,,,,,,,"100","0","0","0","0","0","0","0","0","0","1","Invertebrates","Faunivore","Aerial","Nocturnal"
"Chiloscyllium punctatum","5900",,,,,,,,,,,,,,,,,,,,,,
"Chimarrogale hantu","55",,,,,,,,"70","0","0","30","0","0","0","0","0","0","2","Invertebrates","Faunivore","Ground","Nocturnal"
"Chimarrogale himalayica","34.75",,,,,,,,"70","0","0","30","0","0","0","0","0","0","2","Invertebrates","Faunivore","Ground","Nocturnal"
"Chimarrogale phaeura","31",,,,,,,,"70","0","0","30","0","0","0","0","0","0","2","Invertebrates","Faunivore","Ground","Nocturnal"
"Chimarrogale platycephalus","36.32",,,,,,,,"70","0","0","30","0","0","0","0","0","0","2","Invertebrates","Faunivore","Ground","Nocturnal"
"Chimarrogale styani","25.8",,,,,,,,"70","0","0","30","0","0","0","0","0","0","2","Invertebrates","Faunivore","Ground","Nocturnal"
"Chimarrogale sumatrana","27.89",,,,,,,,"70","0","0","30","0","0","0","0","0","0","2","Invertebrates","Faunivore","Ground","Nocturnal"
"Chimp I","54200",,,,,,,,,,,,,,,,,,,,,,
"Chinchilla chinchilla","477.195","226.3","0.498",,,,,,"0","0","0","0","0","0","0","0","0","100","1","Other plant","Herbivore","Ground","Nocturnal"
"Chinchilla lanigera","403.1083","243.525","0.5885",,,,,,"0","0","0","0","0","0","0","0","0","100","1","Other plant","Herbivore","Ground","Nocturnal"
"Chinchillula sahamae","169.75",,,,,,,,"0","0","0","0","0","0","0","0","0","100","1","Other plant","Herbivore","Ground","Nocturnal"
"Chionomys gud","93.5",,,,,,,,"0","0","0","0","0","0","0","0","30","70","2","Other plant","Herbivore","Ground","Cathemeral"
"Chionomys nivalis","45.75","117.6","3.136",,,,,,"0","0","0","0","0","0","0","0","30","70","2","Other plant","Herbivore","Ground","Cathemeral"
"Chionomys roberti","93.5",,,,,,,,"0","0","0","0","0","0","0","0","30","70","2","Other plant","Herbivore","Ground","Cathemeral"
"Chiroderma doriae","19.9","31.1","1.5628",,,,,,"0","0","0","0","0","0","100","0","0","0","1","Fruit","Herbivore","Arboreal","Nocturnal"
"Chiroderma improvisum","35",,,,,,,,"0","0","0","0","0","0","100","0","0","0","1","Fruit","Herbivore","Arboreal","Nocturnal"
"Chiroderma salvini","24.91",,,,,,,,"0","0","0","0","0","0","100","0","0","0","1","Fruit","Herbivore","Arboreal","Nocturnal"
"Chiroderma trinitatum","13.69",,,,,,,,"0","0","0","0","0","0","100","0","0","0","1","Fruit","Herbivore","Arboreal","Nocturnal"
"Chiroderma villosum","23.96",,,,,,,,"0","0","0","0","0","0","100","0","0","0","1","Fruit","Herbivore","Arboreal","Nocturnal"
"Chiromyscus chiropus","77.8",,,,,,,,"10","0","0","0","0","0","10","0","20","60","4","Other plant","Herbivore","Arboreal","Nocturnal"
"Chironax melanocephalus","17.15",,,,,,,,"0","0","0","0","0","0","100","0","0","0","1","Fruit","Herbivore","Arboreal","Nocturnal"
"Chironectes minimus","881.4833","457.6","0.4886",,,,,,"50","0","0","30","0","0","0","0","0","20","3","Invertebrates","Faunivore","Ground","Nocturnal"
"Chiropodomys calamianensis","40.5",,,,,,,,"0","0","0","0","0","0","0","0","0","100","1","Other plant","Herbivore","Arboreal","Nocturnal"
"Chiropodomys gliroides","23.4",,,,,,,,"0","0","0","0","0","0","0","0","0","100","1","Other plant","Herbivore","Arboreal","Nocturnal"
"Chiropodomys karlkoopmani","29.1",,,,,,,,"0","0","0","0","0","0","0","0","0","100","1","Other plant","Herbivore","Arboreal","Nocturnal"
"Chiropodomys major","42",,,,,,,,"0","0","0","0","0","0","0","0","0","100","1","Other plant","Herbivore","Arboreal","Nocturnal"
"Chiropodomys muroides","16.4",,,,,,,,"0","0","0","0","0","0","0","0","0","100","1","Other plant","Herbivore","Arboreal","Nocturnal"
"Chiropodomys pusillus","28.9",,,,,,,,"0","0","0","0","0","0","0","0","0","100","1","Other plant","Herbivore","Arboreal","Nocturnal"
"Chiropotes albinasus","2864.3367",,,,,,,,"10","0","0","0","0","0","40","0","20","30","4","Fruit","Herbivore","Arboreal","Diurnal"
"Chiropotes chiropotes","2711.2641",,,,,,,,"10","0","0","0","0","0","70","0","20","0","3","Fruit","Herbivore","Arboreal","Diurnal"
"Chiropotes israelita","2499.1044",,,,,,,,"10","0","0","0","0","0","70","0","20","0","3","Fruit","Herbivore","Arboreal","Diurnal"
"Chiropotes satanas","3014.5433",,,,,,,,"10","0","0","0","0","0","40","0","20","30","4","Fruit","Herbivore","Arboreal","Diurnal"
"Chiropotes utahickae","2949.58",,,,,,,,"0","0","0","0","0","0","30","0","50","20","3","Seed","Herbivore","Arboreal","Diurnal"
"Chiruromys forbesi","105.15",,,,,,,,"0","0","0","0","0","0","0","0","0","100","1","Other plant","Herbivore","Arboreal","Nocturnal"
"Chiruromys lamia","47.2",,,,,,,,"0","0","0","0","0","0","0","0","0","100","1","Other plant","Herbivore","Arboreal","Nocturnal"
"Chiruromys vates","45.55",,,,,,,,"0","0","0","0","0","0","0","0","0","100","1","Other plant","Herbivore","Arboreal","Nocturnal"
"Chlamyphorus truncatus","44.3",,,,,,,,"100","0","0","0","0","0","0","0","0","0","1","Invertebrates","Faunivore","Ground","Nocturnal"
"Chlorocebus aethiops","2495",,,,,,,,"20","0","0","0","20","0","40","0","0","20","4","Fruit","Omnivore","Scansorial","Diurnal"
"Chlorocebus cynosuros","3956.5",,,,,,,,"10","0","0","0","20","0","40","0","10","20","5","Fruit","Herbivore","Scansorial","Diurnal"
"Chlorocebus djamdjamensis","6000",,,,,,,,"10","0","0","0","0","0","10","0","0","80","3","Other plant","Herbivore","Scansorial","Diurnal"
"Chlorocebus pygerythrus","4374.5872",,,,,,,,"20","0","0","0","20","0","40","0","0","20","4","Fruit","Omnivore","Scansorial","Diurnal"
"Chlorocebus sabaeus","4203.36",,,,,"365",,,"20","0","0","0","20","0","40","0","0","20","4","Fruit","Omnivore","Scansorial","Diurnal"
"Chlorocebus tantalus","4993",,,,,,,,"20","0","0","0","0","0","50","0","0","30","3","Fruit","Herbivore","Scansorial","Diurnal"
"Chlorotalpa duthieae","49.7",,,,,,,,"100","0","0","0","0","0","0","0","0","0","1","Invertebrates","Faunivore","Ground","Cathemeral"
"Chlorotalpa sclateri","41",,,,,,,,"100","0","0","0","0","0","0","0","0","0","1","Invertebrates","Faunivore","Ground","Cathemeral"
"Chodsigoa caovansunga","5.49",,,,,,,,"70","0","0","0","0","30","0","0","0","0","2","Invertebrates","Faunivore","Ground","Nocturnal"
"Chodsigoa hypsibia","5.49",,,,,,,,"70","0","0","0","0","30","0","0","0","0","2","Invertebrates","Faunivore","Ground","Nocturnal"
"Chodsigoa lamula","5.49",,,,,,,,"70","0","0","0","0","30","0","0","0","0","2","Invertebrates","Faunivore","Ground","Nocturnal"
"Chodsigoa parca","5.49",,,,,,,,"70","0","0","0","0","30","0","0","0","0","2","Invertebrates","Faunivore","Ground","Nocturnal"
"Chodsigoa parva","5.49",,,,,,,,"70","0","0","0","0","30","0","0","0","0","2","Invertebrates","Faunivore","Ground","Cathemeral"
"Chodsigoa salenskii","5.49",,,,,,,,"70","0","0","0","0","30","0","0","0","0","2","Invertebrates","Faunivore","Ground","Nocturnal"
"Chodsigoa smithii","5.49",,,,,,,,"70","0","0","0","0","30","0","0","0","0","2","Invertebrates","Faunivore","Ground","Nocturnal"
"Chodsigoa sodalis","5.49",,,,,,,,"70","0","0","0","0","30","0","0","0","0","2","Invertebrates","Faunivore","Ground","Nocturnal"
"Choeroniscus godmani","8.0333","19.1","1.8911",,,,,,"30","0","0","0","0","0","40","30","0","0","3","Fruit","Herbivore","Arboreal","Nocturnal"
"Choeroniscus minor","9.165",,,,,,,,"30","0","0","0","0","0","40","30","0","0","3","Fruit","Herbivore","Arboreal","Nocturnal"
"Choeroniscus periosus","11.57",,,,,,,,"30","0","0","0","0","0","40","30","0","0","3","Fruit","Herbivore","Arboreal","Nocturnal"
"Choeronycteris mexicana","16.6",,,,,,,,"20","0","0","0","0","0","40","40","0","0","3","Fruit","Herbivore","Arboreal","Nocturnal"
"Choloepus didactylus","5986.6389",,,"36.8","279","152","1","1279","0","0","0","0","0","0","30","0","0","70","2","Other plant","Herbivore","Arboreal","Nocturnal"
"Choloepus hoffmanni","4602.67","707.65","0.1757",,,,,,"0","0","0","0","0","0","30","0","0","70","2","Other plant","Herbivore","Arboreal","Nocturnal"
"Chordeiles acutipennis","50",,,,,,,,,,,,,,,,,,,,,,
"Chordeiles minor","73",,,,,,,,,,,,,,,,,,,,,,
"Chrotogale owstoni","3250",,,,,,,,"70","0","0","0","10","0","20","0","0","0","3","Invertebrates","Faunivore","Ground","Nocturnal"
"Chrotomys gonzalesi","140.2",,,,,,,,"30","0","0","0","0","0","0","0","0","70","2","Other plant","Herbivore","Ground","Nocturnal"
"Chrotomys mindorensis","151.98",,,,,,,,"30","0","0","0","0","0","0","0","0","70","2","Other plant","Herbivore","Ground","Nocturnal"
"Chrotomys silaceus","85.13",,,,,,,,"30","0","0","0","0","0","0","0","0","70","2","Other plant","Herbivore","Ground","Nocturnal"
"Chrotomys whiteheadi","140.67",,,,,,,,"30","0","0","0","0","0","0","0","0","70","2","Other plant","Herbivore","Ground","Nocturnal"
"Chrotopterus auritus","86.9867","101.9","1.0604",,,,,,"30","0","20","20","0","0","30","0","0","0","4","Invertebrates","Faunivore","Scansorial","Nocturnal"
"Chrysemys picta HBS27134","237",,,,,,,,,,,,,,,,,,,,,,
"Chrysochloris asiatica","49","46.17","1.204",,,,,,"100","0","0","0","0","0","0","0","0","0","1","Invertebrates","Faunivore","Ground","Nocturnal"
"Chrysochloris stuhlmanni","39.8",,,,,,,,"100","0","0","0","0","0","0","0","0","0","1","Invertebrates","Faunivore","Ground","Nocturnal"
"Chrysochloris visagiei","30",,,,,,,,"100","0","0","0","0","0","0","0","0","0","1","Invertebrates","Faunivore","Ground","Nocturnal"
"Chrysocyon brachyurus","22833.28",,,,,,,,"10","50","20","0","0","0","10","0","0","10","5","Endotherm vertebrates","Faunivore","Ground","Nocturnal"
"Chrysospalax trevelyani","426.5",,,,,,,,"100","0","0","0","0","0","0","0","0","0","1","Invertebrates","Faunivore","Ground","Nocturnal"
"Chrysospalax villosus","119.88",,,,,,,,"100","0","0","0","0","0","0","0","0","0","1","Invertebrates","Faunivore","Ground","Nocturnal"
"Chrysuronia oenone","5",,,,,,,,,,,,,,,,,,,,,,
"Cicindela chinensis","0.245",,,,,,,,,,,,,,,,,,,,,,
"Cistugo lesueuri","7.26",,,,,,,,"100","0","0","0","0","0","0","0","0","0","1","Invertebrates","Faunivore","Aerial","Nocturnal"
"Cistugo seabrae","8.35",,,,,,,,"100","0","0","0","0","0","0","0","0","0","1","Invertebrates","Faunivore","Aerial","Nocturnal"
"Civettictis civetta","11624.985",,,,,,,,"10","20","20","0","0","10","20","0","0","20","6","Endotherm vertebrates","Omnivore","Ground","Nocturnal"
"Cloeotis percivali","4.05",,,,,,,,"100","0","0","0","0","0","0","0","0","0","1","Invertebrates","Faunivore","Aerial","Nocturnal"
"Clyomys bishopi","30",,,,,,,,"0","0","0","0","0","0","30","0","20","50","3","Other plant","Herbivore","Ground","Nocturnal"
"Clyomys laticeps","201",,,,,,,,"0","0","0","0","0","0","30","0","20","50","3","Other plant","Herbivore","Ground","Nocturnal"
"Clytolaema rubricauda","7.7",,,,,,,,,,,,,,,,,,,,,,
"Coccymys albidens","40.4",,,,,,,,"0","0","0","0","0","0","0","0","0","100","1","Other plant","Herbivore","Scansorial","Nocturnal"
"Coccymys ruemmleri","29.7",,,,,,,,"0","0","0","0","0","0","0","0","0","100","1","Other plant","Herbivore","Scansorial","Nocturnal"
"Cock (Gallus domest.)","2149.1",,,,,,,,,,,,,,,,,,,,,,
"Coelops frithii","7.52",,,,,,,,"100","0","0","0","0","0","0","0","0","0","1","Invertebrates","Faunivore","Scansorial","Nocturnal"
"Coelops robinsoni","6.5",,,,,,,,"100","0","0","0","0","0","0","0","0","0","1","Invertebrates","Faunivore","Scansorial","Nocturnal"
"Coendou bicolor","4050.05",,,,,,,,"0","0","0","0","0","0","30","0","0","70","2","Other plant","Herbivore","Arboreal","Nocturnal"
"Coendou nycthemera","2999.98",,,,,,,,"0","0","0","0","0","0","30","0","0","70","2","Other plant","Herbivore","Arboreal","Nocturnal"
"Coendou prehensilis","4026.6567","925","0.282",,,,,,"0","0","0","0","0","0","30","0","0","70","2","Other plant","Herbivore","Arboreal","Nocturnal"
"Coendou rothschildi","2000",,,,,,,,"0","0","0","0","0","0","30","0","0","70","2","Other plant","Herbivore","Arboreal","Nocturnal"
"Coleura afra","11.085",,,,,,,,"100","0","0","0","0","0","0","0","0","0","1","Invertebrates","Faunivore","Aerial","Nocturnal"
"Coleura seychellensis","10.57",,,,,,,,"100","0","0","0","0","0","0","0","0","0","1","Invertebrates","Faunivore","Aerial","Nocturnal"
"Colius castanotus","58",,,,,,,,,,,,,,,,,,,,,,
"Colius colius","35",,,,,,,,,,,,,,,,,,,,,,
"Colius striatus","51",,,,,,,,,,,,,,,,,,,,,,
"Colobus angolensis","8827.5",,,,,,,,"0","0","0","0","0","0","30","0","0","70","2","Other plant","Herbivore","Arboreal","Diurnal"
"Colobus angolensis palliatus","8959.5",,,,,,,,,,,,,,,,,,,,,,
"Colobus guereza","7503","2979","0.2844",,"158","334",,,"0","0","0","0","0","0","30","0","0","70","2","Other plant","Herbivore","Arboreal","Diurnal"
"Colobus polykomos","8299.444",,,,,,,,"0","0","0","0","0","0","30","0","0","70","2","Other plant","Herbivore","Arboreal","Diurnal"
"Colobus polykomos group","7848.1",,,,,,,,,,,,,,,,,,,,,,
"Colobus satanas","8910",,,,,,,,"0","0","0","0","0","0","30","0","0","70","2","Other plant","Herbivore","Arboreal","Diurnal"
"Colobus vellerosus","7576.6967",,,,,,,,"0","0","0","0","0","0","30","0","0","70","2","Other plant","Herbivore","Arboreal","Diurnal"
"Colomys goslingi","62.5",,,,,,,,"80","0","0","0","10","0","0","0","0","10","3","Invertebrates","Faunivore","Ground","Nocturnal"
"Columba domestica","330.5",,,,,,,,,,,,,,,,,,,,,,
"Columba livia","322.4667",,,,,,,,,,,,,,,,,,,,,,
"Common marmoset",,,,,,"81",,,,,,,,,,,,,,,,,
"Common squirrel monkey",,,,,,"177",,,,,,,,,,,,,,,,,
"Condylura cristata","56.15","113.9","2.3005",,,,,,"80","0","0","20","0","0","0","0","0","0","2","Invertebrates","Faunivore","Ground","Cathemeral"
"Conepatus chinga","1752.26",,,,,,,,"80","0","10","0","0","0","10","0","0","0","3","Invertebrates","Faunivore","Ground","Nocturnal"
"Conepatus humboldtii","811",,,,,,,,"80","0","10","0","0","0","10","0","0","0","3","Invertebrates","Faunivore","Ground","Nocturnal"
"Conepatus leuconotus","2755.01",,,,,,,,"80","0","10","0","0","0","10","0","0","0","3","Invertebrates","Faunivore","Ground","Nocturnal"
"Conepatus semistriatus","1200",,,,,,,,"80","0","10","0","0","0","10","0","0","0","3","Invertebrates","Faunivore","Ground","Nocturnal"
"Congosorex polli","10.3",,,,,,,,"100","0","0","0","0","0","0","0","0","0","1","Invertebrates","Faunivore","Ground","Cathemeral"
"Congosorex verheyeni","9.05",,,,,,,,"100","0","0","0","0","0","0","0","0","0","1","Invertebrates","Faunivore","Ground","Cathemeral"
"Conilurus albipes","200",,,,,,,,"10","0","0","0","0","0","10","0","20","60","4","Other plant","Herbivore","Arboreal","Nocturnal"
"Conilurus penicillatus","182.9","162.6","0.7659",,,,,,"10","0","0","0","0","0","10","0","20","60","4","Other plant","Herbivore","Arboreal","Nocturnal"
"Connochaetes gnou","179998.96",,,,,,,,"0","0","0","0","0","0","0","0","0","100","1","Other plant","Herbivore","Ground","Diurnal"
"Connochaetes taurinus","102000","34341","0.2029",,,,,,"0","0","0","0","0","0","0","0","0","100","1","Other plant","Herbivore","Ground","Diurnal"
"Cormura brevirostris","8.69",,,,,,,,"100","0","0","0","0","0","0","0","0","0","1","Invertebrates","Faunivore","Aerial","Nocturnal"
"Corvus corax","1070.6667",,,,,,,,,,,,,,,,,,,,,,
"Corvus frugilegus","429.3333",,,,,,,,,,,,,,,,,,,,,,
"Corvus mondeula","209.73",,,,,,,,,,,,,,,,,,,,,,
"Corynorhinus mexicanus","9.71",,,,,,,,"100","0","0","0","0","0","0","0","0","0","1","Invertebrates","Faunivore","Scansorial","Nocturnal"
"Corynorhinus rafinesquii","10",,,,,,,,"100","0","0","0","0","0","0","0","0","0","1","Invertebrates","Faunivore","Scansorial","Nocturnal"
"Corynorhinus townsendii","10.3",,,,,,,,"100","0","0","0","0","0","0","0","0","0","1","Invertebrates","Faunivore","Scansorial","Nocturnal"
"Coryphomys buehleri","71.33",,,,,,,,"10","0","0","0","0","0","10","0","20","60","4","Other plant","Herbivore","Ground","Nocturnal"
"Craseonycteris thonglongyai","2.355",,,,,,,,"100","0","0","0","0","0","0","0","0","0","1","Invertebrates","Faunivore","Aerial","Nocturnal"
"Crateromys australis","445",,,,,,,,"0","0","0","0","0","0","60","0","0","40","2","Fruit","Herbivore","Arboreal","Nocturnal"
"Crateromys heaneyi","572.22",,,,,,,,"0","0","0","0","0","0","50","0","0","50","2","Fruit","Herbivore","Arboreal","Nocturnal"
"Crateromys paulus","401",,,,,,,,"0","0","0","0","0","0","60","0","0","40","2","Fruit","Herbivore","Arboreal","Nocturnal"
"Crateromys schadenbergi","1050",,,,,,,,"0","0","0","0","0","0","60","0","0","40","2","Fruit","Herbivore","Arboreal","Nocturnal"
"Cratogeomys castanops","266.83",,,,,,,,"0","0","0","0","0","0","0","0","0","100","1","Other plant","Herbivore","Ground","Nocturnal"
"Cratogeomys fumosus","393.5",,,,,,,,"0","0","0","0","0","0","0","0","0","100","1","Other plant","Herbivore","Ground","Nocturnal"
"Cratogeomys goldmani","71.51",,,,,,,,"0","0","0","0","0","0","0","0","0","100","1","Other plant","Herbivore","Ground","Nocturnal"
"Cratogeomys gymnurus","599.99",,,,,,,,"0","0","0","0","0","0","0","0","0","100","1","Other plant","Herbivore","Ground","Nocturnal"
"Cratogeomys merriami","419.99",,,,,,,,"0","0","0","0","0","0","0","0","0","100","1","Other plant","Herbivore","Ground","Nocturnal"
"Cratogeomys neglectus","302.48",,,,,,,,"0","0","0","0","0","0","0","0","0","100","1","Other plant","Herbivore","Ground","Nocturnal"
"Cratogeomys tylorhinus","403.42",,,,,,,,"0","0","0","0","0","0","0","0","0","100","1","Other plant","Herbivore","Ground","Nocturnal"
"Cratogeomys zinseri","150",,,,,,,,"0","0","0","0","0","0","0","0","0","100","1","Other plant","Herbivore","Ground","Nocturnal"
"Cremnomys cutchicus","54.9",,,,,,,,"10","0","0","0","0","0","10","0","20","60","4","Other plant","Herbivore","Ground","Nocturnal"
"Cremnomys elvira","77.1",,,,,,,,"10","0","0","0","0","0","10","0","20","60","4","Other plant","Herbivore","Ground","Nocturnal"
"Cricetomys ansorgei","1285.41",,,,,,,,"40","0","0","0","0","0","30","0","20","10","4","Invertebrates","Omnivore","Ground","Nocturnal"
"Cricetomys emini","1299.99",,,,,,,,"40","0","0","0","0","0","30","0","20","10","4","Invertebrates","Omnivore","Ground","Nocturnal"
"Cricetomys gambianus","1430.6333","1141","0.6099",,,,,,"40","0","0","0","0","0","30","0","20","10","4","Invertebrates","Omnivore","Ground","Nocturnal"
"Cricetomys kivuensis","1285.41",,,,,,,,"40","0","0","0","0","0","30","0","20","10","4","Invertebrates","Omnivore","Ground","Nocturnal"
"Cricetulus alticola","37.67",,,,,,,,"0","0","0","0","0","0","0","0","50","50","2","Seed","Herbivore","Ground","Cathemeral"
"Cricetulus barabensis","27.9211","60.5433","2.0331",,,,,,"0","0","0","0","0","0","0","0","50","50","2","Seed","Herbivore","Ground","Cathemeral"
"Cricetulus kamensis","37.65",,,,,,,,"0","0","0","0","0","0","0","0","50","50","2","Seed","Herbivore","Ground","Cathemeral"
"Cricetulus longicaudatus","22.1",,,,,,,,"0","0","0","0","0","0","0","0","50","50","2","Seed","Herbivore","Ground","Cathemeral"
"Cricetulus migratorius","34.6","44.82","1.4599",,,,,,"0","0","0","0","0","0","0","0","50","50","2","Seed","Herbivore","Ground","Cathemeral"
"Cricetulus sokolovi","37.67",,,,,,,,"0","0","0","0","0","0","0","0","50","50","2","Seed","Herbivore","Ground","Cathemeral"
"Cricetus auratus","500",,,,,,,,,,,,,,,,,,,,,,
"Cricetus cricetus","400","250.8","0.727",,,,,,"10","0","10","0","0","0","0","0","0","80","3","Other plant","Herbivore","Ground","Crepuscular"
"Cro-Magnon","67550",,,,,,,,,,,,,,,,,,,,,,
"Crocidura aleksandrisi","10.35",,,,,,,,"50","0","10","0","0","40","0","0","0","0","3","Invertebrates","Faunivore","Ground","Nocturnal"
"Crocidura allex","10.35",,,,,,,,"50","0","10","0","0","40","0","0","0","0","3","Invertebrates","Faunivore","Ground","Nocturnal"
"Crocidura andamanensis","10.35",,,,,,,,"50","0","10","0","0","40","0","0","0","0","3","Invertebrates","Faunivore","Ground","Nocturnal"
"Crocidura ansellorum","10.35",,,,,,,,"50","0","10","0","0","40","0","0","0","0","3","Invertebrates","Faunivore","Ground","Nocturnal"
"Crocidura arabica","5.86",,,,,,,,"50","0","10","0","0","40","0","0","0","0","3","Invertebrates","Faunivore","Ground","Nocturnal"
"Crocidura arispa","10.42",,,,,,,,"50","0","10","0","0","40","0","0","0","0","3","Invertebrates","Faunivore","Ground","Nocturnal"
"Crocidura armenica","10.35",,,,,,,,"50","0","10","0","0","40","0","0","0","0","3","Invertebrates","Faunivore","Ground","Nocturnal"
"Crocidura attenuata","14.27",,,,,,,,"50","0","10","0","0","40","0","0","0","0","3","Invertebrates","Faunivore","Ground","Nocturnal"
"Crocidura attila","10.35",,,,,,,,"50","0","10","0","0","40","0","0","0","0","3","Invertebrates","Faunivore","Ground","Nocturnal"
"Crocidura baileyi","10.35",,,,,,,,"50","0","10","0","0","40","0","0","0","0","3","Invertebrates","Faunivore","Ground","Nocturnal"
"Crocidura baluensis","16.9",,,,,,,,"50","0","10","0","0","40","0","0","0","0","3","Invertebrates","Faunivore","Ground","Nocturnal"
"Crocidura batesi","15.5",,,,,,,,"50","0","10","0","0","40","0","0","0","0","3","Invertebrates","Faunivore","Ground","Nocturnal"
"Crocidura beatus","10.55",,,,,,,,"50","0","10","0","0","40","0","0","0","0","3","Invertebrates","Faunivore","Ground","Nocturnal"
"Crocidura beccarii","10.35",,,,,,,,"50","0","10","0","0","40","0","0","0","0","3","Invertebrates","Faunivore","Ground","Nocturnal"
"Crocidura bottegi","3.5",,,,,,,,"50","0","10","0","0","40","0","0","0","0","3","Invertebrates","Faunivore","Ground","Nocturnal"
"Crocidura bottegoides","3.07",,,,,,,,"50","0","10","0","0","40","0","0","0","0","3","Invertebrates","Faunivore","Ground","Nocturnal"
"Crocidura brunnea","10.42",,,,,,,,"50","0","10","0","0","40","0","0","0","0","3","Invertebrates","Faunivore","Ground","Nocturnal"
"Crocidura buettikoferi","10.35",,,,,,,,"50","0","10","0","0","40","0","0","0","0","3","Invertebrates","Faunivore","Ground","Nocturnal"
"Crocidura caliginea","10.35",,,,,,,,"50","0","10","0","0","40","0","0","0","0","3","Invertebrates","Faunivore","Ground","Nocturnal"
"Crocidura canariensis","7.5",,,,,,,,"50","0","10","0","0","40","0","0","0","0","3","Invertebrates","Faunivore","Ground","Nocturnal"
"Crocidura caspica","10.42",,,,,,,,"50","0","10","0","0","40","0","0","0","0","3","Invertebrates","Faunivore","Ground","Nocturnal"
"Crocidura cinderella","10.35",,,,,,,,"50","0","10","0","0","40","0","0","0","0","3","Invertebrates","Faunivore","Ground","Nocturnal"
"Crocidura congobelgica","10.35",,,,,,,,"50","0","10","0","0","40","0","0","0","0","3","Invertebrates","Faunivore","Ground","Nocturnal"
"Crocidura crenata","6.52",,,,,,,,"50","0","10","0","0","40","0","0","0","0","3","Invertebrates","Faunivore","Ground","Nocturnal"
"Crocidura crossei","6.9",,,,,,,,"50","0","10","0","0","40","0","0","0","0","3","Invertebrates","Faunivore","Ground","Nocturnal"
"Crocidura cyanea","9.35",,,,,,,,"50","0","10","0","0","40","0","0","0","0","3","Invertebrates","Faunivore","Ground","Nocturnal"
"Crocidura denti","7",,,,,,,,"50","0","10","0","0","40","0","0","0","0","3","Invertebrates","Faunivore","Ground","Nocturnal"
"Crocidura desperata","10.35",,,,,,,,"50","0","10","0","0","40","0","0","0","0","3","Invertebrates","Faunivore","Ground","Nocturnal"
"Crocidura dhofarensis","5.8",,,,,,,,"50","0","10","0","0","40","0","0","0","0","3","Invertebrates","Faunivore","Ground","Nocturnal"
"Crocidura dolichura","5.7",,,,,,,,"50","0","10","0","0","40","0","0","0","0","3","Invertebrates","Faunivore","Ground","Nocturnal"
"Crocidura douceti","4.3",,,,,,,,"50","0","10","0","0","40","0","0","0","0","3","Invertebrates","Faunivore","Ground","Nocturnal"
"Crocidura dsinezumi","10.21",,,,,,,,"50","0","10","0","0","40","0","0","0","0","3","Invertebrates","Faunivore","Ground","Nocturnal"
"Crocidura eisentrauti","10.35",,,,,,,,"50","0","10","0","0","40","0","0","0","0","3","Invertebrates","Faunivore","Ground","Nocturnal"
"Crocidura elgonius","6.5",,,,,,,,"50","0","10","0","0","40","0","0","0","0","3","Invertebrates","Faunivore","Ground","Nocturnal"
"Crocidura elongata","17.8",,,,,,,,"50","0","10","0","0","40","0","0","0","0","3","Invertebrates","Faunivore","Ground","Nocturnal"
"Crocidura erica","10.35",,,,,,,,"50","0","10","0","0","40","0","0","0","0","3","Invertebrates","Faunivore","Ground","Nocturnal"
"Crocidura fischeri","10.35",,,,,,,,"50","0","10","0","0","40","0","0","0","0","3","Invertebrates","Faunivore","Ground","Nocturnal"
"Crocidura flavescens","30.6375","44.48","0.9884","2.2","25",,"3.3",,"50","0","10","0","0","40","0","0","0","0","3","Invertebrates","Faunivore","Ground","Nocturnal"
"Crocidura floweri","10.35",,,,,,,,"50","0","10","0","0","40","0","0","0","0","3","Invertebrates","Faunivore","Ground","Nocturnal"
"Crocidura foetida","10.42",,,,,,,,"50","0","10","0","0","40","0","0","0","0","3","Invertebrates","Faunivore","Ground","Nocturnal"
"Crocidura foxi","19",,,,,,,,"50","0","10","0","0","40","0","0","0","0","3","Invertebrates","Faunivore","Ground","Nocturnal"
"Crocidura fuliginosa","12",,,,,,,,"50","0","10","0","0","40","0","0","0","0","3","Invertebrates","Faunivore","Ground","Nocturnal"
"Crocidura fulvastra","12.67",,,,,,,,"50","0","10","0","0","40","0","0","0","0","3","Invertebrates","Faunivore","Ground","Nocturnal"
"Crocidura fumosa","14.5",,,,,,,,"50","0","10","0","0","40","0","0","0","0","3","Invertebrates","Faunivore","Ground","Nocturnal"
"Crocidura fuscomurina","4.76",,,,,,,,"50","0","10","0","0","40","0","0","0","0","3","Invertebrates","Faunivore","Ground","Nocturnal"
"Crocidura glassi","10.35",,,,,,,,"50","0","10","0","0","40","0","0","0","0","3","Invertebrates","Faunivore","Ground","Nocturnal"
"Crocidura gmelini","10.42",,,,,,,,"50","0","10","0","0","40","0","0","0","0","3","Invertebrates","Faunivore","Ground","Nocturnal"
"Crocidura goliath","54.84",,,,,,,,"50","0","10","0","0","40","0","0","0","0","3","Invertebrates","Faunivore","Ground","Nocturnal"
"Crocidura gracilipes","6.7",,,,,,,,"50","0","10","0","0","40","0","0","0","0","3","Invertebrates","Faunivore","Ground","Nocturnal"
"Crocidura grandiceps","23",,,,,,,,"50","0","10","0","0","40","0","0","0","0","3","Invertebrates","Faunivore","Ground","Nocturnal"
"Crocidura grandis","10.35",,,,,,,,"50","0","10","0","0","40","0","0","0","0","3","Invertebrates","Faunivore","Ground","Nocturnal"
"Crocidura grassei","13.5",,,,,,,,"50","0","10","0","0","40","0","0","0","0","3","Invertebrates","Faunivore","Ground","Nocturnal"
"Crocidura grayi","10.3",,,,,,,,"50","0","10","0","0","40","0","0","0","0","3","Invertebrates","Faunivore","Ground","Nocturnal"
"Crocidura greenwoodi","10.35",,,,,,,,"50","0","10","0","0","40","0","0","0","0","3","Invertebrates","Faunivore","Ground","Nocturnal"
"Crocidura harenna","8.5",,,,,,,,"50","0","10","0","0","40","0","0","0","0","3","Invertebrates","Faunivore","Ground","Nocturnal"
"Crocidura hildegardeae","9.75","26","2.6",,,,,,"50","0","10","0","0","40","0","0","0","0","3","Invertebrates","Faunivore","Ground","Nocturnal"
"Crocidura hilliana","10.42",,,,,,,,"50","0","10","0","0","40","0","0","0","0","3","Invertebrates","Faunivore","Ground","Nocturnal"
"Crocidura hirta","15.8",,,,,,,,"50","0","10","0","0","40","0","0","0","0","3","Invertebrates","Faunivore","Ground","Nocturnal"
"Crocidura hispida","10.35",,,,,,,,"50","0","10","0","0","40","0","0","0","0","3","Invertebrates","Faunivore","Ground","Nocturnal"
"Crocidura horsfieldii","5",,,,,,,,"50","0","10","0","0","40","0","0","0","0","3","Invertebrates","Faunivore","Ground","Nocturnal"
"Crocidura hutanis","10.42",,,,,,,,"50","0","10","0","0","40","0","0","0","0","3","Invertebrates","Faunivore","Ground","Nocturnal"
"Crocidura ichnusae","10.35",,,,,,,,"50","0","10","0","0","40","0","0","0","0","3","Invertebrates","Faunivore","Ground","Nocturnal"
"Crocidura indochinensis","10.42",,,,,,,,"50","0","10","0","0","40","0","0","0","0","3","Invertebrates","Faunivore","Ground","Nocturnal"
"Crocidura jacksoni","7",,,,,,,,"50","0","10","0","0","40","0","0","0","0","3","Invertebrates","Faunivore","Ground","Nocturnal"
"Crocidura jenkinsi","12.6",,,,,,,,"50","0","10","0","0","40","0","0","0","0","3","Invertebrates","Faunivore","Ground","Nocturnal"
"Crocidura jouvenetae","9.995","22.4","2.1961",,,,,,"50","0","10","0","0","40","0","0","0","0","3","Invertebrates","Faunivore","Ground","Nocturnal"
"Crocidura katinka","10.42",,,,,,,,"50","0","10","0","0","40","0","0","0","0","3","Invertebrates","Faunivore","Ground","Nocturnal"
"Crocidura kivuana","9",,,,,,,,"50","0","10","0","0","40","0","0","0","0","3","Invertebrates","Faunivore","Ground","Nocturnal"
"Crocidura lamottei","20.5",,,,,,,,"50","0","10","0","0","40","0","0","0","0","3","Invertebrates","Faunivore","Ground","Nocturnal"
"Crocidura lanosa","22.6",,,,,,,,"50","0","10","0","0","40","0","0","0","0","3","Invertebrates","Faunivore","Ground","Nocturnal"
"Crocidura lasiura","14.8",,,,,,,,"50","0","10","0","0","40","0","0","0","0","3","Invertebrates","Faunivore","Ground","Nocturnal"
"Crocidura latona","10.35",,,,,,,,"50","0","10","0","0","40","0","0","0","0","3","Invertebrates","Faunivore","Ground","Nocturnal"
"Crocidura lea","6.6",,,,,,,,"50","0","10","0","0","40","0","0","0","0","3","Invertebrates","Faunivore","Ground","Nocturnal"
"Crocidura lepidura","10.42",,,,,,,,"50","0","10","0","0","40","0","0","0","0","3","Invertebrates","Faunivore","Ground","Nocturnal"
"Crocidura leucodon","12","29.8","2.547",,,,,,"50","0","10","0","0","40","0","0","0","0","3","Invertebrates","Faunivore","Ground","Nocturnal"
"Crocidura levicula","1.77",,,,,,,,"50","0","10","0","0","40","0","0","0","0","3","Invertebrates","Faunivore","Ground","Nocturnal"
"Crocidura littoralis","16",,,,,,,,"50","0","10","0","0","40","0","0","0","0","3","Invertebrates","Faunivore","Ground","Nocturnal"
"Crocidura longipes","19.3",,,,,,,,"50","0","10","0","0","40","0","0","0","0","3","Invertebrates","Faunivore","Ground","Nocturnal"
"Crocidura lucina","10.35",,,,,,,,"50","0","10","0","0","40","0","0","0","0","3","Invertebrates","Faunivore","Ground","Nocturnal"
"Crocidura ludia","5.15",,,,,,,,"50","0","10","0","0","40","0","0","0","0","3","Invertebrates","Faunivore","Ground","Nocturnal"
"Crocidura luna","13.15","24.8","2.1017",,,,,,"50","0","10","0","0","40","0","0","0","0","3","Invertebrates","Faunivore","Ground","Nocturnal"
"Crocidura lusitania","2",,,,,,,,"50","0","10","0","0","40","0","0","0","0","3","Invertebrates","Faunivore","Ground","Nocturnal"
"Crocidura macarthuri","10.35",,,,,,,,"50","0","10","0","0","40","0","0","0","0","3","Invertebrates","Faunivore","Ground","Nocturnal"
"Crocidura macmillani","10.35",,,,,,,,"50","0","10","0","0","40","0","0","0","0","3","Invertebrates","Faunivore","Ground","Nocturnal"
"Crocidura macowi","10.35",,,,,,,,"50","0","10","0","0","40","0","0","0","0","3","Invertebrates","Faunivore","Ground","Nocturnal"
"Crocidura malayana","12.7",,,,,,,,"50","0","10","0","0","40","0","0","0","0","3","Invertebrates","Faunivore","Ground","Nocturnal"
"Crocidura manengubae","10.35",,,,,,,,"50","0","10","0","0","40","0","0","0","0","3","Invertebrates","Faunivore","Ground","Nocturnal"
"Crocidura maquassiensis","6",,,,,,,,"50","0","10","0","0","40","0","0","0","0","3","Invertebrates","Faunivore","Ground","Nocturnal"
"Crocidura mariquensis","11.25",,,,,,,,"50","0","10","0","0","40","0","0","0","0","3","Invertebrates","Faunivore","Ground","Nocturnal"
"Crocidura maurisca","14",,,,,,,,"50","0","10","0","0","40","0","0","0","0","3","Invertebrates","Faunivore","Ground","Nocturnal"
"Crocidura maxi","7.53",,,,,,,,"50","0","10","0","0","40","0","0","0","0","3","Invertebrates","Faunivore","Ground","Nocturnal"
"Crocidura mindorus","18",,,,,,,,"50","0","10","0","0","40","0","0","0","0","3","Invertebrates","Faunivore","Ground","Nocturnal"
"Crocidura miya","10.2",,,,,,,,"50","0","10","0","0","40","0","0","0","0","3","Invertebrates","Faunivore","Ground","Nocturnal"
"Crocidura monax","16",,,,,,,,"50","0","10","0","0","40","0","0","0","0","3","Invertebrates","Faunivore","Ground","Nocturnal"
"Crocidura monticola","6.6",,,,,,,,"50","0","10","0","0","40","0","0","0","0","3","Invertebrates","Faunivore","Ground","Nocturnal"
"Crocidura montis","14.5",,,,,,,,"50","0","10","0","0","40","0","0","0","0","3","Invertebrates","Faunivore","Ground","Nocturnal"
"Crocidura muricauda","10.35",,,,,,,,"50","0","10","0","0","40","0","0","0","0","3","Invertebrates","Faunivore","Ground","Nocturnal"
"Crocidura musseri","10.42",,,,,,,,"50","0","10","0","0","40","0","0","0","0","3","Invertebrates","Faunivore","Ground","Nocturnal"
"Crocidura mutesae","23.91",,,,,,,,"50","0","10","0","0","40","0","0","0","0","3","Invertebrates","Faunivore","Ground","Nocturnal"
"Crocidura nana","10.35",,,,,,,,"50","0","10","0","0","40","0","0","0","0","3","Invertebrates","Faunivore","Ground","Nocturnal"
"Crocidura nanilla","6.5",,,,,,,,"50","0","10","0","0","40","0","0","0","0","3","Invertebrates","Faunivore","Ground","Nocturnal"
"Crocidura negligens","10.42",,,,,,,,"50","0","10","0","0","40","0","0","0","0","3","Invertebrates","Faunivore","Ground","Nocturnal"
"Crocidura negrina","11.33",,,,,,,,"50","0","10","0","0","40","0","0","0","0","3","Invertebrates","Faunivore","Ground","Nocturnal"
"Crocidura nicobarica","28.9",,,,,,,,"50","0","10","0","0","40","0","0","0","0","3","Invertebrates","Faunivore","Ground","Nocturnal"
"Crocidura nigeriae","23",,,,,,,,"50","0","10","0","0","40","0","0","0","0","3","Invertebrates","Faunivore","Ground","Nocturnal"
"Crocidura nigricans","20",,,,,,,,"50","0","10","0","0","40","0","0","0","0","3","Invertebrates","Faunivore","Ground","Nocturnal"
"Crocidura nigripes","13.2",,,,,,,,"50","0","10","0","0","40","0","0","0","0","3","Invertebrates","Faunivore","Ground","Nocturnal"
"Crocidura nigrofusca","11.75",,,,,,,,"50","0","10","0","0","40","0","0","0","0","3","Invertebrates","Faunivore","Ground","Nocturnal"
"Crocidura nimbae","15.5",,,,,,,,"50","0","10","0","0","40","0","0","0","0","3","Invertebrates","Faunivore","Ground","Nocturnal"
"Crocidura niobe","16",,,,,,,,"50","0","10","0","0","40","0","0","0","0","3","Invertebrates","Faunivore","Ground","Nocturnal"
"Crocidura obscurior","10.35",,,,,,,,"50","0","10","0","0","40","0","0","0","0","3","Invertebrates","Faunivore","Ground","Nocturnal"
"Crocidura olivieri","47","51.4","1.4193",,,,,,"50","0","10","0","0","40","0","0","0","0","3","Invertebrates","Faunivore","Ground","Nocturnal"
"Crocidura orientalis","15.8",,,,,,,,"50","0","10","0","0","40","0","0","0","0","3","Invertebrates","Faunivore","Ground","Nocturnal"
"Crocidura orii","14.4",,,,,,,,"50","0","10","0","0","40","0","0","0","0","3","Invertebrates","Faunivore","Ground","Nocturnal"
"Crocidura palawanensis","10.35",,,,,,,,"50","0","10","0","0","40","0","0","0","0","3","Invertebrates","Faunivore","Ground","Nocturnal"
"Crocidura paradoxura","8.23",,,,,,,,"50","0","10","0","0","40","0","0","0","0","3","Invertebrates","Faunivore","Ground","Nocturnal"
"Crocidura parvipes","10.35",,,,,,,,"50","0","10","0","0","40","0","0","0","0","3","Invertebrates","Faunivore","Ground","Nocturnal"
"Crocidura pasha","6.5",,,,,,,,"50","0","10","0","0","40","0","0","0","0","3","Invertebrates","Faunivore","Ground","Nocturnal"
"Crocidura pergrisea","10.1",,,,,,,,"50","0","10","0","0","40","0","0","0","0","3","Invertebrates","Faunivore","Ground","Nocturnal"
"Crocidura phaeura","10.35",,,,,,,,"50","0","10","0","0","40","0","0","0","0","3","Invertebrates","Faunivore","Ground","Nocturnal"
"Crocidura picea","10.35",,,,,,,,"50","0","10","0","0","40","0","0","0","0","3","Invertebrates","Faunivore","Ground","Nocturnal"
"Crocidura pitmani","10.35",,,,,,,,"50","0","10","0","0","40","0","0","0","0","3","Invertebrates","Faunivore","Ground","Nocturnal"
"Crocidura planiceps","2.5",,,,,,,,"50","0","10","0","0","40","0","0","0","0","3","Invertebrates","Faunivore","Ground","Nocturnal"
"Crocidura poensis","16.935","31.1","1.7977",,,,,,"50","0","10","0","0","40","0","0","0","0","3","Invertebrates","Faunivore","Ground","Nocturnal"
"Crocidura polia","10.35",,,,,,,,"50","0","10","0","0","40","0","0","0","0","3","Invertebrates","Faunivore","Ground","Nocturnal"
"Crocidura pullata","10.35",,,,,,,,"50","0","10","0","0","40","0","0","0","0","3","Invertebrates","Faunivore","Ground","Nocturnal"
"Crocidura raineyi","14.5",,,,,,,,"50","0","10","0","0","40","0","0","0","0","3","Invertebrates","Faunivore","Ground","Nocturnal"
"Crocidura ramona","10.42",,,,,,,,"50","0","10","0","0","40","0","0","0","0","3","Invertebrates","Faunivore","Ground","Nocturnal"
"Crocidura rapax","10.42",,,,,,,,"50","0","10","0","0","40","0","0","0","0","3","Invertebrates","Faunivore","Ground","Nocturnal"
"Crocidura religiosa","7",,,,,,,,"50","0","10","0","0","40","0","0","0","0","3","Invertebrates","Faunivore","Ground","Nocturnal"
"Crocidura rhoditis","14",,,,,,,,"50","0","10","0","0","40","0","0","0","0","3","Invertebrates","Faunivore","Ground","Nocturnal"
"Crocidura roosevelti","10.35",,,,,,,,"50","0","10","0","0","40","0","0","0","0","3","Invertebrates","Faunivore","Ground","Nocturnal"
"Crocidura russala","11.6","29.79","2.5681","4","29","23","4","75",,,,,,,,,,,,,,,
"Crocidura russula","10.5125","26.0529","2.4974",,,,,,"50","0","10","0","0","40","0","0","0","0","3","Invertebrates","Faunivore","Ground","Nocturnal"
"Crocidura selina","10.35",,,,,,,,"50","0","10","0","0","40","0","0","0","0","3","Invertebrates","Faunivore","Ground","Nocturnal"
"Crocidura serezkyensis","10.35",,,,,,,,"50","0","10","0","0","40","0","0","0","0","3","Invertebrates","Faunivore","Ground","Nocturnal"
"Crocidura shantungensis","10.42",,,,,,,,"50","0","10","0","0","40","0","0","0","0","3","Invertebrates","Faunivore","Ground","Nocturnal"
"Crocidura sibirica","10.35",,,,,,,,"50","0","10","0","0","40","0","0","0","0","3","Invertebrates","Faunivore","Ground","Nocturnal"
"Crocidura sicula","6.9",,,,,,,,"50","0","10","0","0","40","0","0","0","0","3","Invertebrates","Faunivore","Ground","Nocturnal"
"Crocidura silacea","8",,,,,,,,"50","0","10","0","0","40","0","0","0","0","3","Invertebrates","Faunivore","Ground","Nocturnal"
"Crocidura smithii","10.35",,,,,,,,"50","0","10","0","0","40","0","0","0","0","3","Invertebrates","Faunivore","Ground","Nocturnal"
"Crocidura somalica","11.5",,,,,,,,"50","0","10","0","0","40","0","0","0","0","3","Invertebrates","Faunivore","Ground","Nocturnal"
"Crocidura stenocephala","21",,,,,,,,"50","0","10","0","0","40","0","0","0","0","3","Invertebrates","Faunivore","Ground","Nocturnal"
"Crocidura suaveolens","8","22.011","2.8689",,,,,,"50","0","10","0","0","40","0","0","0","0","3","Invertebrates","Faunivore","Ground","Nocturnal"
"Crocidura susiana","10.35",,,,,,,,"50","0","10","0","0","40","0","0","0","0","3","Invertebrates","Faunivore","Ground","Nocturnal"
"Crocidura tanakae","10.42",,,,,,,,"50","0","10","0","0","40","0","0","0","0","3","Invertebrates","Faunivore","Ground","Nocturnal"
"Crocidura tansaniana","10.35",,,,,,,,"50","0","10","0","0","40","0","0","0","0","3","Invertebrates","Faunivore","Ground","Nocturnal"
"Crocidura tarella","10.35",,,,,,,,"50","0","10","0","0","40","0","0","0","0","3","Invertebrates","Faunivore","Ground","Nocturnal"
"Crocidura tarfayensis","6.5",,,,,,,,"50","0","10","0","0","40","0","0","0","0","3","Invertebrates","Faunivore","Ground","Nocturnal"
"Crocidura telfordi","10.35",,,,,,,,"50","0","10","0","0","40","0","0","0","0","3","Invertebrates","Faunivore","Ground","Nocturnal"
"Crocidura tenuis","9.43",,,,,,,,"50","0","10","0","0","40","0","0","0","0","3","Invertebrates","Faunivore","Ground","Nocturnal"
"Crocidura thalia","10.35",,,,,,,,"50","0","10","0","0","40","0","0","0","0","3","Invertebrates","Faunivore","Ground","Nocturnal"
"Crocidura theresae","17.6",,,,,,,,"50","0","10","0","0","40","0","0","0","0","3","Invertebrates","Faunivore","Ground","Nocturnal"
"Crocidura thomensis","10.35",,,,,,,,"50","0","10","0","0","40","0","0","0","0","3","Invertebrates","Faunivore","Ground","Nocturnal"
"Crocidura trichura","10.42",,,,,,,,"50","0","10","0","0","40","0","0","0","0","3","Invertebrates","Faunivore","Ground","Nocturnal"
"Crocidura turba","14.5",,,,,,,,"50","0","10","0","0","40","0","0","0","0","3","Invertebrates","Faunivore","Ground","Nocturnal"
"Crocidura ultima","16",,,,,,,,"50","0","10","0","0","40","0","0","0","0","3","Invertebrates","Faunivore","Ground","Nocturnal"
"Crocidura usambarae","9.7",,,,,,,,"50","0","10","0","0","40","0","0","0","0","3","Invertebrates","Faunivore","Ground","Nocturnal"
"Crocidura viaria","15.85","22.1","1.5034",,,,,,"50","0","10","0","0","40","0","0","0","0","3","Invertebrates","Faunivore","Ground","Nocturnal"
"Crocidura virgata","10.42",,,,,,,,"50","0","10","0","0","40","0","0","0","0","3","Invertebrates","Faunivore","Ground","Nocturnal"
"Crocidura voi","10.35",,,,,,,,"50","0","10","0","0","40","0","0","0","0","3","Invertebrates","Faunivore","Ground","Nocturnal"
"Crocidura vorax","10.42",,,,,,,,"50","0","10","0","0","40","0","0","0","0","3","Invertebrates","Faunivore","Ground","Nocturnal"
"Crocidura vosmaeri","10.42",,,,,,,,"50","0","10","0","0","40","0","0","0","0","3","Invertebrates","Faunivore","Ground","Nocturnal"
"Crocidura watasei","10.42",,,,,,,,"50","0","10","0","0","40","0","0","0","0","3","Invertebrates","Faunivore","Ground","Nocturnal"
"Crocidura whitakeri","5.5",,,,,,,,"50","0","10","0","0","40","0","0","0","0","3","Invertebrates","Faunivore","Ground","Nocturnal"
"Crocidura wimmeri","23.5",,,,,,,,"50","0","10","0","0","40","0","0","0","0","3","Invertebrates","Faunivore","Ground","Nocturnal"
"Crocidura wuchihensis","4.3",,,,,,,,"50","0","10","0","0","40","0","0","0","0","3","Invertebrates","Faunivore","Ground","Nocturnal"
"Crocidura xantippe","10.35",,,,,,,,"50","0","10","0","0","40","0","0","0","0","3","Invertebrates","Faunivore","Ground","Nocturnal"
"Crocidura yankariensis","5",,,,,,,,"50","0","10","0","0","40","0","0","0","0","3","Invertebrates","Faunivore","Ground","Nocturnal"
"Crocidura zaphiri","10.35",,,,,,,,"50","0","10","0","0","40","0","0","0","0","3","Invertebrates","Faunivore","Ground","Nocturnal"
"Crocidura zarudnyi","6.71",,,,,,,,"50","0","10","0","0","40","0","0","0","0","3","Invertebrates","Faunivore","Ground","Nocturnal"
"Crocidura zimmeri","14.5",,,,,,,,"50","0","10","0","0","40","0","0","0","0","3","Invertebrates","Faunivore","Ground","Nocturnal"
"Crocidura zimmermanni","10.35",,,,,,,,"50","0","10","0","0","40","0","0","0","0","3","Invertebrates","Faunivore","Ground","Nocturnal"
"Crocuta crocuta","63892.408",,,"41.1","111.15","265","2","1095","0","100","0","0","0","0","0","0","0","0","1","Endotherm vertebrates","Faunivore","Ground","Nocturnal"
"Crossarchus alexandri","1500",,,,,,,,"60","0","20","0","0","0","20","0","0","0","3","Invertebrates","Faunivore","Ground","Cathemeral"
"Crossarchus ansorgei","700",,,,,,,,"60","0","20","0","0","0","20","0","0","0","3","Invertebrates","Faunivore","Ground","Cathemeral"
"Crossarchus obscurus","1057.5",,,,,,,,"60","0","20","0","0","0","20","0","0","0","3","Invertebrates","Faunivore","Ground","Cathemeral"
"Crossarchus platycephalus","1250",,,,,,,,"50","0","0","0","50","0","0","0","0","0","2","Invertebrates","Faunivore","Ground","Cathemeral"
"Crossomys moncktoni","165",,,,,,,,"60","0","40","0","0","0","0","0","0","0","2","Invertebrates","Faunivore","Ground","Diurnal"
"Crunomys celebensis","55",,,,,,,,"10","0","0","0","0","0","10","0","20","60","4","Other plant","Herbivore","Ground","Diurnal"
"Crunomys fallax","37.5",,,,,,,,"10","0","0","0","0","0","10","0","20","60","4","Other plant","Herbivore","Ground","Diurnal"
"Crunomys melanius","42.5",,,,,,,,"10","0","0","0","0","0","10","0","20","60","4","Other plant","Herbivore","Ground","Diurnal"
"Crunomys suncoides","44.42",,,,,,,,"10","0","0","0","0","0","10","0","20","60","4","Other plant","Herbivore","Ground","Diurnal"
"Cryptochloris wintoni","25",,,,,,,,"40","0","60","0","0","0","0","0","0","0","2","Ectotherm vertebrates","Faunivore","Ground","Nocturnal"
"Cryptochloris zyli","25",,,,,,,,"40","0","60","0","0","0","0","0","0","0","2","Ectotherm vertebrates","Faunivore","Ground","Nocturnal"
"Cryptomys amatus","77.02","48.7","0.63",,,,,,"0","0","0","0","0","0","0","0","0","100","1","Other plant","Herbivore","Ground","Cathemeral"
"Cryptomys bocagei","94.2","69.9","0.7405",,,,,,"0","0","0","0","0","0","0","0","0","100","1","Other plant","Herbivore","Ground","Cathemeral"
"Cryptomys foxi","183.14",,,,,,,,"0","0","0","0","0","0","0","0","0","100","1","Other plant","Herbivore","Ground","Cathemeral"
"Cryptomys hottentotus","87.695","86","1.0776",,,,,,"0","0","0","0","0","0","0","0","0","100","1","Other plant","Herbivore","Ground","Cathemeral"
"Cryptomys hottentotus natalensis","99.02",,,,,,,,,,,,,,,,,,,,,,
"Cryptomys hottentotus pretoriae","104.27",,,,,,,,,,,,,,,,,,,,,,
"Cryptomys kafuensis","125.41",,,,,,,,"0","0","0","0","0","0","0","0","0","100","1","Other plant","Herbivore","Ground","Cathemeral"
"Cryptomys ochraceocinereus","200",,,,,,,,"0","0","0","0","0","0","0","0","0","100","1","Other plant","Herbivore","Ground","Cathemeral"
"Cryptomys zechi","223.06",,,,,,,,"0","0","0","0","0","0","0","0","0","100","1","Other plant","Herbivore","Ground","Cathemeral"
"Cryptoprocta ferox","8591.6667",,,,,,,,"10","70","20","0","0","0","0","0","0","0","3","Endotherm vertebrates","Faunivore","Scansorial","Nocturnal"
"Cryptotis alticola","7.72",,,,,,,,"40","0","30","0","0","30","0","0","0","0","3","Invertebrates","Faunivore","Ground","Nocturnal"
"Cryptotis brachyonyx","7.72",,,,,,,,"40","0","30","0","0","30","0","0","0","0","3","Invertebrates","Faunivore","Ground","Nocturnal"
"Cryptotis colombiana","7.72",,,,,,,,"40","0","30","0","0","30","0","0","0","0","3","Invertebrates","Faunivore","Ground","Diurnal"
"Cryptotis endersi","8",,,,,,,,"40","0","30","0","0","30","0","0","0","0","3","Invertebrates","Faunivore","Ground","Diurnal"
"Cryptotis equatoris","7.72",,,,,,,,"40","0","30","0","0","30","0","0","0","0","3","Invertebrates","Faunivore","Ground","Nocturnal"
"Cryptotis goldmani","8",,,,,,,,"40","0","30","0","0","30","0","0","0","0","3","Invertebrates","Faunivore","Ground","Diurnal"
"Cryptotis goodwini","7",,,,,,,,"40","0","30","0","0","30","0","0","0","0","3","Invertebrates","Faunivore","Ground","Diurnal"
"Cryptotis gracilis","7",,,,,,,,"40","0","30","0","0","30","0","0","0","0","3","Invertebrates","Faunivore","Ground","Diurnal"
"Cryptotis griseoventris","7.72",,,,,,,,"40","0","30","0","0","30","0","0","0","0","3","Invertebrates","Faunivore","Ground","Nocturnal"
"Cryptotis hondurensis","5",,,,,,,,"40","0","30","0","0","30","0","0","0","0","3","Invertebrates","Faunivore","Ground","Diurnal"
"Cryptotis magna","7",,,,,,,,"40","0","30","0","0","30","0","0","0","0","3","Invertebrates","Faunivore","Ground","Diurnal"
"Cryptotis mayensis","5",,,,,,,,"40","0","30","0","0","30","0","0","0","0","3","Invertebrates","Faunivore","Ground","Diurnal"
"Cryptotis medellinia","7.72",,,,,,,,"40","0","30","0","0","30","0","0","0","0","3","Invertebrates","Faunivore","Ground","Nocturnal"
"Cryptotis mera","7.72",,,,,,,,"40","0","30","0","0","30","0","0","0","0","3","Invertebrates","Faunivore","Ground","Diurnal"
"Cryptotis meridensis","11.57",,,,,,,,"40","0","30","0","0","30","0","0","0","0","3","Invertebrates","Faunivore","Ground","Diurnal"
"Cryptotis merriami","7.72",,,,,,,,"40","0","30","0","0","30","0","0","0","0","3","Invertebrates","Faunivore","Ground","Nocturnal"
"Cryptotis mexicana","7",,,,,,,,"40","0","30","0","0","30","0","0","0","0","3","Invertebrates","Faunivore","Ground","Diurnal"
"Cryptotis montivaga","11.3",,,,,,,,"40","0","30","0","0","30","0","0","0","0","3","Invertebrates","Faunivore","Ground","Diurnal"
"Cryptotis nelsoni","7.72",,,,,,,,"40","0","30","0","0","30","0","0","0","0","3","Invertebrates","Faunivore","Ground","Nocturnal"
"Cryptotis nigrescens","7.65",,,,,,,,"40","0","30","0","0","30","0","0","0","0","3","Invertebrates","Faunivore","Ground","Diurnal"
"Cryptotis obscura","7.72",,,,,,,,"40","0","30","0","0","30","0","0","0","0","3","Invertebrates","Faunivore","Ground","Nocturnal"
"Cryptotis orophila","7.72",,,,,,,,"40","0","30","0","0","30","0","0","0","0","3","Invertebrates","Faunivore","Ground","Nocturnal"
"Cryptotis parva","8.95","28.03","4.6784",,,,,,"40","0","30","0","0","30","0","0","0","0","3","Invertebrates","Faunivore","Ground","Nocturnal"
"Cryptotis peregrina","7.72",,,,,,,,"40","0","30","0","0","30","0","0","0","0","3","Invertebrates","Faunivore","Ground","Nocturnal"
"Cryptotis peruviensis","7.72",,,,,,,,"40","0","30","0","0","30","0","0","0","0","3","Invertebrates","Faunivore","Ground","Nocturnal"
"Cryptotis phillipsii","7.72",,,,,,,,"40","0","30","0","0","30","0","0","0","0","3","Invertebrates","Faunivore","Ground","Nocturnal"
"Cryptotis squamipes","11",,,,,,,,"40","0","30","0","0","30","0","0","0","0","3","Invertebrates","Faunivore","Ground","Diurnal"
"Cryptotis tamensis","7.72",,,,,,,,"40","0","30","0","0","30","0","0","0","0","3","Invertebrates","Faunivore","Ground","Nocturnal"
"Cryptotis thomasi","12.6",,,,,,,,"40","0","30","0","0","30","0","0","0","0","3","Invertebrates","Faunivore","Ground","Diurnal"
"Cryptotis tropicalis","7.72",,,,,,,,"40","0","30","0","0","30","0","0","0","0","3","Invertebrates","Faunivore","Ground","Nocturnal"
"Ctenodactylus gundi","289",,,,,,,,"0","0","0","0","0","0","0","0","0","100","1","Other plant","Herbivore","Ground","Diurnal"
"Ctenodactylus vali","175",,,,,,,,"0","0","0","0","0","0","0","0","0","100","1","Other plant","Herbivore","Ground","Diurnal"
"Ctenomys argentinus","221.3",,,,,,,,"0","0","0","0","0","0","0","0","0","100","1","Other plant","Herbivore","Ground","Diurnal"
"Ctenomys australis","339.2","131.55","0.4208",,,,,,"0","0","0","0","0","0","0","0","0","100","1","Other plant","Herbivore","Ground","Diurnal"
"Ctenomys azarae","400",,,,,,,,"0","0","0","0","0","0","0","0","0","100","1","Other plant","Herbivore","Ground","Diurnal"
"Ctenomys bergi","259.74",,,,,,,,"0","0","0","0","0","0","0","0","0","100","1","Other plant","Herbivore","Ground","Diurnal"
"Ctenomys boliviensis","535",,,,,,,,"0","0","0","0","0","0","0","0","0","100","1","Other plant","Herbivore","Ground","Diurnal"
"Ctenomys bonettoi","202.3",,,,,,,,"0","0","0","0","0","0","0","0","0","100","1","Other plant","Herbivore","Ground","Diurnal"
"Ctenomys brasiliensis","400",,,,,,,,"0","0","0","0","0","0","0","0","0","100","1","Other plant","Herbivore","Ground","Diurnal"
"Ctenomys budini","259.74",,,,,,,,"0","0","0","0","0","0","0","0","0","100","1","Other plant","Herbivore","Ground","Diurnal"
"Ctenomys colburni","400",,,,,,,,"0","0","0","0","0","0","0","0","0","100","1","Other plant","Herbivore","Ground","Diurnal"
"Ctenomys coludo","259.74",,,,,,,,"0","0","0","0","0","0","0","0","0","100","1","Other plant","Herbivore","Ground","Diurnal"
"Ctenomys conoveri","860",,,,,,,,"0","0","0","0","0","0","0","0","0","100","1","Other plant","Herbivore","Ground","Diurnal"
"Ctenomys coyhaiquensis","259.74",,,,,,,,"0","0","0","0","0","0","0","0","0","100","1","Other plant","Herbivore","Ground","Diurnal"
"Ctenomys dorbignyi","259.74",,,,,,,,"0","0","0","0","0","0","0","0","0","100","1","Other plant","Herbivore","Ground","Diurnal"
"Ctenomys dorsalis","165.6",,,,,,,,"0","0","0","0","0","0","0","0","0","100","1","Other plant","Herbivore","Ground","Diurnal"
"Ctenomys emilianus","285.3",,,,,,,,"0","0","0","0","0","0","0","0","0","100","1","Other plant","Herbivore","Ground","Diurnal"
"Ctenomys famosus","259.74",,,,,,,,"0","0","0","0","0","0","0","0","0","100","1","Other plant","Herbivore","Ground","Diurnal"
"Ctenomys flamarioni","259.74",,,,,,,,"0","0","0","0","0","0","0","0","0","100","1","Other plant","Herbivore","Ground","Diurnal"
"Ctenomys fochi","259.74",,,,,,,,"0","0","0","0","0","0","0","0","0","100","1","Other plant","Herbivore","Ground","Diurnal"
"Ctenomys fodax","259.74",,,,,,,,"0","0","0","0","0","0","0","0","0","100","1","Other plant","Herbivore","Ground","Diurnal"
"Ctenomys frater","172.9",,,,,,,,"0","0","0","0","0","0","0","0","0","100","1","Other plant","Herbivore","Ground","Diurnal"
"Ctenomys fulvus","268.5","176","0.64",,,,,,"0","0","0","0","0","0","0","0","0","100","1","Other plant","Herbivore","Ground","Diurnal"
"Ctenomys goodfellowi","259.74",,,,,,,,"0","0","0","0","0","0","0","0","0","100","1","Other plant","Herbivore","Ground","Diurnal"
"Ctenomys haigi","164",,,,,,,,"0","0","0","0","0","0","0","0","0","100","1","Other plant","Herbivore","Ground","Diurnal"
"Ctenomys johannis","259.74",,,,,,,,"0","0","0","0","0","0","0","0","0","100","1","Other plant","Herbivore","Ground","Diurnal"
"Ctenomys juris","259.74",,,,,,,,"0","0","0","0","0","0","0","0","0","100","1","Other plant","Herbivore","Ground","Diurnal"
"Ctenomys knighti","316",,,,,,,,"0","0","0","0","0","0","0","0","0","100","1","Other plant","Herbivore","Ground","Diurnal"
"Ctenomys lami","259.74",,,,,,,,"0","0","0","0","0","0","0","0","0","100","1","Other plant","Herbivore","Ground","Diurnal"
"Ctenomys latro","192",,,,,,,,"0","0","0","0","0","0","0","0","0","100","1","Other plant","Herbivore","Ground","Diurnal"
"Ctenomys leucodon","243.6",,,,,,,,"0","0","0","0","0","0","0","0","0","100","1","Other plant","Herbivore","Ground","Diurnal"
"Ctenomys lewisi","117.2",,,,,,,,"0","0","0","0","0","0","0","0","0","100","1","Other plant","Herbivore","Ground","Diurnal"
"Ctenomys magellanicus","267.55","184.2","0.7001",,,,,,"0","0","0","0","0","0","0","0","0","100","1","Other plant","Herbivore","Ground","Diurnal"
"Ctenomys maulinus","215","187.1","0.8702",,,,,,"0","0","0","0","0","0","0","0","0","100","1","Other plant","Herbivore","Ground","Diurnal"
"Ctenomys mendocinus","163.05",,,,,,,,"0","0","0","0","0","0","0","0","0","100","1","Other plant","Herbivore","Ground","Diurnal"
"Ctenomys minutus","92",,,,,,,,"0","0","0","0","0","0","0","0","0","100","1","Other plant","Herbivore","Ground","Diurnal"
"Ctenomys occultus","150",,,,,,,,"0","0","0","0","0","0","0","0","0","100","1","Other plant","Herbivore","Ground","Diurnal"
"Ctenomys opimus","288.85","134","0.6201",,,,,,"0","0","0","0","0","0","0","0","0","100","1","Other plant","Herbivore","Ground","Diurnal"
"Ctenomys osvaldoreigi","259.74",,,,,,,,"0","0","0","0","0","0","0","0","0","100","1","Other plant","Herbivore","Ground","Diurnal"
"Ctenomys pearsoni","212",,,,,,,,"0","0","0","0","0","0","0","0","0","100","1","Other plant","Herbivore","Ground","Diurnal"
"Ctenomys perrensi","400",,,,,,,,"0","0","0","0","0","0","0","0","0","100","1","Other plant","Herbivore","Ground","Diurnal"
"Ctenomys peruanus","490","220.5","0.45",,,,,,"0","0","0","0","0","0","0","0","0","100","1","Other plant","Herbivore","Ground","Diurnal"
"Ctenomys pilarensis","259.74",,,,,,,,"0","0","0","0","0","0","0","0","0","100","1","Other plant","Herbivore","Ground","Diurnal"
"Ctenomys pontifex","400",,,,,,,,"0","0","0","0","0","0","0","0","0","100","1","Other plant","Herbivore","Ground","Diurnal"
"Ctenomys porteousi","194.05","150.7","0.7701",,,,,,"0","0","0","0","0","0","0","0","0","100","1","Other plant","Herbivore","Ground","Diurnal"
"Ctenomys pundti","259.74",,,,,,,,"0","0","0","0","0","0","0","0","0","100","1","Other plant","Herbivore","Ground","Diurnal"
"Ctenomys rionegrensis","259.74",,,,,,,,"0","0","0","0","0","0","0","0","0","100","1","Other plant","Herbivore","Ground","Diurnal"
"Ctenomys roigi","259.74",,,,,,,,"0","0","0","0","0","0","0","0","0","100","1","Other plant","Herbivore","Ground","Diurnal"
"Ctenomys saltarius","230",,,,,,,,"0","0","0","0","0","0","0","0","0","100","1","Other plant","Herbivore","Ground","Diurnal"
"Ctenomys scagliai","259.74",,,,,,,,"0","0","0","0","0","0","0","0","0","100","1","Other plant","Herbivore","Ground","Diurnal"
"Ctenomys sericeus","400",,,,,,,,"0","0","0","0","0","0","0","0","0","100","1","Other plant","Herbivore","Ground","Diurnal"
"Ctenomys sociabilis","400",,,,,,,,"0","0","0","0","0","0","0","0","0","100","1","Other plant","Herbivore","Ground","Diurnal"
"Ctenomys steinbachi","385",,,,,,,,"0","0","0","0","0","0","0","0","0","100","1","Other plant","Herbivore","Ground","Diurnal"
"Ctenomys sylvanus","259.74",,,,,,,,"0","0","0","0","0","0","0","0","0","100","1","Other plant","Herbivore","Ground","Diurnal"
"Ctenomys talarum","128.5971","123.3586","1.0297",,,,,,"0","0","0","0","0","0","0","0","0","100","1","Other plant","Herbivore","Ground","Diurnal"
"Ctenomys torquatus","209.5",,,,,,,,"0","0","0","0","0","0","0","0","0","100","1","Other plant","Herbivore","Ground","Diurnal"
"Ctenomys tuconax","287.4","208.5","0.64",,,,,,"0","0","0","0","0","0","0","0","0","100","1","Other plant","Herbivore","Ground","Diurnal"
"Ctenomys tucumanus","217",,,,,,,,"0","0","0","0","0","0","0","0","0","100","1","Other plant","Herbivore","Ground","Diurnal"
"Ctenomys tulduco","259.74",,,,,,,,"0","0","0","0","0","0","0","0","0","100","1","Other plant","Herbivore","Ground","Diurnal"
"Ctenomys validus","232.6",,,,,,,,"0","0","0","0","0","0","0","0","0","100","1","Other plant","Herbivore","Ground","Diurnal"
"Ctenomys viperinus","259.74",,,,,,,,"0","0","0","0","0","0","0","0","0","100","1","Other plant","Herbivore","Ground","Diurnal"
"Ctenomys yolandae","259.74",,,,,,,,"0","0","0","0","0","0","0","0","0","100","1","Other plant","Herbivore","Ground","Diurnal"
"Cuniculus paca","7311.85","2746.8","0.3",,,,,,"0","0","0","0","0","0","20","0","30","50","3","Other plant","Herbivore","Ground","Nocturnal"
"Cuniculus taczanowskii","7749.975",,,,,,,,"0","0","0","0","0","0","20","0","30","50","3","Other plant","Herbivore","Ground","Nocturnal"
"Cuon alpinus","14591.11",,,,,,,,"0","90","0","0","0","10","0","0","0","0","2","Endotherm vertebrates","Faunivore","Ground","Diurnal"
"Cupiennius salei","3.75",,,,,,,,,,,,,,,,,,,,,,
"Cuscomys ashaninka","910",,,,,,,,"0","0","0","0","0","0","0","0","0","100","1","Other plant","Herbivore","Ground","Nocturnal"
"Cuscomys oblativa","910",,,,,,,,"0","0","0","0","0","0","0","0","0","100","1","Other plant","Herbivore","Ground","Nocturnal"
"Cyanopica cyanus","84.11",,,,,,,,,,,,,,,,,,,,,,
"Cyclopes didactylus","301.4875","110.9","0.5285",,,,,,"100","0","0","0","0","0","0","0","0","0","1","Invertebrates","Faunivore","Arboreal","Nocturnal"
"Cynictis penicillata","678.1044",,,"15.2","56","50.5","1.9833","730","90","0","0","0","10","0","0","0","0","0","2","Invertebrates","Faunivore","Ground","Diurnal"
"Cynocephalus volans","1275",,,,"105","193","1",,"0","0","0","0","0","0","0","0","0","100","1","Other plant","Herbivore","Arboreal","Nocturnal"
"Cynogale bennettii","4255",,,,,,,,"30","30","0","20","0","0","20","0","0","0","4","Invertebrates","Faunivore","Ground","Nocturnal"
"Cynomops abrasus","34.345",,,,,,,,"100","0","0","0","0","0","0","0","0","0","1","Invertebrates","Faunivore","Aerial","Nocturnal"
"Cynomops greenhalli","16.685",,,,,,,,"100","0","0","0","0","0","0","0","0","0","1","Invertebrates","Faunivore","Aerial","Nocturnal"
"Cynomops mexicanus","17.21",,,,,,,,"100","0","0","0","0","0","0","0","0","0","1","Invertebrates","Faunivore","Aerial","Nocturnal"
"Cynomops paranus","12.16",,,,,,,,"100","0","0","0","0","0","0","0","0","0","1","Invertebrates","Faunivore","Aerial","Nocturnal"
"Cynomops planirostris","10.045",,,,,,,,"100","0","0","0","0","0","0","0","0","0","1","Invertebrates","Faunivore","Aerial","Nocturnal"
"Cynomys gunnisoni","783.65",,,,,,,,"0","0","0","0","0","0","0","0","0","100","1","Other plant","Herbivore","Ground","Diurnal"
"Cynomys leucurus","1500",,,,,,,,"0","0","0","0","0","0","0","0","0","100","1","Other plant","Herbivore","Ground","Diurnal"
"Cynomys ludovicianus","1000","426","0.383",,,,,,"0","0","0","0","0","0","0","0","0","100","1","Other plant","Herbivore","Ground","Diurnal"
"Cynomys mexicanus","948.995",,,,,,,,"0","0","0","0","0","0","0","0","0","100","1","Other plant","Herbivore","Ground","Diurnal"
"Cynomys parvidens","800",,,,,,,,"0","0","0","0","0","0","0","0","0","100","1","Other plant","Herbivore","Ground","Diurnal"
"Cynomys sp.","1515",,,,,,,,,,,,,,,,,,,,,,
"Cynopterus brachyotis","29","47.5","1.2701",,,,,,"0","0","0","0","0","0","100","0","0","0","1","Fruit","Herbivore","Arboreal","Nocturnal"
"Cynopterus horsfieldii","53",,,,,,,,"0","0","0","0","0","0","100","0","0","0","1","Fruit","Herbivore","Arboreal","Nocturnal"
"Cynopterus luzoniensis","40.3",,,,,,,,"0","0","0","0","0","0","100","0","0","0","1","Fruit","Herbivore","Arboreal","Nocturnal"
"Cynopterus minutus","26.45",,,,,,,,"0","0","0","0","0","0","100","0","0","0","1","Fruit","Herbivore","Arboreal","Nocturnal"
"Cynopterus nusatenggara","36.44",,,,,,,,"0","0","0","0","0","0","100","0","0","0","1","Fruit","Herbivore","Arboreal","Nocturnal"
"Cynopterus sphinx","43.03",,,,,,,,"0","0","0","0","0","0","100","0","0","0","1","Fruit","Herbivore","Arboreal","Nocturnal"
"Cynopterus titthaecheilus","58.33",,,,,,,,"0","0","0","0","0","0","100","0","0","0","1","Fruit","Herbivore","Arboreal","Nocturnal"
"Cynoscion nebulosus","565.39",,,,,,,,,,,,,,,,,,,,,,
"Cynoscion regalis","1187.5",,,,,,,,,,,,,,,,,,,,,,
"Cystophora cristata","285586.75",,,,,,,,"20","0","0","80","0","0","0","0","0","0","2","Fish","Faunivore","Marine","Diurnal"
"Cyttarops alecto","5.3",,,,,,,,"100","0","0","0","0","0","0","0","0","0","1","Invertebrates","Faunivore","Aerial","Nocturnal"
"Dacelo novaeguineae","350",,,,,,,,,,,,,,,,,,,,,,
"Dacnomys millardi","73.99",,,,,,,,"10","0","0","0","0","0","10","0","20","60","4","Other plant","Herbivore","Ground","Nocturnal"
"Dactylomys boliviensis","728.8",,,,,,,,"0","0","0","0","0","0","0","0","0","100","1","Other plant","Herbivore","Arboreal","Nocturnal"
"Dactylomys dactylinus","649.99",,,,,,,,"0","0","0","0","0","0","0","0","0","100","1","Other plant","Herbivore","Arboreal","Nocturnal"
"Dactylomys peruanus","382",,,,,,,,"0","0","0","0","0","0","0","0","0","100","1","Other plant","Herbivore","Arboreal","Nocturnal"
"Dactylopsila megalura","277.74",,,,,,,,"80","0","0","0","0","0","10","0","0","10","3","Invertebrates","Faunivore","Arboreal","Nocturnal"
"Dactylopsila palpator","416.5",,,,,,,,"80","0","0","0","0","0","10","0","0","10","3","Invertebrates","Faunivore","Arboreal","Nocturnal"
"Dactylopsila tatei","252",,,,,,,,"80","0","0","0","0","0","10","0","0","10","3","Invertebrates","Faunivore","Arboreal","Nocturnal"
"Dactylopsila trivirgata","435",,,,,,,,"80","0","0","0","0","0","10","0","0","10","3","Invertebrates","Faunivore","Arboreal","Nocturnal"
"Dama dama","56523.3333",,,,,,,,"0","0","0","0","0","0","0","0","0","100","1","Other plant","Herbivore","Ground","Nocturnal"
"Damaliscus korrigum","127194.87",,,,,,,,"0","0","0","0","0","0","0","0","0","100","1","Other plant","Herbivore","Ground","Diurnal"
"Damaliscus lunatus","123500.17",,,,,,,,"0","0","0","0","0","0","0","0","0","100","1","Other plant","Herbivore","Ground","Diurnal"
"Damaliscus pygargus","82250",,,,,,,,"0","0","0","0","0","0","0","0","0","100","1","Other plant","Herbivore","Ground","Diurnal"
"Damaliscus pygargus phillipsi","60000",,,,,,,,,,,,,,,,,,,,,,
"Damaliscus superstes","120837.92",,,,,,,,"0","0","0","0","0","0","0","0","0","100","1","Other plant","Herbivore","Ground","Diurnal"
"Danaus chrysippus chrysippus","0.2",,,,,,,,,,,,,,,,,,,,,,
"Danio rerio","0.88",,,,,,,,,,,,,,,,,,,,,,
"Daphnis nerii","1",,,,,,,,,,,,,,,,,,,,,,
"Dasycercus cristicauda","95.95","62.3125","0.6302",,,,,,"30","70","0","0","0","0","0","0","0","0","2","Endotherm vertebrates","Faunivore","Ground","Cathemeral"
"Dasykaluta rosamondae","27","19.53","0.5501",,,,,,"60","0","0","0","40","0","0","0","0","0","2","Invertebrates","Faunivore","Ground","Nocturnal"
"Dasymys alleni","102.35",,,,,,,,"0","0","0","0","0","0","0","0","0","100","1","Other plant","Herbivore","Ground","Nocturnal"
"Dasymys cabrali","102.35",,,,,,,,"0","0","0","0","0","0","0","0","0","100","1","Other plant","Herbivore","Ground","Nocturnal"
"Dasymys foxi","116.59",,,,,,,,"0","0","0","0","0","0","0","0","0","100","1","Other plant","Herbivore","Ground","Nocturnal"
"Dasymys incomtus","138.3",,,,,,,,"0","0","0","0","0","0","0","0","0","100","1","Other plant","Herbivore","Ground","Nocturnal"
"Dasymys montanus","82",,,,,,,,"0","0","0","0","0","0","0","0","0","100","1","Other plant","Herbivore","Ground","Nocturnal"
"Dasymys nudipes","100.18",,,,,,,,"0","0","0","0","0","0","0","0","0","100","1","Other plant","Herbivore","Ground","Nocturnal"
"Dasymys rufulus","82.99",,,,,,,,"0","0","0","0","0","0","0","0","0","100","1","Other plant","Herbivore","Ground","Nocturnal"
"Dasymys rwandae","102.35",,,,,,,,"0","0","0","0","0","0","0","0","0","100","1","Other plant","Herbivore","Ground","Nocturnal"
"Dasymys sua","102.35",,,,,,,,"0","0","0","0","0","0","0","0","0","100","1","Other plant","Herbivore","Ground","Nocturnal"
"Dasyprocta azarae","3079.495","1886","0.49",,,,,,"10","0","0","0","0","0","40","0","0","50","3","Other plant","Herbivore","Ground","Diurnal"
"Dasyprocta coibae","2660.13",,,,,,,,"10","0","0","0","0","0","40","0","0","50","3","Other plant","Herbivore","Ground","Diurnal"
"Dasyprocta cristata","2650.03",,,,,,,,"10","0","0","0","0","0","40","0","0","50","3","Other plant","Herbivore","Ground","Diurnal"
"Dasyprocta fuliginosa","3500.02",,,,,,,,"10","0","0","0","0","0","40","0","0","50","3","Other plant","Herbivore","Ground","Diurnal"
"Dasyprocta guamara","2650.03",,,,,,,,"10","0","0","0","0","0","40","0","0","50","3","Other plant","Herbivore","Ground","Diurnal"
"Dasyprocta kalinowskii","2650.03",,,,,,,,"10","0","0","0","0","0","40","0","0","50","3","Other plant","Herbivore","Ground","Diurnal"
"Dasyprocta leoporina","2610",,,,,,,,,,,,,,,,,,,,,,
"Dasyprocta leporina","2961.255","1558.48","0.5287","17.8","112","140","1","193","10","0","0","0","0","0","40","0","0","50","3","Other plant","Herbivore","Ground","Diurnal"
"Dasyprocta mexicana","5000",,,,,,,,"10","0","0","0","0","0","40","0","0","50","3","Other plant","Herbivore","Ground","Diurnal"
"Dasyprocta prymnolopha","2871.505",,,,,,,,"10","0","0","0","0","0","40","0","0","50","3","Other plant","Herbivore","Ground","Diurnal"
"Dasyprocta punctata","2923.49",,,,,,,,"10","0","0","0","0","0","40","0","0","50","3","Other plant","Herbivore","Ground","Diurnal"
"Dasyprocta ruatanica","2857.13",,,,,,,,"10","0","0","0","0","0","40","0","0","50","3","Other plant","Herbivore","Ground","Diurnal"
"Dasypus hybridus","1500",,,,,,,,"100","0","0","0","0","0","0","0","0","0","1","Invertebrates","Faunivore","Ground","Nocturnal"
"Dasypus kappleri","9500",,,,,,,,"100","0","0","0","0","0","0","0","0","0","1","Invertebrates","Faunivore","Ground","Nocturnal"
"Dasypus novemcinctus","5000","894.835","0.255","22.3","126.5","137","4","365","100","0","0","0","0","0","0","0","0","0","1","Invertebrates","Faunivore","Ground","Nocturnal"
"Dasypus pilosus","4444.98",,,,,,,,"100","0","0","0","0","0","0","0","0","0","1","Invertebrates","Faunivore","Ground","Nocturnal"
"Dasypus sabanicola","1265.005","310.9","0.2253",,,,,,"100","0","0","0","0","0","0","0","0","0","1","Invertebrates","Faunivore","Ground","Nocturnal"
"Dasypus septemcinctus","1526.65",,,,,,,,"100","0","0","0","0","0","0","0","0","0","1","Invertebrates","Faunivore","Ground","Nocturnal"
"Dasypus yepesi","2785.87",,,,,,,,"100","0","0","0","0","0","0","0","0","0","1","Invertebrates","Faunivore","Ground","Nocturnal"
"Dasyuroides byrnei","120","84.8243","0.7581",,,,,,"30","70","0","0","0","0","0","0","0","0","2","Endotherm vertebrates","Faunivore","Ground","Nocturnal"
"Dasyurus albopunctatus","632",,,,,,,,"80","20","0","0","0","0","0","0","0","0","2","Invertebrates","Faunivore","Ground","Nocturnal"
"Dasyurus geoffroii","1000","481","0.3651",,,,,,"60","20","10","0","0","10","0","0","0","0","4","Invertebrates","Faunivore","Ground","Nocturnal"
"Dasyurus hallucatus","633","246.6667","0.4517",,,,,,"40","30","20","0","0","0","10","0","0","0","4","Invertebrates","Faunivore","Ground","Cathemeral"
"Dasyurus maculatus","4093.7042","626.1333","0.28",,,,,,"30","60","10","0","0","0","0","0","0","0","3","Endotherm vertebrates","Faunivore","Ground","Nocturnal"
"Dasyurus spartacus","686.335",,,,,,,,"80","20","0","0","0","0","0","0","0","0","2","Invertebrates","Faunivore","Ground","Nocturnal"
"Dasyurus viverrinus","1000","434.1","0.4897",,,,,,"70","20","0","0","0","10","0","0","0","0","3","Invertebrates","Faunivore","Ground","Cathemeral"
"Daubentonia madagascarensis","2800",,,,,,,,,,,,,,,,,,,,,,
"Daubentonia madagascariensis","2800","1390.49","0.5354","24.25","161.25","228.5","1","882","40","0","0","0","0","0","0","20","40","0","3","Invertebrates","Omnivore","Arboreal","Nocturnal"
"Delanymys brooksi","5",,,,,,,,"0","0","0","0","0","0","0","0","100","0","1","Seed","Herbivore","Ground","Nocturnal"
"Delias eucharis","0.1",,,,,,,,,,,,,,,,,,,,,,
"Delichon urbicum","22",,,,,,,,,,,,,,,,,,,,,,
"Delomys collinus","77.94",,,,,,,,"20","0","0","0","0","0","10","0","40","30","4","Seed","Herbivore","Ground","Nocturnal"
"Delomys dorsalis","67.5",,,,,,,,"20","0","0","0","0","0","10","0","40","30","4","Seed","Herbivore","Ground","Nocturnal"
"Delomys sublineatus","90",,,,,,,,"20","0","0","0","0","0","10","0","40","30","4","Seed","Herbivore","Ground","Nocturnal"
"Delphinapterus leucas","779812.5","114090","0.1825",,,,,,"40","0","0","60","0","0","0","0","0","0","2","Fish","Faunivore","Marine","Cathemeral"
"Delphinus capensis","80000",,,,,,,,"80","0","0","20","0","0","0","0","0","0","2","Invertebrates","Faunivore","Marine","Nocturnal"
"Delphinus delphis","69271.74",,,,"301","301","1","1754","80","0","0","20","0","0","0","0","0","0","2","Invertebrates","Faunivore","Marine","Nocturnal"
"Deltamys kempi","26.4",,,,,,,,"20","0","0","0","0","0","10","0","40","30","4","Seed","Herbivore","Ground","Cathemeral"
"Dendrogale melanura","60",,,,,,,,"100","0","0","0","0","0","0","0","0","0","1","Invertebrates","Faunivore","Arboreal","Diurnal"
"Dendrogale murina","50",,,,,,,,"100","0","0","0","0","0","0","0","0","0","1","Invertebrates","Faunivore","Arboreal","Diurnal"
"Dendrohyrax arboreus","2960.3667",,,,,,,,"0","0","0","0","0","0","30","0","0","70","2","Other plant","Herbivore","Arboreal","Nocturnal"
"Dendrohyrax dorsalis","2178.3333","752.1","0.3403",,,,,,"0","0","0","0","0","0","30","0","0","70","2","Other plant","Herbivore","Arboreal","Nocturnal"
"Dendrolagus bennettianus","10950",,,,,,,,"0","0","0","0","0","0","50","0","0","50","2","Fruit","Herbivore","Arboreal","Cathemeral"
"Dendrolagus dorianus","16500",,,,,,,,"0","0","0","0","0","0","50","0","0","50","2","Fruit","Herbivore","Arboreal","Cathemeral"
"Dendrolagus goodfellowi","7824.5933",,,,,,,,"0","0","0","0","0","0","50","0","0","50","2","Fruit","Herbivore","Arboreal","Cathemeral"
"Dendrolagus inustus","13240.625",,,,,,,,"0","0","0","0","0","0","50","0","0","50","2","Fruit","Herbivore","Arboreal","Cathemeral"
"Dendrolagus lumholtzi","6972.5",,,,,,,,"0","0","0","0","0","0","50","0","0","50","2","Fruit","Herbivore","Arboreal","Cathemeral"
"Dendrolagus matschiei","6960","1426.8","0.205",,,,,,"0","0","0","0","0","0","50","0","0","50","2","Fruit","Herbivore","Arboreal","Cathemeral"
"Dendrolagus mbaiso","9395.06",,,,,,,,"0","0","0","0","0","0","50","0","0","50","2","Fruit","Herbivore","Arboreal","Cathemeral"
"Dendrolagus pulcherrimus","9511.11",,,,,,,,"0","0","0","0","0","0","50","0","0","50","2","Fruit","Herbivore","Arboreal","Cathemeral"
"Dendrolagus scottae","10437.5",,,,,,,,"0","0","0","0","0","0","50","0","0","50","2","Fruit","Herbivore","Arboreal","Cathemeral"
"Dendrolagus spadix","9100",,,,,,,,"0","0","0","0","0","0","50","0","0","50","2","Fruit","Herbivore","Arboreal","Cathemeral"
"Dendrolagus stellarum","9511.11",,,,,,,,"0","0","0","0","0","0","50","0","0","50","2","Fruit","Herbivore","Arboreal","Cathemeral"
"Dendrolagus ursinus","10725",,,,,,,,"0","0","0","0","0","0","50","0","0","50","2","Fruit","Herbivore","Arboreal","Cathemeral"
"Dendromus insignis","11.05",,,,,,,,"20","10","20","0","10","0","20","0","20","0","6","Invertebrates","Omnivore","Ground","Nocturnal"
"Dendromus kahuziensis","11",,,,,,,,"20","10","20","0","10","0","20","0","20","0","6","Invertebrates","Omnivore","Ground","Nocturnal"
"Dendromus leucostomus","10.79",,,,,,,,"20","10","20","0","10","0","20","0","20","0","6","Invertebrates","Omnivore","Ground","Nocturnal"
"Dendromus lovati","12",,,,,,,,"20","10","20","0","10","0","20","0","20","0","6","Invertebrates","Omnivore","Ground","Nocturnal"
"Dendromus melanotis","9.06",,,,,,,,"20","10","20","0","10","0","20","0","20","0","6","Invertebrates","Omnivore","Ground","Nocturnal"
"Dendromus mesomelas","11.12",,,,,,,,"20","10","20","0","10","0","20","0","20","0","6","Invertebrates","Omnivore","Ground","Nocturnal"
"Dendromus messorius","12.81",,,,,,,,"20","10","20","0","10","0","20","0","20","0","6","Invertebrates","Omnivore","Ground","Nocturnal"
"Dendromus mystacalis","7.72",,,,,,,,"20","10","20","0","10","0","20","0","20","0","6","Invertebrates","Omnivore","Ground","Nocturnal"
"Dendromus nyasae","13.72",,,,,,,,"20","10","20","0","10","0","20","0","20","0","6","Invertebrates","Omnivore","Ground","Nocturnal"
"Dendromus nyikae","15",,,,,,,,"20","10","20","0","10","0","20","0","20","0","6","Invertebrates","Omnivore","Ground","Nocturnal"
"Dendromus oreas","12.76",,,,,,,,"20","10","20","0","10","0","20","0","20","0","6","Invertebrates","Omnivore","Ground","Nocturnal"
"Dendromus vernayi","12.76",,,,,,,,"20","10","20","0","10","0","20","0","20","0","6","Invertebrates","Omnivore","Ground","Nocturnal"
"Dendroprionomys rousseloti","67.18",,,,,,,,"20","0","0","0","0","0","30","0","40","10","4","Seed","Herbivore","Ground","Nocturnal"
"Deomys ferrugineus","62",,,,,,,,"90","0","0","0","0","0","0","0","0","10","2","Invertebrates","Faunivore","Ground","Nocturnal"
"Dephomys defua","43.05",,,,,,,,"10","0","0","0","0","0","90","0","0","0","2","Fruit","Herbivore","Arboreal","Nocturnal"
"Dephomys eburneae","52.5",,,,,,,,"10","0","0","0","0","0","90","0","0","0","2","Fruit","Herbivore","Arboreal","Nocturnal"
"Dermochelys coriacea MVZ149847","361300",,,,,,,,,,,,,,,,,,,,,,
"Desmana moschata","440",,,,,,,,"60","0","20","20","0","0","0","0","0","0","3","Invertebrates","Faunivore","Ground","Nocturnal"
"Desmodilliscus braueri","10",,,,,,,,"0","0","0","0","0","0","0","0","100","0","1","Seed","Herbivore","Ground","Nocturnal"
"Desmodillus auricularis","62.6","87.72","1.22",,,,,,"30","0","0","0","0","0","0","0","70","0","2","Seed","Herbivore","Ground","Nocturnal"
"Desmodus rotundus","30","26.8","0.9116",,,,,,"0","100","0","0","0","0","0","0","0","0","1","Endotherm vertebrates","Faunivore","Ground","Nocturnal"
"Desmodus rufus","33",,,,,,,,,,,,,,,,,,,,,,
"Desmomys harringtoni","90",,,,,,,,"10","0","0","0","0","0","10","0","20","60","4","Other plant","Herbivore","Scansorial","Nocturnal"
"Desmomys yaldeni","90",,,,,,,,"10","0","0","0","0","0","10","0","20","60","4","Other plant","Herbivore","Scansorial","Nocturnal"
"Diaemus youngi","35.86","34","0.929",,,,,,"0","100","0","0","0","0","0","0","0","0","1","Endotherm vertebrates","Faunivore","Ground","Nocturnal"
"Diaemus youngi (DES)","37",,,,,,,,,,,,,,,,,,,,,,
"Dicentrarchus labrax","1430",,,,,,,,,,,,,,,,,,,,,,
"Dicerorhinus sumatrensis","1266667",,,,,,,,"0","0","0","0","0","0","50","0","0","50","2","Fruit","Herbivore","Ground","Nocturnal"
"Diceros bicornis","1007740.225",,,,,,,,"0","0","0","0","0","0","0","0","0","100","1","Other plant","Herbivore","Ground","Nocturnal"
"Diclidurus albus","15.6",,,,,,,,"100","0","0","0","0","0","0","0","0","0","1","Invertebrates","Faunivore","Aerial","Nocturnal"
"Diclidurus ingens","123",,,,,,,,"100","0","0","0","0","0","0","0","0","0","1","Invertebrates","Faunivore","Aerial","Nocturnal"
"Diclidurus isabellus","14",,,,,,,,"100","0","0","0","0","0","0","0","0","0","1","Invertebrates","Faunivore","Aerial","Nocturnal"
"Diclidurus scutatus","13.25",,,,,,,,"100","0","0","0","0","0","0","0","0","0","1","Invertebrates","Faunivore","Aerial","Nocturnal"
"Dicrostonyx groenlandicus","59.0167","101.9417","1.8855",,,,,,"0","0","0","0","0","0","20","0","0","80","2","Other plant","Herbivore","Ground","Nocturnal"
"Dicrostonyx hudsonius","57",,,,,,,,"0","0","0","0","0","0","20","0","0","80","2","Other plant","Herbivore","Ground","Nocturnal"
"Dicrostonyx nelsoni","60.85",,,,,,,,"0","0","0","0","0","0","20","0","0","80","2","Other plant","Herbivore","Ground","Nocturnal"
"Dicrostonyx nunatakensis","60.82",,,,,,,,"0","0","0","0","0","0","20","0","0","80","2","Other plant","Herbivore","Ground","Nocturnal"
"Dicrostonyx richardsoni","53.55",,,,,,,,"0","0","0","0","0","0","20","0","0","80","2","Other plant","Herbivore","Ground","Nocturnal"
"Dicrostonyx torquatus","75.9333","138.6","1.9857",,,,,,"0","0","0","0","0","0","20","0","0","80","2","Other plant","Herbivore","Ground","Nocturnal"
"Dicrostonyx unalascensis","60.84",,,,,,,,"0","0","0","0","0","0","20","0","0","80","2","Other plant","Herbivore","Ground","Nocturnal"
"Dicrostonyx vinogradovi","60.78",,,,,,,,"0","0","0","0","0","0","20","0","0","80","2","Other plant","Herbivore","Ground","Nocturnal"
"Didelphis albiventris","904",,,,,,,,"20","0","0","0","30","30","0","0","0","20","4","Vertebrates (unknown)","Faunivore","Scansorial","Nocturnal"
"Didelphis aurita","1209.995","1141.7","0.909",,,,,,"20","0","0","0","30","30","0","0","0","20","4","Vertebrates (unknown)","Faunivore","Scansorial","Nocturnal"
"Didelphis imperfecta","1260.04",,,,,,,,"50","0","0","0","0","0","50","0","0","0","2","Invertebrates","Omnivore","Scansorial","Nocturnal"
"Didelphis marsupialis","1700","595.65","0.4866",,,,,,"20","0","0","0","30","30","0","0","0","20","4","Vertebrates (unknown)","Faunivore","Scansorial","Nocturnal"
"Didelphis pernigra","1260.04",,,,,,,,"20","0","0","0","30","30","0","0","0","20","4","Vertebrates (unknown)","Faunivore","Scansorial","Nocturnal"
"Didelphis virginiana","3213.5","789.835","0.2631","6.6","12","102","8.62","184","20","0","0","0","30","30","0","0","0","20","4","Vertebrates (unknown)","Faunivore","Scansorial","Nocturnal"
"Dinaromys bogdanovi","56",,,,,,,,"0","0","0","0","0","0","0","0","0","100","1","Other plant","Herbivore","Ground","Nocturnal"
"Dinomys branickii","13000",,,,,,,,"0","0","0","0","0","0","40","0","0","60","2","Other plant","Herbivore","Ground","Nocturnal"
"Diomys crumpi","73.85",,,,,,,,"10","0","0","0","0","0","10","0","20","60","4","Other plant","Herbivore","Ground","Nocturnal"
"Diphylla ecaudata","29.3833","33.9","1.2194",,,,,,"0","100","0","0","0","0","0","0","0","0","1","Endotherm vertebrates","Faunivore","Ground","Nocturnal"
"Diplogale hosei","3124.89",,,,,,,,"60","0","0","0","40","0","0","0","0","0","2","Invertebrates","Faunivore","Ground","Nocturnal"
"Diplomesodon pulchellum","11",,,,,,,,"50","0","50","0","0","0","0","0","0","0","2","Invertebrates","Faunivore","Ground","Cathemeral"
"Diplomys caniceps","394.5",,,,,,,,"0","0","0","0","0","0","50","0","50","0","2","Fruit","Herbivore","Scansorial","Nocturnal"
"Diplomys labilis","227.5",,,,,,,,"0","0","0","0","0","0","50","0","50","0","2","Fruit","Herbivore","Scansorial","Nocturnal"
"Diplomys rufodorsalis","144.8",,,,,,,,"0","0","0","0","0","0","50","0","50","0","2","Fruit","Herbivore","Scansorial","Nocturnal"
"Diplothrix legata","76.52",,,,,,,,"10","0","0","0","0","0","10","0","20","60","4","Other plant","Herbivore","Ground","Nocturnal"
"Dipodillus bottai","35.1",,,,,,,,"20","0","0","0","0","0","0","0","30","50","3","Other plant","Herbivore","Ground","Nocturnal"
"Dipodillus campestris","32.4267","46.8","1.109",,,,,,"20","0","0","0","0","0","0","0","30","50","3","Other plant","Herbivore","Ground","Nocturnal"
"Dipodillus dasyurus","25.2","29.26","1.0601",,,,,,"20","0","0","0","0","0","0","0","30","50","3","Other plant","Herbivore","Ground","Nocturnal"
"Dipodillus harwoodi","23.63",,,,,,,,"20","0","0","0","0","0","0","0","30","50","3","Other plant","Herbivore","Ground","Nocturnal"
"Dipodillus jamesi","23.63",,,,,,,,"20","0","0","0","0","0","0","0","30","50","3","Other plant","Herbivore","Ground","Nocturnal"
"Dipodillus lowei","34.71",,,,,,,,"20","0","0","0","0","0","0","0","30","50","3","Other plant","Herbivore","Ground","Nocturnal"
"Dipodillus mackilligini","34.37",,,,,,,,"20","0","0","0","0","0","0","0","30","50","3","Other plant","Herbivore","Ground","Nocturnal"
"Dipodillus maghrebi","23.63",,,,,,,,"20","0","0","0","0","0","0","0","30","50","3","Other plant","Herbivore","Ground","Nocturnal"
"Dipodillus rupicola","23.63",,,,,,,,"20","0","0","0","0","0","0","0","30","50","3","Other plant","Herbivore","Ground","Nocturnal"
"Dipodillus simoni","17.4",,,,,,,,"20","0","0","0","0","0","0","0","30","50","3","Other plant","Herbivore","Ground","Nocturnal"
"Dipodillus somalicus","36.01",,,,,,,,"20","0","0","0","0","0","0","0","30","50","3","Other plant","Herbivore","Ground","Nocturnal"
"Dipodillus stigmonyx","35.91",,,,,,,,"20","0","0","0","0","0","0","0","30","50","3","Other plant","Herbivore","Ground","Nocturnal"
"Dipodillus zakariai","35.95",,,,,,,,"20","0","0","0","0","0","0","0","30","50","3","Other plant","Herbivore","Ground","Nocturnal"
"Dipodomys agilis","59.95","63.6","1.0495",,,,,,"20","0","0","0","0","0","20","0","30","30","4","Seed","Herbivore","Ground","Nocturnal"
"Dipodomys californicus","84.96",,,,,,,,"20","0","0","0","0","0","20","0","30","30","4","Seed","Herbivore","Ground","Nocturnal"
"Dipodomys compactus","49.25",,,,,,,,"20","0","0","0","0","0","20","0","30","30","4","Seed","Herbivore","Ground","Nocturnal"
"Dipodomys deserti","109.7111","95.9483","0.9439",,,,,,"20","0","0","0","0","0","20","0","30","30","4","Seed","Herbivore","Ground","Nocturnal"
"Dipodomys elator","77.5",,,,,,,,"20","0","0","0","0","0","20","0","30","30","4","Seed","Herbivore","Ground","Nocturnal"
"Dipodomys gravipes","83.97",,,,,,,,"20","0","0","0","0","0","20","0","30","30","4","Seed","Herbivore","Ground","Nocturnal"
"Dipodomys heermanni","66.9833","73.2","1.1564",,,,,,"20","0","0","0","0","0","20","0","30","30","4","Seed","Herbivore","Ground","Nocturnal"
"Dipodomys ingens","133.85",,,,,,,,"20","0","0","0","0","0","20","0","30","30","4","Seed","Herbivore","Ground","Nocturnal"
"Dipodomys merriami","39.2917","46.6058","1.2847",,,,,,"20","0","0","0","0","0","20","0","30","30","4","Seed","Herbivore","Ground","Nocturnal"
"Dipodomys microps","57.2333","60.19","1.1065",,,,,,"20","0","0","0","0","0","20","0","30","30","4","Seed","Herbivore","Ground","Nocturnal"
"Dipodomys nelsoni","88.6",,,,,,,,"20","0","0","0","0","0","20","0","30","30","4","Seed","Herbivore","Ground","Nocturnal"
"Dipodomys nitratoides","40.85","46.2","1.2222",,,,,,"20","0","0","0","0","0","20","0","30","30","4","Seed","Herbivore","Ground","Nocturnal"
"Dipodomys ordii","55.1","60.8","1.274",,,,,,"20","0","0","0","0","0","20","0","30","30","4","Seed","Herbivore","Ground","Nocturnal"
"Dipodomys panamintinus","70.9889","78.3733","1.2091",,,,,,"20","0","0","0","0","0","20","0","30","30","4","Seed","Herbivore","Ground","Nocturnal"
"Dipodomys phillipsii","41",,,,,,,,"20","0","0","0","0","0","20","0","30","30","4","Seed","Herbivore","Ground","Nocturnal"
"Dipodomys simulans","70.36",,,,,,,,"20","0","0","0","0","0","20","0","30","30","4","Seed","Herbivore","Ground","Nocturnal"
"Dipodomys spectabilis","126.81","114","1.14",,,,,,"20","0","0","0","0","0","20","0","30","30","4","Seed","Herbivore","Ground","Nocturnal"
"Dipodomys stephensi","69.75",,,,,,,,"20","0","0","0","0","0","20","0","30","30","4","Seed","Herbivore","Ground","Nocturnal"
"Dipodomys venustus","72",,,,,,,,"20","0","0","0","0","0","20","0","30","30","4","Seed","Herbivore","Ground","Nocturnal"
"Dipus sagitta","82.425","90.3","1.1402",,,,,,"0","0","0","0","0","0","20","20","0","60","3","Other plant","Herbivore","Arboreal","Nocturnal"
"Distoechurus pennatus","47.05",,,,,,,,"40","0","0","0","0","0","40","20","0","0","3","Invertebrates","Omnivore","Arboreal","Nocturnal"
"Dobsonia anderseni","237.495","174","0.722",,,,,,"0","0","0","0","0","0","100","0","0","0","1","Fruit","Herbivore","Arboreal","Nocturnal"
"Dobsonia beauforti","159.01",,,,,,,,"0","0","0","0","0","0","100","0","0","0","1","Fruit","Herbivore","Arboreal","Nocturnal"
"Dobsonia chapmani","216.03",,,,,,,,"0","0","0","0","0","0","100","0","0","0","1","Fruit","Herbivore","Arboreal","Nocturnal"
"Dobsonia crenulata","218.21",,,,,,,,"0","0","0","0","0","0","100","0","0","0","1","Fruit","Herbivore","Arboreal","Nocturnal"
"Dobsonia emersa","195.5",,,,,,,,"0","0","0","0","0","0","100","0","0","0","1","Fruit","Herbivore","Arboreal","Nocturnal"
"Dobsonia exoleta","249",,,,,,,,"0","0","0","0","0","0","100","0","0","0","1","Fruit","Herbivore","Arboreal","Nocturnal"
"Dobsonia inermis","149.5",,,,,,,,"0","0","0","0","0","0","100","0","0","0","1","Fruit","Herbivore","Arboreal","Nocturnal"
"Dobsonia magna","465",,,,,,,,"0","0","0","0","0","0","100","0","0","0","1","Fruit","Herbivore","Arboreal","Nocturnal"
"Dobsonia minor","79.29","92","1.1346",,,,,,"0","0","0","0","0","0","100","0","0","0","1","Fruit","Herbivore","Arboreal","Nocturnal"
"Dobsonia moluccensis","370.2467","367.9","0.91",,,,,,"0","0","0","0","0","0","100","0","0","0","1","Fruit","Herbivore","Arboreal","Nocturnal"
"Dobsonia pannietensis","267.7",,,,,,,,"0","0","0","0","0","0","100","0","0","0","1","Fruit","Herbivore","Arboreal","Nocturnal"
"Dobsonia peronii","226.51",,,,,,,,"0","0","0","0","0","0","100","0","0","0","1","Fruit","Herbivore","Arboreal","Nocturnal"
"Dobsonia praedatrix","186.2333","142.5","0.7939",,,,,,"0","0","0","0","0","0","100","0","0","0","1","Fruit","Herbivore","Arboreal","Nocturnal"
"Dobsonia viridis","238",,,,,,,,"0","0","0","0","0","0","100","0","0","0","1","Fruit","Herbivore","Arboreal","Nocturnal"
"Dog (Canis familiaris)","9725",,,,,,,,,,,,,,,,,,,,,,
"Dolichotis patagonum","8000",,,,,,,,"0","0","0","0","0","0","0","0","0","100","1","Other plant","Herbivore","Ground","Diurnal"
"Dolichotis salinicola","1604.3333","725.9","0.45",,,,,,"0","0","0","0","0","0","0","0","0","100","1","Other plant","Herbivore","Ground","Diurnal"
"Dologale dybowskii","350",,,,,,,,"60","0","0","0","40","0","0","0","0","0","2","Invertebrates","Faunivore","Ground","Diurnal"
"Dorcatragus megalotis","10249.91",,,,,,,,"0","0","0","0","0","0","0","0","0","100","1","Other plant","Herbivore","Ground","Diurnal"
"Dorcopsis atrata","3983.25",,,,,,,,"0","0","0","0","0","0","20","0","0","80","2","Other plant","Herbivore","Ground","Nocturnal"
"Dorcopsis hageni","5500",,,,,,,,"0","0","0","0","0","0","20","0","0","80","2","Other plant","Herbivore","Ground","Nocturnal"
"Dorcopsis luctuosa","6351",,,,,,,,"0","0","0","0","0","0","20","0","0","80","2","Other plant","Herbivore","Ground","Nocturnal"
"Dorcopsis muelleri","4325",,,,,,,,"0","0","0","0","0","0","20","0","0","80","2","Other plant","Herbivore","Ground","Nocturnal"
"Dorcopsulus macleayi","2988",,,,,,,,"0","0","0","0","0","0","50","0","0","50","2","Fruit","Herbivore","Ground","Nocturnal"
"Dorcopsulus vanheurni","1741.125",,,,,,,,"0","0","0","0","0","0","50","0","0","50","2","Fruit","Herbivore","Ground","Cathemeral"
"Dremomys everetti","147.5",,,,,,,,"20","0","0","0","0","0","30","0","30","20","4","Fruit","Herbivore","Scansorial","Diurnal"
"Dremomys gularis","190.97",,,,,,,,"20","0","0","0","0","0","30","0","30","20","4","Fruit","Herbivore","Scansorial","Diurnal"
"Dremomys lokriah","227",,,,,,,,"20","0","0","0","0","0","30","0","30","20","4","Fruit","Herbivore","Scansorial","Diurnal"
"Dremomys pernyi","198.63",,,,,,,,"20","0","0","0","0","0","30","0","30","20","4","Fruit","Herbivore","Scansorial","Diurnal"
"Dremomys pyrrhomerus","167.73",,,,,,,,"20","0","0","0","0","0","30","0","30","20","4","Fruit","Herbivore","Scansorial","Diurnal"
"Dremomys rufigenis","220",,,,,,,,"20","0","0","0","0","0","30","0","30","20","4","Fruit","Herbivore","Scansorial","Diurnal"
"Drepanoptila holosericea","200",,,,,,,,,,,,,,,,,,,,,,
"Dromaius novaehollandiae","32600",,,,,,,,,,,,,,,,,,,,,,
"Dromiciops gliroides","40.2","30.92","1.0207",,,,,,"100","0","0","0","0","0","0","0","0","0","1","Invertebrates","Faunivore","Scansorial","Nocturnal"
"Drosophila hydei","0.002",,,,,,,,,,,,,,,,,,,,,,
"Drosophila melanogaster","5e-04",,,,,,,,,,,,,,,,,,,,,,
"Dryomys laniger","20",,,,,,,,"10","10","0","0","10","0","20","0","30","20","6","Seed","Herbivore","Arboreal","Nocturnal"
"Dryomys niethammeri","25.92",,,,,,,,"10","10","0","0","10","0","20","0","30","20","6","Seed","Herbivore","Arboreal","Nocturnal"
"Dryomys nitedula","29.35","88.1","3.51",,,,,,"10","10","0","0","10","0","20","0","30","20","6","Seed","Herbivore","Arboreal","Nocturnal"
"Dugong dugon","295500",,,,,,,,"0","0","0","0","0","0","0","0","0","100","1","Other plant","Herbivore","Marine","Cathemeral"
"Dusicyon australis","50003.45",,,,,,,,"0","100","0","0","0","0","0","0","0","0","1","Endotherm vertebrates","Faunivore","Ground","Nocturnal"
"Dyacopterus brooksi","78",,,,,,,,"0","0","0","0","0","0","80","20","0","0","2","Fruit","Herbivore","Arboreal","Nocturnal"
"Dyacopterus spadiceus","78",,,,,,,,"0","0","0","0","0","0","80","20","0","0","2","Fruit","Herbivore","Arboreal","Nocturnal"
"Dymecodon pilirostris","15.46",,,,,,,,"100","0","0","0","0","0","0","0","0","0","1","Invertebrates","Faunivore","Ground","Cathemeral"
"Echimys chrysurus","652.25",,,,,,,,"0","0","0","0","0","0","80","0","0","20","2","Fruit","Herbivore","Arboreal","Nocturnal"
"Echimys saturnus","626.9",,,,,,,,"0","0","0","0","0","0","80","0","0","20","2","Fruit","Herbivore","Arboreal","Nocturnal"
"Echimys semivillosus","200",,,,,,,,"0","0","0","0","0","0","80","0","0","20","2","Fruit","Herbivore","Arboreal","Nocturnal"
"Echinoprocta rufescens","831.8",,,,,,,,"0","0","0","0","0","0","30","0","0","70","2","Other plant","Herbivore","Arboreal","Nocturnal"
"Echinops telfairi","86.8875","68.15","0.5079",,,,,,"60","0","0","0","0","0","40","0","0","0","2","Invertebrates","Omnivore","Ground","Nocturnal"
"Echinosorex gymnura","878.3333","505","0.7004",,,,,,"50","0","30","20","0","0","0","0","0","0","3","Invertebrates","Faunivore","Ground","Nocturnal"
"Echiothrix centrosa","71.33",,,,,,,,"90","0","0","0","0","0","0","0","0","10","2","Invertebrates","Faunivore","Ground","Nocturnal"
"Echiothrix leucura","63.68",,,,,,,,"90","0","0","0","0","0","0","0","0","10","2","Invertebrates","Faunivore","Ground","Nocturnal"
"Echymipera clara","1236.5",,,,,,,,"60","0","0","0","0","0","40","0","0","0","2","Invertebrates","Omnivore","Ground","Nocturnal"
"Echymipera davidi","950",,,,,,,,"60","0","0","0","0","0","40","0","0","0","2","Invertebrates","Omnivore","Ground","Nocturnal"
"Echymipera echinista","1000",,,,,,,,"60","0","0","0","0","0","40","0","0","0","2","Invertebrates","Omnivore","Ground","Nocturnal"
"Echymipera kalubu","809.0567","344","0.495",,,,,,"60","0","0","0","0","0","40","0","0","0","2","Invertebrates","Omnivore","Ground","Nocturnal"
"Echymipera rufescens","1248.6667","422.35","0.4585",,,,,,"60","0","0","0","0","0","40","0","0","0","2","Invertebrates","Omnivore","Ground","Nocturnal"
"Ectophylla alba","5.76",,,,,,,,"0","0","0","0","0","0","100","0","0","0","1","Fruit","Herbivore","Arboreal","Nocturnal"
"Eidolon dupreanum","283.75",,,,,,,,"0","0","0","0","0","0","100","0","0","0","1","Fruit","Herbivore","Arboreal","Cathemeral"
"Eidolon helvum","260.03",,,,,,,,"0","0","0","0","0","0","100","0","0","0","1","Fruit","Herbivore","Arboreal","Cathemeral"
"Eira barbara","3176.01","1221.3","0.414",,,,,,"0","90","0","0","0","0","10","0","0","0","2","Endotherm vertebrates","Faunivore","Ground","Cathemeral"
"Elaphodus cephalophus","33500",,,,,,,,"0","0","0","0","0","0","0","0","0","100","1","Other plant","Herbivore","Ground","Cathemeral"
"Elaphurus davidianus","149000",,,,,,,,"0","0","0","0","0","0","0","0","0","100","1","Other plant","Herbivore","Ground","Diurnal"
"Elephantulus brachyrhynchus","46.4","43.72","0.9651",,,,,,"100","0","0","0","0","0","0","0","0","0","1","Invertebrates","Faunivore","Ground","Diurnal"
"Elephantulus edwardii","45","54.28","1.09",,,,,,"100","0","0","0","0","0","0","0","0","0","1","Invertebrates","Faunivore","Ground","Diurnal"
"Elephantulus fuscipes","57",,,,,,"0.96",,"100","0","0","0","0","0","0","0","0","0","1","Invertebrates","Faunivore","Ground","Diurnal"
"Elephantulus fuscus","52.56",,,,,,,,"100","0","0","0","0","0","0","0","0","0","1","Invertebrates","Faunivore","Ground","Diurnal"
"Elephantulus intufi","48.515","52.03","1.1189",,,,,,"100","0","0","0","0","0","0","0","0","0","1","Invertebrates","Faunivore","Ground","Diurnal"
"Elephantulus myurus","57","108.65","1.7659",,"46",,,,"100","0","0","0","0","0","0","0","0","0","1","Invertebrates","Faunivore","Ground","Diurnal"
"Elephantulus revoili","32.5",,,,,,,,"100","0","0","0","0","0","0","0","0","0","1","Invertebrates","Faunivore","Ground","Diurnal"
"Elephantulus rozeti","45","47.8","1.0552",,,,,,"100","0","0","0","0","0","0","0","0","0","1","Invertebrates","Faunivore","Ground","Diurnal"
"Elephantulus rufescens","53.025","67.375","0.9995",,,,,,"100","0","0","0","0","0","0","0","0","0","1","Invertebrates","Faunivore","Ground","Diurnal"
"Elephantulus rupestris","60","53.17","0.8906",,,,,,"100","0","0","0","0","0","0","0","0","0","1","Invertebrates","Faunivore","Ground","Diurnal"
"Elephas maximus","6e+06","425347","0.1158",,,,,,"0","0","0","0","0","0","0","0","0","100","1","Other plant","Herbivore","Ground","Cathemeral"
"Eligmodontia moreni","18",,,,,,,,"10","0","0","0","0","0","0","0","70","20","3","Seed","Herbivore","Ground","Nocturnal"
"Eligmodontia morgani","16.5",,,,,,,,"10","0","0","0","0","0","0","0","70","20","3","Seed","Herbivore","Ground","Nocturnal"
"Eligmodontia puerulus","24.75","33.6","1.6",,,,,,"10","0","0","0","0","0","0","0","70","20","3","Seed","Herbivore","Ground","Nocturnal"
"Eligmodontia typus","17.4","29.9","1.7086",,,,,,"10","0","0","0","0","0","0","0","70","20","3","Seed","Herbivore","Ground","Nocturnal"
"Eliomys melanurus","98.7",,,,,,,,"30","30","0","0","0","0","20","0","20","0","4","Invertebrates","Omnivore","Scansorial","Nocturnal"
"Eliomys munbyanus","106.54",,,,,,,,"30","30","0","0","0","0","20","0","20","0","4","Invertebrates","Omnivore","Scansorial","Nocturnal"
"Eliomys quercinus","70","77","1.7381",,,,,,"30","30","0","0","0","0","20","0","20","0","4","Invertebrates","Omnivore","Scansorial","Nocturnal"
"Eliurus antsingy","77.7",,,,,,,,"0","0","0","0","0","0","40","0","60","0","2","Seed","Herbivore","Ground","Nocturnal"
"Eliurus ellermani","100",,,,,,,,"0","0","0","0","0","0","40","0","60","0","2","Seed","Herbivore","Scansorial","Nocturnal"
"Eliurus grandidieri","77.7",,,,,,,,"0","0","0","0","0","0","40","0","60","0","2","Seed","Herbivore","Scansorial","Nocturnal"
"Eliurus majori","100",,,,,,,,"0","0","0","0","0","0","40","0","60","0","2","Seed","Herbivore","Scansorial","Nocturnal"
"Eliurus minor","37.5",,,,,,,,"0","0","0","0","0","0","40","0","60","0","2","Seed","Herbivore","Scansorial","Nocturnal"
"Eliurus myoxinus","70",,,,,,,,"0","0","0","0","0","0","40","0","60","0","2","Seed","Herbivore","Scansorial","Nocturnal"
"Eliurus penicillatus","100",,,,,,,,"0","0","0","0","0","0","40","0","60","0","2","Seed","Herbivore","Scansorial","Nocturnal"
"Eliurus petteri","75",,,,,,,,"0","0","0","0","0","0","40","0","60","0","2","Seed","Herbivore","Ground","Nocturnal"
"Eliurus tanala","90",,,,,,,,"0","0","0","0","0","0","40","0","60","0","2","Seed","Herbivore","Scansorial","Nocturnal"
"Eliurus webbi","75",,,,,,,,"0","0","0","0","0","0","40","0","60","0","2","Seed","Herbivore","Scansorial","Nocturnal"
"Ellobius alaicus","67.61",,,,,,,,"0","0","0","0","0","0","0","0","0","100","1","Other plant","Herbivore","Ground","Nocturnal"
"Ellobius fuscocapillus","80",,,,,,,,"0","0","0","0","0","0","0","0","0","100","1","Other plant","Herbivore","Ground","Nocturnal"
"Ellobius lutescens","118.655",,,,,,,,"0","0","0","0","0","0","0","0","0","100","1","Other plant","Herbivore","Ground","Nocturnal"
"Ellobius talpinus","40",,,,,,,,"0","0","0","0","0","0","0","0","0","100","1","Other plant","Herbivore","Ground","Nocturnal"
"Ellobius tancrei","67.92",,,,,,,,"0","0","0","0","0","0","0","0","0","100","1","Other plant","Herbivore","Ground","Nocturnal"
"Emballonura alecto","5.25",,,,,,,,"90","0","0","0","0","0","10","0","0","0","2","Invertebrates","Faunivore","Aerial","Diurnal"
"Emballonura atrata","4.55",,,,,,,,"90","0","0","0","0","0","10","0","0","0","2","Invertebrates","Faunivore","Aerial","Diurnal"
"Emballonura beccarii","4.2",,,,,,,,"90","0","0","0","0","0","10","0","0","0","2","Invertebrates","Faunivore","Aerial","Diurnal"
"Emballonura dianae","7.97",,,,,,,,"90","0","0","0","0","0","10","0","0","0","2","Invertebrates","Faunivore","Aerial","Diurnal"
"Emballonura furax","11.15",,,,,,,,"90","0","0","0","0","0","10","0","0","0","2","Invertebrates","Faunivore","Aerial","Diurnal"
"Emballonura monticola","5.54",,,,,,,,"90","0","0","0","0","0","10","0","0","0","2","Invertebrates","Faunivore","Aerial","Diurnal"
"Emballonura raffrayana","5.75",,,,,,,,"90","0","0","0","0","0","10","0","0","0","2","Invertebrates","Faunivore","Aerial","Diurnal"
"Emballonura semicaudata","6.65",,,,,,,,"90","0","0","0","0","0","10","0","0","0","2","Invertebrates","Faunivore","Aerial","Diurnal"
"Emballonura serii","5.75",,,,,,,,"80","0","0","0","0","0","20","0","0","0","2","Invertebrates","Faunivore","Aerial","Diurnal"
"Enchisthenes hartii","16.99",,,,,,,,"10","0","0","0","0","0","80","10","0","0","3","Fruit","Herbivore","Arboreal","Nocturnal"
"Enhydra lutris","25998.8527","20115","0.7193",,,,,,"50","0","0","50","0","0","0","0","0","0","2","Invertebrates","Faunivore","Marine","Diurnal"
"Eoglaucomys fimbriatus","510",,,,,,,,"20","0","20","0","0","0","0","0","20","40","4","Other plant","Omnivore","Arboreal","Nocturnal"
"Eolagurus luteus","26",,,,,,,,"0","0","0","0","0","0","0","0","30","70","2","Other plant","Herbivore","Ground","Diurnal"
"Eolagurus przewalskii","28.03",,,,,,,,"0","0","0","0","0","0","0","0","30","70","2","Other plant","Herbivore","Ground","Diurnal"
"Eonycteris major","72.75",,,,,,,,"0","0","0","0","0","0","0","100","0","0","1","Nectar","Herbivore","Arboreal","Nocturnal"
"Eonycteris robusta","78.36",,,,,,,,"0","0","0","0","0","0","0","100","0","0","1","Nectar","Herbivore","Arboreal","Nocturnal"
"Eonycteris spelaea","50","48","0.9302",,,,,,"0","0","0","0","0","0","0","100","0","0","1","Nectar","Herbivore","Arboreal","Nocturnal"
"Eospalax fontanierii","256.76",,,,,,,,"0","0","0","0","0","0","0","0","50","50","2","Seed","Herbivore","Ground","Nocturnal"
"Eospalax rothschildi","256.76",,,,,,,,"0","0","0","0","0","0","0","0","50","50","2","Seed","Herbivore","Ground","Nocturnal"
"Eospalax smithii","256.76",,,,,,,,"0","0","0","0","0","0","0","0","50","50","2","Seed","Herbivore","Ground","Nocturnal"
"Eothenomys cachinus","34.83",,,,,,,,"0","0","0","0","0","0","0","0","20","80","2","Other plant","Herbivore","Ground","Cathemeral"
"Eothenomys chinensis","45.3",,,,,,,,"0","0","0","0","0","0","0","0","20","80","2","Other plant","Herbivore","Ground","Cathemeral"
"Eothenomys custos","30.8",,,,,,,,"0","0","0","0","0","0","0","0","20","80","2","Other plant","Herbivore","Ground","Cathemeral"
"Eothenomys melanogaster","26.6","34.86","1.3728",,,,,,"0","0","0","0","0","0","0","0","20","80","2","Other plant","Herbivore","Ground","Cathemeral"
"Eothenomys miletus","45.5321","85.1614","2.093",,,,,,"0","0","0","0","0","0","0","0","20","80","2","Other plant","Herbivore","Ground","Cathemeral"
"Eothenomys olitor","28.13","89.1","2.6007",,,,,,"0","0","0","0","0","0","0","0","20","80","2","Other plant","Herbivore","Ground","Cathemeral"
"Eothenomys proditor","42.5",,,,,,,,"0","0","0","0","0","0","0","0","20","80","2","Other plant","Herbivore","Ground","Cathemeral"
"Eothenomys wardi","34.83",,,,,,,,"0","0","0","0","0","0","0","0","20","80","2","Other plant","Herbivore","Ground","Cathemeral"
"Eozapus setchuanus","32.58",,,,,,,,"20","0","0","0","0","0","10","0","40","30","4","Seed","Herbivore","Ground","Nocturnal"
"Episoriculus caudatus","6.95",,,,,,,,"70","0","0","0","0","30","0","0","0","0","2","Invertebrates","Faunivore","Ground","Nocturnal"
"Episoriculus fumidus","6.95",,,,,,,,"70","0","0","0","0","30","0","0","0","0","2","Invertebrates","Faunivore","Ground","Nocturnal"
"Episoriculus leucops","6.95",,,,,,,,"70","0","0","0","0","30","0","0","0","0","2","Invertebrates","Faunivore","Ground","Nocturnal"
"Episoriculus macrurus","6.95",,,,,,,,"70","0","0","0","0","30","0","0","0","0","2","Invertebrates","Faunivore","Ground","Nocturnal"
"Epixerus ebii","526","241.7","0.5254",,,,,,"20","0","0","0","0","0","80","0","0","0","2","Fruit","Herbivore","Ground","Diurnal"
"Epomophorus angolensis","68.15",,,,,,,,"0","0","0","0","0","0","100","0","0","0","1","Fruit","Herbivore","Arboreal","Nocturnal"
"Epomophorus crypturus","95.04",,,,,,,,"0","0","0","0","0","0","100","0","0","0","1","Fruit","Herbivore","Arboreal","Nocturnal"
"Epomophorus gambianus","218.935",,,,,,,,"0","0","0","0","0","0","100","0","0","0","1","Fruit","Herbivore","Arboreal","Nocturnal"
"Epomophorus grandis","48.58",,,,,,,,"0","0","0","0","0","0","100","0","0","0","1","Fruit","Herbivore","Arboreal","Nocturnal"
"Epomophorus labiatus","63.525",,,,,,,,"0","0","0","0","0","0","100","0","0","0","1","Fruit","Herbivore","Arboreal","Nocturnal"
"Epomophorus minimus","68.15",,,,,,,,"0","0","0","0","0","0","100","0","0","0","1","Fruit","Herbivore","Arboreal","Nocturnal"
"Epomophorus minor","44.76",,,,,,,,"0","0","0","0","0","0","100","0","0","0","1","Fruit","Herbivore","Arboreal","Nocturnal"
"Epomophorus wahlbergi","89.4189","112.0967","1.1755",,,,,,"0","0","0","0","0","0","100","0","0","0","1","Fruit","Herbivore","Arboreal","Nocturnal"
"Epomops buettikoferi","133.84",,,,,,,,"0","0","0","0","0","0","100","0","0","0","1","Fruit","Herbivore","Arboreal","Nocturnal"
"Epomops dobsonii","122.08",,,,,,,,"0","0","0","0","0","0","100","0","0","0","1","Fruit","Herbivore","Arboreal","Nocturnal"
"Epomops franqueti","118.59",,,,,,,,"0","0","0","0","0","0","100","0","0","0","1","Fruit","Herbivore","Arboreal","Nocturnal"
"Eptesicus andinus","10.96",,,,,,,,"100","0","0","0","0","0","0","0","0","0","1","Invertebrates","Faunivore","Aerial","Nocturnal"
"Eptesicus bobrinskoi","7.55",,,,,,,,"100","0","0","0","0","0","0","0","0","0","1","Invertebrates","Faunivore","Aerial","Nocturnal"
"Eptesicus bottae","14.23",,,,,,,,"100","0","0","0","0","0","0","0","0","0","1","Invertebrates","Faunivore","Aerial","Nocturnal"
"Eptesicus brasiliensis","9.25",,,,,,,,"100","0","0","0","0","0","0","0","0","0","1","Invertebrates","Faunivore","Aerial","Nocturnal"
"Eptesicus chiriquinus","11.25",,,,,,,,"100","0","0","0","0","0","0","0","0","0","1","Invertebrates","Faunivore","Aerial","Nocturnal"
"Eptesicus diminutus","6",,,,,,,,"100","0","0","0","0","0","0","0","0","0","1","Invertebrates","Faunivore","Aerial","Nocturnal"
"Eptesicus dimissus","14.015",,,,,,,,"100","0","0","0","0","0","0","0","0","0","1","Invertebrates","Faunivore","Aerial","Nocturnal"
"Eptesicus floweri","10.17",,,,,,,,"100","0","0","0","0","0","0","0","0","0","1","Invertebrates","Faunivore","Aerial","Nocturnal"
"Eptesicus furinalis","7.67",,,,,,,,"100","0","0","0","0","0","0","0","0","0","1","Invertebrates","Faunivore","Aerial","Nocturnal"
"Eptesicus fuscus","14.7","16.5325","1.0916",,,,,,"100","0","0","0","0","0","0","0","0","0","1","Invertebrates","Faunivore","Aerial","Nocturnal"
"Eptesicus gobiensis","10.96",,,,,,,,"100","0","0","0","0","0","0","0","0","0","1","Invertebrates","Faunivore","Aerial","Nocturnal"
"Eptesicus guadeloupensis","11.42",,,,,,,,"100","0","0","0","0","0","0","0","0","0","1","Invertebrates","Faunivore","Aerial","Nocturnal"
"Eptesicus hottentotus","30",,,,,,,,"100","0","0","0","0","0","0","0","0","0","1","Invertebrates","Faunivore","Aerial","Nocturnal"
"Eptesicus innoxius","8.86",,,,,,,,"100","0","0","0","0","0","0","0","0","0","1","Invertebrates","Faunivore","Aerial","Nocturnal"
"Eptesicus japonensis","10.96",,,,,,,,"100","0","0","0","0","0","0","0","0","0","1","Invertebrates","Faunivore","Aerial","Nocturnal"
"Eptesicus kobayashii","10.96",,,,,,,,"100","0","0","0","0","0","0","0","0","0","1","Invertebrates","Faunivore","Aerial","Nocturnal"
"Eptesicus matroka","6.57",,,,,,,,"100","0","0","0","0","0","0","0","0","0","1","Invertebrates","Faunivore","Aerial","Nocturnal"
"Eptesicus nasutus","7.91",,,,,,,,"100","0","0","0","0","0","0","0","0","0","1","Invertebrates","Faunivore","Aerial","Nocturnal"
"Eptesicus nilssonii","10.72",,,,,,,,"100","0","0","0","0","0","0","0","0","0","1","Invertebrates","Faunivore","Aerial","Nocturnal"
"Eptesicus pachyotis","7.44",,,,,,,,"100","0","0","0","0","0","0","0","0","0","1","Invertebrates","Faunivore","Aerial","Nocturnal"
"Eptesicus platyops","11.42",,,,,,,,"100","0","0","0","0","0","0","0","0","0","1","Invertebrates","Faunivore","Aerial","Nocturnal"
"Eptesicus serotinus","24.0033","43.1","1.5963",,,,,,"100","0","0","0","0","0","0","0","0","0","1","Invertebrates","Faunivore","Aerial","Nocturnal"
"Eptesicus tatei","11.42",,,,,,,,"100","0","0","0","0","0","0","0","0","0","1","Invertebrates","Faunivore","Aerial","Nocturnal"
"Equus","250000",,,,,,,,,,,,,,,,,,,,,,
"Equus asinus","198499.435","34940","0.2458",,,,,,"0","0","0","0","0","0","0","0","0","100","1","Other plant","Herbivore","Ground","Cathemeral"
"Equus burchelli","288604.4125",,,"38","365","395","1","900","0","0","0","0","0","0","0","0","0","100","1","Other plant","Herbivore","Ground","Cathemeral"
"Equus caballlus","453285.7143",,,,,,,,,,,,,,,,,,,,,,
"Equus caballus","260500","103255","0.1469","57","333.5","274","1","914","0","0","0","0","0","0","0","0","0","100","1","Other plant","Herbivore","Ground","Cathemeral"
"Equus ferus caballus","467076.9231",,,,,,,,,,,,,,,,,,,,,,
"Equus grevyi","407999.85",,,,,,,,"0","0","0","0","0","0","0","0","0","100","1","Other plant","Herbivore","Ground","Cathemeral"
"Equus hemionus","240000",,,,,,,,"0","0","0","0","0","0","0","0","0","100","1","Other plant","Herbivore","Ground","Cathemeral"
"Equus kiang","275000",,,,,,,,"0","0","0","0","0","0","0","0","0","100","1","Other plant","Herbivore","Ground","Cathemeral"
"Equus zebra","281441.875",,,,,,,,"0","0","0","0","0","0","0","0","0","100","1","Other plant","Herbivore","Ground","Cathemeral"
"Erebus macrops","0.2",,,,,,,,,,,,,,,,,,,,,,
"Eremitalpa granti","24.73","12.22","0.5235",,,,,,"90","10","0","0","0","0","0","0","0","0","2","Invertebrates","Faunivore","Ground","Nocturnal"
"Eremodipus lichtensteini","51",,,,,,,,"20","0","0","0","0","0","10","0","40","30","4","Seed","Herbivore","Ground","Nocturnal"
"Erethizon dorsata","6492.8333","2745.4667","0.3947",,,,,,,,,,,,,,,,,,,,
"Erethizon dorsatum","7252.395",,,,,,,,"0","0","0","0","0","0","10","0","20","70","3","Other plant","Herbivore","Scansorial","Nocturnal"
"Erignathus barbatus","280500",,,,,,,,"60","0","0","40","0","0","0","0","0","0","2","Invertebrates","Faunivore","Marine","Diurnal"
"Erinaceus","750",,,,,,,,,,,,,,,,,,,,,,
"Erinaceus amurensis","571.88",,,,,,,,"80","10","10","0","0","0","0","0","0","0","3","Invertebrates","Faunivore","Ground","Nocturnal"
"Erinaceus concolor","771","347","0.4216",,,,,,"80","10","10","0","0","0","0","0","0","0","3","Invertebrates","Faunivore","Ground","Nocturnal"
"Erinaceus europaeus","687.29","417.4083","0.5253","11.7","35","42","4.64","253","80","10","10","0","0","0","0","0","0","0","3","Invertebrates","Faunivore","Ground","Nocturnal"
"Erinaceus roumanicus","744.55",,,,,,,,"70","20","10","0","0","0","0","0","0","0","3","Invertebrates","Faunivore","Ground","Nocturnal"
"Eristalis aeneus","0.1",,,,,,,,,,,,,,,,,,,,,,
"Eropeplus canus","73.96",,,,,,,,"10","0","0","0","0","0","10","0","20","60","4","Other plant","Herbivore","Scansorial","Nocturnal"
"Erophylla bombifrons","16.345","18.1","1.103",,,,,,"40","0","0","0","0","0","30","30","0","0","3","Invertebrates","Omnivore","Arboreal","Nocturnal"
"Erophylla sezekorni","15.8",,,,,,,,"30","0","0","0","0","0","40","30","0","0","3","Fruit","Herbivore","Arboreal","Nocturnal"
"Erythrocebus patas","7800","856.35","0.2854","21.6","167","234","1","1246.07","0","0","0","0","0","0","40","0","20","40","3","Fruit","Herbivore","Ground","Diurnal"
"Eschrichtius robustus","29500000.0067",,,,,,,,"90","0","0","10","0","0","0","0","0","0","2","Invertebrates","Faunivore","Marine","Diurnal"
"Eubalaena australis","2.3e+07",,,,,,,,"100","0","0","0","0","0","0","0","0","0","1","Invertebrates","Faunivore","Marine","Cathemeral"
"Eubalaena glacialis","2.3e+07",,,,,,,,"100","0","0","0","0","0","0","0","0","0","1","Invertebrates","Faunivore","Marine","Cathemeral"
"Eubalaena japonica","2.3e+07",,,,,,,,"100","0","0","0","0","0","0","0","0","0","1","Invertebrates","Faunivore","Marine","Cathemeral"
"Euchoreutes naso","24.14",,,,,,,,"20","0","0","0","0","0","10","0","40","30","4","Seed","Herbivore","Ground","Nocturnal"
"Euderma maculatum","15.66",,,,,,,,"100","0","0","0","0","0","0","0","0","0","1","Invertebrates","Faunivore","Aerial","Nocturnal"
"Eudiscopus denticulus","9.56",,,,,,,,"100","0","0","0","0","0","0","0","0","0","1","Invertebrates","Faunivore","Aerial","Nocturnal"
"Eudocima materna","0.2",,,,,,,,,,,,,,,,,,,,,,
"Eudorcas rufifrons","26999.77",,,,,,,,"0","0","0","0","0","0","0","0","20","80","2","Other plant","Herbivore","Ground","Diurnal"
"Eudorcas rufina","40000",,,,,,,,"0","0","0","0","0","0","0","0","20","80","2","Other plant","Herbivore","Ground","Diurnal"
"Eudorcas thomsonii","24092.4767",,,,,,,,"0","0","0","0","0","0","0","0","0","100","1","Other plant","Herbivore","Ground","Diurnal"
"Eugenes fulgens","8",,,,,,,,,,,,,,,,,,,,,,
"Eugonatonotus crassus","2.84",,,,,,,,,,,,,,,,,,,,,,
"Eulampis jugularis","8",,,,,,,,,,,,,,,,,,,,,,
"Eulemur albifrons","2266.8",,,,,,,,"20","0","0","0","0","0","40","0","0","40","3","Fruit","Herbivore","Arboreal","Diurnal"
"Eulemur albocollaris","2225.79",,,,,,,,"0","0","0","0","0","0","80","0","0","20","2","Fruit","Herbivore","Arboreal","Diurnal"
"Eulemur cinereiceps","2114.06",,,,,,,,"0","0","0","0","0","0","80","10","0","10","3","Fruit","Herbivore","Arboreal","Diurnal"
"Eulemur collaris","2220.6667",,,,,,,,"0","0","0","0","0","0","100","0","0","0","1","Fruit","Herbivore","Arboreal","Diurnal"
"Eulemur coronatus","1422",,,,,,,,"0","0","0","0","0","0","30","0","0","70","2","Other plant","Herbivore","Arboreal","Diurnal"
"Eulemur fulvus","1400","334.5","0.1503","36","121.5","171","1","548","0","0","0","0","0","0","30","0","0","70","2","Other plant","Herbivore","Arboreal","Diurnal"
"Eulemur fulvus group","2235",,,,,,,,,,,,,,,,,,,,,,
"Eulemur fulvus ssp.",,"364.2786","0.1648",,,,,,,,,,,,,,,,,,,,
"Eulemur macaco","1908",,,,,,,,"0","0","0","0","0","0","30","0","0","70","2","Other plant","Herbivore","Arboreal","Diurnal"
"Eulemur mongoz","1585","1041.5","0.7014","30","127.6667","151","1.05","550","0","0","0","0","0","0","20","50","0","30","3","Nectar","Herbivore","Arboreal","Cathemeral"
"Eulemur rubriventer","1709.1667",,,,,,,,"0","0","0","0","0","0","30","0","0","70","2","Other plant","Herbivore","Arboreal","Diurnal"
"Eulemur rufus","2142.824","435","0.16",,,,,,"0","0","0","0","0","0","30","0","0","70","2","Other plant","Herbivore","Arboreal","Diurnal"
"Eulemur sanfordi","2394.03",,,,,,,,"0","0","0","0","0","0","80","0","0","20","2","Fruit","Herbivore","Arboreal","Diurnal"
"Eumetopias jubatus","367784.75","71284","0.4912",,,,,,"0","0","0","100","0","0","0","0","0","0","1","Fish","Faunivore","Marine","Nocturnal"
"Eumops auripendulus","31.125",,,,,,,,"100","0","0","0","0","0","0","0","0","0","1","Invertebrates","Faunivore","Aerial","Nocturnal"
"Eumops bonariensis","11.9",,,,,,,,"100","0","0","0","0","0","0","0","0","0","1","Invertebrates","Faunivore","Aerial","Nocturnal"
"Eumops dabbenei","104.35",,,,,,,,"100","0","0","0","0","0","0","0","0","0","1","Invertebrates","Faunivore","Aerial","Nocturnal"
"Eumops glaucinus","36.115",,,,,,,,"100","0","0","0","0","0","0","0","0","0","1","Invertebrates","Faunivore","Aerial","Nocturnal"
"Eumops hansae","15.05",,,,,,,,"100","0","0","0","0","0","0","0","0","0","1","Invertebrates","Faunivore","Aerial","Nocturnal"
"Eumops maurus","29.38",,,,,,,,"100","0","0","0","0","0","0","0","0","0","1","Invertebrates","Faunivore","Aerial","Nocturnal"
"Eumops patagonicus","34.01",,,,,,,,"100","0","0","0","0","0","0","0","0","0","1","Invertebrates","Faunivore","Aerial","Nocturnal"
"Eumops perotis","51.5433","39.8","0.7107",,,,,,"100","0","0","0","0","0","0","0","0","0","1","Invertebrates","Faunivore","Aerial","Nocturnal"
"Eumops trumbulli","34.01",,,,,,,,"100","0","0","0","0","0","0","0","0","0","1","Invertebrates","Faunivore","Aerial","Nocturnal"
"Eumops underwoodi","54.7",,,,,,,,"100","0","0","0","0","0","0","0","0","0","1","Invertebrates","Faunivore","Aerial","Nocturnal"
"Eumunida picta","8.6",,,,,,,,,,,,,,,,,,,,,,
"Euneomys chinchilloides","76.515","84.4","1.2905",,,,,,"0","0","0","0","0","0","0","0","0","100","1","Other plant","Herbivore","Ground","Nocturnal"
"Euneomys fossor","83",,,,,,,,"0","0","0","0","0","0","0","0","0","100","1","Other plant","Herbivore","Ground","Nocturnal"
"Euneomys mordax","82",,,,,,,,"0","0","0","0","0","0","0","0","0","100","1","Other plant","Herbivore","Ground","Nocturnal"
"Euneomys petersoni","83",,,,,,,,"0","0","0","0","0","0","0","0","0","100","1","Other plant","Herbivore","Ground","Nocturnal"
"Euoticus elegantulus","275.2917","215.87","0.8247",,,,,,"20","0","0","0","0","0","20","60","0","0","3","Nectar","Herbivore","Arboreal","Nocturnal"
"Euoticus pallidus","267.48",,,,,,,,"20","0","0","0","0","0","20","60","0","0","3","Nectar","Herbivore","Arboreal","Nocturnal"
"Eupetaurus cinereus","2500",,,,,,,,"0","0","0","0","0","0","0","0","0","100","1","Other plant","Herbivore","Arboreal","Nocturnal"
"Eupetomena macroura","8.5",,,,,,,,,,,,,,,,,,,,,,
"Euphausia gibboides","0.07",,,,,,,,,,,,,,,,,,,,,,
"Euphractus sexcinctus","6987.63","1237","0.151",,,,,,"50","0","0","0","0","0","0","0","0","50","2","Invertebrates","Omnivore","Ground","Cathemeral"
"Eupleres goudotii","2425",,,,,,,,"90","0","10","0","0","0","0","0","0","0","2","Invertebrates","Faunivore","Ground","Nocturnal"
"Euploea core godartii","0.2",,,,,,,,,,,,,,,,,,,,,,
"Euroscaptor grandis","59.57",,,,,,,,"100","0","0","0","0","0","0","0","0","0","1","Invertebrates","Faunivore","Ground","Cathemeral"
"Euroscaptor klossi","59.57",,,,,,,,"100","0","0","0","0","0","0","0","0","0","1","Invertebrates","Faunivore","Ground","Cathemeral"
"Euroscaptor longirostris","59.57",,,,,,,,"100","0","0","0","0","0","0","0","0","0","1","Invertebrates","Faunivore","Ground","Cathemeral"
"Euroscaptor micrura","60.47",,,,,,,,"100","0","0","0","0","0","0","0","0","0","1","Invertebrates","Faunivore","Ground","Cathemeral"
"Euroscaptor mizura","35.47",,,,,,,,"100","0","0","0","0","0","0","0","0","0","1","Invertebrates","Faunivore","Ground","Cathemeral"
"Euroscaptor parvidens","59.57",,,,,,,,"100","0","0","0","0","0","0","0","0","0","1","Invertebrates","Faunivore","Ground","Cathemeral"
"Euryzygomatomys spinosus","187.5",,,,,,,,"0","0","0","0","0","0","30","0","20","50","3","Other plant","Herbivore","Ground","Nocturnal"
"Exilisciurus concinnus","30.85",,,,,,,,"20","0","0","0","0","0","0","0","0","80","2","Other plant","Herbivore","Arboreal","Diurnal"
"Exilisciurus exilis","19",,,,,,,,"20","0","0","0","0","0","0","0","0","80","2","Other plant","Herbivore","Arboreal","Diurnal"
"Exilisciurus whiteheadi","20",,,,,,,,"20","0","0","0","0","0","0","0","0","80","2","Other plant","Herbivore","Arboreal","Diurnal"
"Falco cherrug","995",,,,,,,,,,,,,,,,,,,,,,
"Falco peregrinus","827.25",,,,,,,,,,,,,,,,,,,,,,
"Falsistrellus affinis","10.23",,,,,,,,"100","0","0","0","0","0","0","0","0","0","1","Invertebrates","Faunivore","Aerial","Nocturnal"
"Falsistrellus mackenziei","23",,,,,,,,"100","0","0","0","0","0","0","0","0","0","1","Invertebrates","Faunivore","Aerial","Nocturnal"
"Falsistrellus mordax","10.23",,,,,,,,"100","0","0","0","0","0","0","0","0","0","1","Invertebrates","Faunivore","Aerial","Nocturnal"
"Falsistrellus petersi","22.77",,,,,,,,"100","0","0","0","0","0","0","0","0","0","1","Invertebrates","Faunivore","Aerial","Nocturnal"
"Falsistrellus tasmaniensis","22.54",,,,,,,,"100","0","0","0","0","0","0","0","0","0","1","Invertebrates","Faunivore","Aerial","Nocturnal"
"Felis bieti","5500",,,,,,,,"0","100","0","0","0","0","0","0","0","0","1","Endotherm vertebrates","Faunivore","Ground","Nocturnal"
"Felis catus","3289.3333","1054.45","0.5633","33","64.5","56","4","327","0","100","0","0","0","0","0","0","0","0","1","Endotherm vertebrates","Faunivore","Ground","Cathemeral"
"Felis chaus","6221.49",,,,,,,,"0","80","20","0","0","0","0","0","0","0","2","Endotherm vertebrates","Faunivore","Ground","Cathemeral"
"Felis manul","3025",,,,,,,,"0","100","0","0","0","0","0","0","0","0","1","Endotherm vertebrates","Faunivore","Ground","Cathemeral"
"Felis margarita","2224.995","898.8","0.4669",,,,,,"0","90","10","0","0","0","0","0","0","0","2","Endotherm vertebrates","Faunivore","Ground","Nocturnal"
"Felis nigripes","1199.995",,,,,,,,"0","80","20","0","0","0","0","0","0","0","2","Endotherm vertebrates","Faunivore","Ground","Cathemeral"
"Felis silvestris","4105.2675","983.8","0.3758",,,,,,"10","80","10","0","0","0","0","0","0","0","3","Endotherm vertebrates","Faunivore","Ground","Nocturnal"
"Felis silvestris catus","3742.8571",,,,,,,,,,,,,,,,,,,,,,
"Felovia vae","205",,,,,,,,"0","0","0","0","0","0","0","0","0","100","1","Other plant","Herbivore","Ground","Diurnal"
"Feresa attenuata","170000",,,,,,,,"10","0","0","90","0","0","0","0","0","0","2","Fish","Faunivore","Marine","Cathemeral"
"Feroculus feroculus","36",,,,,,,,"70","0","0","0","0","30","0","0","0","0","2","Invertebrates","Faunivore","Ground","Nocturnal"
"Ficedula albicollis","10.85",,,,,,,,,,,,,,,,,,,,,,
"Ficedula hypoleuca","12.775",,,,,,,,,,,,,,,,,,,,,,
"Forpus passerinus","23.2333",,,,,,,,,,,,,,,,,,,,,,
"Fossa fossana","1753.3333","906.3","0.401",,,,,,"70","10","10","0","0","0","10","0","0","0","4","Invertebrates","Faunivore","Scansorial","Nocturnal"
"Frog (Rana esculenta)","48",,,,,,,,,,,,,,,,,,,,,,
"Fukomys anselli","86.98","62.2","0.7595",,,,,,"0","0","0","0","0","0","0","0","0","100","1","Other plant","Herbivore","Ground","Cathemeral"
"Fukomys damarensis","145","89","0.7572",,,,,,"0","0","0","0","0","0","0","0","0","100","1","Other plant","Herbivore","Ground","Cathemeral"
"Fukomys darlingi","92.1733","82.22","0.8802",,,,,,"0","0","0","0","0","0","0","0","0","100","1","Other plant","Herbivore","Ground","Cathemeral"
"Fukomys mechowii","269.72","160.2","0.6",,,,,,"0","0","0","0","0","0","0","0","0","100","1","Other plant","Herbivore","Ground","Cathemeral"
"Funambulus layardi","113.79",,,,,,,,"20","0","0","0","0","0","0","0","20","60","3","Other plant","Herbivore","Scansorial","Diurnal"
"Funambulus palmarum","136.4",,,,,,,,"20","0","0","0","0","0","0","0","20","60","3","Other plant","Herbivore","Scansorial","Diurnal"
"Funambulus pennantii","142.95",,,,,,,,"20","0","0","0","0","0","0","0","20","60","3","Other plant","Herbivore","Scansorial","Diurnal"
"Funambulus sublineatus","70.94",,,,,,,,"20","0","0","0","0","0","0","0","20","60","3","Other plant","Herbivore","Scansorial","Diurnal"
"Funambulus tristriatus","139",,,,,,,,"20","0","0","0","0","0","0","0","20","60","3","Other plant","Herbivore","Scansorial","Diurnal"
"Funchalia villosa","3.968",,,,,,,,,,,,,,,,,,,,,,
"Fundulus heteroclitus heteroclitus","7.4",,,,,,,,,,,,,,,,,,,,,,
"Funisciurus anerythrus","186.6667","115.85","1.1716",,,,,,"10","0","0","0","0","0","40","0","50","0","3","Seed","Herbivore","Arboreal","Diurnal"
"Funisciurus bayonii","135",,,,,,,,"10","0","0","0","0","0","40","0","50","0","3","Seed","Herbivore","Arboreal","Diurnal"
"Funisciurus carruthersi","277",,,,,,,,"10","0","0","0","0","0","40","0","50","0","3","Seed","Herbivore","Arboreal","Diurnal"
"Funisciurus congicus","112.15","97.7","0.87",,,,,,"10","0","0","0","0","0","40","0","50","0","3","Seed","Herbivore","Arboreal","Diurnal"
"Funisciurus isabella","92","90.75","1.2919",,,,,,"10","0","0","0","0","0","40","0","50","0","3","Seed","Herbivore","Arboreal","Diurnal"
"Funisciurus lemniscatus","130","129.045","1.0607",,,,,,"10","0","0","0","0","0","40","0","50","0","3","Seed","Herbivore","Arboreal","Diurnal"
"Funisciurus leucogenys","250",,,,,,,,"10","0","0","0","0","0","40","0","50","0","3","Seed","Herbivore","Arboreal","Diurnal"
"Funisciurus pyrropus","251.3333","184.7","0.7198",,,,,,"10","0","0","0","0","0","40","0","50","0","3","Seed","Herbivore","Arboreal","Diurnal"
"Funisciurus substriatus","186",,,,,,,,"10","0","0","0","0","0","40","0","50","0","3","Seed","Herbivore","Arboreal","Diurnal"
"Furipterus horrens","3.305",,,,,,,,"100","0","0","0","0","0","0","0","0","0","1","Invertebrates","Faunivore","Aerial","Nocturnal"
"Galago","1111.8",,,,,,,,,,,,,,,,,,,,,,
"Galago alleni","266.5",,,,,,,,"40","0","0","0","0","0","0","60","0","0","2","Nectar","Omnivore","Arboreal","Nocturnal"
"Galago alleni group","251.5",,,,,,,,,,,,,,,,,,,,,,
"Galago cameronensis","223.06",,,,,,,,"50","0","0","0","0","0","50","0","0","0","2","Invertebrates","Omnivore","Arboreal","Nocturnal"
"Galago demidoff group","73.1111",,,,,,,,,,,,,,,,,,,,,,
"Galago gabonensis","237.2267",,,,,,,,"20","0","0","0","0","0","80","0","0","0","2","Fruit","Herbivore","Arboreal","Nocturnal"
"Galago gallarum","216.6667",,,,,,,,"40","0","0","0","0","0","0","60","0","0","2","Nectar","Omnivore","Arboreal","Nocturnal"
"Galago granti","173.765",,,,,,,,"80","0","0","0","0","0","20","0","0","0","2","Invertebrates","Faunivore","Arboreal","Nocturnal"
"Galago matschiei","209.75",,,,,,,,"40","0","0","0","0","0","0","60","0","0","2","Nectar","Omnivore","Arboreal","Nocturnal"
"Galago moholi","180","125.95","0.7416",,"124","84",,,"40","0","0","0","0","0","0","60","0","0","2","Nectar","Omnivore","Arboreal","Nocturnal"
"Galago nyasae","165.68",,,,,,,,"90","0","0","0","0","0","10","0","0","0","2","Invertebrates","Faunivore","Arboreal","Nocturnal"
"Galago orinus","165.68",,,,,,,,"80","0","0","0","0","0","20","0","0","0","2","Invertebrates","Faunivore","Arboreal","Nocturnal"
"Galago rondoensis","165.68",,,,,,,,"50","0","0","0","0","0","50","0","0","0","2","Invertebrates","Omnivore","Arboreal","Nocturnal"
"Galago senegalensis","208","192.075","0.8162","17","130.6667","87.3333","1.55","240","40","0","0","0","0","0","0","60","0","0","2","Nectar","Omnivore","Arboreal","Nocturnal"
"Galago senegalensis group","185.2145",,,,,,,,,,,,,,,,,,,,,,
"Galago sp.","201",,,,,,,,,,,,,,,,,,,,,,
"Galago thomasi","116.95",,,,,,,,"80","0","0","0","0","0","20","0","0","0","2","Invertebrates","Faunivore","Arboreal","Nocturnal"
"Galago zanzibaricus","144.45",,,,,,,,"80","0","0","0","0","0","10","10","0","0","3","Invertebrates","Faunivore","Arboreal","Nocturnal"
"Galagoides cocos","143.5",,,,,,,,,,,,,,,,,,,,,,
"Galagoides demidoff","81","64.7844","0.99","14","110.1667","49","1.6","240","80","0","0","0","0","0","10","10","0","0","3","Invertebrates","Faunivore","Arboreal","Nocturnal"
"Galagoides thomasi","90.8333",,,,,,,,,,,,,,,,,,,,,,
"Galagoides zanzibaricus","143",,,,,,,,,,,,,,,,,,,,,,
"Galea flavidens","450",,,,,,,,"0","0","0","0","0","0","0","0","0","100","1","Other plant","Herbivore","Ground","Diurnal"
"Galea musteloides","348.1167","264","0.8199",,,,,,"0","0","0","0","0","0","0","0","0","100","1","Other plant","Herbivore","Ground","Diurnal"
"Galea spixii","326.2",,,,,,,,"0","0","0","0","0","0","0","0","0","100","1","Other plant","Herbivore","Ground","Diurnal"
"Galemys pyrenaicus","57.5",,,"4","30",,"4","730","90","0","0","10","0","0","0","0","0","0","2","Invertebrates","Faunivore","Ground","Nocturnal"
"Galenomys garleppi","59.3",,,,,,,,"20","0","0","0","0","0","10","0","40","30","4","Seed","Herbivore","Ground","Nocturnal"
"Galeocerdo cuvier","783200",,,,,,,,,,,,,,,,,,,,,,
"Galeopterus variegates","1112.2",,,,,,,,"0","0","0","0","0","0","0","0","0","100","1","Other plant","Herbivore","Arboreal","Nocturnal"
"Galerella flavescens","750",,,,,,,,"70","0","0","0","20","0","0","0","0","10","3","Invertebrates","Faunivore","Ground","Diurnal"
"Galerella ochracea","690.18",,,,,,,,"70","0","0","0","20","0","0","0","0","10","3","Invertebrates","Faunivore","Ground","Diurnal"
"Galerella pulverulenta","818.5",,,,,,,,"70","0","0","0","20","0","0","0","0","10","3","Invertebrates","Faunivore","Ground","Diurnal"
"Galerella sanguinea","527.6667","380","0.76",,,,,,"70","0","0","0","20","0","0","0","0","10","3","Invertebrates","Faunivore","Ground","Diurnal"
"Galictis cuja","1095",,,,,,,,"20","30","20","0","10","0","20","0","0","0","5","Endotherm vertebrates","Faunivore","Ground","Cathemeral"
"Galictis vittatus","2264",,,,,,,,"20","30","20","0","10","0","20","0","0","0","5","Endotherm vertebrates","Faunivore","Ground","Cathemeral"
"Galidia elegans","857",,,,,,,,"10","30","20","10","20","0","10","0","0","0","6","Endotherm vertebrates","Faunivore","Scansorial","Diurnal"
"Galidictis fasciata","550",,,,,,,,"30","70","0","0","0","0","0","0","0","0","2","Endotherm vertebrates","Faunivore","Ground","Nocturnal"
"Galidictis grandidieri","1400",,,,,,,,"30","70","0","0","0","0","0","0","0","0","2","Endotherm vertebrates","Faunivore","Ground","Nocturnal"
"Gallus domesticus","1570",,,,,,,,,,,,,,,,,,,,,,
"Gallus gallus","861.3333",,,,,,,,,,,,,,,,,,,,,,
"Gangara thyrsis","0.4",,,,,,,,,,,,,,,,,,,,,,
"Garrulus glandarius","159.99",,,,,,,,,,,,,,,,,,,,,,
"Gasterosteus aculeatus","1.5",,,,,,,,,,,,,,,,,,,,,,
"Gastroptychus spinifer","4",,,,,,,,,,,,,,,,,,,,,,
"Gazella arabica","12000",,,,,,,,"0","0","0","0","0","0","0","0","10","90","2","Other plant","Herbivore","Ground","Diurnal"
"Gazella bennettii","18916.67",,,,,,,,"0","0","0","0","0","0","0","0","0","100","1","Other plant","Herbivore","Ground","Diurnal"
"Gazella cuvieri","25000",,,,,,,,"0","0","0","0","0","0","0","0","0","100","1","Other plant","Herbivore","Ground","Diurnal"
"Gazella dorcas","20137.555",,,,,,,,"0","0","0","0","0","0","20","0","0","80","2","Other plant","Herbivore","Ground","Diurnal"
"Gazella erlangeri","20360.12",,,,,,,,"0","0","0","0","0","0","0","0","0","100","1","Other plant","Herbivore","Ground","Diurnal"
"Gazella gazella","19524.965","6275","0.385",,,,,,"0","0","0","0","0","0","0","0","0","100","1","Other plant","Herbivore","Ground","Diurnal"
"Gazella granti","10100",,,,,,,,,,,,,,,,,,,,,,
"Gazella leptoceros","22200",,,,,,,,"0","0","0","0","0","0","0","0","0","100","1","Other plant","Herbivore","Ground","Diurnal"
"Gazella saudiya","16000",,,,,,,,"0","0","0","0","0","0","0","0","10","90","2","Other plant","Herbivore","Ground","Diurnal"
"Gazella spekei","16200","5926","0.4779",,,,,,"0","0","0","0","0","0","0","0","0","100","1","Other plant","Herbivore","Ground","Diurnal"
"Gazella subgutturosa","22800","4595.8","0.2688",,,,,,"0","0","0","0","0","0","0","0","10","90","2","Other plant","Herbivore","Ground","Diurnal"
"Gekko gecko","54.13",,,,,,,,,,,,,,,,,,,,,,
"Gelasimus signatus","2.8",,,,,,,,,,,,,,,,,,,,,,
"Genetta abyssinica","1649.99",,,,,,,,"10","70","20","0","0","0","0","0","0","0","3","Endotherm vertebrates","Faunivore","Arboreal","Nocturnal"
"Genetta angolensis","1874.995",,,,,,,,"10","70","20","0","0","0","0","0","0","0","3","Endotherm vertebrates","Faunivore","Arboreal","Nocturnal"
"Genetta bourloni","1821.97",,,,,,,,"10","70","20","0","0","0","0","0","0","0","3","Endotherm vertebrates","Faunivore","Arboreal","Nocturnal"
"Genetta cristata","1863.23",,,,,,,,"30","60","10","0","0","0","0","0","0","0","3","Endotherm vertebrates","Faunivore","Arboreal","Nocturnal"
"Genetta genetta","1607.7333","596.8","0.496",,,,,,"10","70","20","0","0","0","0","0","0","0","3","Endotherm vertebrates","Faunivore","Arboreal","Nocturnal"
"Genetta johnstoni","2225",,,,,,,,"10","70","20","0","0","0","0","0","0","0","3","Endotherm vertebrates","Faunivore","Arboreal","Nocturnal"
"Genetta maculata","2225",,,,,,,,"10","70","20","0","0","0","0","0","0","0","3","Endotherm vertebrates","Faunivore","Arboreal","Nocturnal"
"Genetta pardina","1426.985",,,,,,,,"20","70","0","0","0","0","10","0","0","0","3","Endotherm vertebrates","Faunivore","Arboreal","Nocturnal"
"Genetta piscivora","1648.05",,,,,,,,"0","0","10","90","0","0","0","0","0","0","2","Fish","Faunivore","Arboreal","Nocturnal"
"Genetta poensis","1821.97",,,,,,,,"20","70","0","0","0","0","10","0","0","0","3","Endotherm vertebrates","Faunivore","Arboreal","Nocturnal"
"Genetta servalina","1174.995",,,,,,,,"10","70","20","0","0","0","0","0","0","0","3","Endotherm vertebrates","Faunivore","Arboreal","Nocturnal"
"Genetta thierryi","1400.01",,,,,,,,"10","70","20","0","0","0","0","0","0","0","3","Endotherm vertebrates","Faunivore","Arboreal","Nocturnal"
"Genetta tigrina","1380","762.1","0.44",,,,,,"10","70","20","0","0","0","0","0","0","0","3","Endotherm vertebrates","Faunivore","Arboreal","Nocturnal"
"Genetta victoriae","2999.99",,,,,,,,"10","70","20","0","0","0","0","0","0","0","3","Endotherm vertebrates","Faunivore","Arboreal","Nocturnal"
"Geocapromys brownii","1978","736.8","0.3",,,,,,"0","0","0","0","0","0","30","0","0","70","2","Other plant","Herbivore","Scansorial","Nocturnal"
"Geocapromys ingrahami","764.1","265.8","0.343",,,,,,"0","0","0","0","0","0","30","0","0","70","2","Other plant","Herbivore","Scansorial","Nocturnal"
"Geocapromys thoracatus","1500",,,,,,,,"0","0","0","0","0","0","30","0","0","70","2","Other plant","Herbivore","Scansorial","Nocturnal"
"Geogale aurita","6","7.73","1.1203",,,,,,"70","30","0","0","0","0","0","0","0","0","2","Invertebrates","Faunivore","Ground","Nocturnal"
"Geomys arenarius","206",,,,,,,,"0","0","0","0","0","0","0","0","0","100","1","Other plant","Herbivore","Ground","Cathemeral"
"Geomys attwateri","144.06",,,,,,,,"0","0","0","0","0","0","0","0","0","100","1","Other plant","Herbivore","Ground","Cathemeral"
"Geomys breviceps","137.635",,,,,,,,"0","0","0","0","0","0","0","0","0","100","1","Other plant","Herbivore","Ground","Nocturnal"
"Geomys bursarius","199.3333","137.9","0.7",,,,,,"0","0","0","0","0","0","0","0","0","100","1","Other plant","Herbivore","Ground","Cathemeral"
"Geomys knoxjonesi","172.49",,,,,,,,"0","0","0","0","0","0","0","0","0","100","1","Other plant","Herbivore","Ground","Cathemeral"
"Geomys personatus","397",,,,,,,,"0","0","0","0","0","0","0","0","0","100","1","Other plant","Herbivore","Ground","Cathemeral"
"Geomys pinetis","191.2333","122.6","0.6981",,,,,,"0","0","0","0","0","0","0","0","0","100","1","Other plant","Herbivore","Ground","Cathemeral"
"Geomys texensis","189.76",,,,,,,,"0","0","0","0","0","0","0","0","0","100","1","Other plant","Herbivore","Ground","Cathemeral"
"Geomys tropicalis","350",,,,,,,,"0","0","0","0","0","0","0","0","0","100","1","Other plant","Herbivore","Ground","Cathemeral"
"Georychus capensis","196.4756","222.9333","1.0262",,,,,,"0","0","0","0","0","0","0","0","0","100","1","Other plant","Herbivore","Ground","Diurnal"
"Geoxus valdivianus","31.5",,,,,,,,"100","0","0","0","0","0","0","0","0","0","1","Invertebrates","Faunivore","Ground","Cathemeral"
"Gerbilliscus afra","87.8767","182.1","1.7099",,,,,,"20","0","0","0","0","0","0","0","20","60","3","Other plant","Herbivore","Ground","Nocturnal"
"Gerbilliscus boehmi","49.36",,,,,,,,"20","0","0","0","0","0","0","0","20","60","3","Other plant","Herbivore","Ground","Nocturnal"
"Gerbilliscus brantsii","90.555",,,,,,,,"20","0","0","0","0","0","0","0","20","60","3","Other plant","Herbivore","Ground","Nocturnal"
"Gerbilliscus guineae","102.5",,,,,,,,"20","0","0","0","0","0","0","0","20","60","3","Other plant","Herbivore","Ground","Nocturnal"
"Gerbilliscus inclusus","118.5",,,,,,,,"20","0","0","0","0","0","0","0","20","60","3","Other plant","Herbivore","Ground","Nocturnal"
"Gerbilliscus kempi","100.83",,,,,,,,"20","0","0","0","0","0","0","0","20","60","3","Other plant","Herbivore","Ground","Nocturnal"
"Gerbilliscus leucogaster","102.825","91.93","0.6622",,,,,,"20","0","0","0","0","0","0","0","20","60","3","Other plant","Herbivore","Ground","Nocturnal"
"Gerbilliscus nigricaudus","123",,,,,,,,"20","0","0","0","0","0","0","0","20","60","3","Other plant","Herbivore","Ground","Nocturnal"
"Gerbilliscus phillipsi","127.07",,,,,,,,"20","0","0","0","0","0","0","0","20","60","3","Other plant","Herbivore","Ground","Nocturnal"
"Gerbilliscus robustus","95.99",,,,,,,,"20","0","0","0","0","0","0","0","20","60","3","Other plant","Herbivore","Ground","Nocturnal"
"Gerbilliscus validus","121",,,,,,,,"20","0","0","0","0","0","0","0","20","60","3","Other plant","Herbivore","Ground","Nocturnal"
"Gerbillurus paeba","26.605","31.265","0.9586",,,,,,"0","0","0","0","0","0","0","0","100","0","1","Seed","Herbivore","Ground","Nocturnal"
"Gerbillurus setzeri","42.2","37.02","0.803",,,,,,"0","0","0","0","0","0","0","0","100","0","1","Seed","Herbivore","Ground","Nocturnal"
"Gerbillurus tytonis","30.45","31.69","1.0599",,,,,,"0","0","0","0","0","0","0","0","100","0","1","Seed","Herbivore","Ground","Nocturnal"
"Gerbillurus vallinus","37.025","34.77","0.8961",,,,,,"0","0","0","0","0","0","0","0","100","0","1","Seed","Herbivore","Ground","Nocturnal"
"Gerbillus acticola","33.9",,,,,,,,"20","0","0","0","0","0","0","0","30","50","3","Other plant","Herbivore","Ground","Nocturnal"
"Gerbillus agag","23.26",,,,,,,,"20","0","0","0","0","0","0","0","30","50","3","Other plant","Herbivore","Ground","Nocturnal"
"Gerbillus amoenus","13.2",,,,,,,,"20","0","0","0","0","0","0","0","30","50","3","Other plant","Herbivore","Ground","Nocturnal"
"Gerbillus andersoni","31.085","38.83","1.1",,,,,,"20","0","0","0","0","0","0","0","30","50","3","Other plant","Herbivore","Ground","Nocturnal"
"Gerbillus aquilus","36.02",,,,,,,,"20","0","0","0","0","0","0","0","30","50","3","Other plant","Herbivore","Ground","Nocturnal"
"Gerbillus brockmani","33.43",,,,,,,,"20","0","0","0","0","0","0","0","30","50","3","Other plant","Herbivore","Ground","Nocturnal"
"Gerbillus burtoni","23.26",,,,,,,,"20","0","0","0","0","0","0","0","30","50","3","Other plant","Herbivore","Ground","Nocturnal"
"Gerbillus cheesmani","28",,,,,,,,"20","0","0","0","0","0","0","0","30","50","3","Other plant","Herbivore","Ground","Nocturnal"
"Gerbillus dongolanus","23.26",,,,,,,,"20","0","0","0","0","0","0","0","30","50","3","Other plant","Herbivore","Ground","Nocturnal"
"Gerbillus dunni","34.33",,,,,,,,"20","0","0","0","0","0","0","0","30","50","3","Other plant","Herbivore","Ground","Nocturnal"
"Gerbillus famulus","37",,,,,,,,"20","0","0","0","0","0","0","0","30","50","3","Other plant","Herbivore","Ground","Nocturnal"
"Gerbillus floweri","34.47",,,,,,,,"20","0","0","0","0","0","0","0","30","50","3","Other plant","Herbivore","Ground","Nocturnal"
"Gerbillus garamantis","23.26",,,,,,,,"20","0","0","0","0","0","0","0","30","50","3","Other plant","Herbivore","Ground","Nocturnal"
"Gerbillus gerbillus","27.37","42.47","1.43",,,,,,"20","0","0","0","0","0","0","0","30","50","3","Other plant","Herbivore","Ground","Nocturnal"
"Gerbillus gleadowi","25.05",,,,,,,,"20","0","0","0","0","0","0","0","30","50","3","Other plant","Herbivore","Ground","Nocturnal"
"Gerbillus grobbeni","35.3",,,,,,,,"20","0","0","0","0","0","0","0","30","50","3","Other plant","Herbivore","Ground","Nocturnal"
"Gerbillus henleyi","8",,,,,,,,"20","0","0","0","0","0","0","0","30","50","3","Other plant","Herbivore","Ground","Nocturnal"
"Gerbillus hesperinus","36.04",,,,,,,,"20","0","0","0","0","0","0","0","30","50","3","Other plant","Herbivore","Ground","Nocturnal"
"Gerbillus hoogstraali","35.83",,,,,,,,"20","0","0","0","0","0","0","0","30","50","3","Other plant","Herbivore","Ground","Nocturnal"
"Gerbillus latastei","39.55",,,,,,,,"20","0","0","0","0","0","0","0","30","50","3","Other plant","Herbivore","Ground","Nocturnal"
"Gerbillus mauritaniae","23.26",,,,,,,,"20","0","0","0","0","0","0","0","30","50","3","Other plant","Herbivore","Ground","Nocturnal"
"Gerbillus mesopotamiae","20",,,,,,,,"20","0","0","0","0","0","0","0","30","50","3","Other plant","Herbivore","Ground","Nocturnal"
"Gerbillus muriculus","33.42",,,,,,,,"20","0","0","0","0","0","0","0","30","50","3","Other plant","Herbivore","Ground","Nocturnal"
"Gerbillus nancillus","35.94",,,,,,,,"20","0","0","0","0","0","0","0","30","50","3","Other plant","Herbivore","Ground","Nocturnal"
"Gerbillus nanus","22.6333","22.41","0.7891",,,,,,"20","0","0","0","0","0","0","0","30","50","3","Other plant","Herbivore","Ground","Nocturnal"
"Gerbillus nigeriae","29.7",,,,,,,,"20","0","0","0","0","0","0","0","30","50","3","Other plant","Herbivore","Ground","Nocturnal"
"Gerbillus occiduus","36.05",,,,,,,,"20","0","0","0","0","0","0","0","30","50","3","Other plant","Herbivore","Ground","Nocturnal"
"Gerbillus perpallidus","44.35","48.2","0.9198",,,,,,"20","0","0","0","0","0","0","0","30","50","3","Other plant","Herbivore","Ground","Nocturnal"
"Gerbillus poecilops","31.5",,,,,,,,"20","0","0","0","0","0","0","0","30","50","3","Other plant","Herbivore","Ground","Nocturnal"
"Gerbillus principulus","36.05",,,,,,,,"20","0","0","0","0","0","0","0","30","50","3","Other plant","Herbivore","Ground","Nocturnal"
"Gerbillus pulvinatus","35.92",,,,,,,,"20","0","0","0","0","0","0","0","30","50","3","Other plant","Herbivore","Ground","Nocturnal"
"Gerbillus pusillus","12.6","12.535","0.9948",,,,,,"20","0","0","0","0","0","0","0","30","50","3","Other plant","Herbivore","Ground","Nocturnal"
"Gerbillus pyramidum","55.98","62.85","0.835",,,,,,"20","0","0","0","0","0","0","0","30","50","3","Other plant","Herbivore","Ground","Nocturnal"
"Gerbillus rosalinda","33.89",,,,,,,,"20","0","0","0","0","0","0","0","30","50","3","Other plant","Herbivore","Ground","Nocturnal"
"Gerbillus syrticus","23.26",,,,,,,,"20","0","0","0","0","0","0","0","30","50","3","Other plant","Herbivore","Ground","Nocturnal"
"Gerbillus tarabuli","34.81",,,,,,,,"20","0","0","0","0","0","0","0","30","50","3","Other plant","Herbivore","Ground","Nocturnal"
"Gerbillus vivax","23.26",,,,,,,,"20","0","0","0","0","0","0","0","30","50","3","Other plant","Herbivore","Ground","Nocturnal"
"Gerbillus watersi","10.4",,,,,,,,"20","0","0","0","0","0","0","0","30","50","3","Other plant","Herbivore","Ground","Nocturnal"
"Gibraltar/Forbes Quarry","76000",,,,,,,,,,,,,,,,,,,,,,
"Giraffa camelopardalis","470000",,,,,,,,"0","0","0","0","0","0","0","0","0","100","1","Other plant","Herbivore","Ground","Nocturnal"
"Glaucomys sabrinus","170",,,,,,,,"0","0","0","0","0","0","30","0","40","30","3","Seed","Herbivore","Arboreal","Nocturnal"
"Glaucomys volans","68.3067","71.1175","1.0458",,,,,,"0","0","0","0","0","0","30","0","40","30","3","Seed","Herbivore","Arboreal","Nocturnal"
"Glauconycteris alboguttata","8.42",,,,,,,,"100","0","0","0","0","0","0","0","0","0","1","Invertebrates","Faunivore","Aerial","Nocturnal"
"Glauconycteris argentata","9.3",,,,,,,,"100","0","0","0","0","0","0","0","0","0","1","Invertebrates","Faunivore","Aerial","Nocturnal"
"Glauconycteris beatrix","6.5",,,,,,,,"100","0","0","0","0","0","0","0","0","0","1","Invertebrates","Faunivore","Aerial","Nocturnal"
"Glauconycteris curryae","8.11",,,,,,,,"100","0","0","0","0","0","0","0","0","0","1","Invertebrates","Faunivore","Aerial","Nocturnal"
"Glauconycteris egeria","8.42",,,,,,,,"100","0","0","0","0","0","0","0","0","0","1","Invertebrates","Faunivore","Aerial","Nocturnal"
"Glauconycteris gleni","10.81",,,,,,,,"100","0","0","0","0","0","0","0","0","0","1","Invertebrates","Faunivore","Aerial","Nocturnal"
"Glauconycteris humeralis","5.49",,,,,,,,"100","0","0","0","0","0","0","0","0","0","1","Invertebrates","Faunivore","Aerial","Nocturnal"
"Glauconycteris kenyacola","7.17",,,,,,,,"100","0","0","0","0","0","0","0","0","0","1","Invertebrates","Faunivore","Aerial","Nocturnal"
"Glauconycteris machadoi","8.11",,,,,,,,"100","0","0","0","0","0","0","0","0","0","1","Invertebrates","Faunivore","Aerial","Nocturnal"
"Glauconycteris poensis","7.755",,,,,,,,"100","0","0","0","0","0","0","0","0","0","1","Invertebrates","Faunivore","Aerial","Nocturnal"
"Glauconycteris superba","8.42",,,,,,,,"100","0","0","0","0","0","0","0","0","0","1","Invertebrates","Faunivore","Aerial","Nocturnal"
"Glauconycteris variegata","11.25",,,,,,,,"100","0","0","0","0","0","0","0","0","0","1","Invertebrates","Faunivore","Aerial","Nocturnal"
"Glironia venusta","114",,,,,,,,"40","0","0","0","20","0","20","0","20","0","4","Invertebrates","Omnivore","Arboreal","Nocturnal"
"Glirulus japonicus","25",,,,,,,,"30","0","0","0","20","0","30","0","20","0","4","Invertebrates","Omnivore","Arboreal","Nocturnal"
"Glischropus javanus","5.91",,,,,,,,"100","0","0","0","0","0","0","0","0","0","1","Invertebrates","Faunivore","Aerial","Nocturnal"
"Glischropus tylopus","4.67",,,,,,,,"100","0","0","0","0","0","0","0","0","0","1","Invertebrates","Faunivore","Aerial","Nocturnal"
"Globicephala macrorhynchus","612666.6633",,,"63","452","730","1","3470","90","0","0","10","0","0","0","0","0","0","2","Invertebrates","Faunivore","Marine","Nocturnal"
"Globicephala melas","974000",,,,,,,,"90","0","0","10","0","0","0","0","0","0","2","Invertebrates","Faunivore","Marine","Nocturnal"
"Glossina morsitans morsitans","0.02",,,,,,,,,,,,,,,,,,,,,,
"Glossina pallidipes","0.0092",,,,,,,,,,,,,,,,,,,,,,
"Glossophaga commissarisi","8.9",,,,,,,,"40","0","0","0","0","0","30","30","0","0","3","Invertebrates","Omnivore","Arboreal","Nocturnal"
"Glossophaga leachii","10.1",,,,,,,,"40","0","0","0","0","0","30","30","0","0","3","Invertebrates","Omnivore","Arboreal","Nocturnal"
"Glossophaga longirostris","12.2067","26.5","1.963",,,,,,"40","0","0","0","0","0","30","30","0","0","3","Invertebrates","Omnivore","Arboreal","Nocturnal"
"Glossophaga morenoi","8.4",,,,,,,,"40","0","0","0","0","0","30","30","0","0","3","Invertebrates","Omnivore","Arboreal","Nocturnal"
"Glossophaga soricina","10.6","23.945","2.4252",,,,,,"40","0","0","0","0","0","30","30","0","0","3","Invertebrates","Omnivore","Arboreal","Nocturnal"
"Glyphonycteris behnii","11.32",,,,,,,,"80","0","0","0","0","0","20","0","0","0","2","Invertebrates","Faunivore","Scansorial","Nocturnal"
"Glyphonycteris daviesi","18.61",,,,,,,,"80","0","0","0","0","0","20","0","0","0","2","Invertebrates","Faunivore","Scansorial","Nocturnal"
"Glyphonycteris sylvestris","8.91",,,,,,,,"80","0","0","0","0","0","20","0","0","0","2","Invertebrates","Faunivore","Scansorial","Nocturnal"
"Glyphotes simus","50",,,,,,,,"10","0","0","0","0","0","20","0","50","20","4","Seed","Herbivore","Arboreal","Diurnal"
"Glyptonotus antarcticus","32.6",,,,,,,,,,,,,,,,,,,,,,
"Gnathonemus petersii","5.85",,,,,,,,,,,,,,,,,,,,,,
"Golunda ellioti","58.54","60.7","1.0801",,,,,,"0","0","0","0","0","0","0","0","0","100","1","Other plant","Herbivore","Ground","Nocturnal"
"Gorilla beringei","120865.038",,,,,,,,"0","0","0","0","0","0","10","0","0","90","2","Other plant","Herbivore","Ground","Diurnal"
"Gorilla gorilla","103673.3333",,,"50","264.75","1004","1","2829","0","0","0","0","0","0","10","0","0","90","2","Other plant","Herbivore","Ground","Diurnal"
"Gracilinanus aceramarcae","20.5",,,,,,,,"50","0","0","0","0","0","30","20","0","0","3","Invertebrates","Omnivore","Scansorial","Nocturnal"
"Gracilinanus agilis","29.1","31.4","1",,,,,,"50","0","0","0","0","0","30","20","0","0","3","Invertebrates","Omnivore","Scansorial","Nocturnal"
"Gracilinanus agricolai","18.9",,,,,,,,"50","0","0","0","0","0","30","20","0","0","3","Invertebrates","Omnivore","Scansorial","Nocturnal"
"Gracilinanus dryas","18",,,,,,,,"50","0","0","0","0","0","30","20","0","0","3","Invertebrates","Omnivore","Scansorial","Nocturnal"
"Gracilinanus emiliae","7.6",,,,,,,,"50","0","0","0","0","0","30","20","0","0","3","Invertebrates","Omnivore","Scansorial","Nocturnal"
"Gracilinanus formosus","18.9",,,,,,,,"50","0","0","0","0","0","30","20","0","0","3","Invertebrates","Omnivore","Scansorial","Nocturnal"
"Gracilinanus ignitus","18.9",,,,,,,,"50","0","0","0","0","0","30","20","0","0","3","Invertebrates","Omnivore","Scansorial","Nocturnal"
"Gracilinanus marica","23.8",,,,,,,,"50","0","0","0","0","0","30","20","0","0","3","Invertebrates","Omnivore","Scansorial","Nocturnal"
"Gracilinanus microtarsus","22","18.92","1.4554",,,,,,"50","0","0","0","0","0","30","20","0","0","3","Invertebrates","Omnivore","Scansorial","Nocturnal"
"Gracula religiosa","262.075",,,,,,,,,,,,,,,,,,,,,,
"Grammomys aridulus","46.77",,,,,,,,"10","0","0","0","0","0","20","0","20","50","4","Other plant","Herbivore","Arboreal","Nocturnal"
"Grammomys buntingi","46.76",,,,,,,,"10","0","0","0","0","0","20","0","20","50","4","Other plant","Herbivore","Arboreal","Nocturnal"
"Grammomys caniceps","46.77",,,,,,,,"10","0","0","0","0","0","20","0","20","50","4","Other plant","Herbivore","Arboreal","Nocturnal"
"Grammomys cometes","44.6",,,,,,,,"10","0","0","0","0","0","20","0","20","50","4","Other plant","Herbivore","Arboreal","Nocturnal"
"Grammomys dolichurus","41.18",,,,,,,,"10","0","0","0","0","0","20","0","20","50","4","Other plant","Herbivore","Arboreal","Nocturnal"
"Grammomys dryas","47.48",,,,,,,,"10","0","0","0","0","0","20","0","20","50","4","Other plant","Herbivore","Arboreal","Nocturnal"
"Grammomys gigas","47.05",,,,,,,,"10","0","0","0","0","0","20","0","20","50","4","Other plant","Herbivore","Arboreal","Nocturnal"
"Grammomys ibeanus","41.2",,,,,,,,"10","0","0","0","0","0","20","0","20","50","4","Other plant","Herbivore","Arboreal","Nocturnal"
"Grammomys kuru","46.67",,,,,,,,"10","0","0","0","0","0","20","0","20","50","4","Other plant","Herbivore","Arboreal","Nocturnal"
"Grammomys macmillani","36",,,,,,,,"10","0","0","0","0","0","20","0","20","50","4","Other plant","Herbivore","Arboreal","Nocturnal"
"Grammomys minnae","36",,,,,,,,"10","0","0","0","0","0","20","0","20","50","4","Other plant","Herbivore","Arboreal","Nocturnal"
"Grammomys poensis","50.115",,,,,,,,"10","0","0","0","0","0","20","0","20","50","4","Other plant","Herbivore","Arboreal","Nocturnal"
"Grampus griseus","403125",,,"42.5","365",,"1",,"50","0","0","50","0","0","0","0","0","0","2","Invertebrates","Faunivore","Marine","Nocturnal"
"Graomys centralis","65.28",,,,,,,,"0","0","0","0","0","0","30","0","30","40","3","Other plant","Herbivore","Scansorial","Nocturnal"
"Graomys domorum","102",,,,,,,,"0","0","0","0","0","0","30","0","30","40","3","Other plant","Herbivore","Scansorial","Nocturnal"
"Graomys edithae","40.4",,,,,,,,"0","0","0","0","0","0","30","0","30","40","3","Other plant","Herbivore","Scansorial","Nocturnal"
"Graomys griseoflavus","68.45","83.97","1.2099",,,,,,"0","0","0","0","0","0","30","0","30","40","3","Other plant","Herbivore","Scansorial","Nocturnal"
"Graphiurus angolensis","23.96",,,,,,,,"20","20","0","0","20","0","20","0","20","0","5","Invertebrates","Omnivore","Scansorial","Nocturnal"
"Graphiurus christyi","23.83",,,,,,,,"20","20","0","0","20","0","20","0","20","0","5","Invertebrates","Omnivore","Scansorial","Nocturnal"
"Graphiurus crassicaudatus","38.22",,,,,,,,"20","20","0","0","20","0","20","0","20","0","5","Invertebrates","Omnivore","Scansorial","Nocturnal"
"Graphiurus johnstoni","23.96",,,,,,,,"20","20","0","0","20","0","20","0","20","0","5","Invertebrates","Omnivore","Scansorial","Nocturnal"
"Graphiurus kelleni","10.5",,,,,,,,"20","20","0","0","20","0","20","0","20","0","5","Invertebrates","Omnivore","Scansorial","Nocturnal"
"Graphiurus lorraineus","27",,,,,,,,"20","20","0","0","20","0","20","0","20","0","5","Invertebrates","Omnivore","Scansorial","Nocturnal"
"Graphiurus microtis","25.18",,,,,,,,"20","20","0","0","20","0","20","0","20","0","5","Invertebrates","Omnivore","Scansorial","Nocturnal"
"Graphiurus monardi","25.05",,,,,,,,"20","20","0","0","20","0","20","0","20","0","5","Invertebrates","Omnivore","Scansorial","Nocturnal"
"Graphiurus murinus","28","40.36","1.051",,,,,,"20","20","0","0","20","0","20","0","20","0","5","Invertebrates","Omnivore","Scansorial","Nocturnal"
"Graphiurus nagtglasii","30",,,,,,,,"20","20","0","0","20","0","20","0","20","0","5","Invertebrates","Omnivore","Scansorial","Nocturnal"
"Graphiurus ocularis","68","66.24","0.977",,,,,,"20","20","0","0","20","0","20","0","20","0","5","Invertebrates","Omnivore","Scansorial","Nocturnal"
"Graphiurus platyops","46.1",,,,,,,,"20","20","0","0","20","0","20","0","20","0","5","Invertebrates","Omnivore","Scansorial","Nocturnal"
"Graphiurus rupicola","24.53",,,,,,,,"20","20","0","0","20","0","20","0","20","0","5","Invertebrates","Omnivore","Scansorial","Nocturnal"
"Graphiurus surdus","20.01",,,,,,,,"20","20","0","0","20","0","20","0","20","0","5","Invertebrates","Omnivore","Scansorial","Nocturnal"
"Gray mouse lemur",,,,,,"51",,,,,,,,,,,,,,,,,
"Gray-necked species group","808.7287",,,,,,,,,,,,,,,,,,,,,,
"Grey rat (Mus decomanus gris)","81",,,,,,,,,,,,,,,,,,,,,,
"Guinea baboon",,,,,,"420",,,,,,,,,,,,,,,,,
"Guinea-pig (Cavia porcellus)","649.4",,,,,,,,,,,,,,,,,,,,,,
"Gulo gulo","13437.52","5842","0.46",,,,,,"0","20","0","0","20","40","20","0","0","0","4","Carrion/scavenge","Faunivore","Ground","Nocturnal"
"Gymnobelideus leadbeateri","142.1","103.1","0.62",,,,,,"50","0","0","0","0","0","0","50","0","0","2","Invertebrates","Omnivore","Arboreal","Nocturnal"
"Gymnuromys roberti","97.5",,,,,,,,"20","0","0","0","0","0","30","0","40","10","4","Seed","Herbivore","Ground","Nocturnal"
"Habromys chinanteco","40",,,,,,,,"50","0","0","0","0","10","20","0","20","0","4","Invertebrates","Omnivore","Ground","Nocturnal"
"Habromys delicatulus","48.29",,,,,,,,"50","0","0","0","0","10","20","0","20","0","4","Invertebrates","Omnivore","Ground","Nocturnal"
"Habromys ixtlani","48.29",,,,,,,,"50","0","0","0","0","10","20","0","20","0","4","Invertebrates","Omnivore","Ground","Nocturnal"
"Habromys lepturus","85",,,,,,,,"50","0","0","0","0","10","20","0","20","0","4","Invertebrates","Omnivore","Ground","Nocturnal"
"Habromys lophurus","40",,,,,,,,"50","0","0","0","0","10","20","0","20","0","4","Invertebrates","Omnivore","Ground","Nocturnal"
"Habromys simulatus","40",,,,,,,,"50","0","0","0","0","10","20","0","20","0","4","Invertebrates","Omnivore","Ground","Nocturnal"
"Hadromys humei","59",,,,,,,,"0","0","0","0","0","0","0","0","0","100","1","Other plant","Herbivore","Ground","Nocturnal"
"Hadromys yunnanensis","59",,,,,,,,"0","0","0","0","0","0","0","0","0","100","1","Other plant","Herbivore","Ground","Nocturnal"
"Haeromys margarettae","12.7",,,,,,,,"0","0","0","0","0","0","0","0","100","0","1","Seed","Herbivore","Arboreal","Nocturnal"
"Haeromys minahassae","14.7",,,,,,,,"0","0","0","0","0","0","0","0","100","0","1","Seed","Herbivore","Arboreal","Nocturnal"
"Haeromys pusillus","10.4",,,,,,,,"0","0","0","0","0","0","0","0","100","0","1","Seed","Herbivore","Arboreal","Nocturnal"
"Halichoerus grypus","164386.8","34796.8","0.2539",,,,,,"20","0","0","80","0","0","0","0","0","0","2","Fish","Faunivore","Marine","Diurnal"
"Handleyomys fuscatus","49.5",,,,,,,,"20","0","0","0","0","0","20","0","20","40","4","Other plant","Herbivore","Ground","Nocturnal"
"Handleyomys intectus","60.5",,,,,,,,"20","0","0","0","0","0","20","0","20","40","4","Other plant","Herbivore","Ground","Nocturnal"
"Hapalemur alaotrensis","1314.866",,,,,,,,"0","0","0","0","0","0","0","0","0","100","1","Other plant","Herbivore","Arboreal","Diurnal"
"Hapalemur aureus","1481.3333",,,,,,,,"0","0","0","0","0","0","0","0","0","100","1","Other plant","Herbivore","Arboreal","Diurnal"
"Hapalemur griseus","935",,,,,,,,"0","0","0","0","0","0","0","0","0","100","1","Other plant","Herbivore","Arboreal","Diurnal"
"Hapalemur occidentalis","976.355",,,,,,,,"0","0","0","0","0","0","0","0","0","100","1","Other plant","Herbivore","Arboreal","Diurnal"
"Hapalemur simus","1300",,,,,,,,,,,,,,,,,,,,,,
"Hapalomys delacouri","64.3",,,,,,,,"0","0","0","0","0","0","30","0","0","70","2","Other plant","Herbivore","Arboreal","Nocturnal"
"Hapalomys longicaudatus","70",,,,,,,,"0","0","0","0","0","0","30","0","0","70","2","Other plant","Herbivore","Arboreal","Nocturnal"
"Haploblepharus edwardsii","1108.5",,,,,,,,,,,,,,,,,,,,,,
"Haplochromis luteus","12.7179",,,,,,,,,,,,,,,,,,,,,,
"Haplonycteris fischeri","17.96",,,,,,,,"0","0","0","0","0","0","100","0","0","0","1","Fruit","Herbivore","Arboreal","Nocturnal"
"Harmothoe imbricata","0.2",,,,,,,,,,,,,,,,,,,,,,
"Harpiocephalus harpia","14.905",,,,,,,,"100","0","0","0","0","0","0","0","0","0","1","Invertebrates","Faunivore","Aerial","Nocturnal"
"Harpiocephalus mordax","16.31",,,,,,,,"100","0","0","0","0","0","0","0","0","0","1","Invertebrates","Faunivore","Aerial","Nocturnal"
"Harpyionycteris celebensis","104",,,,,,,,"0","0","0","0","0","0","100","0","0","0","1","Fruit","Herbivore","Arboreal","Nocturnal"
"Harpyionycteris whiteheadi","110.5",,,,,,,,"0","0","0","0","0","0","100","0","0","0","1","Fruit","Herbivore","Arboreal","Nocturnal"
"Hasora chromus chromus","0.16",,,,,,,,,,,,,,,,,,,,,,
"Heimyscus fumosus","14.25",,,,,,,,"10","0","0","0","0","0","10","0","20","60","4","Other plant","Herbivore","Scansorial","Nocturnal"
"Helarctos malayanus","45760",,,,,,,,"50","20","0","0","0","0","20","0","10","0","4","Invertebrates","Faunivore","Ground","Nocturnal"
"Heliophobius argenteocinereus","169.7942","135","0.8761",,,,,,"0","0","0","0","0","0","0","0","0","100","1","Other plant","Herbivore","Ground","Diurnal"
"Heliosciurus gambianus","295",,,,,,,,"20","0","0","0","20","0","30","0","30","0","4","Fruit","Omnivore","Scansorial","Diurnal"
"Heliosciurus mutabilis","390",,,,,,,,"20","0","0","0","20","0","30","0","30","0","4","Fruit","Omnivore","Scansorial","Diurnal"
"Heliosciurus punctatus","174",,,,,,,,"20","0","0","0","20","0","30","0","30","0","4","Fruit","Omnivore","Scansorial","Diurnal"
"Heliosciurus rufobrachium","337.8333","215.75","0.6724",,,,,,"20","0","0","0","20","0","30","0","30","0","4","Fruit","Omnivore","Scansorial","Diurnal"
"Heliosciurus ruwenzorii","291",,,,,,,,"20","0","0","0","20","0","30","0","30","0","4","Fruit","Omnivore","Scansorial","Diurnal"
"Heliosciurus undulatus","347.33",,,,,,,,"20","0","0","0","20","0","30","0","30","0","4","Fruit","Omnivore","Scansorial","Diurnal"
"Helogale hirtula","289",,,,,,,,"70","0","0","0","20","0","10","0","0","0","3","Invertebrates","Faunivore","Ground","Diurnal"
"Helogale parvula","283.5",,,,,,,,"70","0","0","0","20","0","10","0","0","0","3","Invertebrates","Faunivore","Ground","Diurnal"
"Helogale pervula","430",,,,,,,,,,,,,,,,,,,,,,
"Hemianax papuensis","1.2",,,,,,,,,,,,,,,,,,,,,,
"Hemibelideus lemuroides","1026",,,,,,,,"0","0","0","0","0","0","0","0","0","100","1","Other plant","Herbivore","Arboreal","Nocturnal"
"Hemicentetes nigriceps","102.445","72.5","0.7115",,,,,,"100","0","0","0","0","0","0","0","0","0","1","Invertebrates","Faunivore","Ground","Nocturnal"
"Hemicentetes semispinosus","110.6","64.1","0.482",,,,,,"100","0","0","0","0","0","0","0","0","0","1","Invertebrates","Faunivore","Ground","Nocturnal"
"Hemiechinus auritus","226.5","150.9","0.3801",,,,,,"30","0","0","0","30","20","10","0","10","0","5","Invertebrates","Faunivore","Ground","Nocturnal"
"Hemiechinus collaris","141",,,,,,,,"30","0","0","0","30","20","10","0","10","0","5","Invertebrates","Faunivore","Ground","Nocturnal"
"Hemigalus derbyanus","2181.75",,,,,,,,"100","0","0","0","0","0","0","0","0","0","1","Invertebrates","Faunivore","Ground","Nocturnal"
"Hemiscyllium ocellatum","2696.4",,,,,,,,,,,,,,,,,,,,,,
"Hemitragus hylocrius","75000",,,,,,,,"0","0","0","0","0","0","0","0","0","100","1","Other plant","Herbivore","Ground","Nocturnal"
"Hemitragus jayakari","23000",,,,,,,,"0","0","0","0","0","0","30","0","30","40","3","Other plant","Herbivore","Ground","Nocturnal"
"Hemitragus jemlahicus","52600",,,,,,,,"0","0","0","0","0","0","0","0","0","100","1","Other plant","Herbivore","Ground","Nocturnal"
"Hen (Gallus domest.)","1734.9",,,,,,,,,,,,,,,,,,,,,,
"Herpestes brachyurus","1853.52",,,,,,,,"30","20","30","10","0","0","10","0","0","0","5","Invertebrates","Faunivore","Ground","Cathemeral"
"Herpestes edwardsi","1282.335",,,,,,,,"20","30","30","0","10","0","10","0","0","0","5","Endotherm vertebrates","Faunivore","Ground","Cathemeral"
"Herpestes fuscus","1552.37",,,,,,,,"30","20","30","10","0","0","10","0","0","0","5","Invertebrates","Faunivore","Ground","Cathemeral"
"Herpestes ichneumon","4219.99",,,,,,,,"30","20","30","10","0","0","10","0","0","0","5","Invertebrates","Faunivore","Ground","Cathemeral"
"Herpestes javanicus","629.3333","403.3","0.6601",,,,,,"30","20","30","10","0","0","10","0","0","0","5","Invertebrates","Faunivore","Ground","Cathemeral"
"Herpestes naso","2999.995",,,,,,,,"30","20","30","10","0","0","10","0","0","0","5","Invertebrates","Faunivore","Ground","Cathemeral"
"Herpestes semitorquatus","1916.01",,,,,,,,"30","20","30","10","0","0","10","0","0","0","5","Invertebrates","Faunivore","Ground","Cathemeral"
"Herpestes smithii","1493.475",,,,,,,,"30","20","30","10","0","0","10","0","0","0","5","Invertebrates","Faunivore","Ground","Cathemeral"
"Herpestes urva","2111.6",,,,,,,,"30","20","30","10","0","0","10","0","0","0","5","Invertebrates","Faunivore","Ground","Cathemeral"
"Herpestes vitticollis","2432.795",,,,,,,,"30","20","30","10","0","0","10","0","0","0","5","Invertebrates","Faunivore","Ground","Cathemeral"
"Hesperoptenus blanfordi","6.915",,,,,,,,"100","0","0","0","0","0","0","0","0","0","1","Invertebrates","Faunivore","Aerial","Nocturnal"
"Hesperoptenus doriae","9.56",,,,,,,,"100","0","0","0","0","0","0","0","0","0","1","Invertebrates","Faunivore","Aerial","Nocturnal"
"Hesperoptenus gaskelli","13.07",,,,,,,,"100","0","0","0","0","0","0","0","0","0","1","Invertebrates","Faunivore","Aerial","Nocturnal"
"Hesperoptenus tickelli","16.3",,,,,,,,"100","0","0","0","0","0","0","0","0","0","1","Invertebrates","Faunivore","Aerial","Nocturnal"
"Hesperoptenus tomesi","31",,,,,,,,"100","0","0","0","0","0","0","0","0","0","1","Invertebrates","Faunivore","Aerial","Nocturnal"
"Heterocarpus ensifer","1.46",,,,,,,,,,,,,,,,,,,,,,
"Heterocephalus glaber","46.0967","31.864","0.7656",,,,,,"0","0","0","0","0","0","0","0","0","100","1","Other plant","Herbivore","Ground","Cathemeral"
"Heterodontus francisci","7200",,,,,,,,,,,,,,,,,,,,,,
"Heterodontus portusjacksoni","23918.21",,,,,,,,,,,,,,,,,,,,,,
"Heterohyrax brucei","2297.8333","694.65","0.44",,,,,,"0","0","0","0","0","0","0","0","0","100","1","Other plant","Herbivore","Scansorial","Diurnal"
"Heteromys anomalus","69.65","100.5","1.4502",,,,,,"0","0","0","0","0","0","0","0","30","70","2","Other plant","Herbivore","Ground","Nocturnal"
"Heteromys australis","267.5",,,,,,,,"0","0","0","0","0","0","0","0","30","70","2","Other plant","Herbivore","Ground","Nocturnal"
"Heteromys desmarestianus","74.3167","99.1","1.3074",,,,,,"0","0","0","0","0","0","0","0","30","70","2","Other plant","Herbivore","Ground","Nocturnal"
"Heteromys gaumeri","63.6",,,,,,,,"0","0","0","0","0","0","0","0","30","70","2","Other plant","Herbivore","Ground","Nocturnal"
"Heteromys nelsoni","54.2",,,,,,,,"0","0","0","0","0","0","0","0","30","70","2","Other plant","Herbivore","Ground","Nocturnal"
"Heteromys oasicus","83.95",,,,,,,,"0","0","0","0","0","0","0","0","30","70","2","Other plant","Herbivore","Ground","Nocturnal"
"Heteromys oresterus","74.8",,,,,,,,"0","0","0","0","0","0","0","0","30","70","2","Other plant","Herbivore","Ground","Nocturnal"
"Heteromys teleus","83.95",,,,,,,,"0","0","0","0","0","0","0","0","30","70","2","Other plant","Herbivore","Ground","Nocturnal"
"Heteropsomys antillensis","272.28",,,,,,,,"0","0","0","0","0","0","30","0","20","50","3","Other plant","Herbivore","Ground","Nocturnal"
"Heteropsomys insulans","272.28",,,,,,,,"0","0","0","0","0","0","30","0","20","50","3","Other plant","Herbivore","Ground","Nocturnal"
"Hexaprotodon liberiensis","158000.58",,,,,,,,"0","0","0","0","0","0","10","0","0","90","2","Other plant","Herbivore","Ground","Nocturnal"
"Hexolobodon phenax","1350.1",,,,,,,,"0","0","0","0","0","0","30","0","0","70","2","Other plant","Herbivore","Ground","Nocturnal"
"Hippocamelus antisensis","68599.35",,,,,,,,"0","0","0","0","0","0","0","0","0","100","1","Other plant","Herbivore","Ground","Cathemeral"
"Hippocamelus bisulcus","70000.32",,,,,,,,"0","0","0","0","0","0","0","0","0","100","1","Other plant","Herbivore","Ground","Cathemeral"
"Hippopotamus amphibius","1540960.078",,,,"240",,,,"0","0","0","0","0","0","0","0","0","100","1","Other plant","Herbivore","Ground","Nocturnal"
"Hipposideros abae","9.31",,,,,,,,"100","0","0","0","0","0","0","0","0","0","1","Invertebrates","Faunivore","Aerial","Nocturnal"
"Hipposideros armiger","54.0333","32.9","0.6196",,,,,,"100","0","0","0","0","0","0","0","0","0","1","Invertebrates","Faunivore","Aerial","Nocturnal"
"Hipposideros ater","5.81",,,,,,,,"100","0","0","0","0","0","0","0","0","0","1","Invertebrates","Faunivore","Aerial","Nocturnal"
"Hipposideros beatus","6.65",,,,,,,,"100","0","0","0","0","0","0","0","0","0","1","Invertebrates","Faunivore","Aerial","Nocturnal"
"Hipposideros bicolor","8.4",,,,,,,,"100","0","0","0","0","0","0","0","0","0","1","Invertebrates","Faunivore","Aerial","Nocturnal"
"Hipposideros breviceps","9.31",,,,,,,,"100","0","0","0","0","0","0","0","0","0","1","Invertebrates","Faunivore","Aerial","Nocturnal"
"Hipposideros caffer","10.175",,,,,,,,"100","0","0","0","0","0","0","0","0","0","1","Invertebrates","Faunivore","Aerial","Nocturnal"
"Hipposideros calcaratus","11.35",,,,,,,,"100","0","0","0","0","0","0","0","0","0","1","Invertebrates","Faunivore","Aerial","Nocturnal"
"Hipposideros camerunensis","23.28",,,,,,,,"100","0","0","0","0","0","0","0","0","0","1","Invertebrates","Faunivore","Aerial","Nocturnal"
"Hipposideros cervinus","8.3","8.96","1.0795",,,,,,"100","0","0","0","0","0","0","0","0","0","1","Invertebrates","Faunivore","Aerial","Nocturnal"
"Hipposideros cineraceus","4.72",,,,,,,,"100","0","0","0","0","0","0","0","0","0","1","Invertebrates","Faunivore","Aerial","Nocturnal"
"Hipposideros coronatus","10.59",,,,,,,,"100","0","0","0","0","0","0","0","0","0","1","Invertebrates","Faunivore","Aerial","Nocturnal"
"Hipposideros corynophyllus","14.5",,,,,,,,"100","0","0","0","0","0","0","0","0","0","1","Invertebrates","Faunivore","Aerial","Nocturnal"
"Hipposideros coxi","9.25",,,,,,,,"100","0","0","0","0","0","0","0","0","0","1","Invertebrates","Faunivore","Aerial","Nocturnal"
"Hipposideros crumeniferus","9.18",,,,,,,,"100","0","0","0","0","0","0","0","0","0","1","Invertebrates","Faunivore","Aerial","Nocturnal"
"Hipposideros curtus","9.31",,,,,,,,"100","0","0","0","0","0","0","0","0","0","1","Invertebrates","Faunivore","Aerial","Nocturnal"
"Hipposideros cyclops","33.5",,,,,,,,"100","0","0","0","0","0","0","0","0","0","1","Invertebrates","Faunivore","Aerial","Nocturnal"
"Hipposideros demissus","13.94",,,,,,,,"100","0","0","0","0","0","0","0","0","0","1","Invertebrates","Faunivore","Aerial","Nocturnal"
"Hipposideros diadema","41.52","33","0.8871",,,,,,"100","0","0","0","0","0","0","0","0","0","1","Invertebrates","Faunivore","Aerial","Nocturnal"
"Hipposideros dinops","74.5",,,,,,,,"100","0","0","0","0","0","0","0","0","0","1","Invertebrates","Faunivore","Aerial","Nocturnal"
"Hipposideros doriae","4.24",,,,,,,,"100","0","0","0","0","0","0","0","0","0","1","Invertebrates","Faunivore","Aerial","Nocturnal"
"Hipposideros durgadasi","13.94",,,,,,,,"100","0","0","0","0","0","0","0","0","0","1","Invertebrates","Faunivore","Aerial","Nocturnal"
"Hipposideros dyacorum","6.05",,,,,,,,"100","0","0","0","0","0","0","0","0","0","1","Invertebrates","Faunivore","Aerial","Nocturnal"
"Hipposideros edwardshilli","13.94",,,,,,,,"100","0","0","0","0","0","0","0","0","0","1","Invertebrates","Faunivore","Aerial","Nocturnal"
"Hipposideros fuliginosus","9.31",,,,,,,,"100","0","0","0","0","0","0","0","0","0","1","Invertebrates","Faunivore","Aerial","Nocturnal"
"Hipposideros fulvus","7.75",,,,,,,,"100","0","0","0","0","0","0","0","0","0","1","Invertebrates","Faunivore","Aerial","Nocturnal"
"Hipposideros galeritus","9.0267","9.35","1.1",,,,,,"100","0","0","0","0","0","0","0","0","0","1","Invertebrates","Faunivore","Aerial","Nocturnal"
"Hipposideros gigas","115.42",,,,,,,,"100","0","0","0","0","0","0","0","0","0","1","Invertebrates","Faunivore","Aerial","Nocturnal"
"Hipposideros grandis","13.94",,,,,,,,"100","0","0","0","0","0","0","0","0","0","1","Invertebrates","Faunivore","Aerial","Nocturnal"
"Hipposideros halophyllus","4",,,,,,,,"100","0","0","0","0","0","0","0","0","0","1","Invertebrates","Faunivore","Aerial","Nocturnal"
"Hipposideros hypophyllus","13.94",,,,,,,,"100","0","0","0","0","0","0","0","0","0","1","Invertebrates","Faunivore","Aerial","Nocturnal"
"Hipposideros inexpectatus","21.41",,,,,,,,"100","0","0","0","0","0","0","0","0","0","1","Invertebrates","Faunivore","Aerial","Nocturnal"
"Hipposideros inornatus","25.9",,,,,,,,"100","0","0","0","0","0","0","0","0","0","1","Invertebrates","Faunivore","Aerial","Nocturnal"
"Hipposideros jonesi","5.5",,,,,,,,"100","0","0","0","0","0","0","0","0","0","1","Invertebrates","Faunivore","Aerial","Nocturnal"
"Hipposideros lamottei","9.78",,,,,,,,"100","0","0","0","0","0","0","0","0","0","1","Invertebrates","Faunivore","Aerial","Nocturnal"
"Hipposideros lankadiva","50.45",,,,,,,,"100","0","0","0","0","0","0","0","0","0","1","Invertebrates","Faunivore","Aerial","Nocturnal"
"Hipposideros larvatus","19.85",,,,,,,,"100","0","0","0","0","0","0","0","0","0","1","Invertebrates","Faunivore","Aerial","Nocturnal"
"Hipposideros lekaguli","30.7",,,,,,,,"100","0","0","0","0","0","0","0","0","0","1","Invertebrates","Faunivore","Aerial","Nocturnal"
"Hipposideros lylei","40",,,,,,,,"100","0","0","0","0","0","0","0","0","0","1","Invertebrates","Faunivore","Aerial","Nocturnal"
"Hipposideros macrobullatus","9.31",,,,,,,,"100","0","0","0","0","0","0","0","0","0","1","Invertebrates","Faunivore","Aerial","Nocturnal"
"Hipposideros madurae","13.94",,,,,,,,"100","0","0","0","0","0","0","0","0","0","1","Invertebrates","Faunivore","Aerial","Nocturnal"
"Hipposideros maggietaylorae","19.0667","21.1","1.1593",,,,,,"100","0","0","0","0","0","0","0","0","0","1","Invertebrates","Faunivore","Aerial","Nocturnal"
"Hipposideros marisae","9.31",,,,,,,,"100","0","0","0","0","0","0","0","0","0","1","Invertebrates","Faunivore","Aerial","Nocturnal"
"Hipposideros megalotis","9.31",,,,,,,,"100","0","0","0","0","0","0","0","0","0","1","Invertebrates","Faunivore","Aerial","Nocturnal"
"Hipposideros muscinus","14.41",,,,,,,,"100","0","0","0","0","0","0","0","0","0","1","Invertebrates","Faunivore","Aerial","Nocturnal"
"Hipposideros nequam","9.31",,,,,,,,"100","0","0","0","0","0","0","0","0","0","1","Invertebrates","Faunivore","Aerial","Nocturnal"
"Hipposideros obscurus","9.5",,,,,,,,"100","0","0","0","0","0","0","0","0","0","1","Invertebrates","Faunivore","Aerial","Nocturnal"
"Hipposideros orbiculus","13.94",,,,,,,,"100","0","0","0","0","0","0","0","0","0","1","Invertebrates","Faunivore","Aerial","Nocturnal"
"Hipposideros papua","9.31",,,,,,,,"100","0","0","0","0","0","0","0","0","0","1","Invertebrates","Faunivore","Aerial","Nocturnal"
"Hipposideros pelingensis","13.94",,,,,,,,"100","0","0","0","0","0","0","0","0","0","1","Invertebrates","Faunivore","Aerial","Nocturnal"
"Hipposideros pomona","6.2",,,,,,,,"100","0","0","0","0","0","0","0","0","0","1","Invertebrates","Faunivore","Aerial","Nocturnal"
"Hipposideros pratti","31.8",,,,,,,,"100","0","0","0","0","0","0","0","0","0","1","Invertebrates","Faunivore","Aerial","Nocturnal"
"Hipposideros pygmaeus","3.5",,,,,,,,"100","0","0","0","0","0","0","0","0","0","1","Invertebrates","Faunivore","Aerial","Nocturnal"
"Hipposideros ridleyi","9.24",,,,,,,,"100","0","0","0","0","0","0","0","0","0","1","Invertebrates","Faunivore","Aerial","Nocturnal"
"Hipposideros rotalis","13.94",,,,,,,,"100","0","0","0","0","0","0","0","0","0","1","Invertebrates","Faunivore","Aerial","Nocturnal"
"Hipposideros ruber","8.705",,,,,,,,"100","0","0","0","0","0","0","0","0","0","1","Invertebrates","Faunivore","Aerial","Nocturnal"
"Hipposideros scutinares","13.94",,,,,,,,"100","0","0","0","0","0","0","0","0","0","1","Invertebrates","Faunivore","Aerial","Nocturnal"
"Hipposideros semoni","14",,,,,,,,"100","0","0","0","0","0","0","0","0","0","1","Invertebrates","Faunivore","Aerial","Nocturnal"
"Hipposideros sorenseni","13.94",,,,,,,,"100","0","0","0","0","0","0","0","0","0","1","Invertebrates","Faunivore","Aerial","Nocturnal"
"Hipposideros speoris","10.965",,,,,,,,"100","0","0","0","0","0","0","0","0","0","1","Invertebrates","Faunivore","Aerial","Nocturnal"
"Hipposideros stenotis","12",,,,,,,,"100","0","0","0","0","0","0","0","0","0","1","Invertebrates","Faunivore","Aerial","Nocturnal"
"Hipposideros sumbae","13.94",,,,,,,,"100","0","0","0","0","0","0","0","0","0","1","Invertebrates","Faunivore","Aerial","Nocturnal"
"Hipposideros terasensis","57",,,,,,,,,,,,,,,,,,,,,,
"Hipposideros thomensis","13.94",,,,,,,,"100","0","0","0","0","0","0","0","0","0","1","Invertebrates","Faunivore","Aerial","Nocturnal"
"Hipposideros turpis","34.075",,,,,,,,"100","0","0","0","0","0","0","0","0","0","1","Invertebrates","Faunivore","Aerial","Nocturnal"
"Hipposideros vittatus","13.94",,,,,,,,"100","0","0","0","0","0","0","0","0","0","1","Invertebrates","Faunivore","Aerial","Nocturnal"
"Hipposideros wollastoni","6.75",,,,,,,,"100","0","0","0","0","0","0","0","0","0","1","Invertebrates","Faunivore","Aerial","Nocturnal"
"Hippotion irregularis","1",,,,,,,,,,,,,,,,,,,,,,
"Hippotragus equinus","254186.33",,,,,,,,"0","0","0","0","0","0","0","0","0","100","1","Other plant","Herbivore","Ground","Diurnal"
"Hippotragus leucophaeus","150000",,,,,,,,"0","0","0","0","0","0","0","0","0","100","1","Other plant","Herbivore","Ground","Diurnal"
"Hippotragus niger","196249.635",,,,,,,,"0","0","0","0","0","0","0","0","0","100","1","Other plant","Herbivore","Ground","Diurnal"
"Hirundapus caudacutus","85",,,,,,,,,,,,,,,,,,,,,,
"Hirundo rustica","19",,,,,,,,,,,,,,,,,,,,,,
"Histiotus alienus","10.42",,,,,,,,"100","0","0","0","0","0","0","0","0","0","1","Invertebrates","Faunivore","Aerial","Nocturnal"
"Histiotus humboldti","11.1",,,,,,,,"100","0","0","0","0","0","0","0","0","0","1","Invertebrates","Faunivore","Aerial","Nocturnal"
"Histiotus laephotis","11.1",,,,,,,,"100","0","0","0","0","0","0","0","0","0","1","Invertebrates","Faunivore","Aerial","Nocturnal"
"Histiotus macrotus","11",,,,,,,,"100","0","0","0","0","0","0","0","0","0","1","Invertebrates","Faunivore","Aerial","Nocturnal"
"Histiotus magellanicus","11.1",,,,,,,,"100","0","0","0","0","0","0","0","0","0","1","Invertebrates","Faunivore","Aerial","Nocturnal"
"Histiotus montanus","10.42",,,,,,,,"100","0","0","0","0","0","0","0","0","0","1","Invertebrates","Faunivore","Aerial","Nocturnal"
"Histiotus velatus","11.2","9.97","0.8902",,,,,,"100","0","0","0","0","0","0","0","0","0","1","Invertebrates","Faunivore","Aerial","Nocturnal"
"Histriophoca fasciata","77193.3333","17795","0.3295",,,,,,"60","0","0","40","0","0","0","0","0","0","2","Invertebrates","Faunivore","Marine","Diurnal"
"Hodomys alleni","367.6",,,,,,,,"20","0","0","0","0","0","10","0","40","30","4","Seed","Herbivore","Ground","Nocturnal"
"Holochilus brasiliensis","155",,,,,,,,"10","0","0","0","0","0","0","0","0","90","2","Other plant","Herbivore","Ground","Nocturnal"
"Holochilus chacarius","204",,,,,,,,"10","0","0","0","0","0","0","0","0","90","2","Other plant","Herbivore","Ground","Nocturnal"
"Holochilus sciureus","141.63",,,,,,,,"10","0","0","0","0","0","0","0","0","90","2","Other plant","Herbivore","Ground","Nocturnal"
"Homo erectus","69620",,,,,,,,,,,,,,,,,,,,,,
"Homo floresiensis","22500",,,,,,,,,,,,,,,,,,,,,,
"Homo georgicus","40000",,,,,,,,,,,,,,,,,,,,,,
"Homo habilis","30300",,,,,,,,,,,,,,,,,,,,,,
"Homo heidelbergensis","118500",,,,,,,,,,,,,,,,,,,,,,
"Homo naledi","47700",,,,,,,,,,,,,,,,,,,,,,
"Homo neanderthalensis","96800",,,,,,,,,,,,,,,,,,,,,,
"Homo rudolfensis","45600",,,,,,,,,,,,,,,,,,,,,,
"Homo sapiens","64097.1429","12925.1607","0.2012","122.5","272.39","910.43","1","4745","10","0","0","0","0","0","60","0","0","30","3","Fruit","Herbivore","Ground","Diurnal"
"Homo sapiens (MRI)","58200",,,,,,,,,,,,,,,,,,,,,,
"Hoolock hoolock","6955.1667",,,,,,,,,,,,,,,,,,,,,,
"Hoplomys gymnurus","285",,,,,,,,"30","0","0","0","0","0","0","0","0","70","2","Other plant","Herbivore","Ground","Nocturnal"
"Horpyiocepalus leucogostra","10",,,,,,,,,,,,,,,,,,,,,,
"Hyaena brunnea","41138.965",,,,,,,,"10","10","0","0","0","70","10","0","0","0","4","Carrion/scavenge","Faunivore","Ground","Nocturnal"
"Hyaena hyaena","37435.0367","5728.1","0.167",,,,,,"10","10","0","0","0","70","10","0","0","0","4","Carrion/scavenge","Faunivore","Ground","Nocturnal"
"Hybomys badius","51.22",,,,,,,,"40","0","0","0","0","0","40","0","0","20","3","Invertebrates","Omnivore","Ground","Diurnal"
"Hybomys basilii","54.18",,,,,,,,"40","0","0","0","0","0","40","0","0","20","3","Invertebrates","Omnivore","Ground","Diurnal"
"Hybomys lunaris","54.1",,,,,,,,"40","0","0","0","0","0","40","0","0","20","3","Invertebrates","Omnivore","Ground","Diurnal"
"Hybomys planifrons","49.6",,,,,,,,"40","0","0","0","0","0","40","0","0","20","3","Invertebrates","Omnivore","Ground","Cathemeral"
"Hybomys trivirgatus","57.2",,,,,,,,"40","0","0","0","0","0","40","0","0","20","3","Invertebrates","Omnivore","Ground","Cathemeral"
"Hybomys univittatus","47.6",,,,,,,,"40","0","0","0","0","0","40","0","0","20","3","Invertebrates","Omnivore","Ground","Diurnal"
"Hydrictis maculicollis","4240.265",,,,,,,,"10","10","0","80","0","0","0","0","0","0","3","Fish","Faunivore","Ground","Cathemeral"
"Hydrochoeris hydrochaeris","27442.5","6596.3","0.25",,,,,,,,,,,,,,,,,,,,
"Hydrochoerus hydrochaeris","45861.6367","6596.25","0.1561","15.1","136.5","103","3.9","456","0","0","0","0","0","0","10","0","0","90","2","Other plant","Herbivore","Ground","Diurnal"
"Hydrochoerus isthmius","21267.32",,,,,,,,"0","0","0","0","0","0","10","0","0","90","2","Other plant","Herbivore","Ground","Diurnal"
"Hydromys chrysogaster","652.5833","458.6","0.5879",,,,,,"50","10","10","30","0","0","0","0","0","0","4","Invertebrates","Faunivore","Ground","Cathemeral"
"Hydromys habbema","136.19",,,,,,,,"50","10","10","30","0","0","0","0","0","0","4","Invertebrates","Faunivore","Ground","Cathemeral"
"Hydromys hussoni","141.87",,,,,,,,"50","10","10","30","0","0","0","0","0","0","4","Invertebrates","Faunivore","Ground","Cathemeral"
"Hydromys neobritannicus","135.43",,,,,,,,"50","10","10","30","0","0","0","0","0","0","4","Invertebrates","Faunivore","Ground","Cathemeral"
"Hydromys shawmayeri","141.42",,,,,,,,"50","10","10","30","0","0","0","0","0","0","4","Invertebrates","Faunivore","Ground","Cathemeral"
"Hydropotes inermis","12650",,,,,,,,"0","0","0","0","0","0","0","0","0","100","1","Other plant","Herbivore","Ground","Cathemeral"
"Hydrurga leptonyx","352750",,,,,,,,"80","20","0","0","0","0","0","0","0","0","2","Invertebrates","Faunivore","Marine","Diurnal"
"Hyemoschus aquaticus","10825.005",,,,,,,,"0","0","0","0","0","0","100","0","0","0","1","Fruit","Herbivore","Ground","Diurnal"
"Hyladelphys kalinowskii","16.75",,,,,,,,"60","10","0","0","0","10","20","0","0","0","4","Invertebrates","Faunivore","Arboreal","Nocturnal"
"Hylobates","5400",,,,,,,,,,,,,,,,,,,,,,
"Hylobates agilis","5880",,,,,,,,"10","0","0","0","0","0","70","0","0","20","3","Fruit","Herbivore","Arboreal","Diurnal"
"Hylobates albibarbis","5692.08",,,,,,,,"0","0","0","0","0","0","70","0","0","30","2","Fruit","Herbivore","Arboreal","Diurnal"
"Hylobates klossii","5796",,,,,,,,"10","0","0","0","0","0","70","0","0","20","3","Fruit","Herbivore","Arboreal","Diurnal"
"Hylobates lar","5755","1072","0.5642","44","212","626","1","2555","10","0","0","0","0","0","70","0","0","20","3","Fruit","Herbivore","Arboreal","Diurnal"
"Hylobates moloch","6476.75",,,,,,,,"10","0","0","0","0","0","70","0","0","20","3","Fruit","Herbivore","Arboreal","Diurnal"
"Hylobates muelleri","5796.78",,,,,,,,"10","0","0","0","0","0","70","0","0","20","3","Fruit","Herbivore","Arboreal","Diurnal"
"Hylobates pileatus","5440",,,,,,,,"10","0","0","0","0","0","70","0","0","20","3","Fruit","Herbivore","Arboreal","Diurnal"
"Hylobates syndactylus","10950",,,,,,,,,,,,,,,,,,,,,,
"Hylochoerus meinertzhageni","194250",,,,,,,,"0","0","0","0","0","0","0","0","0","100","1","Other plant","Herbivore","Ground","Nocturnal"
"Hylomys megalotis","65.83",,,,,,,,"100","0","0","0","0","0","0","0","0","0","1","Invertebrates","Faunivore","Ground","Cathemeral"
"Hylomys parvus","65.83",,,,,,,,"100","0","0","0","0","0","0","0","0","0","1","Invertebrates","Faunivore","Ground","Cathemeral"
"Hylomys suillus","71.565","80.4","1.0401",,,,,,"100","0","0","0","0","0","0","0","0","0","1","Invertebrates","Faunivore","Ground","Cathemeral"
"Hylomyscus aeta","20",,,,,,,,"10","0","0","0","0","0","60","0","0","30","3","Fruit","Herbivore","Arboreal","Nocturnal"
"Hylomyscus alleni","19.95",,,,,,,,"10","0","0","0","0","0","60","0","0","30","3","Fruit","Herbivore","Arboreal","Nocturnal"
"Hylomyscus baeri","21.09",,,,,,,,"10","0","0","0","0","0","60","0","0","30","3","Fruit","Herbivore","Arboreal","Nocturnal"
"Hylomyscus carillus","21.56",,,,,,,,"10","0","0","0","0","0","60","0","0","30","3","Fruit","Herbivore","Arboreal","Nocturnal"
"Hylomyscus denniae","36",,,,,,,,"10","0","0","0","0","0","60","0","0","30","3","Fruit","Herbivore","Arboreal","Nocturnal"
"Hylomyscus grandis","21.09",,,,,,,,"10","0","0","0","0","0","60","0","0","30","3","Fruit","Herbivore","Arboreal","Nocturnal"
"Hylomyscus parvus","14.5",,,,,,,,"10","0","0","0","0","0","60","0","0","30","3","Fruit","Herbivore","Arboreal","Nocturnal"
"Hylomyscus stella","20.05",,,,,,,,"10","0","0","0","0","0","60","0","0","30","3","Fruit","Herbivore","Arboreal","Nocturnal"
"Hylonycteris underwoodi","6.65",,,,,,,,"10","0","0","0","0","0","40","50","0","0","3","Nectar","Herbivore","Arboreal","Nocturnal"
"Hylopetes alboniger","255.38",,,,,,,,"20","0","20","0","0","0","0","0","20","40","4","Other plant","Omnivore","Arboreal","Nocturnal"
"Hylopetes bartelsi","146.63",,,,,,,,"20","0","20","0","0","0","0","0","20","40","4","Other plant","Omnivore","Arboreal","Nocturnal"
"Hylopetes lepidus","50",,,,,,,,"20","0","20","0","0","0","0","0","20","40","4","Other plant","Omnivore","Arboreal","Nocturnal"
"Hylopetes nigripes","534",,,,,,,,"20","0","20","0","0","0","0","0","20","40","4","Other plant","Omnivore","Arboreal","Nocturnal"
"Hylopetes phayrei","227",,,,,,,,"20","0","20","0","0","0","0","0","20","40","4","Other plant","Omnivore","Arboreal","Nocturnal"
"Hylopetes platyurus","56.98",,,,,,,,"20","0","20","0","0","0","0","0","20","40","4","Other plant","Omnivore","Arboreal","Nocturnal"
"Hylopetes sipora","89.2",,,,,,,,"20","0","20","0","0","0","0","0","20","40","4","Other plant","Omnivore","Arboreal","Nocturnal"
"Hylopetes spadiceus","85.875",,,,,,,,"20","0","20","0","0","0","0","0","20","40","4","Other plant","Omnivore","Arboreal","Nocturnal"
"Hylopetes winstoni","170.82",,,,,,,,"20","0","20","0","0","0","0","0","20","40","4","Other plant","Omnivore","Arboreal","Nocturnal"
"Hyomys dammermani","932.5",,,,,,,,"0","0","0","0","0","0","0","0","0","100","1","Other plant","Herbivore","Ground","Nocturnal"
"Hyomys goliath","817.5",,,,,,,,"0","0","0","0","0","0","0","0","0","100","1","Other plant","Herbivore","Ground","Nocturnal"
"Hyosciurus heinrichi","296",,,,,,,,"10","0","0","0","0","0","20","0","50","20","4","Seed","Herbivore","Ground","Diurnal"
"Hyosciurus ileile","315",,,,,,,,"10","0","0","0","0","0","20","0","50","20","4","Seed","Herbivore","Ground","Diurnal"
"Hyperacrius fertilis","22.25",,,,,,,,"0","0","0","0","0","0","0","0","0","100","1","Other plant","Herbivore","Ground","Cathemeral"
"Hyperacrius wynnei","52.6",,,,,,,,"0","0","0","0","0","0","0","0","0","100","1","Other plant","Herbivore","Ground","Cathemeral"
"Hyperoodon ampullatus","5800000",,,,,,,,"80","0","0","20","0","0","0","0","0","0","2","Invertebrates","Faunivore","Marine","Cathemeral"
"Hyperoodon planifrons","3e+06",,,,,,,,"80","0","0","20","0","0","0","0","0","0","2","Invertebrates","Faunivore","Marine","Cathemeral"
"Hypogeomys antimena","1250",,,,,,,,"0","0","0","0","0","0","100","0","0","0","1","Fruit","Herbivore","Ground","Nocturnal"
"Hypolimnas bolina jacintha","0.2",,,,,,,,,,,,,,,,,,,,,,
"Hypsignathus monstrosus","329.855",,,,,,,,"0","10","0","0","0","0","90","0","0","0","2","Fruit","Herbivore","Arboreal","Nocturnal"
"Hypsiprymnodon moschatus","520",,,,,,,,"70","0","0","0","0","0","20","0","0","10","3","Invertebrates","Faunivore","Ground","Diurnal"
"Hypsugo alaschanicus","5.12",,,,,,,,"100","0","0","0","0","0","0","0","0","0","1","Invertebrates","Faunivore","Aerial","Nocturnal"
"Hypsugo anchietae","9.56",,,,,,,,"100","0","0","0","0","0","0","0","0","0","1","Invertebrates","Faunivore","Aerial","Nocturnal"
"Hypsugo anthonyi","12.15",,,,,,,,"100","0","0","0","0","0","0","0","0","0","1","Invertebrates","Faunivore","Aerial","Nocturnal"
"Hypsugo arabicus","3.17",,,,,,,,"100","0","0","0","0","0","0","0","0","0","1","Invertebrates","Faunivore","Aerial","Nocturnal"
"Hypsugo ariel","5.12",,,,,,,,"100","0","0","0","0","0","0","0","0","0","1","Invertebrates","Faunivore","Aerial","Nocturnal"
"Hypsugo bodenheimeri","2.73",,,,,,,,"100","0","0","0","0","0","0","0","0","0","1","Invertebrates","Faunivore","Aerial","Nocturnal"
"Hypsugo cadornae","6.69",,,,,,,,"100","0","0","0","0","0","0","0","0","0","1","Invertebrates","Faunivore","Aerial","Nocturnal"
"Hypsugo crassulus","6.095",,,,,,,,"100","0","0","0","0","0","0","0","0","0","1","Invertebrates","Faunivore","Aerial","Nocturnal"
"Hypsugo eisentrauti","6.11",,,,,,,,"100","0","0","0","0","0","0","0","0","0","1","Invertebrates","Faunivore","Aerial","Nocturnal"
"Hypsugo imbricatus","6.545",,,,,,,,"100","0","0","0","0","0","0","0","0","0","1","Invertebrates","Faunivore","Aerial","Nocturnal"
"Hypsugo joffrei","5.12",,,,,,,,"100","0","0","0","0","0","0","0","0","0","1","Invertebrates","Faunivore","Aerial","Nocturnal"
"Hypsugo kitcheneri","9.56",,,,,,,,"100","0","0","0","0","0","0","0","0","0","1","Invertebrates","Faunivore","Aerial","Nocturnal"
"Hypsugo lophurus","9.56",,,,,,,,"100","0","0","0","0","0","0","0","0","0","1","Invertebrates","Faunivore","Aerial","Nocturnal"
"Hypsugo macrotis","9.56",,,,,,,,"100","0","0","0","0","0","0","0","0","0","1","Invertebrates","Faunivore","Aerial","Nocturnal"
"Hypsugo musciculus","5.12",,,,,,,,"100","0","0","0","0","0","0","0","0","0","1","Invertebrates","Faunivore","Aerial","Nocturnal"
"Hypsugo pulveratus","5.415",,,,,,,,"100","0","0","0","0","0","0","0","0","0","1","Invertebrates","Faunivore","Aerial","Nocturnal"
"Hypsugo savii","6.3",,,,,,,,"100","0","0","0","0","0","0","0","0","0","1","Invertebrates","Faunivore","Aerial","Nocturnal"
"Hypsugo vordermanni","5.12",,,,,,,,"100","0","0","0","0","0","0","0","0","0","1","Invertebrates","Faunivore","Aerial","Nocturnal"
"Hystrix africaeaustralis","13590.6733","2176.5","0.1995",,,,,,"0","0","0","0","0","0","20","0","0","80","2","Other plant","Herbivore","Ground","Nocturnal"
"Hystrix brachyura","8225",,,,,,,,"0","0","0","0","0","0","20","0","0","80","2","Other plant","Herbivore","Ground","Nocturnal"
"Hystrix crassispinis","5445.03",,,,,,,,"0","0","0","0","0","0","20","0","0","80","2","Other plant","Herbivore","Ground","Nocturnal"
"Hystrix cristata","15625",,,,,,,,"0","0","0","0","0","0","20","0","0","80","2","Other plant","Herbivore","Ground","Nocturnal"
"Hystrix indica","13542.915",,,,,,,,"0","0","0","0","0","0","20","0","0","80","2","Other plant","Herbivore","Ground","Nocturnal"
"Hystrix javanica","23014.42",,,,,,,,"0","0","0","0","0","0","20","0","0","80","2","Other plant","Herbivore","Ground","Nocturnal"
"Hystrix pumila","2740",,,,,,,,"0","0","0","0","0","0","20","0","0","80","2","Other plant","Herbivore","Ground","Nocturnal"
"Hystrix sumatrae","3260",,,,,,,,"0","0","0","0","0","0","20","0","0","80","2","Other plant","Herbivore","Ground","Nocturnal"
"Ia io","49.2",,,,,,,,"100","0","0","0","0","0","0","0","0","0","1","Invertebrates","Faunivore","Aerial","Nocturnal"
"Ichneumia albicauda","3950.01",,,,,,,,"70","0","10","0","10","0","10","0","0","0","4","Invertebrates","Faunivore","Ground","Nocturnal"
"Ichthyomys hydrobates","66.4",,,,,,,,"80","0","0","20","0","0","0","0","0","0","2","Invertebrates","Faunivore","Ground","Diurnal"
"Ichthyomys pittieri","69.1",,,,,,,,"80","0","0","20","0","0","0","0","0","0","2","Invertebrates","Faunivore","Ground","Diurnal"
"Ichthyomys stolzmanni","84.7",,,,,,,,"80","0","0","20","0","0","0","0","0","0","2","Invertebrates","Faunivore","Ground","Diurnal"
"Ichthyomys tweedii","118.5",,,,,,,,"80","0","0","20","0","0","0","0","0","0","2","Invertebrates","Faunivore","Ground","Diurnal"
"Ictidomys tridecemlineatus","140",,,,,,,,,,,,,,,,,,,,,,
"Ictonyx libyca","1146.25",,,,,,,,"40","40","10","0","10","0","0","0","0","0","4","Invertebrates","Faunivore","Ground","Nocturnal"
"Ictonyx striatus","1006.495",,,,,,,,"40","40","10","0","10","0","0","0","0","0","4","Invertebrates","Faunivore","Ground","Nocturnal"
"Idionycteris phyllotis","12.03",,,,,,,,"100","0","0","0","0","0","0","0","0","0","1","Invertebrates","Faunivore","Aerial","Nocturnal"
"Idiurus macrotis","30",,,,,,,,"0","0","0","0","0","0","100","0","0","0","1","Fruit","Herbivore","Arboreal","Nocturnal"
"Idiurus zenkeri","100",,,,,,,,"0","0","0","0","0","0","100","0","0","0","1","Fruit","Herbivore","Arboreal","Nocturnal"
"Iguana iguana","1530",,,,,,,,,,,,,,,,,,,,,,
"Indopacetus pacificus","2200000",,,,,,,,"80","0","0","20","0","0","0","0","0","0","2","Invertebrates","Faunivore","Marine","Cathemeral"
"Indri indri","6250",,,"34.5","159.5","364.3333","1","2008","0","0","0","0","0","0","30","0","0","70","2","Other plant","Herbivore","Arboreal","Diurnal"
"Inia geoffrensis","94551.1667",,,,,,,,"10","0","0","90","0","0","0","0","0","0","2","Fish","Faunivore","Marine","Diurnal"
"Iomys horsfieldii","155.5",,,,,,,,"20","0","20","0","0","0","0","0","20","40","4","Other plant","Omnivore","Arboreal","Nocturnal"
"Iomys sipora","154.67",,,,,,,,"20","0","20","0","0","0","0","0","20","40","4","Other plant","Omnivore","Arboreal","Nocturnal"
"Irenomys tarsalis","43.15",,,,,,,,"0","0","0","0","0","0","40","0","30","30","3","Fruit","Herbivore","Ground","Nocturnal"
"Isolobodon montanus","1350.1",,,,,,,,"0","0","0","0","0","0","30","0","0","70","2","Other plant","Herbivore","Ground","Nocturnal"
"Isolobodon portoricensis","1350.1",,,,,,,,"0","0","0","0","0","0","30","0","0","70","2","Other plant","Herbivore","Ground","Nocturnal"
"Isoodon auratus","435.225","165.65","0.371",,,,,,"100","0","0","0","0","0","0","0","0","0","1","Invertebrates","Faunivore","Ground","Nocturnal"
"Isoodon macrourus","1513.1092","493.3","0.3785",,,,,,"100","0","0","0","0","0","0","0","0","0","1","Invertebrates","Faunivore","Ground","Nocturnal"
"Isoodon obesulus","835.0222","363.1","0.3485",,,,,,"100","0","0","0","0","0","0","0","0","0","1","Invertebrates","Faunivore","Ground","Nocturnal"
"Isothrix bistriata","445",,,,,,,,"0","0","0","0","0","0","30","0","20","50","3","Other plant","Herbivore","Ground","Nocturnal"
"Isothrix negrensis","300.97",,,,,,,,"0","0","0","0","0","0","30","0","20","50","3","Other plant","Herbivore","Ground","Nocturnal"
"Isothrix pagurus","210",,,,,,,,"0","0","0","0","0","0","30","0","20","50","3","Other plant","Herbivore","Ground","Nocturnal"
"Isothrix sinnamariensis","291.73",,,,,,,,"0","0","0","0","0","0","30","0","20","50","3","Other plant","Herbivore","Ground","Nocturnal"
"Isthmomys flavidus","233.68",,,,,,,,"50","0","0","0","0","10","20","0","20","0","4","Invertebrates","Omnivore","Scansorial","Nocturnal"
"Isthmomys pirrensis","138","121.4","0.8797",,,,,,"50","0","0","0","0","10","20","0","20","0","4","Invertebrates","Omnivore","Scansorial","Nocturnal"
"Jaculus blanfordi","54.7",,,,,,,,"0","0","0","0","0","0","0","0","40","60","2","Other plant","Herbivore","Ground","Nocturnal"
"Jaculus jaculus","65.0833","91.6","1.2295",,,,,,"0","0","0","0","0","0","0","0","40","60","2","Other plant","Herbivore","Ground","Nocturnal"
"Jaculus orientalis","170","134.95","0.9121",,,,,,"0","0","0","0","0","0","0","0","40","60","2","Other plant","Herbivore","Ground","Nocturnal"
"Janicella spinicauda","0.5",,,,,,,,,,,,,,,,,,,,,,
"Jasus edwardsii","645.5",,,,,,,,,,,,,,,,,,,,,,
"Juliomys pictipes","22.9",,,,,,,,"0","0","0","0","0","0","40","0","0","60","2","Other plant","Herbivore","Ground","Nocturnal"
"Juliomys rimofrons","19.8",,,,,,,,"0","0","0","0","0","0","40","0","0","60","2","Other plant","Herbivore","Ground","Nocturnal"
"Junonia lemonias lemonias","0.2",,,,,,,,,,,,,,,,,,,,,,
"Juscelinomys candango","97.3",,,,,,,,"20","0","0","0","0","0","0","0","0","80","2","Other plant","Herbivore","Ground","Nocturnal"
"Juscelinomys guaporensis","97.3",,,,,,,,"20","0","0","0","0","0","0","0","0","80","2","Other plant","Herbivore","Ground","Nocturnal"
"Juscelinomys huanchacae","97.3",,,,,,,,"20","0","0","0","0","0","0","0","0","80","2","Other plant","Herbivore","Ground","Nocturnal"
"KNM-ER 1470","52000",,,,,,,,,,,,,,,,,,,,,,
"KNM-ER 1805","32000",,,,,,,,,,,,,,,,,,,,,,
"KNM-ER 1813","32000",,,,,,,,,,,,,,,,,,,,,,
"KNM-ER 23000","46000",,,,,,,,,,,,,,,,,,,,,,
"KNM-ER 3733","61800",,,,,,,,,,,,,,,,,,,,,,
"KNM-ER 3883","61800",,,,,,,,,,,,,,,,,,,,,,
"KNM-WT 15000","68000",,,,,,,,,,,,,,,,,,,,,,
"Kadarsanomys sodyi","79.09",,,,,,,,"10","0","0","0","0","0","10","0","20","60","4","Other plant","Herbivore","Arboreal","Nocturnal"
"Kannabateomys amblyonyx","600",,,,,,,,"0","0","0","0","0","0","0","0","0","100","1","Other plant","Herbivore","Arboreal","Nocturnal"
"Kerivoula africana","4.9",,,,,,,,"100","0","0","0","0","0","0","0","0","0","1","Invertebrates","Faunivore","Aerial","Nocturnal"
"Kerivoula agnella","5.03",,,,,,,,"100","0","0","0","0","0","0","0","0","0","1","Invertebrates","Faunivore","Aerial","Nocturnal"
"Kerivoula argentata","10",,,,,,,,"100","0","0","0","0","0","0","0","0","0","1","Invertebrates","Faunivore","Aerial","Nocturnal"
"Kerivoula cuprosa","5.03",,,,,,,,"100","0","0","0","0","0","0","0","0","0","1","Invertebrates","Faunivore","Aerial","Nocturnal"
"Kerivoula eriophora","5.03",,,,,,,,"100","0","0","0","0","0","0","0","0","0","1","Invertebrates","Faunivore","Aerial","Nocturnal"
"Kerivoula flora","5.95",,,,,,,,"100","0","0","0","0","0","0","0","0","0","1","Invertebrates","Faunivore","Aerial","Nocturnal"
"Kerivoula hardwickii","4.55",,,,,,,,"100","0","0","0","0","0","0","0","0","0","1","Invertebrates","Faunivore","Aerial","Nocturnal"
"Kerivoula intermedia","3.55",,,,,,,,"100","0","0","0","0","0","0","0","0","0","1","Invertebrates","Faunivore","Aerial","Nocturnal"
"Kerivoula lanosa","6.5",,,,,,,,"100","0","0","0","0","0","0","0","0","0","1","Invertebrates","Faunivore","Scansorial","Nocturnal"
"Kerivoula lenis","4.9",,,,,,,,"100","0","0","0","0","0","0","0","0","0","1","Invertebrates","Faunivore","Aerial","Nocturnal"
"Kerivoula minuta","2.07",,,,,,,,"100","0","0","0","0","0","0","0","0","0","1","Invertebrates","Faunivore","Aerial","Nocturnal"
"Kerivoula muscina","5.15",,,,,,,,"100","0","0","0","0","0","0","0","0","0","1","Invertebrates","Faunivore","Aerial","Nocturnal"
"Kerivoula myrella","6.5",,,,,,,,"100","0","0","0","0","0","0","0","0","0","1","Invertebrates","Faunivore","Aerial","Nocturnal"
"Kerivoula papillosa","9.95",,,,,,,,"100","0","0","0","0","0","0","0","0","0","1","Invertebrates","Faunivore","Aerial","Nocturnal"
"Kerivoula pellucida","4.115",,,,,,,,"100","0","0","0","0","0","0","0","0","0","1","Invertebrates","Faunivore","Aerial","Nocturnal"
"Kerivoula phalaena","3",,,,,,,,"100","0","0","0","0","0","0","0","0","0","1","Invertebrates","Faunivore","Aerial","Nocturnal"
"Kerivoula picta","4.5",,,,,,,,"100","0","0","0","0","0","0","0","0","0","1","Invertebrates","Faunivore","Aerial","Nocturnal"
"Kerivoula smithii","5.03",,,,,,,,"100","0","0","0","0","0","0","0","0","0","1","Invertebrates","Faunivore","Aerial","Nocturnal"
"Kerivoula whiteheadi","3.95",,,,,,,,"100","0","0","0","0","0","0","0","0","0","1","Invertebrates","Faunivore","Aerial","Nocturnal"
"Kerodon acrobata","800",,,,,,,,"0","0","0","0","0","0","0","0","0","100","1","Other plant","Herbivore","Ground","Crepuscular"
"Kerodon rupestris","766.5","366.5","0.5",,,,,,"0","0","0","0","0","0","0","0","0","100","1","Other plant","Herbivore","Ground","Crepuscular"
"Kobus defassa","109900",,,,,,,,,,,,,,,,,,,,,,
"Kobus ellipsiprymnus","175648.455","26667","0.2667",,,,,,"0","0","0","0","0","0","0","0","0","100","1","Other plant","Herbivore","Ground","Cathemeral"
"Kobus kob","98000.03",,,,,,,,"0","0","0","0","0","0","0","0","0","100","1","Other plant","Herbivore","Ground","Cathemeral"
"Kobus leche","116874.525",,,,,,,,"0","0","0","0","0","0","0","0","0","100","1","Other plant","Herbivore","Ground","Cathemeral"
"Kobus megaceros","87500.39",,,,,,,,"0","0","0","0","0","0","0","0","0","100","1","Other plant","Herbivore","Ground","Cathemeral"
"Kobus vardonii","71500.65",,,,,,,,"0","0","0","0","0","0","0","0","0","100","1","Other plant","Herbivore","Ground","Cathemeral"
"Kogia breviceps","356833.3333",,,,,,,,"100","0","0","0","0","0","0","0","0","0","1","Invertebrates","Faunivore","Marine","Cathemeral"
"Kogia sima","175783.33",,,,,,,,"100","0","0","0","0","0","0","0","0","0","1","Invertebrates","Faunivore","Marine","Cathemeral"
"Kogia simus","168500",,,,,,,,,,,,,,,,,,,,,,
"Komodomys rintjanus","73.85",,,,,,,,"10","0","0","0","0","0","10","0","20","60","4","Other plant","Herbivore","Ground","Nocturnal"
"Kunsia fronto","168",,,,,,,,"20","0","0","0","0","0","10","0","40","30","4","Seed","Herbivore","Ground","Nocturnal"
"Kunsia tomentosus","115.6",,,,,,,,"20","0","0","0","0","0","10","0","40","30","4","Seed","Herbivore","Ground","Nocturnal"
"La Chapelle I","76410",,,,,,,,,,,,,,,,,,,,,,
"La Ferrassie I","84990",,,,,,,,,,,,,,,,,,,,,,
"Laephotis angolensis","7.48",,,,,,,,"100","0","0","0","0","0","0","0","0","0","1","Invertebrates","Faunivore","Aerial","Nocturnal"
"Laephotis botswanae","7.2",,,,,,,,"100","0","0","0","0","0","0","0","0","0","1","Invertebrates","Faunivore","Aerial","Nocturnal"
"Laephotis namibensis","7.48",,,,,,,,"100","0","0","0","0","0","0","0","0","0","1","Invertebrates","Faunivore","Aerial","Nocturnal"
"Laephotis wintoni","6",,,,,,,,"100","0","0","0","0","0","0","0","0","0","1","Invertebrates","Faunivore","Aerial","Nocturnal"
"Lagenodelphis hosei","164000",,,,,,,,"40","0","0","60","0","0","0","0","0","0","2","Fish","Faunivore","Marine","Cathemeral"
"Lagenorhynchus acutus","182201.6667",,,,,,,,"40","0","0","60","0","0","0","0","0","0","2","Fish","Faunivore","Marine","Cathemeral"
"Lagenorhynchus albirostris","105000",,,,,,,,"40","0","0","60","0","0","0","0","0","0","2","Fish","Faunivore","Marine","Cathemeral"
"Lagenorhynchus australis","120000",,,,,,,,"40","0","0","60","0","0","0","0","0","0","2","Fish","Faunivore","Marine","Cathemeral"
"Lagenorhynchus cruciger","110000",,,,,,,,"40","0","0","60","0","0","0","0","0","0","2","Fish","Faunivore","Marine","Cathemeral"
"Lagenorhynchus obliquidens","99916.6667",,,,,,,,"40","0","0","60","0","0","0","0","0","0","2","Fish","Faunivore","Marine","Cathemeral"
"Lagenorhynchus obscurus","92986.55",,,,,,,,"40","0","0","60","0","0","0","0","0","0","2","Fish","Faunivore","Marine","Cathemeral"
"Lagenorhyncus obliquidens","86000",,,,,,,,,,,,,,,,,,,,,,
"Lagidium peruanum","1220",,,,,,,,"0","0","0","0","0","0","0","0","0","100","1","Other plant","Herbivore","Ground","Crepuscular"
"Lagidium viscacia","2018.8333","699","0.34",,,,,,"0","0","0","0","0","0","0","0","0","100","1","Other plant","Herbivore","Ground","Crepuscular"
"Lagidium wolffsohni","2682.01",,,,,,,,"0","0","0","0","0","0","0","0","0","100","1","Other plant","Herbivore","Ground","Crepuscular"
"Lagodon rhomboides","149.22",,,,,,,,,,,,,,,,,,,,,,
"Lagorchestes asomatus","1500",,,,,,,,"0","0","0","0","0","0","0","0","0","100","1","Other plant","Herbivore","Ground","Nocturnal"
"Lagorchestes conspicillatus","2910","857.6","0.32",,,,,,"0","0","0","0","0","0","0","0","0","100","1","Other plant","Herbivore","Ground","Nocturnal"
"Lagorchestes hirsutus","1265",,,,,,,,"0","0","0","0","0","0","0","0","0","100","1","Other plant","Herbivore","Ground","Nocturnal"
"Lagorchestes leporides","3000",,,,,,,,"0","0","0","0","0","0","0","0","0","100","1","Other plant","Herbivore","Ground","Nocturnal"
"Lagostomus crassus","4647.51",,,,,,,,"0","0","0","0","0","0","0","0","40","60","2","Other plant","Herbivore","Ground","Crepuscular"
"Lagostomus maximus","5234.0867","1886","0.278",,,,,,"0","0","0","0","0","0","0","0","40","60","2","Other plant","Herbivore","Ground","Crepuscular"
"Lagostrophus fasciatus","1725",,,,,,,,"0","0","0","0","0","0","50","0","0","50","2","Fruit","Herbivore","Ground","Nocturnal"
"Lagothrix cana","6151.28",,,,,,,,"0","0","0","0","0","0","70","10","0","20","3","Fruit","Herbivore","Arboreal","Diurnal"
"Lagothrix lagothricha","5920",,,"30","224","391.3333","1","2555","10","0","0","0","0","0","70","0","10","10","4","Fruit","Herbivore","Arboreal","Diurnal"
"Lagothrix lugens","6",,,,,,,,"0","0","0","0","0","0","70","10","0","20","3","Fruit","Herbivore","Arboreal","Diurnal"
"Lagothrix poeppigii","4550.0775",,,,,,,,"0","0","0","0","0","0","70","10","0","20","3","Fruit","Herbivore","Arboreal","Diurnal"
"Lagurus lagurus","20.2",,,,,,,,"0","0","0","0","0","0","0","0","0","100","1","Other plant","Herbivore","Ground","Nocturnal"
"Lama glama","115207.934","26689","0.2321",,,,,,"0","0","0","0","0","0","0","0","0","100","1","Other plant","Herbivore","Ground","Diurnal"
"Lama glama domesticus","107250",,,"28.9","332.05","152","1","800",,,,,,,,,,,,,,,
"Lama guanicoe","90000",,,,,,,,,,,,,,,,,,,,,,
"Lamottemys okuensis","75.89",,,,,,,,"10","0","0","0","0","0","10","0","20","60","4","Other plant","Herbivore","Ground","Nocturnal"
"Lampetra fluviatilis","54",,,,,,,,,,,,,,,,,,,,,,
"Lampornis clemenciae","8",,,,,,,,,,,,,,,,,,,,,,
"Lampronycteris brachyotis","10.39",,,,,,,,"80","0","0","0","0","0","20","0","0","0","2","Invertebrates","Faunivore","Scansorial","Nocturnal"
"Lariscus hosei","180",,,,,,,,"0","0","0","0","0","0","50","0","50","0","2","Fruit","Herbivore","Ground","Diurnal"
"Lariscus insignis","200",,,,,,,,"0","0","0","0","0","0","50","0","50","0","2","Fruit","Herbivore","Ground","Diurnal"
"Lariscus niobe","190.2",,,,,,,,"0","0","0","0","0","0","50","0","50","0","2","Fruit","Herbivore","Ground","Diurnal"
"Lariscus obscurus","241.19",,,,,,,,"0","0","0","0","0","0","50","0","50","0","2","Fruit","Herbivore","Ground","Diurnal"
"Lasionycteris noctivagans","10.46",,,,,,,,"100","0","0","0","0","0","0","0","0","0","1","Invertebrates","Faunivore","Aerial","Nocturnal"
"Lasiopodomys brandtii","71.825","104.905","2.1334",,,,,,"0","0","0","0","0","0","0","0","0","100","1","Other plant","Herbivore","Ground","Diurnal"
"Lasiopodomys fuscus","42.5",,,,,,,,"0","0","0","0","0","0","0","0","0","100","1","Other plant","Herbivore","Ground","Diurnal"
"Lasiopodomys mandarinus","47.48",,,,,,,,"0","0","0","0","0","0","0","0","0","100","1","Other plant","Herbivore","Ground","Diurnal"
"Lasiorhinus krefftii","17374.995",,,,,,,,"0","0","0","0","0","0","0","0","0","100","1","Other plant","Herbivore","Ground","Nocturnal"
"Lasiorhinus latifrons","29917","2525","0.1",,,,,,"0","0","0","0","0","0","0","0","0","100","1","Other plant","Herbivore","Ground","Nocturnal"
"Lasiurus atratus","14.57",,,,,,,,"100","0","0","0","0","0","0","0","0","0","1","Invertebrates","Faunivore","Aerial","Nocturnal"
"Lasiurus blossevillii","9.5",,,,,,,,"100","0","0","0","0","0","0","0","0","0","1","Invertebrates","Faunivore","Aerial","Nocturnal"
"Lasiurus borealis","11","17.45","1.4303",,,,,,"100","0","0","0","0","0","0","0","0","0","1","Invertebrates","Faunivore","Aerial","Nocturnal"
"Lasiurus castaneus","13.63",,,,,,,,"100","0","0","0","0","0","0","0","0","0","1","Invertebrates","Faunivore","Aerial","Nocturnal"
"Lasiurus cinereus","33","28.26","1.2215",,,,,,"100","0","0","0","0","0","0","0","0","0","1","Invertebrates","Faunivore","Aerial","Nocturnal"
"Lasiurus degelidus","14.57",,,,,,,,"100","0","0","0","0","0","0","0","0","0","1","Invertebrates","Faunivore","Aerial","Nocturnal"
"Lasiurus ebenus","14",,,,,,,,"100","0","0","0","0","0","0","0","0","0","1","Invertebrates","Faunivore","Aerial","Nocturnal"
"Lasiurus ega","13.2",,,,,,,,"100","0","0","0","0","0","0","0","0","0","1","Invertebrates","Faunivore","Aerial","Nocturnal"
"Lasiurus egregius","20",,,,,,,,"100","0","0","0","0","0","0","0","0","0","1","Invertebrates","Faunivore","Aerial","Nocturnal"
"Lasiurus insularis","14.57",,,,,,,,"100","0","0","0","0","0","0","0","0","0","1","Invertebrates","Faunivore","Aerial","Nocturnal"
"Lasiurus intermedius","22.815","18.3","0.8097",,,,,,"100","0","0","0","0","0","0","0","0","0","1","Invertebrates","Faunivore","Aerial","Nocturnal"
"Lasiurus minor","14.57",,,,,,,,"100","0","0","0","0","0","0","0","0","0","1","Invertebrates","Faunivore","Aerial","Nocturnal"
"Lasiurus pfeifferi","14.57",,,,,,,,"100","0","0","0","0","0","0","0","0","0","1","Invertebrates","Faunivore","Aerial","Nocturnal"
"Lasiurus salinae","14.57",,,,,,,,"100","0","0","0","0","0","0","0","0","0","1","Invertebrates","Faunivore","Aerial","Nocturnal"
"Lasiurus seminolus","9.845","13.5","1.3776",,,,,,"100","0","0","0","0","0","0","0","0","0","1","Invertebrates","Faunivore","Aerial","Nocturnal"
"Lasiurus varius","14.57",,,,,,,,"100","0","0","0","0","0","0","0","0","0","1","Invertebrates","Faunivore","Aerial","Nocturnal"
"Lasiurus xanthinus","14.57",,,,,,,,"100","0","0","0","0","0","0","0","0","0","1","Invertebrates","Faunivore","Aerial","Nocturnal"
"Latidens salimalii","44",,,,,,,,"0","0","0","0","0","0","80","20","0","0","2","Fruit","Herbivore","Arboreal","Nocturnal"
"Lavia frons","23.715",,,,,,,,"100","0","0","0","0","0","0","0","0","0","1","Invertebrates","Faunivore","Scansorial","Cathemeral"
"Leggadina forresti","20",,,,,,,,"0","0","0","0","0","0","0","0","50","50","2","Seed","Herbivore","Ground","Nocturnal"
"Leggadina lakedownensis","17.5",,,,,,,,"0","0","0","0","0","0","0","0","50","50","2","Seed","Herbivore","Ground","Nocturnal"
"Leimacomys buttneri","55",,,,,,,,"20","0","0","0","0","0","0","0","0","80","2","Other plant","Herbivore","Ground","Nocturnal"
"Leiostomus xanthurus","234.52",,,,,,,,,,,,,,,,,,,,,,
"Lemmiscus curtatus","29.285","50.3","1.6601",,,,,,"0","0","0","0","0","0","0","0","0","100","1","Other plant","Herbivore","Ground","Nocturnal"
"Lemmus amurensis","42.81",,,,,,,,"0","0","0","0","0","0","10","0","0","90","2","Other plant","Herbivore","Ground","Cathemeral"
"Lemmus lemmus","56.75","160","2.6403",,,,,,"0","0","0","0","0","0","10","0","0","90","2","Other plant","Herbivore","Ground","Cathemeral"
"Lemmus portenkoi","55.76",,,,,,,,"0","0","0","0","0","0","10","0","0","90","2","Other plant","Herbivore","Ground","Cathemeral"
"Lemmus sibiricus","67.2067","180.9","2.322",,,,,,"0","0","0","0","0","0","10","0","0","90","2","Other plant","Herbivore","Ground","Cathemeral"
"Lemmus trimucronatus","63.1567","114.5975","2.3127",,,,,,"0","0","0","0","0","0","10","0","0","90","2","Other plant","Herbivore","Ground","Cathemeral"
"Lemniscomys barbarus","33.43",,,,,,,,"10","0","0","0","0","0","0","0","30","60","3","Other plant","Herbivore","Ground","Cathemeral"
"Lemniscomys bellieri","46.47",,,,,,,,"10","0","0","0","0","0","0","0","30","60","3","Other plant","Herbivore","Ground","Diurnal"
"Lemniscomys griselda","58",,,,,,,,"10","0","0","0","0","0","0","0","30","60","3","Other plant","Herbivore","Ground","Diurnal"
"Lemniscomys hoogstraali","44.92",,,,,,,,"10","0","0","0","0","0","0","0","30","60","3","Other plant","Herbivore","Ground","Diurnal"
"Lemniscomys linulus","44.45",,,,,,,,"10","0","0","0","0","0","0","0","30","60","3","Other plant","Herbivore","Ground","Diurnal"
"Lemniscomys macculus","26.5",,,,,,,,"10","0","0","0","0","0","0","0","30","60","3","Other plant","Herbivore","Ground","Diurnal"
"Lemniscomys mittendorfi","41.85",,,,,,,,"10","0","0","0","0","0","0","0","30","60","3","Other plant","Herbivore","Ground","Diurnal"
"Lemniscomys rosalia","53.725","58.335","1.2115",,,,,,"10","0","0","0","0","0","0","0","30","60","3","Other plant","Herbivore","Ground","Diurnal"
"Lemniscomys roseveari","44.73",,,,,,,,"10","0","0","0","0","0","0","0","30","60","3","Other plant","Herbivore","Ground","Diurnal"
"Lemniscomys striatus","42.165",,,,,,,,"10","0","0","0","0","0","0","0","30","60","3","Other plant","Herbivore","Ground","Cathemeral"
"Lemniscomys zebra","41.16",,,,,,,,"10","0","0","0","0","0","0","0","30","60","3","Other plant","Herbivore","Ground","Diurnal"
"Lemur catta","2173.3333","512.1915","0.2162","30","135.6667","159.8333","1.1333","595","0","0","0","0","0","0","80","0","0","20","2","Fruit","Herbivore","Scansorial","Diurnal"
"Lenomys meyeri","74.17",,,,,,,,"10","0","0","0","0","0","10","0","20","60","4","Other plant","Herbivore","Scansorial","Nocturnal"
"Lenothrix canus","135",,,,,,,,"10","0","0","0","0","0","10","0","20","60","4","Other plant","Herbivore","Arboreal","Nocturnal"
"Lenoxus apicalis","53.6",,,,,,,,"20","0","0","0","0","0","10","0","40","30","4","Seed","Herbivore","Ground","Nocturnal"
"Leontopithecus caissara","572",,,,,,,,"50","0","0","0","0","0","50","0","0","0","2","Invertebrates","Omnivore","Arboreal","Diurnal"
"Leontopithecus chrysomelas","655",,,,,,,,"50","0","0","0","0","0","50","0","0","0","2","Invertebrates","Omnivore","Arboreal","Diurnal"
"Leontopithecus chrysopygus","700",,,,,,,,"50","0","0","0","0","0","50","0","0","0","2","Invertebrates","Omnivore","Arboreal","Diurnal"
"Leontopithecus rosalia","607.25","381.75","0.5208",,"129","90",,,"50","0","0","0","0","0","50","0","0","0","2","Invertebrates","Omnivore","Arboreal","Diurnal"
"Leopardus braccatus","5157.94",,,,,,,,"0","100","0","0","0","0","0","0","0","0","1","Endotherm vertebrates","Faunivore","Ground","Cathemeral"
"Leopardus colocolo","5157.94",,,,,,,,"0","100","0","0","0","0","0","0","0","0","1","Endotherm vertebrates","Faunivore","Ground","Nocturnal"
"Leopardus geoffroyi","4373.97",,,,,,,,"0","80","10","10","0","0","0","0","0","0","3","Endotherm vertebrates","Faunivore","Ground","Nocturnal"
"Leopardus guigna","5157.94",,,,,,,,"0","100","0","0","0","0","0","0","0","0","1","Endotherm vertebrates","Faunivore","Arboreal","Cathemeral"
"Leopardus jacobitus","8133.78",,,,,,,,"0","100","0","0","0","0","0","0","0","0","1","Endotherm vertebrates","Faunivore","Ground","Cathemeral"
"Leopardus pajeros","5157.94",,,,,,,,"0","100","0","0","0","0","0","0","0","0","1","Endotherm vertebrates","Faunivore","Ground","Nocturnal"
"Leopardus pardalis","10965.116","3126.3","0.2977",,,,,,"0","70","20","10","0","0","0","0","0","0","3","Endotherm vertebrates","Faunivore","Ground","Nocturnal"
"Leopardus tigrinus","2250",,,,,,,,"0","100","0","0","0","0","0","0","0","0","1","Endotherm vertebrates","Faunivore","Scansorial","Cathemeral"
"Leopardus wiedii","3399.985","937.2","0.264",,,,,,"0","80","0","0","0","0","20","0","0","0","2","Endotherm vertebrates","Faunivore","Scansorial","Nocturnal"
"Leopoldamys ciliatus","336.38",,,,,,,,"50","0","0","0","0","0","0","0","0","50","2","Invertebrates","Omnivore","Ground","Nocturnal"
"Leopoldamys edwardsi","316.05",,,,,,,,"50","0","0","0","0","0","0","0","0","50","2","Invertebrates","Omnivore","Ground","Nocturnal"
"Leopoldamys milleti","336.38",,,,,,,,"50","0","0","0","0","0","0","0","0","50","2","Invertebrates","Omnivore","Ground","Nocturnal"
"Leopoldamys neilli","219",,,,,,,,"50","0","0","0","0","0","0","0","0","50","2","Invertebrates","Omnivore","Ground","Nocturnal"
"Leopoldamys sabanus","335.515",,,,,,,,"50","0","0","0","0","0","0","0","0","50","2","Invertebrates","Omnivore","Ground","Nocturnal"
"Leopoldamys siporanus","454.35",,,,,,,,"50","0","0","0","0","0","0","0","0","50","2","Invertebrates","Omnivore","Ground","Nocturnal"
"Lepidocybium flavobrunneum","38600",,,,,,,,,,,,,,,,,,,,,,
"Lepidonotus squamatus","0.49",,,,,,,,,,,,,,,,,,,,,,
"Lepilemur ankaranensis","700.89",,,,,,,,"0","0","0","0","0","0","0","0","0","100","1","Other plant","Herbivore","Arboreal","Nocturnal"
"Lepilemur dorsalis","746.6667",,,,,,,,"0","0","0","0","0","0","0","0","0","100","1","Other plant","Herbivore","Arboreal","Nocturnal"
"Lepilemur edwardsi","873.25",,,,,,,,"0","0","0","0","0","0","0","0","0","100","1","Other plant","Herbivore","Arboreal","Nocturnal"
"Lepilemur leucopus","614.5",,,,,,,,"0","0","0","0","0","0","0","0","0","100","1","Other plant","Herbivore","Arboreal","Nocturnal"
"Lepilemur microdon","946.6667",,,,,,,,"0","0","0","0","0","0","0","0","0","100","1","Other plant","Herbivore","Arboreal","Nocturnal"
"Lepilemur mustelinus","778.64","225.1","0.3246",,"135","75",,,"0","0","0","0","0","0","0","0","0","100","1","Other plant","Herbivore","Arboreal","Nocturnal"
"Lepilemur ruficaudatus","915","225","0.3247",,"163","121","1","595","0","0","0","0","0","0","0","0","0","100","1","Other plant","Herbivore","Arboreal","Nocturnal"
"Lepilemur septentrionalis","750",,,,,,,,"0","0","0","0","0","0","0","0","0","100","1","Other plant","Herbivore","Arboreal","Nocturnal"
"Lepilemur sp.",,"239.3831","0.3464",,,,,,,,,,,,,,,,,,,,
"Lepomis punctatus","173.14",,,,,,,,,,,,,,,,,,,,,,
"Leporillus apicalis","150",,,,,,,,"0","0","0","0","0","0","0","0","0","100","1","Other plant","Herbivore","Ground","Nocturnal"
"Leporillus conditor","350",,,,,,,,"0","0","0","0","0","0","0","0","0","100","1","Other plant","Herbivore","Ground","Nocturnal"
"Leptailurus serval","11181.994","3140","0.3103",,,,,,"0","100","0","0","0","0","0","0","0","0","1","Endotherm vertebrates","Faunivore","Ground","Nocturnal"
"Leptomys elegans","84.75",,,,,,,,"50","0","0","0","50","0","0","0","0","0","2","Invertebrates","Faunivore","Ground","Nocturnal"
"Leptomys ernstmayri","42.85",,,,,,,,"50","0","0","0","50","0","0","0","0","0","2","Invertebrates","Faunivore","Ground","Nocturnal"
"Leptomys signatus","52.04",,,,,,,,"50","0","0","0","50","0","0","0","0","0","2","Invertebrates","Faunivore","Ground","Nocturnal"
"Leptonychotes weddellii","385211.1122","83674.6667","0.2227",,,,,,"40","0","0","60","0","0","0","0","0","0","2","Fish","Faunivore","Marine","Diurnal"
"Leptonycteris curasoae","24.14","34.1","1.4208",,,,,,"20","0","0","0","0","0","40","40","0","0","3","Fruit","Herbivore","Arboreal","Nocturnal"
"Leptonycteris nivalis","24.27",,,,,,,,"20","0","0","0","0","0","40","40","0","0","3","Fruit","Herbivore","Arboreal","Nocturnal"
"Leptonycteris yerbabuenae","22.12","36.5","1.6591",,,,,,"20","0","0","0","0","0","40","40","0","0","3","Fruit","Herbivore","Arboreal","Nocturnal"
"Lepus alleni","3433.01","1583","0.5005",,,,,,"0","0","0","0","0","0","0","0","0","100","1","Other plant","Herbivore","Ground","Nocturnal"
"Lepus americanus","1572.84","1295","0.8579",,,,,,"0","0","0","0","0","0","0","0","0","100","1","Other plant","Herbivore","Ground","Nocturnal"
"Lepus arcticus","3880.0133","1081","0.3599",,,,,,"0","0","0","0","0","30","0","0","0","70","2","Other plant","Herbivore","Ground","Nocturnal"
"Lepus brachyurus","2519.45",,,,,,,,"0","0","0","0","0","0","0","0","0","100","1","Other plant","Herbivore","Ground","Nocturnal"
"Lepus californicus","2293.96","1214.5","0.566",,,,,,"0","0","0","0","0","0","0","0","0","100","1","Other plant","Herbivore","Ground","Nocturnal"
"Lepus callotis","2500",,,,,,,,"0","0","0","0","0","0","0","0","0","100","1","Other plant","Herbivore","Ground","Nocturnal"
"Lepus capensis","2358.0567","525","0.375",,,,,,"0","0","0","0","0","0","0","0","0","100","1","Other plant","Herbivore","Ground","Nocturnal"
"Lepus castroviejoi","2822.41",,,,,,,,"0","0","0","0","0","0","0","0","0","100","1","Other plant","Herbivore","Ground","Nocturnal"
"Lepus comus","1460",,,,,,,,"0","0","0","0","0","0","0","0","0","100","1","Other plant","Herbivore","Ground","Nocturnal"
"Lepus coreanus","2017.79",,,,,,,,"0","0","0","0","0","0","0","0","0","100","1","Other plant","Herbivore","Ground","Nocturnal"
"Lepus corsicanus","3000",,,,,,,,"0","0","0","0","0","0","0","0","0","100","1","Other plant","Herbivore","Ground","Nocturnal"
"Lepus europaeus","3522.875","1169","0.6851",,,,,,"0","0","0","0","0","0","0","0","0","100","1","Other plant","Herbivore","Ground","Nocturnal"
"Lepus fagani","2048.51",,,,,,,,"0","0","0","0","0","0","0","0","0","100","1","Other plant","Herbivore","Ground","Nocturnal"
"Lepus flavigularis","2999.99",,,,,,,,"0","0","0","0","0","0","0","0","0","100","1","Other plant","Herbivore","Ground","Nocturnal"
"Lepus granatensis","4010",,,,,,,,"0","0","0","0","0","0","0","0","0","100","1","Other plant","Herbivore","Ground","Nocturnal"
"Lepus habessinicus","2015.56",,,,,,,,"0","0","0","0","0","0","0","0","0","100","1","Other plant","Herbivore","Ground","Nocturnal"
"Lepus hainanus","2000",,,,,,,,"0","0","0","0","0","0","0","0","0","100","1","Other plant","Herbivore","Ground","Nocturnal"
"Lepus insularis","2658.02",,,,,,,,"0","0","0","0","0","0","0","0","0","100","1","Other plant","Herbivore","Ground","Nocturnal"
"Lepus mandshuricus","1800",,,,,,,,"0","0","0","0","0","0","0","0","0","100","1","Other plant","Herbivore","Ground","Nocturnal"
"Lepus microtis","1763.61",,,,,,,,"0","0","0","0","0","0","0","0","0","100","1","Other plant","Herbivore","Ground","Nocturnal"
"Lepus nigricollis","2129.75",,,,,,,,"0","0","0","0","0","0","0","0","0","100","1","Other plant","Herbivore","Ground","Nocturnal"
"Lepus oiostolus","3000",,,,,,,,"0","0","0","0","0","0","0","0","0","100","1","Other plant","Herbivore","Ground","Nocturnal"
"Lepus othus","4805.96",,,,,,,,"0","0","0","0","0","0","0","0","0","100","1","Other plant","Herbivore","Ground","Nocturnal"
"Lepus peguensis","2267.5",,,,,,,,"0","0","0","0","0","0","0","0","0","100","1","Other plant","Herbivore","Ground","Nocturnal"
"Lepus saxatilis","2363.33",,,,,,,,"0","0","0","0","0","0","0","0","0","100","1","Other plant","Herbivore","Ground","Nocturnal"
"Lepus sinensis","1510",,,,,,,,"0","0","0","0","0","0","0","0","0","100","1","Other plant","Herbivore","Ground","Nocturnal"
"Lepus starcki","2750",,,,,,,,"0","0","0","0","0","0","0","0","0","100","1","Other plant","Herbivore","Ground","Nocturnal"
"Lepus tibetanus","2451.03",,,,,,,,"0","0","0","0","0","0","0","0","0","100","1","Other plant","Herbivore","Ground","Nocturnal"
"Lepus timidus","3139.5","2637.8","0.852",,,,,,"0","0","0","0","0","0","0","0","0","100","1","Other plant","Herbivore","Ground","Nocturnal"
"Lepus tolai","1589",,,,,,,,"0","0","0","0","0","0","0","0","0","100","1","Other plant","Herbivore","Ground","Nocturnal"
"Lepus townsendii","1992.5","1263","0.5198",,,,,,"0","0","0","0","0","0","0","0","0","100","1","Other plant","Herbivore","Ground","Nocturnal"
"Lepus yarkandensis","1460.41",,,,,,,,"0","0","0","0","0","0","0","0","0","100","1","Other plant","Herbivore","Ground","Nocturnal"
"Lestodelphys halli","76",,,,,,,,"0","100","0","0","0","0","0","0","0","0","1","Endotherm vertebrates","Faunivore","Scansorial","Nocturnal"
"Lestoros inca","21.1",,,,,,,,"70","0","0","0","10","0","10","0","0","10","4","Invertebrates","Faunivore","Ground","Cathemeral"
"Leucoraja erinacea","211.07",,,,,,,,,,,,,,,,,,,,,,
"Leucoraja ocellata","1537.13",,,,,,,,,,,,,,,,,,,,,,
"Leuresthes tenuis","17.5733",,,,,,,,,,,,,,,,,,,,,,
"Liberiictis kuhni","2150.01",,,,,,,,"80","0","0","0","20","0","0","0","0","0","2","Invertebrates","Faunivore","Ground","Diurnal"
"Lichonycteris obscura","5.6",,,,,,,,"0","0","0","0","0","0","50","50","0","0","2","Fruit","Herbivore","Arboreal","Nocturnal"
"Ligia occidentalis","0.3",,,,,,,,,,,,,,,,,,,,,,
"Limnomys bryophilus","64.1",,,,,,,,"10","0","0","0","0","0","10","0","20","60","4","Other plant","Herbivore","Scansorial","Nocturnal"
"Limnomys sibuanus","60",,,,,,,,"10","0","0","0","0","0","10","0","20","60","4","Other plant","Herbivore","Scansorial","Nocturnal"
"Liomys adspersus","65",,,,,,,,"0","0","0","0","0","0","0","0","50","50","2","Seed","Herbivore","Ground","Nocturnal"
"Liomys irroratus","51.4","57.05","1.2307",,,,,,"0","0","0","0","0","0","0","0","50","50","2","Seed","Herbivore","Ground","Nocturnal"
"Liomys pictus","41.675",,,,,,,,"0","0","0","0","0","0","0","0","50","50","2","Seed","Herbivore","Ground","Nocturnal"
"Liomys salvini","43.5889","51.0333","1.1652",,,,,,"0","0","0","0","0","0","0","0","50","50","2","Seed","Herbivore","Ground","Nocturnal"
"Liomys spectabilis","65",,,,,,,,"0","0","0","0","0","0","0","0","50","50","2","Seed","Herbivore","Ground","Nocturnal"
"Lionycteris spurrelli","7.965",,,,,,,,"30","0","0","0","0","0","60","10","0","0","3","Fruit","Herbivore","Arboreal","Nocturnal"
"Lipotes vexillifer","147833.3333",,,,,,,,"0","0","0","100","0","0","0","0","0","0","1","Fish","Faunivore","Marine","Diurnal"
"Lissodelphis borealis","93000",,,,,,,,"40","0","0","60","0","0","0","0","0","0","2","Fish","Faunivore","Marine","Cathemeral"
"Lissodelphis peronii","116000",,,,,,,,"40","0","0","60","0","0","0","0","0","0","2","Fish","Faunivore","Marine","Cathemeral"
"Lissonycteris angolensis","76.23",,,,,,,,"0","0","0","0","0","0","60","40","0","0","2","Fruit","Herbivore","Arboreal","Nocturnal"
"Litocranius walleri","38874.845",,,,,,,,"0","0","0","0","0","0","0","0","0","100","1","Other plant","Herbivore","Ground","Cathemeral"
"Lobodon carcinophaga","223624.995",,,,,,,,"100","0","0","0","0","0","0","0","0","0","1","Invertebrates","Faunivore","Marine","Cathemeral"
"Locustaevora migratoriae","2",,,,,,,,,,,,,,,,,,,,,,
"Lonchophylla bokermanni","11.8",,,,,,,,"40","0","0","0","0","0","30","30","0","0","3","Invertebrates","Omnivore","Arboreal","Nocturnal"
"Lonchophylla dekeyseri","11.8",,,,,,,,"40","0","0","0","0","0","30","30","0","0","3","Invertebrates","Omnivore","Arboreal","Nocturnal"
"Lonchophylla handleyi","18.5",,,,,,,,"40","0","0","0","0","0","30","30","0","0","3","Invertebrates","Omnivore","Arboreal","Nocturnal"
"Lonchophylla hesperia","11.8",,,,,,,,"40","0","0","0","0","0","30","30","0","0","3","Invertebrates","Omnivore","Arboreal","Nocturnal"
"Lonchophylla mordax","10.7",,,,,,,,"40","0","0","0","0","0","30","30","0","0","3","Invertebrates","Omnivore","Arboreal","Nocturnal"
"Lonchophylla robusta","13",,,,,,,,"40","0","0","0","0","0","30","30","0","0","3","Invertebrates","Omnivore","Arboreal","Nocturnal"
"Lonchophylla thomasi","7.025",,,,,,,,"40","0","0","0","0","0","30","30","0","0","3","Invertebrates","Omnivore","Arboreal","Nocturnal"
"Lonchorhina aurita","16.85",,,,,,,,"100","0","0","0","0","0","0","0","0","0","1","Invertebrates","Faunivore","Scansorial","Nocturnal"
"Lonchorhina aurita (PHN)","18",,,,,,,,,,,,,,,,,,,,,,
"Lonchorhina fernandezi","14.32",,,,,,,,"100","0","0","0","0","0","0","0","0","0","1","Invertebrates","Faunivore","Scansorial","Nocturnal"
"Lonchorhina inusitata","13.29",,,,,,,,"100","0","0","0","0","0","0","0","0","0","1","Invertebrates","Faunivore","Scansorial","Nocturnal"
"Lonchorhina marinkellei","17",,,,,,,,"100","0","0","0","0","0","0","0","0","0","1","Invertebrates","Faunivore","Scansorial","Nocturnal"
"Lonchorhina orinocensis","8.8",,,,,,,,"100","0","0","0","0","0","0","0","0","0","1","Invertebrates","Faunivore","Scansorial","Nocturnal"
"Lonchothrix emiliae","138.2",,,,,,,,"0","0","0","0","0","0","30","0","20","50","3","Other plant","Herbivore","Arboreal","Nocturnal"
"Long-tailed macaque","5700",,,,,"385",,,,,,,,,,,,,,,,,
"Lontra canadensis","7968.71",,,,,,,,"0","0","10","90","0","0","0","0","0","0","2","Fish","Faunivore","Ground","Nocturnal"
"Lontra felina","17300",,,,,,,,"70","0","0","30","0","0","0","0","0","0","2","Invertebrates","Faunivore","Marine","Diurnal"
"Lontra longicaudis","7277.48",,,,,,,,"10","0","0","80","10","0","0","0","0","0","3","Fish","Faunivore","Ground","Nocturnal"
"Lontra provocax","7499.98",,,,,,,,"50","0","0","50","0","0","0","0","0","0","2","Invertebrates","Faunivore","Ground","Nocturnal"
"Lophiomys imhausi","755.01",,,,,,,,"0","0","0","0","0","0","0","0","0","100","1","Other plant","Herbivore","Scansorial","Nocturnal"
"Lophocebus albigena","7645",,,"32.7","175","365","1.01","2525.48","0","0","0","0","0","0","50","0","0","50","2","Fruit","Herbivore","Arboreal","Diurnal"
"Lophocebus aterrimus","6326.074",,,,,,,,"0","0","0","0","0","0","40","20","40","0","3","Fruit","Herbivore","Arboreal","Diurnal"
"Lophocebus opdenboschi","7075.67",,,,,,,,"0","0","0","0","0","0","40","20","40","0","3","Fruit","Herbivore","Arboreal","Diurnal"
"Lophostoma brasiliense","9.76",,,,,,,,"90","0","0","0","0","0","10","0","0","0","2","Invertebrates","Faunivore","Scansorial","Nocturnal"
"Lophostoma carrikeri","22.35",,,,,,,,"90","0","0","0","0","0","10","0","0","0","2","Invertebrates","Faunivore","Scansorial","Nocturnal"
"Lophostoma evotis","20.58",,,,,,,,"90","0","0","0","0","0","10","0","0","0","2","Invertebrates","Faunivore","Scansorial","Nocturnal"
"Lophostoma schulzi","18.02",,,,,,,,"90","0","0","0","0","0","10","0","0","0","2","Invertebrates","Faunivore","Scansorial","Nocturnal"
"Lophostoma silvicolum","32.29",,,,,,,,"90","0","0","0","0","0","10","0","0","0","2","Invertebrates","Faunivore","Scansorial","Nocturnal"
"Lophuromys angolensis","36.5",,,,,,,,"80","0","10","0","0","0","0","0","0","10","3","Invertebrates","Faunivore","Ground","Diurnal"
"Lophuromys ansorgei","36.5",,,,,,,,"80","0","10","0","0","0","0","0","0","10","3","Invertebrates","Faunivore","Ground","Diurnal"
"Lophuromys aquilus","36.5",,,,,,,,"80","0","10","0","0","0","0","0","0","10","3","Invertebrates","Faunivore","Ground","Diurnal"
"Lophuromys brevicaudus","36.5",,,,,,,,"80","0","10","0","0","0","0","0","0","10","3","Invertebrates","Faunivore","Ground","Diurnal"
"Lophuromys brunneus","36.5",,,,,,,,"80","0","10","0","0","0","0","0","0","10","3","Invertebrates","Faunivore","Ground","Diurnal"
"Lophuromys chrysopus","36.5",,,,,,,,"80","0","10","0","0","0","0","0","0","10","3","Invertebrates","Faunivore","Ground","Diurnal"
"Lophuromys dieterleni","36.5",,,,,,,,"80","0","10","0","0","0","0","0","0","10","3","Invertebrates","Faunivore","Ground","Diurnal"
"Lophuromys dudui","36.5",,,,,,,,"80","0","10","0","0","0","0","0","0","10","3","Invertebrates","Faunivore","Ground","Diurnal"
"Lophuromys eisentrauti","54.21",,,,,,,,"80","0","10","0","0","0","0","0","0","10","3","Invertebrates","Faunivore","Ground","Diurnal"
"Lophuromys flavopunctatus","60",,,,,,,,"80","0","10","0","0","0","0","0","0","10","3","Invertebrates","Faunivore","Ground","Diurnal"
"Lophuromys huttereri","36.5",,,,,,,,"80","0","10","0","0","0","0","0","0","10","3","Invertebrates","Faunivore","Ground","Diurnal"
"Lophuromys luteogaster","36.52",,,,,,,,"80","0","10","0","0","0","0","0","0","10","3","Invertebrates","Faunivore","Ground","Nocturnal"
"Lophuromys medicaudatus","36.38",,,,,,,,"80","0","10","0","0","0","0","0","0","10","3","Invertebrates","Faunivore","Ground","Nocturnal"
"Lophuromys melanonyx","10.2",,,,,,,,"80","0","10","0","0","0","0","0","0","10","3","Invertebrates","Faunivore","Ground","Diurnal"
"Lophuromys nudicaudus","32.59",,,,,,,,"80","0","10","0","0","0","0","0","0","10","3","Invertebrates","Faunivore","Ground","Diurnal"
"Lophuromys rahmi","38",,,,,,,,"80","0","10","0","0","0","0","0","0","10","3","Invertebrates","Faunivore","Ground","Diurnal"
"Lophuromys roseveari","36.5",,,,,,,,"80","0","10","0","0","0","0","0","0","10","3","Invertebrates","Faunivore","Ground","Diurnal"
"Lophuromys sikapusi","67.385",,,,,,,,"80","0","10","0","0","0","0","0","0","10","3","Invertebrates","Faunivore","Ground","Diurnal"
"Lophuromys verhageni","36.5",,,,,,,,"80","0","10","0","0","0","0","0","0","10","3","Invertebrates","Faunivore","Ground","Diurnal"
"Lophuromys woosnami","42.15",,,,,,,,"80","0","10","0","0","0","0","0","0","10","3","Invertebrates","Faunivore","Ground","Nocturnal"
"Lophuromys zena","36.5",,,,,,,,"80","0","10","0","0","0","0","0","0","10","3","Invertebrates","Faunivore","Ground","Diurnal"
"Lorentzimys nouhuysi","14.2",,,,,,,,"40","0","0","0","0","0","0","0","0","60","2","Other plant","Omnivore","Arboreal","Cathemeral"
"Loris lydekkerianus","266.812",,,,,,,,"100","0","0","0","0","0","0","0","0","0","1","Invertebrates","Faunivore","Arboreal","Nocturnal"
"Loris tardigradus","291.6667","127.8976","0.534","16.4","166.875","165","1.45","380","70","0","0","0","10","0","10","0","0","10","4","Invertebrates","Faunivore","Arboreal","Nocturnal"
"Loxodonta africana","3352842.3196","252888","0.164","65","659","1071","1","4018","0","0","0","0","0","0","0","0","0","100","1","Other plant","Herbivore","Ground","Cathemeral"
"Loxodonta cyclotis","4750000.01",,,,,,,,"0","0","0","0","0","0","10","0","0","90","2","Other plant","Herbivore","Ground","Cathemeral"
"Loxodontomys micropus","66.53","97.8","1.5698",,,,,,"50","0","0","0","0","0","0","0","0","50","2","Invertebrates","Omnivore","Ground","Nocturnal"
"Loxodontomys pikumche","70.76",,,,,,,,"50","0","0","0","0","0","0","0","0","50","2","Invertebrates","Omnivore","Ground","Nocturnal"
"Lucilia sericata","0.0092",,,,,,,,,,,,,,,,,,,,,,
"Lundomys molitor","238.49",,,,,,,,"20","0","0","0","0","0","10","0","40","30","4","Seed","Herbivore","Ground","Nocturnal"
"Lutjanus griseus","1072.02",,,,,,,,,,,,,,,,,,,,,,
"Lutra lutra","8172.88","4431","0.4988",,,,,,"30","10","30","30","0","0","0","0","0","0","4","Invertebrates","Faunivore","Ground","Cathemeral"
"Lutra nippon","6951.14",,,,,,,,"30","10","30","30","0","0","0","0","0","0","4","Invertebrates","Faunivore","Ground","Cathemeral"
"Lutra sumatrana","5500",,,,,,,,"30","10","30","30","0","0","0","0","0","0","4","Invertebrates","Faunivore","Ground","Cathemeral"
"Lutreolina crassicaudata","617.7667","405.9","0.4999",,,,,,"20","40","20","20","0","0","0","0","0","0","4","Endotherm vertebrates","Faunivore","Scansorial","Nocturnal"
"Lutrogale perspicillata","8391.665",,,,,,,,"30","10","30","30","0","0","0","0","0","0","4","Invertebrates","Faunivore","Ground","Diurnal"
"Lycalopex culpaeus","7624.7467","2034.5","0.3755",,,,,,"10","70","10","0","0","0","10","0","0","0","4","Endotherm vertebrates","Faunivore","Ground","Nocturnal"
"Lycalopex fulvipes","5146.58",,,,,,,,"20","40","20","0","0","0","20","0","0","0","4","Endotherm vertebrates","Faunivore","Ground","Nocturnal"
"Lycalopex griseus","4735.29",,,,,,,,"10","30","30","0","0","0","20","0","0","10","5","Endotherm vertebrates","Faunivore","Ground","Nocturnal"
"Lycalopex gymnocercus","4446.335",,,,,,,,"0","30","20","0","0","0","30","0","0","20","4","Endotherm vertebrates","Omnivore","Ground","Cathemeral"
"Lycalopex sechurae","4234",,,,,,,,"10","30","30","0","0","0","20","0","0","10","5","Endotherm vertebrates","Faunivore","Ground","Nocturnal"
"Lycalopex vetulus","4233.47",,,,,,,,"10","30","30","0","0","0","20","0","0","10","5","Endotherm vertebrates","Faunivore","Ground","Diurnal"
"Lycaon pictus","19787.5175","5469","0.625",,,,,,"0","100","0","0","0","0","0","0","0","0","1","Endotherm vertebrates","Faunivore","Ground","Diurnal"
"Lycosa beihaiensis","0.27",,,,,,,,,,,,,,,,,,,,,,
"Lyncodon patagonicus","225",,,,,,,,"0","100","0","0","0","0","0","0","0","0","1","Endotherm vertebrates","Faunivore","Ground","Nocturnal"
"Lynx canadensis","11780.75",,,,,,,,"0","80","0","20","0","0","0","0","0","0","2","Endotherm vertebrates","Faunivore","Ground","Nocturnal"
"Lynx lynx","17650",,,,,,,,"0","100","0","0","0","0","0","0","0","0","1","Endotherm vertebrates","Faunivore","Ground","Nocturnal"
"Lynx pardinus","9400",,,,,,,,"0","100","0","0","0","0","0","0","0","0","1","Endotherm vertebrates","Faunivore","Ground","Nocturnal"
"Lynx rufus","8876.025","4220.6","0.449",,,,,,"0","100","0","0","0","0","0","0","0","0","1","Endotherm vertebrates","Faunivore","Ground","Nocturnal"
"Lysmata amboinensis","2.23",,,,,,,,,,,,,,,,,,,,,,
"Macaca arctoides","7946",,,,,,,,"10","0","0","0","0","0","30","0","20","40","4","Other plant","Herbivore","Scansorial","Diurnal"
"Macaca assamensis","7711",,,,,,,,"10","0","0","0","0","0","30","0","20","40","4","Other plant","Herbivore","Scansorial","Diurnal"
"Macaca cyclopis","5364",,,,,,,,"10","0","0","0","0","0","30","0","20","40","4","Other plant","Herbivore","Scansorial","Diurnal"
"Macaca fascicularis","3307.6667","3033.6014","0.5122",,,,,,"50","0","0","0","0","0","40","0","0","10","3","Invertebrates","Omnivore","Scansorial","Diurnal"
"Macaca fascicularis group","4501.7613",,,,,,,,,,,,,,,,,,,,,,
"Macaca fuscata","9287.6042","3898.0267","0.4086",,,,,,"10","0","0","0","0","0","30","0","20","40","4","Other plant","Herbivore","Scansorial","Diurnal"
"Macaca hecki","6546.74",,,,,,,,"10","0","0","0","0","0","60","0","10","20","4","Fruit","Herbivore","Scansorial","Diurnal"
"Macaca irus","5000",,,,,,,,,,,,,,,,,,,,,,
"Macaca leonina","5319.1753",,,,,,,,"10","0","0","0","0","0","80","0","0","10","3","Fruit","Herbivore","Scansorial","Diurnal"
"Macaca maura","9720",,,,,,,,"10","0","0","0","0","0","30","0","20","40","4","Other plant","Herbivore","Scansorial","Diurnal"
"Macaca mulatta","7610","2269.2222","0.393","36","165.8889","307.1667","1","1231","10","0","0","0","0","0","30","0","20","40","4","Other plant","Herbivore","Scansorial","Diurnal"
"Macaca mulatta group","6737.7927",,,,,,,,,,,,,,,,,,,,,,
"Macaca nemestrina","7575",,,,,,,,"10","0","0","0","0","0","70","0","10","10","4","Fruit","Herbivore","Scansorial","Diurnal"
"Macaca nemestrina group","8043.1724",,,,,,,,,,,,,,,,,,,,,,
"Macaca nigra","7680",,,,,,,,"10","0","0","0","0","0","70","0","10","10","4","Fruit","Herbivore","Scansorial","Diurnal"
"Macaca nigrescens","5786.96",,,,,,,,"10","0","0","0","0","0","80","0","0","10","3","Fruit","Herbivore","Scansorial","Diurnal"
"Macaca ochreata","3950",,,,,,,,"10","0","0","0","0","0","30","0","20","40","4","Other plant","Herbivore","Scansorial","Diurnal"
"Macaca pagensis","4534.66",,,,,,,,"10","0","0","0","0","0","60","0","10","20","4","Fruit","Herbivore","Scansorial","Diurnal"
"Macaca radiata","3850",,,,,,,,"10","0","0","0","0","0","30","0","20","40","4","Other plant","Herbivore","Scansorial","Diurnal"
"Macaca siberu","5786.96",,,,,,,,"10","0","0","0","0","0","60","0","10","20","4","Fruit","Herbivore","Scansorial","Diurnal"
"Macaca silenus","7500",,,,,,,,"10","0","0","0","0","0","30","0","20","40","4","Other plant","Herbivore","Scansorial","Diurnal"
"Macaca sinica","3226.4",,,,,,,,"10","0","0","0","0","0","30","0","20","40","4","Other plant","Herbivore","Scansorial","Diurnal"
"Macaca sinica group","6468.6471",,,,,,,,,,,,,,,,,,,,,,
"Macaca sylvanus","9625",,,,,,,,"10","0","0","0","0","0","30","0","20","40","4","Other plant","Herbivore","Scansorial","Diurnal"
"Macaca sylvanus group","9000",,,,,,,,,,,,,,,,,,,,,,
"Macaca thibetana","12533.3333",,,,,,,,"10","0","0","0","0","0","30","0","20","40","4","Other plant","Herbivore","Scansorial","Diurnal"
"Macaca tonkeana","9000",,,,,,,,"10","0","0","0","0","0","30","0","20","40","4","Other plant","Herbivore","Scansorial","Diurnal"
"Macrobrachium rosenbergii-Australia","200",,,,,,,,,,,,,,,,,,,,,,
"Macroderma gigas","131.0075","116.7","0.9098",,,,,,"20","70","10","0","0","0","0","0","0","0","3","Endotherm vertebrates","Faunivore","Ground","Nocturnal"
"Macrogalidia musschenbroekii","4000",,,,,,,,"0","60","0","0","0","0","40","0","0","0","2","Endotherm vertebrates","Omnivore","Scansorial","Nocturnal"
"Macroglossum limata","1",,,,,,,,,,,,,,,,,,,,,,
"Macroglossus minimus","16","19.3433","1.2151",,,,,,"0","0","0","0","0","0","20","80","0","0","2","Nectar","Herbivore","Arboreal","Nocturnal"
"Macroglossus sobrinus","21.915",,,,,,,,"0","0","0","0","0","0","20","80","0","0","2","Nectar","Herbivore","Arboreal","Nocturnal"
"Macronycteris commersoni","100.17",,,,,,,,"100","0","0","0","0","0","0","0","0","0","1","Invertebrates","Faunivore","Aerial","Nocturnal"
"Macrophyllum macrophyllum","8.35",,,,,,,,"100","0","0","0","0","0","0","0","0","0","1","Invertebrates","Faunivore","Aerial","Nocturnal"
"Macropus agilis","15000",,,,,,,,"0","0","0","0","0","0","0","0","0","100","1","Other plant","Herbivore","Ground","Nocturnal"
"Macropus antilopinus","27250",,,,,,,,"0","0","0","0","0","0","0","0","0","100","1","Other plant","Herbivore","Ground","Nocturnal"
"Macropus bernardus","17000",,,,,,,,"0","0","0","0","0","0","0","0","0","100","1","Other plant","Herbivore","Ground","Nocturnal"
"Macropus dorsalis","11250",,,,,,,,"0","0","0","0","0","0","0","0","0","100","1","Other plant","Herbivore","Ground","Nocturnal"
"Macropus eugenii","6383.7333","1718.4917","0.2722","15.1","28","315","1","274","0","0","0","0","0","0","0","0","0","100","1","Other plant","Herbivore","Ground","Nocturnal"
"Macropus fulginosus","62630",,,,,,,,,,,,,,,,,,,,,,
"Macropus fuliginosus","41000",,,"23.2","30","540","1","670","0","0","0","0","0","0","0","0","0","100","1","Other plant","Herbivore","Ground","Nocturnal"
"Macropus giganteus","26225","5861","0.222",,,,,,"0","0","0","0","0","0","0","0","0","100","1","Other plant","Herbivore","Ground","Nocturnal"
"Macropus greyi","14500",,,,,,,,"0","0","0","0","0","0","0","0","0","100","1","Other plant","Herbivore","Ground","Nocturnal"
"Macropus irma","8000",,,,,,,,"0","0","0","0","0","0","0","0","0","100","1","Other plant","Herbivore","Ground","Nocturnal"
"Macropus parryi","13500",,,,,,,,"0","0","0","0","0","0","0","0","0","100","1","Other plant","Herbivore","Ground","Nocturnal"
"Macropus robustus","29500","5318.5","0.204",,,,,,"0","0","0","0","0","0","0","0","0","100","1","Other plant","Herbivore","Ground","Nocturnal"
"Macroscelides proboscideus","46","51.99","1.3399",,,,,,"80","0","0","0","0","0","10","0","0","10","3","Invertebrates","Faunivore","Ground","Diurnal"
"Macrotarsomys bastardi","25",,,,,,,,"0","0","0","0","0","0","40","0","20","40","3","Fruit","Herbivore","Ground","Nocturnal"
"Macrotarsomys ingens","59.65","53.35","0.8297",,,,,,"0","0","0","0","0","0","40","0","20","40","3","Fruit","Herbivore","Ground","Nocturnal"
"Macrotis lagotis","1481.3333","449.35","0.3479",,,,,,"70","0","0","0","20","0","0","0","0","10","3","Invertebrates","Faunivore","Ground","Nocturnal"
"Macrotis leucura","354.75",,,,,,,,"70","0","0","0","20","0","0","0","0","10","3","Invertebrates","Faunivore","Ground","Nocturnal"
"Macrotus californicus","12.11","14.6","1.2479",,,,,,"50","0","0","0","0","0","50","0","0","0","2","Invertebrates","Omnivore","Scansorial","Nocturnal"
"Macrotus waterhousii","12.75",,,,,,,,"50","0","0","0","0","0","50","0","0","0","2","Invertebrates","Omnivore","Scansorial","Nocturnal"
"Macruromys elegans","277.9",,,,,,,,"0","0","0","0","0","0","0","0","0","100","1","Other plant","Herbivore","Ground","Nocturnal"
"Macruromys major","350",,,,,,,,"0","0","0","0","0","0","0","0","0","100","1","Other plant","Herbivore","Ground","Nocturnal"
"Madoqua guentheri","7499.98",,,,,,,,"0","0","0","0","0","0","0","0","0","100","1","Other plant","Herbivore","Ground","Cathemeral"
"Madoqua kirkii","4200","2367.7","0.5354",,,,,,"0","0","0","0","0","0","0","0","0","100","1","Other plant","Herbivore","Ground","Cathemeral"
"Madoqua piacentinii","2500",,,,,,,,"0","0","0","0","0","0","0","0","0","100","1","Other plant","Herbivore","Ground","Cathemeral"
"Madoqua saltiana","2624.985","851.5","0.4258",,,,,,"0","0","0","0","0","0","0","0","0","100","1","Other plant","Herbivore","Ground","Cathemeral"
"Madromys blanfordi","71.33",,,,,,,,"10","0","0","0","0","0","10","0","20","60","4","Other plant","Herbivore","Ground","Nocturnal"
"Maevia inclemens","0.028",,,,,,,,,,,,,,,,,,,,,,
"Makalata didelphoides","253.33",,,,,,,,"0","0","0","0","0","0","50","0","50","0","2","Fruit","Herbivore","Scansorial","Nocturnal"
"Makalata grandis","584",,,,,,,,"0","0","0","0","0","0","80","0","0","20","2","Fruit","Herbivore","Scansorial","Nocturnal"
"Makalata macrura","439",,,,,,,,"0","0","0","0","0","0","80","0","0","20","2","Fruit","Herbivore","Scansorial","Nocturnal"
"Makalata obscura","108",,,,,,,,"0","0","0","0","0","0","80","0","0","20","2","Fruit","Herbivore","Scansorial","Nocturnal"
"Makalata occasius","322.29",,,,,,,,"0","0","0","0","0","0","80","0","0","20","2","Fruit","Herbivore","Scansorial","Nocturnal"
"Makalata rhipidura","315",,,,,,,,"0","0","0","0","0","0","80","0","0","20","2","Fruit","Herbivore","Scansorial","Nocturnal"
"Malacomys cansdalei","68.39",,,,,,,,"50","0","0","0","0","0","20","0","20","10","4","Invertebrates","Omnivore","Ground","Nocturnal"
"Malacomys edwardsi","62.475",,,,,,,,"50","0","0","0","0","0","20","0","20","10","4","Invertebrates","Omnivore","Ground","Nocturnal"
"Malacomys longipes","95.6",,,,,,,,"50","0","0","0","0","0","20","0","20","10","4","Invertebrates","Omnivore","Ground","Nocturnal"
"Malacothrix typica","17.55","20.62","0.9502",,,,,,"0","0","0","0","0","0","0","0","0","100","1","Other plant","Herbivore","Ground","Nocturnal"
"Mallomys aroaensis","1664",,,,,,,,"0","0","0","0","0","0","0","0","0","100","1","Other plant","Herbivore","Arboreal","Nocturnal"
"Mallomys gunung","2000",,,,,,,,"0","0","0","0","0","0","0","0","0","100","1","Other plant","Herbivore","Arboreal","Nocturnal"
"Mallomys istapantap","1950",,,,,,,,"0","0","0","0","0","0","0","0","0","100","1","Other plant","Herbivore","Arboreal","Nocturnal"
"Mallomys rothschildi","1157.5",,,,,,,,"0","0","0","0","0","0","0","0","0","100","1","Other plant","Herbivore","Arboreal","Nocturnal"
"Malpaisomys insularis","71.33",,,,,,,,"10","0","0","0","0","0","10","0","20","60","4","Other plant","Herbivore","Ground","Nocturnal"
"Mammelomys lanosus","117.1",,,,,,,,"0","0","0","0","0","0","60","0","0","40","2","Fruit","Herbivore","Ground","Nocturnal"
"Mammelomys rattoides","209.49",,,,,,,,"0","0","0","0","0","0","60","0","0","40","2","Fruit","Herbivore","Ground","Nocturnal"
"Manacus vitellinus","15.5",,,,,,,,,,,,,,,,,,,,,,
"Mandrillus leucophaeus","20000",,,,,,,,"10","0","0","0","10","0","40","0","30","10","5","Fruit","Herbivore","Scansorial","Diurnal"
"Mandrillus sphinx","19862.5",,,"40","197.5","349","1","2122.11","10","0","0","0","10","0","40","0","30","10","5","Fruit","Herbivore","Scansorial","Diurnal"
"Manis crassicaudata","12183.665","1241","0.078",,,,,,"100","0","0","0","0","0","0","0","0","0","1","Invertebrates","Faunivore","Arboreal","Nocturnal"
"Manis culionensis","5982.25",,,,,,,,"100","0","0","0","0","0","0","0","0","0","1","Invertebrates","Faunivore","Scansorial","Nocturnal"
"Manis gigantea","32999.7",,,,,,,,"100","0","0","0","0","0","0","0","0","0","1","Invertebrates","Faunivore","Ground","Nocturnal"
"Manis javanica","4755","1106","0.2621",,,,,,"100","0","0","0","0","0","0","0","0","0","1","Invertebrates","Faunivore","Arboreal","Nocturnal"
"Manis pentadactyla","18000","667.9","0.1836",,,,,,"100","0","0","0","0","0","0","0","0","0","1","Invertebrates","Faunivore","Scansorial","Nocturnal"
"Manis temminckii","7179.93",,,,,,,,"100","0","0","0","0","0","0","0","0","0","1","Invertebrates","Faunivore","Ground","Nocturnal"
"Manis tetradactyla","2089.99","242","0.1692",,,,,,"100","0","0","0","0","0","0","0","0","0","1","Invertebrates","Faunivore","Arboreal","Nocturnal"
"Manis tricuspis","1832.9175","563.15","0.2732",,,,,,"100","0","0","0","0","0","0","0","0","0","1","Invertebrates","Faunivore","Scansorial","Nocturnal"
"Margaretamys beccarii","70.35",,,,,,,,"10","0","0","0","0","0","10","0","20","60","4","Other plant","Herbivore","Arboreal","Nocturnal"
"Margaretamys elegans","121",,,,,,,,"10","0","0","0","0","0","10","0","20","60","4","Other plant","Herbivore","Arboreal","Nocturnal"
"Margaretamys parvus","32.1",,,,,,,,"10","0","0","0","0","0","10","0","20","60","4","Other plant","Herbivore","Arboreal","Nocturnal"
"Marmosa andersoni","47.4",,,,,,,,"40","10","10","0","10","0","30","0","0","0","5","Invertebrates","Faunivore","Arboreal","Nocturnal"
"Marmosa lepida","14",,,,,,,,"40","10","10","0","10","0","30","0","0","0","5","Invertebrates","Faunivore","Arboreal","Nocturnal"
"Marmosa mexicana","49.475",,,,,,,,"40","10","10","0","10","0","30","0","0","0","5","Invertebrates","Faunivore","Arboreal","Nocturnal"
"Marmosa microtarsus","13",,,,,,,,,,,,,,,,,,,,,,
"Marmosa murina","35.5",,,,,,,,"40","10","10","0","10","0","30","0","0","0","5","Invertebrates","Faunivore","Arboreal","Nocturnal"
"Marmosa quichua","38.23",,,,,,,,"40","10","10","0","10","0","30","0","0","0","5","Invertebrates","Faunivore","Arboreal","Nocturnal"
"Marmosa robinsoni","79.5567","97.6","0.8",,,,,,"40","10","10","0","10","0","30","0","0","0","5","Invertebrates","Faunivore","Arboreal","Nocturnal"
"Marmosa rubra","62",,,,,,,,"40","10","10","0","10","0","30","0","0","0","5","Invertebrates","Faunivore","Arboreal","Nocturnal"
"Marmosa tyleriana","32.4",,,,,,,,"40","10","10","0","10","0","30","0","0","0","5","Invertebrates","Faunivore","Arboreal","Nocturnal"
"Marmosa xerophila","46.2",,,,,,,,"40","10","10","0","10","0","30","0","0","0","5","Invertebrates","Faunivore","Arboreal","Nocturnal"
"Marmosops bishopi","19.5",,,,,,,,"50","0","0","0","0","0","50","0","0","0","2","Invertebrates","Omnivore","Arboreal","Nocturnal"
"Marmosops cracens","25.5",,,,,,,,"50","0","0","0","0","0","50","0","0","0","2","Invertebrates","Omnivore","Arboreal","Nocturnal"
"Marmosops dorothea","37.5",,,,,,,,"50","0","0","0","0","0","50","0","0","0","2","Invertebrates","Omnivore","Arboreal","Nocturnal"
"Marmosops fuscatus","60",,,,,,,,"50","0","0","0","0","0","50","0","0","0","2","Invertebrates","Omnivore","Arboreal","Nocturnal"
"Marmosops handleyi","30.7",,,,,,,,"50","0","0","0","0","0","50","0","0","0","2","Invertebrates","Omnivore","Arboreal","Nocturnal"
"Marmosops impavidus","40.5",,,,,,,,"50","0","0","0","0","0","50","0","0","0","2","Invertebrates","Omnivore","Arboreal","Nocturnal"
"Marmosops incanus","62.3",,,,,,,,"50","0","0","0","0","0","50","0","0","0","2","Invertebrates","Omnivore","Arboreal","Nocturnal"
"Marmosops invictus","29.2",,,,,,,,"50","0","0","0","0","0","50","0","0","0","2","Invertebrates","Omnivore","Arboreal","Nocturnal"
"Marmosops juninensis","31.57",,,,,,,,"50","0","0","0","0","0","50","0","0","0","2","Invertebrates","Omnivore","Arboreal","Nocturnal"
"Marmosops neblina","31.57",,,,,,,,"50","0","0","0","0","0","50","0","0","0","2","Invertebrates","Omnivore","Arboreal","Nocturnal"
"Marmosops noctivagus","21",,,,,,,,"50","0","0","0","0","0","50","0","0","0","2","Invertebrates","Omnivore","Arboreal","Nocturnal"
"Marmosops parvidens","15",,,,,,,,"50","0","0","0","0","0","50","0","0","0","2","Invertebrates","Omnivore","Arboreal","Nocturnal"
"Marmosops paulensis","38.89",,,,,,,,"50","0","0","0","0","0","50","0","0","0","2","Invertebrates","Omnivore","Arboreal","Nocturnal"
"Marmosops pinheiroi","31.57",,,,,,,,"50","0","0","0","0","0","50","0","0","0","2","Invertebrates","Omnivore","Arboreal","Nocturnal"
"Marmot (Arctomys marmota)","1980",,,,,,,,,,,,,,,,,,,,,,
"Marmota baibacina","6437.5",,,,,,,,"0","0","0","0","0","0","30","0","30","40","3","Other plant","Herbivore","Ground","Diurnal"
"Marmota bobak","5211",,,,,,,,"0","0","0","0","0","0","30","0","30","40","3","Other plant","Herbivore","Ground","Diurnal"
"Marmota broweri","3094",,,,,,,,"0","0","0","0","0","0","30","0","30","40","3","Other plant","Herbivore","Ground","Diurnal"
"Marmota caligata","6765.015",,,,,,,,"0","0","0","0","0","0","30","0","30","40","3","Other plant","Herbivore","Ground","Diurnal"
"Marmota camtschatica","3407.25",,,,,,,,"0","0","0","0","0","0","30","0","30","40","3","Other plant","Herbivore","Ground","Diurnal"
"Marmota caudata","4296",,,,,,,,"0","0","0","0","0","0","30","0","30","40","3","Other plant","Herbivore","Ground","Diurnal"
"Marmota flaviventris","2500","1211.75","0.3185",,,,,,"0","0","0","0","0","0","30","0","30","40","3","Other plant","Herbivore","Ground","Diurnal"
"Marmota himalayana","5803.75",,,,,,,,"0","0","0","0","0","0","30","0","30","40","3","Other plant","Herbivore","Ground","Diurnal"
"Marmota marmota","3100","912.2667","0.3614",,,,,,"0","0","0","0","0","0","30","0","30","40","3","Other plant","Herbivore","Ground","Diurnal"
"Marmota menzbieri","3132.5",,,,,,,,"0","0","0","0","0","0","30","0","30","40","3","Other plant","Herbivore","Ground","Diurnal"
"Marmota monax","4350","1114","0.3419",,,,,,"0","0","0","0","0","0","30","0","30","40","3","Other plant","Herbivore","Ground","Diurnal"
"Marmota olympus","4889.395",,,,,,,,"0","0","0","0","0","0","30","0","30","40","3","Other plant","Herbivore","Ground","Diurnal"
"Marmota sibirica","7250",,,,,,,,"0","0","0","0","0","0","30","0","30","40","3","Other plant","Herbivore","Ground","Diurnal"
"Marmota vancouverensis","5274.995",,,,,,,,"0","0","0","0","0","0","30","0","30","40","3","Other plant","Herbivore","Ground","Diurnal"
"Martes americana","1049.3333","685.1","0.66",,,,,,"10","60","0","0","0","10","20","0","0","0","4","Endotherm vertebrates","Faunivore","Scansorial","Nocturnal"
"Martes flavigula","2176.25",,,,,,,,"10","40","20","0","20","0","10","0","0","0","5","Endotherm vertebrates","Faunivore","Arboreal","Diurnal"
"Martes foina","1495.4",,,,,,,,"0","50","0","0","20","0","20","0","0","10","4","Endotherm vertebrates","Faunivore","Ground","Nocturnal"
"Martes gwatkinsii","2043",,,,,,,,"0","60","20","0","0","0","0","20","0","0","3","Endotherm vertebrates","Faunivore","Scansorial","Nocturnal"
"Martes martes","1067.3333","736","0.8",,,,,,"0","60","0","0","0","0","40","0","0","0","2","Endotherm vertebrates","Omnivore","Scansorial","Nocturnal"
"Martes melampus","1000",,,,,,,,"30","20","10","0","0","0","40","0","0","0","4","Fruit","Omnivore","Scansorial","Nocturnal"
"Martes pennanti","3125",,,,,,,,"0","70","0","0","0","30","0","0","0","0","2","Endotherm vertebrates","Faunivore","Scansorial","Cathemeral"
"Martes zibellina","1130",,,,,,,,"0","70","0","10","0","0","10","0","10","0","4","Endotherm vertebrates","Faunivore","Ground","Cathemeral"
"Massoutiera mzabi","188.3",,,,,,,,"0","0","0","0","0","0","0","0","0","100","1","Other plant","Herbivore","Ground","Diurnal"
"Mastacomys fuscus","125.72",,,,,,,,"20","0","0","0","0","0","0","0","30","50","3","Other plant","Herbivore","Ground","Nocturnal"
"Mastomys awashensis","49.89",,,,,,,,"40","0","0","0","0","0","0","0","30","30","3","Invertebrates","Omnivore","Ground","Nocturnal"
"Mastomys coucha","43.5",,,,,,,,"40","0","0","0","0","0","0","0","30","30","3","Invertebrates","Omnivore","Ground","Nocturnal"
"Mastomys erythroleucus","56.15",,,,,,,,"40","0","0","0","0","0","0","0","30","30","3","Invertebrates","Omnivore","Ground","Nocturnal"
"Mastomys huberti","49.89",,,,,,,,"40","0","0","0","0","0","0","0","30","30","3","Invertebrates","Omnivore","Ground","Nocturnal"
"Mastomys kollmannspergeri","55.39",,,,,,,,"40","0","0","0","0","0","0","0","30","30","3","Invertebrates","Omnivore","Ground","Nocturnal"
"Mastomys natalensis","47.3553","32.79","0.7901",,,,,,"80","0","0","0","0","0","0","0","0","20","2","Invertebrates","Faunivore","Ground","Nocturnal"
"Mastomys pernanus","52.33",,,,,,,,"40","0","0","0","0","0","0","0","30","30","3","Invertebrates","Omnivore","Ground","Nocturnal"
"Mastomys shortridgei","46.5",,,,,,,,"40","0","0","0","0","0","0","0","30","30","3","Invertebrates","Omnivore","Ground","Nocturnal"
"Maxomys alticola","90",,,,,,,,"10","0","0","0","10","0","30","0","20","30","5","Fruit","Herbivore","Ground","Nocturnal"
"Maxomys baeodon","69.8",,,,,,,,"10","0","0","0","10","0","30","0","20","30","5","Fruit","Herbivore","Ground","Nocturnal"
"Maxomys bartelsii","102",,,,,,,,"10","0","0","0","10","0","30","0","20","30","5","Fruit","Herbivore","Ground","Nocturnal"
"Maxomys dollmani","120",,,,,,,,"10","0","0","0","10","0","30","0","20","30","5","Fruit","Herbivore","Ground","Nocturnal"
"Maxomys hellwaldii","203",,,,,,,,"10","0","0","0","10","0","30","0","20","30","5","Fruit","Herbivore","Ground","Nocturnal"
"Maxomys hylomyoides","56.6",,,,,,,,"10","0","0","0","10","0","30","0","20","30","5","Fruit","Herbivore","Ground","Nocturnal"
"Maxomys inas","90",,,,,,,,"10","0","0","0","10","0","30","0","20","30","5","Fruit","Herbivore","Ground","Nocturnal"
"Maxomys inflatus","152",,,,,,,,"10","0","0","0","10","0","30","0","20","30","5","Fruit","Herbivore","Ground","Nocturnal"
"Maxomys moi","147",,,,,,,,"10","0","0","0","10","0","30","0","20","30","5","Fruit","Herbivore","Ground","Nocturnal"
"Maxomys musschenbroekii","84.8",,,,,,,,"10","0","0","0","10","0","30","0","20","30","5","Fruit","Herbivore","Ground","Nocturnal"
"Maxomys ochraceiventer","97",,,,,,,,"10","0","0","0","10","0","30","0","20","30","5","Fruit","Herbivore","Ground","Nocturnal"
"Maxomys pagensis","196",,,,,,,,"10","0","0","0","10","0","30","0","20","30","5","Fruit","Herbivore","Ground","Nocturnal"
"Maxomys panglima","189",,,,,,,,"10","0","0","0","10","0","30","0","20","30","5","Fruit","Herbivore","Ground","Nocturnal"
"Maxomys rajah","150.25",,,,,,,,"10","0","0","0","10","0","30","0","20","30","5","Fruit","Herbivore","Ground","Nocturnal"
"Maxomys surifer","148.485",,,,,,,,"10","0","0","0","10","0","30","0","20","30","5","Fruit","Herbivore","Ground","Nocturnal"
"Maxomys wattsi","147",,,,,,,,"10","0","0","0","10","0","30","0","20","30","5","Fruit","Herbivore","Ground","Nocturnal"
"Maxomys whiteheadi","51.155",,,,,,,,"10","0","0","0","10","0","30","0","20","30","5","Fruit","Herbivore","Ground","Nocturnal"
"Mazama americana","13149.875",,,,,,,,"0","0","0","0","0","0","0","0","20","80","2","Other plant","Herbivore","Ground","Cathemeral"
"Mazama bororo","18809.87",,,,,,,,"0","0","0","0","0","0","0","0","20","80","2","Other plant","Herbivore","Ground","Cathemeral"
"Mazama bricenii","16499.85",,,,,,,,"0","0","0","0","0","0","0","0","20","80","2","Other plant","Herbivore","Ground","Cathemeral"
"Mazama chunyi","16499.85",,,,,,,,"0","0","0","0","0","0","0","0","20","80","2","Other plant","Herbivore","Ground","Cathemeral"
"Mazama gouazoubira","16633.17",,,,,,,,"0","0","0","0","0","0","30","0","20","50","3","Other plant","Herbivore","Ground","Cathemeral"
"Mazama nana","16499.85",,,,,,,,"0","0","0","0","0","0","0","0","20","80","2","Other plant","Herbivore","Ground","Cathemeral"
"Mazama pandora","18809.87",,,,,,,,"0","0","0","0","0","0","0","0","20","80","2","Other plant","Herbivore","Ground","Cathemeral"
"Mazama rufina","25999.8",,,,,,,,"0","0","0","0","0","0","0","0","20","80","2","Other plant","Herbivore","Ground","Cathemeral"
"Mazama temama","18809.87",,,,,,,,"0","0","0","0","0","0","0","0","20","80","2","Other plant","Herbivore","Ground","Cathemeral"
"Megadendromus nikolausi","52",,,,,,,,"20","0","0","0","0","0","30","0","40","10","4","Seed","Herbivore","Ground","Nocturnal"
"Megaderma lyra","43.6133",,,,,,,,"40","30","20","10","0","0","0","0","0","0","4","Invertebrates","Faunivore","Ground","Nocturnal"
"Megaderma spasma","24.59",,,,,,,,"40","30","20","10","0","0","0","0","0","0","4","Invertebrates","Faunivore","Ground","Nocturnal"
"Megadontomys cryophilus","76.56",,,,,,,,"0","0","0","0","0","0","80","0","0","20","2","Fruit","Herbivore","Ground","Nocturnal"
"Megadontomys nelsoni","76.55",,,,,,,,"0","0","0","0","0","0","80","0","0","20","2","Fruit","Herbivore","Ground","Nocturnal"
"Megadontomys thomasi","110.9333","124","1.1191",,,,,,"0","0","0","0","0","0","80","0","0","20","2","Fruit","Herbivore","Ground","Nocturnal"
"Megaerops ecaudatus","24.67",,,,,,,,"0","0","0","0","0","0","80","20","0","0","2","Fruit","Herbivore","Arboreal","Nocturnal"
"Megaerops kusnotoi","35.94",,,,,,,,"0","0","0","0","0","0","80","20","0","0","2","Fruit","Herbivore","Arboreal","Nocturnal"
"Megaerops niphanae","32.6",,,,,,,,"0","0","0","0","0","0","80","20","0","0","2","Fruit","Herbivore","Arboreal","Nocturnal"
"Megaerops wetmorei","18.5",,,,,,,,"0","0","0","0","0","0","80","20","0","0","2","Fruit","Herbivore","Arboreal","Nocturnal"
"Megaloglossus woermanni","12","18","1.5957",,,,,,"0","0","0","0","0","0","0","100","0","0","1","Nectar","Herbivore","Arboreal","Nocturnal"
"Megalomys desmarestii","47.71",,,,,,,,"20","0","0","0","0","0","10","0","40","30","4","Seed","Herbivore","Ground","Nocturnal"
"Megalomys luciae","47.71",,,,,,,,"20","0","0","0","0","0","10","0","40","30","4","Seed","Herbivore","Ground","Nocturnal"
"Meganyctiphanes norvegica","0.43",,,,,,,,,,,,,,,,,,,,,,
"Megaoryzomys curioi","47.71",,,,,,,,"20","0","0","0","0","0","10","0","40","30","4","Seed","Herbivore","Ground","Nocturnal"
"Megaptera novaeangliae","33120443.3333",,,,,,,,"80","0","0","20","0","0","0","0","0","0","2","Invertebrates","Faunivore","Marine","Diurnal"
"Megasorex gigas","20",,,,,,,,"70","0","10","0","0","20","0","0","0","0","3","Invertebrates","Faunivore","Ground","Nocturnal"
"Melanitis leda leda","0.2",,,,,,,,,,,,,,,,,,,,,,
"Melanomys caliginosus","41",,,,,,,,"20","0","0","0","0","0","10","0","40","30","4","Seed","Herbivore","Ground","Nocturnal"
"Melanomys robustulus","53.5",,,,,,,,"20","0","0","0","0","0","10","0","40","30","4","Seed","Herbivore","Ground","Nocturnal"
"Melanomys zunigae","53.5",,,,,,,,"20","0","0","0","0","0","10","0","40","30","4","Seed","Herbivore","Ground","Nocturnal"
"Melanophila acuminata","0.68",,,,,,,,,,,,,,,,,,,,,,
"Melanotrochilus fuscus","6.9",,,,,,,,,,,,,,,,,,,,,,
"Melasmothrix naso","47.45",,,,,,,,"80","0","0","0","0","0","0","0","0","20","2","Invertebrates","Faunivore","Ground","Diurnal"
"Meles anakuma","13000",,,,,,,,"60","0","0","0","0","0","40","0","0","0","2","Invertebrates","Omnivore","Ground","Diurnal"
"Meles leucurus","13000",,,,,,,,"50","30","0","0","0","0","0","0","0","20","3","Invertebrates","Faunivore","Ground","Diurnal"
"Meles meles","13000","2984","0.27",,,,,,"20","20","20","0","0","0","20","0","10","10","6","Invertebrates","Omnivore","Ground","Diurnal"
"Mellivora capensis","8193.3333",,,,,,,,"20","40","20","0","0","10","0","0","0","10","5","Endotherm vertebrates","Faunivore","Ground","Diurnal"
"Melogale everetti","1500",,,,,,,,"40","30","0","0","0","0","30","0","0","0","3","Invertebrates","Faunivore","Ground","Nocturnal"
"Melogale moschata","805.25",,,,,,,,"40","30","0","0","0","0","30","0","0","0","3","Invertebrates","Faunivore","Ground","Nocturnal"
"Melogale orientalis","2000",,,,,,,,"40","30","0","0","0","0","30","0","0","0","3","Invertebrates","Faunivore","Ground","Nocturnal"
"Melogale personata","7872.25",,,,,,,,"40","30","0","0","0","0","30","0","0","0","3","Invertebrates","Faunivore","Ground","Nocturnal"
"Melomys aerosus","97.3",,,,,,,,"0","0","0","0","0","0","60","0","0","40","2","Fruit","Herbivore","Ground","Nocturnal"
"Melomys arcium","86.68",,,,,,,,"0","0","0","0","0","0","60","0","0","40","2","Fruit","Herbivore","Ground","Nocturnal"
"Melomys bannisteri","86.68",,,,,,,,"0","0","0","0","0","0","60","0","0","40","2","Fruit","Herbivore","Ground","Nocturnal"
"Melomys bougainville","86",,,,,,,,"0","0","0","0","0","0","60","0","0","40","2","Fruit","Herbivore","Ground","Nocturnal"
"Melomys burtoni","68.5",,,,,,,,"0","0","0","0","0","0","60","0","0","40","2","Fruit","Herbivore","Ground","Nocturnal"
"Melomys capensis","70",,,,,,,,"0","0","0","0","0","0","60","0","0","40","2","Fruit","Herbivore","Ground","Nocturnal"
"Melomys caurinus","136",,,,,,,,"0","0","0","0","0","0","60","0","0","40","2","Fruit","Herbivore","Ground","Nocturnal"
"Melomys cervinipes","74",,,,,,,,"0","0","0","0","0","0","60","0","0","40","2","Fruit","Herbivore","Ground","Nocturnal"
"Melomys cooperae","86.68",,,,,,,,"0","0","0","0","0","0","60","0","0","40","2","Fruit","Herbivore","Ground","Nocturnal"
"Melomys dollmani","91.27",,,,,,,,"0","0","0","0","0","0","60","0","0","40","2","Fruit","Herbivore","Ground","Nocturnal"
"Melomys fraterculus","47.8",,,,,,,,"0","0","0","0","0","0","60","0","0","40","2","Fruit","Herbivore","Ground","Nocturnal"
"Melomys frigicola","86.68",,,,,,,,"0","0","0","0","0","0","60","0","0","40","2","Fruit","Herbivore","Ground","Nocturnal"
"Melomys fulgens","97.3",,,,,,,,"0","0","0","0","0","0","60","0","0","40","2","Fruit","Herbivore","Ground","Nocturnal"
"Melomys howi","86.68",,,,,,,,"0","0","0","0","0","0","60","0","0","40","2","Fruit","Herbivore","Ground","Nocturnal"
"Melomys leucogaster","108.5",,,,,,,,"0","0","0","0","0","0","60","0","0","40","2","Fruit","Herbivore","Ground","Nocturnal"
"Melomys lutillus","86.68",,,,,,,,"0","0","0","0","0","0","60","0","0","40","2","Fruit","Herbivore","Ground","Nocturnal"
"Melomys matambuai","145",,,,,,,,"0","0","0","0","0","0","60","0","0","40","2","Fruit","Herbivore","Ground","Nocturnal"
"Melomys obiensis","71",,,,,,,,"0","0","0","0","0","0","60","0","0","40","2","Fruit","Herbivore","Ground","Nocturnal"
"Melomys paveli","86.68",,,,,,,,"0","0","0","0","0","0","60","0","0","40","2","Fruit","Herbivore","Ground","Nocturnal"
"Melomys rubicola","100",,,,,,,,"0","0","0","0","0","0","60","0","0","40","2","Fruit","Herbivore","Ground","Nocturnal"
"Melomys rufescens","62.625",,,,,,,,"0","0","0","0","0","0","60","0","0","40","2","Fruit","Herbivore","Ground","Nocturnal"
"Melomys spechti","86.68",,,,,,,,"0","0","0","0","0","0","60","0","0","40","2","Fruit","Herbivore","Ground","Nocturnal"
"Melomys talaudium","86.68",,,,,,,,"0","0","0","0","0","0","60","0","0","40","2","Fruit","Herbivore","Ground","Nocturnal"
"Melonycteris fardoulisi","42.53",,,,,,,,"0","0","0","0","0","0","30","70","0","0","2","Nectar","Herbivore","Arboreal","Nocturnal"
"Melonycteris melanops","49.93","43.2","0.8105",,,,,,"0","0","0","0","0","0","30","70","0","0","2","Nectar","Herbivore","Arboreal","Nocturnal"
"Melonycteris woodfordi","36.19",,,,,,,,"0","0","0","0","0","0","30","70","0","0","2","Nectar","Herbivore","Arboreal","Nocturnal"
"Melopsittacus undulatus","35.33",,,,,,,,,,,,,,,,,,,,,,
"Melursus ursinus","98722.3333","8437","0.126",,,,,,"70","0","0","0","0","0","10","0","0","20","3","Invertebrates","Faunivore","Ground","Nocturnal"
"Menetes berdmorei","190",,,,,,,,"10","0","0","0","0","0","20","0","50","20","4","Seed","Herbivore","Scansorial","Diurnal"
"Mephitis macroura","801.25",,,,,,,,"20","30","0","0","0","0","20","0","10","20","5","Endotherm vertebrates","Omnivore","Ground","Cathemeral"
"Mephitis mephitis","2880","1507.5","0.266",,,,,,"20","30","0","0","0","0","20","0","10","20","5","Endotherm vertebrates","Omnivore","Ground","Nocturnal"
"Meriones arimalius","89.57",,,,,,,,"20","0","0","0","0","0","10","0","20","50","4","Other plant","Herbivore","Ground","Cathemeral"
"Meriones chengi","88.96",,,,,,,,"20","0","0","0","0","0","10","0","20","50","4","Other plant","Herbivore","Ground","Cathemeral"
"Meriones crassus","99.885","154.4","1.2888",,,,,,"20","0","0","0","0","0","10","0","20","50","4","Other plant","Herbivore","Ground","Nocturnal"
"Meriones dahli","90.15",,,,,,,,"20","0","0","0","0","0","10","0","20","50","4","Other plant","Herbivore","Ground","Cathemeral"
"Meriones grandis","96.13",,,,,,,,"20","0","0","0","0","0","10","0","20","50","4","Other plant","Herbivore","Ground","Cathemeral"
"Meriones hurrianae","71.2","53.5","0.74",,,,,,"20","0","0","0","0","0","10","0","20","50","4","Other plant","Herbivore","Ground","Diurnal"
"Meriones libycus","91.33",,,,,,,,"20","0","0","0","0","0","10","0","20","50","4","Other plant","Herbivore","Ground","Diurnal"
"Meriones meridianus","53.55","61.2","1.36",,,,,,"20","0","0","0","0","0","10","0","20","50","4","Other plant","Herbivore","Ground","Cathemeral"
"Meriones persicus","100",,,,,,,,"20","0","0","0","0","0","10","0","20","50","4","Other plant","Herbivore","Ground","Nocturnal"
"Meriones rex","125.25",,,,,,,,"20","0","0","0","0","0","10","0","20","50","4","Other plant","Herbivore","Ground","Nocturnal"
"Meriones sacramenti","200",,,,,,,,"20","0","0","0","0","0","10","0","20","50","4","Other plant","Herbivore","Ground","Cathemeral"
"Meriones shawi","90.6",,,,,,,,"20","0","0","0","0","0","10","0","20","50","4","Other plant","Herbivore","Ground","Cathemeral"
"Meriones tamariscinus","120",,,,,,,,"20","0","0","0","0","0","10","0","20","50","4","Other plant","Herbivore","Ground","Nocturnal"
"Meriones tristrami","108.5","98.56","0.88",,,,,,"20","0","0","0","0","0","10","0","20","50","4","Other plant","Herbivore","Ground","Cathemeral"
"Meriones unguiculatus","57.5283","87.4675","1.534",,,,,,"20","0","0","0","0","0","10","0","20","50","4","Other plant","Herbivore","Ground","Cathemeral"
"Meriones vinogradovi","150",,,,,,,,"20","0","0","0","0","0","10","0","20","50","4","Other plant","Herbivore","Ground","Cathemeral"
"Meriones zarudnyi","82.44",,,,,,,,"20","0","0","0","0","0","10","0","20","50","4","Other plant","Herbivore","Ground","Cathemeral"
"Mesechinus dauuricus","342",,,,,,,,"0","0","0","0","40","30","10","0","20","0","4","Vertebrates (unknown)","Faunivore","Ground","Nocturnal"
"Mesechinus hughi","315.81",,,,,,,,"0","0","0","0","40","30","10","0","20","0","4","Vertebrates (unknown)","Faunivore","Ground","Nocturnal"
"Mesembriomys gouldii","913.25",,,,,,,,"20","0","0","0","0","0","0","80","0","0","2","Nectar","Herbivore","Arboreal","Nocturnal"
"Mesembriomys macrurus","267",,,,,,,,"20","0","0","0","0","0","0","80","0","0","2","Nectar","Herbivore","Arboreal","Nocturnal"
"Mesocapromys angelcabrerai","470",,,,,,,,"0","0","0","0","0","0","30","0","0","70","2","Other plant","Herbivore","Scansorial","Diurnal"
"Mesocapromys auritus","585.55",,,,,,,,"0","0","0","0","0","0","30","0","0","70","2","Other plant","Herbivore","Scansorial","Diurnal"
"Mesocapromys melanurus","883.14",,,,,,,,"0","0","0","0","0","0","30","0","0","70","2","Other plant","Herbivore","Ground","Diurnal"
"Mesocapromys nanus","583.33",,,,,,,,"0","0","0","0","0","0","30","0","0","70","2","Other plant","Herbivore","Ground","Diurnal"
"Mesocapromys sanfelipensis","554.44",,,,,,,,"0","0","0","0","0","0","30","0","0","70","2","Other plant","Herbivore","Ground","Diurnal"
"Mesocricetus auratus","90","139.3","1.2566","3.9","15.75","20","7.65","48","0","10","0","0","0","0","30","0","30","30","4","Fruit","Herbivore","Ground","Nocturnal"
"Mesocricetus brandti","150",,,,,,,,"0","10","0","0","0","0","30","0","30","30","4","Fruit","Herbivore","Ground","Nocturnal"
"Mesocricetus newtoni","97.5",,,,,,,,"0","10","0","0","0","0","30","0","30","30","4","Fruit","Herbivore","Ground","Nocturnal"
"Mesocricetus raddei","111.73",,,,,,,,"0","10","0","0","0","0","30","0","30","30","4","Fruit","Herbivore","Ground","Nocturnal"
"Mesomys hispidus","175",,,,,,,,"0","0","0","0","0","0","30","0","20","50","3","Other plant","Herbivore","Arboreal","Nocturnal"
"Mesomys leniceps","108",,,,,,,,"0","0","0","0","0","0","30","0","20","50","3","Other plant","Herbivore","Arboreal","Nocturnal"
"Mesomys occultus","126.85",,,,,,,,"0","0","0","0","0","0","30","0","20","50","3","Other plant","Herbivore","Arboreal","Nocturnal"
"Mesomys stimulax","108",,,,,,,,"0","0","0","0","0","0","30","0","20","50","3","Other plant","Herbivore","Arboreal","Nocturnal"
"Mesophylla macconnelli","7.235",,,,,,,,"10","0","0","0","0","0","90","0","0","0","2","Fruit","Herbivore","Arboreal","Nocturnal"
"Mesoplodon bidens","3400000",,,,,,,,"80","0","0","20","0","0","0","0","0","0","2","Invertebrates","Faunivore","Marine","Cathemeral"
"Mesoplodon bowdoini","2600000",,,,,,,,"80","0","0","20","0","0","0","0","0","0","2","Invertebrates","Faunivore","Marine","Cathemeral"
"Mesoplodon carlhubbsi","3400000",,,,,,,,"80","0","0","20","0","0","0","0","0","0","2","Invertebrates","Faunivore","Marine","Cathemeral"
"Mesoplodon densirostris","1279166.6667",,,,,,,,"80","0","0","20","0","0","0","0","0","0","2","Invertebrates","Faunivore","Marine","Cathemeral"
"Mesoplodon europaeus","2354833.3333",,,,,,,,"80","0","0","20","0","0","0","0","0","0","2","Invertebrates","Faunivore","Marine","Cathemeral"
"Mesoplodon ginkgodens","1500000",,,,,,,,"80","0","0","20","0","0","0","0","0","0","2","Invertebrates","Faunivore","Marine","Cathemeral"
"Mesoplodon grayi","2900000",,,,,,,,"80","0","0","20","0","0","0","0","0","0","2","Invertebrates","Faunivore","Marine","Cathemeral"
"Mesoplodon hectori","1e+06",,,,,,,,"80","0","0","20","0","0","0","0","0","0","2","Invertebrates","Faunivore","Marine","Cathemeral"
"Mesoplodon layardii","1500000",,,,,,,,"80","0","0","20","0","0","0","0","0","0","2","Invertebrates","Faunivore","Marine","Cathemeral"
"Mesoplodon mirus","1319500",,,,,,,,"80","0","0","20","0","0","0","0","0","0","2","Invertebrates","Faunivore","Marine","Cathemeral"
"Mesoplodon perrini","2514984.32",,,,,,,,"80","0","0","20","0","0","0","0","0","0","2","Invertebrates","Faunivore","Marine","Cathemeral"
"Mesoplodon peruvianus","2514984.32",,,,,,,,"80","0","0","20","0","0","0","0","0","0","2","Invertebrates","Faunivore","Marine","Cathemeral"
"Mesoplodon stejnegeri","4800000",,,,,,,,"80","0","0","20","0","0","0","0","0","0","2","Invertebrates","Faunivore","Marine","Cathemeral"
"Mesoplodon traversii","2514984.32",,,,,,,,"80","0","0","20","0","0","0","0","0","0","2","Invertebrates","Faunivore","Marine","Cathemeral"
"Metachirus nudicaudatus","324.5","180.8","0.6051",,,,,,"30","20","20","0","10","0","20","0","0","0","5","Invertebrates","Faunivore","Scansorial","Nocturnal"
"Micaelamys granti","40",,,,,,,,"10","0","0","0","0","0","10","0","20","60","4","Other plant","Herbivore","Ground","Nocturnal"
"Micaelamys namaquensis","64.6117","47.715","0.84",,,,,,"10","0","0","0","0","0","10","0","20","60","4","Other plant","Herbivore","Ground","Nocturnal"
"Mico argentatus","345",,,,,,,,,,,,,,,,,,,,,,
"Mico humeralifer","370",,,,,,,,,,,,,,,,,,,,,,
"Micoureus alstoni","132.3",,,,,,,,"90","0","0","0","0","0","10","0","0","0","2","Invertebrates","Faunivore","Scansorial","Nocturnal"
"Micoureus constantiae","90",,,,,,,,"90","0","0","0","0","0","10","0","0","0","2","Invertebrates","Faunivore","Scansorial","Nocturnal"
"Micoureus demerarae","75.75",,,,,,,,"90","0","0","0","0","0","10","0","0","0","2","Invertebrates","Faunivore","Scansorial","Nocturnal"
"Micoureus paraguayanus","141.265","129.3","0.7601",,,,,,"30","0","0","0","30","0","20","20","0","0","4","Invertebrates","Omnivore","Scansorial","Nocturnal"
"Micoureus phaeus","103.76",,,,,,,,"90","0","0","0","0","0","10","0","0","0","2","Invertebrates","Faunivore","Scansorial","Nocturnal"
"Micoureus regina","118.6",,,,,,,,"90","0","0","0","0","0","10","0","0","0","2","Invertebrates","Faunivore","Scansorial","Nocturnal"
"Microakodontomys transitorius","47.71",,,,,,,,"20","0","0","0","0","0","10","0","40","30","4","Seed","Herbivore","Ground","Nocturnal"
"Microcavia australis","286.1",,,,,,,,"0","0","0","0","0","0","30","0","0","70","2","Other plant","Herbivore","Ground","Diurnal"
"Microcavia niata","255.2","175.8","0.6889",,,,,,"0","0","0","0","0","0","30","0","0","70","2","Other plant","Herbivore","Ground","Diurnal"
"Microcavia shiptoni","185",,,,,,,,"0","0","0","0","0","0","30","0","0","70","2","Other plant","Herbivore","Ground","Diurnal"
"Microcebus berthae","33.45",,,,,,,,"20","0","20","0","0","0","30","10","0","20","5","Fruit","Omnivore","Arboreal","Nocturnal"
"Microcebus griseorufus","50","44.29","0.86",,,,,,"20","0","20","0","0","0","30","10","0","20","5","Fruit","Omnivore","Arboreal","Nocturnal"
"Microcebus murinus","56","71.9433","1.0165","15.5","60.375","42","2","243","20","0","20","0","0","0","30","10","0","20","5","Fruit","Omnivore","Arboreal","Nocturnal"
"Microcebus myoxinus","33",,,,,,,,"20","0","20","0","0","0","30","10","0","20","5","Fruit","Omnivore","Arboreal","Nocturnal"
"Microcebus ravelobensis","63",,,,,,,,"20","0","20","0","0","0","30","10","0","20","5","Fruit","Omnivore","Arboreal","Nocturnal"
"Microcebus rufus","42.8",,,,,,,,"20","0","20","0","0","0","30","10","0","20","5","Fruit","Omnivore","Arboreal","Nocturnal"
"Microcebus sambiranensis","49.06",,,,,,,,"20","0","20","0","0","0","30","10","0","20","5","Fruit","Omnivore","Arboreal","Nocturnal"
"Microcebus tavaratra","68.01",,,,,,,,"20","0","20","0","0","0","30","10","0","20","5","Fruit","Omnivore","Arboreal","Nocturnal"
"Microdillus peeli","35.26",,,,,,,,"10","0","0","0","0","0","10","0","20","60","4","Other plant","Herbivore","Ground","Nocturnal"
"Microdipodops megacephalus","11.8833","27.685","2.4483",,,,,,"20","0","0","0","0","0","0","0","80","0","2","Seed","Herbivore","Ground","Nocturnal"
"Microdipodops pallidus","12","23.1","1.7513",,,,,,"20","0","0","0","0","0","0","0","80","0","2","Seed","Herbivore","Ground","Nocturnal"
"Microgale brevicaudata","11.3",,,,,,,,"100","0","0","0","0","0","0","0","0","0","1","Invertebrates","Faunivore","Ground","Cathemeral"
"Microgale cowani","15.2","27","2.6214",,,,,,"100","0","0","0","0","0","0","0","0","0","1","Invertebrates","Faunivore","Ground","Cathemeral"
"Microgale drouhardi","11.2","28.386","2.3854",,,,,,"100","0","0","0","0","0","0","0","0","0","1","Invertebrates","Faunivore","Ground","Cathemeral"
"Microgale dryas","40",,,,,,,,"100","0","0","0","0","0","0","0","0","0","1","Invertebrates","Faunivore","Ground","Cathemeral"
"Microgale fotsifotsy","7.7",,,,,,,,"100","0","0","0","0","0","0","0","0","0","1","Invertebrates","Faunivore","Ground","Cathemeral"
"Microgale gracilis","23.3",,,,,,,,"100","0","0","0","0","0","0","0","0","0","1","Invertebrates","Faunivore","Ground","Cathemeral"
"Microgale gymnorhyncha","18.2",,,,,,,,"100","0","0","0","0","0","0","0","0","0","1","Invertebrates","Faunivore","Ground","Cathemeral"
"Microgale longicaudata","7.3",,,,,,,,"100","0","0","0","0","0","0","0","0","0","1","Invertebrates","Faunivore","Ground","Cathemeral"
"Microgale mergulus","92","72.3","0.9305",,,,,,"60","0","20","20","0","0","0","0","0","0","3","Invertebrates","Faunivore","Ground","Nocturnal"
"Microgale monticola","13.9",,,,,,,,"100","0","0","0","0","0","0","0","0","0","1","Invertebrates","Faunivore","Ground","Cathemeral"
"Microgale nasoloi","13.83",,,,,,,,"100","0","0","0","0","0","0","0","0","0","1","Invertebrates","Faunivore","Ground","Cathemeral"
"Microgale parvula","3.4",,,,,,,,"100","0","0","0","0","0","0","0","0","0","1","Invertebrates","Faunivore","Ground","Cathemeral"
"Microgale principula","10.2",,,,,,,,"100","0","0","0","0","0","0","0","0","0","1","Invertebrates","Faunivore","Ground","Cathemeral"
"Microgale pusilla","3.4",,,,,,,,"100","0","0","0","0","0","0","0","0","0","1","Invertebrates","Faunivore","Ground","Cathemeral"
"Microgale soricoides","18.7",,,,,,,,"100","0","0","0","0","0","0","0","0","0","1","Invertebrates","Faunivore","Ground","Cathemeral"
"Microgale taiva","12.4",,,,,,,,"100","0","0","0","0","0","0","0","0","0","1","Invertebrates","Faunivore","Ground","Cathemeral"
"Microgale thomasi","22.9",,,,,,,,"100","0","0","0","0","0","0","0","0","0","1","Invertebrates","Faunivore","Ground","Cathemeral"
"Microhydromys musseri","17.32",,,,,,,,"100","0","0","0","0","0","0","0","0","0","1","Invertebrates","Faunivore","Ground","Nocturnal"
"Microhydromys richardsoni","10.25",,,,,,,,"100","0","0","0","0","0","0","0","0","0","1","Invertebrates","Faunivore","Ground","Nocturnal"
"Micromurexia habbema","46.97",,,,,,,,"70","10","20","0","0","0","0","0","0","0","3","Invertebrates","Faunivore","Ground","Nocturnal"
"Micromys minutus","6.86","32.33","3.9297",,,,,,"30","0","0","0","0","0","0","0","40","30","3","Seed","Herbivore","Ground","Cathemeral"
"Micronycteris brosseti","4.85",,,,,,,,"80","0","0","0","0","0","20","0","0","0","2","Invertebrates","Faunivore","Scansorial","Nocturnal"
"Micronycteris hirsuta","12.01",,,,,,,,"80","0","0","0","0","0","20","0","0","0","2","Invertebrates","Faunivore","Scansorial","Nocturnal"
"Micronycteris homezi","6.8",,,,,,,,"80","0","0","0","0","0","20","0","0","0","2","Invertebrates","Faunivore","Scansorial","Nocturnal"
"Micronycteris matses","6.85",,,,,,,,"80","0","0","0","0","0","20","0","0","0","2","Invertebrates","Faunivore","Scansorial","Nocturnal"
"Micronycteris megalotis","6.305",,,,,,,,"80","0","0","0","0","0","20","0","0","0","2","Invertebrates","Faunivore","Scansorial","Nocturnal"
"Micronycteris microtis","6.5",,,,,,,,"80","0","0","0","0","0","20","0","0","0","2","Invertebrates","Faunivore","Scansorial","Nocturnal"
"Micronycteris minuta","6.7",,,,,,,,"80","0","0","0","0","0","20","0","0","0","2","Invertebrates","Faunivore","Scansorial","Nocturnal"
"Micronycteris sanborni","6.3",,,,,,,,"80","0","0","0","0","0","20","0","0","0","2","Invertebrates","Faunivore","Scansorial","Nocturnal"
"Micronycteris schmidtorum","7.665",,,,,,,,"80","0","0","0","0","0","20","0","0","0","2","Invertebrates","Faunivore","Scansorial","Nocturnal"
"Microperoryctes longicauda","538",,,,,,,,"60","0","0","0","10","0","0","0","0","30","3","Invertebrates","Faunivore","Ground","Nocturnal"
"Microperoryctes murina","817.52",,,,,,,,"60","0","0","0","10","0","0","0","0","30","3","Invertebrates","Faunivore","Ground","Nocturnal"
"Microperoryctes papuensis","158",,,,,,,,"60","0","0","0","10","0","0","0","0","30","3","Invertebrates","Faunivore","Ground","Nocturnal"
"Micropogonias undulatus","418.79",,,,,,,,,,,,,,,,,,,,,,
"Micropotamogale lamottei","64.2",,,,,,,,"60","0","20","20","0","0","0","0","0","0","3","Invertebrates","Faunivore","Ground","Nocturnal"
"Micropotamogale ruwenzorii","98.5",,,,,,,,"60","0","20","20","0","0","0","0","0","0","3","Invertebrates","Faunivore","Ground","Nocturnal"
"Micropteropus intermedius","59.17",,,,,,,,"0","0","0","0","0","0","100","0","0","0","1","Fruit","Herbivore","Arboreal","Nocturnal"
"Micropteropus pusillus","25.885",,,,,,,,"0","0","0","0","0","0","90","10","0","0","2","Fruit","Herbivore","Arboreal","Nocturnal"
"Microryzomys altissimus","13.5",,,,,,,,"20","0","0","0","0","0","10","0","40","30","4","Seed","Herbivore","Ground","Nocturnal"
"Microryzomys minutus","13.5",,,,,,,,"20","0","0","0","0","0","10","0","40","30","4","Seed","Herbivore","Ground","Nocturnal"
"Microsciurus alfari","87.5",,,,,,,,"0","0","0","0","0","0","50","0","50","0","2","Fruit","Herbivore","Arboreal","Diurnal"
"Microsciurus flaviventer","92",,,,,,,,"0","0","0","0","0","0","50","0","50","0","2","Fruit","Herbivore","Arboreal","Diurnal"
"Microsciurus mimulus","120",,,,,,,,"0","0","0","0","0","0","50","0","50","0","2","Fruit","Herbivore","Arboreal","Diurnal"
"Microsciurus santanderensis","99.8",,,,,,,,"0","0","0","0","0","0","50","0","50","0","2","Fruit","Herbivore","Arboreal","Diurnal"
"Microsorex hoyi","3",,,,,,,,,,,,,,,,,,,,,,
"Microtus abbreviatus","62",,,,,,,,"0","0","0","0","0","0","0","0","20","80","2","Other plant","Herbivore","Ground","Cathemeral"
"Microtus agrestis","32.5333","75.8075","3.4312",,,,,,"0","0","0","0","0","0","0","0","20","80","2","Other plant","Herbivore","Ground","Cathemeral"
"Microtus anatolicus","37.99",,,,,,,,"0","0","0","0","0","0","0","0","20","80","2","Other plant","Herbivore","Ground","Cathemeral"
"Microtus arvalis","28.4","68.7175","2.7322",,,,,,"0","0","0","0","0","0","0","0","20","80","2","Other plant","Herbivore","Ground","Cathemeral"
"Microtus bavaricus","23.94",,,,,,,,"0","0","0","0","0","0","0","0","20","80","2","Other plant","Herbivore","Ground","Cathemeral"
"Microtus brachycercus","37.99",,,,,,,,"0","0","0","0","0","0","0","0","20","80","2","Other plant","Herbivore","Ground","Cathemeral"
"Microtus breweri","53.55","73.7","1.3879",,,,,,"0","0","0","0","0","0","0","0","20","80","2","Other plant","Herbivore","Ground","Cathemeral"
"Microtus cabrerae","50.4717","94.9633","1.9161",,,,,,"0","0","0","0","0","0","0","0","20","80","2","Other plant","Herbivore","Ground","Cathemeral"
"Microtus californicus","48.24","67.92","1.5436",,,,,,"0","0","0","0","0","0","0","0","20","80","2","Other plant","Herbivore","Ground","Cathemeral"
"Microtus canicaudus","29.425","77.8","2.5592",,,,,,"0","0","0","0","0","0","0","0","20","80","2","Other plant","Herbivore","Ground","Cathemeral"
"Microtus chrotorrhinus","39",,,,,,,,"0","0","0","0","0","0","0","0","20","80","2","Other plant","Herbivore","Ground","Cathemeral"
"Microtus clarkei","48.14",,,,,,,,"0","0","0","0","0","0","0","0","20","80","2","Other plant","Herbivore","Ground","Cathemeral"
"Microtus daghestanicus","12.99",,,,,,,,"0","0","0","0","0","0","0","0","20","80","2","Other plant","Herbivore","Ground","Cathemeral"
"Microtus dogramacii","37.99",,,,,,,,"0","0","0","0","0","0","0","0","20","80","2","Other plant","Herbivore","Ground","Cathemeral"
"Microtus duodecimcostatus","23",,,,,,,,"0","0","0","0","0","0","0","0","20","80","2","Other plant","Herbivore","Ground","Cathemeral"
"Microtus evoronensis","41.42",,,,,,,,"0","0","0","0","0","0","0","0","20","80","2","Other plant","Herbivore","Ground","Cathemeral"
"Microtus felteni","24.34",,,,,,,,"0","0","0","0","0","0","0","0","20","80","2","Other plant","Herbivore","Ground","Cathemeral"
"Microtus fortis","63",,,,,,,,"0","0","0","0","0","0","0","0","20","80","2","Other plant","Herbivore","Ground","Cathemeral"
"Microtus gerbei","24.89",,,,,,,,"0","0","0","0","0","0","0","0","20","80","2","Other plant","Herbivore","Ground","Cathemeral"
"Microtus gregalis","47.5",,,,,,,,"0","0","0","0","0","0","0","0","20","80","2","Other plant","Herbivore","Ground","Cathemeral"
"Microtus guatemalensis","42",,,,,,,,"0","0","0","0","0","0","0","0","20","80","2","Other plant","Herbivore","Ground","Cathemeral"
"Microtus guentheri","48.3667","80.15","1.8299",,,,,,"0","0","0","0","0","0","0","0","20","80","2","Other plant","Herbivore","Ground","Cathemeral"
"Microtus ilaeus","36.67",,,,,,,,"0","0","0","0","0","0","0","0","20","80","2","Other plant","Herbivore","Ground","Cathemeral"
"Microtus irani","45.36",,,,,,,,"0","0","0","0","0","0","0","0","20","80","2","Other plant","Herbivore","Ground","Cathemeral"
"Microtus kikuchii","46.3",,,,,,,,"0","0","0","0","0","0","0","0","20","80","2","Other plant","Herbivore","Ground","Cathemeral"
"Microtus levis","35.49",,,,,,,,"0","0","0","0","0","0","0","0","20","80","2","Other plant","Herbivore","Ground","Cathemeral"
"Microtus liechtensteini","37.99",,,,,,,,"0","0","0","0","0","0","0","0","20","80","2","Other plant","Herbivore","Ground","Cathemeral"
"Microtus limnophilus","40.59",,,,,,,,"0","0","0","0","0","0","0","0","20","80","2","Other plant","Herbivore","Ground","Cathemeral"
"Microtus longicaudus","42.3144","68.0667","2.1415",,,,,,"0","0","0","0","0","0","0","0","20","80","2","Other plant","Herbivore","Ground","Cathemeral"
"Microtus lusitanicus","24.82",,,,,,,,"0","0","0","0","0","0","0","0","20","80","2","Other plant","Herbivore","Ground","Cathemeral"
"Microtus majori","18.2",,,,,,,,"0","0","0","0","0","0","0","0","20","80","2","Other plant","Herbivore","Ground","Cathemeral"
"Microtus maximowiczii","41.3125","85.89","2.0864",,,,,,"0","0","0","0","0","0","0","0","20","80","2","Other plant","Herbivore","Ground","Cathemeral"
"Microtus mexicanus","31.9","46.57","1.617",,,,,,"0","0","0","0","0","0","0","0","20","80","2","Other plant","Herbivore","Ground","Cathemeral"
"Microtus middendorffii","36.49",,,,,,,,"0","0","0","0","0","0","0","0","20","80","2","Other plant","Herbivore","Ground","Cathemeral"
"Microtus miurus","41",,,,,,,,"0","0","0","0","0","0","0","0","20","80","2","Other plant","Herbivore","Ground","Cathemeral"
"Microtus mongolicus","27.5",,,,,,,,"0","0","0","0","0","0","0","0","20","80","2","Other plant","Herbivore","Ground","Cathemeral"
"Microtus montanus","36.785","73.495","2.2074",,,,,,"0","0","0","0","0","0","0","0","20","80","2","Other plant","Herbivore","Ground","Cathemeral"
"Microtus montebelli","39.85",,,,,,,,"0","0","0","0","0","0","0","0","20","80","2","Other plant","Herbivore","Ground","Cathemeral"
"Microtus mujanensis","41.55",,,,,,,,"0","0","0","0","0","0","0","0","20","80","2","Other plant","Herbivore","Ground","Cathemeral"
"Microtus multiplex","23.17",,,,,,,,"0","0","0","0","0","0","0","0","20","80","2","Other plant","Herbivore","Ground","Cathemeral"
"Microtus oaxacensis","39.2",,,,,,,,"0","0","0","0","0","0","0","0","20","80","2","Other plant","Herbivore","Ground","Cathemeral"
"Microtus ochrogaster","44.2033","64.675","1.2811",,,,,,"0","0","0","0","0","0","0","0","20","80","2","Other plant","Herbivore","Ground","Cathemeral"
"Microtus oeconomus","32.3678","93.5556","3.1498",,,,,,"0","0","0","0","0","0","0","0","20","80","2","Other plant","Herbivore","Ground","Cathemeral"
"Microtus oregoni","21.175",,,,,,,,"0","0","0","0","0","0","0","0","20","80","2","Other plant","Herbivore","Ground","Cathemeral"
"Microtus paradoxus","37.99",,,,,,,,"0","0","0","0","0","0","0","0","20","80","2","Other plant","Herbivore","Ground","Cathemeral"
"Microtus pennsylvanicus","35.0489","74.1233","1.9612",,,,,,"0","0","0","0","0","0","0","0","20","80","2","Other plant","Herbivore","Ground","Cathemeral"
"Microtus pinetorum","16","55.965","2.2911",,,,,,"0","0","0","0","0","0","0","0","20","80","2","Other plant","Herbivore","Ground","Cathemeral"
"Microtus qazvinensis","37.99",,,,,,,,"0","0","0","0","0","0","0","0","20","80","2","Other plant","Herbivore","Ground","Cathemeral"
"Microtus quasiater","40",,,,,,,,"0","0","0","0","0","0","0","0","20","80","2","Other plant","Herbivore","Ground","Cathemeral"
"Microtus richardsoni","75.325","130.915","1.9477",,,,,,"0","0","0","0","0","0","0","0","20","80","2","Other plant","Herbivore","Ground","Cathemeral"
"Microtus sachalinensis","36.33",,,,,,,,"0","0","0","0","0","0","0","0","20","80","2","Other plant","Herbivore","Ground","Cathemeral"
"Microtus savii","20",,,,,,,,"0","0","0","0","0","0","0","0","20","80","2","Other plant","Herbivore","Ground","Cathemeral"
"Microtus schelkovnikovi","26.4",,,,,,,,"0","0","0","0","0","0","0","0","20","80","2","Other plant","Herbivore","Ground","Cathemeral"
"Microtus schidlovskii","37.99",,,,,,,,"0","0","0","0","0","0","0","0","20","80","2","Other plant","Herbivore","Ground","Cathemeral"
"Microtus socialis","54.6","85.7","1.4003",,,,,,"0","0","0","0","0","0","0","0","20","80","2","Other plant","Herbivore","Ground","Cathemeral"
"Microtus subterraneus","18.65","49.48","2.7798",,,,,,"0","0","0","0","0","0","0","0","20","80","2","Other plant","Herbivore","Ground","Cathemeral"
"Microtus tatricus","40",,,,,,,,"0","0","0","0","0","0","0","0","20","80","2","Other plant","Herbivore","Ground","Cathemeral"
"Microtus thomasi","25.67",,,,,,,,"0","0","0","0","0","0","0","0","20","80","2","Other plant","Herbivore","Ground","Cathemeral"
"Microtus townsendii","54.25","85.6","1.6398",,,,,,"0","0","0","0","0","0","0","0","20","80","2","Other plant","Herbivore","Ground","Cathemeral"
"Microtus transcaspicus","35.17",,,,,,,,"0","0","0","0","0","0","0","0","20","80","2","Other plant","Herbivore","Ground","Cathemeral"
"Microtus umbrosus","42",,,,,,,,"0","0","0","0","0","0","0","0","20","80","2","Other plant","Herbivore","Ground","Cathemeral"
"Microtus xanthognathus","97.125","98.6","1.4394",,,,,,"0","0","0","0","0","0","0","0","20","80","2","Other plant","Herbivore","Ground","Cathemeral"
"Millardia gleadowi","30.8",,,,,,,,"0","0","0","0","0","0","0","0","70","30","2","Seed","Herbivore","Ground","Nocturnal"
"Millardia kathleenae","93",,,,,,,,"0","0","0","0","0","0","0","0","70","30","2","Seed","Herbivore","Ground","Nocturnal"
"Millardia kondana","147",,,,,,,,"0","0","0","0","0","0","0","0","70","30","2","Seed","Herbivore","Ground","Nocturnal"
"Millardia meltada","68.7","58.64","0.87",,,,,,"0","0","0","0","0","0","0","0","70","30","2","Seed","Herbivore","Ground","Nocturnal"
"Mimetillus moloneyi","8.8",,,,,,,,"100","0","0","0","0","0","0","0","0","0","1","Invertebrates","Faunivore","Aerial","Nocturnal"
"Mimon bennettii","25.2",,,,,,,,"30","0","20","20","0","0","30","0","0","0","4","Invertebrates","Faunivore","Scansorial","Nocturnal"
"Mimon cozumelae","18.61",,,,,,,,"60","10","0","0","0","0","30","0","0","0","3","Invertebrates","Faunivore","Scansorial","Nocturnal"
"Mimon crenulatum","13.765",,,,,,,,"50","0","0","0","0","0","50","0","0","0","2","Invertebrates","Omnivore","Scansorial","Nocturnal"
"Mimon koepckeae","18.61",,,,,,,,"60","10","0","0","0","0","30","0","0","0","3","Invertebrates","Faunivore","Scansorial","Nocturnal"
"Miniopterus africanus","9.76",,,,,,,,"100","0","0","0","0","0","0","0","0","0","1","Invertebrates","Faunivore","Aerial","Nocturnal"
"Miniopterus australis","6.625",,,,,,,,"100","0","0","0","0","0","0","0","0","0","1","Invertebrates","Faunivore","Aerial","Nocturnal"
"Miniopterus fraterculus","7.3",,,,,,,,"100","0","0","0","0","0","0","0","0","0","1","Invertebrates","Faunivore","Aerial","Nocturnal"
"Miniopterus fuscus","11.065",,,,,,,,"100","0","0","0","0","0","0","0","0","0","1","Invertebrates","Faunivore","Aerial","Nocturnal"
"Miniopterus gleni","9",,,,,,,,"100","0","0","0","0","0","0","0","0","0","1","Invertebrates","Faunivore","Aerial","Nocturnal"
"Miniopterus inflatus","14.625",,,,,,,,"100","0","0","0","0","0","0","0","0","0","1","Invertebrates","Faunivore","Aerial","Nocturnal"
"Miniopterus magnater","14.535",,,,,,,,"100","0","0","0","0","0","0","0","0","0","1","Invertebrates","Faunivore","Aerial","Nocturnal"
"Miniopterus majori","9",,,,,,,,"100","0","0","0","0","0","0","0","0","0","1","Invertebrates","Faunivore","Aerial","Nocturnal"
"Miniopterus manavi","7",,,,,,,,"100","0","0","0","0","0","0","0","0","0","1","Invertebrates","Faunivore","Aerial","Nocturnal"
"Miniopterus medius","11.555",,,,,,,,"100","0","0","0","0","0","0","0","0","0","1","Invertebrates","Faunivore","Aerial","Nocturnal"
"Miniopterus minor","7.01",,,,,,,,"100","0","0","0","0","0","0","0","0","0","1","Invertebrates","Faunivore","Aerial","Nocturnal"
"Miniopterus natalensis","10.1","4.89","0.5005",,,,,,"100","0","0","0","0","0","0","0","0","0","1","Invertebrates","Faunivore","Aerial","Nocturnal"
"Miniopterus paululus","9.76",,,,,,,,"100","0","0","0","0","0","0","0","0","0","1","Invertebrates","Faunivore","Aerial","Nocturnal"
"Miniopterus pusillus","8.605",,,,,,,,"100","0","0","0","0","0","0","0","0","0","1","Invertebrates","Faunivore","Aerial","Nocturnal"
"Miniopterus robustior","12.06",,,,,,,,"100","0","0","0","0","0","0","0","0","0","1","Invertebrates","Faunivore","Aerial","Nocturnal"
"Miniopterus schreibersii","15","25.685","2.3343",,,,,,"100","0","0","0","0","0","0","0","0","0","1","Invertebrates","Faunivore","Aerial","Nocturnal"
"Miniopterus shortridgei","9.76",,,,,,,,"100","0","0","0","0","0","0","0","0","0","1","Invertebrates","Faunivore","Aerial","Nocturnal"
"Miniopterus tristis","15.675",,,,,,,,"100","0","0","0","0","0","0","0","0","0","1","Invertebrates","Faunivore","Aerial","Nocturnal"
"Minopterus macrocneme","9.83",,,,,,,,"100","0","0","0","0","0","0","0","0","0","1","Invertebrates","Faunivore","Aerial","Nocturnal"
"Miopithecus ogouensis","1574",,,,,,,,"20","0","0","0","0","0","80","0","0","0","2","Fruit","Herbivore","Arboreal","Diurnal"
"Miopithecus talapoin","1171.4286",,,,"164.5","168.3333","1","1395","50","0","0","0","0","0","50","0","0","0","2","Invertebrates","Omnivore","Arboreal","Diurnal"
"Mirounga angustirostris","725000",,,,,,,,"60","0","0","40","0","0","0","0","0","0","2","Invertebrates","Faunivore","Marine","Diurnal"
"Mirounga leonina","1803250",,,,,,,,"60","0","0","40","0","0","0","0","0","0","2","Invertebrates","Faunivore","Marine","Diurnal"
"Mirza coquereli","311.5833",,,,,,,,"60","0","0","0","10","0","10","0","10","10","5","Invertebrates","Faunivore","Arboreal","Nocturnal"
"Moduza procris milonia","0.2",,,,,,,,,,,,,,,,,,,,,,
"Mogera imaizumii","65.53",,,,,,,,"100","0","0","0","0","0","0","0","0","0","1","Invertebrates","Faunivore","Ground","Cathemeral"
"Mogera insularis","83.03",,,,,,,,"100","0","0","0","0","0","0","0","0","0","1","Invertebrates","Faunivore","Ground","Cathemeral"
"Mogera tokudae","129.5",,,,,,,,"100","0","0","0","0","0","0","0","0","0","1","Invertebrates","Faunivore","Ground","Cathemeral"
"Mogera uchidai","75.85",,,,,,,,"100","0","0","0","0","0","0","0","0","0","1","Invertebrates","Faunivore","Ground","Cathemeral"
"Mogera wogura","111.5",,,,,,,,"100","0","0","0","0","0","0","0","0","0","1","Invertebrates","Faunivore","Ground","Cathemeral"
"Molossops aequatorianus","14.51",,,,,,,,"100","0","0","0","0","0","0","0","0","0","1","Invertebrates","Faunivore","Aerial","Nocturnal"
"Molossops mattogrossensis","6.83",,,,,,,,"100","0","0","0","0","0","0","0","0","0","1","Invertebrates","Faunivore","Aerial","Nocturnal"
"Molossops neglectus","11",,,,,,,,"100","0","0","0","0","0","0","0","0","0","1","Invertebrates","Faunivore","Aerial","Nocturnal"
"Molossops temminckii","6.35",,,,,,,,"100","0","0","0","0","0","0","0","0","0","1","Invertebrates","Faunivore","Aerial","Nocturnal"
"Molossus aztecus","14.86",,,,,,,,"100","0","0","0","0","0","0","0","0","0","1","Invertebrates","Faunivore","Aerial","Nocturnal"
"Molossus barnesi","14.8",,,,,,,,"100","0","0","0","0","0","0","0","0","0","1","Invertebrates","Faunivore","Aerial","Nocturnal"
"Molossus coibensis","18.73",,,,,,,,"100","0","0","0","0","0","0","0","0","0","1","Invertebrates","Faunivore","Aerial","Nocturnal"
"Molossus currentium","17.79",,,,,,,,"100","0","0","0","0","0","0","0","0","0","1","Invertebrates","Faunivore","Aerial","Nocturnal"
"Molossus molossus","14.4367","20.1","1.2182",,,,,,"100","0","0","0","0","0","0","0","0","0","1","Invertebrates","Faunivore","Aerial","Nocturnal"
"Molossus pretiosus","27",,,,,,,,"100","0","0","0","0","0","0","0","0","0","1","Invertebrates","Faunivore","Aerial","Nocturnal"
"Molossus rufus","25",,,,,,,,"100","0","0","0","0","0","0","0","0","0","1","Invertebrates","Faunivore","Aerial","Nocturnal"
"Molossus sinaloae","22.58",,,,,,,,"100","0","0","0","0","0","0","0","0","0","1","Invertebrates","Faunivore","Aerial","Nocturnal"
"Molothrus ater","42.55",,,,,,,,,,,,,,,,,,,,,,
"Monachus monachus","286500",,,,,,,,"20","0","0","80","0","0","0","0","0","0","2","Fish","Faunivore","Marine","Diurnal"
"Monachus schauinslandi","198000",,,,,,,,"30","0","0","70","0","0","0","0","0","0","2","Fish","Faunivore","Marine","Nocturnal"
"Monachus tropicalis","2e+05",,,,,,,,"40","0","0","60","0","0","0","0","0","0","2","Fish","Faunivore","Marine","Diurnal"
"Monodelphis adusta","35",,,,,,,,"20","20","0","0","0","20","20","0","20","0","5","Invertebrates","Omnivore","Ground","Nocturnal"
"Monodelphis americana","19.5",,,,,,,,"20","20","0","0","0","20","20","0","20","0","5","Invertebrates","Omnivore","Ground","Nocturnal"
"Monodelphis brevicaudata","83.5433","75.5","0.6802",,,,,,"20","20","0","0","0","20","20","0","20","0","5","Invertebrates","Omnivore","Ground","Nocturnal"
"Monodelphis dimidiata","58",,,,,,,,"20","20","0","0","0","20","20","0","20","0","5","Invertebrates","Omnivore","Ground","Nocturnal"
"Monodelphis domestica","116.5","61.06","0.7959",,,,,,"20","20","0","0","0","20","20","0","20","0","5","Invertebrates","Omnivore","Ground","Nocturnal"
"Monodelphis emiliae","40",,,,,,,,"20","20","0","0","0","20","20","0","20","0","5","Invertebrates","Omnivore","Ground","Nocturnal"
"Monodelphis glirina","61.54",,,,,,,,"20","20","0","0","0","20","20","0","20","0","5","Invertebrates","Omnivore","Ground","Nocturnal"
"Monodelphis iheringi","112",,,,,,,,"20","20","0","0","0","20","20","0","20","0","5","Invertebrates","Omnivore","Ground","Nocturnal"
"Monodelphis kunsi","11.3",,,,,,,,"20","20","0","0","0","20","20","0","20","0","5","Invertebrates","Omnivore","Ground","Nocturnal"
"Monodelphis maraxina","61.57",,,,,,,,"20","20","0","0","0","20","20","0","20","0","5","Invertebrates","Omnivore","Ground","Nocturnal"
"Monodelphis osgoodi","112",,,,,,,,"20","20","0","0","0","20","20","0","20","0","5","Invertebrates","Omnivore","Ground","Nocturnal"
"Monodelphis palliolata","61.54",,,,,,,,"20","20","0","0","0","20","20","0","20","0","5","Invertebrates","Omnivore","Ground","Nocturnal"
"Monodelphis rubida","45.5",,,,,,,,"20","20","0","0","0","20","20","0","20","0","5","Invertebrates","Omnivore","Ground","Nocturnal"
"Monodelphis scalops","741",,,,,,,,"20","20","0","0","0","20","20","0","20","0","5","Invertebrates","Omnivore","Ground","Nocturnal"
"Monodelphis sorex","48",,,,,,,,"20","20","0","0","0","20","20","0","20","0","5","Invertebrates","Omnivore","Ground","Nocturnal"
"Monodelphis theresa","112",,,,,,,,"20","20","0","0","0","20","20","0","20","0","5","Invertebrates","Omnivore","Ground","Nocturnal"
"Monodelphis umbristriata","61.54",,,,,,,,"20","20","0","0","0","20","20","0","20","0","5","Invertebrates","Omnivore","Ground","Nocturnal"
"Monodelphis unistriata","55.3",,,,,,,,"20","20","0","0","0","20","20","0","20","0","5","Invertebrates","Omnivore","Ground","Nocturnal"
"Monodon monoceros","1352219.9993",,,,,,,,"40","0","0","60","0","0","0","0","0","0","2","Fish","Faunivore","Marine","Cathemeral"
"Monophyllus plethodon","14.855",,,,,,,,"20","0","0","0","0","0","40","40","0","0","3","Fruit","Herbivore","Arboreal","Nocturnal"
"Monophyllus redmani","8.755","11.3","1.2826",,,,,,"20","0","0","0","0","0","40","40","0","0","3","Fruit","Herbivore","Arboreal","Nocturnal"
"Monticolomys koopmani","25",,,,,,,,"10","0","0","0","0","0","20","0","50","20","4","Seed","Herbivore","Scansorial","Nocturnal"
"Mops brachypterus","16",,,,,,,,"100","0","0","0","0","0","0","0","0","0","1","Invertebrates","Faunivore","Aerial","Nocturnal"
"Mops condylurus","29","32.2","1.3879",,,,,,"100","0","0","0","0","0","0","0","0","0","1","Invertebrates","Faunivore","Aerial","Nocturnal"
"Mops congicus","42.95",,,,,,,,"100","0","0","0","0","0","0","0","0","0","1","Invertebrates","Faunivore","Aerial","Nocturnal"
"Mops demonstrator","18.65",,,,,,,,"100","0","0","0","0","0","0","0","0","0","1","Invertebrates","Faunivore","Aerial","Nocturnal"
"Mops leucostigma","26.79",,,,,,,,"100","0","0","0","0","0","0","0","0","0","1","Invertebrates","Faunivore","Aerial","Nocturnal"
"Mops midas","45.22",,,,,,,,"100","0","0","0","0","0","0","0","0","0","1","Invertebrates","Faunivore","Aerial","Nocturnal"
"Mops mops","30.95",,,,,,,,"100","0","0","0","0","0","0","0","0","0","1","Invertebrates","Faunivore","Aerial","Nocturnal"
"Mops nanulus","18.65",,,,,,,,"100","0","0","0","0","0","0","0","0","0","1","Invertebrates","Faunivore","Aerial","Nocturnal"
"Mops niangarae","18.65",,,,,,,,"100","0","0","0","0","0","0","0","0","0","1","Invertebrates","Faunivore","Aerial","Nocturnal"
"Mops niveiventer","21.7",,,,,,,,"100","0","0","0","0","0","0","0","0","0","1","Invertebrates","Faunivore","Aerial","Nocturnal"
"Mops petersoni","18.65",,,,,,,,"100","0","0","0","0","0","0","0","0","0","1","Invertebrates","Faunivore","Aerial","Nocturnal"
"Mops pumilus","11.535",,,,,,,,"100","0","0","0","0","0","0","0","0","0","1","Invertebrates","Faunivore","Aerial","Nocturnal"
"Mops sarasinorum","24.17",,,,,,,,"100","0","0","0","0","0","0","0","0","0","1","Invertebrates","Faunivore","Aerial","Nocturnal"
"Mops spurrelli","8.08",,,,,,,,"100","0","0","0","0","0","0","0","0","0","1","Invertebrates","Faunivore","Aerial","Nocturnal"
"Mops thersites","22",,,,,,,,"100","0","0","0","0","0","0","0","0","0","1","Invertebrates","Faunivore","Aerial","Nocturnal"
"Mops trevori","18.65",,,,,,,,"100","0","0","0","0","0","0","0","0","0","1","Invertebrates","Faunivore","Aerial","Nocturnal"
"Mordacia mordax","264.5",,,,,,,,,,,,,,,,,,,,,,
"Mordacia praecox","264.5",,,,,,,,,,,,,,,,,,,,,,
"Mormoops blainvillei","8.8","8.29","0.9304",,,,,,"100","0","0","0","0","0","0","0","0","0","1","Invertebrates","Faunivore","Aerial","Nocturnal"
"Mormoops magna","11.72",,,,,,,,"100","0","0","0","0","0","0","0","0","0","1","Invertebrates","Faunivore","Aerial","Nocturnal"
"Mormoops megalophylla","15.9467","24.4","1.4788",,,,,,"100","0","0","0","0","0","0","0","0","0","1","Invertebrates","Faunivore","Aerial","Nocturnal"
"Mormopterus acetabulosus","11",,,,,,,,"100","0","0","0","0","0","0","0","0","0","1","Invertebrates","Faunivore","Aerial","Nocturnal"
"Mormopterus beccarii","14.525",,,,,,,,"100","0","0","0","0","0","0","0","0","0","1","Invertebrates","Faunivore","Aerial","Nocturnal"
"Mormopterus doriae","12.5",,,,,,,,"100","0","0","0","0","0","0","0","0","0","1","Invertebrates","Faunivore","Aerial","Nocturnal"
"Mormopterus jugularis","11.5",,,,,,,,"100","0","0","0","0","0","0","0","0","0","1","Invertebrates","Faunivore","Aerial","Nocturnal"
"Mormopterus kalinowskii","13.44",,,,,,,,"100","0","0","0","0","0","0","0","0","0","1","Invertebrates","Faunivore","Aerial","Nocturnal"
"Mormopterus loriae","7",,,,,,,,"100","0","0","0","0","0","0","0","0","0","1","Invertebrates","Faunivore","Aerial","Nocturnal"
"Mormopterus minutus","13.44",,,,,,,,"100","0","0","0","0","0","0","0","0","0","1","Invertebrates","Faunivore","Aerial","Nocturnal"
"Mormopterus norfolkensis","8",,,,,,,,"100","0","0","0","0","0","0","0","0","0","1","Invertebrates","Faunivore","Aerial","Nocturnal"
"Mormopterus phrudus","13.44",,,,,,,,"100","0","0","0","0","0","0","0","0","0","1","Invertebrates","Faunivore","Aerial","Nocturnal"
"Mormopterus planiceps","8.8",,,,,,,,"100","0","0","0","0","0","0","0","0","0","1","Invertebrates","Faunivore","Aerial","Nocturnal"
"Morone saxatilis","22067.25",,,,,,,,,,,,,,,,,,,,,,
"Moschiola meminna","2688.6967",,,,,,,,"0","0","0","0","0","0","0","0","0","100","1","Other plant","Herbivore","Ground","Nocturnal"
"Moschus anhuiensis","2145.93",,,,,,,,"0","0","0","0","0","0","0","0","0","100","1","Other plant","Herbivore","Ground","Nocturnal"
"Moschus berezovskii","9000",,,,,,,,"0","0","0","0","0","0","0","0","0","100","1","Other plant","Herbivore","Ground","Nocturnal"
"Moschus chrysogaster","14500",,,,,,,,"0","0","0","0","0","0","0","0","0","100","1","Other plant","Herbivore","Ground","Nocturnal"
"Moschus cupreus","2145.93",,,,,,,,"0","0","0","0","0","0","0","0","0","100","1","Other plant","Herbivore","Ground","Nocturnal"
"Moschus fuscus","12.5",,,,,,,,"0","0","0","0","0","0","0","0","0","100","1","Other plant","Herbivore","Ground","Nocturnal"
"Moschus leucogaster","9572.965",,,,,,,,"0","0","0","0","0","0","0","0","0","100","1","Other plant","Herbivore","Ground","Nocturnal"
"Moschus moschiferus","13000",,,,,,,,"0","0","0","0","0","0","0","0","0","100","1","Other plant","Herbivore","Ground","Nocturnal"
"Mosia nigrescens","3.25",,,,,,,,"100","0","0","0","0","0","0","0","0","0","1","Invertebrates","Faunivore","Aerial","Nocturnal"
"Mouse lemur","60",,,,,,,,,,,,,,,,,,,,,,
"Mugil cephalus","1424",,,,,,,,,,,,,,,,,,,,,,
"Mungos gambianus","1500",,,,,,,,"80","0","0","0","20","0","0","0","0","0","2","Invertebrates","Faunivore","Ground","Diurnal"
"Mungos mungo","1140",,,,,,,,"80","0","0","0","20","0","0","0","0","0","2","Invertebrates","Faunivore","Ground","Diurnal"
"Mungotictis decemlineata","650",,,,,,,,"80","0","0","0","20","0","0","0","0","0","2","Invertebrates","Faunivore","Ground","Diurnal"
"Munidopsis erinacea","6",,,,,,,,,,,,,,,,,,,,,,
"Muntiacus atherodes","15600",,,,,,,,"0","0","0","0","0","0","20","0","0","80","2","Other plant","Herbivore","Ground","Cathemeral"
"Muntiacus crinifrons","36140.99",,,,,,,,"0","0","0","0","0","0","20","0","0","80","2","Other plant","Herbivore","Ground","Cathemeral"
"Muntiacus feae","22000",,,,,,,,"0","0","0","0","0","0","20","0","0","80","2","Other plant","Herbivore","Ground","Cathemeral"
"Muntiacus gongshanensis","19906.73",,,,,,,,"0","0","0","0","0","0","20","0","0","80","2","Other plant","Herbivore","Ground","Cathemeral"
"Muntiacus muntjak","16712.46",,,,,,,,"0","0","0","0","0","0","30","0","0","70","2","Other plant","Herbivore","Ground","Cathemeral"
"Muntiacus puhoatensis","19506.63",,,,,,,,"0","0","0","0","0","0","20","0","0","80","2","Other plant","Herbivore","Ground","Cathemeral"
"Muntiacus putaoensis","19506.63",,,,,,,,"0","0","0","0","0","0","80","0","0","20","2","Fruit","Herbivore","Ground","Cathemeral"
"Muntiacus reevesi","13500",,,,,,,,"0","0","0","0","0","0","20","0","0","80","2","Other plant","Herbivore","Ground","Nocturnal"
"Muntiacus rooseveltorum","10762.64",,,,,,,,"0","0","0","0","0","0","20","0","0","80","2","Other plant","Herbivore","Ground","Cathemeral"
"Muntiacus truongsonensis","19506.63",,,,,,,,"0","0","0","0","0","0","20","0","0","80","2","Other plant","Herbivore","Ground","Cathemeral"
"Muntiacus vuquangensis","36690.82",,,,,,,,"0","0","0","0","0","0","20","0","0","80","2","Other plant","Herbivore","Ground","Cathemeral"
"Murexechinus melanurus","34.51",,,,,,,,"90","10","0","0","0","0","0","0","0","0","2","Invertebrates","Faunivore","Ground","Cathemeral"
"Murexia longicaudata","206.915",,,,,,,,"60","20","20","0","0","0","0","0","0","0","3","Invertebrates","Faunivore","Scansorial","Diurnal"
"Muriculus imberbis","18.5",,,,,,,,"10","0","0","0","0","0","10","0","20","60","4","Other plant","Herbivore","Ground","Nocturnal"
"Murina aenea","7.38",,,,,,,,"100","0","0","0","0","0","0","0","0","0","1","Invertebrates","Faunivore","Aerial","Nocturnal"
"Murina aurata","5.74",,,,,,,,"100","0","0","0","0","0","0","0","0","0","1","Invertebrates","Faunivore","Aerial","Nocturnal"
"Murina cyclotis","8.58",,,,,,,,"100","0","0","0","0","0","0","0","0","0","1","Invertebrates","Faunivore","Aerial","Nocturnal"
"Murina florium","4.25",,,,,,,,"100","0","0","0","0","0","0","0","0","0","1","Invertebrates","Faunivore","Aerial","Nocturnal"
"Murina fusca","6.23",,,,,,,,"100","0","0","0","0","0","0","0","0","0","1","Invertebrates","Faunivore","Aerial","Nocturnal"
"Murina grisea","6.58",,,,,,,,"100","0","0","0","0","0","0","0","0","0","1","Invertebrates","Faunivore","Aerial","Nocturnal"
"Murina hilgendorfi","5.92",,,,,,,,"100","0","0","0","0","0","0","0","0","0","1","Invertebrates","Faunivore","Aerial","Nocturnal"
"Murina huttoni","8.2",,,,,,,,"100","0","0","0","0","0","0","0","0","0","1","Invertebrates","Faunivore","Aerial","Nocturnal"
"Murina leucogaster","7.55",,,,,,,,"100","0","0","0","0","0","0","0","0","0","1","Invertebrates","Faunivore","Aerial","Nocturnal"
"Murina puta","6.73",,,,,,,,"100","0","0","0","0","0","0","0","0","0","1","Invertebrates","Faunivore","Aerial","Nocturnal"
"Murina rozendaali","4.55",,,,,,,,"100","0","0","0","0","0","0","0","0","0","1","Invertebrates","Faunivore","Aerial","Nocturnal"
"Murina ryukyuana","5.92",,,,,,,,"100","0","0","0","0","0","0","0","0","0","1","Invertebrates","Faunivore","Aerial","Nocturnal"
"Murina silvatica","5.92",,,,,,,,"100","0","0","0","0","0","0","0","0","0","1","Invertebrates","Faunivore","Aerial","Nocturnal"
"Murina suilla","3.63",,,,,,,,"100","0","0","0","0","0","0","0","0","0","1","Invertebrates","Faunivore","Aerial","Nocturnal"
"Murina tenebrosa","5.74",,,,,,,,"100","0","0","0","0","0","0","0","0","0","1","Invertebrates","Faunivore","Aerial","Nocturnal"
"Murina tubinaris","5.45",,,,,,,,"100","0","0","0","0","0","0","0","0","0","1","Invertebrates","Faunivore","Aerial","Nocturnal"
"Murina ussuriensis","5.74",,,,,,,,"100","0","0","0","0","0","0","0","0","0","1","Invertebrates","Faunivore","Aerial","Nocturnal"
"Mus baoulei","9.12",,,,,,,,"20","0","0","0","0","0","0","0","20","60","3","Other plant","Herbivore","Ground","Nocturnal"
"Mus booduga","13.075",,,,,,,,"20","0","0","0","0","0","0","0","20","60","3","Other plant","Herbivore","Ground","Nocturnal"
"Mus bufo","9.2",,,,,,,,"20","0","0","0","0","0","0","0","20","60","3","Other plant","Herbivore","Ground","Nocturnal"
"Mus callewaerti","9.12",,,,,,,,"20","0","0","0","0","0","0","0","20","60","3","Other plant","Herbivore","Ground","Nocturnal"
"Mus caroli","11.25",,,,,,,,"20","0","0","0","0","0","0","0","20","60","3","Other plant","Herbivore","Ground","Nocturnal"
"Mus cervicolor","17.7",,,,,,,,"20","0","0","0","0","0","0","0","20","60","3","Other plant","Herbivore","Ground","Nocturnal"
"Mus cookii","20.47",,,,,,,,"20","0","0","0","0","0","0","0","20","60","3","Other plant","Herbivore","Ground","Nocturnal"
"Mus crociduroides","28.7",,,,,,,,"20","0","0","0","0","0","0","0","20","60","3","Other plant","Herbivore","Ground","Nocturnal"
"Mus domesticus","29.35",,,,,,,,,,,,,,,,,,,,,,
"Mus famulus","22.88",,,,,,,,"20","0","0","0","0","0","0","0","20","60","3","Other plant","Herbivore","Ground","Nocturnal"
"Mus fernandoni","21.82",,,,,,,,"20","0","0","0","0","0","0","0","20","60","3","Other plant","Herbivore","Ground","Nocturnal"
"Mus fragilicauda","13.76",,,,,,,,"20","0","0","0","0","0","0","0","20","60","3","Other plant","Herbivore","Ground","Nocturnal"
"Mus goundae","8.96",,,,,,,,"20","0","0","0","0","0","0","0","20","60","3","Other plant","Herbivore","Ground","Nocturnal"
"Mus haussa","9.18",,,,,,,,"20","0","0","0","0","0","0","0","20","60","3","Other plant","Herbivore","Ground","Nocturnal"
"Mus indutus","6.15",,,,,,,,"20","0","0","0","0","0","0","0","20","60","3","Other plant","Herbivore","Ground","Nocturnal"
"Mus macedonicus","14.56","22.755","1.6102",,,,,,"20","0","0","0","0","0","0","0","20","60","3","Other plant","Herbivore","Ground","Nocturnal"
"Mus mahomet","10",,,,,,,,"20","0","0","0","0","0","0","0","20","60","3","Other plant","Herbivore","Ground","Nocturnal"
"Mus mattheyi","9.52",,,,,,,,"20","0","0","0","0","0","0","0","20","60","3","Other plant","Herbivore","Ground","Nocturnal"
"Mus mayori","20.78",,,,,,,,"20","0","0","0","0","0","0","0","20","60","3","Other plant","Herbivore","Ground","Nocturnal"
"Mus minutoides","7.5875","22.84","2.7996",,,,,,"20","0","0","0","0","0","0","0","20","60","3","Other plant","Herbivore","Ground","Nocturnal"
"Mus musculoides","7.115",,,,,,,,"20","0","0","0","0","0","0","0","20","60","3","Other plant","Herbivore","Ground","Nocturnal"
"Mus musculus","31.07","50.2886","2.1488","4","18.75","22","6","42","20","0","0","0","0","0","0","0","20","60","3","Other plant","Herbivore","Ground","Nocturnal"
"Mus neavei","9.53",,,,,,,,"20","0","0","0","0","0","0","0","20","60","3","Other plant","Herbivore","Ground","Nocturnal"
"Mus orangiae","9.5",,,,,,,,"20","0","0","0","0","0","0","0","20","60","3","Other plant","Herbivore","Ground","Nocturnal"
"Mus oubanguii","9.16",,,,,,,,"20","0","0","0","0","0","0","0","20","60","3","Other plant","Herbivore","Ground","Nocturnal"
"Mus pahari","25.73",,,,,,,,"20","0","0","0","0","0","0","0","20","60","3","Other plant","Herbivore","Ground","Nocturnal"
"Mus phillipsi","12.3",,,,,,,,"20","0","0","0","0","0","0","0","20","60","3","Other plant","Herbivore","Ground","Nocturnal"
"Mus platythrix","27.2",,,,,,,,"20","0","0","0","0","0","0","0","20","60","3","Other plant","Herbivore","Ground","Nocturnal"
"Mus saxicola","21.4",,,,,,,,"20","0","0","0","0","0","0","0","20","60","3","Other plant","Herbivore","Ground","Nocturnal"
"Mus setulosus","9.4",,,,,,,,"20","0","0","0","0","0","0","0","20","60","3","Other plant","Herbivore","Ground","Nocturnal"
"Mus setzeri","6.65",,,,,,,,"20","0","0","0","0","0","0","0","20","60","3","Other plant","Herbivore","Ground","Nocturnal"
"Mus shortridgei","34.6",,,,,,,,"20","0","0","0","0","0","0","0","20","60","3","Other plant","Herbivore","Ground","Nocturnal"
"Mus sorella","9.5",,,,,,,,"20","0","0","0","0","0","0","0","20","60","3","Other plant","Herbivore","Ground","Nocturnal"
"Mus sp.","24",,,,,,,,,,,,,,,,,,,,,,
"Mus spicilegus","14",,,,,,,,"20","0","0","0","0","0","0","0","20","60","3","Other plant","Herbivore","Ground","Nocturnal"
"Mus spretus","17.3","61.91","2.8399",,,,,,"20","0","0","0","0","0","0","0","20","60","3","Other plant","Herbivore","Ground","Nocturnal"
"Mus tenellus","9.48",,,,,,,,"20","0","0","0","0","0","0","0","20","60","3","Other plant","Herbivore","Ground","Nocturnal"
"Mus terricolor","9",,,,,,,,"20","0","0","0","0","0","0","0","20","60","3","Other plant","Herbivore","Ground","Nocturnal"
"Mus triton","13.55",,,,,,,,"70","0","0","0","0","0","0","0","0","30","2","Invertebrates","Faunivore","Ground","Nocturnal"
"Mus vulcani","20.2",,,,,,,,"20","0","0","0","0","0","0","0","20","60","3","Other plant","Herbivore","Ground","Nocturnal"
"Musca domestica vicina","0.018",,,,,,,,,,,,,,,,,,,,,,
"Muscardinus avellanarius","23.5","63.895","3.1948",,,,,,"10","0","0","0","0","0","10","70","0","10","4","Nectar","Herbivore","Arboreal","Nocturnal"
"Musonycteris harrisoni","13.37",,,,,,,,"40","0","0","0","0","0","0","60","0","0","2","Nectar","Omnivore","Arboreal","Nocturnal"
"Mustela africana","536.99",,,,,,,,"0","90","10","0","0","0","0","0","0","0","2","Endotherm vertebrates","Faunivore","Ground","Cathemeral"
"Mustela altaica","180.5",,,,,,,,"0","100","0","0","0","0","0","0","0","0","1","Endotherm vertebrates","Faunivore","Ground","Nocturnal"
"Mustela erminea","161.5478","335.1667","1.6565",,,,,,"10","70","10","0","10","0","0","0","0","0","4","Endotherm vertebrates","Faunivore","Ground","Nocturnal"
"Mustela eversmanii","1148.105","434.5","0.71",,,,,,"0","100","0","0","0","0","0","0","0","0","1","Endotherm vertebrates","Faunivore","Ground","Nocturnal"
"Mustela felipei","211.3",,,,,,,,"0","90","10","0","0","0","0","0","0","0","2","Endotherm vertebrates","Faunivore","Ground","Cathemeral"
"Mustela frenata","179","236","1.0489",,,,,,"0","100","0","0","0","0","0","0","0","0","1","Endotherm vertebrates","Faunivore","Ground","Cathemeral"
"Mustela itatsi","57",,,,,,,,"30","30","0","10","0","0","30","0","0","0","4","Invertebrates","Faunivore","Ground","Cathemeral"
"Mustela kathiah","208.08",,,,,,,,"0","100","0","0","0","0","0","0","0","0","1","Endotherm vertebrates","Faunivore","Ground","Cathemeral"
"Mustela lutreola","515",,,,,,,,"20","80","0","0","0","0","0","0","0","0","2","Endotherm vertebrates","Faunivore","Ground","Nocturnal"
"Mustela lutreolina","622.3",,,,,,,,"0","70","10","10","10","0","0","0","0","0","4","Endotherm vertebrates","Faunivore","Ground","Cathemeral"
"Mustela nigripes","859.6667","460","0.5",,,,,,"0","100","0","0","0","0","0","0","0","0","1","Endotherm vertebrates","Faunivore","Ground","Nocturnal"
"Mustela nivalis","80.22","191.1143","2.6179",,,,,,"0","100","0","0","0","0","0","0","0","0","1","Endotherm vertebrates","Faunivore","Ground","Nocturnal"
"Mustela nudipes","500",,,,,,,,"0","100","0","0","0","0","0","0","0","0","1","Endotherm vertebrates","Faunivore","Scansorial","Cathemeral"
"Mustela putorius","1062.874","1057.9","0.9265","11.1","42","63","7.5","312","10","50","20","20","0","0","0","0","0","0","4","Endotherm vertebrates","Faunivore","Ground","Cathemeral"
"Mustela putorius furo","1315",,,,"41",,,,,,,,,,,,,,,,,,
"Mustela sibirica","400",,,,,,,,"0","70","10","10","10","0","0","0","0","0","4","Endotherm vertebrates","Faunivore","Ground","Nocturnal"
"Mustela strigidorsa","1500",,,,,,,,"0","100","0","0","0","0","0","0","0","0","1","Endotherm vertebrates","Faunivore","Ground","Cathemeral"
"Mustela subpalmata","350.52",,,,,,,,"30","70","0","0","0","0","0","0","0","0","2","Endotherm vertebrates","Faunivore","Ground","Cathemeral"
"Mustela vison","915.4444","822.1","0.8294",,,,,,"10","50","20","20","0","0","0","0","0","0","4","Endotherm vertebrates","Faunivore","Ground","Nocturnal"
"Mustelus canis","3319.17",,,,,,,,,,,,,,,,,,,,,,
"Mustelus manazo","40982.82",,,,,,,,,,,,,,,,,,,,,,
"Mustelus mustelus","3319.17",,,,,,,,,,,,,,,,,,,,,,
"Mydaus javanensis","2505",,,,,,,,"80","0","0","0","0","0","0","0","0","20","2","Invertebrates","Faunivore","Ground","Nocturnal"
"Mydaus marchei","1414.1",,,,,,,,"80","0","0","0","0","0","0","0","0","20","2","Invertebrates","Faunivore","Ground","Cathemeral"
"Myiopsitta monachus","93.9633",,,,,,,,,,,,,,,,,,,,,,
"Mylomys dybowskii","114.4",,,,,,,,"0","0","0","0","0","0","0","0","0","100","1","Other plant","Herbivore","Ground","Cathemeral"
"Mylomys rex","114.4",,,,,,,,"0","0","0","0","0","0","0","0","0","100","1","Other plant","Herbivore","Ground","Cathemeral"
"Myocastor coypus","5000","3027.4","0.7",,,,,,"0","0","0","0","0","0","0","0","0","100","1","Other plant","Herbivore","Ground","Nocturnal"
"Myodes andersoni","24",,,,,,,,"20","0","0","0","0","0","0","0","20","60","3","Other plant","Herbivore","Ground","Cathemeral"
"Myodes californicus","18.3","61.12","3.3399",,,,,,"20","0","0","0","0","0","0","0","30","50","3","Other plant","Herbivore","Ground","Cathemeral"
"Myodes centralis","24",,,,,,,,"20","0","0","0","0","0","0","0","30","50","3","Other plant","Herbivore","Ground","Cathemeral"
"Myodes gapperi","20.0683","56.8563","2.4211",,,,,,"20","0","0","0","0","0","0","0","30","50","3","Other plant","Herbivore","Ground","Cathemeral"
"Myodes glareolus","20.0706","63.8218","3.0691",,,,,,"20","0","0","0","0","0","0","0","30","50","3","Other plant","Herbivore","Ground","Cathemeral"
"Myodes imaizumii","24",,,,,,,,"20","0","0","0","0","0","0","0","20","60","3","Other plant","Herbivore","Ground","Cathemeral"
"Myodes regulus","29.84",,,,,,,,"0","0","0","0","0","0","0","0","20","80","2","Other plant","Herbivore","Ground","Cathemeral"
"Myodes rex","24",,,,,,,,"20","0","0","0","0","0","0","0","20","60","3","Other plant","Herbivore","Ground","Cathemeral"
"Myodes rufocanus","33.335","72.07","2.9136",,,,,,"20","0","0","0","0","0","0","0","30","50","3","Other plant","Herbivore","Ground","Cathemeral"
"Myodes rutilus","21.8467","77","2.75",,,,,,"20","0","0","0","0","0","0","0","30","50","3","Other plant","Herbivore","Ground","Cathemeral"
"Myodes shanseius","29.22",,,,,,,,"0","0","0","0","0","0","0","0","20","80","2","Other plant","Herbivore","Ground","Cathemeral"
"Myodes smithii","34.94",,,,,,,,"20","0","0","0","0","0","0","0","20","60","3","Other plant","Herbivore","Ground","Cathemeral"
"Myoictis melas","145.5",,,,,,,,"50","50","0","0","0","0","0","0","0","0","2","Invertebrates","Faunivore","Ground","Nocturnal"
"Myoictis wallacii","200",,,,,,,,"50","50","0","0","0","0","0","0","0","0","2","Invertebrates","Faunivore","Ground","Nocturnal"
"Myomimus personatus","37.48",,,,,,,,"10","20","0","0","10","0","30","0","30","0","5","Fruit","Omnivore","Ground","Nocturnal"
"Myomimus roachi","36.99",,,,,,,,"10","20","0","0","10","0","30","0","30","0","5","Fruit","Omnivore","Ground","Nocturnal"
"Myomimus setzeri","37.74",,,,,,,,"10","20","0","0","10","0","30","0","30","0","5","Fruit","Omnivore","Ground","Nocturnal"
"Myomyscus angolensis","52.89",,,,,,,,"40","0","0","0","0","0","0","0","30","30","3","Invertebrates","Omnivore","Ground","Nocturnal"
"Myomyscus brockmani","41",,,,,,,,"60","0","0","0","0","0","0","0","20","20","3","Invertebrates","Omnivore","Ground","Nocturnal"
"Myomyscus verreauxii","41",,,,,,,,"80","0","0","0","0","0","0","0","0","20","2","Invertebrates","Faunivore","Ground","Nocturnal"
"Myomyscus yemeni","52.7",,,,,,,,"80","0","0","0","0","0","0","0","0","20","2","Invertebrates","Faunivore","Ground","Cathemeral"
"Myonycteris brachycephala","53.39",,,,,,,,"0","0","0","0","0","0","80","20","0","0","2","Fruit","Herbivore","Arboreal","Nocturnal"
"Myonycteris relicta","52",,,,,,,,"0","0","0","0","0","0","80","20","0","0","2","Fruit","Herbivore","Arboreal","Nocturnal"
"Myonycteris torquata","39.315",,,,,,,,"0","0","0","0","0","0","80","20","0","0","2","Fruit","Herbivore","Arboreal","Nocturnal"
"Myoprocta acouchy","757","502.7","0.55",,,,,,"10","0","0","0","0","0","40","0","0","50","3","Other plant","Herbivore","Ground","Diurnal"
"Myoprocta pratti","966.73",,,,,,,,"20","0","0","0","0","0","40","0","0","40","3","Fruit","Herbivore","Ground","Diurnal"
"Myopterus daubentonii","23.62",,,,,,,,"100","0","0","0","0","0","0","0","0","0","1","Invertebrates","Faunivore","Aerial","Nocturnal"
"Myopterus whitleyi","11.5",,,,,,,,"100","0","0","0","0","0","0","0","0","0","1","Invertebrates","Faunivore","Aerial","Nocturnal"
"Myopus schisticolor","28.3","95","3.5985",,,,,,"0","0","0","0","0","0","0","0","0","100","1","Other plant","Herbivore","Ground","Nocturnal"
"Myosciurus pumilio","165",,,,,,,,"0","0","0","0","0","0","0","0","0","100","1","Other plant","Herbivore","Arboreal","Diurnal"
"Myosorex babaulti","10.35",,,,,,,,"90","10","0","0","0","0","0","0","0","0","2","Invertebrates","Faunivore","Ground","Cathemeral"
"Myosorex blarina","10.35",,,,,,,,"90","10","0","0","0","0","0","0","0","0","2","Invertebrates","Faunivore","Ground","Cathemeral"
"Myosorex cafer","13.4",,,,,,,,"90","10","0","0","0","0","0","0","0","0","2","Invertebrates","Faunivore","Ground","Cathemeral"
"Myosorex eisentrauti","10.35",,,,,,,,"90","10","0","0","0","0","0","0","0","0","2","Invertebrates","Faunivore","Ground","Cathemeral"
"Myosorex geata","9.35",,,,,,,,"90","10","0","0","0","0","0","0","0","0","2","Invertebrates","Faunivore","Ground","Cathemeral"
"Myosorex kihaulei","12.1",,,,,,,,"80","20","0","0","0","0","0","0","0","0","2","Invertebrates","Faunivore","Ground","Cathemeral"
"Myosorex longicaudatus","12.98",,,,,,,,"90","10","0","0","0","0","0","0","0","0","2","Invertebrates","Faunivore","Ground","Cathemeral"
"Myosorex okuensis","10.35",,,,,,,,"90","10","0","0","0","0","0","0","0","0","2","Invertebrates","Faunivore","Ground","Cathemeral"
"Myosorex rumpii","10.35",,,,,,,,"90","10","0","0","0","0","0","0","0","0","2","Invertebrates","Faunivore","Ground","Cathemeral"
"Myosorex schalleri","10.35",,,,,,,,"90","10","0","0","0","0","0","0","0","0","2","Invertebrates","Faunivore","Ground","Cathemeral"
"Myosorex sclateri","10.35",,,,,,,,"90","10","0","0","0","0","0","0","0","0","2","Invertebrates","Faunivore","Ground","Cathemeral"
"Myosorex tenuis","10.35",,,,,,,,"90","10","0","0","0","0","0","0","0","0","2","Invertebrates","Faunivore","Ground","Cathemeral"
"Myosorex varius","12.76","23.86","1.9367",,,,,,"90","10","0","0","0","0","0","0","0","0","2","Invertebrates","Faunivore","Ground","Cathemeral"
"Myosorex zinki","12.1",,,,,,,,"80","20","0","0","0","0","0","0","0","0","2","Invertebrates","Faunivore","Ground","Cathemeral"
"Myospalax aspalax","237.75",,,,,,,,"0","0","0","0","0","0","0","0","50","50","2","Seed","Herbivore","Ground","Nocturnal"
"Myospalax myospalax","225",,,,,,,,"0","0","0","0","0","0","0","0","50","50","2","Seed","Herbivore","Ground","Nocturnal"
"Myospalax psilurus","259.21",,,,,,,,"0","0","0","0","0","0","0","0","50","50","2","Seed","Herbivore","Ground","Nocturnal"
"Myotis","30",,,,,,,,,,,,,,,,,,,,,,
"Myotis abei","7.74",,,,,,,,"100","0","0","0","0","0","0","0","0","0","1","Invertebrates","Faunivore","Aerial","Nocturnal"
"Myotis adversus","7.8",,,,,,,,"100","0","0","0","0","0","0","0","0","0","1","Invertebrates","Faunivore","Ground","Nocturnal"
"Myotis aelleni","7.26",,,,,,,,"100","0","0","0","0","0","0","0","0","0","1","Invertebrates","Faunivore","Aerial","Nocturnal"
"Myotis albescens","4.65",,,,,,,,"100","0","0","0","0","0","0","0","0","0","1","Invertebrates","Faunivore","Aerial","Nocturnal"
"Myotis alcathoe","7.74",,,,,,,,"100","0","0","0","0","0","0","0","0","0","1","Invertebrates","Faunivore","Aerial","Nocturnal"
"Myotis altarium","11",,,,,,,,"100","0","0","0","0","0","0","0","0","0","1","Invertebrates","Faunivore","Aerial","Nocturnal"
"Myotis anjouanensis","7.74",,,,,,,,"100","0","0","0","0","0","0","0","0","0","1","Invertebrates","Faunivore","Aerial","Nocturnal"
"Myotis annamiticus","7.74",,,,,,,,"100","0","0","0","0","0","0","0","0","0","1","Invertebrates","Faunivore","Aerial","Nocturnal"
"Myotis annectans","9.8",,,,,,,,"100","0","0","0","0","0","0","0","0","0","1","Invertebrates","Faunivore","Aerial","Nocturnal"
"Myotis atacamensis","6.77",,,,,,,,"100","0","0","0","0","0","0","0","0","0","1","Invertebrates","Faunivore","Aerial","Nocturnal"
"Myotis ater","7.74",,,,,,,,"100","0","0","0","0","0","0","0","0","0","1","Invertebrates","Faunivore","Aerial","Nocturnal"
"Myotis auriculus","36.99",,,,,,,,"100","0","0","0","0","0","0","0","0","0","1","Invertebrates","Faunivore","Scansorial","Nocturnal"
"Myotis australis","5.62",,,,,,,,"100","0","0","0","0","0","0","0","0","0","1","Invertebrates","Faunivore","Aerial","Nocturnal"
"Myotis austroriparius","7.17","8.625","1.15",,,,,,"100","0","0","0","0","0","0","0","0","0","1","Invertebrates","Faunivore","Aerial","Nocturnal"
"Myotis bechsteinii","9.2067","9.555","1.0452",,,,,,"100","0","0","0","0","0","0","0","0","0","1","Invertebrates","Faunivore","Scansorial","Nocturnal"
"Myotis blythii","22.47",,,,,,,,"100","0","0","0","0","0","0","0","0","0","1","Invertebrates","Faunivore","Aerial","Nocturnal"
"Myotis bocagii","7.615",,,,,,,,"100","0","0","0","0","0","0","0","0","0","1","Invertebrates","Faunivore","Aerial","Nocturnal"
"Myotis bombinus","9.46",,,,,,,,"100","0","0","0","0","0","0","0","0","0","1","Invertebrates","Faunivore","Aerial","Nocturnal"
"Myotis brandtii","5.3",,,,,,,,"100","0","0","0","0","0","0","0","0","0","1","Invertebrates","Faunivore","Aerial","Nocturnal"
"Myotis bucharensis","7.74",,,,,,,,"100","0","0","0","0","0","0","0","0","0","1","Invertebrates","Faunivore","Aerial","Nocturnal"
"Myotis californicus","4.6",,,,,,,,"100","0","0","0","0","0","0","0","0","0","1","Invertebrates","Faunivore","Aerial","Nocturnal"
"Myotis capaccinii","7.44",,,,,,,,"100","0","0","0","0","0","0","0","0","0","1","Invertebrates","Faunivore","Aerial","Nocturnal"
"Myotis chiloensis","6.265","10.17","1.7595",,,,,,"100","0","0","0","0","0","0","0","0","0","1","Invertebrates","Faunivore","Aerial","Nocturnal"
"Myotis chinensis","42",,,,,,,,"100","0","0","0","0","0","0","0","0","0","1","Invertebrates","Faunivore","Aerial","Nocturnal"
"Myotis ciliolabrum","4.89",,,,,,,,"100","0","0","0","0","0","0","0","0","0","1","Invertebrates","Faunivore","Aerial","Nocturnal"
"Myotis cobanensis","7.26",,,,,,,,"100","0","0","0","0","0","0","0","0","0","1","Invertebrates","Faunivore","Aerial","Nocturnal"
"Myotis csorbai","7.74",,,,,,,,"100","0","0","0","0","0","0","0","0","0","1","Invertebrates","Faunivore","Aerial","Nocturnal"
"Myotis dabentonii","7",,,,,,,,,,,,,,,,,,,,,,
"Myotis dasycneme","14.565",,,,,,,,"100","0","0","0","0","0","0","0","0","0","1","Invertebrates","Faunivore","Aerial","Nocturnal"
"Myotis daubentonii","7.7267","7.8","1",,,,,,"100","0","0","0","0","0","0","0","0","0","1","Invertebrates","Faunivore","Aerial","Nocturnal"
"Myotis davidii","7.74",,,,,,,,"100","0","0","0","0","0","0","0","0","0","1","Invertebrates","Faunivore","Aerial","Nocturnal"
"Myotis dominicensis","5.9",,,,,,,,"100","0","0","0","0","0","0","0","0","0","1","Invertebrates","Faunivore","Aerial","Nocturnal"
"Myotis elegans","4.05",,,,,,,,"100","0","0","0","0","0","0","0","0","0","1","Invertebrates","Faunivore","Aerial","Nocturnal"
"Myotis emarginatus","7.66",,,,,,,,"100","0","0","0","0","0","0","0","0","0","1","Invertebrates","Faunivore","Scansorial","Nocturnal"
"Myotis evotis","6.7",,,,,,,,"100","0","0","0","0","0","0","0","0","0","1","Invertebrates","Faunivore","Scansorial","Nocturnal"
"Myotis fimbriatus","7.74",,,,,,,,"100","0","0","0","0","0","0","0","0","0","1","Invertebrates","Faunivore","Aerial","Nocturnal"
"Myotis findleyi","5.9",,,,,,,,"100","0","0","0","0","0","0","0","0","0","1","Invertebrates","Faunivore","Aerial","Nocturnal"
"Myotis formosus","7",,,,,,,,"100","0","0","0","0","0","0","0","0","0","1","Invertebrates","Faunivore","Aerial","Nocturnal"
"Myotis fortidens","4.35",,,,,,,,"100","0","0","0","0","0","0","0","0","0","1","Invertebrates","Faunivore","Aerial","Nocturnal"
"Myotis frater","7.55",,,,,,,,"100","0","0","0","0","0","0","0","0","0","1","Invertebrates","Faunivore","Aerial","Nocturnal"
"Myotis gomantongensis","7.74",,,,,,,,"100","0","0","0","0","0","0","0","0","0","1","Invertebrates","Faunivore","Aerial","Nocturnal"
"Myotis goudoti","5.56",,,,,,,,"100","0","0","0","0","0","0","0","0","0","1","Invertebrates","Faunivore","Aerial","Nocturnal"
"Myotis grisescens","10.54",,,,,,,,"100","0","0","0","0","0","0","0","0","0","1","Invertebrates","Faunivore","Aerial","Nocturnal"
"Myotis hajastanicus","7.74",,,,,,,,"100","0","0","0","0","0","0","0","0","0","1","Invertebrates","Faunivore","Aerial","Nocturnal"
"Myotis hasseltii","8.125",,,,,,,,"90","0","0","10","0","0","0","0","0","0","2","Invertebrates","Faunivore","Aerial","Nocturnal"
"Myotis hermani","7.74",,,,,,,,"100","0","0","0","0","0","0","0","0","0","1","Invertebrates","Faunivore","Aerial","Nocturnal"
"Myotis horsfieldii","6.28",,,,,,,,"100","0","0","0","0","0","0","0","0","0","1","Invertebrates","Faunivore","Aerial","Nocturnal"
"Myotis hosonoi","7.74",,,,,,,,"100","0","0","0","0","0","0","0","0","0","1","Invertebrates","Faunivore","Aerial","Nocturnal"
"Myotis ikonnikovi","5.62",,,,,,,,"100","0","0","0","0","0","0","0","0","0","1","Invertebrates","Faunivore","Aerial","Nocturnal"
"Myotis insularum","6.52",,,,,,,,"100","0","0","0","0","0","0","0","0","0","1","Invertebrates","Faunivore","Aerial","Nocturnal"
"Myotis keaysi","5.3",,,,,,,,"100","0","0","0","0","0","0","0","0","0","1","Invertebrates","Faunivore","Aerial","Nocturnal"
"Myotis keenii","6.27",,,,,,,,"100","0","0","0","0","0","0","0","0","0","1","Invertebrates","Faunivore","Aerial","Nocturnal"
"Myotis laniger","7.74",,,,,,,,"100","0","0","0","0","0","0","0","0","0","1","Invertebrates","Faunivore","Aerial","Nocturnal"
"Myotis leibii","5.13",,,,,,,,"100","0","0","0","0","0","0","0","0","0","1","Invertebrates","Faunivore","Aerial","Nocturnal"
"Myotis levis","5.5",,,,,,,,"100","0","0","0","0","0","0","0","0","0","1","Invertebrates","Faunivore","Aerial","Nocturnal"
"Myotis longipes","7.25",,,,,,,,"100","0","0","0","0","0","0","0","0","0","1","Invertebrates","Faunivore","Aerial","Nocturnal"
"Myotis lucifugus","5.2","13.894","2.0645",,,,,,"100","0","0","0","0","0","0","0","0","0","1","Invertebrates","Faunivore","Aerial","Nocturnal"
"Myotis macrodactylus","7.2",,,,,,,,"100","0","0","0","0","0","0","0","0","0","1","Invertebrates","Faunivore","Aerial","Nocturnal"
"Myotis macropus","7.74",,,,,,,,"100","0","0","0","0","0","0","0","0","0","1","Invertebrates","Faunivore","Aerial","Nocturnal"
"Myotis macrotarsus","12.5",,,,,,,,"90","0","0","10","0","0","0","0","0","0","2","Invertebrates","Faunivore","Aerial","Nocturnal"
"Myotis martiniquensis","5.9",,,,,,,,"100","0","0","0","0","0","0","0","0","0","1","Invertebrates","Faunivore","Aerial","Nocturnal"
"Myotis melanorhinus","7.74",,,,,,,,"100","0","0","0","0","0","0","0","0","0","1","Invertebrates","Faunivore","Aerial","Nocturnal"
"Myotis moluccarum","7.74",,,,,,,,"100","0","0","0","0","0","0","0","0","0","1","Invertebrates","Faunivore","Aerial","Nocturnal"
"Myotis montivagus","8.3",,,,,,,,"100","0","0","0","0","0","0","0","0","0","1","Invertebrates","Faunivore","Aerial","Nocturnal"
"Myotis morrisi","9.01",,,,,,,,"100","0","0","0","0","0","0","0","0","0","1","Invertebrates","Faunivore","Aerial","Nocturnal"
"Myotis muricola","4.52",,,,,,,,"100","0","0","0","0","0","0","0","0","0","1","Invertebrates","Faunivore","Aerial","Nocturnal"
"Myotis myotis","25","47.95","1.918",,,,,,"100","0","0","0","0","0","0","0","0","0","1","Invertebrates","Faunivore","Scansorial","Nocturnal"
"Myotis mystacinus","4.6133",,,,,,,,"100","0","0","0","0","0","0","0","0","0","1","Invertebrates","Faunivore","Aerial","Nocturnal"
"Myotis nattereri","8","8.27","1.1285",,,,,,"100","0","0","0","0","0","0","0","0","0","1","Invertebrates","Faunivore","Scansorial","Nocturnal"
"Myotis nesopolus","3.5",,,,,,,,"100","0","0","0","0","0","0","0","0","0","1","Invertebrates","Faunivore","Aerial","Nocturnal"
"Myotis nigricans","4.13","4.81","1.3",,,,,,"100","0","0","0","0","0","0","0","0","0","1","Invertebrates","Faunivore","Aerial","Nocturnal"
"Myotis nipalensis","7.74",,,,,,,,"100","0","0","0","0","0","0","0","0","0","1","Invertebrates","Faunivore","Aerial","Nocturnal"
"Myotis occultus","8.79",,,,,,,,"100","0","0","0","0","0","0","0","0","0","1","Invertebrates","Faunivore","Aerial","Nocturnal"
"Myotis oreias","8.31",,,,,,,,"100","0","0","0","0","0","0","0","0","0","1","Invertebrates","Faunivore","Aerial","Nocturnal"
"Myotis oxygnathus","21.23",,,,,,,,"100","0","0","0","0","0","0","0","0","0","1","Invertebrates","Faunivore","Aerial","Nocturnal"
"Myotis oxyotus","5.5",,,,,,,,"100","0","0","0","0","0","0","0","0","0","1","Invertebrates","Faunivore","Aerial","Nocturnal"
"Myotis ozensis","7.74",,,,,,,,"100","0","0","0","0","0","0","0","0","0","1","Invertebrates","Faunivore","Aerial","Nocturnal"
"Myotis peninsularis","7.26",,,,,,,,"100","0","0","0","0","0","0","0","0","0","1","Invertebrates","Faunivore","Aerial","Nocturnal"
"Myotis pequinius","9.52",,,,,,,,"100","0","0","0","0","0","0","0","0","0","1","Invertebrates","Faunivore","Aerial","Nocturnal"
"Myotis planiceps","5.36",,,,,,,,"100","0","0","0","0","0","0","0","0","0","1","Invertebrates","Faunivore","Aerial","Nocturnal"
"Myotis pruinosus","7.25",,,,,,,,"100","0","0","0","0","0","0","0","0","0","1","Invertebrates","Faunivore","Aerial","Nocturnal"
"Myotis punicus","7.74",,,,,,,,"100","0","0","0","0","0","0","0","0","0","1","Invertebrates","Faunivore","Aerial","Nocturnal"
"Myotis ricketti","7.74",,,,,,,,"100","0","0","0","0","0","0","0","0","0","1","Invertebrates","Faunivore","Aerial","Nocturnal"
"Myotis ridleyi","4.5",,,,,,,,"100","0","0","0","0","0","0","0","0","0","1","Invertebrates","Faunivore","Aerial","Nocturnal"
"Myotis riparius","6.75",,,,,,,,"100","0","0","0","0","0","0","0","0","0","1","Invertebrates","Faunivore","Aerial","Nocturnal"
"Myotis rosseti","3.29",,,,,,,,"100","0","0","0","0","0","0","0","0","0","1","Invertebrates","Faunivore","Aerial","Nocturnal"
"Myotis ruber","5",,,,,,,,"100","0","0","0","0","0","0","0","0","0","1","Invertebrates","Faunivore","Aerial","Nocturnal"
"Myotis schaubi","9.46",,,,,,,,"100","0","0","0","0","0","0","0","0","0","1","Invertebrates","Faunivore","Aerial","Nocturnal"
"Myotis scotti","6.86",,,,,,,,"100","0","0","0","0","0","0","0","0","0","1","Invertebrates","Faunivore","Aerial","Nocturnal"
"Myotis septentrionalis","7.74",,,,,,,,"100","0","0","0","0","0","0","0","0","0","1","Invertebrates","Faunivore","Aerial","Nocturnal"
"Myotis sicarius","17.43",,,,,,,,"100","0","0","0","0","0","0","0","0","0","1","Invertebrates","Faunivore","Aerial","Nocturnal"
"Myotis siligorensis","3.08",,,,,,,,"100","0","0","0","0","0","0","0","0","0","1","Invertebrates","Faunivore","Aerial","Nocturnal"
"Myotis simus","8.2",,,,,,,,"100","0","0","0","0","0","0","0","0","0","1","Invertebrates","Faunivore","Aerial","Nocturnal"
"Myotis sodalis","6.91",,,,,,,,"100","0","0","0","0","0","0","0","0","0","1","Invertebrates","Faunivore","Aerial","Nocturnal"
"Myotis stalkeri","9.05",,,,,,,,"100","0","0","0","0","0","0","0","0","0","1","Invertebrates","Faunivore","Aerial","Nocturnal"
"Myotis thysanodes","8.415","15.1","1.7356",,,,,,"100","0","0","0","0","0","0","0","0","0","1","Invertebrates","Faunivore","Aerial","Nocturnal"
"Myotis tricolor","13.4167","6.36","0.5004",,,,,,"100","0","0","0","0","0","0","0","0","0","1","Invertebrates","Faunivore","Aerial","Nocturnal"
"Myotis velifer","12",,,,,,,,"100","0","0","0","0","0","0","0","0","0","1","Invertebrates","Faunivore","Aerial","Nocturnal"
"Myotis vivesi","25","35.8","1.432",,,,,,"80","0","0","20","0","0","0","0","0","0","2","Invertebrates","Faunivore","Ground","Nocturnal"
"Myotis volans","8.46",,,,,,,,"100","0","0","0","0","0","0","0","0","0","1","Invertebrates","Faunivore","Aerial","Nocturnal"
"Myotis welwitschii","15.5",,,,,,,,"100","0","0","0","0","0","0","0","0","0","1","Invertebrates","Faunivore","Aerial","Nocturnal"
"Myotis yanbarensis","7.74",,,,,,,,"100","0","0","0","0","0","0","0","0","0","1","Invertebrates","Faunivore","Aerial","Nocturnal"
"Myotis yesoensis","7.74",,,,,,,,"100","0","0","0","0","0","0","0","0","0","1","Invertebrates","Faunivore","Aerial","Nocturnal"
"Myotis yumanensis","5.2883","11.18","1.886",,,,,,"100","0","0","0","0","0","0","0","0","0","1","Invertebrates","Faunivore","Aerial","Nocturnal"
"Myotomys sloggetti","109.775","134","1.1827",,,,,,"0","0","0","0","0","0","10","0","10","80","3","Other plant","Herbivore","Ground","Cathemeral"
"Myotomys unisulcatus","99.25","106.6","1.1104",,,,,,"0","0","0","0","0","0","10","0","10","80","3","Other plant","Herbivore","Ground","Cathemeral"
"Myoxus glis","200","112.895","0.8306",,,,,,"0","0","0","0","0","0","40","0","60","0","2","Seed","Herbivore","Arboreal","Nocturnal"
"Myrmecia croslandi","0.003",,,,,,,,,,,,,,,,,,,,,,
"Myrmecia gulosa","0.004",,,,,,,,,,,,,,,,,,,,,,
"Myrmecia midas","0.004",,,,,,,,,,,,,,,,,,,,,,
"Myrmecia pyriformis Smith 1858","0.004",,,,,,,,,,,,,,,,,,,,,,
"Myrmecia tarsata","0.004",,,,,,,,,,,,,,,,,,,,,,
"Myrmecia vindex","0.004",,,,,,,,,,,,,,,,,,,,,,
"Myrmecobius fasciatus","500","185.68","0.373",,,,,,"100","0","0","0","0","0","0","0","0","0","1","Invertebrates","Faunivore","Ground","Diurnal"
"Myrmecophaga jubata","20000",,,,,,,,,,,,,,,,,,,,,,
"Myrmecophaga tridactyla","26880.996","2601","0.085",,,,,,"100","0","0","0","0","0","0","0","0","0","1","Invertebrates","Faunivore","Ground","Cathemeral"
"Mysateles garridoi","929.09",,,,,,,,"0","0","0","0","0","0","30","0","0","70","2","Other plant","Herbivore","Arboreal","Nocturnal"
"Mysateles meridionalis","884.61",,,,,,,,"0","0","0","0","0","0","30","0","0","70","2","Other plant","Herbivore","Arboreal","Nocturnal"
"Mysateles prehensilis","926.71",,,,,,,,"0","0","0","0","0","0","30","0","0","70","2","Other plant","Herbivore","Arboreal","Nocturnal"
"Mystacina robusta","27.25",,,,,,,,"0","0","0","0","0","0","0","0","0","0",,,,"Ground","Nocturnal"
"Mystacina tuberculata","13.25",,,,,,,,"0","0","0","0","0","0","0","0","0","0",,,,"Ground","Nocturnal"
"Mystromys albicaudatus","86.8767","126.8","1.3521",,,,,,"30","0","0","0","0","0","0","0","30","40","3","Other plant","Herbivore","Ground","Nocturnal"
"Myzopoda aurita","9.1",,,,,,,,"0","0","0","0","0","0","0","0","0","0",,,,"Aerial","Nocturnal"
"Naemorhedus baileyi","27487.5",,,,,,,,"0","0","0","0","0","0","0","0","20","80","2","Other plant","Herbivore","Ground","Diurnal"
"Naemorhedus caudatus","27000",,,,,,,,"0","0","0","0","0","0","0","0","20","80","2","Other plant","Herbivore","Ground","Diurnal"
"Naemorhedus goral","28500",,,,,,,,"0","0","0","0","0","0","0","0","20","80","2","Other plant","Herbivore","Ground","Diurnal"
"Naemorhedus griseus","27655.49",,,,,,,,"0","0","0","0","0","0","0","0","10","90","2","Other plant","Herbivore","Ground","Diurnal"
"Naiades cantrainii","1.3",,,,,,,,,,,,,,,,,,,,,,
"Nandinia binotata","2906.8","862.5","0.202",,,,,,"10","10","0","0","0","0","80","0","0","0","3","Fruit","Herbivore","Arboreal","Nocturnal"
"Nanger dama","65712.405",,,,,,,,"0","0","0","0","0","0","0","0","0","100","1","Other plant","Herbivore","Ground","Diurnal"
"Nanger granti","50476.3067",,,,,,,,"0","0","0","0","0","0","0","0","0","100","1","Other plant","Herbivore","Ground","Diurnal"
"Nanger soemmerringii","38341.465","9213","0.2625",,,,,,"0","0","0","0","0","0","0","0","0","100","1","Other plant","Herbivore","Ground","Diurnal"
"Nannosciurus melanotis","50",,,,,,,,"10","0","0","0","0","0","20","0","50","20","4","Seed","Herbivore","Scansorial","Diurnal"
"Nanonycteris veldkampii","21.89",,,,,,,,"0","0","0","0","0","0","0","100","0","0","1","Nectar","Herbivore","Arboreal","Nocturnal"
"Napaeozapus insignis","23.1","50.65","2.1005",,,,,,"20","0","0","0","0","0","10","0","40","30","4","Seed","Herbivore","Ground","Nocturnal"
"Nasalis larvatus","12606.6667",,,,,,,,"0","0","0","0","0","0","20","0","0","80","2","Other plant","Herbivore","Scansorial","Diurnal"
"Nasua narica","4698.35","2238.4333","0.5659",,,,,,"10","20","0","0","0","0","70","0","0","0","3","Fruit","Herbivore","Scansorial","Diurnal"
"Nasua nasua","3651.7125","1010.6","0.2625",,,,,,"10","20","0","0","0","0","70","0","0","0","3","Fruit","Herbivore","Scansorial","Diurnal"
"Nasuella olivacea","1339.99",,,,,,,,"10","20","0","0","0","0","70","0","0","0","3","Fruit","Herbivore","Ground","Cathemeral"
"Natalus jamaicensis","5.76",,,,,,,,"100","0","0","0","0","0","0","0","0","0","1","Invertebrates","Faunivore","Aerial","Nocturnal"
"Natalus major","5.76",,,,,,,,"100","0","0","0","0","0","0","0","0","0","1","Invertebrates","Faunivore","Aerial","Nocturnal"
"Natalus primus","5.76",,,,,,,,"100","0","0","0","0","0","0","0","0","0","1","Invertebrates","Faunivore","Aerial","Nocturnal"
"Natalus stramineus","5.48",,,,,,,,"100","0","0","0","0","0","0","0","0","0","1","Invertebrates","Faunivore","Aerial","Nocturnal"
"Natalus tumidirostris","6.1167","8.32","1.5407",,,,,,"100","0","0","0","0","0","0","0","0","0","1","Invertebrates","Faunivore","Aerial","Nocturnal"
"Neacomys dubosti","17.31",,,,,,,,"20","0","0","0","0","0","10","0","40","30","4","Seed","Herbivore","Ground","Nocturnal"
"Neacomys guianae","14.2",,,,,,,,"20","0","0","0","0","0","20","0","20","40","4","Other plant","Herbivore","Ground","Nocturnal"
"Neacomys minutus","17.31",,,,,,,,"20","0","0","0","0","0","20","0","20","40","4","Other plant","Herbivore","Ground","Nocturnal"
"Neacomys musseri","17.31",,,,,,,,"20","0","0","0","0","0","10","0","40","30","4","Seed","Herbivore","Ground","Nocturnal"
"Neacomys paracou","17.31",,,,,,,,"20","0","0","0","0","0","10","0","40","30","4","Seed","Herbivore","Ground","Nocturnal"
"Neacomys pictus","17.5",,,,,,,,"20","0","0","0","0","0","20","0","20","40","4","Other plant","Herbivore","Ground","Nocturnal"
"Neacomys spinosus","19",,,,,,,,"20","0","0","0","0","0","20","0","20","40","4","Other plant","Herbivore","Ground","Nocturnal"
"Neacomys tenuipes","19",,,,,,,,"20","0","0","0","0","0","20","0","20","40","4","Other plant","Herbivore","Ground","Nocturnal"
"Neamblysomus gunningi","35.84",,,,,,,,"100","0","0","0","0","0","0","0","0","0","1","Invertebrates","Faunivore","Ground","Diurnal"
"Neamblysomus julianae","21.99",,,,,,,,"100","0","0","0","0","0","0","0","0","0","1","Invertebrates","Faunivore","Ground","Diurnal"
"Necromys amoenus","27.09",,,,,,,,"70","0","0","0","0","0","0","0","0","30","2","Invertebrates","Faunivore","Ground","Cathemeral"
"Necromys benefactus","38",,,,,,,,"70","0","0","0","0","0","0","0","0","30","2","Invertebrates","Faunivore","Ground","Cathemeral"
"Necromys lactens","32.9",,,,,,,,"70","0","0","0","0","0","0","0","0","30","2","Invertebrates","Faunivore","Ground","Cathemeral"
"Necromys lasiurus","39.93",,,,,,,,"70","0","0","0","0","0","0","0","0","30","2","Invertebrates","Faunivore","Ground","Diurnal"
"Necromys lenguarum","38",,,,,,,,"70","0","0","0","0","0","0","0","0","30","2","Invertebrates","Faunivore","Ground","Cathemeral"
"Necromys obscurus","40.69",,,,,,,,"70","0","0","0","0","0","0","0","0","30","2","Invertebrates","Faunivore","Ground","Diurnal"
"Necromys punctulatus","37.3",,,,,,,,"70","0","0","0","0","0","0","0","0","30","2","Invertebrates","Faunivore","Ground","Cathemeral"
"Necromys temchuki","47.2",,,,,,,,"70","0","0","0","0","0","0","0","0","30","2","Invertebrates","Faunivore","Ground","Cathemeral"
"Necromys urichi","44.84",,,,,,,,"70","0","0","0","0","0","0","0","0","30","2","Invertebrates","Faunivore","Ground","Cathemeral"
"Nectarinia famosa","17",,,,,,,,,,,,,,,,,,,,,,
"Nectogale elegans","32.5",,,,,,,,"20","0","0","80","0","0","0","0","0","0","2","Fish","Faunivore","Ground","Nocturnal"
"Nectomys apicalis","217.85",,,,,,,,"30","0","20","20","0","0","0","0","0","30","4","Invertebrates","Faunivore","Ground","Nocturnal"
"Nectomys magdalenae","217.85",,,,,,,,"30","0","20","20","0","0","0","0","0","30","4","Invertebrates","Faunivore","Ground","Nocturnal"
"Nectomys palmipes","156.08",,,,,,,,"30","0","20","20","0","0","0","0","0","30","4","Invertebrates","Faunivore","Ground","Nocturnal"
"Nectomys rattus","248.8",,,,,,,,"30","0","20","20","0","0","0","0","0","30","4","Invertebrates","Faunivore","Ground","Nocturnal"
"Nectomys squamipes","190.75",,,,,,,,"30","0","20","20","0","0","0","0","0","30","4","Invertebrates","Faunivore","Ground","Nocturnal"
"Negaprion brevirostris","176100",,,,,,,,,,,,,,,,,,,,,,
"Nelsonia goldmani","88.08",,,,,,,,"0","0","0","0","0","0","0","0","0","100","1","Other plant","Herbivore","Ground","Nocturnal"
"Nelsonia neotomodon","80",,,,,,,,"0","0","0","0","0","0","0","0","0","100","1","Other plant","Herbivore","Ground","Nocturnal"
"Nematobrachion boopis","0.072",,,,,,,,,,,,,,,,,,,,,,
"Nematobrachion flexipes","0.038",,,,,,,,,,,,,,,,,,,,,,
"Nematobrachion sexspinosum","0.13",,,,,,,,,,,,,,,,,,,,,,
"Nematobrachion sexspinosus","0.13",,,,,,,,,,,,,,,,,,,,,,
"Nematoscelis megalops","0.1",,,,,,,,,,,,,,,,,,,,,,
"Neodon forresti","47.71",,,,,,,,"0","0","0","0","0","0","0","0","20","80","2","Other plant","Herbivore","Ground","Nocturnal"
"Neodon irene","41.87",,,,,,,,"0","0","0","0","0","0","0","0","20","80","2","Other plant","Herbivore","Ground","Nocturnal"
"Neodon juldaschi","47.71",,,,,,,,"0","0","0","0","0","0","0","0","20","80","2","Other plant","Herbivore","Ground","Nocturnal"
"Neodon sikimensis","40.51",,,,,,,,"0","0","0","0","0","0","0","0","20","80","2","Other plant","Herbivore","Ground","Nocturnal"
"Neofelis nebulosa","19582.875",,,,,,,,"0","100","0","0","0","0","0","0","0","0","1","Endotherm vertebrates","Faunivore","Scansorial","Diurnal"
"Neofiber alleni","264.8667","216.8","0.84",,,,,,"0","0","0","0","0","0","0","0","0","100","1","Other plant","Herbivore","Ground","Nocturnal"
"Neohylomys hainanensis","52.21",,,,,,,,"100","0","0","0","0","0","0","0","0","0","1","Invertebrates","Faunivore","Ground","Cathemeral"
"Neomys anomalus","14.71","66.83","4.9799",,,,,,"40","0","30","30","0","0","0","0","0","0","3","Invertebrates","Faunivore","Ground","Cathemeral"
"Neomys fodiens","15.2","60.2333","4.0316","3.1","20","32","5","106","40","0","30","30","0","0","0","0","0","0","3","Invertebrates","Faunivore","Ground","Cathemeral"
"Neomys teres","15.13",,,,,,,,"40","0","30","30","0","0","0","0","0","0","3","Invertebrates","Faunivore","Ground","Cathemeral"
"Neonycteris pusilla","12.35",,,,,,,,"80","0","0","0","0","0","20","0","0","0","2","Invertebrates","Faunivore","Scansorial","Nocturnal"
"Neophascogale lorentzi","212",,,,,,,,"80","0","0","0","20","0","0","0","0","0","2","Invertebrates","Faunivore","Arboreal","Diurnal"
"Neophoca cinerea","189637.5",,,,,,,,"0","0","0","100","0","0","0","0","0","0","1","Fish","Faunivore","Marine","Nocturnal"
"Neophocaena asiaeorientalis","34000",,,,,,,,,,,,,,,,,,,,,,
"Neophocaena phocaenoides","32433.3333",,,,,,,,"40","0","0","60","0","0","0","0","0","0","2","Fish","Faunivore","Marine","Cathemeral"
"Neopteryx frosti","153.86",,,,,,,,"0","0","0","0","0","0","80","20","0","0","2","Fruit","Herbivore","Arboreal","Nocturnal"
"Neoromicia brunneus","9.56",,,,,,,,"100","0","0","0","0","0","0","0","0","0","1","Invertebrates","Faunivore","Aerial","Nocturnal"
"Neoromicia capensis","5.96",,,,,,,,"100","0","0","0","0","0","0","0","0","0","1","Invertebrates","Faunivore","Aerial","Nocturnal"
"Neoromicia flavescens","10.5",,,,,,,,"100","0","0","0","0","0","0","0","0","0","1","Invertebrates","Faunivore","Aerial","Nocturnal"
"Neoromicia guineensis","5.07",,,,,,,,"100","0","0","0","0","0","0","0","0","0","1","Invertebrates","Faunivore","Aerial","Nocturnal"
"Neoromicia helios","3.56",,,,,,,,"100","0","0","0","0","0","0","0","0","0","1","Invertebrates","Faunivore","Aerial","Nocturnal"
"Neoromicia melckorum","5.07",,,,,,,,"100","0","0","0","0","0","0","0","0","0","1","Invertebrates","Faunivore","Aerial","Nocturnal"
"Neoromicia nanus","3.89",,,,,,,,"100","0","0","0","0","0","0","0","0","0","1","Invertebrates","Faunivore","Aerial","Nocturnal"
"Neoromicia rendalli","6.42",,,,,,,,"100","0","0","0","0","0","0","0","0","0","1","Invertebrates","Faunivore","Aerial","Nocturnal"
"Neoromicia somalicus","3.53",,,,,,,,"100","0","0","0","0","0","0","0","0","0","1","Invertebrates","Faunivore","Aerial","Nocturnal"
"Neoromicia tenuipinnis","5.35",,,,,,,,"100","0","0","0","0","0","0","0","0","0","1","Invertebrates","Faunivore","Aerial","Nocturnal"
"Neoromicia zuluensis","4.14",,,,,,,,"100","0","0","0","0","0","0","0","0","0","1","Invertebrates","Faunivore","Aerial","Nocturnal"
"Neotetracus sinensis","290.15",,,,,,,,"100","0","0","0","0","0","0","0","0","0","1","Invertebrates","Faunivore","Ground","Nocturnal"
"Neotoma albigula","204.5933","129.475","0.7005",,,,,,"10","0","0","0","0","0","0","0","20","70","3","Other plant","Herbivore","Ground","Nocturnal"
"Neotoma angustapalata","198",,,,,,,,"10","0","0","0","0","0","0","0","20","70","3","Other plant","Herbivore","Ground","Nocturnal"
"Neotoma anthonyi","195.4",,,,,,,,"10","0","0","0","0","0","0","0","20","70","3","Other plant","Herbivore","Ground","Nocturnal"
"Neotoma bryanti","182",,,,,,,,"10","0","0","0","0","0","0","0","20","70","3","Other plant","Herbivore","Ground","Nocturnal"
"Neotoma bunkeri","375",,,,,,,,"10","0","0","0","0","0","0","0","20","70","3","Other plant","Herbivore","Ground","Nocturnal"
"Neotoma chrysomelas","169.5",,,,,,,,"10","0","0","0","0","0","0","0","20","70","3","Other plant","Herbivore","Ground","Nocturnal"
"Neotoma cinerea","288.53","171.42","0.7344",,,,,,"10","0","0","0","0","0","0","0","20","70","3","Other plant","Herbivore","Ground","Nocturnal"
"Neotoma devia","200",,,,,,,,"10","0","0","0","0","0","0","0","20","70","3","Other plant","Herbivore","Ground","Nocturnal"
"Neotoma floridana","220.8167","274","1.7125",,,,,,"10","0","0","0","0","0","0","0","20","70","3","Other plant","Herbivore","Ground","Nocturnal"
"Neotoma fuscipes","211.565",,,,,,,,"10","0","0","0","0","0","0","0","20","70","3","Other plant","Herbivore","Ground","Nocturnal"
"Neotoma goldmani","198",,,,,,,,"10","0","0","0","0","0","0","0","20","70","3","Other plant","Herbivore","Ground","Nocturnal"
"Neotoma lepida","136.275","86.405","0.8015",,,,,,"10","0","0","0","0","0","0","0","20","70","3","Other plant","Herbivore","Ground","Nocturnal"
"Neotoma leucodon","220.57",,,,,,,,"10","0","0","0","0","0","0","0","20","70","3","Other plant","Herbivore","Ground","Nocturnal"
"Neotoma macrotis","206.22","147.5","0.79",,,,,,"10","0","0","0","0","0","0","0","20","70","3","Other plant","Herbivore","Ground","Nocturnal"
"Neotoma magister","447",,,,,,,,"10","0","0","0","0","0","0","0","20","70","3","Other plant","Herbivore","Ground","Nocturnal"
"Neotoma martinensis","246",,,,,,,,"10","0","0","0","0","0","0","0","20","70","3","Other plant","Herbivore","Ground","Nocturnal"
"Neotoma mexicana","203",,,,,,,,"10","0","0","0","0","0","0","0","20","70","3","Other plant","Herbivore","Ground","Nocturnal"
"Neotoma micropus","307.9",,,,,,,,"10","0","0","0","0","0","0","0","20","70","3","Other plant","Herbivore","Ground","Nocturnal"
"Neotoma nelsoni","198",,,,,,,,"10","0","0","0","0","0","0","0","20","70","3","Other plant","Herbivore","Ground","Nocturnal"
"Neotoma palatina","198",,,,,,,,"10","0","0","0","0","0","0","0","20","70","3","Other plant","Herbivore","Ground","Nocturnal"
"Neotoma phenax","227.5",,,,,,,,"10","0","0","0","0","0","0","0","20","70","3","Other plant","Herbivore","Scansorial","Nocturnal"
"Neotoma stephensi","171.9","138","0.7214",,,,,,"10","0","0","0","0","0","0","0","20","70","3","Other plant","Herbivore","Ground","Nocturnal"
"Neotomodon alstoni","40",,,,,,,,"50","0","0","0","0","10","20","0","20","0","4","Invertebrates","Omnivore","Ground","Nocturnal"
"Neotomys ebriosus","64.5",,,,,,,,"20","0","0","0","0","0","10","0","40","30","4","Seed","Herbivore","Ground","Cathemeral"
"Neotragus batesi","2999.99",,,,,,,,"0","0","0","0","0","0","20","0","10","70","3","Other plant","Herbivore","Ground","Nocturnal"
"Neotragus moschatus","4874.975",,,,,,,,"0","0","0","0","0","0","20","0","0","80","2","Other plant","Herbivore","Ground","Nocturnal"
"Neotragus pygmaeus","4000",,,,,,,,"0","0","0","0","0","0","20","0","0","80","2","Other plant","Herbivore","Ground","Nocturnal"
"Neovison macrodon","1150",,,,,,,,"10","50","20","20","0","0","0","0","0","0","4","Endotherm vertebrates","Faunivore","Ground","Nocturnal"
"Nesiotites hidalgo","9.05",,,,,,,,"70","0","10","0","0","20","0","0","0","0","3","Invertebrates","Faunivore","Ground","Nocturnal"
"Nesiotites similis","9.05",,,,,,,,"70","0","10","0","0","20","0","0","0","0","3","Invertebrates","Faunivore","Ground","Nocturnal"
"Nesogale dobsoni","38.8","41.7","0.935",,,,,,"100","0","0","0","0","0","0","0","0","0","1","Invertebrates","Faunivore","Ground","Cathemeral"
"Nesogale talazaci","50.4","43.5","0.9886",,,,,,"100","0","0","0","0","0","0","0","0","0","1","Invertebrates","Faunivore","Ground","Cathemeral"
"Nesokia bunnii","154.48",,,,,,,,"0","0","0","0","0","0","20","0","30","50","3","Other plant","Herbivore","Ground","Nocturnal"
"Nesokia indica","178.08",,,,,,,,"0","0","0","0","0","0","20","0","30","50","3","Other plant","Herbivore","Ground","Nocturnal"
"Nesolagus netscheri","1500",,,,,,,,"0","0","0","0","0","0","0","0","0","100","1","Other plant","Herbivore","Ground","Nocturnal"
"Nesolagus timminsi","1500",,,,,,,,"0","0","0","0","0","0","0","0","0","100","1","Other plant","Herbivore","Ground","Nocturnal"
"Nesomys audeberti","212.5",,,,,,,,"0","0","0","0","0","0","50","0","50","0","2","Fruit","Herbivore","Ground","Diurnal"
"Nesomys lambertoni","155",,,,,,,,"0","0","0","0","0","0","50","0","50","0","2","Fruit","Herbivore","Ground","Diurnal"
"Nesomys rufus","162.5",,,,,,,,"0","0","0","0","0","0","50","0","50","0","2","Fruit","Herbivore","Ground","Diurnal"
"Nesoromys ceramicus","67.38",,,,,,,,"40","0","0","0","0","0","0","0","30","30","3","Invertebrates","Omnivore","Scansorial","Nocturnal"
"Nesoryzomys darwini","55.26",,,,,,,,"20","0","0","0","0","0","10","0","40","30","4","Seed","Herbivore","Ground","Nocturnal"
"Nesoryzomys fernandinae","32.5",,,,,,,,"20","0","0","0","0","0","10","0","40","30","4","Seed","Herbivore","Ground","Nocturnal"
"Nesoryzomys indefessus","55.26",,,,,,,,"20","0","0","0","0","0","10","0","40","30","4","Seed","Herbivore","Ground","Nocturnal"
"Nesoryzomys swarthi","93.95",,,,,,,,"20","0","0","0","0","0","10","0","40","30","4","Seed","Herbivore","Ground","Nocturnal"
"Nesotragus moschatus","3300",,,,,,,,,,,,,,,,,,,,,,
"Nestor notabilis","708",,,,,,,,,,,,,,,,,,,,,,
"Neurotrichus gibbsii","10.2333","46.5","3.9407",,,,,,"90","0","0","0","0","0","0","0","0","10","2","Invertebrates","Faunivore","Ground","Cathemeral"
"Neusticomys monticolus","39.5",,,,,,,,"80","0","0","0","20","0","0","0","0","0","2","Invertebrates","Faunivore","Ground","Nocturnal"
"Neusticomys mussoi","40",,,,,,,,"80","0","0","0","20","0","0","0","0","0","2","Invertebrates","Faunivore","Ground","Nocturnal"
"Neusticomys oyapocki","4.7",,,,,,,,"80","0","0","0","20","0","0","0","0","0","2","Invertebrates","Faunivore","Ground","Nocturnal"
"Neusticomys peruviensis","40",,,,,,,,"80","0","0","0","20","0","0","0","0","0","2","Invertebrates","Faunivore","Ground","Nocturnal"
"Neusticomys venezuelae","47.1",,,,,,,,"80","0","0","0","20","0","0","0","0","0","2","Invertebrates","Faunivore","Ground","Nocturnal"
"Nilopegamys plumbeus","84",,,,,,,,"10","0","0","0","0","0","10","0","20","60","4","Other plant","Herbivore","Ground","Nocturnal"
"Ningaui ridei","8.75",,,,,,,,"80","0","0","0","20","0","0","0","0","0","2","Invertebrates","Faunivore","Ground","Nocturnal"
"Ningaui timealeyi","5.7",,,,,,,,"80","0","0","0","20","0","0","0","0","0","2","Invertebrates","Faunivore","Ground","Nocturnal"
"Ningaui yvonnae","11","14.625","1.7204",,,,,,"80","0","0","0","20","0","0","0","0","0","2","Invertebrates","Faunivore","Ground","Nocturnal"
"Niviventer andersoni","147",,,,,,,,"20","0","0","0","0","0","20","0","20","40","4","Other plant","Herbivore","Scansorial","Nocturnal"
"Niviventer brahma","97.3",,,,,,,,"20","0","0","0","0","0","20","0","20","40","4","Other plant","Herbivore","Scansorial","Nocturnal"
"Niviventer cameroni","83.06",,,,,,,,"20","0","0","0","0","0","20","0","20","40","4","Other plant","Herbivore","Scansorial","Nocturnal"
"Niviventer confucianus","65",,,,,,,,"20","0","0","0","0","0","20","0","20","40","4","Other plant","Herbivore","Scansorial","Nocturnal"
"Niviventer coninga","80.65",,,,,,,,"20","0","0","0","0","0","20","0","20","40","4","Other plant","Herbivore","Scansorial","Nocturnal"
"Niviventer cremoriventer","69.71",,,,,,,,"20","0","0","0","0","0","20","0","20","40","4","Other plant","Herbivore","Scansorial","Nocturnal"
"Niviventer culturatus","81.17",,,,,,,,"20","0","0","0","0","0","20","0","20","40","4","Other plant","Herbivore","Scansorial","Nocturnal"
"Niviventer eha","53.6",,,,,,,,"20","0","0","0","0","0","20","0","20","40","4","Other plant","Herbivore","Scansorial","Nocturnal"
"Niviventer excelsior","102",,,,,,,,"20","0","0","0","0","0","20","0","20","40","4","Other plant","Herbivore","Scansorial","Nocturnal"
"Niviventer fraternus","83.06",,,,,,,,"20","0","0","0","0","0","20","0","20","40","4","Other plant","Herbivore","Scansorial","Nocturnal"
"Niviventer fulvescens","82.55",,,,,,,,"20","0","0","0","0","0","20","0","20","40","4","Other plant","Herbivore","Scansorial","Nocturnal"
"Niviventer hinpoon","61",,,,,,,,"20","0","0","0","0","0","20","0","20","40","4","Other plant","Herbivore","Scansorial","Nocturnal"
"Niviventer langbianis","69.8",,,,,,,,"20","0","0","0","0","0","20","0","20","40","4","Other plant","Herbivore","Scansorial","Nocturnal"
"Niviventer lepturus","84.8",,,,,,,,"20","0","0","0","0","0","20","0","20","40","4","Other plant","Herbivore","Scansorial","Nocturnal"
"Niviventer niviventer","100",,,,,,,,"20","0","0","0","0","0","20","0","20","40","4","Other plant","Herbivore","Scansorial","Nocturnal"
"Niviventer rapit","86.75",,,,,,,,"20","0","0","0","0","0","20","0","20","40","4","Other plant","Herbivore","Scansorial","Nocturnal"
"Niviventer tenaster","103",,,,,,,,"20","0","0","0","0","0","20","0","20","40","4","Other plant","Herbivore","Scansorial","Nocturnal"
"Noctilio albiventris","33.0833","31.01","0.9358",,,,,,"80","0","0","20","0","0","0","0","0","0","2","Invertebrates","Faunivore","Ground","Nocturnal"
"Noctilio leporinus","58.5","47","0.7705",,,,,,"50","0","0","50","0","0","0","0","0","0","2","Invertebrates","Faunivore","Ground","Nocturnal"
"Nomascus concolor","6470.1567",,,,,,,,"10","0","0","0","0","0","80","0","0","10","3","Fruit","Herbivore","Arboreal","Diurnal"
"Nomascus gabriellae","7091.472",,,,,,,,"10","0","0","0","0","0","80","0","0","10","3","Fruit","Herbivore","Arboreal","Diurnal"
"Nomascus hainanus","6850.16",,,,,,,,"10","0","0","0","0","0","80","0","0","10","3","Fruit","Herbivore","Arboreal","Diurnal"
"Nomascus leucogenys","6786.6667",,,,,,,,"10","0","0","0","0","0","80","0","0","10","3","Fruit","Herbivore","Arboreal","Diurnal"
"Nomascus nasutus","5700",,,,,,,,,,,,,,,,,,,,,,
"Nomascus siki","6850.16",,,,,,,,"10","0","0","0","0","0","80","0","0","10","3","Fruit","Herbivore","Arboreal","Diurnal"
"Noronhomys vespuccii","47.71",,,,,,,,"20","0","0","0","0","0","10","0","40","30","4","Seed","Herbivore","Ground","Nocturnal"
"Notamacropus parma","4387.5",,,,,,,,"0","0","0","0","0","0","0","0","0","100","1","Other plant","Herbivore","Ground","Nocturnal"
"Notamacropus rufogriseus","13387.5","2160","0.45","15.2","29","187","1","395","0","0","0","0","0","0","0","0","0","100","1","Other plant","Herbivore","Ground","Nocturnal"
"Notiomys edwardsii","21.3",,,,,,,,"80","0","0","0","0","0","0","0","20","0","2","Invertebrates","Faunivore","Ground","Nocturnal"
"Notiosorex cockrumi","4.82",,,,,,,,"100","0","0","0","0","0","0","0","0","0","1","Invertebrates","Faunivore","Ground","Nocturnal"
"Notiosorex crawfordi","4","12.6","3.15",,,,,,"100","0","0","0","0","0","0","0","0","0","1","Invertebrates","Faunivore","Ground","Nocturnal"
"Notiosorex evotis","5.28",,,,,,,,"100","0","0","0","0","0","0","0","0","0","1","Invertebrates","Faunivore","Ground","Nocturnal"
"Notiosorex villai","4.82",,,,,,,,"100","0","0","0","0","0","0","0","0","0","1","Invertebrates","Faunivore","Ground","Nocturnal"
"Notomys alexis","35.5917","39.1425","1.1279",,,,,,"0","0","0","0","0","0","40","0","30","30","3","Fruit","Herbivore","Ground","Nocturnal"
"Notomys amplus","90",,,,,,,,"0","0","0","0","0","0","40","0","30","30","3","Fruit","Herbivore","Ground","Nocturnal"
"Notomys aquilo","39",,,,,,,,"0","0","0","0","0","0","40","0","30","30","3","Fruit","Herbivore","Ground","Nocturnal"
"Notomys cervinus","34.175","44.26","1.3299",,,,,,"0","0","0","0","0","0","40","0","30","30","3","Fruit","Herbivore","Ground","Nocturnal"
"Notomys fuscus","35",,,,,,,,"0","0","0","0","0","0","40","0","30","30","3","Fruit","Herbivore","Ground","Nocturnal"
"Notomys longicaudatus","100",,,,,,,,"0","0","0","0","0","0","40","0","30","30","3","Fruit","Herbivore","Ground","Nocturnal"
"Notomys macrotis","90",,,,,,,,"0","0","0","0","0","0","40","0","30","30","3","Fruit","Herbivore","Ground","Nocturnal"
"Notomys mitchellii","52",,,,,,,,"0","0","0","0","0","0","40","0","30","30","3","Fruit","Herbivore","Ground","Nocturnal"
"Notomys mordax","90",,,,,,,,"0","0","0","0","0","0","40","0","30","30","3","Fruit","Herbivore","Ground","Nocturnal"
"Notopteris macdonaldi","67.66",,,,,,,,"0","0","0","0","0","0","40","60","0","0","2","Nectar","Herbivore","Arboreal","Nocturnal"
"Notopteris neocaledonica","65.14",,,,,,,,"0","0","0","0","0","0","40","60","0","0","2","Nectar","Herbivore","Arboreal","Nocturnal"
"Notoryctes caurinus","41","21.42","0.63",,,,,,"90","0","0","0","0","0","0","0","10","0","2","Invertebrates","Faunivore","Ground","Cathemeral"
"Notoryctes typhlops","55",,,,,,,,"90","0","0","0","0","0","0","0","10","0","2","Invertebrates","Faunivore","Ground","Cathemeral"
"Nyctalus aviator","21.85",,,,,,,,"100","0","0","0","0","0","0","0","0","0","1","Invertebrates","Faunivore","Aerial","Nocturnal"
"Nyctalus azoreum","21.85",,,,,,,,"100","0","0","0","0","0","0","0","0","0","1","Invertebrates","Faunivore","Aerial","Nocturnal"
"Nyctalus furvus","26.44",,,,,,,,"100","0","0","0","0","0","0","0","0","0","1","Invertebrates","Faunivore","Aerial","Nocturnal"
"Nyctalus lasiopterus","49.73",,,,,,,,"100","0","0","0","0","0","0","0","0","0","1","Invertebrates","Faunivore","Aerial","Nocturnal"
"Nyctalus leisleri","13.28",,,,,,,,"100","0","0","0","0","0","0","0","0","0","1","Invertebrates","Faunivore","Aerial","Nocturnal"
"Nyctalus montanus","21.85",,,,,,,,"100","0","0","0","0","0","0","0","0","0","1","Invertebrates","Faunivore","Aerial","Nocturnal"
"Nyctalus noctula","29","15","0.75",,,,,,"100","0","0","0","0","0","0","0","0","0","1","Invertebrates","Faunivore","Aerial","Nocturnal"
"Nyctalus plancyi","26.44",,,,,,,,"100","0","0","0","0","0","0","0","0","0","1","Invertebrates","Faunivore","Aerial","Nocturnal"
"Nyctereutes procyonoides","5211.6667","3045","0.402",,,,,,"20","10","30","0","0","0","30","0","10","0","5","Ectotherm vertebrates","Omnivore","Ground","Nocturnal"
"Nycteris arge","11.3",,,,,,,,"80","10","10","0","0","0","0","0","0","0","3","Invertebrates","Faunivore","Aerial","Nocturnal"
"Nycteris aurita","11.86",,,,,,,,"60","20","20","0","0","0","0","0","0","0","3","Invertebrates","Faunivore","Aerial","Nocturnal"
"Nycteris gambiensis","6.95",,,,,,,,"80","10","10","0","0","0","0","0","0","0","3","Invertebrates","Faunivore","Aerial","Nocturnal"
"Nycteris grandis","29.78",,,,,,,,"40","30","20","10","0","0","0","0","0","0","4","Invertebrates","Faunivore","Aerial","Nocturnal"
"Nycteris hispida","8.215",,,,,,,,"80","10","10","0","0","0","0","0","0","0","3","Invertebrates","Faunivore","Aerial","Nocturnal"
"Nycteris intermedia","10.65",,,,,,,,"80","10","10","0","0","0","0","0","0","0","3","Invertebrates","Faunivore","Aerial","Nocturnal"
"Nycteris javanica","17.7",,,,,,,,"80","10","10","0","0","0","0","0","0","0","3","Invertebrates","Faunivore","Aerial","Nocturnal"
"Nycteris macrotis","14.48",,,,,,,,"80","10","10","0","0","0","0","0","0","0","3","Invertebrates","Faunivore","Aerial","Nocturnal"
"Nycteris madagascariensis","17.69",,,,,,,,"60","20","20","0","0","0","0","0","0","0","3","Invertebrates","Faunivore","Aerial","Nocturnal"
"Nycteris major","11.21",,,,,,,,"80","10","10","0","0","0","0","0","0","0","3","Invertebrates","Faunivore","Aerial","Nocturnal"
"Nycteris nana","6.95",,,,,,,,"80","10","10","0","0","0","0","0","0","0","3","Invertebrates","Faunivore","Aerial","Nocturnal"
"Nycteris parisii","11.86",,,,,,,,"60","20","20","0","0","0","0","0","0","0","3","Invertebrates","Faunivore","Aerial","Nocturnal"
"Nycteris thebaica","11","18.76","1.6103",,,,,,"80","10","10","0","0","0","0","0","0","0","3","Invertebrates","Faunivore","Aerial","Nocturnal"
"Nycteris tragata","14.4",,,,,,,,"80","10","10","0","0","0","0","0","0","0","3","Invertebrates","Faunivore","Aerial","Nocturnal"
"Nycteris vinsoni","11.86",,,,,,,,"60","20","20","0","0","0","0","0","0","0","3","Invertebrates","Faunivore","Aerial","Nocturnal"
"Nycteris woodi","7.55",,,,,,,,"80","10","10","0","0","0","0","0","0","0","3","Invertebrates","Faunivore","Aerial","Nocturnal"
"Nycticebus bengalensis","1150.697",,,,,,,,"40","30","10","0","0","0","20","0","0","0","4","Invertebrates","Faunivore","Arboreal","Nocturnal"
"Nycticebus coucang","903.4","270.3263","0.3199","26.5","191.5","151.125","1","578","40","30","10","0","0","0","20","0","0","0","4","Invertebrates","Faunivore","Arboreal","Nocturnal"
"Nycticebus javanicus","656.46",,,,,,,,,,,,,,,,,,,,,,
"Nycticebus pygmaeus","478.0243","173","0.3629",,,,,,"40","30","10","0","0","0","20","0","0","0","4","Invertebrates","Faunivore","Arboreal","Nocturnal"
"Nycticeinops schlieffeni","5.05",,,,,,,,"100","0","0","0","0","0","0","0","0","0","1","Invertebrates","Faunivore","Aerial","Nocturnal"
"Nycticeius aenobarbus","8.99",,,,,,,,"100","0","0","0","0","0","0","0","0","0","1","Invertebrates","Faunivore","Aerial","Nocturnal"
"Nycticeius cubanus","8.99",,,,,,,,"100","0","0","0","0","0","0","0","0","0","1","Invertebrates","Faunivore","Aerial","Nocturnal"
"Nycticeius humeralis","8.995","10.7","1.1889",,,,,,"100","0","0","0","0","0","0","0","0","0","1","Invertebrates","Faunivore","Aerial","Nocturnal"
"Nyctiellus lepidus","4.48",,,,,,,,"100","0","0","0","0","0","0","0","0","0","1","Invertebrates","Faunivore","Aerial","Nocturnal"
"Nyctimene aello","84.26",,,,,,,,"0","0","0","0","0","0","100","0","0","0","1","Fruit","Herbivore","Arboreal","Nocturnal"
"Nyctimene albiventer","28","33.8","1.1563",,,,,,"0","0","0","0","0","0","100","0","0","0","1","Fruit","Herbivore","Arboreal","Nocturnal"
"Nyctimene cephalotes","44.47",,,,,,,,"0","0","0","0","0","0","100","0","0","0","1","Fruit","Herbivore","Arboreal","Nocturnal"
"Nyctimene certans","42.1",,,,,,,,"0","0","0","0","0","0","100","0","0","0","1","Fruit","Herbivore","Arboreal","Nocturnal"
"Nyctimene cyclotis","44.2","64.6","1.599",,,,,,"0","0","0","0","0","0","100","0","0","0","1","Fruit","Herbivore","Arboreal","Nocturnal"
"Nyctimene draconilla","29",,,,,,,,"0","0","0","0","0","0","100","0","0","0","1","Fruit","Herbivore","Arboreal","Nocturnal"
"Nyctimene keasti","51.64",,,,,,,,"0","0","0","0","0","0","100","0","0","0","1","Fruit","Herbivore","Arboreal","Nocturnal"
"Nyctimene major","104.15",,,,,,,,"0","0","0","0","0","0","100","0","0","0","1","Fruit","Herbivore","Arboreal","Nocturnal"
"Nyctimene malaitensis","75.39",,,,,,,,"0","0","0","0","0","0","100","0","0","0","1","Fruit","Herbivore","Arboreal","Nocturnal"
"Nyctimene masalai","52.3",,,,,,,,"0","0","0","0","0","0","100","0","0","0","1","Fruit","Herbivore","Arboreal","Nocturnal"
"Nyctimene minutus","45.56",,,,,,,,"0","0","0","0","0","0","100","0","0","0","1","Fruit","Herbivore","Arboreal","Nocturnal"
"Nyctimene rabori","67.5",,,,,,,,"0","0","0","0","0","0","100","0","0","0","1","Fruit","Herbivore","Arboreal","Nocturnal"
"Nyctimene robinsoni","50.4367","54.7","0.9982",,,,,,"0","0","0","0","0","0","100","0","0","0","1","Fruit","Herbivore","Arboreal","Nocturnal"
"Nyctimene sanctacrucis","51.64",,,,,,,,"0","0","0","0","0","0","100","0","0","0","1","Fruit","Herbivore","Arboreal","Nocturnal"
"Nyctimene vizcaccia","37.7",,,,,,,,"0","0","0","0","0","0","100","0","0","0","1","Fruit","Herbivore","Arboreal","Nocturnal"
"Nyctinomops aurispinosus","17.95",,,,,,,,"100","0","0","0","0","0","0","0","0","0","1","Invertebrates","Faunivore","Aerial","Nocturnal"
"Nyctinomops femorosaccus","14.63",,,,,,,,"100","0","0","0","0","0","0","0","0","0","1","Invertebrates","Faunivore","Aerial","Nocturnal"
"Nyctinomops laticaudatus","12.22",,,,,,,,"100","0","0","0","0","0","0","0","0","0","1","Invertebrates","Faunivore","Aerial","Nocturnal"
"Nyctinomops macrotis","18.4",,,,,,,,"100","0","0","0","0","0","0","0","0","0","1","Invertebrates","Faunivore","Aerial","Nocturnal"
"Nyctomys sumichrasti","54.72",,,,,,,,"0","0","0","0","0","0","40","0","40","20","3","Fruit","Herbivore","Ground","Nocturnal"
"Nyctophilus arnhemensis","6.65",,,,,,,,"100","0","0","0","0","0","0","0","0","0","1","Invertebrates","Faunivore","Aerial","Nocturnal"
"Nyctophilus bifax","10","12.67","1.2798",,,,,,"100","0","0","0","0","0","0","0","0","0","1","Invertebrates","Faunivore","Aerial","Nocturnal"
"Nyctophilus geoffroyi","7","10.53","1.3928",,,,,,"100","0","0","0","0","0","0","0","0","0","1","Invertebrates","Faunivore","Aerial","Nocturnal"
"Nyctophilus gouldi","10","15.2733","1.5868",,,,,,"100","0","0","0","0","0","0","0","0","0","1","Invertebrates","Faunivore","Aerial","Nocturnal"
"Nyctophilus heran","7.63",,,,,,,,"100","0","0","0","0","0","0","0","0","0","1","Invertebrates","Faunivore","Aerial","Nocturnal"
"Nyctophilus howensis","7.78",,,,,,,,"100","0","0","0","0","0","0","0","0","0","1","Invertebrates","Faunivore","Aerial","Nocturnal"
"Nyctophilus microdon","7.63",,,,,,,,"100","0","0","0","0","0","0","0","0","0","1","Invertebrates","Faunivore","Aerial","Nocturnal"
"Nyctophilus microtis","7.1",,,,,,,,"100","0","0","0","0","0","0","0","0","0","1","Invertebrates","Faunivore","Aerial","Nocturnal"
"Nyctophilus nebulosus","7.78",,,,,,,,"100","0","0","0","0","0","0","0","0","0","1","Invertebrates","Faunivore","Aerial","Nocturnal"
"Nyctophilus timoriensis","12.0767","20.4","1.5",,,,,,"100","0","0","0","0","0","0","0","0","0","1","Invertebrates","Faunivore","Aerial","Nocturnal"
"Nyctophilus walkeri","4.34",,,,,,,,"100","0","0","0","0","0","0","0","0","0","1","Invertebrates","Faunivore","Aerial","Nocturnal"
"Nymphicus hollandicus","100.9767",,,,,,,,,,,,,,,,,,,,,,
"Ochotona alpina","150",,,,,,,,"0","0","0","0","0","0","0","0","0","100","1","Other plant","Herbivore","Ground","Cathemeral"
"Ochotona argentata","142.15",,,,,,,,"0","0","0","0","0","0","0","0","0","100","1","Other plant","Herbivore","Ground","Cathemeral"
"Ochotona cansus","68.75",,,,,,,,"0","0","0","0","0","0","0","0","0","100","1","Other plant","Herbivore","Ground","Cathemeral"
"Ochotona collaris","129",,,,,,,,"0","0","0","0","0","0","0","0","0","100","1","Other plant","Herbivore","Ground","Cathemeral"
"Ochotona curzoniae","127.8025","214.375","1.7335",,,,,,"0","0","0","0","0","0","0","0","0","100","1","Other plant","Herbivore","Ground","Cathemeral"
"Ochotona dauurica","118.35","249","1.9499",,,,,,"0","0","0","0","0","0","0","0","0","100","1","Other plant","Herbivore","Ground","Cathemeral"
"Ochotona erythrotis","181",,,,,,,,"0","0","0","0","0","0","0","0","0","100","1","Other plant","Herbivore","Ground","Cathemeral"
"Ochotona forresti","111.65",,,,,,,,"0","0","0","0","0","0","0","0","0","100","1","Other plant","Herbivore","Ground","Cathemeral"
"Ochotona gaoligongensis","111.61",,,,,,,,"0","0","0","0","0","0","0","0","0","100","1","Other plant","Herbivore","Ground","Cathemeral"
"Ochotona gloveri","181.97",,,,,,,,"0","0","0","0","0","0","0","0","0","100","1","Other plant","Herbivore","Ground","Cathemeral"
"Ochotona himalayana","189.31",,,,,,,,"0","0","0","0","0","0","0","0","0","100","1","Other plant","Herbivore","Ground","Cathemeral"
"Ochotona hoffmanni","142.15",,,,,,,,"0","0","0","0","0","0","0","0","0","100","1","Other plant","Herbivore","Ground","Cathemeral"
"Ochotona huangensis","105.33",,,,,,,,"0","0","0","0","0","0","0","0","0","100","1","Other plant","Herbivore","Ground","Cathemeral"
"Ochotona hyperborea","120",,,,,,,,"0","0","0","0","0","0","0","0","0","100","1","Other plant","Herbivore","Ground","Cathemeral"
"Ochotona iliensis","209.75",,,,,,,,"0","0","0","0","0","0","0","0","0","100","1","Other plant","Herbivore","Ground","Cathemeral"
"Ochotona koslowi","182.03",,,,,,,,"0","0","0","0","0","0","0","0","0","100","1","Other plant","Herbivore","Ground","Cathemeral"
"Ochotona ladacensis","182.19",,,,,,,,"0","0","0","0","0","0","0","0","0","100","1","Other plant","Herbivore","Ground","Cathemeral"
"Ochotona macrotis","260",,,,,,,,"0","0","0","0","0","0","0","0","0","100","1","Other plant","Herbivore","Ground","Cathemeral"
"Ochotona muliensis","182",,,,,,,,"0","0","0","0","0","0","0","0","0","100","1","Other plant","Herbivore","Ground","Cathemeral"
"Ochotona nigritia","142.15",,,,,,,,"0","0","0","0","0","0","0","0","0","100","1","Other plant","Herbivore","Ground","Cathemeral"
"Ochotona nubrica","116.21",,,,,,,,"0","0","0","0","0","0","0","0","0","100","1","Other plant","Herbivore","Ground","Cathemeral"
"Ochotona pallasi","149.62",,,,,,,,"0","0","0","0","0","0","0","0","0","100","1","Other plant","Herbivore","Ground","Cathemeral"
"Ochotona princeps","145.31","167.2","1.5297",,,,,,"0","0","0","0","0","0","0","0","0","100","1","Other plant","Herbivore","Ground","Cathemeral"
"Ochotona pusilla","142.5",,,,,,,,"0","0","0","0","0","0","0","0","0","100","1","Other plant","Herbivore","Ground","Cathemeral"
"Ochotona roylei","260",,,,,,,,"0","0","0","0","0","0","0","0","0","100","1","Other plant","Herbivore","Ground","Cathemeral"
"Ochotona rufescens","250",,,,,,,,"0","0","0","0","0","0","0","0","0","100","1","Other plant","Herbivore","Ground","Cathemeral"
"Ochotona rutila","182.02",,,,,,,,"0","0","0","0","0","0","0","0","0","100","1","Other plant","Herbivore","Ground","Cathemeral"
"Ochotona thibetana","83.1",,,,,,,,"0","0","0","0","0","0","0","0","0","100","1","Other plant","Herbivore","Ground","Cathemeral"
"Ochotona thomasi","111.63",,,,,,,,"0","0","0","0","0","0","0","0","0","100","1","Other plant","Herbivore","Ground","Cathemeral"
"Ochotona turuchanensis","142.15",,,,,,,,"0","0","0","0","0","0","0","0","0","100","1","Other plant","Herbivore","Ground","Cathemeral"
"Ochrotomys nuttalli","20.8233","27.1","1.3897",,,,,,"0","0","0","0","0","0","0","0","100","0","1","Seed","Herbivore","Arboreal","Nocturnal"
"Octodon bridgesi","163.05","183.3","1.0409",,,,,,"0","0","0","0","0","0","20","0","20","60","3","Other plant","Herbivore","Ground","Diurnal"
"Octodon degus","202.3181","162.9112","0.8741",,,,,,"0","0","0","0","0","0","20","0","20","60","3","Other plant","Herbivore","Ground","Diurnal"
"Octodon lunatus","203.1","171.5","0.9902",,,,,,"0","0","0","0","0","0","20","0","20","60","3","Other plant","Herbivore","Ground","Diurnal"
"Octodon pacificus","194.34",,,,,,,,"0","0","0","0","0","0","20","0","20","60","3","Other plant","Herbivore","Ground","Diurnal"
"Octodontomys gliroides","152.075","128.25","0.8324",,,,,,"0","0","0","0","0","0","50","0","0","50","2","Fruit","Herbivore","Ground","Crepuscular"
"Octomys mimax","124.8","115","0.9696",,,,,,"0","0","0","0","0","0","0","0","0","100","1","Other plant","Herbivore","Ground","Nocturnal"
"Odobenus rosmarus","969075",,,,,,,,"80","10","0","10","0","0","0","0","0","0","3","Invertebrates","Faunivore","Marine","Cathemeral"
"Odocoileus hemionus","56601.285",,,,,,,,"0","0","0","0","0","0","0","0","10","90","2","Other plant","Herbivore","Ground","Nocturnal"
"Odocoileus virginianus","64205.2025","18403.3333","0.3063",,,,,,"0","0","0","0","0","0","0","0","10","90","2","Other plant","Herbivore","Ground","Nocturnal"
"Odocoileus virginiatus","87000",,,"21.6","198","129","2","309",,,,,,,,,,,,,,,
"Oecomys auyantepui","67.41",,,,,,,,"0","0","0","0","0","0","50","0","50","0","2","Fruit","Herbivore","Ground","Nocturnal"
"Oecomys bicolor","34",,,,,,,,"0","0","0","0","0","0","50","0","50","0","2","Fruit","Herbivore","Ground","Nocturnal"
"Oecomys catherinae","67.41",,,,,,,,"0","0","0","0","0","0","50","0","50","0","2","Fruit","Herbivore","Ground","Nocturnal"
"Oecomys cleberi","73.4",,,,,,,,"0","0","0","0","0","0","50","0","50","0","2","Fruit","Herbivore","Ground","Nocturnal"
"Oecomys concolor","61.55",,,,,,,,"0","0","0","0","0","0","50","0","50","0","2","Fruit","Herbivore","Ground","Nocturnal"
"Oecomys flavicans","73.4",,,,,,,,"0","0","0","0","0","0","50","0","50","0","2","Fruit","Herbivore","Ground","Nocturnal"
"Oecomys mamorae","62.5",,,,,,,,"0","0","0","0","0","0","50","0","50","0","2","Fruit","Herbivore","Ground","Nocturnal"
"Oecomys paricola","73.4",,,,,,,,"0","0","0","0","0","0","50","0","50","0","2","Fruit","Herbivore","Ground","Nocturnal"
"Oecomys phaeotis","73.4",,,,,,,,"0","0","0","0","0","0","50","0","50","0","2","Fruit","Herbivore","Ground","Nocturnal"
"Oecomys rex","73.4",,,,,,,,"0","0","0","0","0","0","50","0","50","0","2","Fruit","Herbivore","Ground","Nocturnal"
"Oecomys roberti","73.4",,,,,,,,"0","0","0","0","0","0","50","0","50","0","2","Fruit","Herbivore","Ground","Nocturnal"
"Oecomys rutilus","73.4",,,,,,,,"0","0","0","0","0","0","50","0","50","0","2","Fruit","Herbivore","Ground","Nocturnal"
"Oecomys speciosus","73.4",,,,,,,,"0","0","0","0","0","0","50","0","50","0","2","Fruit","Herbivore","Ground","Nocturnal"
"Oecomys superans","73.4",,,,,,,,"0","0","0","0","0","0","50","0","50","0","2","Fruit","Herbivore","Ground","Nocturnal"
"Oecomys trinitatis","73.4",,,,,,,,"0","0","0","0","0","0","50","0","50","0","2","Fruit","Herbivore","Ground","Nocturnal"
"Oecophylla smaragdina","0.003",,,,,,,,,,,,,,,,,,,,,,
"Oenomys hypoxanthus","90",,,,,,,,"20","0","0","0","0","0","0","0","0","80","2","Other plant","Herbivore","Ground","Cathemeral"
"Oenomys ornatus","85.5",,,,,,,,"20","0","0","0","0","0","0","0","0","80","2","Other plant","Herbivore","Ground","Cathemeral"
"Okapia johnstoni","233334.0967",,,,,,,,"0","0","0","0","0","0","0","0","0","100","1","Other plant","Herbivore","Ground","Diurnal"
"Olallamys albicauda","273.5",,,,,,,,"0","0","0","0","0","0","30","0","20","50","3","Other plant","Herbivore","Arboreal","Nocturnal"
"Olallamys edax","206.4",,,,,,,,"0","0","0","0","0","0","30","0","20","50","3","Other plant","Herbivore","Arboreal","Nocturnal"
"Oligoryzomys andinus","25.2",,,,,,,,"30","0","0","0","0","0","30","0","40","0","3","Seed","Herbivore","Ground","Nocturnal"
"Oligoryzomys arenalis","25.2",,,,,,,,"30","0","0","0","0","0","30","0","40","0","3","Seed","Herbivore","Ground","Nocturnal"
"Oligoryzomys brendae","23.96",,,,,,,,"30","0","0","0","0","0","30","0","40","0","3","Seed","Herbivore","Ground","Nocturnal"
"Oligoryzomys chacoensis","23",,,,,,,,"30","0","0","0","0","0","30","0","40","0","3","Seed","Herbivore","Ground","Nocturnal"
"Oligoryzomys delticola","29.4",,,,,,,,"30","0","0","0","0","0","30","0","40","0","3","Seed","Herbivore","Ground","Nocturnal"
"Oligoryzomys destructor","25.2",,,,,,,,"30","0","0","0","0","0","30","0","40","0","3","Seed","Herbivore","Ground","Nocturnal"
"Oligoryzomys eliurus","30",,,,,,,,"30","0","0","0","0","0","30","0","40","0","3","Seed","Herbivore","Ground","Nocturnal"
"Oligoryzomys flavescens","21.3",,,,,,,,"30","0","0","0","0","0","30","0","40","0","3","Seed","Herbivore","Ground","Nocturnal"
"Oligoryzomys fornesi","23.96",,,,,,,,"30","0","0","0","0","0","30","0","40","0","3","Seed","Herbivore","Ground","Nocturnal"
"Oligoryzomys fulvescens","25",,,,,,,,"30","0","0","0","0","0","30","0","40","0","3","Seed","Herbivore","Ground","Nocturnal"
"Oligoryzomys griseolus","25.2",,,,,,,,"30","0","0","0","0","0","30","0","40","0","3","Seed","Herbivore","Ground","Nocturnal"
"Oligoryzomys longicaudatus","27.2667","51","1.8085",,,,,,"30","0","0","0","0","0","30","0","40","0","3","Seed","Herbivore","Ground","Nocturnal"
"Oligoryzomys magellanicus","25.2",,,,,,,,"30","0","0","0","0","0","30","0","40","0","3","Seed","Herbivore","Ground","Nocturnal"
"Oligoryzomys microtis","22.5",,,,,,,,"30","0","0","0","0","0","30","0","40","0","3","Seed","Herbivore","Ground","Nocturnal"
"Oligoryzomys nigripes","20.5",,,,,,,,"30","0","0","0","0","0","30","0","40","0","3","Seed","Herbivore","Ground","Nocturnal"
"Oligoryzomys stramineus","23.96",,,,,,,,"30","0","0","0","0","0","30","0","40","0","3","Seed","Herbivore","Ground","Nocturnal"
"Oligoryzomys vegetus","15",,,,,,,,"30","0","0","0","0","0","30","0","40","0","3","Seed","Herbivore","Ground","Nocturnal"
"Oligoryzomys victus","23.96",,,,,,,,"30","0","0","0","0","0","30","0","40","0","3","Seed","Herbivore","Ground","Nocturnal"
"Olive baboon",,,,,,"390",,,,,,,,,,,,,,,,,
"Ommatophoca rossii","214700",,,,,,,,"20","0","0","80","0","0","0","0","0","0","2","Fish","Faunivore","Marine","Nocturnal"
"Oncorhynchus mykiss","2391.21",,,,,,,,,,,,,,,,,,,,,,
"Ondatra zibethicus","1020.48","651.94","0.7698",,,,,,"10","0","0","0","0","0","0","0","0","90","2","Other plant","Herbivore","Ground","Nocturnal"
"Onychogalea fraenata","5025",,,,,,,,"0","0","0","0","0","0","0","0","0","100","1","Other plant","Herbivore","Ground","Nocturnal"
"Onychogalea lunata","3500",,,,,,,,"0","0","0","0","0","0","0","0","0","100","1","Other plant","Herbivore","Ground","Nocturnal"
"Onychogalea unguifera","6650",,,,,,,,"0","0","0","0","0","0","0","0","0","100","1","Other plant","Herbivore","Ground","Nocturnal"
"Onychomys arenicola","30",,,,,,,,"90","0","0","0","0","0","0","0","0","10","2","Invertebrates","Faunivore","Ground","Nocturnal"
"Onychomys leucogaster","27.655",,,,,,,,"90","0","0","0","0","0","0","0","0","10","2","Invertebrates","Faunivore","Ground","Nocturnal"
"Onychomys torridus","21.3633","29.6","1.5497",,,,,,"90","0","0","0","0","0","0","0","0","10","2","Invertebrates","Faunivore","Ground","Nocturnal"
"Oplophorus gracilirostris","2.6",,,,,,,,,,,,,,,,,,,,,,
"Orcaella brevirostris","190000",,,,,,,,"40","0","0","60","0","0","0","0","0","0","2","Fish","Faunivore","Marine","Cathemeral"
"Orcinus orca","3361187.5","598553","0.1602",,,,,,"25","50","0","25","0","0","0","0","0","0","3","Endotherm vertebrates","Faunivore","Marine","Cathemeral"
"Oreamnos americanus","52250.165","8320","0.26",,,,,,"0","0","0","0","0","0","0","0","0","100","1","Other plant","Herbivore","Ground","Diurnal"
"Oreonax flavicauda","8229.12",,,,,,,,"0","0","0","0","0","0","70","10","0","20","3","Fruit","Herbivore","Arboreal","Diurnal"
"Oreotragus oreotragus","12495.4833",,,,,,,,"0","0","0","0","0","0","0","0","0","100","1","Other plant","Herbivore","Ground","Diurnal"
"Oreotrochilus estella","8.5",,,,,,,,,,,,,,,,,,,,,,
"Ornithorhynchus anatinus","1372.7188","473.1","0.4143",,,,,,"80","0","0","20","0","0","0","0","0","0","2","Invertebrates","Faunivore","Ground","Cathemeral"
"Orthogeomys cavator","650",,,,,,,,"0","0","0","0","0","0","0","0","0","100","1","Other plant","Herbivore","Ground","Diurnal"
"Orthogeomys cherriei","315",,,,,,,,"0","0","0","0","0","0","0","0","0","100","1","Other plant","Herbivore","Ground","Diurnal"
"Orthogeomys cuniculus","500",,,,,,,,"0","0","0","0","0","0","0","0","0","100","1","Other plant","Herbivore","Ground","Diurnal"
"Orthogeomys dariensis","438",,,,,,,,"0","0","0","0","0","0","0","0","0","100","1","Other plant","Herbivore","Ground","Diurnal"
"Orthogeomys grandis","500",,,,,,,,"0","0","0","0","0","0","0","0","0","100","1","Other plant","Herbivore","Ground","Diurnal"
"Orthogeomys heterodus","622.5",,,,,,,,"0","0","0","0","0","0","0","0","0","100","1","Other plant","Herbivore","Ground","Diurnal"
"Orthogeomys hispidus","521.05",,,,,,,,"0","0","0","0","0","0","0","0","0","100","1","Other plant","Herbivore","Ground","Diurnal"
"Orthogeomys lanius","500",,,,,,,,"0","0","0","0","0","0","0","0","0","100","1","Other plant","Herbivore","Ground","Diurnal"
"Orthogeomys matagalpae","293",,,,,,,,"0","0","0","0","0","0","0","0","0","100","1","Other plant","Herbivore","Ground","Diurnal"
"Orthogeomys thaeleri","440.75",,,,,,,,"0","0","0","0","0","0","0","0","0","100","1","Other plant","Herbivore","Ground","Diurnal"
"Orthogeomys underwoodi","250",,,,,,,,"0","0","0","0","0","0","0","0","0","100","1","Other plant","Herbivore","Ground","Diurnal"
"Orthorhynchus cristatus","2.9",,,,,,,,,,,,,,,,,,,,,,
"Orycteropus afer","60000","6144","0.128",,"225",,,,"100","0","0","0","0","0","0","0","0","0","1","Invertebrates","Faunivore","Ground","Nocturnal"
"Oryctolagus cuniculus","3515","1238.49","0.5778","9","30","26","5","730","0","0","0","0","0","0","0","0","0","100","1","Other plant","Herbivore","Ground","Nocturnal"
"Oryx beisa","187788.26",,,,,,,,"0","0","0","0","0","0","0","0","0","100","1","Other plant","Herbivore","Ground","Cathemeral"
"Oryx dammah","2e+05",,,,,,,,"0","0","0","0","0","0","0","0","0","100","1","Other plant","Herbivore","Ground","Cathemeral"
"Oryx gazella","175601.4325","43560","0.242",,,,,,"0","0","0","0","0","0","0","0","0","100","1","Other plant","Herbivore","Ground","Cathemeral"
"Oryx leucoryx","88137.5","17976.5","0.2038",,,,,,"0","0","0","0","0","0","0","0","0","100","1","Other plant","Herbivore","Ground","Cathemeral"
"Oryzias latipes","0.24",,,,,,,,,,,,,,,,,,,,,,
"Oryzomys albigularis","60.5",,,,,,,,"20","0","0","0","0","0","20","0","20","40","4","Other plant","Herbivore","Ground","Cathemeral"
"Oryzomys alfaroi","33.3",,,,,,,,"20","0","0","0","0","0","20","0","20","40","4","Other plant","Herbivore","Ground","Cathemeral"
"Oryzomys angouya","120.17",,,,,,,,"20","0","0","0","0","0","20","0","20","40","4","Other plant","Herbivore","Ground","Cathemeral"
"Oryzomys auriventer","60.5",,,,,,,,"20","0","0","0","0","0","20","0","20","40","4","Other plant","Herbivore","Ground","Cathemeral"
"Oryzomys balneator","60.5",,,,,,,,"20","0","0","0","0","0","20","0","20","40","4","Other plant","Herbivore","Ground","Cathemeral"
"Oryzomys bolivaris","60.5",,,,,,,,"20","0","0","0","0","0","20","0","20","40","4","Other plant","Herbivore","Ground","Cathemeral"
"Oryzomys caracolus","57.93",,,,,,,,"20","0","0","0","0","0","20","0","20","40","4","Other plant","Herbivore","Ground","Cathemeral"
"Oryzomys chapmani","50",,,,,,,,"20","0","0","0","0","0","20","0","20","40","4","Other plant","Herbivore","Ground","Cathemeral"
"Oryzomys couesi","69.3",,,,,,,,"20","0","0","0","0","0","20","0","20","40","4","Other plant","Herbivore","Ground","Cathemeral"
"Oryzomys curasoae","57.93",,,,,,,,"20","0","0","0","0","0","20","0","20","40","4","Other plant","Herbivore","Ground","Cathemeral"
"Oryzomys devius","57.93",,,,,,,,"20","0","0","0","0","0","20","0","20","40","4","Other plant","Herbivore","Ground","Cathemeral"
"Oryzomys dimidiatus","46",,,,,,,,"20","0","0","0","0","0","20","0","20","40","4","Other plant","Herbivore","Ground","Cathemeral"
"Oryzomys emmonsae","57.93",,,,,,,,"20","0","0","0","0","0","20","0","20","40","4","Other plant","Herbivore","Ground","Cathemeral"
"Oryzomys galapagoensis","63.51",,,,,,,,"20","0","0","0","0","0","20","0","20","40","4","Other plant","Herbivore","Ground","Cathemeral"
"Oryzomys gorgasi","60.5",,,,,,,,"20","0","0","0","0","0","20","0","20","40","4","Other plant","Herbivore","Ground","Cathemeral"
"Oryzomys hammondi","60.5",,,,,,,,"20","0","0","0","0","0","20","0","20","40","4","Other plant","Herbivore","Ground","Cathemeral"
"Oryzomys keaysi","58.3",,,,,,,,"20","0","0","0","0","0","20","0","20","40","4","Other plant","Herbivore","Ground","Cathemeral"
"Oryzomys lamia","60.5",,,,,,,,"20","0","0","0","0","0","20","0","20","40","4","Other plant","Herbivore","Ground","Cathemeral"
"Oryzomys laticeps","49.11",,,,,,,,"20","0","0","0","0","0","20","0","20","40","4","Other plant","Herbivore","Ground","Cathemeral"
"Oryzomys legatus","61.5",,,,,,,,"20","0","0","0","0","0","20","0","20","40","4","Other plant","Herbivore","Ground","Cathemeral"
"Oryzomys levipes","60.5",,,,,,,,"20","0","0","0","0","0","20","0","20","40","4","Other plant","Herbivore","Ground","Cathemeral"
"Oryzomys macconnelli","58",,,,,,,,"20","0","0","0","0","0","20","0","20","40","4","Other plant","Herbivore","Ground","Cathemeral"
"Oryzomys maracajuensis","57.93",,,,,,,,"20","0","0","0","0","0","20","0","20","40","4","Other plant","Herbivore","Ground","Cathemeral"
"Oryzomys marinhus","57.93",,,,,,,,"20","0","0","0","0","0","20","0","20","40","4","Other plant","Herbivore","Ground","Cathemeral"
"Oryzomys megacephalus","57",,,,,,,,"20","0","0","0","0","0","20","0","20","40","4","Other plant","Herbivore","Ground","Cathemeral"
"Oryzomys melanotis","50",,,,,,,,"20","0","0","0","0","0","20","0","20","40","4","Other plant","Herbivore","Ground","Cathemeral"
"Oryzomys meridensis","57.93",,,,,,,,"20","0","0","0","0","0","20","0","20","40","4","Other plant","Herbivore","Ground","Cathemeral"
"Oryzomys nelsoni","57.93",,,,,,,,"20","0","0","0","0","0","20","0","20","40","4","Other plant","Herbivore","Ground","Cathemeral"
"Oryzomys nitidus","55.2",,,,,,,,"20","0","0","0","0","0","20","0","20","40","4","Other plant","Herbivore","Ground","Cathemeral"
"Oryzomys palustris","50.49",,,,,,,,"20","0","0","0","0","0","20","0","20","40","4","Other plant","Herbivore","Ground","Cathemeral"
"Oryzomys perenensis","57.93",,,,,,,,"20","0","0","0","0","0","20","0","20","40","4","Other plant","Herbivore","Ground","Cathemeral"
"Oryzomys polius","60.5",,,,,,,,"20","0","0","0","0","0","20","0","20","40","4","Other plant","Herbivore","Ground","Cathemeral"
"Oryzomys rhabdops","54.88",,,,,,,,"20","0","0","0","0","0","20","0","20","40","4","Other plant","Herbivore","Ground","Cathemeral"
"Oryzomys rostratus","43.5",,,,,,,,"20","0","0","0","0","0","20","0","20","40","4","Other plant","Herbivore","Ground","Cathemeral"
"Oryzomys russatus","60.5",,,,,,,,"20","0","0","0","0","0","20","0","20","40","4","Other plant","Herbivore","Ground","Cathemeral"
"Oryzomys saturatior","54.82",,,,,,,,"20","0","0","0","0","0","20","0","20","40","4","Other plant","Herbivore","Ground","Cathemeral"
"Oryzomys scotti","57.93",,,,,,,,"20","0","0","0","0","0","20","0","20","40","4","Other plant","Herbivore","Ground","Cathemeral"
"Oryzomys seuanezi","57.93",,,,,,,,"20","0","0","0","0","0","20","0","20","40","4","Other plant","Herbivore","Ground","Cathemeral"
"Oryzomys subflavus","50",,,,,,,,"20","0","0","0","0","0","20","0","20","40","4","Other plant","Herbivore","Ground","Cathemeral"
"Oryzomys talamancae","37.5","35","1.75",,,,,,"20","0","0","0","0","0","20","0","20","40","4","Other plant","Herbivore","Ground","Cathemeral"
"Oryzomys tatei","57.93",,,,,,,,"20","0","0","0","0","0","20","0","20","40","4","Other plant","Herbivore","Ground","Cathemeral"
"Oryzomys xanthaeolus","79.79",,,,,,,,"20","0","0","0","0","0","20","0","20","40","4","Other plant","Herbivore","Ground","Cathemeral"
"Oryzomys yunganus","60.5",,,,,,,,"20","0","0","0","0","0","20","0","20","40","4","Other plant","Herbivore","Ground","Cathemeral"
"Oryzorictes hova","44.2","68.7","1.5473",,,,,,"100","0","0","0","0","0","0","0","0","0","1","Invertebrates","Faunivore","Ground","Nocturnal"
"Oryzorictes tetradactylus","36",,,,,,,,"100","0","0","0","0","0","0","0","0","0","1","Invertebrates","Faunivore","Ground","Nocturnal"
"Osgoodomys banderanus","50",,,,,,,,"30","0","0","0","0","0","30","0","40","0","3","Seed","Herbivore","Scansorial","Nocturnal"
"Osphranter rufus","46250","5219.5","0.2061",,,,,,"0","0","0","0","0","0","0","0","0","100","1","Other plant","Herbivore","Ground","Nocturnal"
"Otaria flavescens","207835.265",,,,,,,,"40","0","0","60","0","0","0","0","0","0","2","Fish","Faunivore","Marine","Nocturnal"
"Otocyon megalotis","3742.51",,,,,,,,"50","20","0","0","10","0","0","0","0","20","4","Invertebrates","Faunivore","Ground","Cathemeral"
"Otolemur crassicaudatus","946.6667","477.4743","0.4585","15.66","134","121","1.5333","430","20","0","0","0","0","0","20","60","0","0","3","Nectar","Herbivore","Arboreal","Nocturnal"
"Otolemur garnettii","964.9571","411.65","0.434",,"132","140",,,"20","0","0","0","0","0","20","60","0","0","3","Nectar","Herbivore","Arboreal","Nocturnal"
"Otolemur monteiri","1404.8867",,,,,,,,"20","0","0","0","0","0","20","60","0","0","3","Nectar","Herbivore","Arboreal","Nocturnal"
"Otomops formosus","21.4",,,,,,,,"100","0","0","0","0","0","0","0","0","0","1","Invertebrates","Faunivore","Aerial","Nocturnal"
"Otomops johnstonei","24.19",,,,,,,,"100","0","0","0","0","0","0","0","0","0","1","Invertebrates","Faunivore","Aerial","Nocturnal"
"Otomops madagascariensis","25",,,,,,,,"100","0","0","0","0","0","0","0","0","0","1","Invertebrates","Faunivore","Aerial","Nocturnal"
"Otomops martiensseni","38.025",,,,,,,,"100","0","0","0","0","0","0","0","0","0","1","Invertebrates","Faunivore","Aerial","Nocturnal"
"Otomops papuensis","16.5",,,,,,,,"100","0","0","0","0","0","0","0","0","0","1","Invertebrates","Faunivore","Aerial","Nocturnal"
"Otomops secundus","21.4",,,,,,,,"100","0","0","0","0","0","0","0","0","0","1","Invertebrates","Faunivore","Aerial","Nocturnal"
"Otomops wroughtoni","21.4",,,,,,,,"100","0","0","0","0","0","0","0","0","0","1","Invertebrates","Faunivore","Aerial","Nocturnal"
"Otomys anchietae","115.9",,,,,,,,"0","0","0","0","0","0","10","0","10","80","3","Other plant","Herbivore","Ground","Cathemeral"
"Otomys angoniensis","108.45",,,,,,,,"0","0","0","0","0","0","10","0","10","80","3","Other plant","Herbivore","Ground","Cathemeral"
"Otomys barbouri","127.2",,,,,,,,"0","0","0","0","0","0","20","0","20","60","3","Other plant","Herbivore","Ground","Cathemeral"
"Otomys burtoni","127.2",,,,,,,,"0","0","0","0","0","0","20","0","20","60","3","Other plant","Herbivore","Ground","Cathemeral"
"Otomys cuanzensis","127.2",,,,,,,,"0","0","0","0","0","0","20","0","20","60","3","Other plant","Herbivore","Ground","Cathemeral"
"Otomys dartmouthi","127.2",,,,,,,,"0","0","0","0","0","0","20","0","20","60","3","Other plant","Herbivore","Ground","Cathemeral"
"Otomys denti","120",,,,,,,,"0","0","0","0","0","0","10","0","10","80","3","Other plant","Herbivore","Ground","Cathemeral"
"Otomys dollmani","127.2",,,,,,,,"0","0","0","0","0","0","20","0","20","60","3","Other plant","Herbivore","Ground","Cathemeral"
"Otomys irroratus","120.3733","84.95","0.832",,,,,,"0","0","0","0","0","0","10","0","10","80","3","Other plant","Herbivore","Ground","Cathemeral"
"Otomys jacksoni","127.2",,,,,,,,"0","0","0","0","0","0","20","0","20","60","3","Other plant","Herbivore","Ground","Cathemeral"
"Otomys lacustris","127.2",,,,,,,,"0","0","0","0","0","0","20","0","20","60","3","Other plant","Herbivore","Ground","Cathemeral"
"Otomys laminatus","145",,,,,,,,"0","0","0","0","0","0","10","0","10","80","3","Other plant","Herbivore","Ground","Cathemeral"
"Otomys maximus","192",,,,,,,,"0","0","0","0","0","0","10","0","10","80","3","Other plant","Herbivore","Ground","Nocturnal"
"Otomys occidentalis","115.77",,,,,,,,"0","0","0","0","0","0","10","0","10","80","3","Other plant","Herbivore","Ground","Cathemeral"
"Otomys orestes","127.2",,,,,,,,"0","0","0","0","0","0","20","0","20","60","3","Other plant","Herbivore","Ground","Cathemeral"
"Otomys saundersiae","103",,,,,,,,"0","0","0","0","0","0","10","0","10","80","3","Other plant","Herbivore","Ground","Cathemeral"
"Otomys tropicalis","108.83",,,,,,,,"0","0","0","0","0","0","10","0","10","80","3","Other plant","Herbivore","Ground","Cathemeral"
"Otomys typus","115.44",,,,,,,,"0","0","0","0","0","0","10","0","10","80","3","Other plant","Herbivore","Ground","Cathemeral"
"Otomys uzungwensis","127.2",,,,,,,,"0","0","0","0","0","0","20","0","20","60","3","Other plant","Herbivore","Ground","Cathemeral"
"Otonycteris hemprichii","23.69","16.3","0.6417",,,,,,"100","0","0","0","0","0","0","0","0","0","1","Invertebrates","Faunivore","Ground","Nocturnal"
"Otonyctomys hatti","36.2",,,,,,,,"20","0","0","0","0","0","10","0","40","30","4","Seed","Herbivore","Ground","Nocturnal"
"Otopteropus cartilagonodus","16.75",,,,,,,,"0","0","0","0","0","0","100","0","0","0","1","Fruit","Herbivore","Arboreal","Nocturnal"
"Ototylomys phyllotis","91.5",,,,,,,,"0","0","0","0","0","0","50","0","0","50","2","Fruit","Herbivore","Ground","Nocturnal"
"Otus senegalensis","61",,,,,,,,,,,,,,,,,,,,,,
"Ourebia ourebi","15933.52",,,,,,,,"0","0","0","0","0","0","0","0","0","100","1","Other plant","Herbivore","Ground","Cathemeral"
"Ovibos moschatus","265750.53","36895.5","0.1945",,,,,,"0","0","0","0","0","0","10","0","0","90","2","Other plant","Herbivore","Ground","Diurnal"
"Ovis ammon","117500",,,,,,,,"0","0","0","0","0","0","0","0","0","100","1","Other plant","Herbivore","Ground","Cathemeral"
"Ovis aries","50900","7957.25","0.2204","22.8","149.3275","182","1.58","548","0","0","0","0","0","0","0","0","0","100","1","Other plant","Herbivore","Ground","Cathemeral"
"Ovis canadensis","73235.4722","19658.3333","0.2841",,,,,,"0","0","0","0","0","0","0","0","0","100","1","Other plant","Herbivore","Ground","Cathemeral"
"Ovis dalli","55650.62",,,,,,,,"0","0","0","0","0","0","0","0","0","100","1","Other plant","Herbivore","Ground","Cathemeral"
"Ovis nivicola","90000",,,,,,,,"0","0","0","0","0","0","0","0","0","100","1","Other plant","Herbivore","Ground","Cathemeral"
"Oxymycterus akodontius","68",,,,,,,,"90","0","0","0","0","0","0","0","0","10","2","Invertebrates","Faunivore","Ground","Diurnal"
"Oxymycterus amazonicus","60.57",,,,,,,,"90","0","0","0","0","0","0","0","0","10","2","Invertebrates","Faunivore","Ground","Diurnal"
"Oxymycterus angularis","68",,,,,,,,"90","0","0","0","0","0","0","0","0","10","2","Invertebrates","Faunivore","Ground","Diurnal"
"Oxymycterus caparoae","60.57",,,,,,,,"90","0","0","0","0","0","0","0","0","10","2","Invertebrates","Faunivore","Ground","Diurnal"
"Oxymycterus dasytrichus","60.57",,,,,,,,"90","0","0","0","0","0","0","0","0","10","2","Invertebrates","Faunivore","Ground","Diurnal"
"Oxymycterus delator","81.5",,,,,,,,"90","0","0","0","0","0","0","0","0","10","2","Invertebrates","Faunivore","Ground","Diurnal"
"Oxymycterus hiska","68",,,,,,,,"90","0","0","0","0","0","0","0","0","10","2","Invertebrates","Faunivore","Ground","Diurnal"
"Oxymycterus hispidus","36.75",,,,,,,,"90","0","0","0","0","0","0","0","0","10","2","Invertebrates","Faunivore","Ground","Diurnal"
"Oxymycterus hucucha","68",,,,,,,,"90","0","0","0","0","0","0","0","0","10","2","Invertebrates","Faunivore","Ground","Diurnal"
"Oxymycterus inca","35",,,,,,,,"90","0","0","0","0","0","0","0","0","10","2","Invertebrates","Faunivore","Ground","Diurnal"
"Oxymycterus josei","60.57",,,,,,,,"90","0","0","0","0","0","0","0","0","10","2","Invertebrates","Faunivore","Ground","Diurnal"
"Oxymycterus nasutus","68",,,,,,,,"90","0","0","0","0","0","0","0","0","10","2","Invertebrates","Faunivore","Ground","Diurnal"
"Oxymycterus paramensis","42",,,,,,,,"90","0","0","0","0","0","0","0","0","10","2","Invertebrates","Faunivore","Ground","Diurnal"
"Oxymycterus quaestor","60.57",,,,,,,,"90","0","0","0","0","0","0","0","0","10","2","Invertebrates","Faunivore","Ground","Diurnal"
"Oxymycterus roberti","83.45","91.02","1.0901",,,,,,"90","0","0","0","0","0","0","0","0","10","2","Invertebrates","Faunivore","Ground","Diurnal"
"Oxymycterus rufus","75.4",,,,,,,,"90","0","0","0","0","0","0","0","0","10","2","Invertebrates","Faunivore","Ground","Diurnal"
"Ozotoceros bezoarticus","40000",,,,,,,,"0","0","0","0","0","0","0","0","0","100","1","Other plant","Herbivore","Ground","Cathemeral"
"P. cynoceph","21900",,,,,,,,,,,,,,,,,,,,,,
"Pachyuromys duprasi","47.5",,,,,,,,"100","0","0","0","0","0","0","0","0","0","1","Invertebrates","Faunivore","Ground","Nocturnal"
"Pagophilus groenlandicus","135741.6667","29988.6667","0.2134",,,,,,"40","0","0","60","0","0","0","0","0","0","2","Fish","Faunivore","Marine","Diurnal"
"Paguma larvata","4550",,,,,,,,"20","60","0","0","0","0","20","0","0","0","3","Endotherm vertebrates","Faunivore","Ground","Nocturnal"
"Pagurus bernhardus","2.81",,,,,,,,,,,,,,,,,,,,,,
"Palawanomys furvus","73.91",,,,,,,,"10","0","0","0","0","0","10","0","20","60","4","Other plant","Herbivore","Ground","Nocturnal"
"Pan paniscus","45400",,,,,,,,"10","0","0","0","0","0","60","0","10","20","4","Fruit","Herbivore","Scansorial","Diurnal"
"Pan troglodytes","43853.4","9298.9175","0.263","59.4","232","1558.1667","1","3376","10","0","0","0","0","0","60","0","0","30","3","Fruit","Herbivore","Scansorial","Diurnal"
"Panterpe insignis","5",,,,,,,,,,,,,,,,,,,,,,
"Panthera leo","30000","22187.3","0.1712","27","108.5","216","2.75","1095","0","90","0","0","0","10","0","0","0","0","2","Endotherm vertebrates","Faunivore","Ground","Nocturnal"
"Panthera leo × tigris","4e+05",,,,,,,,,,,,,,,,,,,,,,
"Panthera onca","84250","12834","0.186",,,,,,"0","80","10","10","0","0","0","0","0","0","3","Endotherm vertebrates","Faunivore","Ground","Cathemeral"
"Panthera pardus","46346.0733",,,,,,,,"0","100","0","0","0","0","0","0","0","0","1","Endotherm vertebrates","Faunivore","Ground","Nocturnal"
"Panthera pardus orientalis","52400",,,,,,,,,,,,,,,,,,,,,,
"Panthera tigris","160759.4667","23994.6","0.174",,,,,,"0","100","0","0","0","0","0","0","0","0","1","Endotherm vertebrates","Faunivore","Ground","Cathemeral"
"Panthera tigris altaica","161000",,,,,,,,,,,,,,,,,,,,,,
"Pantholops hodgsonii","27500",,,,,,,,"0","0","0","0","0","0","0","0","0","100","1","Other plant","Herbivore","Ground","Diurnal"
"Papagomys armandvillei","73.8",,,,,,,,"20","0","0","0","0","0","30","0","0","50","3","Other plant","Herbivore","Ground","Nocturnal"
"Papagomys theodorverhoeveni","71.33",,,,,,,,"20","0","0","0","0","0","30","0","0","50","3","Other plant","Herbivore","Ground","Nocturnal"
"Papilio demoleus demoleus","0.3",,,,,,,,,,,,,,,,,,,,,,
"Papilio polytes polytes","0.3",,,,,,,,,,,,,,,,,,,,,,
"Papilio xuthus koxingus","0.3",,,,,,,,,,,,,,,,,,,,,,
"Papio anubis","25000","3258.1183","0.3051",,,,,,"10","40","0","0","0","0","20","0","0","30","4","Endotherm vertebrates","Omnivore","Ground","Diurnal"
"Papio cynocephalus","13952.4056","6867","0.479",,,,,,"10","0","0","0","10","0","20","0","0","60","4","Other plant","Herbivore","Ground","Diurnal"
"Papio cynocephalus anubis","20375",,,,,,,,,,,,,,,,,,,,,,
"Papio hamadryas","16900",,,"37.5","171","307.5","1","1514","10","0","0","0","10","0","0","0","0","80","3","Other plant","Herbivore","Ground","Diurnal"
"Papio papio","25000","2622","0.4207",,,,,,"10","0","0","0","20","0","20","0","10","40","5","Other plant","Herbivore","Ground","Diurnal"
"Papio ursinus","18354.86","5066.5","0.3045",,,,,,"20","0","0","0","10","0","40","0","20","10","5","Fruit","Herbivore","Ground","Diurnal"
"Pappogeomys alcorni","150",,,,,,,,"0","0","0","0","0","0","0","0","0","100","1","Other plant","Herbivore","Ground","Nocturnal"
"Pappogeomys bulleri","150",,,,,,,,"0","0","0","0","0","0","0","0","0","100","1","Other plant","Herbivore","Ground","Nocturnal"
"Parabuteo unicinctus","939.63",,,,,,,,,,,,,,,,,,,,,,
"Paracoelops megalotis","5.67",,,,,,,,"100","0","0","0","0","0","0","0","0","0","1","Invertebrates","Faunivore","Scansorial","Nocturnal"
"Paracrocidura graueri","11.68",,,,,,,,"70","0","10","0","0","20","0","0","0","0","3","Invertebrates","Faunivore","Ground","Nocturnal"
"Paracrocidura maxima","11.68",,,,,,,,"70","0","10","0","0","20","0","0","0","0","3","Invertebrates","Faunivore","Ground","Nocturnal"
"Paracrocidura schoutedeni","13",,,,,,,,"70","0","10","0","0","20","0","0","0","0","3","Invertebrates","Faunivore","Ground","Nocturnal"
"Paracynictis selousi","1669.995",,,,,,,,"60","10","30","0","0","0","0","0","0","0","3","Invertebrates","Faunivore","Ground","Cathemeral"
"Paradipus ctenodactylus","109.01",,,,,,,,"0","0","0","0","0","0","20","0","20","60","3","Other plant","Herbivore","Ground","Nocturnal"
"Paradoxurus hermaphroditus","3072.54","760","0.2405",,,,,,"20","0","0","0","40","0","20","0","20","0","4","Vertebrates (unknown)","Omnivore","Arboreal","Nocturnal"
"Paradoxurus jerdoni","2780.75",,,,,,,,"20","0","0","0","40","0","20","0","20","0","4","Vertebrates (unknown)","Omnivore","Arboreal","Nocturnal"
"Paradoxurus zeylonensis","2750.375",,,,,,,,"20","0","0","0","40","0","20","0","20","0","4","Vertebrates (unknown)","Omnivore","Arboreal","Nocturnal"
"Paraechinus","500",,,,,,,,,,,,,,,,,,,,,,
"Paraechinus aethiopicus","402.7","113.3","0.2501",,,,,,"30","0","0","0","30","20","10","0","10","0","5","Invertebrates","Faunivore","Ground","Nocturnal"
"Paraechinus hypomelas","381.5",,,,,,,,"30","0","0","0","30","20","10","0","10","0","5","Invertebrates","Faunivore","Ground","Nocturnal"
"Paraechinus micropus","171",,,,,,,,"30","0","0","0","30","20","10","0","10","0","5","Invertebrates","Faunivore","Ground","Nocturnal"
"Paraechinus nudiventris","234.14",,,,,,,,"30","0","0","0","30","20","10","0","10","0","5","Invertebrates","Faunivore","Ground","Nocturnal"
"Parahydromys asper","540",,,,,,,,"100","0","0","0","0","0","0","0","0","0","1","Invertebrates","Faunivore","Ground","Nocturnal"
"Paralabrax nebulifer","6000",,,,,,,,,,,,,,,,,,,,,,
"Paraleptomys rufilatus","55",,,,,,,,"10","0","0","0","0","0","10","0","20","60","4","Other plant","Herbivore","Ground","Cathemeral"
"Paraleptomys wilhelmina","33",,,,,,,,"10","0","0","0","0","0","10","0","20","60","4","Other plant","Herbivore","Ground","Cathemeral"
"Paralichthys dentatus","943.99",,,,,,,,,,,,,,,,,,,,,,
"Paralomys gerbillus","17.4",,,,,,,,"0","0","0","0","0","0","0","0","40","60","2","Other plant","Herbivore","Ground","Nocturnal"
"Paramelomys gressitti","84.49",,,,,,,,"0","0","0","0","0","0","60","0","0","40","2","Fruit","Herbivore","Ground","Nocturnal"
"Paramelomys levipes","83.105",,,,,,,,"0","0","0","0","0","0","60","0","0","40","2","Fruit","Herbivore","Ground","Nocturnal"
"Paramelomys lorentzii","150",,,,,,,,"0","0","0","0","0","0","60","0","0","40","2","Fruit","Herbivore","Ground","Nocturnal"
"Paramelomys mollis","90.05",,,,,,,,"0","0","0","0","0","0","60","0","0","40","2","Fruit","Herbivore","Ground","Nocturnal"
"Paramelomys moncktoni","80.56",,,,,,,,"0","0","0","0","0","0","60","0","0","40","2","Fruit","Herbivore","Ground","Nocturnal"
"Paramelomys naso","84.49",,,,,,,,"0","0","0","0","0","0","60","0","0","40","2","Fruit","Herbivore","Ground","Nocturnal"
"Paramelomys platyops","85.6",,,,,,,,"0","0","0","0","0","0","60","0","0","40","2","Fruit","Herbivore","Ground","Nocturnal"
"Paramelomys rubex","48.43",,,,,,,,"0","0","0","0","0","0","60","0","0","40","2","Fruit","Herbivore","Ground","Nocturnal"
"Paramelomys steini","84.49",,,,,,,,"0","0","0","0","0","0","60","0","0","40","2","Fruit","Herbivore","Ground","Nocturnal"
"Paramurexia rothschildi","57.885",,,,,,,,"60","20","20","0","0","0","0","0","0","0","3","Invertebrates","Faunivore","Ground","Cathemeral"
"Parantechinus apicalis","68.875",,,,,,,,"70","0","0","0","0","0","0","30","0","0","2","Invertebrates","Faunivore","Arboreal","Cathemeral"
"Paranyctimene raptor","24.2867","26.95","1.2092",,,,,,"0","0","0","0","0","0","100","0","0","0","1","Fruit","Herbivore","Arboreal","Nocturnal"
"Paranyctimene tenax","24.31",,,,,,,,"0","0","0","0","0","0","100","0","0","0","1","Fruit","Herbivore","Arboreal","Nocturnal"
"Parascalops breweri","50.4333","130.8","2.2708",,,,,,"100","0","0","0","0","0","0","0","0","0","1","Invertebrates","Faunivore","Ground","Cathemeral"
"Parascaptor leucura","45.6",,,,,,,,"100","0","0","0","0","0","0","0","0","0","1","Invertebrates","Faunivore","Ground","Cathemeral"
"Paraxerus alexandri","52",,,,,,,,"0","0","0","0","0","0","40","0","40","20","3","Fruit","Herbivore","Scansorial","Diurnal"
"Paraxerus boehmi","70",,,,,,,,"0","0","0","0","0","0","40","0","40","20","3","Fruit","Herbivore","Scansorial","Diurnal"
"Paraxerus cepapi","206.5333","145.4","0.6503",,,,,,"0","0","0","0","0","0","40","0","40","20","3","Fruit","Herbivore","Scansorial","Diurnal"
"Paraxerus cooperi","250",,,,,,,,"0","0","0","0","0","0","40","0","40","20","3","Fruit","Herbivore","Scansorial","Diurnal"
"Paraxerus flavovittis","160",,,,,,,,"0","0","0","0","0","0","40","0","40","20","3","Fruit","Herbivore","Scansorial","Diurnal"
"Paraxerus lucifer","700",,,,,,,,"0","0","0","0","0","0","40","0","40","20","3","Fruit","Herbivore","Scansorial","Diurnal"
"Paraxerus ochraceus","104.3",,,,,,,,"0","0","0","0","0","0","40","0","40","20","3","Fruit","Herbivore","Scansorial","Diurnal"
"Paraxerus palliatus","297.805","221.55","0.7949",,,,,,"0","0","0","0","0","0","40","0","40","20","3","Fruit","Herbivore","Scansorial","Diurnal"
"Paraxerus poensis","110.75","127.5","1.3144",,,,,,"0","0","0","0","0","0","40","0","40","20","3","Fruit","Herbivore","Scansorial","Diurnal"
"Paraxerus vexillarius","675",,,,,,,,"0","0","0","0","0","0","40","0","40","20","3","Fruit","Herbivore","Scansorial","Diurnal"
"Paraxerus vincenti","190.19",,,,,,,,"0","0","0","0","0","0","40","0","40","20","3","Fruit","Herbivore","Scansorial","Diurnal"
"Pardofelis marmorata","2854.25",,,,,,,,"0","100","0","0","0","0","0","0","0","0","1","Endotherm vertebrates","Faunivore","Scansorial","Nocturnal"
"Pareronia ceylanica","0.1",,,,,,,,,,,,,,,,,,,,,,
"Parotomys brantsii","108","83.9","0.9699",,,,,,"0","0","0","0","0","0","0","0","30","70","2","Other plant","Herbivore","Ground","Diurnal"
"Parotomys littledalei","127",,,,,,,,"0","0","0","0","0","0","0","0","30","70","2","Other plant","Herbivore","Ground","Diurnal"
"Paruromys dominator","325.31",,,,,,,,"0","0","0","0","0","0","100","0","0","0","1","Fruit","Herbivore","Ground","Nocturnal"
"Parus caeruleus","11.2",,,,,,,,,,,,,,,,,,,,,,
"Parus major","17.12",,,,,,,,,,,,,,,,,,,,,,
"Pasiphaea multidentata","3.87",,,,,,,,,,,,,,,,,,,,,,
"Passer domesticus","27.35",,,,,,,,,,,,,,,,,,,,,,
"Patas monkey",,,,,,"216",,,,,,,,,,,,,,,,,
"Paulamys naso","122",,,,,,,,"50","0","0","0","0","0","0","0","0","50","2","Invertebrates","Omnivore","Ground","Nocturnal"
"Pearsonomys annectens","38.74",,,,,,,,"20","0","0","0","0","0","10","0","40","30","4","Seed","Herbivore","Ground","Nocturnal"
"Pecari tajacu","20227.345","5858","0.29",,,,,,"10","0","20","0","0","0","10","0","0","60","4","Other plant","Herbivore","Ground","Nocturnal"
"Pectinator spekei","170",,,,,,,,"0","0","0","0","0","0","0","0","0","100","1","Other plant","Herbivore","Ground","Diurnal"
"Pedetes capensis","3000","997.25","0.387",,,,,,"0","0","0","0","0","0","0","0","10","90","2","Other plant","Herbivore","Ground","Nocturnal"
"Pedetes surdaster","3155",,,,,,,,"0","0","0","0","0","0","0","0","10","90","2","Other plant","Herbivore","Ground","Nocturnal"
"Pelea capreolus","22000",,,,,,,,"0","0","0","0","0","0","0","0","0","100","1","Other plant","Herbivore","Ground","Diurnal"
"Pelomys campanae","77.01",,,,,,,,"0","0","0","0","0","0","0","0","0","100","1","Other plant","Herbivore","Ground","Cathemeral"
"Pelomys fallax","130",,,,,,,,"0","0","0","0","0","0","0","0","0","100","1","Other plant","Herbivore","Ground","Cathemeral"
"Pelomys hopkinsi","76.94",,,,,,,,"0","0","0","0","0","0","0","0","0","100","1","Other plant","Herbivore","Ground","Cathemeral"
"Pelomys isseli","60",,,,,,,,"0","0","0","0","0","0","0","0","0","100","1","Other plant","Herbivore","Ground","Cathemeral"
"Pelomys minor","50",,,,,,,,"0","0","0","0","0","0","0","0","0","100","1","Other plant","Herbivore","Ground","Cathemeral"
"Pentalagus furnessi","2396.25",,,,,,,,"0","0","0","0","0","0","0","0","50","50","2","Seed","Herbivore","Ground","Nocturnal"
"Penthetor lucasi","36.585",,,,,,,,"0","0","0","0","0","0","100","0","0","0","1","Fruit","Herbivore","Arboreal","Nocturnal"
"Penthetor lucasi (PTN)","35",,,,,,,,,,,,,,,,,,,,,,
"Peponocephala electra","206000",,,,,,,,"40","0","0","60","0","0","0","0","0","0","2","Fish","Faunivore","Marine","Cathemeral"
"Perameles bougainville","235.6667","161","0.6314",,,,,,"70","10","10","0","0","0","0","0","0","10","4","Invertebrates","Faunivore","Ground","Nocturnal"
"Perameles eremiana","500",,,,,,,,"70","10","10","0","0","0","0","0","0","10","4","Invertebrates","Faunivore","Ground","Nocturnal"
"Perameles gunnii","818.4222","442.9667","0.531",,,,,,"70","10","10","0","0","0","0","0","0","10","4","Invertebrates","Faunivore","Ground","Nocturnal"
"Perameles nasuta","866.8333","319.05","0.4797",,,,,,"70","10","10","0","0","0","0","0","0","10","4","Invertebrates","Faunivore","Ground","Nocturnal"
"Perca flavescens","99.78",,,,,,,,,,,,,,,,,,,,,,
"Periplaneta americana","1.17",,,,,,,,,,,,,,,,,,,,,,
"Perodicticus potto","1150","402.8821","0.4237","26","189.5","146.125","1","547","10","0","0","0","0","0","80","10","0","0","3","Fruit","Herbivore","Arboreal","Nocturnal"
"Perognathus alticolus","23.99",,,,,,,,"10","0","0","0","0","0","0","0","80","10","3","Seed","Herbivore","Ground","Nocturnal"
"Perognathus amplus","11.7",,,,,,,,"10","0","0","0","0","0","0","0","80","10","3","Seed","Herbivore","Ground","Nocturnal"
"Perognathus californicus","21",,,,,,,,,,,,,,,,,,,,,,
"Perognathus fasciatus","40",,,,,,,,"10","0","0","0","0","0","0","0","80","10","3","Seed","Herbivore","Ground","Nocturnal"
"Perognathus flavescens","8.8",,,,,,,,"10","0","0","0","0","0","0","0","80","10","3","Seed","Herbivore","Ground","Nocturnal"
"Perognathus flavus","8.1433","17.3","2.0843",,,,,,"10","0","0","0","0","0","0","0","80","10","3","Seed","Herbivore","Ground","Nocturnal"
"Perognathus inornatus","10.88",,,,,,,,"10","0","0","0","0","0","0","0","80","10","3","Seed","Herbivore","Ground","Nocturnal"
"Perognathus longimembris","8","11.19","1.2488",,,,,,"10","0","0","0","0","0","0","0","80","10","3","Seed","Herbivore","Ground","Nocturnal"
"Perognathus merriami","6.85",,,,,,,,"10","0","0","0","0","0","0","0","80","10","3","Seed","Herbivore","Ground","Nocturnal"
"Perognathus parvus","24","28.8","1.5",,,,,,"10","0","0","0","0","0","0","0","80","10","3","Seed","Herbivore","Ground","Nocturnal"
"Peromyscus attwateri","27.9",,,,,,,,"50","0","0","0","0","10","20","0","20","0","4","Invertebrates","Omnivore","Ground","Nocturnal"
"Peromyscus aztecus","39.865",,,,,,,,"50","0","0","0","0","10","20","0","20","0","4","Invertebrates","Omnivore","Ground","Nocturnal"
"Peromyscus beatae","33",,,,,,,,"50","0","0","0","0","10","20","0","20","0","4","Invertebrates","Omnivore","Ground","Nocturnal"
"Peromyscus boylii","33","54.29","2.3401",,,,,,"50","0","0","0","0","10","20","0","20","0","4","Invertebrates","Omnivore","Ground","Nocturnal"
"Peromyscus bullatus","40",,,,,,,,"50","0","0","0","0","10","20","0","20","0","4","Invertebrates","Omnivore","Ground","Nocturnal"
"Peromyscus californicus","43.6908","52.72","1.204",,,,,,"50","0","0","0","0","10","20","0","20","0","4","Invertebrates","Omnivore","Ground","Nocturnal"
"Peromyscus caniceps","33.16",,,,,,,,"50","0","0","0","0","10","20","0","20","0","4","Invertebrates","Omnivore","Ground","Nocturnal"
"Peromyscus crinitus","20","23.8375","1.327",,,,,,"50","0","0","0","0","10","20","0","20","0","4","Invertebrates","Omnivore","Ground","Nocturnal"
"Peromyscus dickeyi","28.6",,,,,,,,"50","0","0","0","0","10","20","0","20","0","4","Invertebrates","Omnivore","Ground","Nocturnal"
"Peromyscus difficilis","28",,,,,,,,"50","0","0","0","0","10","20","0","20","0","4","Invertebrates","Omnivore","Ground","Nocturnal"
"Peromyscus eremicus","17","30.87","1.4769",,,,,,"50","0","0","0","0","10","20","0","20","0","4","Invertebrates","Omnivore","Ground","Nocturnal"
"Peromyscus eva","22",,,,,,,,"50","0","0","0","0","10","20","0","20","0","4","Invertebrates","Omnivore","Ground","Nocturnal"
"Peromyscus fraterculus","33",,,,,,,,"50","0","0","0","0","10","20","0","20","0","4","Invertebrates","Omnivore","Ground","Nocturnal"
"Peromyscus furvus","33",,,,,,,,"50","0","0","0","0","10","20","0","20","0","4","Invertebrates","Omnivore","Ground","Nocturnal"
"Peromyscus gossypinus","22","36.98","1.72",,,,,,"50","0","0","0","0","10","20","0","20","0","4","Invertebrates","Omnivore","Ground","Nocturnal"
"Peromyscus grandis","74.16",,,,,,,,"50","0","0","0","0","10","20","0","20","0","4","Invertebrates","Omnivore","Ground","Nocturnal"
"Peromyscus gratus","27.35",,,,,,,,"50","0","0","0","0","10","20","0","20","0","4","Invertebrates","Omnivore","Ground","Nocturnal"
"Peromyscus guardia","32.13",,,,,,,,"50","0","0","0","0","10","20","0","20","0","4","Invertebrates","Omnivore","Ground","Nocturnal"
"Peromyscus guatemalensis","46.415",,,,,,,,"50","0","0","0","0","10","20","0","20","0","4","Invertebrates","Omnivore","Ground","Nocturnal"
"Peromyscus gymnotis","40",,,,,,,,"50","0","0","0","0","10","20","0","20","0","4","Invertebrates","Omnivore","Ground","Nocturnal"
"Peromyscus hooperi","36",,,,,,,,"50","0","0","0","0","10","20","0","20","0","4","Invertebrates","Omnivore","Ground","Nocturnal"
"Peromyscus hylocetes","33",,,,,,,,"50","0","0","0","0","10","20","0","20","0","4","Invertebrates","Omnivore","Ground","Nocturnal"
"Peromyscus interparietalis","28",,,,,,,,"50","0","0","0","0","10","20","0","20","0","4","Invertebrates","Omnivore","Ground","Nocturnal"
"Peromyscus keeni","27.35","45.12","1.71",,,,,,"50","0","0","0","0","10","20","0","20","0","4","Invertebrates","Omnivore","Ground","Nocturnal"
"Peromyscus leucopus","20","45.9015","2.0485",,,,,,"50","0","0","0","0","10","20","0","20","0","4","Invertebrates","Omnivore","Ground","Nocturnal"
"Peromyscus levipes","23",,,,,,,,"50","0","0","0","0","10","20","0","20","0","4","Invertebrates","Omnivore","Ground","Nocturnal"
"Peromyscus madrensis","32.2",,,,,,,,"50","0","0","0","0","10","20","0","20","0","4","Invertebrates","Omnivore","Ground","Nocturnal"
"Peromyscus maniculatus","20.1","39.0225","2.0226",,,,,,"50","0","0","0","0","10","20","0","20","0","4","Invertebrates","Omnivore","Ground","Nocturnal"
"Peromyscus mayensis","32",,,,,,,,"50","0","0","0","0","10","20","0","20","0","4","Invertebrates","Omnivore","Ground","Nocturnal"
"Peromyscus megalops","66.2","90.64","1.3692",,,,,,"50","0","0","0","0","10","20","0","20","0","4","Invertebrates","Omnivore","Ground","Nocturnal"
"Peromyscus mekisturus","60",,,,,,,,"50","0","0","0","0","10","20","0","20","0","4","Invertebrates","Omnivore","Ground","Nocturnal"
"Peromyscus melanocarpus","58.9",,,,,,,,"50","0","0","0","0","10","20","0","20","0","4","Invertebrates","Omnivore","Ground","Nocturnal"
"Peromyscus melanophrys","42.5",,,,,,,,"50","0","0","0","0","10","20","0","20","0","4","Invertebrates","Omnivore","Ground","Nocturnal"
"Peromyscus melanotis","39.6",,,,,,,,"50","0","0","0","0","10","20","0","20","0","4","Invertebrates","Omnivore","Ground","Nocturnal"
"Peromyscus melanurus","40",,,,,,,,"50","0","0","0","0","10","20","0","20","0","4","Invertebrates","Omnivore","Ground","Nocturnal"
"Peromyscus merriami","30.36",,,,,,,,"50","0","0","0","0","10","20","0","20","0","4","Invertebrates","Omnivore","Ground","Nocturnal"
"Peromyscus mexicanus","39.575",,,,,,,,"50","0","0","0","0","10","20","0","20","0","4","Invertebrates","Omnivore","Ground","Nocturnal"
"Peromyscus nasutus","28",,,,,,,,"50","0","0","0","0","10","20","0","20","0","4","Invertebrates","Omnivore","Ground","Nocturnal"
"Peromyscus ochraventer","40",,,,,,,,"50","0","0","0","0","10","20","0","20","0","4","Invertebrates","Omnivore","Ground","Nocturnal"
"Peromyscus pectoralis","39",,,,,,,,"50","0","0","0","0","10","20","0","20","0","4","Invertebrates","Omnivore","Ground","Nocturnal"
"Peromyscus pembertoni","33",,,,,,,,"50","0","0","0","0","10","20","0","20","0","4","Invertebrates","Omnivore","Ground","Nocturnal"
"Peromyscus perfulvus","40",,,,,,,,"50","0","0","0","0","10","20","0","20","0","4","Invertebrates","Omnivore","Ground","Nocturnal"
"Peromyscus polionotus","13.49","35.7333","2.4334",,,,,,"50","0","0","0","0","10","20","0","20","0","4","Invertebrates","Omnivore","Ground","Nocturnal"
"Peromyscus polius","40",,,,,,,,"50","0","0","0","0","10","20","0","20","0","4","Invertebrates","Omnivore","Ground","Nocturnal"
"Peromyscus pseudocrinitus","33.03",,,,,,,,"50","0","0","0","0","10","20","0","20","0","4","Invertebrates","Omnivore","Ground","Nocturnal"
"Peromyscus sagax","33",,,,,,,,"50","0","0","0","0","10","20","0","20","0","4","Invertebrates","Omnivore","Ground","Nocturnal"
"Peromyscus sejugis","21.5",,,,,,,,"50","0","0","0","0","10","20","0","20","0","4","Invertebrates","Omnivore","Ground","Nocturnal"
"Peromyscus simulus","40",,,,,,,,"50","0","0","0","0","10","20","0","20","0","4","Invertebrates","Omnivore","Ground","Nocturnal"
"Peromyscus slevini","32.87",,,,,,,,"50","0","0","0","0","10","20","0","20","0","4","Invertebrates","Omnivore","Ground","Nocturnal"
"Peromyscus spicilegus","36",,,,,,,,"50","0","0","0","0","10","20","0","20","0","4","Invertebrates","Omnivore","Ground","Nocturnal"
"Peromyscus stephani","32.17",,,,,,,,"50","0","0","0","0","10","20","0","20","0","4","Invertebrates","Omnivore","Ground","Nocturnal"
"Peromyscus stirtoni","29.2",,,,,,,,"50","0","0","0","0","10","20","0","20","0","4","Invertebrates","Omnivore","Ground","Nocturnal"
"Peromyscus truei","29.3167","56.7","1.705",,,,,,"50","0","0","0","0","10","20","0","20","0","4","Invertebrates","Omnivore","Ground","Nocturnal"
"Peromyscus winkelmanni","53.75",,,,,,,,"50","0","0","0","0","10","20","0","20","0","4","Invertebrates","Omnivore","Ground","Nocturnal"
"Peromyscus yucatanicus","26.3",,,,,,,,"50","0","0","0","0","10","20","0","20","0","4","Invertebrates","Omnivore","Ground","Nocturnal"
"Peromyscus zarhynchus","40",,,,,,,,"50","0","0","0","0","10","20","0","20","0","4","Invertebrates","Omnivore","Ground","Nocturnal"
"Peropteryx kappleri","9.42",,,,,,,,"100","0","0","0","0","0","0","0","0","0","1","Invertebrates","Faunivore","Aerial","Nocturnal"
"Peropteryx leucoptera","6",,,,,,,,"100","0","0","0","0","0","0","0","0","0","1","Invertebrates","Faunivore","Aerial","Nocturnal"
"Peropteryx macrotis","5.3067","11.78","2.3098",,,,,,"100","0","0","0","0","0","0","0","0","0","1","Invertebrates","Faunivore","Aerial","Nocturnal"
"Peropteryx trinitatis","4.595",,,,,,,,"100","0","0","0","0","0","0","0","0","0","1","Invertebrates","Faunivore","Aerial","Nocturnal"
"Peroryctes broadbenti","4800",,,,,,,,"60","0","0","0","0","0","40","0","0","0","2","Invertebrates","Omnivore","Ground","Nocturnal"
"Peroryctes raffrayana","834.25",,,,,,,,"60","0","0","0","0","0","40","0","0","0","2","Invertebrates","Omnivore","Ground","Nocturnal"
"Petaurillus emiliae","13.5",,,,,,,,"20","0","20","0","0","0","0","0","20","40","4","Other plant","Omnivore","Arboreal","Nocturnal"
"Petaurillus hosei","21.1",,,,,,,,"20","0","20","0","0","0","0","0","20","40","4","Other plant","Omnivore","Arboreal","Nocturnal"
"Petaurillus kinlochii","40",,,,,,,,"20","0","20","0","0","0","0","0","20","40","4","Other plant","Omnivore","Arboreal","Nocturnal"
"Petaurista alborufus","4290",,,,,,,,"10","0","0","0","0","0","30","0","30","30","4","Fruit","Herbivore","Arboreal","Nocturnal"
"Petaurista elegans","960.5",,,,,,,,"10","0","0","0","0","0","30","0","30","30","4","Fruit","Herbivore","Arboreal","Nocturnal"
"Petaurista leucogenys","1150",,,,,,,,"10","0","0","0","0","0","30","0","30","30","4","Fruit","Herbivore","Arboreal","Nocturnal"
"Petaurista magnificus","1475.5",,,,,,,,"10","0","0","0","0","0","30","0","30","30","4","Fruit","Herbivore","Arboreal","Nocturnal"
"Petaurista nobilis","2710",,,,,,,,"10","0","0","0","0","0","30","0","30","30","4","Fruit","Herbivore","Arboreal","Nocturnal"
"Petaurista petaurista","1735.815",,,,,,,,"10","0","0","0","0","0","30","0","30","30","4","Fruit","Herbivore","Arboreal","Nocturnal"
"Petaurista philippensis","1676",,,,,,,,"10","0","0","0","0","0","30","0","30","30","4","Fruit","Herbivore","Arboreal","Nocturnal"
"Petaurista xanthotis","1900",,,,,,,,"10","0","0","0","0","0","30","0","30","30","4","Fruit","Herbivore","Arboreal","Nocturnal"
"Petauroides volans","1356.8333","498.25","0.4634",,,,,,"0","0","0","0","0","0","0","0","0","100","1","Other plant","Herbivore","Arboreal","Nocturnal"
"Petaurus abidi","281",,,,,,,,"40","0","0","0","10","0","0","30","20","0","4","Invertebrates","Omnivore","Arboreal","Nocturnal"
"Petaurus australis","565",,,,,,,,"40","0","0","0","10","0","0","30","20","0","4","Invertebrates","Omnivore","Arboreal","Nocturnal"
"Petaurus biacensis","87.74",,,,,,,,"40","0","0","0","10","0","0","30","20","0","4","Invertebrates","Omnivore","Arboreal","Nocturnal"
"Petaurus breviceps","128.5","80.7775","0.6372",,,,,,"40","0","0","0","10","0","0","30","20","0","4","Invertebrates","Omnivore","Arboreal","Nocturnal"
"Petaurus gracilis","353",,,,,,,,"40","0","0","0","10","0","0","30","20","0","4","Invertebrates","Omnivore","Arboreal","Nocturnal"
"Petaurus norfolcensis","230",,,,,,,,"40","0","0","0","10","0","0","30","20","0","4","Invertebrates","Omnivore","Arboreal","Nocturnal"
"Petinomys crinitus","113",,,,,,,,"0","0","0","0","0","0","30","0","30","40","3","Other plant","Herbivore","Arboreal","Nocturnal"
"Petinomys fuscocapillus","794.5",,,,,,,,"0","0","0","0","0","0","30","0","30","40","3","Other plant","Herbivore","Arboreal","Nocturnal"
"Petinomys genibarbis","110",,,,,,,,"0","0","0","0","0","0","30","0","30","40","3","Other plant","Herbivore","Arboreal","Nocturnal"
"Petinomys hageni","388",,,,,,,,"0","0","0","0","0","0","30","0","30","40","3","Other plant","Herbivore","Arboreal","Nocturnal"
"Petinomys lugens","433",,,,,,,,"0","0","0","0","0","0","30","0","30","40","3","Other plant","Herbivore","Arboreal","Nocturnal"
"Petinomys mindanensis","137.64",,,,,,,,"0","0","0","0","0","0","30","0","30","40","3","Other plant","Herbivore","Arboreal","Nocturnal"
"Petinomys sagitta","50",,,,,,,,"0","0","0","0","0","0","30","0","30","40","3","Other plant","Herbivore","Arboreal","Nocturnal"
"Petinomys setosus","38.44",,,,,,,,"0","0","0","0","0","0","30","0","30","40","3","Other plant","Herbivore","Arboreal","Nocturnal"
"Petinomys vordermanni","40.39",,,,,,,,"0","0","0","0","0","0","30","0","30","40","3","Other plant","Herbivore","Arboreal","Nocturnal"
"Petrodromus tetradactylus","176.0167","153.6","0.7395",,,,,,"100","0","0","0","0","0","0","0","0","0","1","Invertebrates","Faunivore","Ground","Diurnal"
"Petrogale assimilis","4500",,,,,,,,"0","0","0","0","0","0","10","0","0","90","2","Other plant","Herbivore","Ground","Nocturnal"
"Petrogale brachyotis","4050",,,,,,,,"0","0","0","0","0","0","10","0","10","80","3","Other plant","Herbivore","Ground","Nocturnal"
"Petrogale burbidgei","1258",,,,,,,,"0","0","0","0","0","0","0","0","0","100","1","Other plant","Herbivore","Ground","Nocturnal"
"Petrogale coenensis","4123.14",,,,,,,,"0","0","0","0","0","0","10","0","0","90","2","Other plant","Herbivore","Ground","Nocturnal"
"Petrogale concinna","1375",,,,,,,,"0","0","0","0","0","0","0","0","0","100","1","Other plant","Herbivore","Ground","Nocturnal"
"Petrogale godmani","4750",,,,,,,,"0","0","0","0","0","0","0","0","0","100","1","Other plant","Herbivore","Ground","Nocturnal"
"Petrogale herberti","4636.57",,,,,,,,"0","0","0","0","0","0","0","0","0","100","1","Other plant","Herbivore","Ground","Nocturnal"
"Petrogale inornata","4600",,,,,,,,"0","0","0","0","0","0","0","0","0","100","1","Other plant","Herbivore","Ground","Nocturnal"
"Petrogale lateralis","4612.5",,,,,,,,"0","0","0","0","0","0","0","0","0","100","1","Other plant","Herbivore","Ground","Nocturnal"
"Petrogale mareeba","4136.57",,,,,,,,"0","0","0","0","0","0","0","0","0","100","1","Other plant","Herbivore","Ground","Nocturnal"
"Petrogale penicillata","7100",,,,,,,,"0","0","0","0","0","0","20","0","10","70","3","Other plant","Herbivore","Ground","Nocturnal"
"Petrogale persephone","6200",,,,,,,,"0","0","0","0","0","0","0","0","0","100","1","Other plant","Herbivore","Ground","Nocturnal"
"Petrogale purpureicollis","5850",,,,,,,,"0","0","0","0","0","0","10","0","0","90","2","Other plant","Herbivore","Ground","Nocturnal"
"Petrogale rothschildi","3400",,,,,,,,"0","0","0","0","0","0","0","0","0","100","1","Other plant","Herbivore","Ground","Nocturnal"
"Petrogale sharmani","4123.14",,,,,,,,"0","0","0","0","0","0","0","0","0","100","1","Other plant","Herbivore","Ground","Nocturnal"
"Petrogale xanthopus","8000",,,,,,,,"0","0","0","0","0","0","0","0","0","100","1","Other plant","Herbivore","Ground","Nocturnal"
"Petromus typicus","224",,,,,,,,"0","0","0","0","0","0","30","0","30","40","3","Other plant","Herbivore","Ground","Diurnal"
"Petromyscus barbouri","21.49",,,,,,,,"50","0","0","0","0","0","0","0","30","20","3","Invertebrates","Omnivore","Ground","Nocturnal"
"Petromyscus collinus","19","20.61","1.0098",,,,,,"50","0","0","0","0","0","0","0","30","20","3","Invertebrates","Omnivore","Ground","Nocturnal"
"Petromyscus monticularis","20.73",,,,,,,,"50","0","0","0","0","0","0","0","30","20","3","Invertebrates","Omnivore","Ground","Nocturnal"
"Petromyscus shortridgei","46.5",,,,,,,,"50","0","0","0","0","0","0","0","30","20","3","Invertebrates","Omnivore","Ground","Nocturnal"
"Petropseudes dahli","1820",,,,,,,,"0","0","0","0","0","0","30","0","0","70","2","Other plant","Herbivore","Arboreal","Nocturnal"
"Phacochoerus aethiopicus","68160.135",,,,,,,,"0","0","0","0","0","10","10","0","0","80","3","Other plant","Herbivore","Ground","Nocturnal"
"Phacochoerus africanus","74750",,,,,,,,"0","0","0","0","0","10","10","0","0","80","3","Other plant","Herbivore","Ground","Nocturnal"
"Phaenomys ferrugineus","93.8",,,,,,,,"20","0","0","0","0","0","10","0","40","30","4","Seed","Herbivore","Ground","Nocturnal"
"Phaiomys leucurus","41.87",,,,,,,,"0","0","0","0","0","0","0","0","20","80","2","Other plant","Herbivore","Ground","Nocturnal"
"Phalaenoptilus nuttallii","35",,,,,,,,,,,,,,,,,,,,,,
"Phalanger alexandrae","1846.67",,,,,,,,"10","0","0","0","10","0","40","0","0","40","4","Fruit","Herbivore","Arboreal","Nocturnal"
"Phalanger carmelitae","1479.0667","534.9","0.3849",,,,,,"10","0","0","0","10","0","40","0","0","40","4","Fruit","Herbivore","Arboreal","Nocturnal"
"Phalanger gymnotis","2287.7967","518.2","0.331",,,,,,"0","0","0","0","0","0","100","0","0","0","1","Fruit","Herbivore","Arboreal","Nocturnal"
"Phalanger intercastellanus","1617.6333","658.4","0.3939",,,,,,"10","0","0","0","10","0","40","0","0","40","4","Fruit","Herbivore","Arboreal","Nocturnal"
"Phalanger lullulae","1632.5",,,,,,,,"10","0","0","0","10","0","40","0","0","40","4","Fruit","Herbivore","Arboreal","Nocturnal"
"Phalanger maculatus","4250",,,,,,,,,,,,,,,,,,,,,,
"Phalanger matabiru","1846.67",,,,,,,,"10","0","0","0","10","0","40","0","0","40","4","Fruit","Herbivore","Arboreal","Nocturnal"
"Phalanger matanim","1550",,,,,,,,"10","0","0","0","10","0","40","0","0","40","4","Fruit","Herbivore","Arboreal","Nocturnal"
"Phalanger mimicus","1923.335",,,,,,,,"10","0","0","0","10","0","40","0","0","40","4","Fruit","Herbivore","Arboreal","Nocturnal"
"Phalanger orientalis","2283.35","883.4","0.405",,,,,,"10","0","0","0","10","0","40","0","0","40","4","Fruit","Herbivore","Arboreal","Nocturnal"
"Phalanger ornatus","1793.75",,,,,,,,"10","0","0","0","10","0","40","0","0","40","4","Fruit","Herbivore","Arboreal","Nocturnal"
"Phalanger rothschildi","1304.5",,,,,,,,"10","0","0","0","10","0","40","0","0","40","4","Fruit","Herbivore","Arboreal","Nocturnal"
"Phalanger sericeus","1786.4","428.8","0.3169",,,,,,"10","0","0","0","10","0","40","0","0","40","4","Fruit","Herbivore","Arboreal","Nocturnal"
"Phalanger vestitus","1850",,,,,,,,"10","0","0","0","10","0","40","0","0","40","4","Fruit","Herbivore","Arboreal","Nocturnal"
"Phaner electromontis","412.5",,,,,,,,"0","0","0","0","0","0","0","100","0","0","1","Nectar","Herbivore","Arboreal","Nocturnal"
"Phaner furcifer","430",,,,,,,,"0","0","0","0","0","0","0","100","0","0","1","Nectar","Herbivore","Arboreal","Nocturnal"
"Phaner pallescens","356.2",,,,,,,,"0","0","0","0","0","0","0","100","0","0","1","Nectar","Herbivore","Arboreal","Nocturnal"
"Phaner parienti","425",,,,,,,,"0","0","0","0","0","0","0","100","0","0","1","Nectar","Herbivore","Arboreal","Nocturnal"
"Pharotis imogene","8.34",,,,,,,,"100","0","0","0","0","0","0","0","0","0","1","Invertebrates","Faunivore","Scansorial","Nocturnal"
"Phascogale calura","45.9","28.8","0.83",,,,,,"30","40","30","0","0","0","0","0","0","0","3","Endotherm vertebrates","Faunivore","Arboreal","Nocturnal"
"Phascogale tapoatafa","181.4","127.3","0.8098",,,,,,"30","40","30","0","0","0","0","0","0","0","3","Endotherm vertebrates","Faunivore","Arboreal","Nocturnal"
"Phascolarctos cinereus","5767","1053","0.221",,,,,,"0","0","0","0","0","0","0","0","0","100","1","Other plant","Herbivore","Arboreal","Nocturnal"
"Phascolosorex doriae","168.31",,,,,,,,"70","0","0","0","0","0","30","0","0","0","2","Invertebrates","Faunivore","Scansorial","Nocturnal"
"Phascolosorex dorsalis","93",,,,,,,,"70","0","0","0","0","0","30","0","0","0","2","Invertebrates","Faunivore","Scansorial","Nocturnal"
"Phascomurexia naso","50.56",,,,,,,,"90","10","0","0","0","0","0","0","0","0","2","Invertebrates","Faunivore","Ground","Cathemeral"
"Phenacomys intermedius","23.35","67.23","3.127",,,,,,"0","0","0","0","0","0","20","0","20","60","3","Other plant","Herbivore","Ground","Nocturnal"
"Phenacomys ungava","32.5",,,,,,,,"0","0","0","0","0","0","20","0","20","60","3","Other plant","Herbivore","Ground","Nocturnal"
"Philander andersoni","325",,,,,,,,"30","30","20","0","10","0","10","0","0","0","5","Invertebrates","Faunivore","Scansorial","Cathemeral"
"Philander frenatus","395.45",,,,,,,,"30","30","20","0","10","0","10","0","0","0","5","Invertebrates","Faunivore","Scansorial","Cathemeral"
"Philander mcilhennyi","325",,,,,,,,"30","30","20","0","10","0","10","0","0","0","5","Invertebrates","Faunivore","Scansorial","Cathemeral"
"Philander opossum","490.3275","262.4","0.6001",,,,,,"30","30","20","0","10","0","10","0","0","0","5","Invertebrates","Faunivore","Scansorial","Cathemeral"
"Philantomba maxwellii","5957.345",,,,,,,,"0","10","0","0","0","0","30","0","0","60","3","Other plant","Herbivore","Ground","Nocturnal"
"Philantomba monticola","4937.6833","1834.8","0.43",,,,,,"0","0","0","0","10","0","70","0","0","20","3","Fruit","Herbivore","Ground","Nocturnal"
"Philetor brachypterus","10.93",,,,,,,,"100","0","0","0","0","0","0","0","0","0","1","Invertebrates","Faunivore","Aerial","Nocturnal"
"Phloeomys cumingi","1946.33",,,,,,,,"0","0","0","0","0","0","0","0","0","100","1","Other plant","Herbivore","Arboreal","Nocturnal"
"Phloeomys pallidus","1744.14",,,,,,,,"0","0","0","0","0","0","0","0","0","100","1","Other plant","Herbivore","Arboreal","Nocturnal"
"Phoca largha","120750",,,,,,,,"20","0","0","80","0","0","0","0","0","0","2","Fish","Faunivore","Marine","Diurnal"
"Phoca vitulina","86925.4167","26261.7333","0.3236","47.6","253","30","1","1095","20","0","0","80","0","0","0","0","0","0","2","Fish","Faunivore","Marine","Diurnal"
"Phocarctos hookeri","192900",,,,,,,,"40","0","0","60","0","0","0","0","0","0","2","Fish","Faunivore","Marine","Nocturnal"
"Phocoena dioptrica","65000",,,,,,,,"0","0","0","100","0","0","0","0","0","0","1","Fish","Faunivore","Marine","Cathemeral"
"Phocoena phocoena","60000","19380","0.68","20.4","333.28","243","1","1055","0","0","0","100","0","0","0","0","0","0","1","Fish","Faunivore","Marine","Cathemeral"
"Phocoena sinus","42500",,,,,,,,"0","0","0","100","0","0","0","0","0","0","1","Fish","Faunivore","Marine","Cathemeral"
"Phocoena spinipinnis","64020.95",,,,,,,,"0","0","0","100","0","0","0","0","0","0","1","Fish","Faunivore","Marine","Cathemeral"
"Phocoenoides dalli","100708.3325",,,,,,,,"10","0","0","90","0","0","0","0","0","0","2","Fish","Faunivore","Marine","Cathemeral"
"Phocoenoides truei","78400",,,,,,,,,,,,,,,,,,,,,,
"Phodopus campbelli","29.35","68.91","1.9449",,,,,,"0","0","0","0","0","0","0","0","70","30","2","Seed","Herbivore","Ground","Nocturnal"
"Phodopus roborovskii","18.9583","43","2.324",,,,,,"0","0","0","0","0","0","0","0","70","30","2","Seed","Herbivore","Ground","Nocturnal"
"Phodopus sungorus","25","59.4522","1.6207",,,,,,"0","0","0","0","0","0","0","0","70","30","2","Seed","Herbivore","Ground","Nocturnal"
"Phoniscus aerosa","5.23",,,,,,,,"100","0","0","0","0","0","0","0","0","0","1","Invertebrates","Faunivore","Aerial","Nocturnal"
"Phoniscus atrox","4.505",,,,,,,,"100","0","0","0","0","0","0","0","0","0","1","Invertebrates","Faunivore","Aerial","Nocturnal"
"Phoniscus jagorii","4.7",,,,,,,,"100","0","0","0","0","0","0","0","0","0","1","Invertebrates","Faunivore","Aerial","Nocturnal"
"Phoniscus papuensis","6.32",,,,,,,,"100","0","0","0","0","0","0","0","0","0","1","Invertebrates","Faunivore","Scansorial","Nocturnal"
"Photinus pyralis","0.03",,,,,,,,,,,,,,,,,,,,,,
"Phronima sedentaria","0.249",,,,,,,,,,,,,,,,,,,,,,
"Phrynosoma cornutum","27.335",,,,,,,,,,,,,,,,,,,,,,
"Phylloderma stenops","49.89",,,,,,,,"10","0","0","0","0","0","20","10","60","0","4","Seed","Herbivore","Arboreal","Nocturnal"
"Phyllomys blainvillii","243.3",,,,,,,,"0","0","0","0","0","0","80","0","0","20","2","Fruit","Herbivore","Ground","Nocturnal"
"Phyllomys brasiliensis","312.49",,,,,,,,"0","0","0","0","0","0","80","0","0","20","2","Fruit","Herbivore","Ground","Nocturnal"
"Phyllomys dasythrix","260",,,,,,,,"0","0","0","0","0","0","80","0","0","20","2","Fruit","Herbivore","Ground","Nocturnal"
"Phyllomys kerri","298.33",,,,,,,,"0","0","0","0","0","0","60","0","0","40","2","Fruit","Herbivore","Ground","Nocturnal"
"Phyllomys lamarum","215.19",,,,,,,,"0","0","0","0","0","0","80","0","0","20","2","Fruit","Herbivore","Ground","Nocturnal"
"Phyllomys lundi","298.33",,,,,,,,"0","0","0","0","0","0","60","0","0","40","2","Fruit","Herbivore","Ground","Nocturnal"
"Phyllomys mantiqueirensis","298.33",,,,,,,,"0","0","0","0","0","0","60","0","0","40","2","Fruit","Herbivore","Ground","Nocturnal"
"Phyllomys medius","298.33",,,,,,,,"0","0","0","0","0","0","60","0","0","40","2","Fruit","Herbivore","Ground","Nocturnal"
"Phyllomys nigrispinus","224.3",,,,,,,,"0","0","0","0","0","0","80","0","0","20","2","Fruit","Herbivore","Ground","Nocturnal"
"Phyllomys pattoni","298.33",,,,,,,,"0","0","0","0","0","0","60","0","0","40","2","Fruit","Herbivore","Ground","Nocturnal"
"Phyllomys thomasi","502.14",,,,,,,,"0","0","0","0","0","0","80","0","0","20","2","Fruit","Herbivore","Ground","Nocturnal"
"Phyllomys unicolor","439",,,,,,,,"0","0","0","0","0","0","80","0","0","20","2","Fruit","Herbivore","Ground","Nocturnal"
"Phyllonycteris aphylla","14.15",,,,,,,,"30","0","0","0","0","0","40","30","0","0","3","Fruit","Herbivore","Arboreal","Nocturnal"
"Phyllonycteris major","14.15",,,,,,,,"30","0","0","0","0","0","40","30","0","0","3","Fruit","Herbivore","Arboreal","Nocturnal"
"Phyllonycteris poeyi","15.36",,,,,,,,"30","0","0","0","0","0","40","30","0","0","3","Fruit","Herbivore","Arboreal","Nocturnal"
"Phyllops falcatus","20.91",,,,,,,,"0","0","0","0","0","0","100","0","0","0","1","Fruit","Herbivore","Arboreal","Nocturnal"
"Phyllostomus discolor","33","34.5","1.0299",,,,,,"30","0","0","0","0","0","40","30","0","0","3","Fruit","Herbivore","Scansorial","Nocturnal"
"Phyllostomus elongatus","40.31","38.8","1.0899",,,,,,"70","0","10","0","0","0","10","10","0","0","4","Invertebrates","Faunivore","Scansorial","Nocturnal"
"Phyllostomus hastatus","92.8525","70.7","0.8397",,,,,,"40","0","50","0","0","0","10","0","0","0","3","Ectotherm vertebrates","Faunivore","Scansorial","Nocturnal"
"Phyllostomus latifolius","134",,,,,,,,"70","0","10","0","0","0","10","10","0","0","4","Invertebrates","Faunivore","Scansorial","Nocturnal"
"Phyllotis amicus","20.2",,,,,,,,"0","0","0","0","0","0","0","0","40","60","2","Other plant","Herbivore","Ground","Cathemeral"
"Phyllotis andium","53",,,,,,,,"0","0","0","0","0","0","0","0","40","60","2","Other plant","Herbivore","Ground","Cathemeral"
"Phyllotis bonariensis","42.5",,,,,,,,"0","0","0","0","0","0","0","0","40","60","2","Other plant","Herbivore","Ground","Cathemeral"
"Phyllotis caprinus","50.8",,,,,,,,"0","0","0","0","0","0","0","0","40","60","2","Other plant","Herbivore","Ground","Cathemeral"
"Phyllotis darwini","36","75.4244","1.3151",,,,,,"0","0","0","0","0","0","0","0","40","60","2","Other plant","Herbivore","Ground","Cathemeral"
"Phyllotis definitus","89",,,,,,,,"0","0","0","0","0","0","0","0","40","60","2","Other plant","Herbivore","Ground","Cathemeral"
"Phyllotis haggardi","42.5",,,,,,,,"0","0","0","0","0","0","0","0","40","60","2","Other plant","Herbivore","Ground","Cathemeral"
"Phyllotis limatus","48.29",,,,,,,,"0","0","0","0","0","0","0","0","40","60","2","Other plant","Herbivore","Ground","Cathemeral"
"Phyllotis magister","59.6","61.3","1.2091",,,,,,"0","0","0","0","0","0","0","0","40","60","2","Other plant","Herbivore","Ground","Cathemeral"
"Phyllotis osgoodi","45.1",,,,,,,,"0","0","0","0","0","0","0","0","40","60","2","Other plant","Herbivore","Ground","Cathemeral"
"Phyllotis osilae","49",,,,,,,,"0","0","0","0","0","0","0","0","40","60","2","Other plant","Herbivore","Ground","Cathemeral"
"Phyllotis wolffsohni","42.5",,,,,,,,"0","0","0","0","0","0","0","0","40","60","2","Other plant","Herbivore","Ground","Cathemeral"
"Phyllotis xanthopygus","52.29","69.24","1.4097",,,,,,"0","0","0","0","0","0","0","0","40","60","2","Other plant","Herbivore","Ground","Cathemeral"
"Physeter catadon","37093000",,,,,,,,,,,,,,,,,,,,,,
"Physeter catodon","25720825.02",,,,,,,,"100","0","0","0","0","0","0","0","0","0","1","Invertebrates","Faunivore","Marine","Cathemeral"
"Pica pica","178.55",,,,,,,,,,,,,,,,,,,,,,
"Pigeon (Columba domest.)","330.5",,,,,,,,,,,,,,,,,,,,,,
"Pigtail macaque",,,,,,"342",,,,,,,,,,,,,,,,,
"Piliocolobus badius","7000",,,,,"656.2",,,"0","0","0","0","0","0","20","0","0","80","2","Other plant","Herbivore","Arboreal","Diurnal"
"Piliocolobus foai","8591.69",,,,,,,,"0","0","0","0","0","0","20","0","0","80","2","Other plant","Herbivore","Arboreal","Diurnal"
"Piliocolobus gordonorum","8591.69",,,,,,,,"0","0","0","0","0","0","20","0","0","80","2","Other plant","Herbivore","Arboreal","Diurnal"
"Piliocolobus kirkii","6139.43",,,,,,,,"0","0","0","0","0","0","20","0","0","80","2","Other plant","Herbivore","Arboreal","Diurnal"
"Piliocolobus pennantii","10896",,,,,,,,"0","0","0","0","0","0","20","0","0","80","2","Other plant","Herbivore","Arboreal","Diurnal"
"Piliocolobus preussi","8865.71",,,,,,,,"0","0","0","0","0","0","20","0","0","80","2","Other plant","Herbivore","Arboreal","Diurnal"
"Piliocolobus rufomitratus","8030.75",,,,,,,,"0","0","0","0","0","0","20","0","10","70","3","Other plant","Herbivore","Arboreal","Diurnal"
"Piliocolobus tephrosceles","8469.83",,,,,,,,"0","0","0","0","0","0","20","0","0","80","2","Other plant","Herbivore","Arboreal","Diurnal"
"Piliocolobus tholloni","8591.69",,,,,,,,"0","0","0","0","0","0","20","0","0","80","2","Other plant","Herbivore","Arboreal","Diurnal"
"Pipanacoctomys aureus","136.62",,,,,,,,"0","0","0","0","0","0","30","0","0","70","2","Other plant","Herbivore","Ground","Diurnal"
"Pipistrellus abramus","5.87",,,,,,,,"100","0","0","0","0","0","0","0","0","0","1","Invertebrates","Faunivore","Aerial","Nocturnal"
"Pipistrellus adamsi","4.2",,,,,,,,"100","0","0","0","0","0","0","0","0","0","1","Invertebrates","Faunivore","Aerial","Nocturnal"
"Pipistrellus aero","6.2",,,,,,,,"100","0","0","0","0","0","0","0","0","0","1","Invertebrates","Faunivore","Aerial","Nocturnal"
"Pipistrellus angulatus","3.35",,,,,,,,"100","0","0","0","0","0","0","0","0","0","1","Invertebrates","Faunivore","Aerial","Nocturnal"
"Pipistrellus ceylonicus","9.245",,,,,,,,"100","0","0","0","0","0","0","0","0","0","1","Invertebrates","Faunivore","Aerial","Nocturnal"
"Pipistrellus collinus","6.75",,,,,,,,"100","0","0","0","0","0","0","0","0","0","1","Invertebrates","Faunivore","Aerial","Nocturnal"
"Pipistrellus coromandra","4.6",,,,,,,,"100","0","0","0","0","0","0","0","0","0","1","Invertebrates","Faunivore","Aerial","Nocturnal"
"Pipistrellus deserti","6.2",,,,,,,,"100","0","0","0","0","0","0","0","0","0","1","Invertebrates","Faunivore","Aerial","Nocturnal"
"Pipistrellus endoi","5.6",,,,,,,,"100","0","0","0","0","0","0","0","0","0","1","Invertebrates","Faunivore","Aerial","Nocturnal"
"Pipistrellus hesperidus","5.28",,,,,,,,"100","0","0","0","0","0","0","0","0","0","1","Invertebrates","Faunivore","Aerial","Nocturnal"
"Pipistrellus hesperus","3.7",,,,,,,,"100","0","0","0","0","0","0","0","0","0","1","Invertebrates","Faunivore","Aerial","Nocturnal"
"Pipistrellus inexspectatus","6.2",,,,,,,,"100","0","0","0","0","0","0","0","0","0","1","Invertebrates","Faunivore","Aerial","Nocturnal"
"Pipistrellus javanicus","4.895",,,,,,,,"100","0","0","0","0","0","0","0","0","0","1","Invertebrates","Faunivore","Aerial","Nocturnal"
"Pipistrellus kuhlii","6.4067","9.31","1.3319",,,,,,"100","0","0","0","0","0","0","0","0","0","1","Invertebrates","Faunivore","Aerial","Nocturnal"
"Pipistrellus maderensis","6.2",,,,,,,,"100","0","0","0","0","0","0","0","0","0","1","Invertebrates","Faunivore","Aerial","Nocturnal"
"Pipistrellus minahassae","7.45",,,,,,,,"100","0","0","0","0","0","0","0","0","0","1","Invertebrates","Faunivore","Aerial","Nocturnal"
"Pipistrellus nanulus","2.5",,,,,,,,"100","0","0","0","0","0","0","0","0","0","1","Invertebrates","Faunivore","Aerial","Nocturnal"
"Pipistrellus nathusii","7.31",,,,,,,,"100","0","0","0","0","0","0","0","0","0","1","Invertebrates","Faunivore","Aerial","Nocturnal"
"Pipistrellus papuanus","4.31",,,,,,,,"100","0","0","0","0","0","0","0","0","0","1","Invertebrates","Faunivore","Aerial","Nocturnal"
"Pipistrellus paterculus","5.6",,,,,,,,"100","0","0","0","0","0","0","0","0","0","1","Invertebrates","Faunivore","Aerial","Nocturnal"
"Pipistrellus permixtus","6.36",,,,,,,,"100","0","0","0","0","0","0","0","0","0","1","Invertebrates","Faunivore","Aerial","Nocturnal"
"Pipistrellus pipistrellus","7.4","10.9667","1.9019",,,,,,"100","0","0","0","0","0","0","0","0","0","1","Invertebrates","Faunivore","Aerial","Nocturnal"
"Pipistrellus pygmaeus","5.28",,,,,,,,"100","0","0","0","0","0","0","0","0","0","1","Invertebrates","Faunivore","Aerial","Nocturnal"
"Pipistrellus rueppellii","7.07",,,,,,,,"100","0","0","0","0","0","0","0","0","0","1","Invertebrates","Faunivore","Aerial","Nocturnal"
"Pipistrellus rusticus","4.55",,,,,,,,"100","0","0","0","0","0","0","0","0","0","1","Invertebrates","Faunivore","Aerial","Nocturnal"
"Pipistrellus stenopterus","15.2",,,,,,,,"100","0","0","0","0","0","0","0","0","0","1","Invertebrates","Faunivore","Aerial","Nocturnal"
"Pipistrellus sturdeei","5.28",,,,,,,,"100","0","0","0","0","0","0","0","0","0","1","Invertebrates","Faunivore","Aerial","Nocturnal"
"Pipistrellus subflavus","5",,,,,,,,"100","0","0","0","0","0","0","0","0","0","1","Invertebrates","Faunivore","Aerial","Nocturnal"
"Pipistrellus tenuis","4.95",,,,,,,,"100","0","0","0","0","0","0","0","0","0","1","Invertebrates","Faunivore","Aerial","Nocturnal"
"Pipistrellus wattsi","5.28",,,,,,,,"100","0","0","0","0","0","0","0","0","0","1","Invertebrates","Faunivore","Aerial","Nocturnal"
"Pipistrellus westralis","3",,,,,,,,"100","0","0","0","0","0","0","0","0","0","1","Invertebrates","Faunivore","Aerial","Nocturnal"
"Pith VIII /Sangiran 17","61800",,,,,,,,,,,,,,,,,,,,,,
"Pithecheir melanurus","108",,,,,,,,"10","0","0","0","0","0","0","0","0","90","2","Other plant","Herbivore","Arboreal","Nocturnal"
"Pithecheir parvus","106",,,,,,,,"10","0","0","0","0","0","0","0","0","90","2","Other plant","Herbivore","Arboreal","Nocturnal"
"Pithecheirops otion","71.33",,,,,,,,"10","0","0","0","0","0","10","0","20","60","4","Other plant","Herbivore","Arboreal","Nocturnal"
"Pithecia aequatorialis","2249.99",,,,,,,,"0","30","0","0","0","0","30","10","0","30","4","Endotherm vertebrates","Herbivore","Arboreal","Diurnal"
"Pithecia albicans","2800.01",,,,,,,,"0","30","0","0","0","0","30","10","0","30","4","Endotherm vertebrates","Herbivore","Arboreal","Diurnal"
"Pithecia irrorata","2108.54",,,,,,,,"0","30","0","0","0","0","30","10","0","30","4","Endotherm vertebrates","Herbivore","Arboreal","Diurnal"
"Pithecia monachus","1500",,,,,,,,"0","30","0","0","0","0","30","10","0","30","4","Endotherm vertebrates","Herbivore","Arboreal","Diurnal"
"Pithecia pithecia","1816",,,,,,,,"0","30","0","0","0","0","30","10","0","30","4","Endotherm vertebrates","Herbivore","Arboreal","Diurnal"
"Plagiodontia aedium","1267",,,,,,,,"0","0","0","0","0","0","30","0","0","70","2","Other plant","Herbivore","Ground","Nocturnal"
"Plagiodontia araeum","1267",,,,,,,,"0","0","0","0","0","0","30","0","0","70","2","Other plant","Herbivore","Ground","Nocturnal"
"Plagiodontia ipnaeum","1267",,,,,,,,"0","0","0","0","0","0","30","0","0","70","2","Other plant","Herbivore","Ground","Nocturnal"
"Planigale gilesi","8","12.498","1.3713",,,,,,"40","30","30","0","0","0","0","0","0","0","3","Invertebrates","Faunivore","Ground","Cathemeral"
"Planigale ingrami","7.6","11.29","1.5901",,,,,,"40","30","30","0","0","0","0","0","0","0","3","Invertebrates","Faunivore","Ground","Nocturnal"
"Planigale maculata","13","11.97","1.135",,,,,,"40","30","30","0","0","0","0","0","0","0","3","Invertebrates","Faunivore","Ground","Nocturnal"
"Planigale novaeguineae","14.9",,,,,,,,"40","30","30","0","0","0","0","0","0","0","3","Invertebrates","Faunivore","Ground","Nocturnal"
"Planigale tenuirostris","7","9.2","1.4188",,,,,,"40","30","30","0","0","0","0","0","0","0","3","Invertebrates","Faunivore","Ground","Nocturnal"
"Platacanthomys lasiurus","75",,,,,,,,"0","0","0","0","0","0","40","0","30","30","3","Fruit","Herbivore","Arboreal","Nocturnal"
"Platalina genovensium","16.25",,,,,,,,"0","0","0","0","0","0","0","100","0","0","1","Nectar","Herbivore","Arboreal","Nocturnal"
"Platanista gangetica","77876.6667",,,,,,,,"50","0","0","50","0","0","0","0","0","0","2","Invertebrates","Faunivore","Marine","Cathemeral"
"Platanista minor","51107.295",,,,,,,,"50","0","0","50","0","0","0","0","0","0","2","Invertebrates","Faunivore","Marine","Cathemeral"
"Platycercus eximius","102.0167",,,,,,,,,,,,,,,,,,,,,,
"Platymops setiger","13",,,,,,,,"100","0","0","0","0","0","0","0","0","0","1","Invertebrates","Faunivore","Aerial","Nocturnal"
"Platyrhinoidis triseriata","903",,,,,,,,,,,,,,,,,,,,,,
"Platyrrhinus aurarius","34.15",,,,,,,,"10","0","0","0","0","0","90","0","0","0","2","Fruit","Herbivore","Arboreal","Nocturnal"
"Platyrrhinus brachycephalus","13.5",,,,,,,,"10","0","0","0","0","0","90","0","0","0","2","Fruit","Herbivore","Arboreal","Nocturnal"
"Platyrrhinus chocoensis","22",,,,,,,,"10","0","0","0","0","0","90","0","0","0","2","Fruit","Herbivore","Arboreal","Nocturnal"
"Platyrrhinus dorsalis","26",,,,,,,,"10","0","0","0","0","0","90","0","0","0","2","Fruit","Herbivore","Arboreal","Nocturnal"
"Platyrrhinus helleri","13.135",,,,,,,,"10","0","0","0","0","0","90","0","0","0","2","Fruit","Herbivore","Arboreal","Nocturnal"
"Platyrrhinus infuscus","50.25",,,,,,,,"10","0","0","0","0","0","90","0","0","0","2","Fruit","Herbivore","Arboreal","Nocturnal"
"Platyrrhinus lineatus","23.02","31.55","1.428",,,,,,"10","0","0","0","0","0","90","0","0","0","2","Fruit","Herbivore","Arboreal","Nocturnal"
"Platyrrhinus recifinus","22",,,,,,,,"10","0","0","0","0","0","90","0","0","0","2","Fruit","Herbivore","Arboreal","Nocturnal"
"Platyrrhinus umbratus","24.5",,,,,,,,"10","0","0","0","0","0","90","0","0","0","2","Fruit","Herbivore","Arboreal","Nocturnal"
"Platyrrhinus vittatus","39",,,,,,,,"10","0","0","0","0","0","90","0","0","0","2","Fruit","Herbivore","Arboreal","Nocturnal"
"Plecotus alpinus","7.56",,,,,,,,"100","0","0","0","0","0","0","0","0","0","1","Invertebrates","Faunivore","Scansorial","Nocturnal"
"Plecotus auritus","10","12.906","1.1885",,,,,,"100","0","0","0","0","0","0","0","0","0","1","Invertebrates","Faunivore","Scansorial","Nocturnal"
"Plecotus austriacus","7.3",,,,,,,,"100","0","0","0","0","0","0","0","0","0","1","Invertebrates","Faunivore","Scansorial","Nocturnal"
"Plecotus balensis","7.56",,,,,,,,"100","0","0","0","0","0","0","0","0","0","1","Invertebrates","Faunivore","Scansorial","Nocturnal"
"Plecotus kolombatovici","7.56",,,,,,,,"100","0","0","0","0","0","0","0","0","0","1","Invertebrates","Faunivore","Scansorial","Nocturnal"
"Plecotus sardus","7.56",,,,,,,,"100","0","0","0","0","0","0","0","0","0","1","Invertebrates","Faunivore","Scansorial","Nocturnal"
"Plecotus taivanus","8.54",,,,,,,,"100","0","0","0","0","0","0","0","0","0","1","Invertebrates","Faunivore","Scansorial","Nocturnal"
"Plecotus teneriffae","8.33",,,,,,,,"100","0","0","0","0","0","0","0","0","0","1","Invertebrates","Faunivore","Scansorial","Nocturnal"
"Plerotes anchietae","120.64",,,,,,,,"0","0","0","0","0","0","80","20","0","0","2","Fruit","Herbivore","Arboreal","Nocturnal"
"Plesionika rossignoli","0.07",,,,,,,,,,,,,,,,,,,,,,
"Podargus strigoides","500",,,,,,,,,,,,,,,,,,,,,,
"Podogymnura aureospinula","247",,,,,,,,"80","20","0","0","0","0","0","0","0","0","2","Invertebrates","Faunivore","Ground","Nocturnal"
"Podogymnura truei","114",,,,,,,,"80","20","0","0","0","0","0","0","0","0","2","Invertebrates","Faunivore","Ground","Nocturnal"
"Podomys floridanus","33.1567","53.59","1.5399",,,,,,"30","0","0","0","0","0","0","0","40","30","3","Seed","Herbivore","Ground","Nocturnal"
"Podoxymys roraimae","33.8",,,,,,,,"20","0","0","0","0","0","10","0","40","30","4","Seed","Herbivore","Ground","Nocturnal"
"Poecilia reticulata","0.35",,,,,,,,,,,,,,,,,,,,,,
"Poecilogale albinucha","295",,,,,,,,"10","70","20","0","0","0","0","0","0","0","3","Endotherm vertebrates","Faunivore","Ground","Nocturnal"
"Poelagus marjorita","2500",,,,,,,,"0","0","0","0","0","0","0","0","0","100","1","Other plant","Herbivore","Ground","Nocturnal"
"Pogonomelomys bruijni","82.01",,,,,,,,"10","0","0","0","0","0","10","0","20","60","4","Other plant","Herbivore","Scansorial","Nocturnal"
"Pogonomelomys mayeri","109.7",,,,,,,,"10","0","0","0","0","0","10","0","20","60","4","Other plant","Herbivore","Scansorial","Nocturnal"
"Pogonomys championi","50.45",,,,,,,,"0","0","0","0","0","0","0","0","0","100","1","Other plant","Herbivore","Arboreal","Nocturnal"
"Pogonomys fergussoniensis","57.88",,,,,,,,"0","0","0","0","0","0","0","0","0","100","1","Other plant","Herbivore","Arboreal","Nocturnal"
"Pogonomys loriae","95.13",,,,,,,,"0","0","0","0","0","0","0","0","0","100","1","Other plant","Herbivore","Arboreal","Nocturnal"
"Pogonomys macrourus","63.925",,,,,,,,"0","0","0","0","0","0","0","0","0","100","1","Other plant","Herbivore","Arboreal","Nocturnal"
"Pogonomys sylvestris","42.275",,,,,,,,"0","0","0","0","0","0","0","0","0","100","1","Other plant","Herbivore","Arboreal","Nocturnal"
"Poiana leightoni","500",,,,,,,,"40","40","0","0","0","0","0","0","0","20","3","Invertebrates","Faunivore","Arboreal","Nocturnal"
"Poiana richardsonii","500",,,,,,,,"20","20","0","0","0","0","0","0","40","20","4","Seed","Omnivore","Arboreal","Nocturnal"
"Pomatomus saltatrix","2101.53",,,,,,,,,,,,,,,,,,,,,,
"Pongo","73500",,,,,,,,,,,,,,,,,,,,,,
"Pongo pygmaeus","54145","6301.7374","0.2851","59","248.5","1206.25","1","2555","10","0","0","0","10","0","80","0","0","0","3","Fruit","Herbivore","Arboreal","Diurnal"
"Pongo pygmaeus morio","37497.3333",,,,,,,,,,,,,,,,,,,,,,
"Pongo pygmaeus wurmbii","36741.5",,,,,,,,,,,,,,,,,,,,,,
"Pongo sp.","41151",,,,,,,,"10","0","0","0","10","0","80","0","0","0","3","Fruit","Herbivore","Arboreal","Diurnal"
"Pongo spp","59800",,,,,,,,,,,,,,,,,,,,,,
"Pontoporia blainvillei","37700",,,,,,,,"40","0","0","60","0","0","0","0","0","0","2","Fish","Faunivore","Marine","Diurnal"
"Potamochoerus larvatus","48781.25",,,,,,,,"0","10","10","0","0","0","40","0","0","40","4","Fruit","Herbivore","Ground","Nocturnal"
"Potamochoerus porcus","72500.16",,,,,,,,"0","10","10","0","0","0","40","0","0","40","4","Fruit","Herbivore","Ground","Nocturnal"
"Potamogale velox","660",,,,,,"2.5",,"70","0","10","20","0","0","0","0","0","0","3","Invertebrates","Faunivore","Ground","Nocturnal"
"Potorous apicalis","1350",,,,,,,,,,,,,,,,,,,,,,
"Potorous gilbertii","1569.46",,,,,,,,"20","0","0","0","0","0","0","0","0","80","2","Other plant","Herbivore","Ground","Nocturnal"
"Potorous longipes","1900",,,,,,,,"20","0","0","0","0","0","0","0","0","80","2","Other plant","Herbivore","Ground","Nocturnal"
"Potorous platyops","550",,,,,,,,"20","0","0","0","0","0","0","0","0","80","2","Other plant","Herbivore","Ground","Nocturnal"
"Potorous tridactylus","1070.65","482.55","0.4774",,,,,,"20","0","0","0","0","0","0","0","0","80","2","Other plant","Herbivore","Ground","Nocturnal"
"Potos flavus","2100","793","0.3396",,,,,,"10","0","0","0","10","0","80","0","0","0","3","Fruit","Herbivore","Arboreal","Nocturnal"
"Praomys daltoni","34.995",,,,,,,,"80","0","0","0","0","0","0","0","0","20","2","Invertebrates","Faunivore","Scansorial","Nocturnal"
"Praomys degraaffi","36.25",,,,,,,,"40","0","0","0","0","0","30","0","20","10","4","Invertebrates","Omnivore","Scansorial","Nocturnal"
"Praomys delectorum","36",,,,,,,,"20","0","0","0","0","0","30","0","30","20","4","Fruit","Herbivore","Scansorial","Nocturnal"
"Praomys derooi","32",,,,,,,,"80","0","0","0","0","0","0","0","0","20","2","Invertebrates","Faunivore","Scansorial","Nocturnal"
"Praomys hartwigi","38.86",,,,,,,,"20","0","0","0","0","0","30","0","30","20","4","Fruit","Herbivore","Scansorial","Nocturnal"
"Praomys jacksoni","42",,,,,,,,"20","0","0","0","0","0","30","0","30","20","4","Fruit","Herbivore","Scansorial","Nocturnal"
"Praomys lukolelae","42.2",,,,,,,,"50","0","0","0","0","0","20","0","20","10","4","Invertebrates","Omnivore","Scansorial","Nocturnal"
"Praomys minor","41.84",,,,,,,,"20","0","0","0","0","0","30","0","30","20","4","Fruit","Herbivore","Scansorial","Nocturnal"
"Praomys misonnei","41.91",,,,,,,,"20","0","0","0","0","0","30","0","30","20","4","Fruit","Herbivore","Scansorial","Nocturnal"
"Praomys morio","38.25",,,,,,,,"20","0","0","0","0","0","30","0","30","20","4","Fruit","Herbivore","Scansorial","Nocturnal"
"Praomys mutoni","41.71",,,,,,,,"20","0","0","0","0","0","30","0","30","20","4","Fruit","Herbivore","Scansorial","Nocturnal"
"Praomys obscurus","36.25",,,,,,,,"40","0","0","0","0","0","30","0","20","10","4","Invertebrates","Omnivore","Scansorial","Nocturnal"
"Praomys petteri","36.25",,,,,,,,"40","0","0","0","0","0","30","0","20","10","4","Invertebrates","Omnivore","Scansorial","Nocturnal"
"Praomys rostratus","41.83",,,,,,,,"20","0","0","0","0","0","30","0","30","20","4","Fruit","Herbivore","Scansorial","Nocturnal"
"Praomys tullbergi","36.515",,,,,,,,"20","0","0","0","0","0","30","0","30","20","4","Fruit","Herbivore","Scansorial","Nocturnal"
"Praomys verschureni","36.25",,,,,,,,"50","0","0","0","0","0","20","0","20","10","4","Invertebrates","Omnivore","Scansorial","Nocturnal"
"Presbytis chrysomelas","6603.9389",,,,,,,,"0","0","0","0","0","0","40","0","40","20","3","Fruit","Herbivore","Arboreal","Diurnal"
"Presbytis comata","6612",,,,,,,,"0","0","0","0","0","0","40","0","40","20","3","Fruit","Herbivore","Arboreal","Diurnal"
"Presbytis comata group","6548.85",,,,,,,,,,,,,,,,,,,,,,
"Presbytis femoralis","6877.4956",,,,,,,,"0","0","0","0","0","0","40","0","40","20","3","Fruit","Herbivore","Arboreal","Diurnal"
"Presbytis frontata","5724",,,,,,,,"0","0","0","0","0","0","40","0","40","20","3","Fruit","Herbivore","Arboreal","Diurnal"
"Presbytis frontata group","5216.4",,,,,,,,,,,,,,,,,,,,,,
"Presbytis hosei","5847.5",,,,,,,,"0","0","0","0","0","0","40","0","40","20","3","Fruit","Herbivore","Arboreal","Diurnal"
"Presbytis melalophos","6590",,,,,,,,"0","0","0","0","0","0","40","0","40","20","3","Fruit","Herbivore","Arboreal","Diurnal"
"Presbytis melalophos group","6412.7793",,,,,,,,,,,,,,,,,,,,,,
"Presbytis natunae","5719.575",,,,,,,,"0","0","0","0","0","0","40","0","40","20","3","Fruit","Herbivore","Arboreal","Diurnal"
"Presbytis obscurus","6360",,,,,,,,,,,,,,,,,,,,,,
"Presbytis potenziani","6018.5",,,,,,,,"0","0","0","0","0","0","40","0","40","20","3","Fruit","Herbivore","Arboreal","Diurnal"
"Presbytis rubicunda","6298.9498",,,,,,,,"0","0","0","0","0","0","40","0","40","20","3","Fruit","Herbivore","Arboreal","Diurnal"
"Presbytis rubicunda group","6270.9",,,,,,,,,,,,,,,,,,,,,,
"Presbytis siamensis","5793.5358",,,,,,,,"0","0","0","0","0","0","50","0","30","20","3","Fruit","Herbivore","Arboreal","Diurnal"
"Presbytis thomasi","6570.16",,,,,,,,"0","0","0","0","0","0","40","0","40","20","3","Fruit","Herbivore","Arboreal","Diurnal"
"Priodontes maximus","47797.8925","3028","0.067",,,,,,"90","0","0","0","10","0","0","0","0","0","2","Invertebrates","Faunivore","Ground","Nocturnal"
"Prionailurus bengalensis","4385",,,,,,,,"0","70","20","10","0","0","0","0","0","0","3","Endotherm vertebrates","Faunivore","Scansorial","Cathemeral"
"Prionailurus iriomotensis","3700",,,,,,,,"0","90","10","0","0","0","0","0","0","0","2","Endotherm vertebrates","Faunivore","Scansorial","Nocturnal"
"Prionailurus planiceps","4425",,,,,,,,"0","0","40","60","0","0","0","0","0","0","2","Fish","Faunivore","Ground","Nocturnal"
"Prionailurus rubiginosus","1402.19",,,,,,,,"0","100","0","0","0","0","0","0","0","0","1","Endotherm vertebrates","Faunivore","Scansorial","Nocturnal"
"Prionailurus viverrinus","8775.165",,,,,,,,"20","20","20","40","0","0","0","0","0","0","4","Fish","Faunivore","Ground","Nocturnal"
"Prionodon linsang","699",,,,,,,,"30","60","0","0","10","0","0","0","0","0","3","Endotherm vertebrates","Faunivore","Scansorial","Nocturnal"
"Prionodon pardicolor","481",,,,,,,,"30","60","0","0","10","0","0","0","0","0","3","Endotherm vertebrates","Faunivore","Scansorial","Nocturnal"
"Prionomys batesi","12.5",,,,,,,,"100","0","0","0","0","0","0","0","0","0","1","Invertebrates","Faunivore","Arboreal","Nocturnal"
"Procapra gutturosa","27750",,,,,,,,"0","0","0","0","0","0","0","0","0","100","1","Other plant","Herbivore","Ground","Diurnal"
"Procapra picticaudata","20000",,,,,,,,"0","0","0","0","0","0","0","0","0","100","1","Other plant","Herbivore","Ground","Diurnal"
"Procapra przewalskii","27500",,,,,,,,"0","0","0","0","0","0","0","0","0","100","1","Other plant","Herbivore","Ground","Diurnal"
"Procavia capensis","9750","1657.5","0.5362","14.8","215","116","3","500","0","0","0","0","0","0","0","0","0","100","1","Other plant","Herbivore","Ground","Diurnal"
"Procolobus kirkii","5133.3333",,,,,,,,,,,,,,,,,,,,,,
"Procolobus pennantii","8300",,,,,,,,,,,,,,,,,,,,,,
"Procolobus rufomitratus","7500",,,,,,,,,,,,,,,,,,,,,,
"Procolobus rufomitratus tephrosceles","7258",,,,,,,,,,,,,,,,,,,,,,
"Procolobus verus","4287.9167",,,,,,,,"0","0","0","0","0","0","10","0","10","80","3","Other plant","Herbivore","Arboreal","Diurnal"
"Procyon cancrivorus","5013.88","460.1","0.3966",,,,,,"50","0","10","20","0","0","10","0","10","0","5","Invertebrates","Faunivore","Ground","Nocturnal"
"Procyon lotor","8045.5","1913.8483","0.3555","21","63.915","91","3.445","365","40","0","20","0","0","0","20","0","20","0","4","Invertebrates","Omnivore","Ground","Nocturnal"
"Procyon pygmaeus","2500",,,,,,,,"40","0","20","0","0","0","20","0","20","0","4","Invertebrates","Omnivore","Ground","Nocturnal"
"Proechimys brevicauda","285",,,,,,,,"0","0","0","0","0","0","20","0","10","70","3","Other plant","Herbivore","Ground","Nocturnal"
"Proechimys canicollis","285",,,,,,,,"0","0","0","0","0","0","20","0","10","70","3","Other plant","Herbivore","Ground","Nocturnal"
"Proechimys chrysaeolus","285",,,,,,,,"0","0","0","0","0","0","20","0","10","70","3","Other plant","Herbivore","Ground","Nocturnal"
"Proechimys cuvieri","330",,,,,,,,"0","0","0","0","0","0","20","0","10","70","3","Other plant","Herbivore","Ground","Nocturnal"
"Proechimys decumanus","285",,,,,,,,"0","0","0","0","0","0","20","0","10","70","3","Other plant","Herbivore","Ground","Nocturnal"
"Proechimys echinothrix","292.04",,,,,,,,"0","0","0","0","0","0","20","0","10","70","3","Other plant","Herbivore","Ground","Nocturnal"
"Proechimys gardneri","292.04",,,,,,,,"0","0","0","0","0","0","20","0","10","70","3","Other plant","Herbivore","Ground","Nocturnal"
"Proechimys goeldii","285",,,,,,,,"0","0","0","0","0","0","20","0","10","70","3","Other plant","Herbivore","Ground","Nocturnal"
"Proechimys guairae","400",,,,,,,,"0","0","0","0","0","0","20","0","10","70","3","Other plant","Herbivore","Ground","Nocturnal"
"Proechimys guyannensis","268.7575",,,,,,,,"0","0","0","0","0","0","20","0","10","70","3","Other plant","Herbivore","Ground","Nocturnal"
"Proechimys hoplomyoides","285",,,,,,,,"0","0","0","0","0","0","20","0","10","70","3","Other plant","Herbivore","Ground","Nocturnal"
"Proechimys kulinae","292.04",,,,,,,,"0","0","0","0","0","0","20","0","10","70","3","Other plant","Herbivore","Ground","Nocturnal"
"Proechimys longicaudatus","205",,,,,,,,"0","0","0","0","0","0","20","0","10","70","3","Other plant","Herbivore","Ground","Nocturnal"
"Proechimys magdalenae","285",,,,,,,,"0","0","0","0","0","0","20","0","10","70","3","Other plant","Herbivore","Ground","Nocturnal"
"Proechimys mincae","285",,,,,,,,"0","0","0","0","0","0","20","0","10","70","3","Other plant","Herbivore","Ground","Nocturnal"
"Proechimys oconnelli","285",,,,,,,,"0","0","0","0","0","0","20","0","10","70","3","Other plant","Herbivore","Ground","Nocturnal"
"Proechimys pattoni","292.04",,,,,,,,"0","0","0","0","0","0","20","0","10","70","3","Other plant","Herbivore","Ground","Nocturnal"
"Proechimys poliopus","285",,,,,,,,"0","0","0","0","0","0","20","0","10","70","3","Other plant","Herbivore","Ground","Nocturnal"
"Proechimys quadruplicatus","285",,,,,,,,"0","0","0","0","0","0","20","0","10","70","3","Other plant","Herbivore","Ground","Nocturnal"
"Proechimys roberti","284.99",,,,,,,,"0","0","0","0","0","0","20","0","10","70","3","Other plant","Herbivore","Ground","Nocturnal"
"Proechimys semispinosus","428.9167","326.1","0.9536",,,,,,"0","0","0","0","0","0","20","0","10","70","3","Other plant","Herbivore","Ground","Nocturnal"
"Proechimys simonsi","285",,,,,,,,"0","0","0","0","0","0","20","0","10","70","3","Other plant","Herbivore","Ground","Nocturnal"
"Proechimys steerei","285",,,,,,,,"0","0","0","0","0","0","20","0","10","70","3","Other plant","Herbivore","Ground","Nocturnal"
"Proechimys trinitatus","296.15",,,,,,,,"0","0","0","0","0","0","20","0","10","70","3","Other plant","Herbivore","Ground","Nocturnal"
"Proechimys urichi","285",,,,,,,,"0","0","0","0","0","0","20","0","10","70","3","Other plant","Herbivore","Ground","Nocturnal"
"Proedromys bedfordi","55.86",,,,,,,,"20","0","0","0","0","0","10","0","40","30","4","Seed","Herbivore","Ground","Cathemeral"
"Profelis aurata","11295.005",,,,,,,,"0","100","0","0","0","0","0","0","0","0","1","Endotherm vertebrates","Faunivore","Scansorial","Cathemeral"
"Prolemur simus","2163.682",,,,,,,,"0","0","0","0","0","0","10","0","0","90","2","Other plant","Herbivore","Arboreal","Crepuscular"
"Prometheomys schaposchnikowi","75",,,,,,,,"0","0","0","0","0","0","0","0","0","100","1","Other plant","Herbivore","Ground","Diurnal"
"Promops centralis","26.37",,,,,,,,"100","0","0","0","0","0","0","0","0","0","1","Invertebrates","Faunivore","Aerial","Nocturnal"
"Promops nasutus","15.2",,,,,,,,"100","0","0","0","0","0","0","0","0","0","1","Invertebrates","Faunivore","Aerial","Nocturnal"
"Pronolagus crassicaudatus","2089",,,,,,,,"0","0","0","0","0","0","0","0","0","100","1","Other plant","Herbivore","Ground","Nocturnal"
"Pronolagus randensis","2335.02",,,,,,,,"0","0","0","0","0","0","0","0","0","100","1","Other plant","Herbivore","Ground","Nocturnal"
"Pronolagus rupestris","1754",,,,,,,,"0","0","0","0","0","0","0","0","0","100","1","Other plant","Herbivore","Ground","Nocturnal"
"Propithecus coquereli","3944.0057","1012.3","0.2498",,,,,,"0","0","0","0","0","0","30","0","0","70","2","Other plant","Herbivore","Arboreal","Diurnal"
"Propithecus deckenii","3378.2667",,,,,,,,"0","0","0","0","0","0","30","0","0","70","2","Other plant","Herbivore","Arboreal","Diurnal"
"Propithecus diadema","6100",,,,,,,,"0","0","0","0","0","0","30","0","0","70","2","Other plant","Herbivore","Arboreal","Diurnal"
"Propithecus diadema group","4580",,,,,,,,,,,,,,,,,,,,,,
"Propithecus edwardsi","5932.1207",,,,,,,,"0","0","0","0","0","0","40","0","10","50","3","Other plant","Herbivore","Arboreal","Diurnal"
"Propithecus perrieri","5250",,,,,,,,"0","0","0","0","0","0","30","0","0","70","2","Other plant","Herbivore","Arboreal","Diurnal"
"Propithecus tattersalli","3493.3333",,,,,,,,"0","0","0","0","0","0","30","0","0","70","2","Other plant","Herbivore","Arboreal","Diurnal"
"Propithecus verreauxi","3403.3333","683.5106","0.2081","20.6","152.875","178.125","1","912","0","0","0","0","0","0","30","0","0","70","2","Other plant","Herbivore","Arboreal","Diurnal"
"Propithecus verreauxi verreauxi","2955",,,,,,,,,,,,,,,,,,,,,,
"Prosciurillus abstrusus","79.2",,,,,,,,"0","0","0","0","0","0","30","0","30","40","3","Other plant","Herbivore","Scansorial","Diurnal"
"Prosciurillus leucomus","128",,,,,,,,"0","0","0","0","0","0","30","0","30","40","3","Other plant","Herbivore","Scansorial","Diurnal"
"Prosciurillus murinus","72.9",,,,,,,,"0","0","0","0","0","0","30","0","30","40","3","Other plant","Herbivore","Scansorial","Diurnal"
"Prosciurillus rosenbergii","90.41",,,,,,,,"0","0","0","0","0","0","30","0","30","40","3","Other plant","Herbivore","Scansorial","Diurnal"
"Prosciurillus weberi","106.26",,,,,,,,"0","0","0","0","0","0","30","0","30","40","3","Other plant","Herbivore","Scansorial","Diurnal"
"Proteles cristata","9000","2076","0.2624",,,,,,"100","0","0","0","0","0","0","0","0","0","1","Invertebrates","Faunivore","Ground","Nocturnal"
"Protochromys fellowsi","78.99",,,,,,,,"0","0","0","0","0","0","60","0","0","40","2","Fruit","Herbivore","Ground","Nocturnal"
"Protoxerus aubinnii","350",,,,,,,,"0","0","0","0","0","0","30","0","70","0","2","Seed","Herbivore","Scansorial","Diurnal"
"Protoxerus stangeri","652.3333","434.2","0.6239",,,,,,"0","0","0","0","0","0","30","0","70","0","2","Seed","Herbivore","Scansorial","Diurnal"
"Przewalskium albirostris","161681.9",,,,,,,,"0","0","0","0","0","0","0","0","0","100","1","Other plant","Herbivore","Ground","Cathemeral"
"Psammomys obesus","115.4267","74.39","0.583",,,,,,"0","0","0","0","0","0","0","0","0","100","1","Other plant","Herbivore","Ground","Diurnal"
"Psammomys vexillaris","114.79",,,,,,,,"0","0","0","0","0","0","0","0","0","100","1","Other plant","Herbivore","Ground","Diurnal"
"Pseudantechinus bilarni","25.275",,,,,,,,"70","0","0","0","0","0","0","30","0","0","2","Invertebrates","Faunivore","Arboreal","Nocturnal"
"Pseudantechinus macdonnellensis","31","27.15","0.6299",,,,,,"100","0","0","0","0","0","0","0","0","0","1","Invertebrates","Faunivore","Ground","Nocturnal"
"Pseudantechinus mimulus","16.5",,,,,,,,"90","0","0","0","10","0","0","0","0","0","2","Invertebrates","Faunivore","Ground","Nocturnal"
"Pseudantechinus ningbing","20",,,,,,,,"100","0","0","0","0","0","0","0","0","0","1","Invertebrates","Faunivore","Ground","Nocturnal"
"Pseudantechinus roryi","24.28",,,,,,,,"100","0","0","0","0","0","0","0","0","0","1","Invertebrates","Faunivore","Ground","Nocturnal"
"Pseudantechinus woolleyae","40",,,,,,,,"100","0","0","0","0","0","0","0","0","0","1","Invertebrates","Faunivore","Ground","Nocturnal"
"Pseudocheirus peregrinus","903.055","302.6","0.33",,,,,,"0","0","0","0","0","0","20","10","0","70","3","Other plant","Herbivore","Arboreal","Nocturnal"
"Pseudocheirus peregrinus notialis","916",,,,,,,,,,,,,,,,,,,,,,
"Pseudochirops albertisii","784.675",,,,,,,,"0","0","0","0","0","0","10","0","0","90","2","Other plant","Herbivore","Arboreal","Nocturnal"
"Pseudochirops archeri","1093.25",,,,,,,,"0","0","0","0","0","0","10","0","0","90","2","Other plant","Herbivore","Arboreal","Nocturnal"
"Pseudochirops corinnae","1123",,,,,,,,"0","0","0","0","0","0","10","0","0","90","2","Other plant","Herbivore","Arboreal","Nocturnal"
"Pseudochirops coronatus","1500",,,,,,,,"0","0","0","0","0","0","10","0","0","90","2","Other plant","Herbivore","Arboreal","Nocturnal"
"Pseudochirops cupreus","1712.25",,,,,,,,"0","0","0","0","0","0","10","0","0","90","2","Other plant","Herbivore","Arboreal","Nocturnal"
"Pseudochirulus canescens","300",,,,,,,,"0","0","0","0","0","0","20","0","0","80","2","Other plant","Herbivore","Arboreal","Nocturnal"
"Pseudochirulus caroli","448.01",,,,,,,,"0","0","0","0","0","0","20","0","0","80","2","Other plant","Herbivore","Arboreal","Nocturnal"
"Pseudochirulus cinereus","977.48",,,,,,,,"0","0","0","0","0","0","20","0","0","80","2","Other plant","Herbivore","Arboreal","Nocturnal"
"Pseudochirulus forbesi","644.58",,,,,,,,"0","0","0","0","0","0","20","0","0","80","2","Other plant","Herbivore","Arboreal","Nocturnal"
"Pseudochirulus herbertensis","1106.67",,,,,,,,"0","0","0","0","0","0","20","0","0","80","2","Other plant","Herbivore","Arboreal","Nocturnal"
"Pseudochirulus larvatus","448.3",,,,,,,,"0","0","0","0","0","0","20","0","0","80","2","Other plant","Herbivore","Arboreal","Nocturnal"
"Pseudochirulus mayeri","151.75",,,,,,,,"0","0","0","0","0","0","20","0","0","80","2","Other plant","Herbivore","Arboreal","Nocturnal"
"Pseudochirulus schlegeli","264.72",,,,,,,,"0","0","0","0","0","0","20","0","0","80","2","Other plant","Herbivore","Arboreal","Nocturnal"
"Pseudohydromys ellermani","21.4",,,,,,,,"80","0","0","0","0","0","0","0","0","20","2","Invertebrates","Faunivore","Ground","Nocturnal"
"Pseudohydromys fuscus","18.74",,,,,,,,"70","0","0","0","0","0","0","0","0","30","2","Invertebrates","Faunivore","Ground","Nocturnal"
"Pseudohydromys murinus","16.8",,,,,,,,"70","0","0","0","0","0","0","0","0","30","2","Invertebrates","Faunivore","Ground","Nocturnal"
"Pseudohydromys occidentalis","21.9",,,,,,,,"90","0","0","0","0","0","0","0","0","10","2","Invertebrates","Faunivore","Ground","Nocturnal"
"Pseudois nayaur","45000",,,,,,,,"0","0","0","0","0","0","0","0","0","100","1","Other plant","Herbivore","Ground","Cathemeral"
"Pseudois schaeferi","29250",,,,,,,,"0","0","0","0","0","0","0","0","0","100","1","Other plant","Herbivore","Ground","Cathemeral"
"Pseudomys albocinereus","29.2","43.52","1.5599",,,,,,"20","0","0","0","0","0","0","0","30","50","3","Other plant","Herbivore","Ground","Nocturnal"
"Pseudomys apodemoides","20",,,,,,,,"20","0","0","0","0","0","0","0","30","50","3","Other plant","Herbivore","Ground","Nocturnal"
"Pseudomys australis","57.5",,,,,,,,"20","0","0","0","0","0","0","0","30","50","3","Other plant","Herbivore","Ground","Nocturnal"
"Pseudomys bolami","15.5",,,,,,,,"20","0","0","0","0","0","0","0","30","50","3","Other plant","Herbivore","Ground","Nocturnal"
"Pseudomys calabyi","19.5",,,,,,,,"20","0","0","0","0","0","0","0","30","50","3","Other plant","Herbivore","Ground","Nocturnal"
"Pseudomys chapmani","12",,,,,,,,"20","0","0","0","0","0","0","0","30","50","3","Other plant","Herbivore","Ground","Nocturnal"
"Pseudomys delicatulus","11",,,,,,,,"20","0","0","0","0","0","0","0","30","50","3","Other plant","Herbivore","Ground","Nocturnal"
"Pseudomys desertor","25",,,,,,,,"20","0","0","0","0","0","0","0","30","50","3","Other plant","Herbivore","Ground","Nocturnal"
"Pseudomys fieldi","45",,,,,,,,"20","0","0","0","0","0","0","0","30","50","3","Other plant","Herbivore","Ground","Nocturnal"
"Pseudomys fumeus","70",,,,,,,,"20","0","0","0","0","0","0","0","30","50","3","Other plant","Herbivore","Ground","Nocturnal"
"Pseudomys glaucus","27.5",,,,,,,,"20","0","0","0","0","0","0","0","30","50","3","Other plant","Herbivore","Ground","Nocturnal"
"Pseudomys gouldii","50",,,,,,,,"20","0","0","0","0","0","0","0","30","50","3","Other plant","Herbivore","Ground","Nocturnal"
"Pseudomys gracilicaudatus","77.275","83.79","1.05",,,,,,"20","0","0","0","0","0","0","0","30","50","3","Other plant","Herbivore","Ground","Nocturnal"
"Pseudomys hermannsburgensis","12.3267","18.69","1.6033",,,,,,"20","0","0","0","0","0","0","0","30","50","3","Other plant","Herbivore","Ground","Nocturnal"
"Pseudomys higginsi","67",,,,,,,,"20","0","0","0","0","0","0","0","30","50","3","Other plant","Herbivore","Ground","Nocturnal"
"Pseudomys johnsoni","12",,,,,,,,"20","0","0","0","0","0","0","0","30","50","3","Other plant","Herbivore","Ground","Nocturnal"
"Pseudomys laborifex","12",,,,,,,,"20","0","0","0","0","0","0","0","30","50","3","Other plant","Herbivore","Ground","Nocturnal"
"Pseudomys nanus","34",,,,,,,,"20","0","0","0","0","0","0","0","30","50","3","Other plant","Herbivore","Ground","Nocturnal"
"Pseudomys novaehollandiae","20",,,,,,,,"20","0","0","0","0","0","0","0","30","50","3","Other plant","Herbivore","Ground","Nocturnal"
"Pseudomys occidentalis","34",,,,,,,,"20","0","0","0","0","0","0","0","30","50","3","Other plant","Herbivore","Ground","Nocturnal"
"Pseudomys oralis","95",,,,,,,,"20","0","0","0","0","0","0","0","30","50","3","Other plant","Herbivore","Ground","Nocturnal"
"Pseudomys patrius","15",,,,,,,,"20","0","0","0","0","0","0","0","30","50","3","Other plant","Herbivore","Ground","Nocturnal"
"Pseudomys pilligaensis","11",,,,,,,,"20","0","0","0","0","0","0","0","30","50","3","Other plant","Herbivore","Ground","Nocturnal"
"Pseudomys shortridgei","70",,,,,,,,"20","0","0","0","0","0","0","0","30","50","3","Other plant","Herbivore","Ground","Nocturnal"
"Pseudopotto martini","474.8",,,,,,,,"10","0","0","0","0","0","80","10","0","0","3","Fruit","Herbivore","Arboreal","Nocturnal"
"Pseudorca crassidens","1573333.3333",,,"62.5","451","730","1","3468","60","10","0","30","0","0","0","0","0","0","3","Invertebrates","Faunivore","Marine","Cathemeral"
"Pseudoryx nghetinhensis","97842.2",,,,,,,,"0","0","0","0","0","0","0","0","0","100","1","Other plant","Herbivore","Ground","Cathemeral"
"Pseudoryzomys simplex","51.25",,,,,,,,"20","0","0","0","0","0","20","0","20","40","4","Other plant","Herbivore","Ground","Nocturnal"
"Psilogramma increta","1",,,,,,,,,,,,,,,,,,,,,,
"Psittacula eupatria","222.9667",,,,,,,,,,,,,,,,,,,,,,
"Psittacus erithacus","453.5",,,,,,,,,,,,,,,,,,,,,,
"Ptenochirus jagori","77.25",,,,,,,,"0","0","0","0","0","0","100","0","0","0","1","Fruit","Herbivore","Arboreal","Nocturnal"
"Ptenochirus minor","36.25",,,,,,,,"0","0","0","0","0","0","100","0","0","0","1","Fruit","Herbivore","Arboreal","Nocturnal"
"Pteralopex acrodonta","250.5",,,,,,,,"0","0","0","0","0","0","40","40","20","0","3","Fruit","Herbivore","Arboreal","Nocturnal"
"Pteralopex anceps","560.36",,,,,,,,"0","0","0","0","0","0","40","40","20","0","3","Fruit","Herbivore","Arboreal","Nocturnal"
"Pteralopex atrata","472",,,,,,,,"0","0","0","0","0","0","40","40","20","0","3","Fruit","Herbivore","Arboreal","Nocturnal"
"Pteralopex pulchra","280",,,,,,,,"0","0","0","0","0","0","40","40","20","0","3","Fruit","Herbivore","Arboreal","Nocturnal"
"Pteralopex taki","369.06",,,,,,,,"0","0","0","0","0","0","40","40","20","0","3","Fruit","Herbivore","Arboreal","Nocturnal"
"Pterois volitans","38",,,,,,,,,,,,,,,,,,,,,,
"Pteromys momonga","297.41",,,,,,,,"10","0","0","0","0","0","30","0","30","30","4","Fruit","Herbivore","Arboreal","Nocturnal"
"Pteromys volans","143.75",,,,,,,,"10","0","0","0","0","0","30","0","30","30","4","Fruit","Herbivore","Arboreal","Nocturnal"
"Pteromyscus pulverulentus","367.125",,,,,,,,"0","0","0","0","0","0","30","0","20","50","3","Other plant","Herbivore","Arboreal","Cathemeral"
"Pteronotus davyi","9.7367","15.3","1.6277",,,,,,"100","0","0","0","0","0","0","0","0","0","1","Invertebrates","Faunivore","Aerial","Nocturnal"
"Pteronotus gymnonotus","14.015",,,,,,,,"100","0","0","0","0","0","0","0","0","0","1","Invertebrates","Faunivore","Aerial","Nocturnal"
"Pteronotus macleayii","5.35",,,,,,,,"100","0","0","0","0","0","0","0","0","0","1","Invertebrates","Faunivore","Aerial","Nocturnal"
"Pteronotus parnellii","19.3233","30.7","1.599",,,,,,"100","0","0","0","0","0","0","0","0","0","1","Invertebrates","Faunivore","Aerial","Nocturnal"
"Pteronotus personatus","10.17","23","1.6429",,,,,,"100","0","0","0","0","0","0","0","0","0","1","Invertebrates","Faunivore","Aerial","Nocturnal"
"Pteronotus pristinus","9.25",,,,,,,,"100","0","0","0","0","0","0","0","0","0","1","Invertebrates","Faunivore","Aerial","Nocturnal"
"Pteronotus quadridens","4.98","6","1.25",,,,,,"100","0","0","0","0","0","0","0","0","0","1","Invertebrates","Faunivore","Aerial","Nocturnal"
"Pteronura brasiliensis","23999.965",,,,,,,,"40","0","0","60","0","0","0","0","0","0","2","Fish","Faunivore","Ground","Diurnal"
"Pteropus admiralitatum","299.9",,,,,,,,"0","0","0","0","0","0","100","0","0","0","1","Fruit","Herbivore","Arboreal","Nocturnal"
"Pteropus aldabrensis","305",,,,,,,,"0","0","0","0","0","0","100","0","0","0","1","Fruit","Herbivore","Arboreal","Nocturnal"
"Pteropus alecto","619.285",,,,,,,,"0","0","0","0","0","0","100","0","0","0","1","Fruit","Herbivore","Arboreal","Nocturnal"
"Pteropus anetianus","426",,,,,,,,"0","0","0","0","0","0","100","0","0","0","1","Fruit","Herbivore","Arboreal","Nocturnal"
"Pteropus aruensis","361.25",,,,,,,,"0","0","0","0","0","0","100","0","0","0","1","Fruit","Herbivore","Arboreal","Nocturnal"
"Pteropus banakrisi","225",,,,,,,,"0","0","0","0","0","0","100","0","0","0","1","Fruit","Herbivore","Arboreal","Nocturnal"
"Pteropus brunneus","200",,,,,,,,"0","0","0","0","0","0","100","0","0","0","1","Fruit","Herbivore","Arboreal","Nocturnal"
"Pteropus caniceps","505",,,,,,,,"0","0","0","0","0","0","100","0","0","0","1","Fruit","Herbivore","Arboreal","Nocturnal"
"Pteropus capistratus","247.5",,,,,,,,"0","0","0","0","0","0","100","0","0","0","1","Fruit","Herbivore","Arboreal","Nocturnal"
"Pteropus chrysoproctus","710",,,,,,,,"0","0","0","0","0","0","100","0","0","0","1","Fruit","Herbivore","Arboreal","Nocturnal"
"Pteropus cognatus","361.25",,,,,,,,"0","0","0","0","0","0","100","0","0","0","1","Fruit","Herbivore","Arboreal","Nocturnal"
"Pteropus conspicillatus","762.85",,,,,,,,"0","0","0","0","0","0","100","0","0","0","1","Fruit","Herbivore","Arboreal","Nocturnal"
"Pteropus dasymallus","435",,,,,,,,"0","0","0","0","0","0","100","0","0","0","1","Fruit","Herbivore","Arboreal","Nocturnal"
"Pteropus edulis","900",,,,,,,,,,,,,,,,,,,,,,
"Pteropus faunulus","344.76",,,,,,,,"0","0","0","0","0","0","100","0","0","0","1","Fruit","Herbivore","Arboreal","Nocturnal"
"Pteropus fundatus","205.65",,,,,,,,"0","0","0","0","0","0","100","0","0","0","1","Fruit","Herbivore","Arboreal","Nocturnal"
"Pteropus giganteus","776.424","334.95","0.4411","40","145","120","1","365","0","0","0","0","0","0","100","0","0","0","1","Fruit","Herbivore","Arboreal","Nocturnal"
"Pteropus gilliardorum","406.94",,,,,,,,"0","0","0","0","0","0","100","0","0","0","1","Fruit","Herbivore","Arboreal","Nocturnal"
"Pteropus griseus","269",,,,,,,,"0","0","0","0","0","0","100","0","0","0","1","Fruit","Herbivore","Arboreal","Nocturnal"
"Pteropus howensis","232.93",,,,,,,,"0","0","0","0","0","0","100","0","0","0","1","Fruit","Herbivore","Arboreal","Nocturnal"
"Pteropus hypomelanus","446.3133","290.1","0.557",,,,,,"0","0","0","0","0","0","100","0","0","0","1","Fruit","Herbivore","Arboreal","Nocturnal"
"Pteropus insularis","282.86",,,,,,,,"0","0","0","0","0","0","100","0","0","0","1","Fruit","Herbivore","Arboreal","Nocturnal"
"Pteropus intermedius","361.25",,,,,,,,"0","0","0","0","0","0","100","0","0","0","1","Fruit","Herbivore","Arboreal","Nocturnal"
"Pteropus keyensis","361.25",,,,,,,,"0","0","0","0","0","0","100","0","0","0","1","Fruit","Herbivore","Arboreal","Nocturnal"
"Pteropus leucopterus","340",,,,,,,,"0","0","0","0","0","0","100","0","0","0","1","Fruit","Herbivore","Arboreal","Nocturnal"
"Pteropus livingstonii","734.27",,,,,,,,"0","0","0","0","0","0","100","0","0","0","1","Fruit","Herbivore","Arboreal","Nocturnal"
"Pteropus lombocensis","250.3",,,,,,,,"0","0","0","0","0","0","100","0","0","0","1","Fruit","Herbivore","Arboreal","Nocturnal"
"Pteropus loochoensis","361.25",,,,,,,,"0","0","0","0","0","0","100","0","0","0","1","Fruit","Herbivore","Arboreal","Nocturnal"
"Pteropus lylei","316.67",,,,,,,,"0","0","0","0","0","0","100","0","0","0","1","Fruit","Herbivore","Arboreal","Nocturnal"
"Pteropus macrotis","361.5",,,,,,,,"0","0","0","0","0","0","100","0","0","0","1","Fruit","Herbivore","Arboreal","Nocturnal"
"Pteropus mahaganus","358.2",,,,,,,,"0","0","0","0","0","0","100","0","0","0","1","Fruit","Herbivore","Arboreal","Nocturnal"
"Pteropus mariannus","453.5",,,,,,,,"0","0","0","0","0","0","100","0","0","0","1","Fruit","Herbivore","Arboreal","Nocturnal"
"Pteropus melanopogon","860",,,,,,,,"0","0","0","0","0","0","100","0","0","0","1","Fruit","Herbivore","Arboreal","Nocturnal"
"Pteropus melanotus","803.08",,,,,,,,"0","0","0","0","0","0","100","0","0","0","1","Fruit","Herbivore","Arboreal","Nocturnal"
"Pteropus molossinus","284.21",,,,,,,,"0","0","0","0","0","0","100","0","0","0","1","Fruit","Herbivore","Arboreal","Nocturnal"
"Pteropus neohibernicus","903.395",,,,,,,,"0","0","0","0","0","0","100","0","0","0","1","Fruit","Herbivore","Arboreal","Nocturnal"
"Pteropus niger","456.25",,,,,,,,"0","0","0","0","0","0","100","0","0","0","1","Fruit","Herbivore","Arboreal","Nocturnal"
"Pteropus nitendiensis","265",,,,,,,,"0","0","0","0","0","0","100","0","0","0","1","Fruit","Herbivore","Arboreal","Nocturnal"
"Pteropus ocularis","220",,,,,,,,"0","0","0","0","0","0","100","0","0","0","1","Fruit","Herbivore","Arboreal","Nocturnal"
"Pteropus ornatus","330",,,,,,,,"0","0","0","0","0","0","100","0","0","0","1","Fruit","Herbivore","Arboreal","Nocturnal"
"Pteropus pelewensis","361.25",,,,,,,,"0","0","0","0","0","0","100","0","0","0","1","Fruit","Herbivore","Arboreal","Nocturnal"
"Pteropus personatus","127.5",,,,,,,,"0","0","0","0","0","0","100","0","0","0","1","Fruit","Herbivore","Arboreal","Nocturnal"
"Pteropus pilosus","361.25",,,,,,,,"0","0","0","0","0","0","100","0","0","0","1","Fruit","Herbivore","Arboreal","Nocturnal"
"Pteropus pohlei","343",,,,,,,,"0","0","0","0","0","0","100","0","0","0","1","Fruit","Herbivore","Arboreal","Nocturnal"
"Pteropus poliocephalus","695","263.45","0.685",,,,,,"0","0","0","0","0","0","100","0","0","0","1","Fruit","Herbivore","Arboreal","Nocturnal"
"Pteropus pselaphon","282.86",,,,,,,,"0","0","0","0","0","0","100","0","0","0","1","Fruit","Herbivore","Arboreal","Nocturnal"
"Pteropus pumilus","188.775","126.4","0.6509",,,,,,"0","0","0","0","0","0","100","0","0","0","1","Fruit","Herbivore","Arboreal","Nocturnal"
"Pteropus rayneri","724.5",,,,,,,,"0","0","0","0","0","0","100","0","0","0","1","Fruit","Herbivore","Arboreal","Nocturnal"
"Pteropus rennelli","361.25",,,,,,,,"0","0","0","0","0","0","100","0","0","0","1","Fruit","Herbivore","Arboreal","Nocturnal"
"Pteropus rodricensis","254.165","134.9","0.5301",,,,,,"0","0","0","0","0","0","100","0","0","0","1","Fruit","Herbivore","Arboreal","Nocturnal"
"Pteropus rufus","349.915",,,,,,,,"0","0","0","0","0","0","100","0","0","0","1","Fruit","Herbivore","Arboreal","Nocturnal"
"Pteropus samoensis","310",,,,,,,,"0","0","0","0","0","0","100","0","0","0","1","Fruit","Herbivore","Arboreal","Nocturnal"
"Pteropus scapulatus","375.74","242.5","0.6699",,,,,,"0","0","0","0","0","0","100","0","0","0","1","Fruit","Herbivore","Arboreal","Nocturnal"
"Pteropus seychellensis","457",,,,,,,,"0","0","0","0","0","0","100","0","0","0","1","Fruit","Herbivore","Arboreal","Nocturnal"
"Pteropus speciosus","344.76",,,,,,,,"0","0","0","0","0","0","100","0","0","0","1","Fruit","Herbivore","Arboreal","Nocturnal"
"Pteropus subniger","361.25",,,,,,,,"0","0","0","0","0","0","100","0","0","0","1","Fruit","Herbivore","Arboreal","Nocturnal"
"Pteropus temminckii","305.625",,,,,,,,"0","0","0","0","0","0","100","0","0","0","1","Fruit","Herbivore","Arboreal","Nocturnal"
"Pteropus tokudae","152",,,,,,,,"0","0","0","0","0","0","100","0","0","0","1","Fruit","Herbivore","Arboreal","Nocturnal"
"Pteropus tonganus","423.54",,,,,,,,"0","0","0","0","0","0","100","0","0","0","1","Fruit","Herbivore","Arboreal","Nocturnal"
"Pteropus tuberculatus","282.86",,,,,,,,"0","0","0","0","0","0","100","0","0","0","1","Fruit","Herbivore","Arboreal","Nocturnal"
"Pteropus ualanus","361.25",,,,,,,,"0","0","0","0","0","0","100","0","0","0","1","Fruit","Herbivore","Arboreal","Nocturnal"
"Pteropus vampyrus","1016.4475","804.1","0.785",,,,,,"0","0","0","0","0","0","100","0","0","0","1","Fruit","Herbivore","Arboreal","Nocturnal"
"Pteropus vetulus","148",,,,,,,,"0","0","0","0","0","0","100","0","0","0","1","Fruit","Herbivore","Arboreal","Nocturnal"
"Pteropus voeltzkowi","527.5",,,,,,,,"0","0","0","0","0","0","100","0","0","0","1","Fruit","Herbivore","Arboreal","Nocturnal"
"Pteropus woodfordi","119.33",,,,,,,,"0","0","0","0","0","0","100","0","0","0","1","Fruit","Herbivore","Arboreal","Nocturnal"
"Pteropus yapensis","361.25",,,,,,,,"0","0","0","0","0","0","100","0","0","0","1","Fruit","Herbivore","Arboreal","Nocturnal"
"Ptilocercus lowii","49.69","43.1899","0.878",,,,,,"40","0","0","0","30","0","30","0","0","0","3","Invertebrates","Faunivore","Arboreal","Nocturnal"
"Pudu mephistophiles","9599.97",,,,,,,,"0","0","0","0","0","0","10","0","10","80","3","Other plant","Herbivore","Ground","Cathemeral"
"Pudu puda","9124.95",,,,,,,,"0","0","0","0","0","0","10","0","10","80","3","Other plant","Herbivore","Ground","Cathemeral"
"Puma concolor","52576.76","11263.35","0.2521",,,,,,"0","100","0","0","0","0","0","0","0","0","1","Endotherm vertebrates","Faunivore","Ground","Cathemeral"
"Puma yagouaroundi","5903.3333","1737","0.208",,,,,,"10","80","0","0","0","0","10","0","0","0","3","Endotherm vertebrates","Faunivore","Ground","Diurnal"
"Punomys kofordi","84.8",,,,,,,,"0","0","0","0","0","0","0","0","0","100","1","Other plant","Herbivore","Ground","Diurnal"
"Punomys lemminus","84.8",,,,,,,,"0","0","0","0","0","0","0","0","0","100","1","Other plant","Herbivore","Ground","Diurnal"
"Pusa caspica","62538.1",,,,,,,,"20","0","0","80","0","0","0","0","0","0","2","Fish","Faunivore","Marine","Diurnal"
"Pusa hispida","62782.8667","15700","0.3241",,,,,,"20","0","0","80","0","0","0","0","0","0","2","Fish","Faunivore","Marine","Diurnal"
"Pusa sibirica","89499.995",,,,,,,,"20","0","0","80","0","0","0","0","0","0","2","Fish","Faunivore","Marine","Diurnal"
"Putorius furo","900",,,,,,,,,,,,,,,,,,,,,,
"Pygathrix cinerea","10083.3",,,,,,,,"0","0","0","0","0","0","20","0","10","70","3","Other plant","Herbivore","Arboreal","Diurnal"
"Pygathrix nemaeus","7500",,,"30","190.5","330","1","1460","0","0","0","0","0","0","20","0","0","80","2","Other plant","Herbivore","Arboreal","Diurnal"
"Pygathrix nigripes","9608.76",,,,,,,,"0","0","0","0","0","0","30","0","0","70","2","Other plant","Herbivore","Arboreal","Diurnal"
"Pygathrix sp.","9720",,,,,,,,,,,,,,,,,,,,,,
"Pygeretmus platyurus","40.14",,,,,,,,"40","0","0","0","0","0","0","0","0","60","2","Other plant","Omnivore","Ground","Nocturnal"
"Pygeretmus pumilio","52",,,,,,,,"40","0","0","0","0","0","0","0","0","60","2","Other plant","Omnivore","Ground","Nocturnal"
"Pygeretmus shitkovi","58.3",,,,,,,,"40","0","0","0","0","0","0","0","0","60","2","Other plant","Omnivore","Ground","Nocturnal"
"Pygoderma bilabiatum","18.5",,,,,,,,"0","0","0","0","0","0","100","0","0","0","1","Fruit","Herbivore","Arboreal","Nocturnal"
"Rabbit (Race III) (Oryctolagus cuniculus)","2661.2",,,,,,,,,,,,,,,,,,,,,,
"Rabbit (Race X) (Oryctolagus cuniculus)","1565.4",,,,,,,,,,,,,,,,,,,,,,
"Rachycentron canadum","9305.31",,,,,,,,,,,,,,,,,,,,,,
"Rana clamitans","50",,,,,,,,,,,,,,,,,,,,,,
"Rana esculenta","48",,,,,,,,,,,,,,,,,,,,,,
"Rangifer tarandus","76589.1044","26865.3333","0.3888",,,,,,"0","0","0","0","0","0","0","0","0","100","1","Other plant","Herbivore","Ground","Diurnal"
"Raphicerus campestris","9692.34","3225.1","0.385",,,,,,"0","0","0","0","0","0","10","0","0","90","2","Other plant","Herbivore","Ground","Diurnal"
"Raphicerus melanotis","10174.955",,,,,,,,"0","0","0","0","0","0","10","0","0","90","2","Other plant","Herbivore","Ground","Diurnal"
"Raphicerus sharpei","9499.92",,,,,,,,"0","0","0","0","0","0","10","0","0","90","2","Other plant","Herbivore","Ground","Diurnal"
"Rattus adustus","158",,,,,,,,"30","0","0","0","0","0","20","0","40","10","4","Seed","Herbivore","Ground","Nocturnal"
"Rattus andamanensis","149.96",,,,,,,,"30","0","0","0","0","0","20","0","40","10","4","Seed","Herbivore","Ground","Nocturnal"
"Rattus annandalei","216.1",,,,,,,,"30","0","0","0","0","0","20","0","40","10","4","Seed","Herbivore","Ground","Nocturnal"
"Rattus arfakiensis","149.96",,,,,,,,"30","0","0","0","0","0","20","0","40","10","4","Seed","Herbivore","Ground","Nocturnal"
"Rattus argentiventer","133.13",,,,,,,,"30","0","0","0","0","0","20","0","40","10","4","Seed","Herbivore","Ground","Nocturnal"
"Rattus arrogans","149.96",,,,,,,,"30","0","0","0","0","0","20","0","40","10","4","Seed","Herbivore","Ground","Nocturnal"
"Rattus baluensis","108.75",,,,,,,,"30","0","0","0","0","0","20","0","40","10","4","Seed","Herbivore","Ground","Nocturnal"
"Rattus blangorum","149.96",,,,,,,,"30","0","0","0","0","0","20","0","40","10","4","Seed","Herbivore","Ground","Nocturnal"
"Rattus bontanus","239",,,,,,,,"30","0","0","0","0","0","20","0","40","10","4","Seed","Herbivore","Ground","Nocturnal"
"Rattus burrus","152.3",,,,,,,,"30","0","0","0","0","0","20","0","40","10","4","Seed","Herbivore","Ground","Nocturnal"
"Rattus colletti","113.35","123","0.7423",,,,,,"30","0","0","0","0","0","20","0","40","10","4","Seed","Herbivore","Ground","Nocturnal"
"Rattus elaphinus","131.35",,,,,,,,"30","0","0","0","0","0","20","0","40","10","4","Seed","Herbivore","Ground","Nocturnal"
"Rattus enganus","305",,,,,,,,"30","0","0","0","0","0","20","0","40","10","4","Seed","Herbivore","Ground","Nocturnal"
"Rattus everetti","255.03",,,,,,,,"30","0","0","0","0","0","20","0","40","10","4","Seed","Herbivore","Ground","Nocturnal"
"Rattus exulans","53.805",,,,,,,,"30","0","0","0","0","0","20","0","40","10","4","Seed","Herbivore","Ground","Nocturnal"
"Rattus feliceus","306",,,,,,,,"30","0","0","0","0","0","20","0","40","10","4","Seed","Herbivore","Ground","Nocturnal"
"Rattus fuscipes","110.5778","81.94","1.0683",,,,,,"30","0","0","0","0","0","20","0","40","10","4","Seed","Herbivore","Ground","Nocturnal"
"Rattus giluwensis","169.88",,,,,,,,"30","0","0","0","0","0","20","0","40","10","4","Seed","Herbivore","Ground","Nocturnal"
"Rattus hainaldi","155.52",,,,,,,,"30","0","0","0","0","0","20","0","40","10","4","Seed","Herbivore","Ground","Nocturnal"
"Rattus hoffmanni","147",,,,,,,,"30","0","0","0","0","0","20","0","40","10","4","Seed","Herbivore","Ground","Nocturnal"
"Rattus hoogerwerfi","165",,,,,,,,"30","0","0","0","0","0","20","0","40","10","4","Seed","Herbivore","Ground","Nocturnal"
"Rattus jobiensis","380",,,,,,,,"30","0","0","0","0","0","20","0","40","10","4","Seed","Herbivore","Ground","Nocturnal"
"Rattus koopmani","151.4",,,,,,,,"30","0","0","0","0","0","20","0","40","10","4","Seed","Herbivore","Ground","Nocturnal"
"Rattus korinchi","131",,,,,,,,"30","0","0","0","0","0","20","0","40","10","4","Seed","Herbivore","Ground","Nocturnal"
"Rattus leucopus","171.73",,,,,,,,"30","0","0","0","0","0","20","0","40","10","4","Seed","Herbivore","Ground","Nocturnal"
"Rattus losea","77",,,,,,,,"30","0","0","0","0","0","20","0","40","10","4","Seed","Herbivore","Ground","Nocturnal"
"Rattus lugens","224",,,,,,,,"30","0","0","0","0","0","20","0","40","10","4","Seed","Herbivore","Ground","Nocturnal"
"Rattus lutreolus","102.6","63.3","0.5802",,,,,,"30","0","0","0","0","0","20","0","40","10","4","Seed","Herbivore","Ground","Nocturnal"
"Rattus macleari","149.96",,,,,,,,"30","0","0","0","0","0","20","0","40","10","4","Seed","Herbivore","Ground","Nocturnal"
"Rattus marmosurus","217",,,,,,,,"30","0","0","0","0","0","20","0","40","10","4","Seed","Herbivore","Ground","Nocturnal"
"Rattus mindorensis","136",,,,,,,,"30","0","0","0","0","0","20","0","40","10","4","Seed","Herbivore","Ground","Nocturnal"
"Rattus mollicomulus","151.76",,,,,,,,"30","0","0","0","0","0","20","0","40","10","4","Seed","Herbivore","Ground","Nocturnal"
"Rattus montanus","136",,,,,,,,"30","0","0","0","0","0","20","0","40","10","4","Seed","Herbivore","Ground","Nocturnal"
"Rattus mordax","230",,,,,,,,"30","0","0","0","0","0","20","0","40","10","4","Seed","Herbivore","Ground","Nocturnal"
"Rattus morotaiensis","141.175",,,,,,,,"30","0","0","0","0","0","20","0","40","10","4","Seed","Herbivore","Ground","Nocturnal"
"Rattus nativitatis","149.96",,,,,,,,"30","0","0","0","0","0","20","0","40","10","4","Seed","Herbivore","Ground","Nocturnal"
"Rattus niobe","43.1567","53.6","1.2671",,,,,,"40","0","0","0","0","0","0","0","30","30","3","Invertebrates","Omnivore","Ground","Nocturnal"
"Rattus nitidus","117.25",,,,,,,,"30","0","0","0","0","0","20","0","40","10","4","Seed","Herbivore","Ground","Nocturnal"
"Rattus norvegicus","315.3667","244.0487","1.0595","4","21.25","25","8.95","90","30","0","0","0","0","0","20","0","40","10","4","Seed","Herbivore","Ground","Nocturnal"
"Rattus novaeguineae","133",,,,,,,,"30","0","0","0","0","0","20","0","40","10","4","Seed","Herbivore","Ground","Nocturnal"
"Rattus omichlodes","70.02",,,,,,,,"30","0","0","0","0","0","20","0","40","10","4","Seed","Herbivore","Ground","Nocturnal"
"Rattus osgoodi","93",,,,,,,,"30","0","0","0","0","0","20","0","40","10","4","Seed","Herbivore","Ground","Nocturnal"
"Rattus palmarum","491",,,,,,,,"30","0","0","0","0","0","20","0","40","10","4","Seed","Herbivore","Ground","Nocturnal"
"Rattus pelurus","170.27",,,,,,,,"30","0","0","0","0","0","20","0","40","10","4","Seed","Herbivore","Ground","Nocturnal"
"Rattus pococki","149.96",,,,,,,,"30","0","0","0","0","0","20","0","40","10","4","Seed","Herbivore","Ground","Nocturnal"
"Rattus praetor","204.13",,,,,,,,"30","0","0","0","0","0","20","0","40","10","4","Seed","Herbivore","Ground","Nocturnal"
"Rattus pyctoris","149.96",,,,,,,,"30","0","0","0","0","0","20","0","40","10","4","Seed","Herbivore","Ground","Nocturnal"
"Rattus ranjiniae","120",,,,,,,,"30","0","0","0","0","0","20","0","40","10","4","Seed","Herbivore","Ground","Nocturnal"
"Rattus richardsoni","64.29",,,,,,,,"40","0","0","0","0","0","0","0","30","30","3","Invertebrates","Omnivore","Ground","Nocturnal"
"Rattus salocco","149.96",,,,,,,,"30","0","0","0","0","0","20","0","40","10","4","Seed","Herbivore","Ground","Nocturnal"
"Rattus sanila","149.96",,,,,,,,"30","0","0","0","0","0","20","0","40","10","4","Seed","Herbivore","Ground","Nocturnal"
"Rattus satarae","149.96",,,,,,,,"30","0","0","0","0","0","20","0","40","10","4","Seed","Herbivore","Ground","Nocturnal"
"Rattus simalurensis","153.12",,,,,,,,"30","0","0","0","0","0","20","0","40","10","4","Seed","Herbivore","Ground","Nocturnal"
"Rattus sordidus","139.085",,,,,,,,"30","0","0","0","0","0","20","0","40","10","4","Seed","Herbivore","Ground","Nocturnal"
"Rattus sp.","217",,,,,,,,,,,,,,,,,,,,,,
"Rattus steini","155",,,,,,,,"30","0","0","0","0","0","20","0","40","10","4","Seed","Herbivore","Ground","Nocturnal"
"Rattus stoicus","323",,,,,,,,"30","0","0","0","0","0","20","0","40","10","4","Seed","Herbivore","Ground","Nocturnal"
"Rattus tanezumi","134",,,,,,,,"30","0","0","0","0","0","20","0","40","10","4","Seed","Herbivore","Ground","Nocturnal"
"Rattus tawitawiensis","180",,,,,,,,"30","0","0","0","0","0","20","0","40","10","4","Seed","Herbivore","Ground","Nocturnal"
"Rattus timorensis","160.32",,,,,,,,"30","0","0","0","0","0","20","0","40","10","4","Seed","Herbivore","Ground","Nocturnal"
"Rattus tiomanicus","129.96",,,,,,,,"30","0","0","0","0","0","20","0","40","10","4","Seed","Herbivore","Ground","Nocturnal"
"Rattus tunneyi","100.1",,,,,,,,"30","0","0","0","0","0","20","0","40","10","4","Seed","Herbivore","Ground","Nocturnal"
"Rattus vandeuseni","67.24",,,,,,,,"40","0","0","0","0","0","0","0","30","30","3","Invertebrates","Omnivore","Ground","Nocturnal"
"Rattus verecundus","78.21",,,,,,,,"40","0","0","0","0","0","0","0","30","30","3","Invertebrates","Omnivore","Ground","Nocturnal"
"Rattus villosissimus","175.05","126.4","0.5843",,,,,,"30","0","0","0","0","0","20","0","40","10","4","Seed","Herbivore","Ground","Nocturnal"
"Rattus xanthurus","303",,,,,,,,"30","0","0","0","0","0","20","0","40","10","4","Seed","Herbivore","Ground","Nocturnal"
"Ratufa affinis","1069.375",,,,,,,,"10","0","0","0","10","0","30","0","30","20","5","Fruit","Herbivore","Arboreal","Diurnal"
"Ratufa bicolor","1685",,,,,,,,"10","0","0","0","10","0","30","0","30","20","5","Fruit","Herbivore","Arboreal","Diurnal"
"Ratufa indica","1497.5",,,,,,,,"10","0","0","0","10","0","30","0","30","20","5","Fruit","Herbivore","Arboreal","Diurnal"
"Ratufa macroura","1327.08",,,,,,,,"10","0","0","0","10","0","30","0","30","20","5","Fruit","Herbivore","Arboreal","Diurnal"
"Redunca arundinum","48100.135",,,,,,,,"0","0","0","0","0","0","0","0","0","100","1","Other plant","Herbivore","Ground","Cathemeral"
"Redunca fulvorufula","30249.93",,,,,,,,"0","0","0","0","0","0","0","0","0","100","1","Other plant","Herbivore","Ground","Cathemeral"
"Redunca redunca","45775.205",,,,,,,,"0","0","0","0","0","0","0","0","0","100","1","Other plant","Herbivore","Ground","Cathemeral"
"Regulus regulus","4.516",,,,,,,,,,,,,,,,,,,,,,
"Reithrodon auritus","74.775","76.8","0.9759",,,,,,"0","0","0","0","0","0","0","0","0","100","1","Other plant","Herbivore","Ground","Nocturnal"
"Reithrodon typicus","70.85",,,,,,,,"0","0","0","0","0","0","0","0","0","100","1","Other plant","Herbivore","Ground","Nocturnal"
"Reithrodontomys brevirostris","12.9",,,,,,,,"0","0","0","0","0","0","0","0","50","50","2","Seed","Herbivore","Ground","Nocturnal"
"Reithrodontomys burti","20",,,,,,,,"0","0","0","0","0","0","0","0","50","50","2","Seed","Herbivore","Ground","Nocturnal"
"Reithrodontomys chrysopsis","19",,,,,,,,"0","0","0","0","0","0","0","0","50","50","2","Seed","Herbivore","Ground","Nocturnal"
"Reithrodontomys creper","22.8",,,,,,,,"0","0","0","0","0","0","0","0","50","50","2","Seed","Herbivore","Ground","Nocturnal"
"Reithrodontomys darienensis","13",,,,,,,,"0","0","0","0","0","0","0","0","50","50","2","Seed","Herbivore","Ground","Nocturnal"
"Reithrodontomys fulvescens","11.4",,,,,,,,"0","0","0","0","0","0","0","0","50","50","2","Seed","Herbivore","Ground","Nocturnal"
"Reithrodontomys gracilis","12.27",,,,,,,,"0","0","0","0","0","0","0","0","50","50","2","Seed","Herbivore","Ground","Nocturnal"
"Reithrodontomys hirsutus","20",,,,,,,,"0","0","0","0","0","0","0","0","50","50","2","Seed","Herbivore","Ground","Nocturnal"
"Reithrodontomys humilis","8.4","36.5","4.3452",,,,,,,,,,,,,,,,,,,,
"Reithrodontomys humulis","8.31",,,,,,,,"0","0","0","0","0","0","0","0","50","50","2","Seed","Herbivore","Ground","Nocturnal"
"Reithrodontomys megalotis","8","20.9675","2.2989",,,,,,"0","0","0","0","0","0","0","0","50","50","2","Seed","Herbivore","Ground","Nocturnal"
"Reithrodontomys mexicanus","16",,,,,,,,"0","0","0","0","0","0","0","0","50","50","2","Seed","Herbivore","Ground","Nocturnal"
"Reithrodontomys microdon","20",,,,,,,,"0","0","0","0","0","0","0","0","50","50","2","Seed","Herbivore","Ground","Nocturnal"
"Reithrodontomys montanus","10.9",,,,,,,,"0","0","0","0","0","0","0","0","50","50","2","Seed","Herbivore","Ground","Nocturnal"
"Reithrodontomys paradoxus","16.22",,,,,,,,"0","0","0","0","0","0","0","0","50","50","2","Seed","Herbivore","Ground","Nocturnal"
"Reithrodontomys raviventris","11.05",,,,,,,,"0","0","0","0","0","0","0","0","50","50","2","Seed","Herbivore","Ground","Nocturnal"
"Reithrodontomys rodriguezi","19.29",,,,,,,,"0","0","0","0","0","0","0","0","50","50","2","Seed","Herbivore","Ground","Nocturnal"
"Reithrodontomys spectabilis","20.2",,,,,,,,"0","0","0","0","0","0","0","0","50","50","2","Seed","Herbivore","Ground","Nocturnal"
"Reithrodontomys sumichrasti","19",,,,,,,,"0","0","0","0","0","0","0","0","50","50","2","Seed","Herbivore","Ground","Nocturnal"
"Reithrodontomys tenuirostris","20",,,,,,,,"0","0","0","0","0","0","0","0","50","50","2","Seed","Herbivore","Ground","Nocturnal"
"Reithrodontomys zacatecae","14.49",,,,,,,,"0","0","0","0","0","0","0","0","50","50","2","Seed","Herbivore","Ground","Nocturnal"
"Rhabdomys dilectus","41.12",,,,,,,,"20","0","0","0","0","0","20","0","40","20","4","Seed","Herbivore","Ground","Diurnal"
"Rhabdomys pumilio","43.845","44.3225","0.8624",,,,,,"20","0","0","0","0","0","20","0","40","20","4","Seed","Herbivore","Ground","Diurnal"
"Rhagamys orthodon","71.33",,,,,,,,"10","0","0","0","0","0","10","0","20","60","4","Other plant","Herbivore","Ground","Nocturnal"
"Rhagomys longilingua","21.2",,,,,,,,"20","0","0","0","0","0","10","0","40","30","4","Seed","Herbivore","Arboreal","Nocturnal"
"Rhagomys rufescens","21.2",,,,,,,,"20","0","0","0","0","0","10","0","40","30","4","Seed","Herbivore","Arboreal","Nocturnal"
"Rheithrosciurus macrotis","1225",,,,,,,,"0","0","0","0","0","0","100","0","0","0","1","Fruit","Herbivore","Arboreal","Diurnal"
"Rheomys mexicanus","40",,,,,,,,"100","0","0","0","0","0","0","0","0","0","1","Invertebrates","Faunivore","Ground","Cathemeral"
"Rheomys raptor","38",,,,,,,,"100","0","0","0","0","0","0","0","0","0","1","Invertebrates","Faunivore","Ground","Cathemeral"
"Rheomys thomasi","40",,,,,,,,"100","0","0","0","0","0","0","0","0","0","1","Invertebrates","Faunivore","Ground","Cathemeral"
"Rheomys underwoodi","41.85",,,,,,,,"100","0","0","0","0","0","0","0","0","0","1","Invertebrates","Faunivore","Ground","Cathemeral"
"Rhesus macaque","8470",,,,,,,,,,,,,,,,,,,,,,
"Rhinobatos productus","265.22",,,,,,,,,,,,,,,,,,,,,,
"Rhinoceros sondaicus","1750000",,,,,,,,"0","0","0","0","0","0","30","0","0","70","2","Other plant","Herbivore","Ground","Nocturnal"
"Rhinoceros unicornis","1926166.5",,,,,,,,"0","0","0","0","0","0","20","0","0","80","2","Other plant","Herbivore","Ground","Cathemeral"
"Rhinolophus","16",,,,,,,,,,,,,,,,,,,,,,
"Rhinolophus acuminatus","12.115",,,,,,,,"100","0","0","0","0","0","0","0","0","0","1","Invertebrates","Faunivore","Aerial","Nocturnal"
"Rhinolophus adami","10.4",,,,,,,,"100","0","0","0","0","0","0","0","0","0","1","Invertebrates","Faunivore","Aerial","Nocturnal"
"Rhinolophus affinis","13.565",,,,,,,,"100","0","0","0","0","0","0","0","0","0","1","Invertebrates","Faunivore","Aerial","Nocturnal"
"Rhinolophus alcyone","18.75",,,,,,,,"100","0","0","0","0","0","0","0","0","0","1","Invertebrates","Faunivore","Aerial","Nocturnal"
"Rhinolophus arcuatus","8.75",,,,,,,,"100","0","0","0","0","0","0","0","0","0","1","Invertebrates","Faunivore","Aerial","Nocturnal"
"Rhinolophus beddomei","10.62",,,,,,,,"80","0","0","0","0","0","0","0","10","10","3","Invertebrates","Faunivore","Aerial","Nocturnal"
"Rhinolophus blasii","9.7",,,,,,,,"100","0","0","0","0","0","0","0","0","0","1","Invertebrates","Faunivore","Aerial","Nocturnal"
"Rhinolophus bocharicus","15.05",,,,,,,,"80","0","0","0","0","0","0","0","10","10","3","Invertebrates","Faunivore","Aerial","Nocturnal"
"Rhinolophus borneensis","7.9",,,,,,,,"100","0","0","0","0","0","0","0","0","0","1","Invertebrates","Faunivore","Aerial","Nocturnal"
"Rhinolophus canuti","10.75",,,,,,,,"100","0","0","0","0","0","0","0","0","0","1","Invertebrates","Faunivore","Aerial","Nocturnal"
"Rhinolophus capensis","12.5","7.14","0.6",,,,,,"100","0","0","0","0","0","0","0","0","0","1","Invertebrates","Faunivore","Aerial","Nocturnal"
"Rhinolophus celebensis","10.4",,,,,,,,"100","0","0","0","0","0","0","0","0","0","1","Invertebrates","Faunivore","Aerial","Nocturnal"
"Rhinolophus clivosus","17.53","13.46","0.7998",,,,,,"100","0","0","0","0","0","0","0","0","0","1","Invertebrates","Faunivore","Aerial","Nocturnal"
"Rhinolophus coelophyllus","7.4",,,,,,,,"100","0","0","0","0","0","0","0","0","0","1","Invertebrates","Faunivore","Aerial","Nocturnal"
"Rhinolophus cognatus","10.49",,,,,,,,"100","0","0","0","0","0","0","0","0","0","1","Invertebrates","Faunivore","Aerial","Nocturnal"
"Rhinolophus convexus","10.62",,,,,,,,"80","0","0","0","0","0","0","0","10","10","3","Invertebrates","Faunivore","Aerial","Nocturnal"
"Rhinolophus cornutus","6.9",,,,,,,,"100","0","0","0","0","0","0","0","0","0","1","Invertebrates","Faunivore","Aerial","Nocturnal"
"Rhinolophus creaghi","12",,,,,,,,"100","0","0","0","0","0","0","0","0","0","1","Invertebrates","Faunivore","Aerial","Nocturnal"
"Rhinolophus darlingi","9.45",,,,,,,,"100","0","0","0","0","0","0","0","0","0","1","Invertebrates","Faunivore","Aerial","Nocturnal"
"Rhinolophus deckenii","10.4",,,,,,,,"100","0","0","0","0","0","0","0","0","0","1","Invertebrates","Faunivore","Aerial","Nocturnal"
"Rhinolophus denti","6.15",,,,,,,,"100","0","0","0","0","0","0","0","0","0","1","Invertebrates","Faunivore","Aerial","Nocturnal"
"Rhinolophus eloquens","19.05",,,,,,,,"100","0","0","0","0","0","0","0","0","0","1","Invertebrates","Faunivore","Aerial","Nocturnal"
"Rhinolophus euryale","8.15",,,,,,,,"100","0","0","0","0","0","0","0","0","0","1","Invertebrates","Faunivore","Aerial","Nocturnal"
"Rhinolophus euryotis","14.3",,,,,,,,"100","0","0","0","0","0","0","0","0","0","1","Invertebrates","Faunivore","Aerial","Nocturnal"
"Rhinolophus ferrumequinum","23",,,,,,,,"100","0","0","0","0","0","0","0","0","0","1","Invertebrates","Faunivore","Aerial","Nocturnal"
"Rhinolophus formosae","10.62",,,,,,,,"80","0","0","0","0","0","0","0","10","10","3","Invertebrates","Faunivore","Aerial","Nocturnal"
"Rhinolophus fumigatus","12.94",,,,,,,,"100","0","0","0","0","0","0","0","0","0","1","Invertebrates","Faunivore","Aerial","Nocturnal"
"Rhinolophus guineensis","9.9",,,,,,,,"100","0","0","0","0","0","0","0","0","0","1","Invertebrates","Faunivore","Aerial","Nocturnal"
"Rhinolophus hildebrandtii","27.545",,,,,,,,"100","0","0","0","0","0","0","0","0","0","1","Invertebrates","Faunivore","Aerial","Nocturnal"
"Rhinolophus hilli","13.6",,,,,,,,"80","0","0","0","0","0","0","0","10","10","3","Invertebrates","Faunivore","Aerial","Nocturnal"
"Rhinolophus hillorum","10.62",,,,,,,,"80","0","0","0","0","0","0","0","10","10","3","Invertebrates","Faunivore","Aerial","Nocturnal"
"Rhinolophus hipposideros","5.3",,,,,,,,"100","0","0","0","0","0","0","0","0","0","1","Invertebrates","Faunivore","Aerial","Nocturnal"
"Rhinolophus imaizumii","10.62",,,,,,,,"100","0","0","0","0","0","0","0","0","0","1","Invertebrates","Faunivore","Aerial","Nocturnal"
"Rhinolophus inops","13.5",,,,,,,,"100","0","0","0","0","0","0","0","0","0","1","Invertebrates","Faunivore","Aerial","Nocturnal"
"Rhinolophus keyensis","6.26",,,,,,,,"100","0","0","0","0","0","0","0","0","0","1","Invertebrates","Faunivore","Aerial","Nocturnal"
"Rhinolophus landeri","9.255",,,,,,,,"100","0","0","0","0","0","0","0","0","0","1","Invertebrates","Faunivore","Aerial","Nocturnal"
"Rhinolophus lepidus","5.65",,,,,,,,"100","0","0","0","0","0","0","0","0","0","1","Invertebrates","Faunivore","Aerial","Nocturnal"
"Rhinolophus luctus","33.675",,,,,,,,"100","0","0","0","0","0","0","0","0","0","1","Invertebrates","Faunivore","Aerial","Nocturnal"
"Rhinolophus maclaudi","13.08",,,,,,,,"100","0","0","0","0","0","0","0","0","0","1","Invertebrates","Faunivore","Aerial","Nocturnal"
"Rhinolophus macrotis","6.225",,,,,,,,"100","0","0","0","0","0","0","0","0","0","1","Invertebrates","Faunivore","Aerial","Nocturnal"
"Rhinolophus madurensis","10.62",,,,,,,,"80","0","0","0","0","0","0","0","10","10","3","Invertebrates","Faunivore","Aerial","Nocturnal"
"Rhinolophus maendeleo","10.62",,,,,,,,"80","0","0","0","0","0","0","0","10","10","3","Invertebrates","Faunivore","Aerial","Nocturnal"
"Rhinolophus malayanus","6.55",,,,,,,,"100","0","0","0","0","0","0","0","0","0","1","Invertebrates","Faunivore","Aerial","Nocturnal"
"Rhinolophus marshalli","5.02",,,,,,,,"100","0","0","0","0","0","0","0","0","0","1","Invertebrates","Faunivore","Aerial","Nocturnal"
"Rhinolophus megaphyllus","9.93",,,,,,,,"100","0","0","0","0","0","0","0","0","0","1","Invertebrates","Faunivore","Aerial","Nocturnal"
"Rhinolophus mehelyi","11.015",,,,,,,,"100","0","0","0","0","0","0","0","0","0","1","Invertebrates","Faunivore","Aerial","Nocturnal"
"Rhinolophus mitratus","10.4",,,,,,,,"100","0","0","0","0","0","0","0","0","0","1","Invertebrates","Faunivore","Aerial","Nocturnal"
"Rhinolophus monoceros","10.62",,,,,,,,"100","0","0","0","0","0","0","0","0","0","1","Invertebrates","Faunivore","Aerial","Nocturnal"
"Rhinolophus montanus","10.62",,,,,,,,"80","0","0","0","0","0","0","0","10","10","3","Invertebrates","Faunivore","Aerial","Nocturnal"
"Rhinolophus nereis","9.62",,,,,,,,"100","0","0","0","0","0","0","0","0","0","1","Invertebrates","Faunivore","Aerial","Nocturnal"
"Rhinolophus osgoodi","10.62",,,,,,,,"100","0","0","0","0","0","0","0","0","0","1","Invertebrates","Faunivore","Aerial","Nocturnal"
"Rhinolophus paradoxolophus","8.77",,,,,,,,"100","0","0","0","0","0","0","0","0","0","1","Invertebrates","Faunivore","Aerial","Nocturnal"
"Rhinolophus pearsonii","12.725",,,,,,,,"100","0","0","0","0","0","0","0","0","0","1","Invertebrates","Faunivore","Aerial","Nocturnal"
"Rhinolophus philippinensis","10.33",,,,,,,,"100","0","0","0","0","0","0","0","0","0","1","Invertebrates","Faunivore","Aerial","Nocturnal"
"Rhinolophus pusillus","4.925",,,,,,,,"100","0","0","0","0","0","0","0","0","0","1","Invertebrates","Faunivore","Aerial","Nocturnal"
"Rhinolophus rex","10.4",,,,,,,,"100","0","0","0","0","0","0","0","0","0","1","Invertebrates","Faunivore","Aerial","Nocturnal"
"Rhinolophus robinsoni","8.5",,,,,,,,"100","0","0","0","0","0","0","0","0","0","1","Invertebrates","Faunivore","Aerial","Nocturnal"
"Rhinolophus rouxi","14",,,,,,,,,,,,,,,,,,,,,,
"Rhinolophus rouxii","12.25",,,,,,,,"100","0","0","0","0","0","0","0","0","0","1","Invertebrates","Faunivore","Aerial","Nocturnal"
"Rhinolophus rufus","30",,,,,,,,"100","0","0","0","0","0","0","0","0","0","1","Invertebrates","Faunivore","Aerial","Nocturnal"
"Rhinolophus ruwenzorii","10.62",,,,,,,,"80","0","0","0","0","0","0","0","10","10","3","Invertebrates","Faunivore","Aerial","Nocturnal"
"Rhinolophus sakejiensis","22",,,,,,,,"80","0","0","0","0","0","0","0","10","10","3","Invertebrates","Faunivore","Aerial","Nocturnal"
"Rhinolophus sedulus","8.75",,,,,,,,"100","0","0","0","0","0","0","0","0","0","1","Invertebrates","Faunivore","Aerial","Nocturnal"
"Rhinolophus shameli","9.61",,,,,,,,"100","0","0","0","0","0","0","0","0","0","1","Invertebrates","Faunivore","Aerial","Nocturnal"
"Rhinolophus shortridgei","10.62",,,,,,,,"80","0","0","0","0","0","0","0","10","10","3","Invertebrates","Faunivore","Aerial","Nocturnal"
"Rhinolophus siamensis","10.62",,,,,,,,"80","0","0","0","0","0","0","0","10","10","3","Invertebrates","Faunivore","Aerial","Nocturnal"
"Rhinolophus silvestris","10.4",,,,,,,,"100","0","0","0","0","0","0","0","0","0","1","Invertebrates","Faunivore","Aerial","Nocturnal"
"Rhinolophus simulator","8.1",,,,,,,,"100","0","0","0","0","0","0","0","0","0","1","Invertebrates","Faunivore","Aerial","Nocturnal"
"Rhinolophus sinicus","10.62",,,,,,,,"80","0","0","0","0","0","0","0","10","10","3","Invertebrates","Faunivore","Aerial","Nocturnal"
"Rhinolophus stheno","8.2",,,,,,,,"100","0","0","0","0","0","0","0","0","0","1","Invertebrates","Faunivore","Aerial","Nocturnal"
"Rhinolophus subbadius","10.49",,,,,,,,"100","0","0","0","0","0","0","0","0","0","1","Invertebrates","Faunivore","Aerial","Nocturnal"
"Rhinolophus subrufus","10.4",,,,,,,,"100","0","0","0","0","0","0","0","0","0","1","Invertebrates","Faunivore","Aerial","Nocturnal"
"Rhinolophus swinnyi","7.13",,,,,,,,"100","0","0","0","0","0","0","0","0","0","1","Invertebrates","Faunivore","Aerial","Nocturnal"
"Rhinolophus thomasi","8.65",,,,,,,,"100","0","0","0","0","0","0","0","0","0","1","Invertebrates","Faunivore","Aerial","Nocturnal"
"Rhinolophus trifoliatus","14.665",,,,,,,,"100","0","0","0","0","0","0","0","0","0","1","Invertebrates","Faunivore","Aerial","Nocturnal"
"Rhinolophus virgo","6",,,,,,,,"100","0","0","0","0","0","0","0","0","0","1","Invertebrates","Faunivore","Aerial","Nocturnal"
"Rhinolophus yunanensis","21.6",,,,,,,,"100","0","0","0","0","0","0","0","0","0","1","Invertebrates","Faunivore","Aerial","Nocturnal"
"Rhinolophus ziama","10.62",,,,,,,,"80","0","0","0","0","0","0","0","10","10","3","Invertebrates","Faunivore","Aerial","Nocturnal"
"Rhinonicteris aurantia","8.5633","16.2","1.9589",,,,,,"100","0","0","0","0","0","0","0","0","0","1","Invertebrates","Faunivore","Aerial","Nocturnal"
"Rhinophylla alethina","13.57",,,,,,,,"10","0","0","0","0","0","90","0","0","0","2","Fruit","Herbivore","Arboreal","Nocturnal"
"Rhinophylla fischerae","9.6",,,,,,,,"10","0","0","0","0","0","90","0","0","0","2","Fruit","Herbivore","Arboreal","Nocturnal"
"Rhinophylla pumilio","9.3167","16.2","1.7053",,,,,,"10","0","0","0","0","0","90","0","0","0","2","Fruit","Herbivore","Arboreal","Nocturnal"
"Rhinopithecus avunculus","8695.3967",,,,,,,,"0","0","0","0","0","0","20","0","10","70","3","Other plant","Herbivore","Arboreal","Diurnal"
"Rhinopithecus bieti","9733.5133",,,,,,,,"0","0","0","0","0","0","0","0","0","100","1","Other plant","Herbivore","Arboreal","Diurnal"
"Rhinopithecus brelichi","12267.15",,,,,,,,"0","0","0","0","0","0","20","0","10","70","3","Other plant","Herbivore","Arboreal","Diurnal"
"Rhinopithecus roxellana","12214.0444",,,,,,,,"0","0","0","0","0","0","10","0","10","80","3","Other plant","Herbivore","Arboreal","Diurnal"
"Rhinopoma hardwickii","13",,,,,,,,"100","0","0","0","0","0","0","0","0","0","1","Invertebrates","Faunivore","Aerial","Nocturnal"
"Rhinopoma macinnesi","14.94",,,,,,,,"100","0","0","0","0","0","0","0","0","0","1","Invertebrates","Faunivore","Aerial","Nocturnal"
"Rhinopoma microphyllum","10",,,,,,,,"100","0","0","0","0","0","0","0","0","0","1","Invertebrates","Faunivore","Aerial","Nocturnal"
"Rhinopoma muscatellum","9.14",,,,,,,,"100","0","0","0","0","0","0","0","0","0","1","Invertebrates","Faunivore","Aerial","Nocturnal"
"Rhinosciurus laticaudatus","234.125",,,,,,,,"80","0","0","0","0","0","20","0","0","0","2","Invertebrates","Faunivore","Ground","Diurnal"
"Rhipidomys austrinus","89",,,,,,,,"20","0","0","0","0","0","30","0","30","20","4","Fruit","Herbivore","Arboreal","Nocturnal"
"Rhipidomys caucensis","89",,,,,,,,"20","0","0","0","0","0","30","0","30","20","4","Fruit","Herbivore","Arboreal","Nocturnal"
"Rhipidomys couesi","89",,,,,,,,"20","0","0","0","0","0","30","0","30","20","4","Fruit","Herbivore","Arboreal","Nocturnal"
"Rhipidomys emiliae","79.72",,,,,,,,"20","0","0","0","0","0","20","0","30","30","4","Seed","Herbivore","Arboreal","Nocturnal"
"Rhipidomys fulviventer","89",,,,,,,,"20","0","0","0","0","0","30","0","30","20","4","Fruit","Herbivore","Arboreal","Nocturnal"
"Rhipidomys gardneri","79.72",,,,,,,,"20","0","0","0","0","0","20","0","30","30","4","Seed","Herbivore","Arboreal","Nocturnal"
"Rhipidomys latimanus","57.5",,,,,,,,"20","0","0","0","0","0","30","0","30","20","4","Fruit","Herbivore","Arboreal","Nocturnal"
"Rhipidomys leucodactylus","80",,,,,,,,"20","0","0","0","0","0","30","0","30","20","4","Fruit","Herbivore","Arboreal","Nocturnal"
"Rhipidomys macconnelli","41.6",,,,,,,,"20","0","0","0","0","0","30","0","30","20","4","Fruit","Herbivore","Arboreal","Nocturnal"
"Rhipidomys macrurus","79.72",,,,,,,,"20","0","0","0","0","0","20","0","30","30","4","Seed","Herbivore","Arboreal","Nocturnal"
"Rhipidomys mastacalis","77.5",,,,,,,,"20","0","0","0","0","0","30","0","30","20","4","Fruit","Herbivore","Arboreal","Nocturnal"
"Rhipidomys modicus","79.72",,,,,,,,"20","0","0","0","0","0","20","0","30","30","4","Seed","Herbivore","Arboreal","Nocturnal"
"Rhipidomys nitela","89",,,,,,,,"20","0","0","0","0","0","30","0","30","20","4","Fruit","Herbivore","Arboreal","Nocturnal"
"Rhipidomys ochrogaster","89",,,,,,,,"20","0","0","0","0","0","30","0","30","20","4","Fruit","Herbivore","Arboreal","Nocturnal"
"Rhipidomys venezuelae","90",,,,,,,,"20","0","0","0","0","0","30","0","30","20","4","Fruit","Herbivore","Arboreal","Nocturnal"
"Rhipidomys venustus","89",,,,,,,,"20","0","0","0","0","0","30","0","30","20","4","Fruit","Herbivore","Arboreal","Nocturnal"
"Rhipidomys wetzeli","89",,,,,,,,"20","0","0","0","0","0","30","0","30","20","4","Fruit","Herbivore","Arboreal","Nocturnal"
"Rhizomys pruinosus","2450",,,,,,,,"0","0","0","0","0","0","30","0","30","40","3","Other plant","Herbivore","Ground","Nocturnal"
"Rhizomys sinensis","865",,,,,,,,"0","0","0","0","0","0","30","0","30","40","3","Other plant","Herbivore","Ground","Nocturnal"
"Rhizomys sumatrensis","1625",,,,,,,,"0","0","0","0","0","0","30","0","30","40","3","Other plant","Herbivore","Ground","Nocturnal"
"Rhizoplagiodontia lemkei","1350.1",,,,,,,,"0","0","0","0","0","0","30","0","0","70","2","Other plant","Herbivore","Ground","Nocturnal"
"Rhogeessa aeneus","4.22",,,,,,,,"100","0","0","0","0","0","0","0","0","0","1","Invertebrates","Faunivore","Aerial","Nocturnal"
"Rhogeessa alleni","5.47",,,,,,,,"100","0","0","0","0","0","0","0","0","0","1","Invertebrates","Faunivore","Aerial","Nocturnal"
"Rhogeessa genowaysi","4.64",,,,,,,,"100","0","0","0","0","0","0","0","0","0","1","Invertebrates","Faunivore","Aerial","Nocturnal"
"Rhogeessa gracilis","4.88",,,,,,,,"100","0","0","0","0","0","0","0","0","0","1","Invertebrates","Faunivore","Aerial","Nocturnal"
"Rhogeessa hussoni","4.22",,,,,,,,"100","0","0","0","0","0","0","0","0","0","1","Invertebrates","Faunivore","Aerial","Nocturnal"
"Rhogeessa io","4.22",,,,,,,,"100","0","0","0","0","0","0","0","0","0","1","Invertebrates","Faunivore","Aerial","Nocturnal"
"Rhogeessa minutilla","3.75",,,,,,,,"100","0","0","0","0","0","0","0","0","0","1","Invertebrates","Faunivore","Aerial","Nocturnal"
"Rhogeessa mira","4.91",,,,,,,,"100","0","0","0","0","0","0","0","0","0","1","Invertebrates","Faunivore","Aerial","Nocturnal"
"Rhogeessa parvula","4.36",,,,,,,,"100","0","0","0","0","0","0","0","0","0","1","Invertebrates","Faunivore","Aerial","Nocturnal"
"Rhogeessa tumida","4.815",,,,,,,,"100","0","0","0","0","0","0","0","0","0","1","Invertebrates","Faunivore","Aerial","Nocturnal"
"Rhombomys opimus","144",,,,,,,,"0","0","0","0","0","0","0","0","0","100","1","Other plant","Herbivore","Ground","Diurnal"
"Rhynchocyon chrysopygus","540",,,,,,,,"100","0","0","0","0","0","0","0","0","0","1","Invertebrates","Faunivore","Ground","Diurnal"
"Rhynchocyon cirnei","490",,,,,,,,"100","0","0","0","0","0","0","0","0","0","1","Invertebrates","Faunivore","Ground","Diurnal"
"Rhynchocyon petersi","397",,,,,,,,"100","0","0","0","0","0","0","0","0","0","1","Invertebrates","Faunivore","Ground","Diurnal"
"Rhynchogale melleri","2610",,,,,,,,"40","0","0","0","30","0","30","0","0","0","3","Invertebrates","Faunivore","Ground","Nocturnal"
"Rhyncholestes raphanurus","22.25",,,,,,,,"80","0","0","0","0","0","0","0","0","20","2","Invertebrates","Faunivore","Ground","Nocturnal"
"Rhynchomeles prattorum","862.26",,,,,,,,"60","0","0","0","10","0","0","0","0","30","3","Invertebrates","Faunivore","Ground","Nocturnal"
"Rhynchomys isarogensis","122.5",,,,,,,,"100","0","0","0","0","0","0","0","0","0","1","Invertebrates","Faunivore","Ground","Nocturnal"
"Rhynchomys soricoides","187",,,,,,,,"100","0","0","0","0","0","0","0","0","0","1","Invertebrates","Faunivore","Ground","Nocturnal"
"Rhynchonycteris naso","4.065",,,,,,,,"100","0","0","0","0","0","0","0","0","0","1","Invertebrates","Faunivore","Aerial","Nocturnal"
"Rhynchophorus ferrugineus","0.94",,,,,,,,,,,,,,,,,,,,,,
"Romerolagus diazi","476.65",,,,,,,,"0","0","0","0","0","0","0","0","0","100","1","Other plant","Herbivore","Ground","Cathemeral"
"Rousettus aegyptiacus","135.9533","122.6","0.8397",,,,,,"0","0","0","0","0","0","60","40","0","0","2","Fruit","Herbivore","Arboreal","Nocturnal"
"Rousettus amplexicaudatus","84.7833","104.3","1.1399",,,,,,"0","0","0","0","0","0","60","40","0","0","2","Fruit","Herbivore","Arboreal","Nocturnal"
"Rousettus bidens","62.39",,,,,,,,"0","0","0","0","0","0","60","40","0","0","2","Fruit","Herbivore","Arboreal","Nocturnal"
"Rousettus celebensis","56.3",,,,,,,,"0","0","0","0","0","0","60","40","0","0","2","Fruit","Herbivore","Arboreal","Nocturnal"
"Rousettus lanosus","103",,,,,,,,"0","0","0","0","0","0","60","40","0","0","2","Fruit","Herbivore","Arboreal","Nocturnal"
"Rousettus leschenaultii","84.88",,,,,,,,"0","0","0","0","0","0","60","40","0","0","2","Fruit","Herbivore","Arboreal","Nocturnal"
"Rousettus linduensis","77.74",,,,,,,,"0","0","0","0","0","0","60","40","0","0","2","Fruit","Herbivore","Arboreal","Nocturnal"
"Rousettus madagascariensis","66.05",,,,,,,,"0","0","0","0","0","0","60","40","0","0","2","Fruit","Herbivore","Arboreal","Nocturnal"
"Rousettus obliviosus","44.1",,,,,,,,"0","0","0","0","0","0","60","40","0","0","2","Fruit","Herbivore","Arboreal","Nocturnal"
"Rousettus spinalatus","90.75",,,,,,,,"0","0","0","0","0","0","60","40","0","0","2","Fruit","Herbivore","Arboreal","Nocturnal"
"Rubrisciurus rubriventer","129.52",,,,,,,,"10","0","0","0","0","0","20","0","50","20","4","Seed","Herbivore","Arboreal","Diurnal"
"Rucervus duvaucelii","171223.86",,,,,,,,"0","0","0","0","0","0","0","0","0","100","1","Other plant","Herbivore","Ground","Cathemeral"
"Rucervus eldii","95471.61",,,,,,,,"0","0","0","0","0","0","20","0","0","80","2","Other plant","Herbivore","Ground","Nocturnal"
"Rucervus schomburgki","107626.42",,,,,,,,"0","0","0","0","0","0","0","0","0","100","1","Other plant","Herbivore","Ground","Nocturnal"
"Rupicapra pyrenaica","30000",,,,,,,,"0","0","0","0","0","0","0","0","0","100","1","Other plant","Herbivore","Ground","Diurnal"
"Rupicapra rupicapra","26633.5",,,,,,,,"0","0","0","0","0","0","0","0","0","100","1","Other plant","Herbivore","Ground","Diurnal"
"Rusa alfredi","46475.04",,,,,,,,"0","0","0","0","0","0","0","0","0","100","1","Other plant","Herbivore","Ground","Nocturnal"
"Rusa marianna","49457.61",,,,,,,,"0","0","0","0","0","0","0","0","0","100","1","Other plant","Herbivore","Ground","Nocturnal"
"Rusa timorensis","66375.5",,,,,,,,"0","0","0","0","0","0","0","0","0","100","1","Other plant","Herbivore","Ground","Nocturnal"
"Rusa unicolor","177522.9",,,,,,,,"0","0","0","0","0","0","10","0","0","90","2","Other plant","Herbivore","Ground","Nocturnal"
"Ruwenzorisorex suncoides","18.2",,,,,,,,"100","0","0","0","0","0","0","0","0","0","1","Invertebrates","Faunivore","Ground","Nocturnal"
"S. sciureus","900",,,,,,,,,,,,,,,,,,,,,,
"STS 19","45000",,,,,,,,,,,,,,,,,,,,,,
"Saccolaimus flaviventris","42.13",,,,,,,,"100","0","0","0","0","0","0","0","0","0","1","Invertebrates","Faunivore","Aerial","Nocturnal"
"Saccolaimus mixtus","23.03",,,,,,,,"100","0","0","0","0","0","0","0","0","0","1","Invertebrates","Faunivore","Aerial","Nocturnal"
"Saccolaimus peli","100",,,,,,,,"100","0","0","0","0","0","0","0","0","0","1","Invertebrates","Faunivore","Aerial","Nocturnal"
"Saccolaimus saccolaimus","42.4",,,,,,,,"100","0","0","0","0","0","0","0","0","0","1","Invertebrates","Faunivore","Aerial","Nocturnal"
"Saccopteryx antioquensis","4.72",,,,,,,,"100","0","0","0","0","0","0","0","0","0","1","Invertebrates","Faunivore","Aerial","Nocturnal"
"Saccopteryx bilineata","7.7933","14.5","1.859",,,,,,"100","0","0","0","0","0","0","0","0","0","1","Invertebrates","Faunivore","Aerial","Nocturnal"
"Saccopteryx canescens","3.39",,,,,,,,"100","0","0","0","0","0","0","0","0","0","1","Invertebrates","Faunivore","Aerial","Nocturnal"
"Saccopteryx gymnura","4",,,,,,,,"100","0","0","0","0","0","0","0","0","0","1","Invertebrates","Faunivore","Aerial","Nocturnal"
"Saccopteryx leptura","4.6067","9.49","2.2595",,,,,,"100","0","0","0","0","0","0","0","0","0","1","Invertebrates","Faunivore","Aerial","Nocturnal"
"Saccostomus campestris","71","47.76","0.6939",,,,,,"10","0","0","0","0","0","20","0","70","0","3","Seed","Herbivore","Ground","Nocturnal"
"Saccostomus mearnsi","45.5",,,,,,,,"10","0","0","0","0","0","20","0","70","0","3","Seed","Herbivore","Ground","Nocturnal"
"Saguinus bicolor","473",,,,,,,,"40","0","0","0","0","0","30","30","0","0","3","Invertebrates","Omnivore","Arboreal","Diurnal"
"Saguinus fuscicollis","386.4087",,,,,,,,"40","0","0","0","0","0","30","30","0","0","3","Invertebrates","Omnivore","Arboreal","Diurnal"
"Saguinus geoffroyi","465.0681","234.2","1.0409",,,,,,"40","0","0","0","0","0","30","30","0","0","3","Invertebrates","Omnivore","Arboreal","Diurnal"
"Saguinus graellsi","462.13",,,,,,,,"10","0","0","0","10","0","40","40","0","0","4","Fruit","Herbivore","Arboreal","Diurnal"
"Saguinus imperator","446",,,,,,,,"40","0","0","0","0","0","30","30","0","0","3","Invertebrates","Omnivore","Arboreal","Diurnal"
"Saguinus inustus","410.5",,,,,,,,"40","0","0","0","0","0","30","30","0","0","3","Invertebrates","Omnivore","Arboreal","Diurnal"
"Saguinus labiatus","520",,,,,,,,"40","0","0","0","0","0","30","30","0","0","3","Invertebrates","Omnivore","Arboreal","Diurnal"
"Saguinus leucopus","505.7667",,,,,,,,"40","0","0","0","0","0","30","30","0","0","3","Invertebrates","Omnivore","Arboreal","Diurnal"
"Saguinus martinsi","462.13",,,,,,,,"10","0","0","0","20","0","30","20","0","20","5","Fruit","Herbivore","Arboreal","Diurnal"
"Saguinus melanoleucus","462.13",,,,,,,,"40","0","0","0","0","0","30","30","0","0","3","Invertebrates","Omnivore","Arboreal","Diurnal"
"Saguinus midas","340",,,"13.3","140.5","70.5","2","608","40","0","0","0","0","0","30","30","0","0","3","Invertebrates","Omnivore","Arboreal","Diurnal"
"Saguinus midas group","400.8333",,,,,,,,,,,,,,,,,,,,,,
"Saguinus mystax","570.8929",,,,,,,,"40","0","0","0","0","0","30","30","0","0","3","Invertebrates","Omnivore","Arboreal","Diurnal"
"Saguinus mystax group","568.3",,,,,,,,,,,,,,,,,,,,,,
"Saguinus mystax pileatus","524.5",,,,,,,,,,,,,,,,,,,,,,
"Saguinus niger","392.426",,,,,,,,"10","0","0","0","20","0","30","20","0","20","5","Fruit","Herbivore","Arboreal","Diurnal"
"Saguinus nigricollis","473.2",,,,,,,,"40","0","0","0","0","0","30","30","0","0","3","Invertebrates","Omnivore","Arboreal","Diurnal"
"Saguinus nigricollis group","401.1429",,,,,,,,,,,,,,,,,,,,,,
"Saguinus oedipus","398.5357","357.5","0.898","23.08","161.5","52","1.9","548","40","0","0","0","0","0","30","30","0","0","3","Invertebrates","Omnivore","Arboreal","Diurnal"
"Saguinus oedipus group","446.3",,,,,,,,,,,,,,,,,,,,,,
"Saguinus pileatus","503.8767",,,,,,,,"40","0","0","0","0","0","30","30","0","0","3","Invertebrates","Omnivore","Arboreal","Diurnal"
"Saguinus tripartitus","393.5",,,,,,,,"40","0","0","0","0","0","30","30","0","0","3","Invertebrates","Omnivore","Arboreal","Diurnal"
"Saiga borealis","29000",,,,,,,,"0","0","0","0","0","0","0","0","0","100","1","Other plant","Herbivore","Ground","Diurnal"
"Saiga tatarica","33367.005",,,,,,,,"0","0","0","0","0","0","0","0","0","100","1","Other plant","Herbivore","Ground","Diurnal"
"Saimiri boliviensis","803.6262","789.0667","0.8944",,,,,,"20","0","0","0","20","0","20","0","20","20","5","Invertebrates","Omnivore","Arboreal","Diurnal"
"Saimiri boliviensis group","940",,,,,,,,,,,,,,,,,,,,,,
"Saimiri oerstedii","636.8333",,,,,,,,"20","0","0","0","20","0","20","0","20","20","5","Invertebrates","Omnivore","Arboreal","Diurnal"
"Saimiri sciureus","754.2738","686.8669","0.8599","27","169.5","209.5","1","1003","20","0","0","0","20","0","20","0","20","20","5","Invertebrates","Omnivore","Arboreal","Diurnal"
"Saimiri sciureus group","830.5375",,,,,,,,,,,,,,,,,,,,,,
"Saimiri ustus","1000",,,,,,,,"20","0","0","0","20","0","20","0","20","20","5","Invertebrates","Omnivore","Arboreal","Diurnal"
"Saimiri vanzolinii","769.61",,,,,,,,"20","0","0","0","20","0","20","0","20","20","5","Invertebrates","Omnivore","Arboreal","Diurnal"
"Salanoia concolor","715",,,,,,,,"50","10","20","0","0","0","20","0","0","0","4","Invertebrates","Faunivore","Ground","Diurnal"
"Salinoctomys loschalchalerosorum","136.62",,,,,,,,"0","0","0","0","0","0","30","0","0","70","2","Other plant","Herbivore","Ground","Diurnal"
"Salinomys delicatus","12.3",,,,,,,,"20","0","0","0","0","0","10","0","40","30","4","Seed","Herbivore","Ground","Nocturnal"
"Salmo salar","635",,,,,,,,,,,,,,,,,,,,,,
"Salpingotulus michaelis","29.05",,,,,,,,"50","0","0","0","0","0","0","0","0","50","2","Invertebrates","Omnivore","Ground","Nocturnal"
"Salpingotus crassicauda","13.1",,,,,,,,"50","0","0","0","0","0","0","0","0","50","2","Invertebrates","Omnivore","Ground","Nocturnal"
"Salpingotus heptneri","8.9",,,,,,,,"50","0","0","0","0","0","0","0","0","50","2","Invertebrates","Omnivore","Ground","Nocturnal"
"Salpingotus kozlovi","10.73",,,,,,,,"50","0","0","0","0","0","0","0","0","50","2","Invertebrates","Omnivore","Ground","Nocturnal"
"Salpingotus pallidus","9.8",,,,,,,,"50","0","0","0","0","0","0","0","0","50","2","Invertebrates","Omnivore","Ground","Nocturnal"
"Salpingotus thomasi","10.45",,,,,,,,"50","0","0","0","0","0","0","0","0","50","2","Invertebrates","Omnivore","Ground","Nocturnal"
"Salvelinus fontinalis","214",,,,,,,,,,,,,,,,,,,,,,
"Sapajus apella","2163",,,,,,,,"20","0","0","0","10","0","20","10","20","20","6","Invertebrates","Herbivore","Arboreal","Diurnal"
"Sarcophilus harrisii","8143.8958","1669.7667","0.2618",,,,,,"0","0","0","0","0","100","0","0","0","0","1","Carrion/scavenge","Faunivore","Ground","Nocturnal"
"Sarcrophilus harrisii","6370",,,,,,,,,,,,,,,,,,,,,,
"Saturnia pavonia","0.24",,,,,,,,,,,,,,,,,,,,,,
"Sauromys petrophilus","12.615","6.74","0.6138",,,,,,"100","0","0","0","0","0","0","0","0","0","1","Invertebrates","Faunivore","Aerial","Nocturnal"
"Scalopus aquaticus","76.5","67.7","1.4104",,,,,,"100","0","0","0","0","0","0","0","0","0","1","Invertebrates","Faunivore","Ground","Cathemeral"
"Scapanulus oweni","36.64",,,,,,,,"100","0","0","0","0","0","0","0","0","0","1","Invertebrates","Faunivore","Ground","Cathemeral"
"Scapanus latimanus","58","76.3","1.2508",,,,,,"100","0","0","0","0","0","0","0","0","0","1","Invertebrates","Faunivore","Ground","Cathemeral"
"Scapanus orarius","61.2","64.1","1.0474",,,,,,"100","0","0","0","0","0","0","0","0","0","1","Invertebrates","Faunivore","Ground","Cathemeral"
"Scapanus townsendii","113.9333","108.9","0.837",,,,,,"100","0","0","0","0","0","0","0","0","0","1","Invertebrates","Faunivore","Ground","Cathemeral"
"Scapteromys aquaticus","146",,,,,,,,"70","0","0","0","0","0","0","0","20","10","3","Invertebrates","Faunivore","Ground","Nocturnal"
"Scapteromys tumidus","146",,,,,,,,"70","0","0","0","0","0","0","0","20","10","3","Invertebrates","Faunivore","Ground","Nocturnal"
"Scaptochirus moschatus","90.51",,,,,,,,"100","0","0","0","0","0","0","0","0","0","1","Invertebrates","Faunivore","Ground","Cathemeral"
"Scaptonyx fusicaudus","19.41",,,,,,,,"100","0","0","0","0","0","0","0","0","0","1","Invertebrates","Faunivore","Ground","Cathemeral"
"Scardafella inca","44",,,,,,,,,,,,,,,,,,,,,,
"Sciaenops ocellatus","11468.83",,,,,,,,,,,,,,,,,,,,,,
"Sciurillus pusillus","39",,,,,,,,"0","0","0","0","0","0","30","20","20","30","4","Fruit","Herbivore","Arboreal","Diurnal"
"Sciurocheirus alleni cameronensis","269",,,,,,,,,,,,,,,,,,,,,,
"Sciurocheirus gabonensis","260",,,,,,,,,,,,,,,,,,,,,,
"Sciurotamias davidianus","433.51",,,,,,,,"10","0","0","0","0","0","20","0","50","20","4","Seed","Herbivore","Ground","Diurnal"
"Sciurotamias forresti","433.51",,,,,,,,"10","0","0","0","0","0","20","0","50","20","4","Seed","Herbivore","Ground","Diurnal"
"Sciurus aberti","624.83","430.6","0.6901",,,,,,"0","0","0","0","0","0","20","0","50","30","3","Seed","Herbivore","Arboreal","Diurnal"
"Sciurus aestuans","185",,,,,,,,"0","0","0","0","0","0","20","0","50","30","3","Seed","Herbivore","Arboreal","Diurnal"
"Sciurus alleni","434.5",,,,,,,,"0","0","0","0","0","0","20","0","50","30","3","Seed","Herbivore","Arboreal","Diurnal"
"Sciurus anomalus","256",,,,,,,,"0","0","0","0","0","0","20","0","50","30","3","Seed","Herbivore","Arboreal","Diurnal"
"Sciurus arizonensis","646.99",,,,,,,,"0","0","0","0","0","0","20","0","50","30","3","Seed","Herbivore","Arboreal","Diurnal"
"Sciurus aureogaster","595",,,,,,,,"0","0","0","0","0","0","20","0","50","30","3","Seed","Herbivore","Arboreal","Diurnal"
"Sciurus carolinensis","525","369.6","0.84",,,,,,"0","0","0","0","0","0","20","0","50","30","3","Seed","Herbivore","Arboreal","Diurnal"
"Sciurus caroliniensis","490",,,,,,,,,,,,,,,,,,,,,,
"Sciurus colliaei","498",,,,,,,,"0","0","0","0","0","0","20","0","50","30","3","Seed","Herbivore","Arboreal","Diurnal"
"Sciurus deppei","190",,,,,,,,"0","0","0","0","0","0","20","0","50","30","3","Seed","Herbivore","Arboreal","Diurnal"
"Sciurus flammifer","4292.99",,,,,,,,"0","0","0","0","0","0","20","0","50","30","3","Seed","Herbivore","Arboreal","Diurnal"
"Sciurus gilvigularis","803.01",,,,,,,,"0","0","0","0","0","0","20","0","50","30","3","Seed","Herbivore","Arboreal","Diurnal"
"Sciurus granatensis","325",,,,,,,,"0","0","0","0","0","0","20","0","50","30","3","Seed","Herbivore","Arboreal","Diurnal"
"Sciurus griseus","717.425",,,,,,,,"0","0","0","0","0","0","20","0","50","30","3","Seed","Herbivore","Arboreal","Diurnal"
"Sciurus hudsonius","600",,,,,,,,,,,,,,,,,,,,,,
"Sciurus ignitus","190",,,,,,,,"0","0","0","0","0","0","20","0","50","30","3","Seed","Herbivore","Arboreal","Diurnal"
"Sciurus igniventris","700",,,,,,,,"0","0","0","0","0","0","20","0","50","30","3","Seed","Herbivore","Arboreal","Diurnal"
"Sciurus lis","264.3",,,,,,,,"0","0","0","0","0","0","20","0","50","30","3","Seed","Herbivore","Arboreal","Diurnal"
"Sciurus nayaritensis","697",,,,,,,,"0","0","0","0","0","0","20","0","50","30","3","Seed","Herbivore","Arboreal","Diurnal"
"Sciurus niger","701.03",,,,,,,,"0","0","0","0","0","0","20","0","50","30","3","Seed","Herbivore","Arboreal","Diurnal"
"Sciurus oculatus","649.99",,,,,,,,"0","0","0","0","0","0","20","0","50","30","3","Seed","Herbivore","Arboreal","Diurnal"
"Sciurus pucheranii","803.01",,,,,,,,"0","0","0","0","0","0","20","0","50","30","3","Seed","Herbivore","Arboreal","Diurnal"
"Sciurus pyrrhinus","482",,,,,,,,"0","0","0","0","0","0","20","0","50","30","3","Seed","Herbivore","Arboreal","Diurnal"
"Sciurus richmondi","205",,,,,,,,"0","0","0","0","0","0","20","0","50","30","3","Seed","Herbivore","Arboreal","Diurnal"
"Sciurus sanborni","136",,,,,,,,"0","0","0","0","0","0","20","0","50","30","3","Seed","Herbivore","Arboreal","Diurnal"
"Sciurus spadiceus","403.33",,,,,,,,"0","0","0","0","0","0","20","0","50","30","3","Seed","Herbivore","Arboreal","Diurnal"
"Sciurus stramineus","433.3",,,,,,,,"0","0","0","0","0","0","20","0","50","30","3","Seed","Herbivore","Arboreal","Diurnal"
"Sciurus variegatoides","307.5","178","1.3692",,,,,,"0","0","0","0","0","0","20","0","50","30","3","Seed","Herbivore","Arboreal","Diurnal"
"Sciurus vulgaris","329.7667",,,,,,,,"0","0","0","0","0","0","20","0","50","30","3","Seed","Herbivore","Arboreal","Diurnal"
"Sciurus yucatanensis","225",,,,,,,,"0","0","0","0","0","0","20","0","50","30","3","Seed","Herbivore","Arboreal","Diurnal"
"Scleronycteris ega","49",,,,,,,,"30","0","0","0","0","0","30","40","0","0","3","Nectar","Herbivore","Arboreal","Nocturnal"
"Scolomys melanops","26.5",,,,,,,,"50","0","0","0","0","0","0","0","50","0","2","Invertebrates","Omnivore","Ground","Nocturnal"
"Scolomys ucayalensis","26.5",,,,,,,,"50","0","0","0","0","0","0","0","50","0","2","Invertebrates","Omnivore","Ground","Nocturnal"
"Scoteanax rueppellii","26.41",,,,,,,,"100","0","0","0","0","0","0","0","0","0","1","Invertebrates","Faunivore","Aerial","Nocturnal"
"Scotinomys teguina","11.625","33.6","2.8",,,,,,"100","0","0","0","0","0","0","0","0","0","1","Invertebrates","Faunivore","Ground","Diurnal"
"Scotinomys xerampelinus","15.1","31.9","2.0987",,,,,,"100","0","0","0","0","0","0","0","0","0","1","Invertebrates","Faunivore","Ground","Diurnal"
"Scotoecus albigula","10.08",,,,,,,,"100","0","0","0","0","0","0","0","0","0","1","Invertebrates","Faunivore","Aerial","Nocturnal"
"Scotoecus albofuscus","4.5",,,,,,,,"100","0","0","0","0","0","0","0","0","0","1","Invertebrates","Faunivore","Aerial","Nocturnal"
"Scotoecus hindei","10.41",,,,,,,,"100","0","0","0","0","0","0","0","0","0","1","Invertebrates","Faunivore","Aerial","Nocturnal"
"Scotoecus hirundo","9.34",,,,,,,,"100","0","0","0","0","0","0","0","0","0","1","Invertebrates","Faunivore","Aerial","Nocturnal"
"Scotoecus pallidus","7.43",,,,,,,,"100","0","0","0","0","0","0","0","0","0","1","Invertebrates","Faunivore","Aerial","Nocturnal"
"Scotomanes ornatus","21.8",,,,,,,,"100","0","0","0","0","0","0","0","0","0","1","Invertebrates","Faunivore","Aerial","Nocturnal"
"Scotonycteris ophiodon","67.5",,,,,,,,"0","0","0","0","0","0","100","0","0","0","1","Fruit","Herbivore","Arboreal","Nocturnal"
"Scotonycteris zenkeri","21.09",,,,,,,,"0","0","0","0","0","0","100","0","0","0","1","Fruit","Herbivore","Arboreal","Nocturnal"
"Scotophilus borbonicus","18",,,,,,,,"100","0","0","0","0","0","0","0","0","0","1","Invertebrates","Faunivore","Aerial","Nocturnal"
"Scotophilus celebensis","26.77",,,,,,,,"100","0","0","0","0","0","0","0","0","0","1","Invertebrates","Faunivore","Aerial","Nocturnal"
"Scotophilus collinus","28.26",,,,,,,,"100","0","0","0","0","0","0","0","0","0","1","Invertebrates","Faunivore","Aerial","Nocturnal"
"Scotophilus dinganii","29",,,,,,,,"100","0","0","0","0","0","0","0","0","0","1","Invertebrates","Faunivore","Aerial","Nocturnal"
"Scotophilus heathii","33.815",,,,,,,,"100","0","0","0","0","0","0","0","0","0","1","Invertebrates","Faunivore","Aerial","Nocturnal"
"Scotophilus kuhlii","20.165",,,,,,,,"100","0","0","0","0","0","0","0","0","0","1","Invertebrates","Faunivore","Aerial","Nocturnal"
"Scotophilus leucogaster","20.23",,,,,,,,"100","0","0","0","0","0","0","0","0","0","1","Invertebrates","Faunivore","Aerial","Nocturnal"
"Scotophilus mhlanganii","28",,,,,,,,,,,,,,,,,,,,,,
"Scotophilus nigrita","101",,,,,,,,"100","0","0","0","0","0","0","0","0","0","1","Invertebrates","Faunivore","Aerial","Nocturnal"
"Scotophilus nucella","28.26",,,,,,,,"100","0","0","0","0","0","0","0","0","0","1","Invertebrates","Faunivore","Aerial","Nocturnal"
"Scotophilus nux","30",,,,,,,,"100","0","0","0","0","0","0","0","0","0","1","Invertebrates","Faunivore","Aerial","Nocturnal"
"Scotophilus robustus","26.03",,,,,,,,"100","0","0","0","0","0","0","0","0","0","1","Invertebrates","Faunivore","Aerial","Nocturnal"
"Scotophilus viridis","19.6",,,,,,,,"100","0","0","0","0","0","0","0","0","0","1","Invertebrates","Faunivore","Aerial","Nocturnal"
"Scotorepens balstoni","11.92",,,,,,,,"100","0","0","0","0","0","0","0","0","0","1","Invertebrates","Faunivore","Aerial","Nocturnal"
"Scotorepens greyii","10",,,,,,,,"100","0","0","0","0","0","0","0","0","0","1","Invertebrates","Faunivore","Aerial","Nocturnal"
"Scotorepens orion","11.83",,,,,,,,"100","0","0","0","0","0","0","0","0","0","1","Invertebrates","Faunivore","Aerial","Nocturnal"
"Scotorepens sanborni","8.615",,,,,,,,"100","0","0","0","0","0","0","0","0","0","1","Invertebrates","Faunivore","Aerial","Nocturnal"
"Scotozous dormeri","6.795",,,,,,,,"100","0","0","0","0","0","0","0","0","0","1","Invertebrates","Faunivore","Aerial","Nocturnal"
"Scyliorhinus canicula","781.51",,,,,,,,,,,,,,,,,,,,,,
"Sebastolobus altivelis","200",,,,,,,,,,,,,,,,,,,,,,
"Sekeetamys calurus","58.8917","48.2","0.7712",,,,,,"20","0","0","0","0","0","10","0","20","50","4","Other plant","Herbivore","Ground","Nocturnal"
"Selasphorus platycercus","3.5",,,,,,,,,,,,,,,,,,,,,,
"Selasphorus rufus","3.3",,,,,,,,,,,,,,,,,,,,,,
"Selasphorus sasin","3",,,,,,,,,,,,,,,,,,,,,,
"Selevinia betpakdalaensis","28",,,,,,,,"100","0","0","0","0","0","0","0","0","0","1","Invertebrates","Faunivore","Ground","Nocturnal"
"Semnopithecus ajax","14470.5833",,,,,,,,"0","0","0","0","0","0","20","0","10","70","3","Other plant","Herbivore","Scansorial","Diurnal"
"Semnopithecus dussumieri","10468.1917",,,,,,,,"0","0","0","0","0","0","10","0","10","80","3","Other plant","Herbivore","Scansorial","Diurnal"
"Semnopithecus entellus","12533",,,,,,,,"0","0","0","0","0","0","10","0","0","90","2","Other plant","Herbivore","Scansorial","Diurnal"
"Semnopithecus hector","10752",,,,,,,,"0","0","0","0","0","0","20","0","10","70","3","Other plant","Herbivore","Scansorial","Diurnal"
"Semnopithecus hypoleucos","10078.325",,,,,,,,"0","0","0","0","0","0","20","0","10","70","3","Other plant","Herbivore","Scansorial","Diurnal"
"Semnopithecus priam","8205.9143",,,,,,,,"0","0","0","0","0","0","40","0","0","60","2","Other plant","Herbivore","Scansorial","Diurnal"
"Semnopithecus schistaceus","14870.4",,,,,,,,"0","0","0","0","0","0","10","0","10","80","3","Other plant","Herbivore","Scansorial","Diurnal"
"Senegal galago",,,,,,"105",,,,,,,,,,,,,,,,,
"Sepia officinalis","1014.782",,,,,,,,,,,,,,,,,,,,,,
"Sergestes arcticus","0.29",,,,,,,,,,,,,,,,,,,,,,
"Sergia filicta","1.011",,,,,,,,,,,,,,,,,,,,,,
"Sergia grandis","1.8",,,,,,,,,,,,,,,,,,,,,,
"Serranus scriba","211.67",,,,,,,,,,,,,,,,,,,,,,
"Setifer setosus","271.2667","87.6567","0.2725",,,,,,"40","0","0","0","0","60","0","0","0","0","2","Carrion/scavenge","Faunivore","Ground","Nocturnal"
"Setonix brachyurus","3500","823.3","0.3102",,,,,,"0","0","0","0","0","0","0","0","0","100","1","Other plant","Herbivore","Ground","Nocturnal"
"Setonyx brachyurus","3250",,,,,,,,,,,,,,,,,,,,,,
"Sicista armenica","6.53",,,,,,,,"30","0","0","0","0","0","30","0","40","0","3","Seed","Herbivore","Ground","Nocturnal"
"Sicista betulina","9.75","38","3.3043",,,,,,"30","0","0","0","0","0","30","0","40","0","3","Seed","Herbivore","Ground","Nocturnal"
"Sicista caucasica","10",,,,,,,,"30","0","0","0","0","0","30","0","40","0","3","Seed","Herbivore","Ground","Nocturnal"
"Sicista caudata","11.2",,,,,,,,"30","0","0","0","0","0","30","0","40","0","3","Seed","Herbivore","Ground","Nocturnal"
"Sicista concolor","13.1",,,,,,,,"30","0","0","0","0","0","30","0","40","0","3","Seed","Herbivore","Ground","Nocturnal"
"Sicista kazbegica","6.43",,,,,,,,"30","0","0","0","0","0","30","0","40","0","3","Seed","Herbivore","Ground","Nocturnal"
"Sicista kluchorica","7.2",,,,,,,,"30","0","0","0","0","0","30","0","40","0","3","Seed","Herbivore","Ground","Nocturnal"
"Sicista napaea","10",,,,,,,,"30","0","0","0","0","0","30","0","40","0","3","Seed","Herbivore","Ground","Nocturnal"
"Sicista pseudonapaea","12.2",,,,,,,,"30","0","0","0","0","0","30","0","40","0","3","Seed","Herbivore","Ground","Nocturnal"
"Sicista severtzovi","11.77",,,,,,,,"30","0","0","0","0","0","30","0","40","0","3","Seed","Herbivore","Ground","Nocturnal"
"Sicista strandi","10.3",,,,,,,,"30","0","0","0","0","0","30","0","40","0","3","Seed","Herbivore","Ground","Nocturnal"
"Sicista subtilis","11.75",,,,,,,,"30","0","0","0","0","0","30","0","40","0","3","Seed","Herbivore","Ground","Nocturnal"
"Sicista tianshanica","10.3",,,,,,,,"30","0","0","0","0","0","30","0","40","0","3","Seed","Herbivore","Ground","Nocturnal"
"Sigmodon alleni","149.55","194.6","1.6203",,,,,,"50","0","0","0","0","0","0","0","0","50","2","Invertebrates","Omnivore","Ground","Cathemeral"
"Sigmodon alstoni","55.7",,,,,,,,"50","0","0","0","0","0","0","0","0","50","2","Invertebrates","Omnivore","Ground","Cathemeral"
"Sigmodon arizonae","198",,,,,,,,"50","0","0","0","0","0","0","0","0","50","2","Invertebrates","Omnivore","Ground","Cathemeral"
"Sigmodon fulviventer","175.925","206.45","1.5049",,,,,,"50","0","0","0","0","0","0","0","0","50","2","Invertebrates","Omnivore","Ground","Cathemeral"
"Sigmodon hirsutus","120.085","184.5","1.6803",,,,,,"50","0","0","0","0","0","0","0","0","50","2","Invertebrates","Omnivore","Ground","Cathemeral"
"Sigmodon hispidus","129.0378","202.35","1.2705",,,,,,"50","0","0","0","0","0","0","0","0","50","2","Invertebrates","Omnivore","Ground","Cathemeral"
"Sigmodon inopinatus","140.5",,,,,,,,"50","0","0","0","0","0","0","0","0","50","2","Invertebrates","Omnivore","Ground","Cathemeral"
"Sigmodon leucotis","132.05","186.5","1.4502",,,,,,"50","0","0","0","0","0","0","0","0","50","2","Invertebrates","Omnivore","Ground","Cathemeral"
"Sigmodon mascotensis","118.1","177.8","1.5301",,,,,,"50","0","0","0","0","0","0","0","0","50","2","Invertebrates","Omnivore","Ground","Cathemeral"
"Sigmodon ochrognathus","118.55","154.2","1.3397",,,,,,"50","0","0","0","0","0","0","0","0","50","2","Invertebrates","Omnivore","Ground","Cathemeral"
"Sigmodon peruanus","127.32",,,,,,,,"50","0","0","0","0","0","0","0","0","50","2","Invertebrates","Omnivore","Ground","Cathemeral"
"Sigmodon planifrons","142.985","207","1.3303",,,,,,"50","0","0","0","0","0","0","0","0","50","2","Invertebrates","Omnivore","Ground","Cathemeral"
"Sigmodon toltecus","109.085","212.5","2.4203",,,,,,"50","0","0","0","0","0","0","0","0","50","2","Invertebrates","Omnivore","Ground","Cathemeral"
"Sigmodon zanjonensis","130.37",,,,,,,,"50","0","0","0","0","0","0","0","0","50","2","Invertebrates","Omnivore","Ground","Cathemeral"
"Sigmodontomys alfari","50",,,,,,,,"20","0","0","0","0","0","10","0","40","30","4","Seed","Herbivore","Ground","Nocturnal"
"Sigmodontomys aphrastus","71",,,,,,,,"20","0","0","0","0","0","10","0","40","30","4","Seed","Herbivore","Ground","Nocturnal"
"Simias concolor","7153.78",,,,,,,,"0","0","0","0","0","0","10","0","10","80","3","Other plant","Herbivore","Arboreal","Diurnal"
"Sminthopsis aitkeni","22.5",,,,,,,,"80","10","10","0","0","0","0","0","0","0","3","Invertebrates","Faunivore","Ground","Nocturnal"
"Sminthopsis archeri","16",,,,,,,,"80","10","10","0","0","0","0","0","0","0","3","Invertebrates","Faunivore","Ground","Nocturnal"
"Sminthopsis bindi","15.25",,,,,,,,"80","10","10","0","0","0","0","0","0","0","3","Invertebrates","Faunivore","Ground","Nocturnal"
"Sminthopsis boullangerensis","19.89",,,,,,,,"80","10","10","0","0","0","0","0","0","0","3","Invertebrates","Faunivore","Ground","Nocturnal"
"Sminthopsis butleri","25",,,,,,,,"80","10","10","0","0","0","0","0","0","0","3","Invertebrates","Faunivore","Ground","Nocturnal"
"Sminthopsis crassicaudata","18.5","23.403","1.4701",,,,,,"80","10","10","0","0","0","0","0","0","0","3","Invertebrates","Faunivore","Ground","Nocturnal"
"Sminthopsis dolichura","13.6",,,,,,,,"80","10","10","0","0","0","0","0","0","0","3","Invertebrates","Faunivore","Ground","Nocturnal"
"Sminthopsis douglasi","60",,,,,,,,"80","10","10","0","0","0","0","0","0","0","3","Invertebrates","Faunivore","Ground","Nocturnal"
"Sminthopsis fuliginosus","19.89",,,,,,,,"80","10","10","0","0","0","0","0","0","0","3","Invertebrates","Faunivore","Ground","Nocturnal"
"Sminthopsis gilberti","19.5",,,,,,,,"80","10","10","0","0","0","0","0","0","0","3","Invertebrates","Faunivore","Ground","Nocturnal"
"Sminthopsis granulipes","25",,,,,,,,"80","10","10","0","0","0","0","0","0","0","3","Invertebrates","Faunivore","Ground","Nocturnal"
"Sminthopsis griseoventer","17.5",,,,,,,,"80","10","10","0","0","0","0","0","0","0","3","Invertebrates","Faunivore","Ground","Nocturnal"
"Sminthopsis hirtipes","17",,,,,,,,"80","10","10","0","0","0","0","0","0","0","3","Invertebrates","Faunivore","Ground","Nocturnal"
"Sminthopsis leucopus","24.25",,,,,,,,"80","10","10","0","0","0","0","0","0","0","3","Invertebrates","Faunivore","Ground","Nocturnal"
"Sminthopsis longicaudata","18",,,,,,,,"80","10","10","0","0","0","0","0","0","0","3","Invertebrates","Faunivore","Ground","Nocturnal"
"Sminthopsis macroura","24","23.5975","1.1067",,,,,,"80","10","10","0","0","0","0","0","0","0","3","Invertebrates","Faunivore","Ground","Nocturnal"
"Sminthopsis murina","19","21.41","1.1268",,,,,,"80","10","10","0","0","0","0","0","0","0","3","Invertebrates","Faunivore","Ground","Nocturnal"
"Sminthopsis ooldea","11.1","18.9","1.783",,,,,,"80","10","10","0","0","0","0","0","0","0","3","Invertebrates","Faunivore","Ground","Nocturnal"
"Sminthopsis psammophila","38.55","34.7","0.7959",,,,,,"80","10","10","0","0","0","0","0","0","0","3","Invertebrates","Faunivore","Ground","Nocturnal"
"Sminthopsis virginiae","40.625",,,,,,,,"80","10","10","0","0","0","0","0","0","0","3","Invertebrates","Faunivore","Ground","Nocturnal"
"Sminthopsis youngsoni","10.1",,,,,,,,"80","10","10","0","0","0","0","0","0","0","3","Invertebrates","Faunivore","Ground","Nocturnal"
"Solenodon arredondoi","764.85",,,,,,,,"20","10","20","0","0","0","20","0","0","30","5","Other plant","Omnivore","Ground","Nocturnal"
"Solenodon cubanus","650",,,,,,,,"30","10","20","0","0","0","20","0","0","20","5","Invertebrates","Omnivore","Ground","Nocturnal"
"Solenodon marcanoi","764.85",,,,,,,,"30","10","20","0","0","0","20","0","0","20","5","Invertebrates","Omnivore","Ground","Nocturnal"
"Solenodon paradoxus","900",,,,,,,,"30","10","20","0","0","0","20","0","0","20","5","Invertebrates","Omnivore","Ground","Nocturnal"
"Solisorex pearsoni","10.3",,,,,,,,"70","0","10","0","0","20","0","0","0","0","3","Invertebrates","Faunivore","Ground","Nocturnal"
"Solomys ponceleti","1000",,,,,,,,"0","0","0","0","0","0","50","50","0","0","2","Fruit","Herbivore","Arboreal","Nocturnal"
"Solomys salamonis","408.8",,,,,,,,"0","0","0","0","0","0","50","50","0","0","2","Fruit","Herbivore","Arboreal","Nocturnal"
"Solomys salebrosus","397",,,,,,,,"0","0","0","0","0","0","50","50","0","0","2","Fruit","Herbivore","Arboreal","Nocturnal"
"Solomys sapientis","402.48",,,,,,,,"0","0","0","0","0","0","50","50","0","0","2","Fruit","Herbivore","Arboreal","Nocturnal"
"Solomys spriggsarum","630.08",,,,,,,,"0","0","0","0","0","0","50","50","0","0","2","Fruit","Herbivore","Arboreal","Nocturnal"
"Sommeromys macrorhinos","71.33",,,,,,,,"10","0","0","0","0","0","10","0","20","60","4","Other plant","Herbivore","Ground","Nocturnal"
"Sorex alaskanus","14",,,,,,,,"70","0","0","0","0","30","0","0","0","0","2","Invertebrates","Faunivore","Ground","Nocturnal"
"Sorex alpinus","7.85","48.2","6.1013",,,,,,"70","0","0","0","0","30","0","0","0","0","2","Invertebrates","Faunivore","Ground","Cathemeral"
"Sorex antinorii","6.05",,,,,,,,"70","0","0","0","0","30","0","0","0","0","2","Invertebrates","Faunivore","Ground","Nocturnal"
"Sorex araneus","10.275","56.736","6.7367","3.2","21","25","6","198","70","0","0","0","0","30","0","0","0","0","2","Invertebrates","Faunivore","Ground","Cathemeral"
"Sorex arcticus","8.175",,,,,,,,"70","0","0","0","0","30","0","0","0","0","2","Invertebrates","Faunivore","Ground","Cathemeral"
"Sorex arizonae","2.4",,,,,,,,"70","0","0","0","0","30","0","0","0","0","2","Invertebrates","Faunivore","Ground","Cathemeral"
"Sorex arunchi","6.05",,,,,,,,"70","0","0","0","0","30","0","0","0","0","2","Invertebrates","Faunivore","Ground","Nocturnal"
"Sorex asper","7.95",,,,,,,,"70","0","0","0","0","30","0","0","0","0","2","Invertebrates","Faunivore","Ground","Cathemeral"
"Sorex averini","6.05",,,,,,,,"70","0","0","0","0","30","0","0","0","0","2","Invertebrates","Faunivore","Ground","Nocturnal"
"Sorex bairdi","8.33",,,,,,,,"70","0","0","0","0","30","0","0","0","0","2","Invertebrates","Faunivore","Ground","Cathemeral"
"Sorex bedfordiae","6.6",,,,,,,,"70","0","0","0","0","30","0","0","0","0","2","Invertebrates","Faunivore","Ground","Cathemeral"
"Sorex bendirii","16.1",,,,,,,,"70","0","0","0","0","30","0","0","0","0","2","Invertebrates","Faunivore","Ground","Cathemeral"
"Sorex buchariensis","4.61",,,,,,,,"70","0","0","0","0","30","0","0","0","0","2","Invertebrates","Faunivore","Ground","Cathemeral"
"Sorex caecutiens","5.38",,,,,,,,"70","0","0","0","0","30","0","0","0","0","2","Invertebrates","Faunivore","Ground","Cathemeral"
"Sorex camtschatica","6.05",,,,,,,,"70","0","0","0","0","30","0","0","0","0","2","Invertebrates","Faunivore","Ground","Cathemeral"
"Sorex cansulus","6.05",,,,,,,,"70","0","0","0","0","30","0","0","0","0","2","Invertebrates","Faunivore","Ground","Cathemeral"
"Sorex cinereus","5.9","39.8875","8.3293",,,,,,"70","0","0","0","0","30","0","0","0","0","2","Invertebrates","Faunivore","Ground","Cathemeral"
"Sorex coronatus","9.35","51.9","5.7033",,,,,,"70","0","0","0","0","30","0","0","0","0","2","Invertebrates","Faunivore","Ground","Cathemeral"
"Sorex cylindricauda","6.05",,,,,,,,"70","0","0","0","0","30","0","0","0","0","2","Invertebrates","Faunivore","Ground","Cathemeral"
"Sorex daphaenodon","6.79",,,,,,,,"70","0","0","0","0","30","0","0","0","0","2","Invertebrates","Faunivore","Ground","Cathemeral"
"Sorex dispar","5",,,,,,,,"70","0","0","0","0","30","0","0","0","0","2","Invertebrates","Faunivore","Ground","Cathemeral"
"Sorex emarginatus","7",,,,,,,,"70","0","0","0","0","30","0","0","0","0","2","Invertebrates","Faunivore","Ground","Cathemeral"
"Sorex excelsus","6.79",,,,,,,,"70","0","0","0","0","30","0","0","0","0","2","Invertebrates","Faunivore","Ground","Cathemeral"
"Sorex fumeus","8.1333",,,,,,,,"70","0","0","0","0","30","0","0","0","0","2","Invertebrates","Faunivore","Ground","Cathemeral"
"Sorex gaspensis","2.89",,,,,,,,"70","0","0","0","0","30","0","0","0","0","2","Invertebrates","Faunivore","Ground","Cathemeral"
"Sorex gracillimus","5.06",,,,,,,,"70","0","0","0","0","30","0","0","0","0","2","Invertebrates","Faunivore","Ground","Cathemeral"
"Sorex granarius","6.28",,,,,,,,"70","0","0","0","0","30","0","0","0","0","2","Invertebrates","Faunivore","Ground","Cathemeral"
"Sorex haydeni","3.5",,,,,,,,"70","0","0","0","0","30","0","0","0","0","2","Invertebrates","Faunivore","Ground","Cathemeral"
"Sorex hosonoi","3.25",,,,,,,,"70","0","0","0","0","30","0","0","0","0","2","Invertebrates","Faunivore","Ground","Cathemeral"
"Sorex hoyi","2.815",,,,,,,,"70","0","0","0","0","30","0","0","0","0","2","Invertebrates","Faunivore","Ground","Cathemeral"
"Sorex isodon","9.35",,,,,,,,"70","0","0","0","0","30","0","0","0","0","2","Invertebrates","Faunivore","Ground","Cathemeral"
"Sorex jacksoni","3.5",,,,,,,,"70","0","0","0","0","30","0","0","0","0","2","Invertebrates","Faunivore","Ground","Cathemeral"
"Sorex kozlovi","6.05",,,,,,,,"70","0","0","0","0","30","0","0","0","0","2","Invertebrates","Faunivore","Ground","Nocturnal"
"Sorex leucogaster","4.83",,,,,,,,"70","0","0","0","0","30","0","0","0","0","2","Invertebrates","Faunivore","Ground","Cathemeral"
"Sorex longirostris","3.58",,,,,,,,"70","0","0","0","0","30","0","0","0","0","2","Invertebrates","Faunivore","Ground","Cathemeral"
"Sorex lyelli","5",,,,,,,,"70","0","0","0","0","30","0","0","0","0","2","Invertebrates","Faunivore","Ground","Cathemeral"
"Sorex macrodon","7",,,,,,,,"70","0","0","0","0","30","0","0","0","0","2","Invertebrates","Faunivore","Ground","Cathemeral"
"Sorex maritimensis","6.05",,,,,,,,"70","0","0","0","0","30","0","0","0","0","2","Invertebrates","Faunivore","Ground","Nocturnal"
"Sorex merriami","5.9",,,,,,,,"70","0","0","0","0","30","0","0","0","0","2","Invertebrates","Faunivore","Ground","Cathemeral"
"Sorex milleri","7",,,,,,,,"70","0","0","0","0","30","0","0","0","0","2","Invertebrates","Faunivore","Ground","Cathemeral"
"Sorex minutissimus","2.51",,,,,,,,"70","0","0","0","0","30","0","0","0","0","2","Invertebrates","Faunivore","Ground","Cathemeral"
"Sorex minutus","5.08","41.6233","9.5702","2","24","22","6","304","70","0","0","0","0","30","0","0","0","0","2","Invertebrates","Faunivore","Ground","Cathemeral"
"Sorex mirabilis","15",,,,,,,,"70","0","0","0","0","30","0","0","0","0","2","Invertebrates","Faunivore","Ground","Cathemeral"
"Sorex monticolus","5.775",,,,,,,,"70","0","0","0","0","30","0","0","0","0","2","Invertebrates","Faunivore","Ground","Cathemeral"
"Sorex nanus","2.4",,,,,,,,"70","0","0","0","0","30","0","0","0","0","2","Invertebrates","Faunivore","Ground","Cathemeral"
"Sorex neomexicanus","6.05",,,,,,,,"70","0","0","0","0","30","0","0","0","0","2","Invertebrates","Faunivore","Ground","Nocturnal"
"Sorex oreopolus","7",,,,,,,,"70","0","0","0","0","30","0","0","0","0","2","Invertebrates","Faunivore","Ground","Cathemeral"
"Sorex orizabae","6.05",,,,,,,,"70","0","0","0","0","30","0","0","0","0","2","Invertebrates","Faunivore","Ground","Nocturnal"
"Sorex ornatus","5.18","42.58","7.3596",,,,,,"70","0","0","0","0","30","0","0","0","0","2","Invertebrates","Faunivore","Ground","Cathemeral"
"Sorex pacificus","6.71",,,,,,,,"70","0","0","0","0","30","0","0","0","0","2","Invertebrates","Faunivore","Ground","Cathemeral"
"Sorex palustris","14.6","70.65","4.9062",,,,,,"70","0","0","0","0","30","0","0","0","0","2","Invertebrates","Faunivore","Ground","Cathemeral"
"Sorex planiceps","6.05",,,,,,,,"70","0","0","0","0","30","0","0","0","0","2","Invertebrates","Faunivore","Ground","Nocturnal"
"Sorex portenkoi","4.83",,,,,,,,"70","0","0","0","0","30","0","0","0","0","2","Invertebrates","Faunivore","Ground","Cathemeral"
"Sorex preblei","3.1",,,,,,,,"70","0","0","0","0","30","0","0","0","0","2","Invertebrates","Faunivore","Ground","Cathemeral"
"Sorex pribilofensis","6.05",,,,,,,,"70","0","0","0","0","30","0","0","0","0","2","Invertebrates","Faunivore","Ground","Cathemeral"
"Sorex raddei","10",,,,,,,,"70","0","0","0","0","30","0","0","0","0","2","Invertebrates","Faunivore","Ground","Cathemeral"
"Sorex roboratus","9.12",,,,,,,,"70","0","0","0","0","30","0","0","0","0","2","Invertebrates","Faunivore","Ground","Cathemeral"
"Sorex samniticus","8.25",,,,,,,,"70","0","0","0","0","30","0","0","0","0","2","Invertebrates","Faunivore","Ground","Cathemeral"
"Sorex satunini","7.47",,,,,,,,"70","0","0","0","0","30","0","0","0","0","2","Invertebrates","Faunivore","Ground","Cathemeral"
"Sorex saussurei","4.65",,,,,,,,"70","0","0","0","0","30","0","0","0","0","2","Invertebrates","Faunivore","Ground","Cathemeral"
"Sorex sclateri","7",,,,,,,,"70","0","0","0","0","30","0","0","0","0","2","Invertebrates","Faunivore","Ground","Cathemeral"
"Sorex shinto","6",,,,,,,,"70","0","0","0","0","30","0","0","0","0","2","Invertebrates","Faunivore","Ground","Cathemeral"
"Sorex sinalis","9.43",,,,,,,,"70","0","0","0","0","30","0","0","0","0","2","Invertebrates","Faunivore","Ground","Cathemeral"
"Sorex sinuosus","7.8",,,,,,,,,,,,,,,,,,,,,,
"Sorex sonomae","8.3",,,,,,,,"70","0","0","0","0","30","0","0","0","0","2","Invertebrates","Faunivore","Ground","Cathemeral"
"Sorex stizodon","7",,,,,,,,"70","0","0","0","0","30","0","0","0","0","2","Invertebrates","Faunivore","Ground","Cathemeral"
"Sorex tenellus","3.75",,,,,,,,"70","0","0","0","0","30","0","0","0","0","2","Invertebrates","Faunivore","Ground","Cathemeral"
"Sorex thibetanus","6.05",,,,,,,,"70","0","0","0","0","30","0","0","0","0","2","Invertebrates","Faunivore","Ground","Cathemeral"
"Sorex trowbridgii","4.55",,,,,,,,"70","0","0","0","0","30","0","0","0","0","2","Invertebrates","Faunivore","Ground","Cathemeral"
"Sorex tundrensis","7.73",,,,,,,,"70","0","0","0","0","30","0","0","0","0","2","Invertebrates","Faunivore","Ground","Cathemeral"
"Sorex ugyunak","3.6",,,,,,,,"70","0","0","0","0","30","0","0","0","0","2","Invertebrates","Faunivore","Ground","Cathemeral"
"Sorex unguiculatus","9.9",,,,,,,,"70","0","0","0","0","30","0","0","0","0","2","Invertebrates","Faunivore","Ground","Cathemeral"
"Sorex vagrans","5.4667","19.71","3.7904",,,,,,"70","0","0","0","0","30","0","0","0","0","2","Invertebrates","Faunivore","Ground","Cathemeral"
"Sorex ventralis","7",,,,,,,,"70","0","0","0","0","30","0","0","0","0","2","Invertebrates","Faunivore","Ground","Cathemeral"
"Sorex veraecrucis","6.05",,,,,,,,"70","0","0","0","0","30","0","0","0","0","2","Invertebrates","Faunivore","Ground","Nocturnal"
"Sorex veraepacis","7.5",,,,,,,,"70","0","0","0","0","30","0","0","0","0","2","Invertebrates","Faunivore","Ground","Cathemeral"
"Sorex volnuchini","4.61",,,,,,,,"70","0","0","0","0","30","0","0","0","0","2","Invertebrates","Faunivore","Ground","Cathemeral"
"Sorex yukonicus","6.05",,,,,,,,"70","0","0","0","0","30","0","0","0","0","2","Invertebrates","Faunivore","Ground","Nocturnal"
"Soriculus nigrescens","14",,,,,,,,"70","0","0","0","0","30","0","0","0","0","2","Invertebrates","Faunivore","Ground","Nocturnal"
"Sotalia fluviatilis","48146.6667",,,,,,,,"10","0","0","90","0","0","0","0","0","0","2","Fish","Faunivore","Marine","Diurnal"
"Sousa chinensis","280000",,,,,,,,"40","0","0","60","0","0","0","0","0","0","2","Fish","Faunivore","Marine","Cathemeral"
"Sousa teuszii","1e+05",,,,,,,,"40","0","0","60","0","0","0","0","0","0","2","Fish","Faunivore","Marine","Cathemeral"
"Spalacopus cyanus","108.2939","75.56","0.7146",,,,,,"0","0","0","0","0","0","0","0","0","100","1","Other plant","Herbivore","Ground","Diurnal"
"Spalax arenarius","520",,,,,,,,"0","0","0","0","0","0","0","0","0","100","1","Other plant","Herbivore","Ground","Nocturnal"
"Spalax carmeli","210.175","86.6667","0.7035",,,,,,"0","0","0","0","0","0","0","0","20","80","2","Other plant","Herbivore","Ground","Cathemeral"
"Spalax ehrenbergi","135.5",,,,,,,,"0","0","0","0","0","0","0","0","30","70","2","Other plant","Herbivore","Ground","Nocturnal"
"Spalax galili","209.1083","96.2333","0.8033",,,,,,"0","0","0","0","0","0","0","0","20","80","2","Other plant","Herbivore","Ground","Cathemeral"
"Spalax giganteus","301.96",,,,,,,,"0","0","0","0","0","0","0","0","0","100","1","Other plant","Herbivore","Ground","Nocturnal"
"Spalax golani","214.425","70.9","0.5299",,,,,,"0","0","0","0","0","0","0","0","20","80","2","Other plant","Herbivore","Ground","Cathemeral"
"Spalax graecus","316.04",,,,,,,,"0","0","0","0","0","0","0","0","0","100","1","Other plant","Herbivore","Ground","Nocturnal"
"Spalax judaei","211.175","56.2","0.4499",,,,,,"0","0","0","0","0","0","0","0","20","80","2","Other plant","Herbivore","Ground","Cathemeral"
"Spalax leucodon","166.7067","130.05","0.683",,,,,,"0","0","0","0","0","0","0","0","30","70","2","Other plant","Herbivore","Ground","Diurnal"
"Spalax microphthalmus","470",,,,,,,,"0","0","0","0","0","0","0","0","0","100","1","Other plant","Herbivore","Ground","Nocturnal"
"Spalax nehringi","295.05",,,,,,,,"0","0","0","0","0","0","0","0","30","70","2","Other plant","Herbivore","Ground","Nocturnal"
"Spalax uralensis","295.05",,,,,,,,"0","0","0","0","0","0","0","0","20","80","2","Other plant","Herbivore","Ground","Cathemeral"
"Spalax zemni","316.28",,,,,,,,"0","0","0","0","0","0","0","0","0","100","1","Other plant","Herbivore","Ground","Nocturnal"
"Sparrow (Passer domesticus)","27",,,,,,,,,,,,,,,,,,,,,,
"Spelaeomys florensis","71.33",,,,,,,,"40","0","0","0","0","0","0","0","0","60","2","Other plant","Omnivore","Scansorial","Nocturnal"
"Speothos venaticus","5994.99",,,,,,,,"0","100","0","0","0","0","0","0","0","0","1","Endotherm vertebrates","Faunivore","Ground","Diurnal"
"Spermophilopsis leptodactylus","547.5",,,,,,,,"20","0","0","0","0","0","20","0","20","40","4","Other plant","Herbivore","Ground","Diurnal"
"Spermophilus adocetus","140.26",,,,,,,,"20","0","0","0","0","0","0","0","40","40","3","Seed","Herbivore","Ground","Diurnal"
"Spermophilus alashanicus","233.88",,,,,,,,"20","0","0","0","0","0","0","0","40","40","3","Seed","Herbivore","Ground","Diurnal"
"Spermophilus annulatus","500",,,,,,,,"20","0","0","0","0","0","0","0","40","40","3","Seed","Herbivore","Ground","Diurnal"
"Spermophilus armatus","500","177.95","0.5803",,,,,,"20","0","0","0","0","0","0","0","40","40","3","Seed","Herbivore","Ground","Diurnal"
"Spermophilus atricapillus","489.25",,,,,,,,"20","0","0","0","0","0","0","0","40","40","3","Seed","Herbivore","Ground","Diurnal"
"Spermophilus beecheyi","600","217.2","0.5399",,,,,,"20","0","0","0","0","0","0","0","40","40","3","Seed","Herbivore","Ground","Diurnal"
"Spermophilus beldingi","400","156.3","0.5454",,,,,,"20","0","0","0","0","0","0","0","40","40","3","Seed","Herbivore","Ground","Diurnal"
"Spermophilus brevicauda","284.72",,,,,,,,"20","0","0","0","0","0","0","0","40","40","3","Seed","Herbivore","Ground","Diurnal"
"Spermophilus brunneus","208.4",,,,,,,,"20","0","0","0","0","0","0","0","40","40","3","Seed","Herbivore","Ground","Diurnal"
"Spermophilus canus","213.425",,,,,,,,"20","0","0","0","0","0","0","0","40","40","3","Seed","Herbivore","Ground","Diurnal"
"Spermophilus citellus","250","239.4","0.9852",,,,,,"20","0","0","0","0","0","0","0","40","40","3","Seed","Herbivore","Ground","Diurnal"
"Spermophilus columbianus","500",,,,,,,,"20","0","0","0","0","0","0","0","40","40","3","Seed","Herbivore","Ground","Diurnal"
"Spermophilus dauricus","350","182.4","0.5256",,,,,,"20","0","0","0","0","0","0","0","40","40","3","Seed","Herbivore","Ground","Diurnal"
"Spermophilus elegans","300",,,,,,,,"20","0","0","0","0","0","0","0","40","40","3","Seed","Herbivore","Ground","Diurnal"
"Spermophilus erythrogenys","302.905",,,,,,,,"20","0","0","0","0","0","0","0","40","40","3","Seed","Herbivore","Ground","Diurnal"
"Spermophilus franklinii","471.0167","388.5","0.64",,,,,,"20","0","0","0","0","0","0","0","40","40","3","Seed","Herbivore","Ground","Diurnal"
"Spermophilus fulvus","658",,,,,,,,"20","0","0","0","0","0","0","0","40","40","3","Seed","Herbivore","Ground","Diurnal"
"Spermophilus lateralis","200","188.68","0.9434",,,,,,"20","0","0","0","0","0","0","0","40","40","3","Seed","Herbivore","Ground","Diurnal"
"Spermophilus madrensis","213.25",,,,,,,,"20","0","0","0","0","0","0","0","40","40","3","Seed","Herbivore","Ground","Diurnal"
"Spermophilus major","402.035",,,,,,,,"20","0","0","0","0","0","0","0","40","40","3","Seed","Herbivore","Ground","Diurnal"
"Spermophilus mexicanus","200","278.6","1.4",,,,,,"20","0","0","0","0","0","0","0","40","40","3","Seed","Herbivore","Ground","Diurnal"
"Spermophilus mohavensis","197.75","164.05","0.6509",,,,,,"20","0","0","0","0","0","0","0","40","40","3","Seed","Herbivore","Ground","Diurnal"
"Spermophilus mollis","141.25",,,,,,,,"20","0","0","0","0","0","0","0","40","40","3","Seed","Herbivore","Ground","Diurnal"
"Spermophilus musicus","210.36",,,,,,,,"20","0","0","0","0","0","0","0","40","40","3","Seed","Herbivore","Ground","Diurnal"
"Spermophilus pallidicauda","284.72",,,,,,,,"20","0","0","0","0","0","0","0","40","40","3","Seed","Herbivore","Ground","Diurnal"
"Spermophilus parryii","650","606.1333","0.7156",,,,,,"20","0","0","0","0","0","0","0","40","40","3","Seed","Herbivore","Ground","Diurnal"
"Spermophilus perotensis","140",,,,,,,,"20","0","0","0","0","0","0","0","40","40","3","Seed","Herbivore","Ground","Diurnal"
"Spermophilus pygmaeus","185.6",,,,,,,,"20","0","0","0","0","0","0","0","40","40","3","Seed","Herbivore","Ground","Diurnal"
"Spermophilus ralli","284.72",,,,,,,,"20","0","0","0","0","0","0","0","40","40","3","Seed","Herbivore","Ground","Diurnal"
"Spermophilus relictus","470.25",,,,,,,,"20","0","0","0","0","0","0","0","40","40","3","Seed","Herbivore","Ground","Diurnal"
"Spermophilus richardsonii","400","145.8","0.5714",,,,,,"20","0","0","0","0","0","0","0","40","40","3","Seed","Herbivore","Ground","Diurnal"
"Spermophilus saturatus","230","163","0.6463",,,,,,"20","0","0","0","0","0","0","0","40","40","3","Seed","Herbivore","Ground","Diurnal"
"Spermophilus spilosoma","130.9222","104.8333","0.6118",,,,,,"20","0","0","0","0","0","0","0","40","40","3","Seed","Herbivore","Ground","Diurnal"
"Spermophilus suslicus","235.1",,,,,,,,"20","0","0","0","0","0","0","0","40","40","3","Seed","Herbivore","Ground","Diurnal"
"Spermophilus tereticaudus","125","115.91","0.7266",,,,,,"20","0","0","0","0","0","0","0","40","40","3","Seed","Herbivore","Ground","Diurnal"
"Spermophilus townsendii","192.45","121.9","0.568",,,,,,"20","0","0","0","0","0","0","0","40","40","3","Seed","Herbivore","Ground","Diurnal"
"Spermophilus tridecemlineatus","400","179.2","0.8651",,,,,,"20","0","0","0","0","0","0","0","40","40","3","Seed","Herbivore","Ground","Diurnal"
"Spermophilus undulatus","702.4333","556.5","0.9574",,,,,,"20","0","0","0","0","0","0","0","40","40","3","Seed","Herbivore","Ground","Diurnal"
"Spermophilus variegatus","700",,,,,,,,"20","0","0","0","0","0","0","0","40","40","3","Seed","Herbivore","Ground","Diurnal"
"Spermophilus washingtoni","197",,,,,,,,"20","0","0","0","0","0","0","0","40","40","3","Seed","Herbivore","Ground","Diurnal"
"Spermophilus xanthoprymnus","300",,,,,,,,"20","0","0","0","0","0","0","0","40","40","3","Seed","Herbivore","Ground","Diurnal"
"Sphaerias blanfordi","28.84",,,,,,,,"0","0","0","0","0","0","80","20","0","0","2","Fruit","Herbivore","Arboreal","Nocturnal"
"Sphaerodactylus gaigeae","0.53",,,,,,,,,,,,,,,,,,,,,,
"Sphaeronycteris toxophyllum","16.865",,,,,,,,"30","0","0","0","0","0","60","10","0","0","3","Fruit","Herbivore","Arboreal","Nocturnal"
"Sphenodon punctatus","490.5",,,,,,,,,,,,,,,,,,,,,,
"Sphiggurus ichillus","1242.24",,,,,,,,"0","0","0","0","0","0","30","0","0","70","2","Other plant","Herbivore","Arboreal","Nocturnal"
"Sphiggurus insidiosus","1000",,,,,,,,"0","0","0","0","0","0","30","0","0","70","2","Other plant","Herbivore","Arboreal","Nocturnal"
"Sphiggurus melanurus","1900",,,,,,,,"0","0","0","0","0","0","30","0","0","70","2","Other plant","Herbivore","Arboreal","Nocturnal"
"Sphiggurus mexicanus","2000",,,,,,,,"0","0","0","0","0","0","30","0","0","70","2","Other plant","Herbivore","Arboreal","Nocturnal"
"Sphiggurus pruinosus","1242.24",,,,,,,,"0","0","0","0","0","0","30","0","0","70","2","Other plant","Herbivore","Arboreal","Nocturnal"
"Sphiggurus roosmalenorum","1242.24",,,,,,,,"0","0","0","0","0","0","30","0","0","70","2","Other plant","Herbivore","Arboreal","Nocturnal"
"Sphiggurus spinosus","750.79",,,,,,,,"0","0","0","0","0","0","30","0","0","70","2","Other plant","Herbivore","Arboreal","Nocturnal"
"Sphiggurus vestitus","736",,,,,,,,"0","0","0","0","0","0","30","0","0","70","2","Other plant","Herbivore","Arboreal","Nocturnal"
"Sphiggurus villosus","1281.005","580","0.7143",,,,,,"0","0","0","0","0","0","30","0","0","70","2","Other plant","Herbivore","Arboreal","Nocturnal"
"Sphyrna lewini","291391.12",,,,,,,,,,,,,,,,,,,,,,
"Sphyrna tiburo","1824.59",,,,,,,,,,,,,,,,,,,,,,
"Spider monkey",,,,,,"821",,,,,,,,,,,,,,,,,
"Spilocuscus kraemeri","3541.195",,,,,,,,"0","0","0","0","0","0","40","0","0","60","2","Other plant","Herbivore","Arboreal","Nocturnal"
"Spilocuscus maculatus","4348.6333","1025.8","0.249",,,,,,"0","0","0","0","0","0","40","0","0","60","2","Other plant","Herbivore","Arboreal","Nocturnal"
"Spilocuscus papuensis","5535.39",,,,,,,,"0","0","0","0","0","0","40","0","0","60","2","Other plant","Herbivore","Arboreal","Nocturnal"
"Spilocuscus rufoniger","6000",,,,,,,,"0","0","0","0","0","0","40","0","0","60","2","Other plant","Herbivore","Arboreal","Nocturnal"
"Spilogale angustifrons","334.37",,,,,,,,"50","40","0","0","0","0","10","0","0","0","3","Invertebrates","Faunivore","Ground","Nocturnal"
"Spilogale aquaticus","283.08",,,,,,,,"40","40","0","0","0","0","0","0","0","20","3","Invertebrates","Faunivore","Ground","Nocturnal"
"Spilogale gracilis","443.25",,,,,,,,"30","40","0","0","0","0","0","0","0","30","3","Endotherm vertebrates","Faunivore","Ground","Nocturnal"
"Spilogale putorius","430.3333","265.8","0.426",,,,,,"30","40","0","0","0","0","0","0","0","30","3","Endotherm vertebrates","Faunivore","Ground","Nocturnal"
"Spilogale pygmaea","235",,,,,,,,"80","20","0","0","0","0","0","0","0","0","2","Invertebrates","Faunivore","Ground","Cathemeral"
"Squalus acanthias","4237.97",,,,,,,,,,,,,,,,,,,,,,
"Srilankamys ohiensis","79.25",,,,,,,,"10","0","0","0","0","0","10","0","20","60","4","Other plant","Herbivore","Ground","Nocturnal"
"Steatomys bocagei","27.5",,,,,,,,"30","0","0","0","0","0","0","0","30","40","3","Other plant","Herbivore","Ground","Nocturnal"
"Steatomys caurinus","44.75",,,,,,,,"30","0","0","0","0","0","0","0","30","40","3","Other plant","Herbivore","Ground","Nocturnal"
"Steatomys cuppedius","28.39",,,,,,,,"30","0","0","0","0","0","0","0","30","40","3","Other plant","Herbivore","Ground","Nocturnal"
"Steatomys jacksoni","28.4",,,,,,,,"30","0","0","0","0","0","0","0","30","40","3","Other plant","Herbivore","Ground","Nocturnal"
"Steatomys krebsii","20.67",,,,,,,,"30","0","0","0","0","0","0","0","30","40","3","Other plant","Herbivore","Ground","Nocturnal"
"Steatomys opimus","40",,,,,,,,"30","0","0","0","0","0","0","0","30","40","3","Other plant","Herbivore","Ground","Nocturnal"
"Steatomys parvus","8.85",,,,,,,,"30","0","0","0","0","0","0","0","30","40","3","Other plant","Herbivore","Ground","Nocturnal"
"Steatomys pratensis","28","27.465","0.9075",,,,,,"30","0","0","0","0","0","0","0","30","40","3","Other plant","Herbivore","Ground","Nocturnal"
"Stenella attenuata","61507.265",,,,,,,,"60","0","0","40","0","0","0","0","0","0","2","Invertebrates","Faunivore","Marine","Cathemeral"
"Stenella clymene","68000",,,,,,,,"60","0","0","40","0","0","0","0","0","0","2","Invertebrates","Faunivore","Marine","Cathemeral"
"Stenella coeruleoalba","85233.3333",,,,,,,,"60","0","0","40","0","0","0","0","0","0","2","Invertebrates","Faunivore","Marine","Cathemeral"
"Stenella frontalis","110000",,,,,,,,"60","0","0","40","0","0","0","0","0","0","2","Invertebrates","Faunivore","Marine","Cathemeral"
"Stenella longirostris","42050",,,,,,,,"60","0","0","40","0","0","0","0","0","0","2","Invertebrates","Faunivore","Marine","Cathemeral"
"Steno bredanensis","126915.45",,,,,,,,"40","0","0","60","0","0","0","0","0","0","2","Fish","Faunivore","Marine","Cathemeral"
"Stenocephalemys albipes","52.81",,,,,,,,"80","0","0","0","0","0","0","0","0","20","2","Invertebrates","Faunivore","Ground","Nocturnal"
"Stenocephalemys albocaudata","144",,,,,,,,"80","0","0","0","0","0","0","0","0","20","2","Invertebrates","Faunivore","Ground","Nocturnal"
"Stenocephalemys griseicauda","85.75",,,,,,,,"80","0","0","0","0","0","0","0","0","20","2","Invertebrates","Faunivore","Ground","Nocturnal"
"Stenocephalemys ruppi","48.99",,,,,,,,"80","0","0","0","0","0","0","0","0","20","2","Invertebrates","Faunivore","Ground","Nocturnal"
"Stenoderma rufum","20.65",,,,,,,,"0","0","0","0","0","0","100","0","0","0","1","Fruit","Herbivore","Arboreal","Nocturnal"
"Stochomys longicaudatus","80.125","102.6","1.1489",,,,,,"10","0","0","0","0","0","80","0","0","10","3","Fruit","Herbivore","Ground","Nocturnal"
"Strigocuscus celebensis","500",,,,,,,,"0","0","0","0","0","0","100","0","0","0","1","Fruit","Herbivore","Arboreal","Nocturnal"
"Strigocuscus pelengensis","745.5",,,,,,,,"10","0","0","0","10","0","40","0","0","40","4","Fruit","Herbivore","Arboreal","Nocturnal"
"Stump-tailed macaque",,,,,,"270",,,,,,,,,,,,,,,,,
"Sturnira aratathomasi","48.63",,,,,,,,"0","0","0","0","0","0","100","0","0","0","1","Fruit","Herbivore","Arboreal","Nocturnal"
"Sturnira bidens","17.55",,,,,,,,"0","0","0","0","0","0","100","0","0","0","1","Fruit","Herbivore","Arboreal","Nocturnal"
"Sturnira bogotensis","20.8",,,,,,,,"0","0","0","0","0","0","100","0","0","0","1","Fruit","Herbivore","Arboreal","Nocturnal"
"Sturnira erythromos","15.5","39.9","2.5094",,,,,,"0","0","0","0","0","0","100","0","0","0","1","Fruit","Herbivore","Arboreal","Nocturnal"
"Sturnira lilium","16.55","41.8333","2.0689",,,,,,"0","0","0","0","0","0","100","0","0","0","1","Fruit","Herbivore","Arboreal","Nocturnal"
"Sturnira ludovici","23.46",,,,,,,,"0","0","0","0","0","0","100","0","0","0","1","Fruit","Herbivore","Arboreal","Nocturnal"
"Sturnira luisi","21",,,,,,,,"0","0","0","0","0","0","100","0","0","0","1","Fruit","Herbivore","Arboreal","Nocturnal"
"Sturnira magna","21.66",,,,,,,,"0","0","0","0","0","0","100","0","0","0","1","Fruit","Herbivore","Arboreal","Nocturnal"
"Sturnira mistratensis","22.27",,,,,,,,"0","0","0","0","0","0","100","0","0","0","1","Fruit","Herbivore","Arboreal","Nocturnal"
"Sturnira mordax","25.08",,,,,,,,"0","0","0","0","0","0","100","0","0","0","1","Fruit","Herbivore","Arboreal","Nocturnal"
"Sturnira nana","18.47",,,,,,,,"0","0","0","0","0","0","100","0","0","0","1","Fruit","Herbivore","Arboreal","Nocturnal"
"Sturnira oporaphilum","21.99",,,,,,,,"0","0","0","0","0","0","100","0","0","0","1","Fruit","Herbivore","Arboreal","Nocturnal"
"Sturnira thomasi","21.66",,,,,,,,"0","0","0","0","0","0","100","0","0","0","1","Fruit","Herbivore","Arboreal","Nocturnal"
"Sturnira tildae","22.8467","39.9","1.9463",,,,,,"0","0","0","0","0","0","100","0","0","0","1","Fruit","Herbivore","Arboreal","Nocturnal"
"Sturnus vulgaris","73.0733",,,,,,,,,,,,,,,,,,,,,,
"Stylocheiron maximum","0.0827",,,,,,,,,,,,,,,,,,,,,,
"Styloctenium wallacei","173",,,,,,,,"0","0","0","0","0","0","80","20","0","0","2","Fruit","Herbivore","Arboreal","Nocturnal"
"Stylodipus andrewsi","61.97",,,,,,,,"0","0","0","0","0","0","0","0","30","70","2","Other plant","Herbivore","Ground","Nocturnal"
"Stylodipus sungorus","61.96",,,,,,,,"0","0","0","0","0","0","0","0","30","70","2","Other plant","Herbivore","Ground","Nocturnal"
"Stylodipus telum","55",,,,,,,,"0","0","0","0","0","0","0","0","30","70","2","Other plant","Herbivore","Ground","Nocturnal"
"Subgenus Callithrix","328.8",,,,,,,,,,,,,,,,,,,,,,
"Subgenus Cebuella","99.5",,,,,,,,,,,,,,,,,,,,,,
"Subgenus Torquatus","1134.1765",,,,,,,,,,,,,,,,,,,,,,
"Suncus aequatorius","7.15",,,,,,,,"80","0","0","0","10","10","0","0","0","0","3","Invertebrates","Faunivore","Ground","Nocturnal"
"Suncus ater","11.1",,,,,,,,"80","0","0","0","10","10","0","0","0","0","3","Invertebrates","Faunivore","Ground","Nocturnal"
"Suncus dayi","9.43",,,,,,,,"80","0","0","0","10","10","0","0","0","0","3","Invertebrates","Faunivore","Ground","Nocturnal"
"Suncus etruscus","2","10.185","4.3782",,,,,,"80","0","0","0","10","10","0","0","0","0","3","Invertebrates","Faunivore","Ground","Nocturnal"
"Suncus fellowesgordoni","7.64",,,,,,,,"80","0","0","0","10","10","0","0","0","0","3","Invertebrates","Faunivore","Ground","Nocturnal"
"Suncus hosei","7.64",,,,,,,,"80","0","0","0","10","10","0","0","0","0","3","Invertebrates","Faunivore","Ground","Nocturnal"
"Suncus infinitesimus","3",,,,,,,,"80","0","0","0","10","10","0","0","0","0","3","Invertebrates","Faunivore","Ground","Nocturnal"
"Suncus lixus","4.9",,,,,,,,"80","0","0","0","10","10","0","0","0","0","3","Invertebrates","Faunivore","Ground","Nocturnal"
"Suncus madagascariensis","3.5",,,,,,,,"80","0","0","0","10","10","0","0","0","0","3","Invertebrates","Faunivore","Ground","Nocturnal"
"Suncus malayanus","5",,,,,,,,"80","0","0","0","10","10","0","0","0","0","3","Invertebrates","Faunivore","Ground","Nocturnal"
"Suncus megalura","5.38",,,,,,,,"80","0","0","0","10","10","0","0","0","0","3","Invertebrates","Faunivore","Ground","Nocturnal"
"Suncus mertensi","7.95",,,,,,,,"80","0","0","0","10","10","0","0","0","0","3","Invertebrates","Faunivore","Ground","Nocturnal"
"Suncus montanus","18",,,,,,,,"80","0","0","0","10","10","0","0","0","0","3","Invertebrates","Faunivore","Ground","Nocturnal"
"Suncus murinus","34.625","88","1.6794",,,,,,"80","0","0","0","10","10","0","0","0","0","3","Invertebrates","Faunivore","Ground","Nocturnal"
"Suncus remyi","1.75",,,,,,,,"80","0","0","0","10","10","0","0","0","0","3","Invertebrates","Faunivore","Ground","Nocturnal"
"Suncus stoliczkanus","9.43",,,,,,,,"80","0","0","0","10","10","0","0","0","0","3","Invertebrates","Faunivore","Ground","Nocturnal"
"Suncus varilla","5",,,,,,,,"80","0","0","0","10","10","0","0","0","0","3","Invertebrates","Faunivore","Ground","Nocturnal"
"Suncus zeylanicus","29.8",,,,,,,,"80","0","0","0","10","10","0","0","0","0","3","Invertebrates","Faunivore","Ground","Nocturnal"
"Sundamys infraluteus","418.5",,,,,,,,"20","0","10","0","0","0","30","0","0","40","4","Other plant","Herbivore","Ground","Nocturnal"
"Sundamys maxi","361",,,,,,,,"20","0","10","0","0","0","30","0","0","40","4","Other plant","Herbivore","Ground","Nocturnal"
"Sundamys muelleri","293.635",,,,,,,,"20","0","10","0","0","0","30","0","0","40","4","Other plant","Herbivore","Ground","Nocturnal"
"Sundasciurus brookei","115.5",,,,,,,,"10","0","0","0","0","0","60","0","0","30","3","Fruit","Herbivore","Arboreal","Diurnal"
"Sundasciurus davensis","165.02",,,,,,,,"10","0","0","0","0","0","60","0","0","30","3","Fruit","Herbivore","Ground","Diurnal"
"Sundasciurus fraterculus","155.51",,,,,,,,"10","0","0","0","0","0","60","0","0","30","3","Fruit","Herbivore","Arboreal","Diurnal"
"Sundasciurus hippurus","406.25",,,,,,,,"10","0","0","0","0","0","60","0","0","30","3","Fruit","Herbivore","Ground","Diurnal"
"Sundasciurus hoogstraali","159.18",,,,,,,,"10","0","0","0","0","0","60","0","0","30","3","Fruit","Herbivore","Ground","Diurnal"
"Sundasciurus jentinki","76",,,,,,,,"10","0","0","0","0","0","60","0","0","30","3","Fruit","Herbivore","Ground","Diurnal"
"Sundasciurus juvencus","159.09",,,,,,,,"10","0","0","0","0","0","60","0","0","30","3","Fruit","Herbivore","Ground","Diurnal"
"Sundasciurus lowii","87.5",,,,,,,,"10","0","0","0","0","0","60","0","0","30","3","Fruit","Herbivore","Arboreal","Diurnal"
"Sundasciurus mindanensis","164.46",,,,,,,,"10","0","0","0","0","0","60","0","0","30","3","Fruit","Herbivore","Ground","Diurnal"
"Sundasciurus moellendorffi","252",,,,,,,,"10","0","0","0","0","0","60","0","0","30","3","Fruit","Herbivore","Ground","Diurnal"
"Sundasciurus philippinensis","244",,,,,,,,"10","0","0","0","0","0","60","0","0","30","3","Fruit","Herbivore","Ground","Diurnal"
"Sundasciurus rabori","163",,,,,,,,"10","0","0","0","0","0","60","0","0","30","3","Fruit","Herbivore","Ground","Diurnal"
"Sundasciurus samarensis","225",,,,,,,,"10","0","0","0","0","0","60","0","0","30","3","Fruit","Herbivore","Ground","Diurnal"
"Sundasciurus steerii","252",,,,,,,,"10","0","0","0","0","0","60","0","0","30","3","Fruit","Herbivore","Ground","Diurnal"
"Sundasciurus tenuis","73.75",,,,,,,,"10","0","0","0","0","0","60","0","0","30","3","Fruit","Herbivore","Arboreal","Diurnal"
"Surdisorex norae","9",,,,,,,,"100","0","0","0","0","0","0","0","0","0","1","Invertebrates","Faunivore","Ground","Cathemeral"
"Surdisorex polulus","13.8",,,,,,,,"100","0","0","0","0","0","0","0","0","0","1","Invertebrates","Faunivore","Ground","Cathemeral"
"Suricata suricatta","730.125","310.3","0.3651",,,,,,"70","0","0","0","20","0","0","0","0","10","3","Invertebrates","Faunivore","Ground","Diurnal"
"Sus ahoenobarbus","73569.74",,,,,,,,"0","0","0","0","10","10","40","0","30","10","5","Fruit","Herbivore","Ground","Nocturnal"
"Sus barbatus","96666.67",,,,,,,,"10","0","0","0","10","10","0","0","10","60","5","Other plant","Herbivore","Ground","Nocturnal"
"Sus bucculentus","81648.19",,,,,,,,"10","0","0","0","10","10","0","0","10","60","5","Other plant","Herbivore","Ground","Nocturnal"
"Sus cebifrons","190792.3",,,,,,,,"10","0","0","0","10","10","0","0","10","60","5","Other plant","Herbivore","Ground","Nocturnal"
"Sus celebensis","55000",,,,,,,,"10","0","0","0","10","10","0","0","10","60","5","Other plant","Herbivore","Ground","Nocturnal"
"Sus oliveri","73569.74",,,,,,,,"10","0","0","0","10","10","0","0","10","60","5","Other plant","Herbivore","Ground","Nocturnal"
"Sus philippensis","190792.3",,,,,,,,"10","0","0","0","10","10","0","0","10","60","5","Other plant","Herbivore","Ground","Nocturnal"
"Sus salvanius","7718",,,,,,,,"10","0","0","0","10","10","0","0","10","60","5","Other plant","Herbivore","Ground","Nocturnal"
"Sus scrofa","54250","20611.75","0.2144",,,,,,"10","0","0","0","10","10","0","0","10","60","5","Other plant","Herbivore","Ground","Nocturnal"
"Sus scrofa domestica","137000",,,,,,,,,,,,,,,,,,,,,,
"Sus scrofa domesticus","1e+05",,,,"116.645","52.2","8",,,,,,,,,,,,,,,,
"Sus verrucosus","81250",,,,,,,,"10","0","0","0","10","10","0","0","10","60","5","Other plant","Herbivore","Ground","Nocturnal"
"Swallow (Hirundo rustica)","19",,,,,,,,,,,,,,,,,,,,,,
"Swanscombe","65600",,,,,,,,,,,,,,,,,,,,,,
"Syconycteris australis","18","25.534","1.504",,,,,,"0","0","0","0","0","0","10","90","0","0","2","Nectar","Herbivore","Arboreal","Nocturnal"
"Syconycteris carolinae","39",,,,,,,,"0","0","0","0","0","0","10","90","0","0","2","Nectar","Herbivore","Arboreal","Nocturnal"
"Syconycteris hobbit","18.29",,,,,,,,"0","0","0","0","0","0","10","90","0","0","2","Nectar","Herbivore","Arboreal","Nocturnal"
"Sylvia atricapilla","16.5833",,,,,,,,,,,,,,,,,,,,,,
"Sylvicapra grimmia","16062.395",,,,,,,,"0","10","0","0","0","0","20","0","0","70","3","Other plant","Herbivore","Ground","Nocturnal"
"Sylvilagus aquaticus","2135.8",,,,,,,,"0","0","0","0","0","0","0","0","0","100","1","Other plant","Herbivore","Ground","Nocturnal"
"Sylvilagus audubonii","784.8433","436.9","0.6498",,,,,,"0","0","0","0","0","0","0","0","0","100","1","Other plant","Herbivore","Ground","Nocturnal"
"Sylvilagus bachmani","677.825",,,,,,,,"0","0","0","0","0","0","0","0","0","100","1","Other plant","Herbivore","Ground","Nocturnal"
"Sylvilagus brasiliensis","694.495",,,,,,,,"0","0","0","0","0","0","0","0","0","100","1","Other plant","Herbivore","Ground","Nocturnal"
"Sylvilagus cognatus","1218.45",,,,,,,,"0","0","0","0","0","0","0","0","0","100","1","Other plant","Herbivore","Ground","Nocturnal"
"Sylvilagus cunicularius","2999.99",,,,,,,,"0","0","0","0","0","0","0","0","0","100","1","Other plant","Herbivore","Ground","Nocturnal"
"Sylvilagus dicei","1343.35",,,,,,,,"0","0","0","0","0","0","0","0","0","100","1","Other plant","Herbivore","Ground","Nocturnal"
"Sylvilagus floridanus","1063.2633","557.2","0.568",,,,,,"0","0","0","0","0","0","0","0","0","100","1","Other plant","Herbivore","Ground","Nocturnal"
"Sylvilagus graysoni","964.01",,,,,,,,"0","0","0","0","0","0","0","0","0","100","1","Other plant","Herbivore","Ground","Nocturnal"
"Sylvilagus insonus","2999.99",,,,,,,,"0","0","0","0","0","0","0","0","0","100","1","Other plant","Herbivore","Ground","Nocturnal"
"Sylvilagus mansuetus","811.92",,,,,,,,"0","0","0","0","0","0","0","0","0","100","1","Other plant","Herbivore","Ground","Nocturnal"
"Sylvilagus nuttallii","755.09",,,,,,,,"0","0","0","0","0","0","0","0","0","100","1","Other plant","Herbivore","Ground","Nocturnal"
"Sylvilagus obscurus","1218.45",,,,,,,,"0","0","0","0","0","0","0","0","0","100","1","Other plant","Herbivore","Ground","Nocturnal"
"Sylvilagus palustris","1500",,,,,,,,"0","0","0","0","0","0","0","0","0","100","1","Other plant","Herbivore","Ground","Nocturnal"
"Sylvilagus robustus","1218.45",,,,,,,,"0","0","0","0","0","0","0","0","0","100","1","Other plant","Herbivore","Ground","Nocturnal"
"Sylvilagus transitionalis","656.7",,,,,,,,"0","0","0","0","0","0","0","0","0","100","1","Other plant","Herbivore","Ground","Nocturnal"
"Sylvilagus varynaensis","1218.45",,,,,,,,"0","0","0","0","0","0","0","0","0","100","1","Other plant","Herbivore","Ground","Nocturnal"
"Sylvisorex camerunensis","5.83",,,,,,,,"60","0","0","0","20","20","0","0","0","0","3","Invertebrates","Faunivore","Scansorial","Cathemeral"
"Sylvisorex granti","3.8",,,,,,,,"80","0","0","0","10","10","0","0","0","0","3","Invertebrates","Faunivore","Scansorial","Cathemeral"
"Sylvisorex howelli","4.32",,,,,,,,"80","0","0","0","10","10","0","0","0","0","3","Invertebrates","Faunivore","Scansorial","Cathemeral"
"Sylvisorex isabellae","9.99",,,,,,,,"80","0","0","0","10","10","0","0","0","0","3","Invertebrates","Faunivore","Scansorial","Cathemeral"
"Sylvisorex johnstoni","3.17",,,,,,,,"80","0","0","0","10","10","0","0","0","0","3","Invertebrates","Faunivore","Scansorial","Cathemeral"
"Sylvisorex konganensis","5.15",,,,,,,,"60","0","0","0","20","20","0","0","0","0","3","Invertebrates","Faunivore","Scansorial","Cathemeral"
"Sylvisorex lunaris","18.5",,,,,,,,"80","0","0","0","10","10","0","0","0","0","3","Invertebrates","Faunivore","Scansorial","Cathemeral"
"Sylvisorex morio","9.99",,,,,,,,"80","0","0","0","10","10","0","0","0","0","3","Invertebrates","Faunivore","Scansorial","Cathemeral"
"Sylvisorex ollula","13.2",,,,,,,,"80","0","0","0","10","10","0","0","0","0","3","Invertebrates","Faunivore","Scansorial","Cathemeral"
"Sylvisorex oriundus","9.99",,,,,,,,"80","0","0","0","10","10","0","0","0","0","3","Invertebrates","Faunivore","Scansorial","Cathemeral"
"Sylvisorex pluvialis","5.83",,,,,,,,"60","0","0","0","20","20","0","0","0","0","3","Invertebrates","Faunivore","Scansorial","Cathemeral"
"Sylvisorex vulcanorum","3.5",,,,,,,,"80","0","0","0","10","10","0","0","0","0","3","Invertebrates","Faunivore","Scansorial","Cathemeral"
"Sympetrum flaveolum","0.5",,,,,,,,,,,,,,,,,,,,,,
"Symphalangus syndactylus","11295",,,,,,,,"10","0","0","0","0","0","80","0","0","10","3","Fruit","Herbivore","Arboreal","Diurnal"
"Synaptomys borealis","21.3",,,,,,,,"20","0","0","0","0","0","0","0","0","80","2","Other plant","Herbivore","Ground","Cathemeral"
"Synaptomys cooperi","27.86",,,,,,,,"20","0","0","0","0","0","0","0","0","80","2","Other plant","Herbivore","Ground","Cathemeral"
"Syncerus caffer","622721.34",,,,,,,,"0","0","0","0","0","0","0","0","0","100","1","Other plant","Herbivore","Ground","Nocturnal"
"Syntheosciurus brochus","132.84",,,,,,,,"0","0","0","0","0","0","0","30","0","70","2","Other plant","Herbivore","Arboreal","Cathemeral"
"Systellaspis debilis","3.315",,,,,,,,,,,,,,,,,,,,,,
"Tachyglossus aculeatus","3500","490.2283","0.1293","49.5","22","200","1","548","100","0","0","0","0","0","0","0","0","0","1","Invertebrates","Faunivore","Ground","Nocturnal"
"Tachyoryctes ankoliae","309.95",,,,,,,,"0","0","0","0","0","0","0","0","0","100","1","Other plant","Herbivore","Ground","Nocturnal"
"Tachyoryctes annectens","309.95",,,,,,,,"0","0","0","0","0","0","0","0","0","100","1","Other plant","Herbivore","Ground","Nocturnal"
"Tachyoryctes audax","235",,,,,,,,"0","0","0","0","0","0","0","0","0","100","1","Other plant","Herbivore","Ground","Nocturnal"
"Tachyoryctes daemon","309.95",,,,,,,,"0","0","0","0","0","0","0","0","0","100","1","Other plant","Herbivore","Ground","Nocturnal"
"Tachyoryctes ibeanus","309.95",,,,,,,,"0","0","0","0","0","0","0","0","0","100","1","Other plant","Herbivore","Ground","Nocturnal"
"Tachyoryctes macrocephalus","596.99",,,,,,,,"0","0","0","0","0","0","0","0","0","100","1","Other plant","Herbivore","Ground","Nocturnal"
"Tachyoryctes naivashae","309.95",,,,,,,,"0","0","0","0","0","0","0","0","0","100","1","Other plant","Herbivore","Ground","Nocturnal"
"Tachyoryctes rex","309.95",,,,,,,,"0","0","0","0","0","0","0","0","0","100","1","Other plant","Herbivore","Ground","Nocturnal"
"Tachyoryctes ruandae","309.95",,,,,,,,"0","0","0","0","0","0","0","0","0","100","1","Other plant","Herbivore","Ground","Nocturnal"
"Tachyoryctes ruddi","309.95",,,,,,,,"0","0","0","0","0","0","0","0","0","100","1","Other plant","Herbivore","Ground","Nocturnal"
"Tachyoryctes spalacinus","309.95",,,,,,,,"0","0","0","0","0","0","0","0","0","100","1","Other plant","Herbivore","Ground","Nocturnal"
"Tachyoryctes splendens","212.4167","150.9","0.7901",,,,,,"0","0","0","0","0","0","0","0","0","100","1","Other plant","Herbivore","Ground","Nocturnal"
"Tachyoryctes storeyi","309.95",,,,,,,,"0","0","0","0","0","0","0","0","0","100","1","Other plant","Herbivore","Ground","Nocturnal"
"Tadarida aegyptiaca","17",,,,,,,,"100","0","0","0","0","0","0","0","0","0","1","Invertebrates","Faunivore","Aerial","Nocturnal"
"Tadarida australis","31.8",,,,,,,,"100","0","0","0","0","0","0","0","0","0","1","Invertebrates","Faunivore","Aerial","Nocturnal"
"Tadarida brasiliensis","10","15.2","1.4167",,,,,,"100","0","0","0","0","0","0","0","0","0","1","Invertebrates","Faunivore","Aerial","Nocturnal"
"Tadarida cynocephala","1300",,,,,,,,,,,,,,,,,,,,,,
"Tadarida fulminans","35.28",,,,,,,,"100","0","0","0","0","0","0","0","0","0","1","Invertebrates","Faunivore","Aerial","Nocturnal"
"Tadarida insignis","23.55",,,,,,,,"100","0","0","0","0","0","0","0","0","0","1","Invertebrates","Faunivore","Aerial","Nocturnal"
"Tadarida kuboriensis","26.8",,,,,,,,"100","0","0","0","0","0","0","0","0","0","1","Invertebrates","Faunivore","Aerial","Nocturnal"
"Tadarida latouchei","23.55",,,,,,,,"100","0","0","0","0","0","0","0","0","0","1","Invertebrates","Faunivore","Aerial","Nocturnal"
"Tadarida lobata","23.62",,,,,,,,"100","0","0","0","0","0","0","0","0","0","1","Invertebrates","Faunivore","Aerial","Nocturnal"
"Tadarida teniotis","35","34.4","1.075",,,,,,"100","0","0","0","0","0","0","0","0","0","1","Invertebrates","Faunivore","Aerial","Nocturnal"
"Tadarida ventralis","23.62",,,,,,,,"100","0","0","0","0","0","0","0","0","0","1","Invertebrates","Faunivore","Aerial","Nocturnal"
"Taeniopygia guttata","11.9333",,,,,,,,,,,,,,,,,,,,,,
"Taenipygia guttata","17.3933",,,,,,,,,,,,,,,,,,,,,,
"Taeromys arcuatus","227",,,,,,,,"30","0","0","0","0","0","40","0","0","30","3","Fruit","Herbivore","Ground","Nocturnal"
"Taeromys callitrichus","271",,,,,,,,"30","0","0","0","0","0","40","0","0","30","3","Fruit","Herbivore","Ground","Nocturnal"
"Taeromys celebensis","323",,,,,,,,"30","0","0","0","0","0","40","0","0","30","3","Fruit","Herbivore","Scansorial","Nocturnal"
"Taeromys hamatus","196",,,,,,,,"0","0","0","0","0","0","80","0","0","20","2","Fruit","Herbivore","Ground","Nocturnal"
"Taeromys microbullatus","225.86",,,,,,,,"30","0","0","0","0","0","50","0","0","20","3","Fruit","Herbivore","Ground","Nocturnal"
"Taeromys punicans","138",,,,,,,,"30","0","0","0","0","0","40","0","0","30","3","Fruit","Herbivore","Ground","Nocturnal"
"Taeromys taerae","247",,,,,,,,"30","0","0","0","0","0","40","0","0","30","3","Fruit","Herbivore","Ground","Nocturnal"
"Talpa altaica","85",,,,,,,,"100","0","0","0","0","0","0","0","0","0","1","Invertebrates","Faunivore","Ground","Cathemeral"
"Talpa caeca","92.5",,,,,,,,"100","0","0","0","0","0","0","0","0","0","1","Invertebrates","Faunivore","Ground","Cathemeral"
"Talpa caucasica","90",,,,,,,,"100","0","0","0","0","0","0","0","0","0","1","Invertebrates","Faunivore","Ground","Cathemeral"
"Talpa davidiana","80.28",,,,,,,,"100","0","0","0","0","0","0","0","0","0","1","Invertebrates","Faunivore","Ground","Cathemeral"
"Talpa europaea","76",,,"5","28","31","3","182","100","0","0","0","0","0","0","0","0","0","1","Invertebrates","Faunivore","Ground","Cathemeral"
"Talpa levantis","90",,,,,,,,"100","0","0","0","0","0","0","0","0","0","1","Invertebrates","Faunivore","Ground","Cathemeral"
"Talpa occidentalis","53.5",,,,,,,,"100","0","0","0","0","0","0","0","0","0","1","Invertebrates","Faunivore","Ground","Cathemeral"
"Talpa romana","92.5",,,,,,,,"100","0","0","0","0","0","0","0","0","0","1","Invertebrates","Faunivore","Ground","Cathemeral"
"Talpa stankovici","71.12",,,,,,,,"100","0","0","0","0","0","0","0","0","0","1","Invertebrates","Faunivore","Ground","Cathemeral"
"Tamandua mexicana","4032.49","880.2","0.231",,,,,,"100","0","0","0","0","0","0","0","0","0","1","Invertebrates","Faunivore","Scansorial","Cathemeral"
"Tamandua tetradactyla","4458.6867","885.5","0.253",,,,,,"100","0","0","0","0","0","0","0","0","0","1","Invertebrates","Faunivore","Scansorial","Cathemeral"
"Tamias alpinus","37.825","57.87","1.4801",,,,,,"0","0","0","0","0","0","50","0","50","0","2","Fruit","Herbivore","Ground","Diurnal"
"Tamias amoenus","54","81.2733","1.6012",,,,,,"0","0","0","0","0","0","50","0","50","0","2","Fruit","Herbivore","Ground","Diurnal"
"Tamias bulleri","100",,,,,,,,"0","0","0","0","0","0","50","0","50","0","2","Fruit","Herbivore","Ground","Diurnal"
"Tamias canipes","70.4",,,,,,,,"0","0","0","0","0","0","50","0","50","0","2","Fruit","Herbivore","Ground","Diurnal"
"Tamias cinereicollis","61.7",,,,,,,,"0","0","0","0","0","0","50","0","50","0","2","Fruit","Herbivore","Ground","Diurnal"
"Tamias dorsalis","66.65",,,,,,,,"0","0","0","0","0","0","50","0","50","0","2","Fruit","Herbivore","Ground","Diurnal"
"Tamias durangae","85",,,,,,,,"0","0","0","0","0","0","50","0","50","0","2","Fruit","Herbivore","Ground","Diurnal"
"Tamias merriami","74.9","78.8","1.0507",,,,,,"0","0","0","0","0","0","50","0","50","0","2","Fruit","Herbivore","Ground","Diurnal"
"Tamias minimus","74.9424","63.8943","1.4602",,,,,,"0","0","0","0","0","0","50","0","50","0","2","Fruit","Herbivore","Ground","Diurnal"
"Tamias obscurus","73",,,,,,,,"0","0","0","0","0","0","50","0","50","0","2","Fruit","Herbivore","Ground","Diurnal"
"Tamias ochrogenys","91.7",,,,,,,,"0","0","0","0","0","0","50","0","50","0","2","Fruit","Herbivore","Ground","Diurnal"
"Tamias palmeri","66.5333","113.1","1.6297",,,,,,"0","0","0","0","0","0","50","0","50","0","2","Fruit","Herbivore","Ground","Diurnal"
"Tamias panamintinus","51.75",,,,,,,,"0","0","0","0","0","0","50","0","50","0","2","Fruit","Herbivore","Ground","Diurnal"
"Tamias quadrimaculatus","83.775",,,,,,,,"0","0","0","0","0","0","50","0","50","0","2","Fruit","Herbivore","Ground","Diurnal"
"Tamias quadrivittatus","62.25",,,,,,,,"0","0","0","0","0","0","50","0","50","0","2","Fruit","Herbivore","Ground","Diurnal"
"Tamias ruficaudus","68",,,,,,,,"0","0","0","0","0","0","50","0","50","0","2","Fruit","Herbivore","Ground","Diurnal"
"Tamias rufus","53.6",,,,,,,,"0","0","0","0","0","0","50","0","50","0","2","Fruit","Herbivore","Ground","Diurnal"
"Tamias senex","89.35",,,,,,,,"0","0","0","0","0","0","50","0","50","0","2","Fruit","Herbivore","Ground","Diurnal"
"Tamias sibiricus","85",,,,,,,,"10","0","0","0","0","0","10","0","60","20","4","Seed","Herbivore","Ground","Diurnal"
"Tamias siskiyou","75",,,,,,,,"0","0","0","0","0","0","50","0","50","0","2","Fruit","Herbivore","Ground","Diurnal"
"Tamias sonomae","75",,,,,,,,"0","0","0","0","0","0","50","0","50","0","2","Fruit","Herbivore","Ground","Diurnal"
"Tamias speciosus","64.2","104.6","1.4795",,,,,,"0","0","0","0","0","0","50","0","50","0","2","Fruit","Herbivore","Ground","Diurnal"
"Tamias striatus","92.3667","113.28","1.1649",,,,,,"20","0","0","0","0","0","20","0","30","30","4","Seed","Herbivore","Ground","Diurnal"
"Tamias townsendii","82.09",,,,,,,,"0","0","0","0","0","0","50","0","50","0","2","Fruit","Herbivore","Ground","Diurnal"
"Tamias umbrinus","63",,,,,,,,"0","0","0","0","0","0","50","0","50","0","2","Fruit","Herbivore","Ground","Diurnal"
"Tamiasciurus douglasii","225",,,,,,,,"0","20","0","0","10","0","20","10","20","20","6","Endotherm vertebrates","Herbivore","Arboreal","Diurnal"
"Tamiasciurus hudsonicus","207.9258","305.1333","1.3829",,,,,,"0","20","0","0","10","0","20","10","20","20","6","Endotherm vertebrates","Herbivore","Arboreal","Diurnal"
"Tamiasciurus mearnsi","231.58",,,,,,,,"0","20","0","0","10","0","20","10","20","20","6","Endotherm vertebrates","Herbivore","Arboreal","Diurnal"
"Tamiops maritimus","70.33",,,,,,,,"20","0","0","0","0","0","40","0","40","0","3","Fruit","Herbivore","Arboreal","Diurnal"
"Tamiops mcclellandii","42.42",,,,,,,,"20","0","0","0","0","0","40","0","40","0","3","Fruit","Herbivore","Arboreal","Diurnal"
"Tamiops rodolphii","64.95",,,,,,,,"20","0","0","0","0","0","40","0","40","0","3","Fruit","Herbivore","Arboreal","Diurnal"
"Tamiops swinhoei","85",,,,,,,,"20","0","0","0","0","0","40","0","40","0","3","Fruit","Herbivore","Arboreal","Diurnal"
"Tapecomys primus","62.33",,,,,,,,"20","0","0","0","0","0","10","0","40","30","4","Seed","Herbivore","Ground","Nocturnal"
"Taphozous achates","26.96",,,,,,,,"100","0","0","0","0","0","0","0","0","0","1","Invertebrates","Faunivore","Aerial","Nocturnal"
"Taphozous australis","22.9",,,,,,,,"100","0","0","0","0","0","0","0","0","0","1","Invertebrates","Faunivore","Aerial","Nocturnal"
"Taphozous georgianus","28.83",,,,,,,,"100","0","0","0","0","0","0","0","0","0","1","Invertebrates","Faunivore","Aerial","Nocturnal"
"Taphozous hamiltoni","22",,,,,,,,"100","0","0","0","0","0","0","0","0","0","1","Invertebrates","Faunivore","Aerial","Nocturnal"
"Taphozous hildegardeae","28.525",,,,,,,,"100","0","0","0","0","0","0","0","0","0","1","Invertebrates","Faunivore","Aerial","Nocturnal"
"Taphozous hilli","22",,,,,,,,"100","0","0","0","0","0","0","0","0","0","1","Invertebrates","Faunivore","Aerial","Nocturnal"
"Taphozous kapalgensis","26",,,,,,,,"100","0","0","0","0","0","0","0","0","0","1","Invertebrates","Faunivore","Aerial","Nocturnal"
"Taphozous longimanus","25.06",,,,,,,,"100","0","0","0","0","0","0","0","0","0","1","Invertebrates","Faunivore","Aerial","Nocturnal"
"Taphozous mauritianus","27.5067","31.14","1.1899",,,,,,"100","0","0","0","0","0","0","0","0","0","1","Invertebrates","Faunivore","Aerial","Nocturnal"
"Taphozous melanopogon","24.32",,,,,,,,"100","0","0","0","0","0","0","0","0","0","1","Invertebrates","Faunivore","Aerial","Nocturnal"
"Taphozous nudiventris","30.07",,,,,,,,"100","0","0","0","0","0","0","0","0","0","1","Invertebrates","Faunivore","Aerial","Nocturnal"
"Taphozous perforatus","27.33",,,,,,,,"100","0","0","0","0","0","0","0","0","0","1","Invertebrates","Faunivore","Aerial","Nocturnal"
"Taphozous theobaldi","39.8",,,,,,,,"100","0","0","0","0","0","0","0","0","0","1","Invertebrates","Faunivore","Aerial","Nocturnal"
"Taphozous troughtoni","26.96",,,,,,,,"100","0","0","0","0","0","0","0","0","0","1","Invertebrates","Faunivore","Aerial","Nocturnal"
"Tapirus","250000",,,,,,,,,,,,,,,,,,,,,,
"Tapirus bairdii","202680.24",,,,,,,,"0","0","0","0","0","0","0","0","0","100","1","Other plant","Herbivore","Ground","Nocturnal"
"Tapirus indicus","254614.7975",,,,,,,,"0","0","0","0","0","0","0","0","0","100","1","Other plant","Herbivore","Ground","Nocturnal"
"Tapirus pinchaque","148949.83",,,,,,,,"0","0","0","0","0","0","0","0","0","100","1","Other plant","Herbivore","Ground","Nocturnal"
"Tapirus terrestris","184249.3875",,,,,,,,"0","0","0","0","0","0","0","0","0","100","1","Other plant","Herbivore","Ground","Nocturnal"
"Tarsipes rostratus","10","21.3","2.7093",,,,,,"0","0","0","0","0","0","0","100","0","0","1","Nectar","Herbivore","Arboreal","Nocturnal"
"Tarsius","120",,,,,,,,,,,,,,,,,,,,,,
"Tarsius bancanus","108.2399",,,"12","178","80","1","920","100","0","0","0","0","0","0","0","0","0","1","Invertebrates","Faunivore","Arboreal","Nocturnal"
"Tarsius dentatus","111.98",,,,,,,,"100","0","0","0","0","0","0","0","0","0","1","Invertebrates","Faunivore","Arboreal","Nocturnal"
"Tarsius pelengensis","165",,,,,,,,"100","0","0","0","0","0","0","0","0","0","1","Invertebrates","Faunivore","Arboreal","Nocturnal"
"Tarsius pumilus","27.5",,,,,,,,"100","0","0","0","0","0","0","0","0","0","1","Invertebrates","Faunivore","Arboreal","Nocturnal"
"Tarsius sangirensis","165",,,,,,,,"100","0","0","0","0","0","0","0","0","0","1","Invertebrates","Faunivore","Arboreal","Nocturnal"
"Tarsius sp.","125","77.1056","0.7074",,,,,,,,,,,,,,,,,,,,
"Tarsius spectrum","173","149","0.8613",,,,,,,,,,,,,,,,,,,,
"Tarsius syrichta","87.5","85.5667","0.6729","30","178.5","74.6667","1",,"100","0","0","0","0","0","0","0","0","0","1","Invertebrates","Faunivore","Arboreal","Nocturnal"
"Tarsius tarsier","124.5067",,,,,,,,"100","0","0","0","0","0","0","0","0","0","1","Invertebrates","Faunivore","Arboreal","Nocturnal"
"Tarsomys apoensis","75",,,,,,,,"100","0","0","0","0","0","0","0","0","0","1","Invertebrates","Faunivore","Ground","Cathemeral"
"Tarsomys echinatus","96.2",,,,,,,,"100","0","0","0","0","0","0","0","0","0","1","Invertebrates","Faunivore","Ground","Cathemeral"
"Tasmacetus shepherdi","2500000",,,,,,,,"40","0","0","60","0","0","0","0","0","0","2","Fish","Faunivore","Marine","Cathemeral"
"Tateomys macrocercus","42.7",,,,,,,,"100","0","0","0","0","0","0","0","0","0","1","Invertebrates","Faunivore","Ground","Nocturnal"
"Tateomys rhinogradoides","82.8",,,,,,,,"100","0","0","0","0","0","0","0","0","0","1","Invertebrates","Faunivore","Ground","Nocturnal"
"Tatera indica","130.9367","75.5","0.8698",,,,,,"10","10","0","0","10","0","0","0","20","50","5","Other plant","Herbivore","Ground","Nocturnal"
"Taterillus arenarius","47",,,,,,,,"50","0","0","0","0","0","0","0","50","0","2","Invertebrates","Omnivore","Ground","Nocturnal"
"Taterillus congicus","45.12",,,,,,,,"50","0","0","0","0","0","0","0","50","0","2","Invertebrates","Omnivore","Ground","Nocturnal"
"Taterillus emini","52",,,,,,,,"50","0","0","0","0","0","0","0","50","0","2","Invertebrates","Omnivore","Ground","Nocturnal"
"Taterillus gracilis","48",,,,,,,,"50","0","0","0","0","0","0","0","50","0","2","Invertebrates","Omnivore","Ground","Nocturnal"
"Taterillus harringtoni","51.4",,,,,,,,"50","0","0","0","0","0","0","0","50","0","2","Invertebrates","Omnivore","Ground","Nocturnal"
"Taterillus lacustris","47.24",,,,,,,,"50","0","0","0","0","0","0","0","50","0","2","Invertebrates","Omnivore","Ground","Nocturnal"
"Taterillus petteri","50.8",,,,,,,,"50","0","0","0","0","0","0","0","50","0","2","Invertebrates","Omnivore","Ground","Nocturnal"
"Taterillus pygargus","60.2",,,,,,,,"50","0","0","0","0","0","0","0","50","0","2","Invertebrates","Omnivore","Ground","Nocturnal"
"Taterillus tranieri","51.4",,,,,,,,"50","0","0","0","0","0","0","0","50","0","2","Invertebrates","Omnivore","Ground","Nocturnal"
"Taurotragus derbianus","790000",,,,,,,,"0","0","0","0","0","0","30","0","0","70","2","Other plant","Herbivore","Ground","Diurnal"
"Taurotragus oryx","240000","79046.6667","0.2342",,,,,,"0","0","0","0","0","0","30","0","0","70","2","Other plant","Herbivore","Ground","Diurnal"
"Tautoga onitis","2424.91",,,,,,,,,,,,,,,,,,,,,,
"Taxidea taxus","9000","2700","0.3",,,,,,"10","70","20","0","0","0","0","0","0","0","3","Endotherm vertebrates","Faunivore","Ground","Nocturnal"
"Tayassu pecari","32233.51",,,,,,,,"10","0","0","0","10","0","30","0","30","20","5","Fruit","Herbivore","Ground","Nocturnal"
"Tenodera australasiae","6",,,,,,,,,,,,,,,,,,,,,,
"Tenrec ecaudatus","772.4444","260.5","0.3297",,,,,,"90","0","0","0","0","0","0","0","0","10","2","Invertebrates","Faunivore","Ground","Nocturnal"
"Tetracerus quadricornis","19000",,,,,,,,"0","0","0","0","0","0","0","0","0","100","1","Other plant","Herbivore","Ground","Diurnal"
"Thallomys loringi","66.45",,,,,,,,"0","0","0","0","0","0","20","10","10","60","4","Other plant","Herbivore","Scansorial","Crepuscular"
"Thallomys nigricauda","124.7",,,,,,,,"0","0","0","0","0","0","20","10","10","60","4","Other plant","Herbivore","Scansorial","Crepuscular"
"Thallomys paedulcus","94.3","68.5","0.5493",,,,,,"0","0","0","0","0","0","20","10","10","60","4","Other plant","Herbivore","Scansorial","Crepuscular"
"Thallomys shortridgei","67.17",,,,,,,,"0","0","0","0","0","0","20","10","10","60","4","Other plant","Herbivore","Scansorial","Crepuscular"
"Thalpomys cerradensis","24",,,,,,,,"20","0","0","0","0","0","10","0","40","30","4","Seed","Herbivore","Ground","Nocturnal"
"Thalpomys lasiotis","24",,,,,,,,"20","0","0","0","0","0","10","0","40","30","4","Seed","Herbivore","Ground","Nocturnal"
"Thamnomys kempi","75",,,,,,,,"0","0","0","0","0","0","0","0","50","50","2","Seed","Herbivore","Arboreal","Nocturnal"
"Thamnomys major","68.12",,,,,,,,"0","0","0","0","0","0","0","0","50","50","2","Seed","Herbivore","Arboreal","Nocturnal"
"Thamnomys venustus","61.88",,,,,,,,"0","0","0","0","0","0","0","0","50","50","2","Seed","Herbivore","Arboreal","Nocturnal"
"Thaptomys nigrita","19.9",,,,,,,,"20","0","0","0","0","0","10","0","40","30","4","Seed","Herbivore","Ground","Cathemeral"
"Theropithecus gelada","14171",,,,,,,,"0","0","0","0","0","0","0","0","0","100","1","Other plant","Herbivore","Ground","Diurnal"
"Thomasomys apeco","76.23",,,,,,,,"20","0","0","0","0","0","30","0","30","20","4","Fruit","Herbivore","Scansorial","Nocturnal"
"Thomasomys aureus","88",,,,,,,,"20","0","0","0","0","0","30","0","30","20","4","Fruit","Herbivore","Scansorial","Nocturnal"
"Thomasomys baeops","77",,,,,,,,"20","0","0","0","0","0","30","0","30","20","4","Fruit","Herbivore","Scansorial","Nocturnal"
"Thomasomys bombycinus","114.5",,,,,,,,"20","0","0","0","0","0","30","0","30","20","4","Fruit","Herbivore","Scansorial","Nocturnal"
"Thomasomys caudivarius","76.23",,,,,,,,"20","0","0","0","0","0","30","0","30","20","4","Fruit","Herbivore","Scansorial","Nocturnal"
"Thomasomys cinereiventer","77",,,,,,,,"20","0","0","0","0","0","30","0","30","20","4","Fruit","Herbivore","Scansorial","Nocturnal"
"Thomasomys cinereus","77",,,,,,,,"20","0","0","0","0","0","30","0","30","20","4","Fruit","Herbivore","Scansorial","Nocturnal"
"Thomasomys cinnameus","76.23",,,,,,,,"20","0","0","0","0","0","30","0","30","20","4","Fruit","Herbivore","Scansorial","Nocturnal"
"Thomasomys daphne","77",,,,,,,,"20","0","0","0","0","0","30","0","30","20","4","Fruit","Herbivore","Scansorial","Nocturnal"
"Thomasomys eleusis","77",,,,,,,,"20","0","0","0","0","0","30","0","30","20","4","Fruit","Herbivore","Scansorial","Nocturnal"
"Thomasomys erro","76.23",,,,,,,,"20","0","0","0","0","0","30","0","30","20","4","Fruit","Herbivore","Scansorial","Nocturnal"
"Thomasomys gracilis","77",,,,,,,,"20","0","0","0","0","0","30","0","30","20","4","Fruit","Herbivore","Scansorial","Nocturnal"
"Thomasomys hudsoni","76.23",,,,,,,,"20","0","0","0","0","0","30","0","30","20","4","Fruit","Herbivore","Scansorial","Nocturnal"
"Thomasomys hylophilus","77",,,,,,,,"20","0","0","0","0","0","30","0","30","20","4","Fruit","Herbivore","Scansorial","Nocturnal"
"Thomasomys incanus","77",,,,,,,,"20","0","0","0","0","0","30","0","30","20","4","Fruit","Herbivore","Scansorial","Nocturnal"
"Thomasomys ischyrus","77",,,,,,,,"20","0","0","0","0","0","30","0","30","20","4","Fruit","Herbivore","Scansorial","Nocturnal"
"Thomasomys kalinowskii","77",,,,,,,,"20","0","0","0","0","0","30","0","30","20","4","Fruit","Herbivore","Scansorial","Nocturnal"
"Thomasomys ladewi","77",,,,,,,,"20","0","0","0","0","0","30","0","30","20","4","Fruit","Herbivore","Scansorial","Nocturnal"
"Thomasomys laniger","35.5",,,,,,,,"20","0","0","0","0","0","30","0","30","20","4","Fruit","Herbivore","Scansorial","Nocturnal"
"Thomasomys macrotis","76.23",,,,,,,,"20","0","0","0","0","0","30","0","30","20","4","Fruit","Herbivore","Scansorial","Nocturnal"
"Thomasomys monochromos","77",,,,,,,,"20","0","0","0","0","0","30","0","30","20","4","Fruit","Herbivore","Scansorial","Nocturnal"
"Thomasomys niveipes","77",,,,,,,,"20","0","0","0","0","0","30","0","30","20","4","Fruit","Herbivore","Scansorial","Nocturnal"
"Thomasomys notatus","77",,,,,,,,"20","0","0","0","0","0","30","0","30","20","4","Fruit","Herbivore","Scansorial","Nocturnal"
"Thomasomys onkiro","76.23",,,,,,,,"20","0","0","0","0","0","30","0","30","20","4","Fruit","Herbivore","Scansorial","Nocturnal"
"Thomasomys oreas","77",,,,,,,,"20","0","0","0","0","0","30","0","30","20","4","Fruit","Herbivore","Scansorial","Nocturnal"
"Thomasomys paramorum","77",,,,,,,,"20","0","0","0","0","0","30","0","30","20","4","Fruit","Herbivore","Scansorial","Nocturnal"
"Thomasomys popayanus","76.23",,,,,,,,"20","0","0","0","0","0","30","0","30","20","4","Fruit","Herbivore","Scansorial","Nocturnal"
"Thomasomys praetor","76.23",,,,,,,,"20","0","0","0","0","0","30","0","30","20","4","Fruit","Herbivore","Scansorial","Nocturnal"
"Thomasomys pyrrhonotus","77",,,,,,,,"20","0","0","0","0","0","30","0","30","20","4","Fruit","Herbivore","Scansorial","Nocturnal"
"Thomasomys rhoadsi","77",,,,,,,,"20","0","0","0","0","0","30","0","30","20","4","Fruit","Herbivore","Scansorial","Nocturnal"
"Thomasomys rosalinda","77",,,,,,,,"20","0","0","0","0","0","30","0","30","20","4","Fruit","Herbivore","Scansorial","Nocturnal"
"Thomasomys silvestris","77",,,,,,,,"20","0","0","0","0","0","30","0","30","20","4","Fruit","Herbivore","Scansorial","Nocturnal"
"Thomasomys taczanowskii","77",,,,,,,,"20","0","0","0","0","0","30","0","30","20","4","Fruit","Herbivore","Scansorial","Nocturnal"
"Thomasomys ucucha","76.23",,,,,,,,"20","0","0","0","0","0","30","0","30","20","4","Fruit","Herbivore","Scansorial","Nocturnal"
"Thomasomys vestitus","76.5",,,,,,,,"20","0","0","0","0","0","30","0","30","20","4","Fruit","Herbivore","Scansorial","Nocturnal"
"Thomasomys vulcani","76.23",,,,,,,,"20","0","0","0","0","0","30","0","30","20","4","Fruit","Herbivore","Scansorial","Nocturnal"
"Thomomys bottae","143.3444","125.3333","0.8467",,,,,,"0","0","0","0","0","0","0","0","0","100","1","Other plant","Herbivore","Ground","Nocturnal"
"Thomomys bulbivorus","351.95",,,,,,,,"0","0","0","0","0","0","0","0","0","100","1","Other plant","Herbivore","Ground","Nocturnal"
"Thomomys clusius","58",,,,,,,,"0","0","0","0","0","0","0","0","0","100","1","Other plant","Herbivore","Ground","Nocturnal"
"Thomomys idahoensis","67",,,,,,,,"0","0","0","0","0","0","0","0","0","100","1","Other plant","Herbivore","Ground","Nocturnal"
"Thomomys mazama","75",,,,,,,,"0","0","0","0","0","0","0","0","0","100","1","Other plant","Herbivore","Ground","Nocturnal"
"Thomomys monticola","80",,,,,,,,"0","0","0","0","0","0","0","0","0","100","1","Other plant","Herbivore","Ground","Nocturnal"
"Thomomys talpoides","111.8433","119.7333","1.2009",,,,,,"0","0","0","0","0","0","0","0","0","100","1","Other plant","Herbivore","Ground","Nocturnal"
"Thomomys townsendii","256.175","189.2","0.7598",,,,,,"0","0","0","0","0","0","0","0","0","100","1","Other plant","Herbivore","Ground","Nocturnal"
"Thomomys umbrinus","130.65","72.3","0.7587",,,,,,"0","0","0","0","0","0","0","0","0","100","1","Other plant","Herbivore","Ground","Nocturnal"
"Thoopterus nigrescens","60.4",,,,,,,,"0","0","0","0","0","0","80","20","0","0","2","Fruit","Herbivore","Arboreal","Nocturnal"
"Three-striped night monkey",,,,,,"77",,,,,,,,,,,,,,,,,
"Thrichomys apereoides","331","206.7","0.6399",,,,,,"0","0","0","0","0","0","60","0","40","0","2","Fruit","Herbivore","Ground","Nocturnal"
"Thrichomys inermis","339",,,,,,,,"0","0","0","0","0","0","60","0","40","0","2","Fruit","Herbivore","Ground","Nocturnal"
"Thrichomys pachyurus","339",,,,,,,,"0","0","0","0","0","0","60","0","40","0","2","Fruit","Herbivore","Ground","Nocturnal"
"Thryonomys gregorianus","2707.14",,,,,,,,"0","0","0","0","0","0","10","0","10","80","3","Other plant","Herbivore","Ground","Nocturnal"
"Thryonomys swinderianus","2402.51",,,,,,,,"0","0","0","0","0","0","10","0","10","80","3","Other plant","Herbivore","Ground","Nocturnal"
"Thunnus albacares","35714.42",,,,,,,,,,,,,,,,,,,,,,
"Thunnus obesus","210000",,,,,,,,,,,,,,,,,,,,,,
"Thylacinus cynocephalus","29500",,,,,,,,,,,,,,,,,,,,,,
"Thylamys cinderella","24.41",,,,,,,,"80","0","0","0","20","0","0","0","0","0","2","Invertebrates","Faunivore","Scansorial","Nocturnal"
"Thylamys elegans","32","30.77","0.8753",,,,,,"80","0","0","0","10","0","10","0","0","0","3","Invertebrates","Faunivore","Scansorial","Nocturnal"
"Thylamys karimii","24.41",,,,,,,,"80","0","0","0","20","0","0","0","0","0","2","Invertebrates","Faunivore","Scansorial","Nocturnal"
"Thylamys macrurus","34.43",,,,,,,,"80","0","0","0","10","0","10","0","0","0","3","Invertebrates","Faunivore","Scansorial","Nocturnal"
"Thylamys pallidior","17.8",,,,,,,,"80","0","0","0","10","0","10","0","0","0","3","Invertebrates","Faunivore","Scansorial","Nocturnal"
"Thylamys pusillus","28.21",,,,,,,,"80","0","0","0","10","0","10","0","0","0","3","Invertebrates","Faunivore","Scansorial","Nocturnal"
"Thylamys sponsorius","24.41",,,,,,,,"80","0","0","0","20","0","0","0","0","0","2","Invertebrates","Faunivore","Scansorial","Nocturnal"
"Thylamys tatei","24.41",,,,,,,,"80","0","0","0","20","0","0","0","0","0","2","Invertebrates","Faunivore","Scansorial","Nocturnal"
"Thylamys velutinus","20.7",,,,,,,,"80","0","0","0","10","0","10","0","0","0","3","Invertebrates","Faunivore","Scansorial","Nocturnal"
"Thylamys venustus","24.41",,,,,,,,"80","0","0","0","20","0","0","0","0","0","2","Invertebrates","Faunivore","Scansorial","Nocturnal"
"Thylogale billardierii","5450",,,,,,,,"0","0","0","0","0","0","0","0","0","100","1","Other plant","Herbivore","Ground","Nocturnal"
"Thylogale browni","5478",,,,,,,,"0","0","0","0","0","0","0","0","0","100","1","Other plant","Herbivore","Ground","Nocturnal"
"Thylogale brunii","3620",,,,,,,,"0","0","0","0","0","0","0","0","0","100","1","Other plant","Herbivore","Ground","Nocturnal"
"Thylogale calabyi","4326.13",,,,,,,,"0","0","0","0","0","0","0","0","0","100","1","Other plant","Herbivore","Ground","Nocturnal"
"Thylogale lanatus","4758.79",,,,,,,,"0","0","0","0","0","0","0","0","0","100","1","Other plant","Herbivore","Ground","Nocturnal"
"Thylogale stigmatica","4600",,,,,,,,"0","0","0","0","0","0","0","0","0","100","1","Other plant","Herbivore","Ground","Nocturnal"
"Thylogale thetis","5400",,,,,,,,"0","0","0","0","0","0","0","0","0","100","1","Other plant","Herbivore","Ground","Nocturnal"
"Thyroptera discifera","3.1",,,,,,,,"100","0","0","0","0","0","0","0","0","0","1","Invertebrates","Faunivore","Aerial","Nocturnal"
"Thyroptera lavali","3.67",,,,,,,,"100","0","0","0","0","0","0","0","0","0","1","Invertebrates","Faunivore","Aerial","Nocturnal"
"Thyroptera tricolor","4.43",,,,,,,,"100","0","0","0","0","0","0","0","0","0","1","Invertebrates","Faunivore","Aerial","Nocturnal"
"Thyroptera tricolor (THY)","4.5",,,,,,,,,,,,,,,,,,,,,,
"Tlacuatzin canescens","47.73",,,,,,,,"40","10","10","0","10","0","30","0","0","0","5","Invertebrates","Faunivore","Arboreal","Nocturnal"
"Todus mexicanus","6.2",,,,,,,,,,,,,,,,,,,,,,
"Tokudaia muenninki","177.4",,,,,,,,"10","0","0","0","0","0","10","0","20","60","4","Other plant","Herbivore","Ground","Nocturnal"
"Tokudaia osimensis","129.6",,,,,,,,"10","0","0","0","0","0","10","0","20","60","4","Other plant","Herbivore","Ground","Nocturnal"
"Tolypeutes matacus","1186.6667","210","0.181",,,,,,"80","0","0","0","0","0","20","0","0","0","2","Invertebrates","Faunivore","Ground","Cathemeral"
"Tolypeutes tricinctus","1487",,,,,,,,"80","0","0","0","0","0","20","0","0","0","2","Invertebrates","Faunivore","Ground","Cathemeral"
"Tomopeas ravus","2.54",,,,,,,,"100","0","0","0","0","0","0","0","0","0","1","Invertebrates","Faunivore","Aerial","Nocturnal"
"Tonatia bidens","28.0033","39.2","1.4307",,,,,,"90","0","0","0","0","0","10","0","0","0","2","Invertebrates","Faunivore","Aerial","Nocturnal"
"Tonatia saurophila","30",,,,,,,,"90","0","0","0","0","0","10","0","0","0","2","Invertebrates","Faunivore","Aerial","Nocturnal"
"Torrea candida","1",,,,,,,,,,,,,,,,,,,,,,
"Trachemys sscripta HBS108687","313",,,,,,,,,,,,,,,,,,,,,,
"Trachops cirrhosus","37.06",,,,,,,,"50","0","40","0","0","0","10","0","0","0","3","Invertebrates","Faunivore","Ground","Nocturnal"
"Trachypithecus auratus","7706.25",,,,,,,,"0","0","0","0","0","0","30","0","0","70","2","Other plant","Herbivore","Arboreal","Diurnal"
"Trachypithecus barbei","8516.46",,,,,,,,"0","0","0","0","0","0","30","0","0","70","2","Other plant","Herbivore","Arboreal","Diurnal"
"Trachypithecus cristatus","6584.67",,,,,,,,"0","0","0","0","0","0","30","0","0","70","2","Other plant","Herbivore","Arboreal","Diurnal"
"Trachypithecus cristatus group","6438.4",,,,,,,,,,,,,,,,,,,,,,
"Trachypithecus delacouri","8358.23",,,,,,,,"0","0","0","0","0","0","30","0","0","70","2","Other plant","Herbivore","Arboreal","Diurnal"
"Trachypithecus ebenus","8516.46",,,,,,,,"0","0","0","0","0","0","30","0","0","70","2","Other plant","Herbivore","Arboreal","Diurnal"
"Trachypithecus francoisi","8002.75",,,,,,,,"0","0","0","0","0","0","30","0","0","70","2","Other plant","Herbivore","Arboreal","Diurnal"
"Trachypithecus geei","9400",,,,,,,,"0","0","0","0","0","0","30","0","0","70","2","Other plant","Herbivore","Arboreal","Diurnal"
"Trachypithecus germaini","7793.98",,,,,,,,"0","0","0","0","0","0","30","0","0","70","2","Other plant","Herbivore","Arboreal","Diurnal"
"Trachypithecus hatinhensis","8608.23",,,,,,,,"0","0","0","0","0","0","30","0","0","70","2","Other plant","Herbivore","Arboreal","Diurnal"
"Trachypithecus johnii","11504.2",,,,,,,,"0","0","0","0","0","0","30","0","0","70","2","Other plant","Herbivore","Arboreal","Diurnal"
"Trachypithecus laotum","8516.46",,,,,,,,"0","0","0","0","0","0","30","0","0","70","2","Other plant","Herbivore","Arboreal","Diurnal"
"Trachypithecus obscurus","7900",,,,,,,,"0","0","0","0","0","0","30","0","0","70","2","Other plant","Herbivore","Arboreal","Diurnal"
"Trachypithecus obscurus group","7118.5946",,,,,,,,,,,,,,,,,,,,,,
"Trachypithecus phayrei","7565.9394",,,,,,,,"0","0","0","0","0","0","30","0","0","70","2","Other plant","Herbivore","Arboreal","Diurnal"
"Trachypithecus pileatus","10951.5",,,,,,,,"0","0","0","0","0","0","30","0","0","70","2","Other plant","Herbivore","Arboreal","Diurnal"
"Trachypithecus pileatus group","11793.5",,,,,,,,,,,,,,,,,,,,,,
"Trachypithecus poliocephalus","8289.115",,,,,,,,"0","0","0","0","0","0","30","0","0","70","2","Other plant","Herbivore","Arboreal","Diurnal"
"Trachypithecus shortridgei","8516.46",,,,,,,,"0","0","0","0","0","0","30","0","0","70","2","Other plant","Herbivore","Arboreal","Diurnal"
"Trachypithecus vetulus","7035",,,,,,,,"0","0","0","0","0","0","30","0","0","70","2","Other plant","Herbivore","Arboreal","Diurnal"
"Trachypithecus vetulus group","6940",,,,,,,,,,,,,,,,,,,,,,
"Tragelaphus angasii","111800.21",,,,,,,,"0","0","0","0","0","0","0","0","0","100","1","Other plant","Herbivore","Ground","Diurnal"
"Tragelaphus buxtoni","247500.38",,,,,,,,"0","0","0","0","0","0","0","0","0","100","1","Other plant","Herbivore","Ground","Diurnal"
"Tragelaphus eurycerus","291001.555",,,,,,,,"0","0","0","0","0","0","0","0","0","100","1","Other plant","Herbivore","Ground","Diurnal"
"Tragelaphus imberbis","113287.775",,,,,,,,"0","0","0","0","0","0","0","0","0","100","1","Other plant","Herbivore","Ground","Nocturnal"
"Tragelaphus scriptus","43737.695",,,,,,,,"0","0","0","0","0","0","0","0","0","100","1","Other plant","Herbivore","Ground","Cathemeral"
"Tragelaphus spekii","59999.585",,,,,,,,"0","0","0","0","0","0","0","0","0","100","1","Other plant","Herbivore","Ground","Cathemeral"
"Tragelaphus strepsiceros","218000",,,,,,,,"0","0","0","0","0","0","0","0","0","100","1","Other plant","Herbivore","Ground","Cathemeral"
"Tragulus javanicus","2141.6667","869.4","0.539",,,,,,"0","0","0","0","0","0","20","0","0","80","2","Other plant","Herbivore","Ground","Nocturnal"
"Tragulus kanchil","3706.24",,,,,,,,"0","0","0","0","0","0","20","0","0","80","2","Other plant","Herbivore","Ground","Nocturnal"
"Tragulus napu","3730",,,,,,,,"0","0","0","0","0","0","20","0","0","80","2","Other plant","Herbivore","Ground","Nocturnal"
"Tragulus nigricans","3706.24",,,,,,,,"0","0","0","0","0","0","20","0","0","80","2","Other plant","Herbivore","Ground","Nocturnal"
"Tragulus versicolor","3706.24",,,,,,,,"0","0","0","0","0","0","20","0","0","80","2","Other plant","Herbivore","Ground","Nocturnal"
"Tragulus williamsoni","3706.24",,,,,,,,"0","0","0","0","0","0","20","0","0","80","2","Other plant","Herbivore","Ground","Nocturnal"
"Tremarctos ornatus","140000.63",,,,,,,,"0","0","0","0","0","0","80","0","0","20","2","Fruit","Herbivore","Ground","Nocturnal"
"Triaenops auritus","8.6",,,,,,,,"100","0","0","0","0","0","0","0","0","0","1","Invertebrates","Faunivore","Aerial","Nocturnal"
"Triaenops furculus","5.56",,,,,,,,"100","0","0","0","0","0","0","0","0","0","1","Invertebrates","Faunivore","Aerial","Nocturnal"
"Triaenops persicus","13.14",,,,,,,,"100","0","0","0","0","0","0","0","0","0","1","Invertebrates","Faunivore","Aerial","Nocturnal"
"Triaenops rufus","9.1",,,,,,,,"100","0","0","0","0","0","0","0","0","0","1","Invertebrates","Faunivore","Aerial","Nocturnal"
"Trichechus inunguis","324937.5","8405.5","0.0495",,,,,,"0","0","0","0","0","0","0","0","0","100","1","Other plant","Herbivore","Marine","Cathemeral"
"Trichechus manatus","591295.75","20496","0.0583","56","335","456","1","2251","0","0","0","0","0","0","0","0","0","100","1","Other plant","Herbivore","Marine","Cathemeral"
"Trichechus senegalensis","454000",,,,,,,,"0","0","0","0","0","0","0","0","0","100","1","Other plant","Herbivore","Marine","Cathemeral"
"Trichosurus arnhemensis","1300",,,,,,,,"0","0","0","0","0","0","20","0","20","60","3","Other plant","Herbivore","Arboreal","Nocturnal"
"Trichosurus caninus","3200",,,,,,,,"0","0","0","0","0","0","20","0","20","60","3","Other plant","Herbivore","Arboreal","Nocturnal"
"Trichosurus cunninghami","2293.08",,,,,,,,"0","0","0","0","0","0","0","0","0","100","1","Other plant","Herbivore","Arboreal","Nocturnal"
"Trichosurus johnstonii","2293.08",,,,,,,,"0","0","0","0","0","0","20","0","0","80","2","Other plant","Herbivore","Arboreal","Nocturnal"
"Trichosurus vulpecula","3016","701.95","0.3411",,,,,,"0","0","0","0","0","0","20","0","20","60","3","Other plant","Herbivore","Arboreal","Nocturnal"
"Trichys fasciculata","1607.5",,,,,,,,"0","0","0","0","0","0","30","0","0","70","2","Other plant","Herbivore","Scansorial","Nocturnal"
"Trinil 2/Pith I","61800",,,,,,,,,,,,,,,,,,,,,,
"Trinomys albispinus","284.99",,,,,,,,"0","0","0","0","0","0","20","0","10","70","3","Other plant","Herbivore","Ground","Nocturnal"
"Trinomys dimidiatus","167.6",,,,,,,,"0","0","0","0","0","0","20","0","10","70","3","Other plant","Herbivore","Ground","Nocturnal"
"Trinomys eliasi","200",,,,,,,,"0","0","0","0","0","0","20","0","10","70","3","Other plant","Herbivore","Ground","Nocturnal"
"Trinomys gratiosus","235.59",,,,,,,,"0","0","0","0","0","0","20","0","10","70","3","Other plant","Herbivore","Ground","Nocturnal"
"Trinomys iheringi","220.39",,,,,,,,"0","0","0","0","0","0","20","0","10","70","3","Other plant","Herbivore","Ground","Nocturnal"
"Trinomys mirapitanga","235.59",,,,,,,,"0","0","0","0","0","0","20","0","10","70","3","Other plant","Herbivore","Ground","Nocturnal"
"Trinomys moojeni","235.59",,,,,,,,"0","0","0","0","0","0","20","0","10","70","3","Other plant","Herbivore","Ground","Nocturnal"
"Trinomys myosuros","284.99",,,,,,,,"0","0","0","0","0","0","20","0","10","70","3","Other plant","Herbivore","Ground","Nocturnal"
"Trinomys paratus","235.59",,,,,,,,"0","0","0","0","0","0","20","0","10","70","3","Other plant","Herbivore","Ground","Nocturnal"
"Trinomys setosus","284.99",,,,,,,,"0","0","0","0","0","0","20","0","10","70","3","Other plant","Herbivore","Ground","Nocturnal"
"Trinomys yonenagae","235.59",,,,,,,,"0","0","0","0","0","0","20","0","10","70","3","Other plant","Herbivore","Ground","Nocturnal"
"Trinycteris nicefori","8.25",,,,,,,,"80","0","0","0","0","0","20","0","0","0","2","Invertebrates","Faunivore","Scansorial","Nocturnal"
"Tripedalia cystophora","0.245",,,,,,,,,,,,,,,,,,,,,,
"Trogopterus xanthipes","744.94",,,,,,,,"0","0","0","0","0","0","30","0","40","30","3","Seed","Herbivore","Arboreal","Nocturnal"
"Tryphomys adustus","136.47",,,,,,,,"10","0","0","0","0","0","10","0","20","60","4","Other plant","Herbivore","Ground","Nocturnal"
"Tscherskia triton","179.0633","162.4","1.2303",,,,,,"0","0","0","0","0","0","0","0","100","0","1","Seed","Herbivore","Ground","Nocturnal"
"Tupaia belangeri","104","166.7562","1.3545",,"46",,,,"90","0","0","0","0","0","0","0","0","10","2","Invertebrates","Faunivore","Ground","Diurnal"
"Tupaia chrysogaster","131.08",,,,,,,,"90","0","0","0","0","0","0","0","0","10","2","Invertebrates","Faunivore","Ground","Diurnal"
"Tupaia dorsalis","265",,,,,,,,"90","0","0","0","0","0","0","0","0","10","2","Invertebrates","Faunivore","Ground","Diurnal"
"Tupaia glis","180.5","141.3261","0.9493","12.4","46","32","2","90","90","0","0","0","0","0","0","0","0","10","2","Invertebrates","Faunivore","Ground","Diurnal"
"Tupaia gracilis","74.58",,,,,,,,"90","0","0","0","0","0","0","0","0","10","2","Invertebrates","Faunivore","Ground","Diurnal"
"Tupaia javanica","92.5",,,,,,,,"90","0","0","0","0","0","0","0","0","10","2","Invertebrates","Faunivore","Ground","Diurnal"
"Tupaia longipes","168.05",,,,,,,,"90","0","0","0","0","0","0","0","0","10","2","Invertebrates","Faunivore","Ground","Diurnal"
"Tupaia minor","95",,,,,,,,"90","0","0","0","0","0","0","0","0","10","2","Invertebrates","Faunivore","Ground","Diurnal"
"Tupaia moellendorffi","150.45",,,,,,,,"90","0","0","0","0","0","0","0","0","10","2","Invertebrates","Faunivore","Ground","Diurnal"
"Tupaia montana","199",,,,,,,,"90","0","0","0","0","0","0","0","0","10","2","Invertebrates","Faunivore","Ground","Diurnal"
"Tupaia nicobarica","170.25",,,,,,,,"90","0","0","0","0","0","0","0","0","10","2","Invertebrates","Faunivore","Ground","Diurnal"
"Tupaia palawanensis","168.05",,,,,,,,"90","0","0","0","0","0","0","0","0","10","2","Invertebrates","Faunivore","Ground","Diurnal"
"Tupaia picta","147.5",,,,,,,,"90","0","0","0","0","0","0","0","0","10","2","Invertebrates","Faunivore","Ground","Diurnal"
"Tupaia splendidula","160",,,,,,,,"90","0","0","0","0","0","0","0","0","10","2","Invertebrates","Faunivore","Ground","Diurnal"
"Tupaia tana","190.08",,,,,,,,"90","0","0","0","0","0","0","0","0","10","2","Invertebrates","Faunivore","Ground","Diurnal"
"Turdus merula","85.0167",,,,,,,,,,,,,,,,,,,,,,
"Tursiops aduncus","158075",,,,,,,,"20","0","0","80","0","0","0","0","0","0","2","Fish","Faunivore","Marine","Diurnal"
"Tursiops truncatus","156000.5556","53908","0.3243","51.6","362.5","548","1","2831","20","0","0","80","0","0","0","0","0","0","2","Fish","Faunivore","Marine","Diurnal"
"Tylomys bullaris","280",,,,,,,,"0","0","0","0","0","0","10","0","80","10","3","Seed","Herbivore","Ground","Cathemeral"
"Tylomys fulviventer","170.53",,,,,,,,"0","0","0","0","0","0","10","0","80","10","3","Seed","Herbivore","Ground","Cathemeral"
"Tylomys mirae","183.6",,,,,,,,"0","0","0","0","0","0","10","0","80","10","3","Seed","Herbivore","Ground","Nocturnal"
"Tylomys nudicaudus","100",,,,,,,,"0","0","0","0","0","0","10","0","80","10","3","Seed","Herbivore","Ground","Diurnal"
"Tylomys panamensis","200",,,,,,,,"0","0","0","0","0","0","10","0","80","10","3","Seed","Herbivore","Ground","Cathemeral"
"Tylomys tumbalensis","280",,,,,,,,"0","0","0","0","0","0","10","0","80","10","3","Seed","Herbivore","Ground","Cathemeral"
"Tylomys watsoni","240",,,,,,,,"0","0","0","0","0","0","10","0","80","10","3","Seed","Herbivore","Ground","Cathemeral"
"Tylonycteris pachypus","4.09",,,,,,,,"100","0","0","0","0","0","0","0","0","0","1","Invertebrates","Faunivore","Aerial","Nocturnal"
"Tylonycteris robustula","7.61",,,,,,,,"100","0","0","0","0","0","0","0","0","0","1","Invertebrates","Faunivore","Aerial","Nocturnal"
"Tympanoctomys barrerae","70.7","76.8","1.0756",,,,,,"0","0","0","0","0","0","0","0","0","100","1","Other plant","Herbivore","Ground","Nocturnal"
"Typhlomys cinereus","31.2",,,,,,,,"0","0","0","0","0","0","40","0","30","30","3","Fruit","Herbivore","Arboreal","Nocturnal"
"Tyto alba","369.6667",,,,,,,,,,,,,,,,,,,,,,
"Udaspes folus","0.06",,,,,,,,,,,,,,,,,,,,,,
"Uncia uncia","38333.5",,,,,,,,"0","100","0","0","0","0","0","0","0","0","1","Endotherm vertebrates","Faunivore","Ground","Diurnal"
"Uranomys ruddi","37.015",,,,,,,,"100","0","0","0","0","0","0","0","0","0","1","Invertebrates","Faunivore","Ground","Nocturnal"
"Urocaridella antonbruunii","0.35",,,,,,,,,,,,,,,,,,,,,,
"Urocolius indicus","53",,,,,,,,,,,,,,,,,,,,,,
"Urocolius macrourus","49",,,,,,,,,,,,,,,,,,,,,,
"Urocyon cinereoargenteus","3791.36",,,,,,,,"10","0","0","0","30","0","20","0","20","20","5","Vertebrates (unknown)","Omnivore","Ground","Nocturnal"
"Urocyon littoralis","1896",,,,,,,,"10","0","0","0","30","0","20","0","20","20","5","Vertebrates (unknown)","Omnivore","Ground","Nocturnal"
"Uroderma bilobatum","16.1733","26.6","1.642",,,,,,"10","0","0","0","0","0","80","10","0","0","3","Fruit","Herbivore","Arboreal","Nocturnal"
"Uroderma magnirostrum","16.85",,,,,,,,"10","0","0","0","0","0","80","10","0","0","3","Fruit","Herbivore","Arboreal","Nocturnal"
"Urogale everetti","275","229.7","0.8701",,,,,,"60","0","0","0","20","0","10","0","0","10","4","Invertebrates","Faunivore","Scansorial","Diurnal"
"Uromys anak","664.5",,,,,,,,"0","0","0","0","0","0","50","0","30","20","3","Fruit","Herbivore","Scansorial","Diurnal"
"Uromys boeadii","521.53",,,,,,,,"0","0","0","0","0","0","50","0","30","20","3","Fruit","Herbivore","Scansorial","Diurnal"
"Uromys caudimaculatus","712.875","570.6","0.6967",,,,,,"0","0","0","0","0","0","50","0","30","20","3","Fruit","Herbivore","Scansorial","Diurnal"
"Uromys emmae","521.53",,,,,,,,"0","0","0","0","0","0","50","0","30","20","3","Fruit","Herbivore","Scansorial","Diurnal"
"Uromys hadrourus","194",,,,,,,,"0","0","0","0","0","0","50","0","30","20","3","Fruit","Herbivore","Scansorial","Diurnal"
"Uromys imperator","1000",,,,,,,,"0","0","0","0","0","0","50","0","30","20","3","Fruit","Herbivore","Scansorial","Diurnal"
"Uromys neobritannicus","612.49",,,,,,,,"0","0","0","0","0","0","50","0","30","20","3","Fruit","Herbivore","Scansorial","Diurnal"
"Uromys porculus","521.53",,,,,,,,"0","0","0","0","0","0","50","0","30","20","3","Fruit","Herbivore","Scansorial","Diurnal"
"Uromys rex","420",,,,,,,,"0","0","0","0","0","0","50","0","30","20","3","Fruit","Herbivore","Scansorial","Diurnal"
"Uromys siebersi","521.53",,,,,,,,"0","0","0","0","0","0","50","0","30","20","3","Fruit","Herbivore","Scansorial","Diurnal"
"Uropsilus andersoni","25.53",,,,,,,,"100","0","0","0","0","0","0","0","0","0","1","Invertebrates","Faunivore","Ground","Cathemeral"
"Uropsilus gracilis","25.53",,,,,,,,"100","0","0","0","0","0","0","0","0","0","1","Invertebrates","Faunivore","Ground","Cathemeral"
"Uropsilus investigator","25.53",,,,,,,,"100","0","0","0","0","0","0","0","0","0","1","Invertebrates","Faunivore","Ground","Cathemeral"
"Uropsilus soricipes","16",,,,,,,,"100","0","0","0","0","0","0","0","0","0","1","Invertebrates","Faunivore","Ground","Cathemeral"
"Urotrichus talpoides","45",,,,,,,,"100","0","0","0","0","0","0","0","0","0","1","Invertebrates","Faunivore","Ground","Cathemeral"
"Ursus americanus","80000","14306","0.1532",,,,,,"0","10","0","10","0","0","50","0","0","30","4","Fruit","Herbivore","Ground","Nocturnal"
"Ursus arctos","1e+05","18593.5","0.1222",,,,,,"10","10","0","0","0","0","20","0","0","60","4","Other plant","Herbivore","Ground","Diurnal"
"Ursus maritimus","343459.2783","33842","0.1257","43.8","235","303","1.71","1734","0","90","0","10","0","0","0","0","0","0","2","Endotherm vertebrates","Faunivore","Ground","Diurnal"
"Ursus thibetanus","73680",,,,,,,,"10","10","0","0","0","10","40","0","0","30","5","Fruit","Herbivore","Ground","Diurnal"
"Vampyressa bidens","11.6",,,,,,,,"0","0","0","0","0","0","100","0","0","0","1","Fruit","Herbivore","Arboreal","Nocturnal"
"Vampyressa brocki","10",,,,,,,,"0","0","0","0","0","0","100","0","0","0","1","Fruit","Herbivore","Arboreal","Nocturnal"
"Vampyressa melissa","16.3",,,,,,,,"0","0","0","0","0","0","100","0","0","0","1","Fruit","Herbivore","Arboreal","Nocturnal"
"Vampyressa nymphaea","11.15","21.9","2.0857",,,,,,"0","0","0","0","0","0","100","0","0","0","1","Fruit","Herbivore","Arboreal","Nocturnal"
"Vampyressa pusilla","8.66","18.6","2.1136",,,,,,"0","0","0","0","0","0","100","0","0","0","1","Fruit","Herbivore","Arboreal","Nocturnal"
"Vampyressa thyone","7.17",,,,,,,,"0","0","0","0","0","0","100","0","0","0","1","Fruit","Herbivore","Arboreal","Nocturnal"
"Vampyrodes caraccioli","37.2",,,,,,,,"0","0","0","0","0","0","100","0","0","0","1","Fruit","Herbivore","Arboreal","Nocturnal"
"Vampyrops helleri","11.6",,,,,,,,,,,,,,,,,,,,,,
"Vampyrum spectrum","174.325",,,,,,,,"10","80","0","0","0","0","10","0","0","0","3","Endotherm vertebrates","Faunivore","Ground","Nocturnal"
"Vanadis formosa","1.7",,,,,,,,,,,,,,,,,,,,,,
"Vandeleuria nilagirica","23.79",,,,,,,,"0","0","0","0","0","0","40","0","0","60","2","Other plant","Herbivore","Arboreal","Nocturnal"
"Vandeleuria nolthenii","56.6",,,,,,,,"0","0","0","0","0","0","40","0","0","60","2","Other plant","Herbivore","Arboreal","Nocturnal"
"Vandeleuria oleracea","10",,,,,,,,"0","0","0","0","0","0","40","0","0","60","2","Other plant","Herbivore","Arboreal","Nocturnal"
"Varecia rubra","3300",,,,,,,,"0","0","0","0","0","0","90","0","0","10","2","Fruit","Herbivore","Arboreal","Crepuscular"
"Varecia sp.",,"606.2637","0.1734",,,,,,,,,,,,,,,,,,,,
"Varecia variegata","3177.3333","599.0767","0.1819","13","110.75","127.625","2.1","604","0","0","0","0","0","0","100","0","0","0","1","Fruit","Herbivore","Arboreal","Crepuscular"
"Varecia variegata rubra","3575",,,,,,,,,,,,,,,,,,,,,,
"Vernaya fulva","24.85",,,,,,,,"10","0","0","0","0","0","10","0","20","60","4","Other plant","Herbivore","Arboreal","Nocturnal"
"Vervet monkey",,,,,,"117",,,,,,,,,,,,,,,,,
"Vespadelus baverstocki","4.8",,,,,,,,"100","0","0","0","0","0","0","0","0","0","1","Invertebrates","Faunivore","Aerial","Nocturnal"
"Vespadelus caurinus","3.1",,,,,,,,"100","0","0","0","0","0","0","0","0","0","1","Invertebrates","Faunivore","Aerial","Nocturnal"
"Vespadelus darlingtoni","6.06",,,,,,,,"100","0","0","0","0","0","0","0","0","0","1","Invertebrates","Faunivore","Aerial","Nocturnal"
"Vespadelus douglasorum","4.99",,,,,,,,"100","0","0","0","0","0","0","0","0","0","1","Invertebrates","Faunivore","Aerial","Nocturnal"
"Vespadelus finlaysoni","4.64",,,,,,,,"100","0","0","0","0","0","0","0","0","0","1","Invertebrates","Faunivore","Aerial","Nocturnal"
"Vespadelus pumilus","5.425",,,,,,,,"100","0","0","0","0","0","0","0","0","0","1","Invertebrates","Faunivore","Aerial","Nocturnal"
"Vespadelus regulus","5.05",,,,,,,,"100","0","0","0","0","0","0","0","0","0","1","Invertebrates","Faunivore","Aerial","Nocturnal"
"Vespadelus troughtoni","4.64",,,,,,,,"100","0","0","0","0","0","0","0","0","0","1","Invertebrates","Faunivore","Aerial","Nocturnal"
"Vespadelus vulturnus","4","4.08","1.02",,,,,,"100","0","0","0","0","0","0","0","0","0","1","Invertebrates","Faunivore","Aerial","Nocturnal"
"Vespertilio murinus","26",,,,,,,,"100","0","0","0","0","0","0","0","0","0","1","Invertebrates","Faunivore","Aerial","Nocturnal"
"Vespertilio sinensis","24.3",,,,,,,,"100","0","0","0","0","0","0","0","0","0","1","Invertebrates","Faunivore","Aerial","Nocturnal"
"Vicugna pacos","44400",,,,,,,,,,,,,,,,,,,,,,
"Vicugna vicugna","46857.305",,,,,,,,"0","0","0","0","0","0","0","0","0","100","1","Other plant","Herbivore","Ground","Diurnal"
"Viverra civettina","10646.905",,,,,,,,"10","30","30","0","10","0","10","0","0","10","6","Endotherm vertebrates","Faunivore","Ground","Cathemeral"
"Viverra megaspila","8875",,,,,,,,"10","30","30","0","10","0","10","0","0","10","6","Endotherm vertebrates","Faunivore","Ground","Cathemeral"
"Viverra tangalunga","5797.5",,,,,,,,"10","30","30","0","10","0","10","0","0","10","6","Endotherm vertebrates","Faunivore","Ground","Cathemeral"
"Viverra zibetha","9000",,,,,,,,"10","20","20","30","10","0","10","0","0","0","6","Fish","Faunivore","Ground","Cathemeral"
"Viverricula indica","2784.215",,,,,,,,"20","40","0","0","0","20","10","0","0","10","5","Endotherm vertebrates","Faunivore","Ground","Cathemeral"
"Voalavo gymnocaudus","50.88",,,,,,,,"20","0","0","0","0","0","30","0","40","10","4","Seed","Herbivore","Ground","Nocturnal"
"Volemys millicens","49.02",,,,,,,,"20","0","0","0","0","0","10","0","40","30","4","Seed","Herbivore","Ground","Cathemeral"
"Volemys musseri","42.5",,,,,,,,"20","0","0","0","0","0","10","0","40","30","4","Seed","Herbivore","Ground","Cathemeral"
"Vombatus ursinus","26000",,,,,,,,"0","0","0","0","0","0","0","0","0","100","1","Other plant","Herbivore","Ground","Nocturnal"
"Vormela peregusna","449.19",,,,,,,,"0","70","30","0","0","0","0","0","0","0","2","Endotherm vertebrates","Faunivore","Ground","Cathemeral"
"Vulpes bengalensis","2493",,,,,,,,"20","0","0","0","60","0","20","0","0","0","3","Vertebrates (unknown)","Faunivore","Ground","Nocturnal"
"Vulpes cana","1110.925","631.2","0.4912",,,,,,"30","0","0","0","10","0","40","0","0","20","4","Fruit","Omnivore","Ground","Nocturnal"
"Vulpes chama","2955.01",,,,,,,,"30","0","0","0","70","0","0","0","0","0","2","Vertebrates (unknown)","Faunivore","Ground","Nocturnal"
"Vulpes corsac","2400",,,,,,,,"20","70","0","0","0","0","0","0","0","10","3","Endotherm vertebrates","Faunivore","Ground","Nocturnal"
"Vulpes ferrilata","5000",,,,,,,,"0","100","0","0","0","0","0","0","0","0","1","Endotherm vertebrates","Faunivore","Ground","Nocturnal"
"Vulpes lagopus","3763.1758","2146.65","0.4689",,,,,,"10","70","0","10","0","10","0","0","0","0","4","Endotherm vertebrates","Faunivore","Ground","Diurnal"
"Vulpes macrotis","3134.485","1078.4","0.6096",,,,,,"30","60","10","0","0","0","0","0","0","0","3","Endotherm vertebrates","Faunivore","Ground","Nocturnal"
"Vulpes pallida","3200.005",,,,,,,,"0","50","20","0","10","0","0","0","0","20","4","Endotherm vertebrates","Faunivore","Ground","Nocturnal"
"Vulpes rueppellii","2348.6567","798.9","0.5168",,,,,,"20","40","20","0","0","0","0","0","0","20","4","Endotherm vertebrates","Faunivore","Ground","Nocturnal"
"Vulpes velox","2271.255",,,,,,,,"10","70","20","0","0","0","0","0","0","0","3","Endotherm vertebrates","Faunivore","Ground","Nocturnal"
"Vulpes vulpes","4401.506","1923.0875","0.4754","31.2","53.3","48","4.9375","304","20","70","0","0","0","0","10","0","0","0","3","Endotherm vertebrates","Faunivore","Ground","Nocturnal"
"Vulpes zerda","1076.5","489.6","0.419",,,,,,"20","30","10","0","10","0","0","0","0","30","5","Endotherm vertebrates","Faunivore","Ground","Nocturnal"
"Wallabia bicolor","15000",,,,,,,,"0","0","0","0","0","0","0","0","0","100","1","Other plant","Herbivore","Ground","Nocturnal"
"White mouse (mus musculus albus)","18.05",,,,,,,,,,,,,,,,,,,,,,
"White rat (Mus decom. alb.)","117.25",,,,,,,,,,,,,,,,,,,,,,
"Wiedomys pyrrhorhinos","46.7",,,,,,,,"50","0","0","0","0","0","0","0","50","0","2","Invertebrates","Omnivore","Arboreal","Nocturnal"
"Wilfredomys oenax","46.8",,,,,,,,"0","0","0","0","0","0","40","0","0","60","2","Other plant","Herbivore","Ground","Nocturnal"
"Wyulda squamicaudata","1675",,,,,,,,"20","0","0","0","10","0","20","0","0","50","4","Other plant","Herbivore","Arboreal","Nocturnal"
"Xenomys nelsoni","130",,,,,,,,"20","0","0","0","0","0","10","0","40","30","4","Seed","Herbivore","Arboreal","Nocturnal"
"Xenos peckii","0.001",,,,,,,,,,,,,,,,,,,,,,
"Xenuromys barbatus","1000",,,,,,,,"30","0","0","0","0","0","40","0","30","0","3","Fruit","Herbivore","Ground","Crepuscular"
"Xeromys myoides","41",,,,,,,,"40","0","20","20","0","0","0","0","0","20","4","Invertebrates","Faunivore","Ground","Nocturnal"
"Xerus erythropus","612.45",,,,,,,,"10","0","0","0","20","0","20","0","30","20","5","Seed","Herbivore","Ground","Diurnal"
"Xerus inauris","494","329.85","0.5967",,,,,,"10","0","0","0","20","0","20","0","30","20","5","Seed","Herbivore","Ground","Diurnal"
"Xerus princeps","622","343.5","0.565",,,,,,"10","0","0","0","20","0","20","0","30","20","5","Seed","Herbivore","Ground","Diurnal"
"Xerus rutilus","317.5",,,,,,,,"10","0","0","0","20","0","20","0","30","20","5","Seed","Herbivore","Ground","Diurnal"
"Xiphias gladius","354844",,,,,,,,,,,,,,,,,,,,,,
"Xiphophorus hellerii","1.84",,,,,,,,,,,,,,,,,,,,,,
"Yellow baboon",,,,,,"365",,,,,,,,,,,,,,,,,
"Zaedyus pichiy","1100","393.2","0.226",,,,,,"100","0","0","0","0","0","0","0","0","0","1","Invertebrates","Faunivore","Ground","Cathemeral"
"Zaglossus attenboroughi","8532.39",,,,,,,,"100","0","0","0","0","0","0","0","0","0","1","Invertebrates","Faunivore","Ground","Nocturnal"
"Zaglossus bartoni","7180",,,,,,,,"100","0","0","0","0","0","0","0","0","0","1","Invertebrates","Faunivore","Ground","Nocturnal"
"Zaglossus bruijni","9637.1775","1159.1","0.0995",,,,,,"100","0","0","0","0","0","0","0","0","0","1","Invertebrates","Faunivore","Ground","Nocturnal"
"Zalophus californianus","93596.6667","25695","0.4046","35.7","259","315","1.2","1095","40","0","0","60","0","0","0","0","0","0","2","Fish","Faunivore","Marine","Nocturnal"
"Zalophus japonicus","80000",,,,,,,,"40","0","0","60","0","0","0","0","0","0","2","Fish","Faunivore","Marine","Nocturnal"
"Zalophus wollebaeki","119000",,,,,,,,"40","0","0","60","0","0","0","0","0","0","2","Fish","Faunivore","Marine","Nocturnal"
"Zapus hudsonius","22.6","60.1","2.5418",,,,,,"20","0","0","0","0","0","10","0","70","0","3","Seed","Herbivore","Ground","Nocturnal"
"Zapus princeps","33.6","56.6","2.0582",,,,,,"20","0","0","0","0","0","10","0","70","0","3","Seed","Herbivore","Ground","Nocturnal"
"Zapus trinotatus","27.5",,,,,,,,"20","0","0","0","0","0","10","0","70","0","3","Seed","Herbivore","Ground","Nocturnal"
"Zelotomys hildegardeae","60",,,,,,,,"100","0","0","0","0","0","0","0","0","0","1","Invertebrates","Faunivore","Ground","Nocturnal"
"Zelotomys woosnami","54.1",,,,,,,,"100","0","0","0","0","0","0","0","0","0","1","Invertebrates","Faunivore","Ground","Nocturnal"
"Zenkerella insignis","200",,,,,,,,"0","0","0","0","100","0","0","0","0","0","1","Vertebrates (unknown)","Faunivore","Arboreal","Diurnal"
"Zh Loc E /III","61800",,,,,,,,,,,,,,,,,,,,,,
"Zhoukoudian Locus LI","61800",,,,,,,,,,,,,,,,,,,,,,
"Ziphius cavirostris","3107000.0003",,,,,,,,"80","0","0","20","0","0","0","0","0","0","2","Invertebrates","Faunivore","Marine","Cathemeral"
"Zygodontomys brevicauda","52.23",,,,,,,,"0","0","0","0","0","0","0","0","50","50","2","Seed","Herbivore","Ground","Nocturnal"
"Zygodontomys brunneus","75.6",,,,,,,,"0","0","0","0","0","0","0","0","50","50","2","Seed","Herbivore","Ground","Nocturnal"
"Zygogeomys trichopus","522.5",,,,,,,,"0","0","0","0","0","0","0","0","0","100","1","Other plant","Herbivore","Ground","Nocturnal"
"Zyzomys argurus","36",,,,,,,,"10","0","0","0","0","0","0","0","0","90","2","Other plant","Herbivore","Ground","Nocturnal"
"Zyzomys maini","94",,,,,,,,"10","0","0","0","0","0","0","0","0","90","2","Other plant","Herbivore","Ground","Nocturnal"
"Zyzomys palatilis","123",,,,,,,,"10","0","0","0","0","0","0","0","0","90","2","Other plant","Herbivore","Ground","Nocturnal"
"Zyzomys pedunculatus","100",,,,,,,,"10","0","0","0","0","0","0","0","0","90","2","Other plant","Herbivore","Ground","Nocturnal"
"Zyzomys woodwardi","136",,,,,,,,"10","0","0","0","0","0","0","0","0","90","2","Other plant","Herbivore","Ground","Nocturnal"
"east-central group","14742",,,,,,,,,,,,,,,,,,,,,,
"northern group","16178.5",,,,,,,,,,,,,,,,,,,,,,
"scutisorexãsomereni","91.5",,,,,,,,"0","0","0","0","100","0","0","0","0","0","1","Vertebrates (unknown)","Faunivore","Ground","Cathemeral"
"southern group","10134.3158",,,,,,,,,,,,,,,,,,,,,,
