"Species","Measure","Units","n_sources","n_teams","pooled","spread_max_over_min","flag","per_source"
"Galago senegalensis group","Body_Mass","g",242,1,"185.2145","3.46","DISAGREEMENT>2x","Isler2008(Isler,secondary)=198.0 | Isler2008(Isler,secondary)=170.0 | Isler2008(Isler,secondary)=198.0 | Isler2008(Isler,secondary)=170.0 | Isler2008(Isler,secondary)=142.0 | Isler2008(Isler,secondary)=142.0 | Isler2008(Isler,secondary)=113.0 | Isler2008(Isler,secondary)=142.0 | Isler2008(Isler,secondary)=85.0 | Isler2008(Isler,secondary)=113.0 | Isler2008(Isler,secondary)=85.0 | Isler2008(Isler,secondary)=170.0 | Isler2008(Isler,secondary)=142.0 | Isler2008(Isler,secondary)=142.0 | Isler2008(Isler,secondary)=113.0 | Isler2008(Isler,secondary)=142.0 | Isler2008(Isler,secondary)=142.0 | Isler2008(Isler,secondary)=113.0 | Isler2008(Isler,secondary)=170.0 | Isler2008(Isler,secondary)=142.0 | Isler2008(Isler,secondary)=142.0 | Isler2008(Isler,secondary)=142.0 | Isler2008(Isler,secondary)=170.4 | Isler2008(Isler,secondary)=142.0 | Isler2008(Isler,secondary)=142.0 | Isler2008(Isler,secondary)=113.0 | Isler2008(Isler,secondary)=170.0 | Isler2008(Isler,secondary)=170.0 | Isler2008(Isler,secondary)=92.0 | Isler2008(Isler,secondary)=156.0 | Isler2008(Isler,secondary)=155.0 | Isler2008(Isler,secondary)=146.0 | Isler2008(Isler,secondary)=164.0 | Isler2008(Isler,secondary)=161.0 | Isler2008(Isler,secondary)=150.0 | Isler2008(Isler,secondary)=183.0 | Isler2008(Isler,secondary)=174.0 | Isler2008(Isler,secondary)=137.0 | Isler2008(Isler,secondary)=173.0 | Isler2008(Isler,secondary)=137.0 | Isler2008(Isler,secondary)=140.0 | Isler2008(Isler,secondary)=125.0 | Isler2008(Isler,secondary)=188.0 | Isler2008(Isler,secondary)=157.0 | Isler2008(Isler,secondary)=155.0 | Isler2008(Isler,secondary)=140.0 | Isler2008(Isler,secondary)=190.0 | Isler2008(Isler,secondary)=104.5 | Isler2008(Isler,secondary)=214.0 | Isler2008(Isler,secondary)=174.0 | Isler2008(Isler,secondary)=183.0 | Isler2008(Isler,secondary)=180.0 | Isler2008(Isler,secondary)=163.0 | Isler2008(Isler,secondary)=192.0 | Isler2008(Isler,secondary)=113.0 | Isler2008(Isler,secondary)=205.0 | Isler2008(Isler,secondary)=166.0 | Isler2008(Isler,secondary)=208.0 | Isler2008(Isler,secondary)=161.0 | Isler2008(Isler,secondary)=184.0 | Isler2008(Isler,secondary)=180.0 | Isler2008(Isler,secondary)=186.0 | Isler2008(Isler,secondary)=155.0 | Isler2008(Isler,secondary)=176.0 | Isler2008(Isler,secondary)=235.0 | Isler2008(Isler,secondary)=184.0 | Isler2008(Isler,secondary)=184.0 | Isler2008(Isler,secondary)=184.0 | Isler2008(Isler,secondary)=185.0 | Isler2008(Isler,secondary)=164.0 | Isler2008(Isler,secondary)=142.0 | Isler2008(Isler,secondary)=232.0 | Isler2008(Isler,secondary)=188.0 | Isler2008(Isler,secondary)=206.0 | Isler2008(Isler,secondary)=209.0 | Isler2008(Isler,secondary)=207.0 | Isler2008(Isler,secondary)=236.0 | Isler2008(Isler,secondary)=152.0 | Isler2008(Isler,secondary)=229.0 | Isler2008(Isler,secondary)=234.0 | Isler2008(Isler,secondary)=202.0 | Isler2008(Isler,secondary)=200.0 | Isler2008(Isler,secondary)=211.0 | Isler2008(Isler,secondary)=201.0 | Isler2008(Isler,secondary)=152.0 | Isler2008(Isler,secondary)=205.0 | Isler2008(Isler,secondary)=194.0 | Isler2008(Isler,secondary)=198.0 | Isler2008(Isler,secondary)=237.0 | Isler2008(Isler,secondary)=201.0 | Isler2008(Isler,secondary)=246.0 | Isler2008(Isler,secondary)=173.0 | Isler2008(Isler,secondary)=180.0 | Isler2008(Isler,secondary)=134.0 | Isler2008(Isler,secondary)=145.0 | Isler2008(Isler,secondary)=165.0 | Isler2008(Isler,secondary)=168.0 | Isler2008(Isler,secondary)=112.0 | Isler2008(Isler,secondary)=177.0 | Isler2008(Isler,secondary)=214.0 | Isler2008(Isler,secondary)=294.0 | Isler2008(Isler,secondary)=153.0 | Isler2008(Isler,secondary)=160.0 | Isler2008(Isler,secondary)=145.0 | Isler2008(Isler,secondary)=200.0 | Isler2008(Isler,secondary)=157.0 | Isler2008(Isler,secondary)=190.0 | Isler2008(Isler,secondary)=164.0 | Isler2008(Isler,secondary)=226.0 | Isler2008(Isler,secondary)=150.0 | Isler2008(Isler,secondary)=181.0 | Isler2008(Isler,secondary)=177.0 | Isler2008(Isler,secondary)=212.0 | Isler2008(Isler,secondary)=212.0 | Isler2008(Isler,secondary)=175.0 | Isler2008(Isler,secondary)=147.0 | Isler2008(Isler,secondary)=175.0 | Isler2008(Isler,secondary)=205.0 | Isler2008(Isler,secondary)=217.0 | Isler2008(Isler,secondary)=197.0 | Isler2008(Isler,secondary)=218.0 | Isler2008(Isler,secondary)=142.0 | Isler2008(Isler,secondary)=256.0 | Isler2008(Isler,secondary)=154.0 | Isler2008(Isler,secondary)=206.0 | Isler2008(Isler,secondary)=169.0 | Isler2008(Isler,secondary)=148.0 | Isler2008(Isler,secondary)=254.0 | Isler2008(Isler,secondary)=153.0 | Isler2008(Isler,secondary)=198.0 | Isler2008(Isler,secondary)=206.0 | Isler2008(Isler,secondary)=194.0 | Isler2008(Isler,secondary)=197.0 | Isler2008(Isler,secondary)=178.0 | Isler2008(Isler,secondary)=142.0 | Isler2008(Isler,secondary)=232.0 | Isler2008(Isler,secondary)=167.0 | Isler2008(Isler,secondary)=181.0 | Isler2008(Isler,secondary)=183.0 | Isler2008(Isler,secondary)=151.0 | Isler2008(Isler,secondary)=216.0 | Isler2008(Isler,secondary)=184.0 | Isler2008(Isler,secondary)=178.0 | Isler2008(Isler,secondary)=174.0 | Isler2008(Isler,secondary)=220.0 | Isler2008(Isler,secondary)=162.0 | Isler2008(Isler,secondary)=173.0 | Isler2008(Isler,secondary)=208.0 | Isler2008(Isler,secondary)=175.0 | Isler2008(Isler,secondary)=212.0 | Isler2008(Isler,secondary)=201.0 | Isler2008(Isler,secondary)=216.0 | Isler2008(Isler,secondary)=202.0 | Isler2008(Isler,secondary)=215.0 | Isler2008(Isler,secondary)=223.0 | Isler2008(Isler,secondary)=195.0 | Isler2008(Isler,secondary)=211.0 | Isler2008(Isler,secondary)=217.0 | Isler2008(Isler,secondary)=175.0 | Isler2008(Isler,secondary)=167.0 | Isler2008(Isler,secondary)=175.0 | Isler2008(Isler,secondary)=194.0 | Isler2008(Isler,secondary)=231.0 | Isler2008(Isler,secondary)=209.0 | Isler2008(Isler,secondary)=170.0 | Isler2008(Isler,secondary)=220.0 | Isler2008(Isler,secondary)=212.0 | Isler2008(Isler,secondary)=183.0 | Isler2008(Isler,secondary)=240.0 | Isler2008(Isler,secondary)=236.0 | Isler2008(Isler,secondary)=228.0 | Isler2008(Isler,secondary)=232.0 | Isler2008(Isler,secondary)=212.0 | Isler2008(Isler,secondary)=177.0 | Isler2008(Isler,secondary)=200.0 | Isler2008(Isler,secondary)=213.0 | Isler2008(Isler,secondary)=202.0 | Isler2008(Isler,secondary)=205.0 | Isler2008(Isler,secondary)=202.0 | Isler2008(Isler,secondary)=172.0 | Isler2008(Isler,secondary)=154.0 | Isler2008(Isler,secondary)=220.0 | Isler2008(Isler,secondary)=182.0 | Isler2008(Isler,secondary)=134.0 | Isler2008(Isler,secondary)=135.0 | Isler2008(Isler,secondary)=181.0 | Isler2008(Isler,secondary)=190.0 | Isler2008(Isler,secondary)=232.0 | Isler2008(Isler,secondary)=236.0 | Isler2008(Isler,secondary)=186.0 | Isler2008(Isler,secondary)=188.0 | Isler2008(Isler,secondary)=237.0 | Isler2008(Isler,secondary)=193.0 | Isler2008(Isler,secondary)=214.0 | Isler2008(Isler,secondary)=245.0 | Isler2008(Isler,secondary)=248.0 | Isler2008(Isler,secondary)=206.0 | Isler2008(Isler,secondary)=168.0 | Isler2008(Isler,secondary)=140.0 | Isler2008(Isler,secondary)=175.0 | Isler2008(Isler,secondary)=213.0 | Isler2008(Isler,secondary)=158.0 | Isler2008(Isler,secondary)=177.0 | Isler2008(Isler,secondary)=183.0 | Isler2008(Isler,secondary)=264.0 | Isler2008(Isler,secondary)=220.0 | Isler2008(Isler,secondary)=190.0 | Isler2008(Isler,secondary)=237.0 | Isler2008(Isler,secondary)=204.0 | Isler2008(Isler,secondary)=205.0 | Isler2008(Isler,secondary)=201.0 | Isler2008(Isler,secondary)=181.0 | Isler2008(Isler,secondary)=204.0 | Isler2008(Isler,secondary)=218.0 | Isler2008(Isler,secondary)=237.0 | Isler2008(Isler,secondary)=212.0 | Isler2008(Isler,secondary)=194.0 | Isler2008(Isler,secondary)=149.0 | Isler2008(Isler,secondary)=221.0 | Isler2008(Isler,secondary)=185.0 | Isler2008(Isler,secondary)=226.0 | Isler2008(Isler,secondary)=180.0 | Isler2008(Isler,secondary)=220.0 | Isler2008(Isler,secondary)=210.0 | Isler2008(Isler,secondary)=187.0 | Isler2008(Isler,secondary)=175.0 | Isler2008(Isler,secondary)=181.0 | Isler2008(Isler,secondary)=195.0 | Isler2008(Isler,secondary)=207.0 | Isler2008(Isler,secondary)=235.0 | Isler2008(Isler,secondary)=185.0 | Isler2008(Isler,secondary)=208.0 | Isler2008(Isler,secondary)=232.0 | Isler2008(Isler,secondary)=204.0 | Isler2008(Isler,secondary)=169.0 | Isler2008(Isler,secondary)=236.0 | Isler2008(Isler,secondary)=271.0 | Isler2008(Isler,secondary)=228.0 | Isler2008(Isler,secondary)=258.0 | Isler2008(Isler,secondary)=218.0 | Isler2008(Isler,secondary)=159.0 | Isler2008(Isler,secondary)=239.0"
"Cebus apella group","Body_Mass","g",218,1,"2633.6422","3.37","DISAGREEMENT>2x","Isler2008(Isler,secondary)=1920.0 | Isler2008(Isler,secondary)=2500.0 | Isler2008(Isler,secondary)=2400.0 | Isler2008(Isler,secondary)=2050.0 | Isler2008(Isler,secondary)=2100.0 | Isler2008(Isler,secondary)=2000.0 | Isler2008(Isler,secondary)=2750.0 | Isler2008(Isler,secondary)=2350.0 | Isler2008(Isler,secondary)=2700.0 | Isler2008(Isler,secondary)=1900.0 | Isler2008(Isler,secondary)=2460.0 | Isler2008(Isler,secondary)=3200.0 | Isler2008(Isler,secondary)=2200.0 | Isler2008(Isler,secondary)=2300.0 | Isler2008(Isler,secondary)=3010.0 | Isler2008(Isler,secondary)=2420.0 | Isler2008(Isler,secondary)=1650.0 | Isler2008(Isler,secondary)=2550.0 | Isler2008(Isler,secondary)=3800.0 | Isler2008(Isler,secondary)=3700.0 | Isler2008(Isler,secondary)=3175.0 | Isler2008(Isler,secondary)=1814.0 | Isler2008(Isler,secondary)=2300.0 | Isler2008(Isler,secondary)=2750.0 | Isler2008(Isler,secondary)=3580.0 | Isler2008(Isler,secondary)=3300.0 | Isler2008(Isler,secondary)=2800.0 | Isler2008(Isler,secondary)=3200.0 | Isler2008(Isler,secondary)=4200.0 | Isler2008(Isler,secondary)=2350.0 | Isler2008(Isler,secondary)=3750.0 | Isler2008(Isler,secondary)=3300.0 | Isler2008(Isler,secondary)=3400.0 | Isler2008(Isler,secondary)=3300.0 | Isler2008(Isler,secondary)=2250.0 | Isler2008(Isler,secondary)=4300.0 | Isler2008(Isler,secondary)=3550.0 | Isler2008(Isler,secondary)=4000.0 | Isler2008(Isler,secondary)=2420.0 | Isler2008(Isler,secondary)=4150.0 | Isler2008(Isler,secondary)=4290.0 | Isler2008(Isler,secondary)=2550.0 | Isler2008(Isler,secondary)=3000.0 | Isler2008(Isler,secondary)=3000.0 | Isler2008(Isler,secondary)=2000.0 | Isler2008(Isler,secondary)=3000.0 | Isler2008(Isler,secondary)=4000.0 | Isler2008(Isler,secondary)=3500.0 | Isler2008(Isler,secondary)=3500.0 | Isler2008(Isler,secondary)=4000.0 | Isler2008(Isler,secondary)=3130.0 | Isler2008(Isler,secondary)=2600.0 | Isler2008(Isler,secondary)=1290.0 | Isler2008(Isler,secondary)=3600.0 | Isler2008(Isler,secondary)=2950.0 | Isler2008(Isler,secondary)=1665.0 | Isler2008(Isler,secondary)=3000.0 | Isler2008(Isler,secondary)=2900.0 | Isler2008(Isler,secondary)=2000.0 | Isler2008(Isler,secondary)=3600.0 | Isler2008(Isler,secondary)=1950.0 | Isler2008(Isler,secondary)=1700.0 | Isler2008(Isler,secondary)=2800.0 | Isler2008(Isler,secondary)=2500.0 | Isler2008(Isler,secondary)=1500.0 | Isler2008(Isler,secondary)=2000.0 | Isler2008(Isler,secondary)=1500.0 | Isler2008(Isler,secondary)=1700.0 | Isler2008(Isler,secondary)=2500.0 | Isler2008(Isler,secondary)=2000.0 | Isler2008(Isler,secondary)=2000.0 | Isler2008(Isler,secondary)=2000.0 | Isler2008(Isler,secondary)=2500.0 | Isler2008(Isler,secondary)=2850.0 | Isler2008(Isler,secondary)=1910.0 | Isler2008(Isler,secondary)=1715.0 | Isler2008(Isler,secondary)=2400.0 | Isler2008(Isler,secondary)=1900.0 | Isler2008(Isler,secondary)=1650.0 | Isler2008(Isler,secondary)=2100.0 | Isler2008(Isler,secondary)=2000.0 | Isler2008(Isler,secondary)=3000.0 | Isler2008(Isler,secondary)=2600.0 | Isler2008(Isler,secondary)=2550.0 | Isler2008(Isler,secondary)=2150.0 | Isler2008(Isler,secondary)=1850.0 | Isler2008(Isler,secondary)=2150.0 | Isler2008(Isler,secondary)=1600.0 | Isler2008(Isler,secondary)=2800.0 | Isler2008(Isler,secondary)=2850.0 | Isler2008(Isler,secondary)=3500.0 | Isler2008(Isler,secondary)=2800.0 | Isler2008(Isler,secondary)=3000.0 | Isler2008(Isler,secondary)=3150.0 | Isler2008(Isler,secondary)=3500.0 | Isler2008(Isler,secondary)=2800.0 | Isler2008(Isler,secondary)=2150.0 | Isler2008(Isler,secondary)=3450.0 | Isler2008(Isler,secondary)=3550.0 | Isler2008(Isler,secondary)=3600.0 | Isler2008(Isler,secondary)=3150.0 | Isler2008(Isler,secondary)=2250.0 | Isler2008(Isler,secondary)=2150.0 | Isler2008(Isler,secondary)=1550.0 | Isler2008(Isler,secondary)=2150.0 | Isler2008(Isler,secondary)=1900.0 | Isler2008(Isler,secondary)=2200.0 | Isler2008(Isler,secondary)=2000.0 | Isler2008(Isler,secondary)=2400.0 | Isler2008(Isler,secondary)=1750.0 | Isler2008(Isler,secondary)=1800.0 | Isler2008(Isler,secondary)=1900.0 | Isler2008(Isler,secondary)=1900.0 | Isler2008(Isler,secondary)=1900.0 | Isler2008(Isler,secondary)=1850.0 | Isler2008(Isler,secondary)=2000.0 | Isler2008(Isler,secondary)=1750.0 | Isler2008(Isler,secondary)=1600.0 | Isler2008(Isler,secondary)=2500.0 | Isler2008(Isler,secondary)=2000.0 | Isler2008(Isler,secondary)=2250.0 | Isler2008(Isler,secondary)=3330.0 | Isler2008(Isler,secondary)=3800.0 | Isler2008(Isler,secondary)=2600.0 | Isler2008(Isler,secondary)=2700.0 | Isler2008(Isler,secondary)=2430.0 | Isler2008(Isler,secondary)=3050.0 | Isler2008(Isler,secondary)=2900.0 | Isler2008(Isler,secondary)=2700.0 | Isler2008(Isler,secondary)=3500.0 | Isler2008(Isler,secondary)=3150.0 | Isler2008(Isler,secondary)=3200.0 | Isler2008(Isler,secondary)=2600.0 | Isler2008(Isler,secondary)=3500.0 | Isler2008(Isler,secondary)=3350.0 | Isler2008(Isler,secondary)=3150.0 | Isler2008(Isler,secondary)=3600.0 | Isler2008(Isler,secondary)=3350.0 | Isler2008(Isler,secondary)=3550.0 | Isler2008(Isler,secondary)=3350.0 | Isler2008(Isler,secondary)=2850.0 | Isler2008(Isler,secondary)=4150.0 | Isler2008(Isler,secondary)=3800.0 | Isler2008(Isler,secondary)=4000.0 | Isler2008(Isler,secondary)=2050.0 | Isler2008(Isler,secondary)=3100.0 | Isler2008(Isler,secondary)=2400.0 | Isler2008(Isler,secondary)=3100.0 | Isler2008(Isler,secondary)=1350.0 | Isler2008(Isler,secondary)=1600.0 | Isler2008(Isler,secondary)=2050.0 | Isler2008(Isler,secondary)=2300.0 | Isler2008(Isler,secondary)=1710.0 | Isler2008(Isler,secondary)=1820.0 | Isler2008(Isler,secondary)=1380.0 | Isler2008(Isler,secondary)=2300.0 | Isler2008(Isler,secondary)=2100.0 | Isler2008(Isler,secondary)=2250.0 | Isler2008(Isler,secondary)=2100.0 | Isler2008(Isler,secondary)=2525.0 | Isler2008(Isler,secondary)=2250.0 | Isler2008(Isler,secondary)=2800.0 | Isler2008(Isler,secondary)=2950.0 | Isler2008(Isler,secondary)=3000.0 | Isler2008(Isler,secondary)=2700.0 | Isler2008(Isler,secondary)=2450.0 | Isler2008(Isler,secondary)=2450.0 | Isler2008(Isler,secondary)=2500.0 | Isler2008(Isler,secondary)=2400.0 | Isler2008(Isler,secondary)=2050.0 | Isler2008(Isler,secondary)=2000.0 | Isler2008(Isler,secondary)=1890.0 | Isler2008(Isler,secondary)=3650.0 | Isler2008(Isler,secondary)=2200.0 | Isler2008(Isler,secondary)=1950.0 | Isler2008(Isler,secondary)=1600.0 | Isler2008(Isler,secondary)=1800.0 | Isler2008(Isler,secondary)=2650.0 | Isler2008(Isler,secondary)=3750.0 | Isler2008(Isler,secondary)=4000.0 | Isler2008(Isler,secondary)=3650.0 | Isler2008(Isler,secondary)=3900.0 | Isler2008(Isler,secondary)=4000.0 | Isler2008(Isler,secondary)=3450.0 | Isler2008(Isler,secondary)=4000.0 | Isler2008(Isler,secondary)=3800.0 | Isler2008(Isler,secondary)=3050.0 | Isler2008(Isler,secondary)=4350.0 | Isler2008(Isler,secondary)=2850.0 | Isler2008(Isler,secondary)=1900.0 | Isler2008(Isler,secondary)=2000.0 | Isler2008(Isler,secondary)=1900.0 | Isler2008(Isler,secondary)=3000.0 | Isler2008(Isler,secondary)=2500.0 | Isler2008(Isler,secondary)=2850.0 | Isler2008(Isler,secondary)=1600.0 | Isler2008(Isler,secondary)=2400.0 | Isler2008(Isler,secondary)=2500.0 | Isler2008(Isler,secondary)=2500.0 | Isler2008(Isler,secondary)=2550.0 | Isler2008(Isler,secondary)=2300.0 | Isler2008(Isler,secondary)=2350.0 | Isler2008(Isler,secondary)=2250.0 | Isler2008(Isler,secondary)=2500.0 | Isler2008(Isler,secondary)=2100.0 | Isler2008(Isler,secondary)=2100.0 | Isler2008(Isler,secondary)=2350.0 | Isler2008(Isler,secondary)=1550.0 | Isler2008(Isler,secondary)=2050.0 | Isler2008(Isler,secondary)=2250.0 | Isler2008(Isler,secondary)=2200.0 | Isler2008(Isler,secondary)=3050.0 | Isler2008(Isler,secondary)=2500.0 | Isler2008(Isler,secondary)=2850.0 | Isler2008(Isler,secondary)=3300.0 | Isler2008(Isler,secondary)=2100.0 | Isler2008(Isler,secondary)=3150.0 | Isler2008(Isler,secondary)=2050.0"
"Macaca fascicularis group","Body_Mass","g",93,1,"4501.7613","4.05","DISAGREEMENT>2x","Isler2008(Isler,secondary)=8505.0 | Isler2008(Isler,secondary)=4763.0 | Isler2008(Isler,secondary)=4082.0 | Isler2008(Isler,secondary)=5103.0 | Isler2008(Isler,secondary)=3629.0 | Isler2008(Isler,secondary)=4309.0 | Isler2008(Isler,secondary)=4763.0 | Isler2008(Isler,secondary)=5897.0 | Isler2008(Isler,secondary)=6690.0 | Isler2008(Isler,secondary)=5148.0 | Isler2008(Isler,secondary)=2835.0 | Isler2008(Isler,secondary)=2948.0 | Isler2008(Isler,secondary)=4082.0 | Isler2008(Isler,secondary)=3856.0 | Isler2008(Isler,secondary)=3175.0 | Isler2008(Isler,secondary)=3402.0 | Isler2008(Isler,secondary)=2948.0 | Isler2008(Isler,secondary)=2722.0 | Isler2008(Isler,secondary)=2722.0 | Isler2008(Isler,secondary)=2495.0 | Isler2008(Isler,secondary)=3175.0 | Isler2008(Isler,secondary)=3629.0 | Isler2008(Isler,secondary)=2722.0 | Isler2008(Isler,secondary)=3175.0 | Isler2008(Isler,secondary)=3515.0 | Isler2008(Isler,secondary)=3175.0 | Isler2008(Isler,secondary)=3969.0 | Isler2008(Isler,secondary)=4309.0 | Isler2008(Isler,secondary)=2835.0 | Isler2008(Isler,secondary)=3175.0 | Isler2008(Isler,secondary)=2948.0 | Isler2008(Isler,secondary)=2350.0 | Isler2008(Isler,secondary)=3856.0 | Isler2008(Isler,secondary)=3742.0 | Isler2008(Isler,secondary)=4423.0 | Isler2008(Isler,secondary)=4536.0 | Isler2008(Isler,secondary)=3856.0 | Isler2008(Isler,secondary)=5103.0 | Isler2008(Isler,secondary)=5443.0 | Isler2008(Isler,secondary)=4536.0 | Isler2008(Isler,secondary)=4649.0 | Isler2008(Isler,secondary)=4990.0 | Isler2008(Isler,secondary)=5103.0 | Isler2008(Isler,secondary)=4876.0 | Isler2008(Isler,secondary)=4536.0 | Isler2008(Isler,secondary)=4423.0 | Isler2008(Isler,secondary)=5330.0 | Isler2008(Isler,secondary)=5443.0 | Isler2008(Isler,secondary)=5897.0 | Isler2008(Isler,secondary)=4876.0 | Isler2008(Isler,secondary)=5400.0 | Isler2008(Isler,secondary)=3629.0 | Isler2008(Isler,secondary)=3402.0 | Isler2008(Isler,secondary)=3856.0 | Isler2008(Isler,secondary)=4309.0 | Isler2008(Isler,secondary)=4990.0 | Isler2008(Isler,secondary)=4990.0 | Isler2008(Isler,secondary)=4990.0 | Isler2008(Isler,secondary)=5443.0 | Isler2008(Isler,secondary)=3629.0 | Isler2008(Isler,secondary)=4309.0 | Isler2008(Isler,secondary)=4536.0 | Isler2008(Isler,secondary)=3856.0 | Isler2008(Isler,secondary)=5897.0 | Isler2008(Isler,secondary)=5443.0 | Isler2008(Isler,secondary)=4309.0 | Isler2008(Isler,secondary)=4763.0 | Isler2008(Isler,secondary)=4536.0 | Isler2008(Isler,secondary)=4763.0 | Isler2008(Isler,secondary)=4990.0 | Isler2008(Isler,secondary)=4309.0 | Isler2008(Isler,secondary)=4763.0 | Isler2008(Isler,secondary)=3515.0 | Isler2008(Isler,secondary)=4670.0 | Isler2008(Isler,secondary)=5897.0 | Isler2008(Isler,secondary)=4309.0 | Isler2008(Isler,secondary)=4763.0 | Isler2008(Isler,secondary)=4423.0 | Isler2008(Isler,secondary)=3969.0 | Isler2008(Isler,secondary)=3969.0 | Isler2008(Isler,secondary)=3742.0 | Isler2008(Isler,secondary)=5443.0 | Isler2008(Isler,secondary)=6804.0 | Isler2008(Isler,secondary)=5897.0 | Isler2008(Isler,secondary)=6123.0 | Isler2008(Isler,secondary)=4536.0 | Isler2008(Isler,secondary)=6917.0 | Isler2008(Isler,secondary)=6350.0 | Isler2008(Isler,secondary)=3628.8 | Isler2008(Isler,secondary)=3629.0 | Isler2008(Isler,secondary)=6350.0 | Isler2008(Isler,secondary)=9525.0 | Isler2008(Isler,secondary)=4423.0"
"Macaca mulatta group","Body_Mass","g",82,1,"6737.7927","4.42","DISAGREEMENT>2x","Isler2008(Isler,secondary)=4536.0 | Isler2008(Isler,secondary)=4990.0 | Isler2008(Isler,secondary)=5216.0 | Isler2008(Isler,secondary)=4196.0 | Isler2008(Isler,secondary)=6804.0 | Isler2008(Isler,secondary)=6804.0 | Isler2008(Isler,secondary)=6124.0 | Isler2008(Isler,secondary)=5897.0 | Isler2008(Isler,secondary)=6237.0 | Isler2008(Isler,secondary)=6577.0 | Isler2008(Isler,secondary)=5897.0 | Isler2008(Isler,secondary)=9979.0 | Isler2008(Isler,secondary)=10433.0 | Isler2008(Isler,secondary)=7938.0 | Isler2008(Isler,secondary)=6124.0 | Isler2008(Isler,secondary)=12701.0 | Isler2008(Isler,secondary)=5940.0 | Isler2008(Isler,secondary)=7330.0 | Isler2008(Isler,secondary)=8165.0 | Isler2008(Isler,secondary)=8400.0 | Isler2008(Isler,secondary)=5680.0 | Isler2008(Isler,secondary)=6320.0 | Isler2008(Isler,secondary)=4530.0 | Isler2008(Isler,secondary)=6690.0 | Isler2008(Isler,secondary)=7000.0 | Isler2008(Isler,secondary)=8860.0 | Isler2008(Isler,secondary)=10886.0 | Isler2008(Isler,secondary)=7258.0 | Isler2008(Isler,secondary)=5600.0 | Isler2008(Isler,secondary)=8540.0 | Isler2008(Isler,secondary)=7260.0 | Isler2008(Isler,secondary)=18140.0 | Isler2008(Isler,secondary)=6580.0 | Isler2008(Isler,secondary)=8392.0 | Isler2008(Isler,secondary)=11000.0 | Isler2008(Isler,secondary)=12020.0 | Isler2008(Isler,secondary)=7940.0 | Isler2008(Isler,secondary)=9800.0 | Isler2008(Isler,secondary)=4636.0 | Isler2008(Isler,secondary)=5300.0 | Isler2008(Isler,secondary)=6300.0 | Isler2008(Isler,secondary)=4710.0 | Isler2008(Isler,secondary)=5000.0 | Isler2008(Isler,secondary)=4800.0 | Isler2008(Isler,secondary)=5400.0 | Isler2008(Isler,secondary)=5800.0 | Isler2008(Isler,secondary)=6100.0 | Isler2008(Isler,secondary)=5140.0 | Isler2008(Isler,secondary)=5000.0 | Isler2008(Isler,secondary)=5509.0 | Isler2008(Isler,secondary)=6100.0 | Isler2008(Isler,secondary)=4800.0 | Isler2008(Isler,secondary)=7400.0 | Isler2008(Isler,secondary)=4800.0 | Isler2008(Isler,secondary)=4200.0 | Isler2008(Isler,secondary)=4700.0 | Isler2008(Isler,secondary)=4100.0 | Isler2008(Isler,secondary)=4800.0 | Isler2008(Isler,secondary)=5560.0 | Isler2008(Isler,secondary)=6800.0 | Isler2008(Isler,secondary)=4740.0 | Isler2008(Isler,secondary)=7900.0 | Isler2008(Isler,secondary)=4900.0 | Isler2008(Isler,secondary)=6000.0 | Isler2008(Isler,secondary)=6400.0 | Isler2008(Isler,secondary)=5500.0 | Isler2008(Isler,secondary)=7000.0 | Isler2008(Isler,secondary)=4800.0 | Isler2008(Isler,secondary)=6180.0 | Isler2008(Isler,secondary)=6000.0 | Isler2008(Isler,secondary)=4350.0 | Isler2008(Isler,secondary)=4800.0 | Isler2008(Isler,secondary)=4600.0 | Isler2008(Isler,secondary)=5800.0 | Isler2008(Isler,secondary)=5600.0 | Isler2008(Isler,secondary)=6900.0 | Isler2008(Isler,secondary)=6500.0 | Isler2008(Isler,secondary)=9100.0 | Isler2008(Isler,secondary)=9700.0 | Isler2008(Isler,secondary)=10400.0 | Isler2008(Isler,secondary)=7450.0 | Isler2008(Isler,secondary)=8140.0"
"Saimiri sciureus group","Body_Mass","g",80,1,"830.5375","2.8","DISAGREEMENT>2x","Isler2008(Isler,secondary)=1130.0 | Isler2008(Isler,secondary)=1134.0 | Isler2008(Isler,secondary)=1134.0 | Isler2008(Isler,secondary)=1130.0 | Isler2008(Isler,secondary)=600.0 | Isler2008(Isler,secondary)=700.0 | Isler2008(Isler,secondary)=750.0 | Isler2008(Isler,secondary)=1000.0 | Isler2008(Isler,secondary)=830.0 | Isler2008(Isler,secondary)=1000.0 | Isler2008(Isler,secondary)=1134.0 | Isler2008(Isler,secondary)=900.0 | Isler2008(Isler,secondary)=867.0 | Isler2008(Isler,secondary)=1000.0 | Isler2008(Isler,secondary)=1000.0 | Isler2008(Isler,secondary)=800.0 | Isler2008(Isler,secondary)=500.0 | Isler2008(Isler,secondary)=650.0 | Isler2008(Isler,secondary)=879.0 | Isler2008(Isler,secondary)=624.0 | Isler2008(Isler,secondary)=737.0 | Isler2008(Isler,secondary)=851.0 | Isler2008(Isler,secondary)=907.0 | Isler2008(Isler,secondary)=631.0 | Isler2008(Isler,secondary)=775.0 | Isler2008(Isler,secondary)=1010.0 | Isler2008(Isler,secondary)=1025.0 | Isler2008(Isler,secondary)=930.0 | Isler2008(Isler,secondary)=960.0 | Isler2008(Isler,secondary)=630.0 | Isler2008(Isler,secondary)=870.0 | Isler2008(Isler,secondary)=765.0 | Isler2008(Isler,secondary)=832.0 | Isler2008(Isler,secondary)=820.0 | Isler2008(Isler,secondary)=690.0 | Isler2008(Isler,secondary)=685.0 | Isler2008(Isler,secondary)=710.0 | Isler2008(Isler,secondary)=685.0 | Isler2008(Isler,secondary)=936.0 | Isler2008(Isler,secondary)=709.0 | Isler2008(Isler,secondary)=992.0 | Isler2008(Isler,secondary)=879.0 | Isler2008(Isler,secondary)=1175.0 | Isler2008(Isler,secondary)=850.0 | Isler2008(Isler,secondary)=850.0 | Isler2008(Isler,secondary)=600.0 | Isler2008(Isler,secondary)=775.0 | Isler2008(Isler,secondary)=910.0 | Isler2008(Isler,secondary)=1050.0 | Isler2008(Isler,secondary)=1010.0 | Isler2008(Isler,secondary)=1025.0 | Isler2008(Isler,secondary)=850.0 | Isler2008(Isler,secondary)=885.0 | Isler2008(Isler,secondary)=715.0 | Isler2008(Isler,secondary)=890.0 | Isler2008(Isler,secondary)=910.0 | Isler2008(Isler,secondary)=685.0 | Isler2008(Isler,secondary)=850.0 | Isler2008(Isler,secondary)=770.0 | Isler2008(Isler,secondary)=750.0 | Isler2008(Isler,secondary)=830.0 | Isler2008(Isler,secondary)=590.0 | Isler2008(Isler,secondary)=600.0 | Isler2008(Isler,secondary)=700.0 | Isler2008(Isler,secondary)=547.0 | Isler2008(Isler,secondary)=750.0 | Isler2008(Isler,secondary)=650.0 | Isler2008(Isler,secondary)=700.0 | Isler2008(Isler,secondary)=950.0 | Isler2008(Isler,secondary)=1400.0 | Isler2008(Isler,secondary)=750.0 | Isler2008(Isler,secondary)=620.0 | Isler2008(Isler,secondary)=800.0 | Isler2008(Isler,secondary)=830.0 | Isler2008(Isler,secondary)=700.0 | Isler2008(Isler,secondary)=625.0 | Isler2008(Isler,secondary)=825.0 | Isler2008(Isler,secondary)=720.0 | Isler2008(Isler,secondary)=740.0 | Isler2008(Isler,secondary)=775.0"
"Saguinus oedipus group","Body_Mass","g",70,1,"446.3","3.02","DISAGREEMENT>2x","Isler2008(Isler,secondary)=567.0 | Isler2008(Isler,secondary)=539.0 | Isler2008(Isler,secondary)=539.0 | Isler2008(Isler,secondary)=482.0 | Isler2008(Isler,secondary)=510.0 | Isler2008(Isler,secondary)=539.0 | Isler2008(Isler,secondary)=565.0 | Isler2008(Isler,secondary)=482.0 | Isler2008(Isler,secondary)=454.0 | Isler2008(Isler,secondary)=510.0 | Isler2008(Isler,secondary)=539.0 | Isler2008(Isler,secondary)=510.0 | Isler2008(Isler,secondary)=539.0 | Isler2008(Isler,secondary)=482.0 | Isler2008(Isler,secondary)=454.0 | Isler2008(Isler,secondary)=524.0 | Isler2008(Isler,secondary)=539.0 | Isler2008(Isler,secondary)=510.0 | Isler2008(Isler,secondary)=510.0 | Isler2008(Isler,secondary)=383.0 | Isler2008(Isler,secondary)=369.0 | Isler2008(Isler,secondary)=340.0 | Isler2008(Isler,secondary)=369.0 | Isler2008(Isler,secondary)=482.0 | Isler2008(Isler,secondary)=539.0 | Isler2008(Isler,secondary)=595.0 | Isler2008(Isler,secondary)=539.0 | Isler2008(Isler,secondary)=454.0 | Isler2008(Isler,secondary)=425.0 | Isler2008(Isler,secondary)=454.0 | Isler2008(Isler,secondary)=482.0 | Isler2008(Isler,secondary)=482.0 | Isler2008(Isler,secondary)=454.0 | Isler2008(Isler,secondary)=340.0 | Isler2008(Isler,secondary)=454.0 | Isler2008(Isler,secondary)=454.0 | Isler2008(Isler,secondary)=397.0 | Isler2008(Isler,secondary)=197.0 | Isler2008(Isler,secondary)=454.0 | Isler2008(Isler,secondary)=340.0 | Isler2008(Isler,secondary)=425.0 | Isler2008(Isler,secondary)=454.0 | Isler2008(Isler,secondary)=312.0 | Isler2008(Isler,secondary)=425.0 | Isler2008(Isler,secondary)=482.0 | Isler2008(Isler,secondary)=425.0 | Isler2008(Isler,secondary)=482.0 | Isler2008(Isler,secondary)=340.0 | Isler2008(Isler,secondary)=425.0 | Isler2008(Isler,secondary)=369.0 | Isler2008(Isler,secondary)=482.0 | Isler2008(Isler,secondary)=468.0 | Isler2008(Isler,secondary)=425.0 | Isler2008(Isler,secondary)=397.0 | Isler2008(Isler,secondary)=454.0 | Isler2008(Isler,secondary)=454.0 | Isler2008(Isler,secondary)=340.0 | Isler2008(Isler,secondary)=425.0 | Isler2008(Isler,secondary)=340.0 | Isler2008(Isler,secondary)=482.0 | Isler2008(Isler,secondary)=482.0 | Isler2008(Isler,secondary)=454.0 | Isler2008(Isler,secondary)=454.0 | Isler2008(Isler,secondary)=369.0 | Isler2008(Isler,secondary)=454.0 | Isler2008(Isler,secondary)=454.0 | Isler2008(Isler,secondary)=454.0 | Isler2008(Isler,secondary)=397.0 | Isler2008(Isler,secondary)=245.0 | Isler2008(Isler,secondary)=275.0"
"Mus musculus","Body_Mass","g",69,12,"31.07","4.46","DISAGREEMENT>2x","MacLarnon1996(MacLarnon,secondary)=19.6 | Weibel2004(Weibel,primary)=26.0 | Weibel2004(Weibel,primary)=21.0 | Weibel2004(Weibel,primary)=21.8 | Weibel2004(Weibel,primary)=21.2 | Weibel2004(Weibel,primary)=35.7 | Haarlem2026(Haarlem,secondary)=20.5 | Haarlem2026(Haarlem,secondary)=20.5 | Haarlem2026(Haarlem,secondary)=20.5 | Haarlem2026(Haarlem,secondary)=20.5 | Haarlem2026(Haarlem,secondary)=20.5 | Haarlem2026(Haarlem,secondary)=20.5 | Haarlem2026(Haarlem,secondary)=20.5 | Garwicz2009(Garwicz,secondary)=24.0 | Burger2019(Burger,secondary)=15.1 | Wimberly2021(Wimberly,secondary)=19.3 | Ruf2015(Ruf,primary)=37.0 | Genoud2018(Genoud,secondary)=17.7 | Genoud2018(Genoud,secondary)=28.9 | Genoud2018(Genoud,secondary)=24.0 | Genoud2018(Genoud,secondary)=21.0 | Genoud2018(Genoud,secondary)=27.1 | Genoud2018(Genoud,secondary)=15.0 | Genoud2018(Genoud,secondary)=21.0 | Genoud2018(Genoud,secondary)=30.0 | Genoud2018(Genoud,secondary)=17.3 | Genoud2018(Genoud,secondary)=17.0 | Genoud2018(Genoud,secondary)=45.5 | Genoud2018(Genoud,secondary)=29.2 | Genoud2018(Genoud,secondary)=42.5 | Genoud2018(Genoud,secondary)=13.2 | Genoud2018(Genoud,secondary)=18.6 | Genoud2018(Genoud,secondary)=14.68 | Genoud2018(Genoud,secondary)=20.7 | Genoud2018(Genoud,secondary)=18.0 | Genoud2018(Genoud,secondary)=11.2 | Genoud2018(Genoud,secondary)=33.6 | Genoud2018(Genoud,secondary)=19.7 | Genoud2018(Genoud,secondary)=22.8 | Genoud2018(Genoud,secondary)=19.3 | Genoud2018(Genoud,secondary)=21.7 | Genoud2018(Genoud,secondary)=18.2 | Genoud2018(Genoud,secondary)=27.1 | Genoud2018(Genoud,secondary)=31.1 | Genoud2018(Genoud,secondary)=27.1 | Genoud2018(Genoud,secondary)=13.23 | Genoud2018(Genoud,secondary)=12.75 | Genoud2018(Genoud,secondary)=23.75 | Genoud2018(Genoud,secondary)=21.58 | Genoud2018(Genoud,secondary)=25.69 | Genoud2018(Genoud,secondary)=25.69 | Genoud2018(Genoud,secondary)=23.25 | Genoud2018(Genoud,secondary)=22.8 | Genoud2018(Genoud,secondary)=16.1 | Genoud2018(Genoud,secondary)=28.0 | Genoud2018(Genoud,secondary)=37.27 | Genoud2018(Genoud,secondary)=36.3 | Genoud2018(Genoud,secondary)=40.35 | Genoud2018(Genoud,secondary)=37.8 | Genoud2018(Genoud,secondary)=33.95 | Genoud2018(Genoud,secondary)=21.8 | Genoud2018(Genoud,secondary)=24.8 | Genoud2018(Genoud,secondary)=44.5 | Genoud2018(Genoud,secondary)=50.0 | Genoud2018(Genoud,secondary)=24.3 | Veilleux2014(Veilleux,secondary)=20.0 | HerculanoHouzel2015(HerculanoHouzel,secondary)=40.4 | Lewitus2014(Lewitus,secondary)=22.25 | Wilman2014(Wilman,secondary)=16.25"
"Pan troglodytes","Body_Mass","g",68,24,"43853.4","4.36","DISAGREEMENT>2x","Armstrong1979(Armstrong,secondary)=63500.0 | Armstrong1979(Armstrong,secondary)=63500.0 | Armstrong1979(Armstrong,secondary)=63500.0 | Armstrong1979(Armstrong,secondary)=63500.0 | Armstrong1979(Armstrong,secondary)=63500.0 | Armstrong1979(Armstrong,secondary)=63500.0 | Armstrong1979(Armstrong,secondary)=63500.0 | Armstrong1979(Armstrong,secondary)=63500.0 | Armstrong1979(Armstrong,secondary)=63500.0 | Armstrong1979(Armstrong,secondary)=63500.0 | Armstrong1979(Armstrong,secondary)=63500.0 | Armstrong1979(Armstrong,secondary)=63500.0 | Armstrong1979(Armstrong,secondary)=63500.0 | Armstrong1979(Armstrong,secondary)=63500.0 | MacLarnon1996(MacLarnon,secondary)=34100.0 | Rilling1999(RillingInsel,secondary)=55400.0 | Isler2008(Isler,secondary)=44967.0 | Isler2008(Isler,secondary)=38200.0 | Isler2008(Isler,secondary)=52750.0 | Isler2008(Isler,secondary)=43950.0 | Isler2008(Isler,secondary)=34150.0 | Bauernfeind2013(Zilles,secondary)=49570.0 | Bauernfeind2013(Zilles,secondary)=49570.0 | Bauernfeind2013(Zilles,secondary)=40370.0 | Heldstab2016(Heldstab,primary)=33700.0 | Garwicz2009(Garwicz,secondary)=45000.0 | Collins2016(Collins,info)=34800.0 | Collins2016(Collins,info)=34800.0 | Collins2016(Collins,info)=34800.0 | Collins2016(Collins,info)=34800.0 | Collins2016(Collins,info)=34800.0 | Collins2016(Collins,info)=34800.0 | Collins2016(Collins,info)=34800.0 | Collins2016(Collins,info)=34800.0 | deSousa2009(deSousa,secondary)=80000.0 | deSousa2009(deSousa,secondary)=51000.0 | Burger2019(Burger,secondary)=60433.16 | Powell2017(Powell,secondary)=40366.667 | Wimberly2021(Wimberly,secondary)=45000.0 | Genoud2018(Genoud,secondary)=18333.0 | Genoud2018(Genoud,secondary)=33900.0 | Genoud2018(Genoud,secondary)=38000.0 | Granatosky2018(Granatosky,secondary)=53570.0 | Granatosky2018(Granatosky,secondary)=53570.0 | Granatosky2018(Granatosky,secondary)=53570.0 | Granatosky2018(Granatosky,secondary)=53570.0 | Granatosky2018(Granatosky,secondary)=53570.0 | Granatosky2018(Granatosky,secondary)=53570.0 | Granatosky2018(Granatosky,secondary)=53570.0 | Rilling1998(RillingInsel,secondary)=55400.0 | Sherwood2003(Sherwood,secondary)=52750.0 | Heffner1983(Heffner,primary)=44000.0 | Heffner1975(Heffner,primary)=44000.0 | Stephan1981(Stephan_collection,primary)=46000.0 | Matano1985(Stephan_collection,secondary)=46000.0 | Matano1985(Stephan_collection,secondary)=46000.0 | Matano1986(Matano,secondary)=46000.0 | Veilleux2014(Veilleux,secondary)=49210.0 | Seymour2015(Seymour,primary)=49567.0 | Lewitus2014(Lewitus,secondary)=41057.091 | Matano1992(Matano,secondary)=46000.0 | Wilman2014(Wilman,secondary)=42500.0 | NA(10.6084%2Fm9.figshare.c.3899422.v1_Dataset1.tsv,secondary)=40366.667 | Stephan1970(Stephan_collection,primary)=46000.0 | Stephan1970(Stephan_collection,primary)=46000.0 | Stephan1988(Stephan,primary)=46000.0 | Frahm1994(Stephan_collection,secondary)=46000.0 | Frahm1998(Stephan_collection,secondary)=46000.0"
"Homo sapiens","Body_Mass","g",64,23,"64097.1429","2.2","DISAGREEMENT>2x","Armstrong1979(Armstrong,secondary)=113000.0 | Armstrong1979(Armstrong,secondary)=113000.0 | Armstrong1979(Armstrong,secondary)=113000.0 | Armstrong1979(Armstrong,secondary)=113000.0 | Armstrong1979(Armstrong,secondary)=113000.0 | Armstrong1979(Armstrong,secondary)=113000.0 | Armstrong1979(Armstrong,secondary)=113000.0 | Armstrong1979(Armstrong,secondary)=113000.0 | Krompecher1966(Krompecher,secondary)=54333.0 | MedinaGonzález2026(MedinaGonzález,secondary)=90000.0 | MedinaGonzález2026(MedinaGonzález,secondary)=80000.0 | MedinaGonzález2026(MedinaGonzález,secondary)=60000.0 | MacLarnon1996(MacLarnon,secondary)=60000.0 | MacLarnon1996(MacLarnon,secondary)=60000.0 | Rilling1999(RillingInsel,secondary)=67700.0 | Isler2008(Isler,secondary)=60500.0 | Bauernfeind2013(Zilles,secondary)=72100.0 | Bauernfeind2013(Zilles,secondary)=72100.0 | Bauernfeind2013(Zilles,secondary)=72100.0 | Bauernfeind2013(Zilles,secondary)=72100.0 | Bauernfeind2013(Zilles,secondary)=62100.0 | Haarlem2026(Haarlem,secondary)=62035.0 | Heldstab2016(Heldstab,primary)=56700.0 | Garwicz2009(Garwicz,secondary)=65000.0 | deSousa2009(deSousa,secondary)=63000.0 | deSousa2009(deSousa,secondary)=63000.0 | Burger2019(Burger,secondary)=65142.86 | Seymour2017(Seymour,info)=59100.0 | Seymour2017(Seymour,info)=59100.0 | Seymour2017(Seymour,info)=59100.0 | Seymour2017(Seymour,info)=59100.0 | Seymour2017(Seymour,info)=70000.0 | Seymour2017(Seymour,info)=70100.0 | Genoud2018(Genoud,secondary)=67650.0 | Genoud2018(Genoud,secondary)=60500.0 | Genoud2018(Genoud,secondary)=51300.0 | Genoud2018(Genoud,secondary)=53000.0 | Genoud2018(Genoud,secondary)=63500.0 | Genoud2018(Genoud,secondary)=86600.0 | Genoud2018(Genoud,secondary)=69075.0 | Genoud2018(Genoud,secondary)=65900.0 | Genoud2018(Genoud,secondary)=74050.0 | Genoud2018(Genoud,secondary)=89250.0 | Genoud2018(Genoud,secondary)=63500.0 | Genoud2018(Genoud,secondary)=77020.0 | Genoud2018(Genoud,secondary)=68900.0 | Rilling1998(RillingInsel,secondary)=67700.0 | Sherwood2003(Sherwood,secondary)=60000.0 | Heffner1983(Heffner,primary)=70000.0 | Heffner1975(Heffner,primary)=70000.0 | Stephan1981(Stephan_collection,primary)=65000.0 | Matano1985(Stephan_collection,secondary)=65000.0 | Matano1985(Stephan_collection,secondary)=65000.0 | Matano1986(Matano,secondary)=65000.0 | Veilleux2014(Veilleux,secondary)=60210.0 | HerculanoHouzel2015(HerculanoHouzel,secondary)=70000.0 | Seymour2015(Seymour,primary)=70000.0 | Lewitus2014(Lewitus,secondary)=61770.315 | Matano1992(Matano,secondary)=65000.0 | Wilman2014(Wilman,secondary)=58540.63 | Stephan1970(Stephan_collection,primary)=65000.0 | Stephan1970(Stephan_collection,primary)=65000.0 | Stephan1988(Stephan,primary)=65000.0 | Frahm1994(Stephan_collection,secondary)=65000.0"
"Presbytis melalophos group","Body_Mass","g",58,1,"6412.7793","1.82","","Isler2008(Isler,secondary)=6917.0 | Isler2008(Isler,secondary)=6350.0 | Isler2008(Isler,secondary)=6350.0 | Isler2008(Isler,secondary)=6350.0 | Isler2008(Isler,secondary)=7144.0 | Isler2008(Isler,secondary)=5897.0 | Isler2008(Isler,secondary)=7031.0 | Isler2008(Isler,secondary)=6690.0 | Isler2008(Isler,secondary)=5783.0 | Isler2008(Isler,secondary)=5897.0 | Isler2008(Isler,secondary)=6917.0 | Isler2008(Isler,secondary)=6917.0 | Isler2008(Isler,secondary)=6577.0 | Isler2008(Isler,secondary)=7144.0 | Isler2008(Isler,secondary)=7257.0 | Isler2008(Isler,secondary)=7257.6 | Isler2008(Isler,secondary)=6464.0 | Isler2008(Isler,secondary)=7031.0 | Isler2008(Isler,secondary)=7257.0 | Isler2008(Isler,secondary)=7598.0 | Isler2008(Isler,secondary)=7257.0 | Isler2008(Isler,secondary)=8051.0 | Isler2008(Isler,secondary)=7824.0 | Isler2008(Isler,secondary)=5443.0 | Isler2008(Isler,secondary)=6804.0 | Isler2008(Isler,secondary)=6577.0 | Isler2008(Isler,secondary)=7484.0 | Isler2008(Isler,secondary)=4423.0 | Isler2008(Isler,secondary)=7257.0 | Isler2008(Isler,secondary)=7371.0 | Isler2008(Isler,secondary)=7144.0 | Isler2008(Isler,secondary)=5783.0 | Isler2008(Isler,secondary)=5897.0 | Isler2008(Isler,secondary)=5783.0 | Isler2008(Isler,secondary)=6690.0 | Isler2008(Isler,secondary)=6123.0 | Isler2008(Isler,secondary)=6690.0 | Isler2008(Isler,secondary)=6237.0 | Isler2008(Isler,secondary)=6690.0 | Isler2008(Isler,secondary)=7371.0 | Isler2008(Isler,secondary)=5443.0 | Isler2008(Isler,secondary)=6690.6 | Isler2008(Isler,secondary)=4990.0 | Isler2008(Isler,secondary)=4989.6 | Isler2008(Isler,secondary)=5216.4 | Isler2008(Isler,secondary)=5783.0 | Isler2008(Isler,secondary)=7598.0 | Isler2008(Isler,secondary)=5897.0 | Isler2008(Isler,secondary)=7824.0 | Isler2008(Isler,secondary)=5670.0 | Isler2008(Isler,secondary)=6350.0 | Isler2008(Isler,secondary)=5897.0 | Isler2008(Isler,secondary)=6010.0 | Isler2008(Isler,secondary)=6350.0 | Isler2008(Isler,secondary)=5443.0 | Isler2008(Isler,secondary)=4990.0 | Isler2008(Isler,secondary)=4536.0 | Isler2008(Isler,secondary)=4536.0"
"Cebus capucinus group","Body_Mass","g",53,1,"2845.4151","5.24","DISAGREEMENT>2x","Isler2008(Isler,secondary)=2920.0 | Isler2008(Isler,secondary)=3200.0 | Isler2008(Isler,secondary)=1814.0 | Isler2008(Isler,secondary)=1814.0 | Isler2008(Isler,secondary)=2041.0 | Isler2008(Isler,secondary)=2041.0 | Isler2008(Isler,secondary)=2041.0 | Isler2008(Isler,secondary)=2041.0 | Isler2008(Isler,secondary)=1814.0 | Isler2008(Isler,secondary)=2722.0 | Isler2008(Isler,secondary)=2948.0 | Isler2008(Isler,secondary)=1814.0 | Isler2008(Isler,secondary)=3629.0 | Isler2008(Isler,secondary)=2722.0 | Isler2008(Isler,secondary)=2722.0 | Isler2008(Isler,secondary)=2948.0 | Isler2008(Isler,secondary)=2270.0 | Isler2008(Isler,secondary)=3000.0 | Isler2008(Isler,secondary)=2500.0 | Isler2008(Isler,secondary)=1814.0 | Isler2008(Isler,secondary)=2495.0 | Isler2008(Isler,secondary)=2540.0 | Isler2008(Isler,secondary)=3745.0 | Isler2008(Isler,secondary)=1360.0 | Isler2008(Isler,secondary)=1540.0 | Isler2008(Isler,secondary)=3400.0 | Isler2008(Isler,secondary)=3860.0 | Isler2008(Isler,secondary)=3629.0 | Isler2008(Isler,secondary)=3250.0 | Isler2008(Isler,secondary)=4750.0 | Isler2008(Isler,secondary)=3500.0 | Isler2008(Isler,secondary)=4250.0 | Isler2008(Isler,secondary)=2722.0 | Isler2008(Isler,secondary)=1814.0 | Isler2008(Isler,secondary)=2722.0 | Isler2008(Isler,secondary)=3860.0 | Isler2008(Isler,secondary)=3400.0 | Isler2008(Isler,secondary)=4200.0 | Isler2008(Isler,secondary)=3856.0 | Isler2008(Isler,secondary)=907.0 | Isler2008(Isler,secondary)=2700.0 | Isler2008(Isler,secondary)=2700.0 | Isler2008(Isler,secondary)=2500.0 | Isler2008(Isler,secondary)=3600.0 | Isler2008(Isler,secondary)=4500.0 | Isler2008(Isler,secondary)=2700.0 | Isler2008(Isler,secondary)=3175.0 | Isler2008(Isler,secondary)=4250.0 | Isler2008(Isler,secondary)=2500.0 | Isler2008(Isler,secondary)=4536.0 | Isler2008(Isler,secondary)=2268.0 | Isler2008(Isler,secondary)=2268.0 | Isler2008(Isler,secondary)=2495.0"
"Cercopithecus mitis group","Body_Mass","g",51,1,"5839.6471","5.1","DISAGREEMENT>2x","Isler2008(Isler,secondary)=2200.0 | Isler2008(Isler,secondary)=2900.0 | Isler2008(Isler,secondary)=3200.0 | Isler2008(Isler,secondary)=5897.0 | Isler2008(Isler,secondary)=6010.0 | Isler2008(Isler,secondary)=5557.0 | Isler2008(Isler,secondary)=4876.0 | Isler2008(Isler,secondary)=11226.0 | Isler2008(Isler,secondary)=5557.0 | Isler2008(Isler,secondary)=8618.0 | Isler2008(Isler,secondary)=6515.0 | Isler2008(Isler,secondary)=7640.0 | Isler2008(Isler,secondary)=3448.0 | Isler2008(Isler,secondary)=5897.0 | Isler2008(Isler,secondary)=4536.0 | Isler2008(Isler,secondary)=7930.0 | Isler2008(Isler,secondary)=3960.0 | Isler2008(Isler,secondary)=3640.0 | Isler2008(Isler,secondary)=5140.0 | Isler2008(Isler,secondary)=3470.0 | Isler2008(Isler,secondary)=5890.0 | Isler2008(Isler,secondary)=5750.0 | Isler2008(Isler,secondary)=3870.0 | Isler2008(Isler,secondary)=7550.0 | Isler2008(Isler,secondary)=7630.0 | Isler2008(Isler,secondary)=3590.0 | Isler2008(Isler,secondary)=3195.0 | Isler2008(Isler,secondary)=4210.0 | Isler2008(Isler,secondary)=8200.0 | Isler2008(Isler,secondary)=8200.0 | Isler2008(Isler,secondary)=6555.0 | Isler2008(Isler,secondary)=5443.0 | Isler2008(Isler,secondary)=6350.0 | Isler2008(Isler,secondary)=7258.0 | Isler2008(Isler,secondary)=8165.0 | Isler2008(Isler,secondary)=4484.0 | Isler2008(Isler,secondary)=5107.0 | Isler2008(Isler,secondary)=4160.0 | Isler2008(Isler,secondary)=5170.0 | Isler2008(Isler,secondary)=3705.0 | Isler2008(Isler,secondary)=4303.0 | Isler2008(Isler,secondary)=4680.0 | Isler2008(Isler,secondary)=5415.0 | Isler2008(Isler,secondary)=7917.0 | Isler2008(Isler,secondary)=7054.0 | Isler2008(Isler,secondary)=8955.0 | Isler2008(Isler,secondary)=9510.0 | Isler2008(Isler,secondary)=7950.0 | Isler2008(Isler,secondary)=8440.0 | Isler2008(Isler,secondary)=4100.0 | Isler2008(Isler,secondary)=6799.0"
"Gorilla gorilla","Body_Mass","g",50,21,"103673.3333","6.06","DISAGREEMENT>2x","Armstrong1979(Armstrong,secondary)=203000.0 | Armstrong1979(Armstrong,secondary)=203000.0 | Armstrong1979(Armstrong,secondary)=203000.0 | Armstrong1979(Armstrong,secondary)=203000.0 | Armstrong1979(Armstrong,secondary)=203000.0 | Armstrong1979(Armstrong,secondary)=203000.0 | Armstrong1979(Armstrong,secondary)=203000.0 | Armstrong1979(Armstrong,secondary)=203000.0 | Armstrong1979(Armstrong,secondary)=203000.0 | Armstrong1979(Armstrong,secondary)=203000.0 | Armstrong1979(Armstrong,secondary)=203000.0 | Armstrong1979(Armstrong,secondary)=203000.0 | Armstrong1979(Armstrong,secondary)=203000.0 | Armstrong1979(Armstrong,secondary)=203000.0 | Armstrong1979(Armstrong,secondary)=203000.0 | Armstrong1979(Armstrong,secondary)=203000.0 | MedinaGonzález2026(MedinaGonzález,secondary)=1e+05 | MedinaGonzález2026(MedinaGonzález,secondary)=33500.0 | MedinaGonzález2026(MedinaGonzález,secondary)=187100.0 | MedinaGonzález2026(MedinaGonzález,secondary)=2e+05 | MedinaGonzález2026(MedinaGonzález,secondary)=2e+05 | Rilling1999(RillingInsel,secondary)=61700.0 | Isler2008(Isler,secondary)=120950.0 | Bauernfeind2013(Zilles,secondary)=169370.0 | Bauernfeind2013(Zilles,secondary)=80000.0 | Bauernfeind2013(Zilles,secondary)=80000.0 | Bauernfeind2013(Zilles,secondary)=80000.0 | Heldstab2016(Heldstab,primary)=71500.0 | Garwicz2009(Garwicz,secondary)=140000.0 | deSousa2009(deSousa,secondary)=85000.0 | Burger2019(Burger,secondary)=120975.0 | Powell2017(Powell,secondary)=71500.0 | Wimberly2021(Wimberly,secondary)=112588.99 | Granatosky2018(Granatosky,secondary)=120950.0 | Rilling1998(RillingInsel,secondary)=85000.0 | Sherwood2003(Sherwood,secondary)=120950.0 | Stephan1981(Stephan_collection,primary)=105000.0 | Matano1985(Stephan_collection,secondary)=105000.0 | Matano1985(Stephan_collection,secondary)=105000.0 | Matano1986(Matano,secondary)=105000.0 | Seymour2015(Seymour,primary)=145200.0 | Lewitus2014(Lewitus,secondary)=99648.4 | Matano1992(Matano,secondary)=105000.0 | Wilman2014(Wilman,secondary)=131625.52 | NA(10.6084%2Fm9.figshare.c.3899422.v1_Dataset1.tsv,secondary)=71500.0 | Stephan1970(Stephan_collection,primary)=125000.0 | Stephan1970(Stephan_collection,primary)=125000.0 | Stephan1988(Stephan,primary)=105000.0 | Frahm1994(Stephan_collection,secondary)=105000.0 | Weaver2001(Weaver,primary)=85000.0"
"Presbytis rubicunda group","Body_Mass","g",50,1,"6270.9","1.74","","Isler2008(Isler,secondary)=6577.0 | Isler2008(Isler,secondary)=6577.0 | Isler2008(Isler,secondary)=7257.0 | Isler2008(Isler,secondary)=7711.0 | Isler2008(Isler,secondary)=7031.0 | Isler2008(Isler,secondary)=6917.0 | Isler2008(Isler,secondary)=4763.0 | Isler2008(Isler,secondary)=7257.0 | Isler2008(Isler,secondary)=5897.0 | Isler2008(Isler,secondary)=6350.0 | Isler2008(Isler,secondary)=5443.0 | Isler2008(Isler,secondary)=7031.0 | Isler2008(Isler,secondary)=5670.0 | Isler2008(Isler,secondary)=5443.0 | Isler2008(Isler,secondary)=5670.0 | Isler2008(Isler,secondary)=5897.0 | Isler2008(Isler,secondary)=6124.0 | Isler2008(Isler,secondary)=5443.0 | Isler2008(Isler,secondary)=6350.0 | Isler2008(Isler,secondary)=6577.0 | Isler2008(Isler,secondary)=5897.0 | Isler2008(Isler,secondary)=6350.0 | Isler2008(Isler,secondary)=5670.0 | Isler2008(Isler,secondary)=4423.0 | Isler2008(Isler,secondary)=7371.0 | Isler2008(Isler,secondary)=6350.0 | Isler2008(Isler,secondary)=6804.0 | Isler2008(Isler,secondary)=6123.0 | Isler2008(Isler,secondary)=6690.0 | Isler2008(Isler,secondary)=6690.0 | Isler2008(Isler,secondary)=6350.0 | Isler2008(Isler,secondary)=6350.0 | Isler2008(Isler,secondary)=6804.0 | Isler2008(Isler,secondary)=6124.0 | Isler2008(Isler,secondary)=6350.0 | Isler2008(Isler,secondary)=6124.0 | Isler2008(Isler,secondary)=5443.0 | Isler2008(Isler,secondary)=7031.0 | Isler2008(Isler,secondary)=5443.0 | Isler2008(Isler,secondary)=6350.0 | Isler2008(Isler,secondary)=5897.0 | Isler2008(Isler,secondary)=5670.0 | Isler2008(Isler,secondary)=5670.0 | Isler2008(Isler,secondary)=6350.0 | Isler2008(Isler,secondary)=6350.0 | Isler2008(Isler,secondary)=6124.0 | Isler2008(Isler,secondary)=7031.0 | Isler2008(Isler,secondary)=6350.0 | Isler2008(Isler,secondary)=6804.0 | Isler2008(Isler,secondary)=6577.0"
"Mus musculus","BMR_massspecific","mL O2/h/g",49,2,"2.1488","6.09","DISAGREEMENT>2x","Genoud2018(Genoud,secondary)=2.893 | Genoud2018(Genoud,secondary)=1.173 | Genoud2018(Genoud,secondary)=2.85 | Genoud2018(Genoud,secondary)=1.488 | Genoud2018(Genoud,secondary)=1.919 | Genoud2018(Genoud,secondary)=1.67 | Genoud2018(Genoud,secondary)=2.27 | Genoud2018(Genoud,secondary)=1.757 | Genoud2018(Genoud,secondary)=1.89 | Genoud2018(Genoud,secondary)=1.718 | Genoud2018(Genoud,secondary)=1.47 | Genoud2018(Genoud,secondary)=1.938 | Genoud2018(Genoud,secondary)=1.7 | Genoud2018(Genoud,secondary)=4.95 | Genoud2018(Genoud,secondary)=2.64 | Genoud2018(Genoud,secondary)=0.98 | Genoud2018(Genoud,secondary)=1.86 | Genoud2018(Genoud,secondary)=2.133 | Genoud2018(Genoud,secondary)=1.911 | Genoud2018(Genoud,secondary)=1.964 | Genoud2018(Genoud,secondary)=1.152 | Genoud2018(Genoud,secondary)=1.377 | Genoud2018(Genoud,secondary)=1.311 | Genoud2018(Genoud,secondary)=1.313 | Genoud2018(Genoud,secondary)=1.434 | Genoud2018(Genoud,secondary)=1.645 | Genoud2018(Genoud,secondary)=1.205 | Genoud2018(Genoud,secondary)=1.565 | Genoud2018(Genoud,secondary)=1.8 | Genoud2018(Genoud,secondary)=1.16 | Genoud2018(Genoud,secondary)=1.091 | Genoud2018(Genoud,secondary)=0.978 | Genoud2018(Genoud,secondary)=1.02 | Genoud2018(Genoud,secondary)=1.055 | Genoud2018(Genoud,secondary)=0.813 | Genoud2018(Genoud,secondary)=1.548 | Genoud2018(Genoud,secondary)=2.3 | Genoud2018(Genoud,secondary)=1.661 | Genoud2018(Genoud,secondary)=1.72 | Genoud2018(Genoud,secondary)=2.333 | Genoud2018(Genoud,secondary)=2.265 | Genoud2018(Genoud,secondary)=1.579 | Genoud2018(Genoud,secondary)=1.496 | Genoud2018(Genoud,secondary)=1.651 | Genoud2018(Genoud,secondary)=1.488 | Genoud2018(Genoud,secondary)=2.022 | Genoud2018(Genoud,secondary)=2.034 | Genoud2018(Genoud,secondary)=1.642 | Lewitus2014(Lewitus,secondary)=2.551"
"Mus musculus","BMR_wholeanimal","mL O2/h",49,2,"50.2886","7.07","DISAGREEMENT>2x","Genoud2018(Genoud,secondary)=51.2 | Genoud2018(Genoud,secondary)=33.9 | Genoud2018(Genoud,secondary)=68.4 | Genoud2018(Genoud,secondary)=31.25 | Genoud2018(Genoud,secondary)=52.0 | Genoud2018(Genoud,secondary)=25.05 | Genoud2018(Genoud,secondary)=47.67 | Genoud2018(Genoud,secondary)=52.7 | Genoud2018(Genoud,secondary)=32.7 | Genoud2018(Genoud,secondary)=29.2 | Genoud2018(Genoud,secondary)=66.89 | Genoud2018(Genoud,secondary)=56.6 | Genoud2018(Genoud,secondary)=72.25 | Genoud2018(Genoud,secondary)=65.34 | Genoud2018(Genoud,secondary)=49.1 | Genoud2018(Genoud,secondary)=14.39 | Genoud2018(Genoud,secondary)=38.5 | Genoud2018(Genoud,secondary)=38.4 | Genoud2018(Genoud,secondary)=21.4 | Genoud2018(Genoud,secondary)=66.0 | Genoud2018(Genoud,secondary)=22.7 | Genoud2018(Genoud,secondary)=31.4 | Genoud2018(Genoud,secondary)=25.3 | Genoud2018(Genoud,secondary)=28.5 | Genoud2018(Genoud,secondary)=26.1 | Genoud2018(Genoud,secondary)=44.59 | Genoud2018(Genoud,secondary)=37.47 | Genoud2018(Genoud,secondary)=42.42 | Genoud2018(Genoud,secondary)=23.81 | Genoud2018(Genoud,secondary)=14.79 | Genoud2018(Genoud,secondary)=25.9 | Genoud2018(Genoud,secondary)=21.1 | Genoud2018(Genoud,secondary)=26.2 | Genoud2018(Genoud,secondary)=27.1 | Genoud2018(Genoud,secondary)=18.9 | Genoud2018(Genoud,secondary)=35.3 | Genoud2018(Genoud,secondary)=37.03 | Genoud2018(Genoud,secondary)=46.5 | Genoud2018(Genoud,secondary)=64.1 | Genoud2018(Genoud,secondary)=84.7 | Genoud2018(Genoud,secondary)=91.39 | Genoud2018(Genoud,secondary)=59.7 | Genoud2018(Genoud,secondary)=50.79 | Genoud2018(Genoud,secondary)=36.0 | Genoud2018(Genoud,secondary)=36.9 | Genoud2018(Genoud,secondary)=90.0 | Genoud2018(Genoud,secondary)=101.7 | Genoud2018(Genoud,secondary)=39.9 | Lewitus2014(Lewitus,secondary)=56.76"
"Rattus norvegicus","Body_Mass","g",49,14,"315.3667","3.42","DISAGREEMENT>2x","Nudo1995(Nudo,primary)=268.0 | MedinaGonzález2026(MedinaGonzález,secondary)=350.0 | MedinaGonzález2026(MedinaGonzález,secondary)=325.0 | MedinaGonzález2026(MedinaGonzález,secondary)=375.0 | MacLarnon1996(MacLarnon,secondary)=213.5 | MacLarnon1996(MacLarnon,secondary)=211.0 | MacLarnon1996(MacLarnon,secondary)=273.0 | MacLarnon1996(MacLarnon,secondary)=258.0 | Weibel2004(Weibel,primary)=278.0 | Weibel2004(Weibel,primary)=140.0 | Weibel2004(Weibel,primary)=205.0 | Weibel2004(Weibel,primary)=317.0 | Weibel2004(Weibel,primary)=323.0 | Weibel2004(Weibel,primary)=247.0 | Weibel2004(Weibel,primary)=287.0 | Weibel2004(Weibel,primary)=302.0 | Weibel2004(Weibel,primary)=309.0 | Weibel2004(Weibel,primary)=373.0 | Haarlem2026(Haarlem,secondary)=280.0 | Haarlem2026(Haarlem,secondary)=280.0 | Haarlem2026(Haarlem,secondary)=280.0 | Haarlem2026(Haarlem,secondary)=280.0 | Haarlem2026(Haarlem,secondary)=280.0 | Haarlem2026(Haarlem,secondary)=280.0 | Garwicz2009(Garwicz,secondary)=339.0 | Burger2019(Burger,secondary)=150.0 | Burger2019(Burger,secondary)=359.5 | Wimberly2021(Wimberly,secondary)=282.89 | Genoud2018(Genoud,secondary)=137.9 | Genoud2018(Genoud,secondary)=224.3 | Genoud2018(Genoud,secondary)=209.0 | Genoud2018(Genoud,secondary)=223.0 | Genoud2018(Genoud,secondary)=400.0 | Genoud2018(Genoud,secondary)=351.0 | Genoud2018(Genoud,secondary)=392.0 | Genoud2018(Genoud,secondary)=250.0 | Genoud2018(Genoud,secondary)=384.0 | Genoud2018(Genoud,secondary)=253.0 | Genoud2018(Genoud,secondary)=199.0 | Genoud2018(Genoud,secondary)=117.0 | Genoud2018(Genoud,secondary)=129.8 | Genoud2018(Genoud,secondary)=118.4 | Genoud2018(Genoud,secondary)=134.26 | Heffner1975(Heffner,primary)=400.0 | Veilleux2014(Veilleux,secondary)=290.0 | HerculanoHouzel2015(HerculanoHouzel,secondary)=315.1 | Lewitus2014(Lewitus,secondary)=314.667 | Wilman2014(Wilman,secondary)=338.33 | Wilman2014(Wilman,secondary)=229.13"
"Canis lupus familiaris","Body_Mass","g",42,5,"13038.1985","245.48","DISAGREEMENT>2x","MedinaGonzález2026(MedinaGonzález,secondary)=18300.0 | MedinaGonzález2026(MedinaGonzález,secondary)=18300.0 | MedinaGonzález2026(MedinaGonzález,secondary)=18300.0 | MedinaGonzález2026(MedinaGonzález,secondary)=15500.0 | MedinaGonzález2026(MedinaGonzález,secondary)=15500.0 | MedinaGonzález2026(MedinaGonzález,secondary)=15500.0 | MedinaGonzález2026(MedinaGonzález,secondary)=30000.0 | MedinaGonzález2026(MedinaGonzález,secondary)=30000.0 | MedinaGonzález2026(MedinaGonzález,secondary)=30000.0 | MedinaGonzález2026(MedinaGonzález,secondary)=30000.0 | MedinaGonzález2026(MedinaGonzález,secondary)=30000.0 | MedinaGonzález2026(MedinaGonzález,secondary)=30000.0 | MedinaGonzález2026(MedinaGonzález,secondary)=20000.0 | MedinaGonzález2026(MedinaGonzález,secondary)=20000.0 | MedinaGonzález2026(MedinaGonzález,secondary)=20000.0 | MedinaGonzález2026(MedinaGonzález,secondary)=31000.0 | MedinaGonzález2026(MedinaGonzález,secondary)=35000.0 | Schleifenbaum1973(Schleifenbaum,primary)=170.0 | Schleifenbaum1973(Schleifenbaum,primary)=380.47 | Schleifenbaum1973(Schleifenbaum,primary)=545.0 | Schleifenbaum1973(Schleifenbaum,primary)=774.0 | Schleifenbaum1973(Schleifenbaum,primary)=698.0 | Schleifenbaum1973(Schleifenbaum,primary)=4545.0 | Schleifenbaum1973(Schleifenbaum,primary)=6885.0 | Schleifenbaum1973(Schleifenbaum,primary)=8525.0 | Schleifenbaum1973(Schleifenbaum,primary)=12110.0 | Schleifenbaum1973(Schleifenbaum,primary)=150.0 | Schleifenbaum1973(Schleifenbaum,primary)=225.07 | Schleifenbaum1973(Schleifenbaum,primary)=142.58 | Schleifenbaum1973(Schleifenbaum,primary)=251.6 | Schleifenbaum1973(Schleifenbaum,primary)=1046.0 | Schleifenbaum1973(Schleifenbaum,primary)=995.0 | Schleifenbaum1973(Schleifenbaum,primary)=3995.0 | Schleifenbaum1973(Schleifenbaum,primary)=7140.0 | Schleifenbaum1973(Schleifenbaum,primary)=11445.0 | Weibel2004(Weibel,primary)=25900.0 | Weibel2004(Weibel,primary)=21000.0 | Weibel2004(Weibel,primary)=23700.0 | Weibel2004(Weibel,primary)=25300.0 | Weibel2004(Weibel,primary)=28000.0 | Garwicz2009(Garwicz,secondary)=8480.0 | Heffner1975(Heffner,primary)=11000.0"
"Saimiri sciureus","Body_Mass","g",42,23,"754.2738","1.9","","Nudo1995(Nudo,primary)=691.0 | MedinaGonzález2026(MedinaGonzález,secondary)=1100.0 | MedinaGonzález2026(MedinaGonzález,secondary)=850.0 | MedinaGonzález2026(MedinaGonzález,secondary)=1050.0 | MedinaGonzález2026(MedinaGonzález,secondary)=950.0 | MacLarnon1996(MacLarnon,secondary)=805.0 | Rilling1999(RillingInsel,secondary)=900.0 | Isler2008(Isler,secondary)=799.0 | Isler2008(Isler,secondary)=838.0 | Isler2008(Isler,secondary)=824.0 | Isler2008(Isler,secondary)=735.0 | Isler2008(Isler,secondary)=850.0 | Heldstab2016(Heldstab,primary)=821.0 | Burger2019(Burger,secondary)=578.7 | Finlay2006(Finlay,primary)=901.25 | Powell2017(Powell,secondary)=820.802 | Wimberly2021(Wimberly,secondary)=749.47 | Genoud2018(Genoud,secondary)=839.8 | Genoud2018(Genoud,secondary)=950.0 | Granatosky2018(Granatosky,secondary)=767.25 | Rilling1998(RillingInsel,secondary)=900.0 | Heffner1983(Heffner,primary)=750.0 | Heffner1975(Heffner,primary)=750.0 | Stephan1981(Stephan_collection,primary)=660.0 | Matano1985(Stephan_collection,secondary)=660.0 | Matano1985(Stephan_collection,secondary)=660.0 | Matano1986(Matano,secondary)=660.0 | Burish2010(Burish,review)=860.0 | Burish2010(Burish,review)=915.0 | Burish2010(Burish,review)=950.0 | Burish2010(Burish,review)=710.0 | Veilleux2014(Veilleux,secondary)=790.0 | HerculanoHouzel2015(HerculanoHouzel,secondary)=859.0 | Seymour2015(Seymour,primary)=790.0 | Lewitus2014(Lewitus,secondary)=680.6 | Matano1992(Matano,secondary)=660.0 | Wilman2014(Wilman,secondary)=743.24 | NA(10.6084%2Fm9.figshare.c.3899422.v1_Dataset1.tsv,secondary)=820.802 | Stephan1970(Stephan_collection,primary)=680.0 | Stephan1970(Stephan_collection,primary)=680.0 | Stephan1988(Stephan,primary)=660.0 | Frahm1994(Stephan_collection,secondary)=660.0"
"Hylobates lar","Body_Mass","g",40,18,"5755","3.68","DISAGREEMENT>2x","Armstrong1979(Armstrong,secondary)=5930.0 | Armstrong1979(Armstrong,secondary)=5930.0 | Armstrong1979(Armstrong,secondary)=5930.0 | Armstrong1979(Armstrong,secondary)=5930.0 | Armstrong1979(Armstrong,secondary)=5930.0 | Armstrong1979(Armstrong,secondary)=5930.0 | Armstrong1979(Armstrong,secondary)=5930.0 | Armstrong1979(Armstrong,secondary)=5930.0 | Armstrong1979(Armstrong,secondary)=5930.0 | Armstrong1979(Armstrong,secondary)=5930.0 | Armstrong1979(Armstrong,secondary)=5930.0 | Armstrong1979(Armstrong,secondary)=5930.0 | Jacobs2018(Jacobs,info)=5500.0 | Jacobs2018(Jacobs,info)=5500.0 | Rilling1999(RillingInsel,secondary)=5400.0 | Isler2008(Isler,secondary)=5595.0 | Isler2008(Isler,secondary)=5513.0 | Isler2008(Isler,secondary)=6420.0 | Isler2008(Isler,secondary)=1900.0 | Bauernfeind2013(Zilles,secondary)=5340.0 | deSousa2009(deSousa,secondary)=7000.0 | Burger2019(Burger,secondary)=5550.0 | Powell2017(Powell,secondary)=5625.021 | Genoud2018(Genoud,secondary)=1900.0 | Granatosky2018(Granatosky,secondary)=5620.0 | Granatosky2018(Granatosky,secondary)=5620.0 | Rilling1998(RillingInsel,secondary)=5400.0 | Heffner1983(Heffner,primary)=6000.0 | Heffner1975(Heffner,primary)=6000.0 | Stephan1981(Stephan_collection,primary)=5700.0 | Matano1985(Stephan_collection,secondary)=5700.0 | Matano1985(Stephan_collection,secondary)=5700.0 | Matano1986(Matano,secondary)=5700.0 | Seymour2015(Seymour,primary)=5620.0 | Lewitus2014(Lewitus,secondary)=5724.857 | Matano1992(Matano,secondary)=5700.0 | Wilman2014(Wilman,secondary)=4892.0 | NA(10.6084%2Fm9.figshare.c.3899422.v1_Dataset1.tsv,secondary)=5625.021 | Stephan1988(Stephan,primary)=5700.0 | Frahm1994(Stephan_collection,secondary)=5700.0"
"Alouatta seniculus group","Body_Mass","g",39,1,"5758.7692","3.14","DISAGREEMENT>2x","Isler2008(Isler,secondary)=5000.0 | Isler2008(Isler,secondary)=6200.0 | Isler2008(Isler,secondary)=4100.0 | Isler2008(Isler,secondary)=4550.0 | Isler2008(Isler,secondary)=5300.0 | Isler2008(Isler,secondary)=4550.0 | Isler2008(Isler,secondary)=7150.0 | Isler2008(Isler,secondary)=5500.0 | Isler2008(Isler,secondary)=4725.0 | Isler2008(Isler,secondary)=5900.0 | Isler2008(Isler,secondary)=4990.0 | Isler2008(Isler,secondary)=4600.0 | Isler2008(Isler,secondary)=5100.0 | Isler2008(Isler,secondary)=3800.0 | Isler2008(Isler,secondary)=5500.0 | Isler2008(Isler,secondary)=6000.0 | Isler2008(Isler,secondary)=5670.0 | Isler2008(Isler,secondary)=5216.0 | Isler2008(Isler,secondary)=4309.0 | Isler2008(Isler,secondary)=5216.0 | Isler2008(Isler,secondary)=6350.0 | Isler2008(Isler,secondary)=5670.0 | Isler2008(Isler,secondary)=3175.0 | Isler2008(Isler,secondary)=4990.0 | Isler2008(Isler,secondary)=5400.0 | Isler2008(Isler,secondary)=6700.0 | Isler2008(Isler,secondary)=7100.0 | Isler2008(Isler,secondary)=4900.0 | Isler2008(Isler,secondary)=6700.0 | Isler2008(Isler,secondary)=7200.0 | Isler2008(Isler,secondary)=8600.0 | Isler2008(Isler,secondary)=9979.0 | Isler2008(Isler,secondary)=5443.0 | Isler2008(Isler,secondary)=5443.0 | Isler2008(Isler,secondary)=7711.0 | Isler2008(Isler,secondary)=6804.0 | Isler2008(Isler,secondary)=6804.0 | Isler2008(Isler,secondary)=8165.0 | Isler2008(Isler,secondary)=4082.0"
"Gray-necked species group","Body_Mass","g",39,1,"808.7287","4.19","DISAGREEMENT>2x","Isler2008(Isler,secondary)=972.0 | Isler2008(Isler,secondary)=543.0 | Isler2008(Isler,secondary)=454.0 | Isler2008(Isler,secondary)=454.0 | Isler2008(Isler,secondary)=907.0 | Isler2008(Isler,secondary)=771.12 | Isler2008(Isler,secondary)=726.0 | Isler2008(Isler,secondary)=816.48 | Isler2008(Isler,secondary)=771.12 | Isler2008(Isler,secondary)=680.4 | Isler2008(Isler,secondary)=680.0 | Isler2008(Isler,secondary)=680.0 | Isler2008(Isler,secondary)=680.0 | Isler2008(Isler,secondary)=661.0 | Isler2008(Isler,secondary)=950.0 | Isler2008(Isler,secondary)=907.0 | Isler2008(Isler,secondary)=544.0 | Isler2008(Isler,secondary)=590.0 | Isler2008(Isler,secondary)=816.0 | Isler2008(Isler,secondary)=838.2 | Isler2008(Isler,secondary)=743.5 | Isler2008(Isler,secondary)=680.0 | Isler2008(Isler,secondary)=816.0 | Isler2008(Isler,secondary)=771.0 | Isler2008(Isler,secondary)=862.0 | Isler2008(Isler,secondary)=680.0 | Isler2008(Isler,secondary)=680.0 | Isler2008(Isler,secondary)=1800.0 | Isler2008(Isler,secondary)=1000.0 | Isler2008(Isler,secondary)=700.0 | Isler2008(Isler,secondary)=500.0 | Isler2008(Isler,secondary)=900.0 | Isler2008(Isler,secondary)=700.0 | Isler2008(Isler,secondary)=1900.0 | Isler2008(Isler,secondary)=1300.0 | Isler2008(Isler,secondary)=900.0 | Isler2008(Isler,secondary)=800.0 | Isler2008(Isler,secondary)=500.0 | Isler2008(Isler,secondary)=866.6"
"Aotus trivirgatus","Body_Mass","g",37,16,"866.9048","2.49","DISAGREEMENT>2x","MacLarnon1996(MacLarnon,secondary)=1200.0 | Isler2008(Isler,secondary)=989.0 | Isler2008(Isler,secondary)=1021.0 | Burger2019(Burger,secondary)=701.68 | Finlay2006(Finlay,primary)=935.0 | Powell2017(Powell,secondary)=988.883 | Genoud2018(Genoud,secondary)=820.0 | Genoud2018(Genoud,secondary)=1020.0 | Genoud2018(Genoud,secondary)=1030.0 | Sherwood2003(Sherwood,secondary)=775.0 | Stephan1981(Stephan_collection,primary)=830.0 | Matano1985(Stephan_collection,secondary)=830.0 | Matano1985(Stephan_collection,secondary)=830.0 | Matano1986(Matano,secondary)=830.0 | Burish2010(Burish,review)=1060.0 | Burish2010(Burish,review)=1750.0 | Burish2010(Burish,review)=800.0 | Burish2010(Burish,review)=1108.0 | Burish2010(Burish,review)=1400.0 | Burish2010(Burish,review)=1100.0 | Burish2010(Burish,review)=1540.0 | Burish2010(Burish,review)=974.0 | Burish2010(Burish,review)=1200.0 | Burish2010(Burish,review)=1100.0 | Burish2010(Burish,review)=1250.0 | Burish2010(Burish,review)=1100.0 | Veilleux2014(Veilleux,secondary)=850.0 | HerculanoHouzel2015(HerculanoHouzel,secondary)=925.0 | Lewitus2014(Lewitus,secondary)=783.6 | Matano1992(Matano,secondary)=830.0 | Wilman2014(Wilman,secondary)=899.99 | NA(10.6084%2Fm9.figshare.c.3899422.v1_Dataset1.tsv,secondary)=988.883 | Stephan1970(Stephan_collection,primary)=850.0 | Stephan1970(Stephan_collection,primary)=850.0 | Stephan1988(Stephan,primary)=830.0 | Frahm1994(Stephan_collection,secondary)=830.0 | Frahm1998(Stephan_collection,secondary)=830.0"
"Trachypithecus obscurus group","Body_Mass","g",37,1,"7118.5946","1.82","","Isler2008(Isler,secondary)=8618.0 | Isler2008(Isler,secondary)=7711.0 | Isler2008(Isler,secondary)=7258.0 | Isler2008(Isler,secondary)=6350.0 | Isler2008(Isler,secondary)=6339.0 | Isler2008(Isler,secondary)=6790.0 | Isler2008(Isler,secondary)=5897.0 | Isler2008(Isler,secondary)=6804.0 | Isler2008(Isler,secondary)=7711.0 | Isler2008(Isler,secondary)=6350.0 | Isler2008(Isler,secondary)=5897.0 | Isler2008(Isler,secondary)=7938.0 | Isler2008(Isler,secondary)=7938.0 | Isler2008(Isler,secondary)=6804.0 | Isler2008(Isler,secondary)=6350.0 | Isler2008(Isler,secondary)=4990.0 | Isler2008(Isler,secondary)=7031.0 | Isler2008(Isler,secondary)=4990.0 | Isler2008(Isler,secondary)=6350.0 | Isler2008(Isler,secondary)=6790.0 | Isler2008(Isler,secondary)=7258.0 | Isler2008(Isler,secondary)=7484.0 | Isler2008(Isler,secondary)=8165.0 | Isler2008(Isler,secondary)=7711.0 | Isler2008(Isler,secondary)=9072.0 | Isler2008(Isler,secondary)=6804.0 | Isler2008(Isler,secondary)=7711.0 | Isler2008(Isler,secondary)=6124.0 | Isler2008(Isler,secondary)=7484.0 | Isler2008(Isler,secondary)=5670.0 | Isler2008(Isler,secondary)=7938.0 | Isler2008(Isler,secondary)=8165.0 | Isler2008(Isler,secondary)=8278.0 | Isler2008(Isler,secondary)=7938.0 | Isler2008(Isler,secondary)=6804.0 | Isler2008(Isler,secondary)=7258.0 | Isler2008(Isler,secondary)=8618.0"
"Macaca mulatta","Body_Mass","g",36,22,"7610","3.15","DISAGREEMENT>2x","Nudo1995(Nudo,primary)=3300.0 | Rilling1999(RillingInsel,secondary)=10400.0 | Isler2008(Isler,secondary)=6793.0 | Isler2008(Isler,secondary)=6540.0 | Isler2008(Isler,secondary)=7836.0 | Isler2008(Isler,secondary)=6225.0 | Haarlem2026(Haarlem,secondary)=6614.0 | Haarlem2026(Haarlem,secondary)=6614.0 | Garwicz2009(Garwicz,secondary)=7340.0 | Burger2019(Burger,secondary)=4612.78 | Finlay2006(Finlay,primary)=7950.0 | Powell2017(Powell,secondary)=5670.478 | Wimberly2021(Wimberly,secondary)=6455.19 | Genoud2018(Genoud,secondary)=6225.0 | Genoud2018(Genoud,secondary)=4300.0 | Genoud2018(Genoud,secondary)=3980.0 | Granatosky2018(Granatosky,secondary)=9900.0 | Rilling1998(RillingInsel,secondary)=10400.0 | Heffner1983(Heffner,primary)=8500.0 | Heffner1975(Heffner,primary)=8300.0 | Stephan1981(Stephan_collection,primary)=7800.0 | Matano1985(Stephan_collection,secondary)=7800.0 | Matano1985(Stephan_collection,secondary)=7800.0 | Matano1986(Matano,secondary)=7800.0 | Veilleux2014(Veilleux,secondary)=5300.0 | HerculanoHouzel2015(HerculanoHouzel,secondary)=3900.0 | Seymour2015(Seymour,primary)=8220.0 | Lewitus2014(Lewitus,secondary)=7102.833 | Matano1992(Matano,secondary)=7800.0 | Wilman2014(Wilman,secondary)=3713.0 | NA(10.6084%2Fm9.figshare.c.3899422.v1_Dataset1.tsv,secondary)=5670.478 | Stephan1970(Stephan_collection,primary)=6000.0 | Stephan1970(Stephan_collection,primary)=6000.0 | Stephan1988(Stephan,primary)=7800.0 | Frahm1998(Stephan_collection,secondary)=7800.0 | Weaver2001(Weaver,primary)=10400.0"
"Canis lupus","Body_Mass","g",34,9,"18607.5333","199.06","DISAGREEMENT>2x","MedinaGonzález2026(MedinaGonzález,secondary)=40000.0 | Schleifenbaum1973(Schleifenbaum,primary)=224.0 | Schleifenbaum1973(Schleifenbaum,primary)=1735.0 | Schleifenbaum1973(Schleifenbaum,primary)=7732.0 | Schleifenbaum1973(Schleifenbaum,primary)=13150.0 | Schleifenbaum1973(Schleifenbaum,primary)=448.0 | Schleifenbaum1973(Schleifenbaum,primary)=5825.0 | Schleifenbaum1973(Schleifenbaum,primary)=8975.0 | Schleifenbaum1973(Schleifenbaum,primary)=8500.0 | Schleifenbaum1973(Schleifenbaum,primary)=6345.0 | Schleifenbaum1973(Schleifenbaum,primary)=10810.0 | Schleifenbaum1973(Schleifenbaum,primary)=14055.0 | Schleifenbaum1973(Schleifenbaum,primary)=18100.0 | Schleifenbaum1973(Schleifenbaum,primary)=12250.0 | Schleifenbaum1973(Schleifenbaum,primary)=17570.0 | Schleifenbaum1973(Schleifenbaum,primary)=19257.0 | Weibel2004(Weibel,primary)=27600.0 | Weibel2004(Weibel,primary)=27500.0 | Haarlem2026(Haarlem,secondary)=13900.0 | Burger2019(Burger,secondary)=31100.0 | Wimberly2021(Wimberly,secondary)=44590.0 | Genoud2018(Genoud,secondary)=35500.0 | Genoud2018(Genoud,secondary)=18000.0 | Genoud2018(Genoud,secondary)=14730.0 | Genoud2018(Genoud,secondary)=14000.0 | Genoud2018(Genoud,secondary)=23164.0 | Genoud2018(Genoud,secondary)=10300.0 | Genoud2018(Genoud,secondary)=27300.0 | Genoud2018(Genoud,secondary)=6800.0 | Genoud2018(Genoud,secondary)=30000.0 | Genoud2018(Genoud,secondary)=33700.0 | Genoud2018(Genoud,secondary)=17000.0 | Veilleux2014(Veilleux,secondary)=31650.0 | Wilman2014(Wilman,secondary)=32183.33"
"Cercopithecus cephus group","Body_Mass","g",34,1,"3802.9118","3.46","DISAGREEMENT>2x","Isler2008(Isler,secondary)=3175.0 | Isler2008(Isler,secondary)=2478.0 | Isler2008(Isler,secondary)=3050.0 | Isler2008(Isler,secondary)=3200.0 | Isler2008(Isler,secondary)=4839.0 | Isler2008(Isler,secondary)=6235.0 | Isler2008(Isler,secondary)=5775.0 | Isler2008(Isler,secondary)=5520.0 | Isler2008(Isler,secondary)=4536.0 | Isler2008(Isler,secondary)=3629.0 | Isler2008(Isler,secondary)=4536.0 | Isler2008(Isler,secondary)=4536.0 | Isler2008(Isler,secondary)=2550.0 | Isler2008(Isler,secondary)=4275.0 | Isler2008(Isler,secondary)=4700.0 | Isler2008(Isler,secondary)=4065.0 | Isler2008(Isler,secondary)=3800.0 | Isler2008(Isler,secondary)=1800.0 | Isler2008(Isler,secondary)=3200.0 | Isler2008(Isler,secondary)=3200.0 | Isler2008(Isler,secondary)=4800.0 | Isler2008(Isler,secondary)=4200.0 | Isler2008(Isler,secondary)=5200.0 | Isler2008(Isler,secondary)=4100.0 | Isler2008(Isler,secondary)=2600.0 | Isler2008(Isler,secondary)=3000.0 | Isler2008(Isler,secondary)=2700.0 | Isler2008(Isler,secondary)=2800.0 | Isler2008(Isler,secondary)=2800.0 | Isler2008(Isler,secondary)=3700.0 | Isler2008(Isler,secondary)=4500.0 | Isler2008(Isler,secondary)=3600.0 | Isler2008(Isler,secondary)=2700.0 | Isler2008(Isler,secondary)=3500.0"
"Cercopithecus mona group","Body_Mass","g",33,1,"3288.5455","4.08","DISAGREEMENT>2x","Isler2008(Isler,secondary)=2500.0 | Isler2008(Isler,secondary)=2300.0 | Isler2008(Isler,secondary)=2600.0 | Isler2008(Isler,secondary)=3200.0 | Isler2008(Isler,secondary)=2800.0 | Isler2008(Isler,secondary)=2200.0 | Isler2008(Isler,secondary)=2300.0 | Isler2008(Isler,secondary)=2600.0 | Isler2008(Isler,secondary)=2400.0 | Isler2008(Isler,secondary)=3200.0 | Isler2008(Isler,secondary)=3200.0 | Isler2008(Isler,secondary)=4200.0 | Isler2008(Isler,secondary)=3200.0 | Isler2008(Isler,secondary)=2200.0 | Isler2008(Isler,secondary)=2200.0 | Isler2008(Isler,secondary)=1814.0 | Isler2008(Isler,secondary)=2600.0 | Isler2008(Isler,secondary)=2268.0 | Isler2008(Isler,secondary)=1500.0 | Isler2008(Isler,secondary)=4200.0 | Isler2008(Isler,secondary)=3900.0 | Isler2008(Isler,secondary)=4082.0 | Isler2008(Isler,secondary)=4082.0 | Isler2008(Isler,secondary)=4200.0 | Isler2008(Isler,secondary)=4536.0 | Isler2008(Isler,secondary)=4300.0 | Isler2008(Isler,secondary)=4600.0 | Isler2008(Isler,secondary)=4600.0 | Isler2008(Isler,secondary)=1920.0 | Isler2008(Isler,secondary)=6120.0 | Isler2008(Isler,secondary)=5300.0 | Isler2008(Isler,secondary)=5000.0 | Isler2008(Isler,secondary)=2400.0"
"Peromyscus maniculatus","Body_Mass","g",30,6,"20.1","2.26","DISAGREEMENT>2x","Weibel2004(Weibel,primary)=22.0 | Weibel2004(Weibel,primary)=22.4 | Burger2019(Burger,secondary)=21.65 | Ruf2015(Ruf,primary)=18.0 | Genoud2018(Genoud,secondary)=20.8 | Genoud2018(Genoud,secondary)=15.0 | Genoud2018(Genoud,secondary)=20.5 | Genoud2018(Genoud,secondary)=24.2 | Genoud2018(Genoud,secondary)=19.1 | Genoud2018(Genoud,secondary)=20.38 | Genoud2018(Genoud,secondary)=23.2 | Genoud2018(Genoud,secondary)=19.5 | Genoud2018(Genoud,secondary)=18.9 | Genoud2018(Genoud,secondary)=17.0 | Genoud2018(Genoud,secondary)=19.2 | Genoud2018(Genoud,secondary)=26.0 | Genoud2018(Genoud,secondary)=17.2 | Genoud2018(Genoud,secondary)=16.7 | Genoud2018(Genoud,secondary)=18.2 | Genoud2018(Genoud,secondary)=15.5 | Genoud2018(Genoud,secondary)=17.7 | Genoud2018(Genoud,secondary)=18.9 | Genoud2018(Genoud,secondary)=13.3 | Genoud2018(Genoud,secondary)=14.9 | Genoud2018(Genoud,secondary)=22.4 | Genoud2018(Genoud,secondary)=22.2 | Genoud2018(Genoud,secondary)=23.7 | Genoud2018(Genoud,secondary)=24.0 | Veilleux2014(Veilleux,secondary)=30.0 | Wilman2014(Wilman,secondary)=21.28"
"Macaca nemestrina group","Body_Mass","g",29,1,"8043.1724","3.33","DISAGREEMENT>2x","Isler2008(Isler,secondary)=4649.0 | Isler2008(Isler,secondary)=5557.0 | Isler2008(Isler,secondary)=4082.0 | Isler2008(Isler,secondary)=8165.0 | Isler2008(Isler,secondary)=5330.0 | Isler2008(Isler,secondary)=6237.0 | Isler2008(Isler,secondary)=6350.0 | Isler2008(Isler,secondary)=7597.8 | Isler2008(Isler,secondary)=7257.6 | Isler2008(Isler,secondary)=6350.0 | Isler2008(Isler,secondary)=7257.0 | Isler2008(Isler,secondary)=6350.0 | Isler2008(Isler,secondary)=6350.0 | Isler2008(Isler,secondary)=5670.0 | Isler2008(Isler,secondary)=6804.0 | Isler2008(Isler,secondary)=5216.0 | Isler2008(Isler,secondary)=10886.4 | Isler2008(Isler,secondary)=8618.4 | Isler2008(Isler,secondary)=12247.0 | Isler2008(Isler,secondary)=13608.0 | Isler2008(Isler,secondary)=11793.0 | Isler2008(Isler,secondary)=10886.0 | Isler2008(Isler,secondary)=10999.8 | Isler2008(Isler,secondary)=10886.0 | Isler2008(Isler,secondary)=10886.0 | Isler2008(Isler,secondary)=11340.0 | Isler2008(Isler,secondary)=9979.0 | Isler2008(Isler,secondary)=7700.0 | Isler2008(Isler,secondary)=4200.0"
"Callithrix jacchus","Body_Mass","g",28,19,"296.7976","2.63","DISAGREEMENT>2x","Nudo1995(Nudo,primary)=287.0 | MacLarnon1996(MacLarnon,secondary)=287.0 | Isler2008(Isler,secondary)=320.0 | Isler2008(Isler,secondary)=356.0 | Heldstab2016(Heldstab,primary)=322.0 | Burger2019(Burger,secondary)=347.45 | Finlay2006(Finlay,primary)=246.0 | Powell2017(Powell,secondary)=320.0 | Genoud2018(Genoud,secondary)=190.0 | Genoud2018(Genoud,secondary)=356.7 | Stephan1981(Stephan_collection,primary)=280.0 | Matano1985(Stephan_collection,secondary)=280.0 | Matano1985(Stephan_collection,secondary)=280.0 | Matano1986(Matano,secondary)=280.0 | Burish2010(Burish,review)=340.0 | Veilleux2014(Veilleux,secondary)=310.0 | HerculanoHouzel2015(HerculanoHouzel,secondary)=361.0 | Seymour2015(Seymour,primary)=371.5 | Lewitus2014(Lewitus,secondary)=288.12 | Chaplin2013(Chaplin,info)=500.0 | Matano1992(Matano,secondary)=280.0 | Wilman2014(Wilman,secondary)=292.0 | NA(10.6084%2Fm9.figshare.c.3899422.v1_Dataset1.tsv,secondary)=320.0 | Stephan1970(Stephan_collection,primary)=260.0 | Stephan1970(Stephan_collection,primary)=260.0 | Stephan1988(Stephan,primary)=280.0 | Frahm1994(Stephan_collection,secondary)=280.0 | Frahm1998(Stephan_collection,secondary)=280.0"
"Galago demidoff group","Body_Mass","g",27,1,"73.1111","2.2","DISAGREEMENT>2x","Isler2008(Isler,secondary)=74.0 | Isler2008(Isler,secondary)=64.0 | Isler2008(Isler,secondary)=69.0 | Isler2008(Isler,secondary)=66.0 | Isler2008(Isler,secondary)=67.0 | Isler2008(Isler,secondary)=69.0 | Isler2008(Isler,secondary)=84.0 | Isler2008(Isler,secondary)=90.0 | Isler2008(Isler,secondary)=73.0 | Isler2008(Isler,secondary)=78.0 | Isler2008(Isler,secondary)=60.0 | Isler2008(Isler,secondary)=80.0 | Isler2008(Isler,secondary)=44.0 | Isler2008(Isler,secondary)=57.0 | Isler2008(Isler,secondary)=97.0 | Isler2008(Isler,secondary)=72.0 | Isler2008(Isler,secondary)=96.0 | Isler2008(Isler,secondary)=77.0 | Isler2008(Isler,secondary)=72.0 | Isler2008(Isler,secondary)=77.0 | Isler2008(Isler,secondary)=78.0 | Isler2008(Isler,secondary)=62.0 | Isler2008(Isler,secondary)=63.0 | Isler2008(Isler,secondary)=69.0 | Isler2008(Isler,secondary)=74.0 | Isler2008(Isler,secondary)=82.0 | Isler2008(Isler,secondary)=80.0"
"Nycticebus coucang","Body_Mass","g",27,14,"903.4","2.14","DISAGREEMENT>2x","Nudo1995(Nudo,primary)=965.0 | Isler2008(Isler,secondary)=653.0 | Isler2008(Isler,secondary)=653.0 | Isler2008(Isler,secondary)=634.0 | Isler2008(Isler,secondary)=1160.0 | Burger2019(Burger,secondary)=655.5 | Powell2017(Powell,secondary)=652.5 | Genoud2018(Genoud,secondary)=778.3 | Genoud2018(Genoud,secondary)=606.5 | Genoud2018(Genoud,secondary)=1300.0 | Granatosky2018(Granatosky,secondary)=652.5 | Granatosky2018(Granatosky,secondary)=652.5 | Heffner1983(Heffner,primary)=1300.0 | Heffner1975(Heffner,primary)=1300.0 | Stephan1981(Stephan_collection,primary)=800.0 | Matano1985(Stephan_collection,secondary)=800.0 | Matano1985(Stephan_collection,secondary)=800.0 | Matano1986(Matano,secondary)=800.0 | Seymour2015(Seymour,primary)=652.0 | Lewitus2014(Lewitus,secondary)=828.188 | Matano1992(Matano,secondary)=800.0 | Wilman2014(Wilman,secondary)=803.5 | NA(10.6084%2Fm9.figshare.c.3899422.v1_Dataset1.tsv,secondary)=652.5 | Stephan1970(Stephan_collection,primary)=800.0 | Stephan1970(Stephan_collection,primary)=800.0 | Stephan1988(Stephan,primary)=800.0 | Frahm1994(Stephan_collection,secondary)=800.0"
"Trachypithecus cristatus group","Body_Mass","g",27,1,"6438.4","2.21","DISAGREEMENT>2x","Isler2008(Isler,secondary)=9525.0 | Isler2008(Isler,secondary)=6804.0 | Isler2008(Isler,secondary)=4990.0 | Isler2008(Isler,secondary)=6237.0 | Isler2008(Isler,secondary)=6237.0 | Isler2008(Isler,secondary)=7597.8 | Isler2008(Isler,secondary)=4876.0 | Isler2008(Isler,secondary)=6350.0 | Isler2008(Isler,secondary)=6010.0 | Isler2008(Isler,secondary)=6237.0 | Isler2008(Isler,secondary)=6577.0 | Isler2008(Isler,secondary)=5216.0 | Isler2008(Isler,secondary)=5216.0 | Isler2008(Isler,secondary)=5783.0 | Isler2008(Isler,secondary)=6010.0 | Isler2008(Isler,secondary)=6464.0 | Isler2008(Isler,secondary)=6350.0 | Isler2008(Isler,secondary)=8051.0 | Isler2008(Isler,secondary)=6917.0 | Isler2008(Isler,secondary)=7257.0 | Isler2008(Isler,secondary)=7257.0 | Isler2008(Isler,secondary)=6123.0 | Isler2008(Isler,secondary)=4309.0 | Isler2008(Isler,secondary)=8165.0 | Isler2008(Isler,secondary)=6804.0 | Isler2008(Isler,secondary)=5670.0 | Isler2008(Isler,secondary)=6804.0"
"Microcebus murinus","Body_Mass","g",26,15,"56","2.04","DISAGREEMENT>2x","MedinaGonzález2026(MedinaGonzález,secondary)=100.0 | MedinaGonzález2026(MedinaGonzález,secondary)=110.0 | Isler2008(Isler,secondary)=65.0 | Isler2008(Isler,secondary)=54.0 | Burger2019(Burger,secondary)=58.0 | Powell2017(Powell,secondary)=65.1 | Ruf2015(Ruf,primary)=60.0 | Genoud2018(Genoud,secondary)=75.0 | Genoud2018(Genoud,secondary)=84.0 | Genoud2018(Genoud,secondary)=84.5 | Granatosky2018(Granatosky,secondary)=61.0 | Stephan1981(Stephan_collection,primary)=54.0 | Matano1985(Stephan_collection,secondary)=54.0 | Matano1985(Stephan_collection,secondary)=54.0 | Matano1986(Matano,secondary)=54.0 | Veilleux2014(Veilleux,secondary)=60.0 | HerculanoHouzel2015(HerculanoHouzel,secondary)=60.0 | Lewitus2014(Lewitus,secondary)=71.828 | Matano1992(Matano,secondary)=54.0 | Wilman2014(Wilman,secondary)=69.0 | NA(10.6084%2Fm9.figshare.c.3899422.v1_Dataset1.tsv,secondary)=65.1 | Stephan1970(Stephan_collection,primary)=54.0 | Stephan1970(Stephan_collection,primary)=54.0 | Stephan1988(Stephan,primary)=54.0 | Frahm1994(Stephan_collection,secondary)=54.0 | Frahm1998(Stephan_collection,secondary)=54.0"
"Tupaia belangeri","Body_Mass","g",26,7,"104","2.68","DISAGREEMENT>2x","Haarlem2026(Haarlem,secondary)=270.0 | Garwicz2009(Garwicz,secondary)=150.0 | Finlay2006(Finlay,primary)=104.0 | Genoud2018(Genoud,secondary)=161.0 | Genoud2018(Genoud,secondary)=186.0 | Genoud2018(Genoud,secondary)=125.0 | Genoud2018(Genoud,secondary)=100.9 | Genoud2018(Genoud,secondary)=105.4 | Genoud2018(Genoud,secondary)=120.8 | Genoud2018(Genoud,secondary)=122.5 | Genoud2018(Genoud,secondary)=111.0 | Burish2010(Burish,review)=231.0 | Burish2010(Burish,review)=192.0 | Burish2010(Burish,review)=193.0 | Burish2010(Burish,review)=197.0 | Burish2010(Burish,review)=160.0 | Burish2010(Burish,review)=188.0 | Burish2010(Burish,review)=149.0 | Burish2010(Burish,review)=183.0 | Burish2010(Burish,review)=144.0 | Burish2010(Burish,review)=155.0 | Burish2010(Burish,review)=155.0 | Burish2010(Burish,review)=170.0 | Burish2010(Burish,review)=144.0 | Veilleux2014(Veilleux,secondary)=160.0 | Wilman2014(Wilman,secondary)=200.0"
"Galago senegalensis","Body_Mass","g",25,16,"208","1.88","","Nudo1995(Nudo,primary)=160.0 | Isler2008(Isler,secondary)=194.0 | Isler2008(Isler,secondary)=275.0 | Burger2019(Burger,secondary)=300.33 | Powell2017(Powell,secondary)=194.17 | Genoud2018(Genoud,secondary)=275.0 | Granatosky2018(Granatosky,secondary)=213.0 | Sherwood2003(Sherwood,secondary)=213.0 | Heffner1983(Heffner,primary)=260.0 | Heffner1975(Heffner,primary)=260.0 | Stephan1981(Stephan_collection,primary)=186.0 | Matano1985(Stephan_collection,secondary)=186.0 | Matano1985(Stephan_collection,secondary)=186.0 | Matano1986(Matano,secondary)=186.0 | Veilleux2014(Veilleux,secondary)=180.0 | Seymour2015(Seymour,primary)=248.0 | Lewitus2014(Lewitus,secondary)=178.7 | Matano1992(Matano,secondary)=186.0 | Wilman2014(Wilman,secondary)=227.67 | NA(10.6084%2Fm9.figshare.c.3899422.v1_Dataset1.tsv,secondary)=194.17 | Stephan1970(Stephan_collection,primary)=186.0 | Stephan1970(Stephan_collection,primary)=186.0 | Stephan1988(Stephan,primary)=186.0 | Frahm1994(Stephan_collection,secondary)=186.0 | Frahm1998(Stephan_collection,secondary)=186.0"
"Loris tardigradus","Body_Mass","g",25,15,"291.6667","1.93","","Isler2008(Isler,secondary)=193.0 | Isler2008(Isler,secondary)=283.8 | Bauernfeind2013(Zilles,secondary)=264.0 | Burger2019(Burger,secondary)=322.0 | Powell2017(Powell,secondary)=192.5 | Wimberly2021(Wimberly,secondary)=249.22 | Genoud2018(Genoud,secondary)=284.0 | Genoud2018(Genoud,secondary)=166.7 | Granatosky2018(Granatosky,secondary)=266.5 | Granatosky2018(Granatosky,secondary)=266.5 | Sherwood2003(Sherwood,secondary)=322.0 | Stephan1981(Stephan_collection,primary)=322.0 | Matano1985(Stephan_collection,secondary)=322.0 | Matano1985(Stephan_collection,secondary)=322.0 | Matano1986(Matano,secondary)=322.0 | Seymour2015(Seymour,primary)=231.0 | Lewitus2014(Lewitus,secondary)=281.44 | Matano1992(Matano,secondary)=322.0 | Wilman2014(Wilman,secondary)=227.67 | NA(10.6084%2Fm9.figshare.c.3899422.v1_Dataset1.tsv,secondary)=192.5 | Stephan1970(Stephan_collection,primary)=322.0 | Stephan1970(Stephan_collection,primary)=322.0 | Stephan1988(Stephan,primary)=322.0 | Frahm1994(Stephan_collection,secondary)=322.0 | Frahm1998(Stephan_collection,secondary)=322.0"
"Pongo pygmaeus","Body_Mass","g",25,16,"54145","6.17","DISAGREEMENT>2x","Krompecher1966(Krompecher,secondary)=21000.0 | MedinaGonzález2026(MedinaGonzález,secondary)=1e+05 | Rilling1999(RillingInsel,secondary)=73500.0 | Isler2008(Isler,secondary)=58542.0 | Isler2008(Isler,secondary)=53529.0 | Isler2008(Isler,secondary)=61463.0 | Isler2008(Isler,secondary)=16200.0 | Bauernfeind2013(Zilles,secondary)=35600.0 | Bauernfeind2013(Zilles,secondary)=78500.0 | deSousa2009(deSousa,secondary)=58000.0 | Burger2019(Burger,secondary)=54229.04 | Powell2017(Powell,secondary)=36947.636 | Genoud2018(Genoud,secondary)=16200.0 | Granatosky2018(Granatosky,secondary)=56750.0 | Granatosky2018(Granatosky,secondary)=56750.0 | Granatosky2018(Granatosky,secondary)=56750.0 | Granatosky2018(Granatosky,secondary)=56750.0 | Rilling1998(RillingInsel,secondary)=73500.0 | Sherwood2003(Sherwood,secondary)=56750.0 | Heffner1983(Heffner,primary)=60000.0 | Heffner1975(Heffner,primary)=60000.0 | Seymour2015(Seymour,primary)=48290.0 | Lewitus2014(Lewitus,secondary)=42447.667 | Wilman2014(Wilman,secondary)=37000.0 | NA(10.6084%2Fm9.figshare.c.3899422.v1_Dataset1.tsv,secondary)=36947.636"
"Saguinus oedipus","Body_Mass","g",25,16,"398.5357","1.76","","Jacobs2018(Jacobs,info)=400.0 | Jacobs2018(Jacobs,info)=400.0 | MedinaGonzález2026(MedinaGonzález,secondary)=520.0 | MacLarnon1996(MacLarnon,secondary)=325.0 | Isler2008(Isler,secondary)=431.0 | Isler2008(Isler,secondary)=500.0 | Bauernfeind2013(Zilles,secondary)=418.0 | Heldstab2016(Heldstab,primary)=427.0 | Burger2019(Burger,secondary)=327.14 | Powell2017(Powell,secondary)=427.082 | Genoud2018(Genoud,secondary)=296.0 | Heffner1975(Heffner,primary)=400.0 | Stephan1981(Stephan_collection,primary)=380.0 | Matano1985(Stephan_collection,secondary)=380.0 | Matano1985(Stephan_collection,secondary)=380.0 | Matano1986(Matano,secondary)=380.0 | Lewitus2014(Lewitus,secondary)=368.833 | Matano1992(Matano,secondary)=380.0 | Wilman2014(Wilman,secondary)=430.0 | NA(10.6084%2Fm9.figshare.c.3899422.v1_Dataset1.tsv,secondary)=427.082 | Stephan1970(Stephan_collection,primary)=405.0 | Stephan1970(Stephan_collection,primary)=405.0 | Stephan1988(Stephan,primary)=380.0 | Frahm1994(Stephan_collection,secondary)=380.0 | Frahm1998(Stephan_collection,secondary)=380.0"
"Perodicticus potto","Body_Mass","g",24,14,"1150","1.7","","MacLarnon1996(MacLarnon,secondary)=953.5 | Isler2008(Isler,secondary)=835.0 | Isler2008(Isler,secondary)=1230.0 | Isler2008(Isler,secondary)=813.0 | Isler2008(Isler,secondary)=964.2 | Bauernfeind2013(Zilles,secondary)=1250.0 | Burger2019(Burger,secondary)=929.33 | Powell2017(Powell,secondary)=838.421 | Genoud2018(Genoud,secondary)=898.0 | Genoud2018(Genoud,secondary)=1386.0 | Granatosky2018(Granatosky,secondary)=833.0 | Sherwood2003(Sherwood,secondary)=833.0 | Stephan1981(Stephan_collection,primary)=1150.0 | Matano1985(Stephan_collection,secondary)=1150.0 | Matano1985(Stephan_collection,secondary)=1150.0 | Matano1986(Matano,secondary)=1150.0 | Lewitus2014(Lewitus,secondary)=1008.428 | Matano1992(Matano,secondary)=1150.0 | Wilman2014(Wilman,secondary)=1099.99 | NA(10.6084%2Fm9.figshare.c.3899422.v1_Dataset1.tsv,secondary)=838.421 | Stephan1970(Stephan_collection,primary)=1150.0 | Stephan1970(Stephan_collection,primary)=1150.0 | Stephan1988(Stephan,primary)=1150.0 | Frahm1994(Stephan_collection,secondary)=1150.0"
"Peromyscus maniculatus","BMR_massspecific","mL O2/h/g",24,1,"2.0226","2.73","DISAGREEMENT>2x","Genoud2018(Genoud,secondary)=2.279 | Genoud2018(Genoud,secondary)=1.6 | Genoud2018(Genoud,secondary)=2.551 | Genoud2018(Genoud,secondary)=1.669 | Genoud2018(Genoud,secondary)=2.042 | Genoud2018(Genoud,secondary)=1.84 | Genoud2018(Genoud,secondary)=1.99 | Genoud2018(Genoud,secondary)=2.04 | Genoud2018(Genoud,secondary)=2.08 | Genoud2018(Genoud,secondary)=1.8 | Genoud2018(Genoud,secondary)=2.979 | Genoud2018(Genoud,secondary)=1.83 | Genoud2018(Genoud,secondary)=2.56 | Genoud2018(Genoud,secondary)=1.743 | Genoud2018(Genoud,secondary)=1.71 | Genoud2018(Genoud,secondary)=2.75 | Genoud2018(Genoud,secondary)=1.092 | Genoud2018(Genoud,secondary)=1.594 | Genoud2018(Genoud,secondary)=2.346 | Genoud2018(Genoud,secondary)=2.98 | Genoud2018(Genoud,secondary)=2.004 | Genoud2018(Genoud,secondary)=1.432 | Genoud2018(Genoud,secondary)=1.582 | Genoud2018(Genoud,secondary)=2.05"
"Peromyscus maniculatus","BMR_wholeanimal","mL O2/h",24,1,"39.0225","2.96","DISAGREEMENT>2x","Genoud2018(Genoud,secondary)=47.4 | Genoud2018(Genoud,secondary)=24.0 | Genoud2018(Genoud,secondary)=52.3 | Genoud2018(Genoud,secondary)=40.4 | Genoud2018(Genoud,secondary)=39.0 | Genoud2018(Genoud,secondary)=37.5 | Genoud2018(Genoud,secondary)=46.17 | Genoud2018(Genoud,secondary)=39.78 | Genoud2018(Genoud,secondary)=39.31 | Genoud2018(Genoud,secondary)=30.6 | Genoud2018(Genoud,secondary)=57.2 | Genoud2018(Genoud,secondary)=47.58 | Genoud2018(Genoud,secondary)=44.03 | Genoud2018(Genoud,secondary)=29.1 | Genoud2018(Genoud,secondary)=31.12 | Genoud2018(Genoud,secondary)=42.63 | Genoud2018(Genoud,secondary)=19.32 | Genoud2018(Genoud,secondary)=30.12 | Genoud2018(Genoud,secondary)=31.2 | Genoud2018(Genoud,secondary)=44.4 | Genoud2018(Genoud,secondary)=44.88 | Genoud2018(Genoud,secondary)=31.8 | Genoud2018(Genoud,secondary)=37.5 | Genoud2018(Genoud,secondary)=49.2"
"Callithrix pygmaea","Body_Mass","g",23,13,"120","4.84","DISAGREEMENT>2x","Jacobs2018(Jacobs,info)=100.0 | Jacobs2018(Jacobs,info)=100.0 | Isler2008(Isler,secondary)=116.0 | Isler2008(Isler,secondary)=138.0 | Bauernfeind2013(Zilles,secondary)=110.0 | Burger2019(Burger,secondary)=134.75 | Powell2017(Powell,secondary)=116.0 | Genoud2018(Genoud,secondary)=116.8 | Genoud2018(Genoud,secondary)=121.6 | Genoud2018(Genoud,secondary)=153.0 | Granatosky2018(Granatosky,secondary)=483.5 | Granatosky2018(Granatosky,secondary)=483.5 | Stephan1981(Stephan_collection,primary)=140.0 | Matano1985(Stephan_collection,secondary)=120.0 | Matano1985(Stephan_collection,secondary)=120.0 | Matano1986(Matano,secondary)=140.0 | Seymour2015(Seymour,primary)=116.0 | Matano1992(Matano,secondary)=120.0 | Wilman2014(Wilman,secondary)=125.0 | NA(10.6084%2Fm9.figshare.c.3899422.v1_Dataset1.tsv,secondary)=116.0 | Stephan1988(Stephan,primary)=120.0 | Frahm1994(Stephan_collection,secondary)=120.0 | Frahm1998(Stephan_collection,secondary)=120.0"
"Cheirogaleus medius","Body_Mass","g",23,14,"201.3333","2.15","DISAGREEMENT>2x","Isler2008(Isler,secondary)=140.0 | Isler2008(Isler,secondary)=300.0 | Burger2019(Burger,secondary)=179.67 | Powell2017(Powell,secondary)=139.5 | Wimberly2021(Wimberly,secondary)=196.76 | Ruf2015(Ruf,primary)=250.0 | Genoud2018(Genoud,secondary)=300.0 | Genoud2018(Genoud,secondary)=259.0 | Genoud2018(Genoud,secondary)=174.0 | Granatosky2018(Granatosky,secondary)=282.5 | Stephan1981(Stephan_collection,primary)=177.0 | Matano1985(Stephan_collection,secondary)=177.0 | Matano1985(Stephan_collection,secondary)=177.0 | Matano1986(Matano,secondary)=177.0 | Veilleux2014(Veilleux,secondary)=180.0 | Lewitus2014(Lewitus,secondary)=214.0 | Matano1992(Matano,secondary)=177.0 | Wilman2014(Wilman,secondary)=181.0 | NA(10.6084%2Fm9.figshare.c.3899422.v1_Dataset1.tsv,secondary)=139.5 | Stephan1970(Stephan_collection,primary)=177.0 | Stephan1970(Stephan_collection,primary)=177.0 | Stephan1988(Stephan,primary)=177.0 | Frahm1994(Stephan_collection,secondary)=177.0"
"Otolemur crassicaudatus","Body_Mass","g",23,14,"946.6667","1.76","","MacLarnon1996(MacLarnon,secondary)=1165.0 | Isler2008(Isler,secondary)=1150.0 | Isler2008(Isler,secondary)=1039.0 | Burger2019(Burger,secondary)=1150.0 | Powell2017(Powell,secondary)=1150.0 | Genoud2018(Genoud,secondary)=1039.0 | Sherwood2003(Sherwood,secondary)=1150.0 | Heffner1983(Heffner,primary)=1140.0 | Heffner1975(Heffner,primary)=1140.0 | Stephan1981(Stephan_collection,primary)=850.0 | Matano1985(Stephan_collection,secondary)=850.0 | Matano1985(Stephan_collection,secondary)=850.0 | Matano1986(Matano,secondary)=850.0 | Veilleux2014(Veilleux,secondary)=1270.0 | Lewitus2014(Lewitus,secondary)=952.428 | Matano1992(Matano,secondary)=850.0 | Wilman2014(Wilman,secondary)=1500.0 | NA(10.6084%2Fm9.figshare.c.3899422.v1_Dataset1.tsv,secondary)=1150.0 | Stephan1970(Stephan_collection,primary)=850.0 | Stephan1970(Stephan_collection,primary)=850.0 | Stephan1988(Stephan,primary)=850.0 | Frahm1994(Stephan_collection,secondary)=850.0 | Frahm1998(Stephan_collection,secondary)=850.0"
"Tupaia glis","Body_Mass","g",23,14,"180.5","1.87","","Nudo1995(Nudo,primary)=230.0 | MedinaGonzález2026(MedinaGonzález,secondary)=180.0 | MedinaGonzález2026(MedinaGonzález,secondary)=151.0 | MedinaGonzález2026(MedinaGonzález,secondary)=210.0 | Haarlem2026(Haarlem,secondary)=142.0 | Burger2019(Burger,secondary)=170.0 | Genoud2018(Genoud,secondary)=123.0 | Genoud2018(Genoud,secondary)=149.8 | Sherwood2003(Sherwood,secondary)=170.0 | Heffner1983(Heffner,primary)=160.0 | Heffner1975(Heffner,primary)=160.0 | Stephan1981(Stephan_collection,primary)=170.0 | Matano1985(Stephan_collection,secondary)=170.0 | Matano1985(Stephan_collection,secondary)=170.0 | Matano1986(Matano,secondary)=170.0 | Veilleux2014(Veilleux,secondary)=130.0 | HerculanoHouzel2015(HerculanoHouzel,secondary)=172.5 | Lewitus2014(Lewitus,secondary)=173.333 | Matano1992(Matano,secondary)=170.0 | Wilman2014(Wilman,secondary)=169.83 | Stephan1970(Stephan_collection,primary)=150.0 | Stephan1970(Stephan_collection,primary)=150.0 | Stephan1988(Stephan,primary)=170.0"
"Cercopithecus mitis","Body_Mass","g",22,13,"6862.381","2.16","DISAGREEMENT>2x","Isler2008(Isler,secondary)=6109.0 | Isler2008(Isler,secondary)=8500.0 | Bauernfeind2013(Zilles,secondary)=5480.0 | Burger2019(Burger,secondary)=6300.0 | Powell2017(Powell,secondary)=3930.0 | Genoud2018(Genoud,secondary)=8500.0 | Granatosky2018(Granatosky,secondary)=5615.0 | Stephan1981(Stephan_collection,primary)=6300.0 | Matano1985(Stephan_collection,secondary)=6300.0 | Matano1985(Stephan_collection,secondary)=6300.0 | Matano1986(Matano,secondary)=6300.0 | Seymour2015(Seymour,primary)=7930.0 | Lewitus2014(Lewitus,secondary)=5041.29 | Matano1992(Matano,secondary)=6300.0 | Wilman2014(Wilman,secondary)=5000.0 | Wilman2014(Wilman,secondary)=4291.5 | NA(10.6084%2Fm9.figshare.c.3899422.v1_Dataset1.tsv,secondary)=3930.0 | Stephan1970(Stephan_collection,primary)=6500.0 | Stephan1970(Stephan_collection,primary)=6500.0 | Stephan1988(Stephan,primary)=6300.0 | Frahm1994(Stephan_collection,secondary)=6300.0 | Frahm1998(Stephan_collection,secondary)=6300.0"
"Eulemur fulvus","Body_Mass","g",22,12,"1400","2.25","DISAGREEMENT>2x","MedinaGonzález2026(MedinaGonzález,secondary)=3000.0 | Isler2008(Isler,secondary)=2292.0 | Isler2008(Isler,secondary)=2135.5 | Burger2019(Burger,secondary)=2292.0 | Powell2017(Powell,secondary)=1781.591 | Genoud2018(Genoud,secondary)=2330.0 | Granatosky2018(Granatosky,secondary)=2291.5 | Granatosky2018(Granatosky,secondary)=2291.5 | Granatosky2018(Granatosky,secondary)=2291.5 | Granatosky2018(Granatosky,secondary)=2291.5 | Stephan1981(Stephan_collection,primary)=1400.0 | Matano1985(Stephan_collection,secondary)=1400.0 | Matano1985(Stephan_collection,secondary)=1400.0 | Matano1986(Matano,secondary)=1400.0 | Lewitus2014(Lewitus,secondary)=1933.8 | Matano1992(Matano,secondary)=1400.0 | Wilman2014(Wilman,secondary)=3150.0 | NA(10.6084%2Fm9.figshare.c.3899422.v1_Dataset1.tsv,secondary)=1781.591 | Stephan1970(Stephan_collection,primary)=1400.0 | Stephan1970(Stephan_collection,primary)=1400.0 | Stephan1988(Stephan,primary)=1400.0 | Frahm1994(Stephan_collection,secondary)=1400.0"
"Galagoides demidoff","Body_Mass","g",22,12,"81","1.46","","Isler2008(Isler,secondary)=75.0 | Isler2008(Isler,secondary)=68.0 | Bauernfeind2013(Zilles,secondary)=63.0 | Burger2019(Burger,secondary)=81.0 | Powell2017(Powell,secondary)=74.649 | Genoud2018(Genoud,secondary)=57.5 | Genoud2018(Genoud,secondary)=55.5 | Genoud2018(Genoud,secondary)=68.0 | Granatosky2018(Granatosky,secondary)=61.5 | Stephan1981(Stephan_collection,primary)=81.0 | Matano1985(Stephan_collection,secondary)=81.0 | Matano1985(Stephan_collection,secondary)=81.0 | Matano1986(Matano,secondary)=81.0 | Lewitus2014(Lewitus,secondary)=71.5 | Matano1992(Matano,secondary)=81.0 | Wilman2014(Wilman,secondary)=66.04 | NA(10.6084%2Fm9.figshare.c.3899422.v1_Dataset1.tsv,secondary)=74.649 | Stephan1970(Stephan_collection,primary)=81.0 | Stephan1970(Stephan_collection,primary)=81.0 | Stephan1988(Stephan,primary)=81.0 | Frahm1994(Stephan_collection,secondary)=81.0 | Frahm1998(Stephan_collection,secondary)=81.0"
"Macaca fascicularis","Body_Mass","g",22,16,"3307.6667","3.67","DISAGREEMENT>2x","Nudo1995(Nudo,primary)=1932.0 | MacLarnon1996(MacLarnon,secondary)=3610.0 | Isler2008(Isler,secondary)=4251.0 | Isler2008(Isler,secondary)=4309.0 | Isler2008(Isler,secondary)=3950.0 | Isler2008(Isler,secondary)=5018.0 | Isler2008(Isler,secondary)=5783.0 | Isler2008(Isler,secondary)=7100.0 | Heldstab2016(Heldstab,primary)=3516.0 | deSousa2009(deSousa,secondary)=3000.0 | Burger2019(Burger,secondary)=3109.45 | Powell2017(Powell,secondary)=3514.4 | Wimberly2021(Wimberly,secondary)=4569.32 | Genoud2018(Genoud,secondary)=7100.0 | Granatosky2018(Granatosky,secondary)=4500.0 | Granatosky2018(Granatosky,secondary)=4500.0 | Sherwood2003(Sherwood,secondary)=4475.0 | Veilleux2014(Veilleux,secondary)=4300.0 | HerculanoHouzel2015(HerculanoHouzel,secondary)=5700.0 | Seymour2015(Seymour,primary)=4475.0 | Wilman2014(Wilman,secondary)=3991.5 | NA(10.6084%2Fm9.figshare.c.3899422.v1_Dataset1.tsv,secondary)=3514.4"
"Oryctolagus cuniculus","Body_Mass","g",22,10,"3515","6.97","DISAGREEMENT>2x","Nudo1995(Nudo,primary)=5230.0 | MacLarnon1996(MacLarnon,secondary)=1972.0 | MacLarnon1996(MacLarnon,secondary)=2480.0 | MacLarnon1996(MacLarnon,secondary)=3352.0 | MacLarnon1996(MacLarnon,secondary)=3579.0 | Haarlem2026(Haarlem,secondary)=1900.0 | Burger2019(Burger,secondary)=2157.6 | Genoud2018(Genoud,secondary)=750.0 | Genoud2018(Genoud,secondary)=2492.0 | Genoud2018(Genoud,secondary)=2072.0 | Genoud2018(Genoud,secondary)=2600.0 | Genoud2018(Genoud,secondary)=2000.0 | Genoud2018(Genoud,secondary)=2200.0 | Genoud2018(Genoud,secondary)=2750.0 | Genoud2018(Genoud,secondary)=4000.0 | Genoud2018(Genoud,secondary)=1242.0 | Genoud2018(Genoud,secondary)=2150.0 | Heffner1975(Heffner,primary)=1800.0 | Veilleux2014(Veilleux,secondary)=1520.0 | HerculanoHouzel2015(HerculanoHouzel,secondary)=4600.0 | Lewitus2014(Lewitus,secondary)=2000.0 | Wilman2014(Wilman,secondary)=1832.22"
"Varecia variegata","Body_Mass","g",22,14,"3177.3333","1.42","","Isler2008(Isler,secondary)=3575.0 | Isler2008(Isler,secondary)=3512.0 | Bauernfeind2013(Zilles,secondary)=3550.0 | Burger2019(Burger,secondary)=2705.5 | Powell2017(Powell,secondary)=3575.0 | Wimberly2021(Wimberly,secondary)=3849.99 | Genoud2018(Genoud,secondary)=3053.0 | Granatosky2018(Granatosky,secondary)=3575.0 | Granatosky2018(Granatosky,secondary)=3575.0 | Stephan1981(Stephan_collection,primary)=3000.0 | Matano1985(Stephan_collection,secondary)=3000.0 | Matano1985(Stephan_collection,secondary)=3000.0 | Matano1986(Matano,secondary)=3000.0 | Seymour2015(Seymour,primary)=3532.0 | Lewitus2014(Lewitus,secondary)=3344.857 | Matano1992(Matano,secondary)=3000.0 | Wilman2014(Wilman,secondary)=3850.0 | NA(10.6084%2Fm9.figshare.c.3899422.v1_Dataset1.tsv,secondary)=3575.0 | Stephan1970(Stephan_collection,primary)=3000.0 | Stephan1970(Stephan_collection,primary)=3000.0 | Stephan1988(Stephan,primary)=3000.0 | Frahm1994(Stephan_collection,secondary)=3000.0"
"Ateles geoffroyi","Body_Mass","g",21,12,"7900","1.51","","Isler2008(Isler,secondary)=7535.0 | Bauernfeind2013(Zilles,secondary)=7780.0 | Heldstab2016(Heldstab,primary)=7700.0 | Burger2019(Burger,secondary)=5774.0 | Powell2017(Powell,secondary)=7700.0 | Wimberly2021(Wimberly,secondary)=7582.4 | Granatosky2018(Granatosky,secondary)=7535.0 | Granatosky2018(Granatosky,secondary)=7535.0 | Granatosky2018(Granatosky,secondary)=7535.0 | Granatosky2018(Granatosky,secondary)=7535.0 | Stephan1981(Stephan_collection,primary)=8000.0 | Matano1985(Stephan_collection,secondary)=8000.0 | Matano1985(Stephan_collection,secondary)=8000.0 | Matano1986(Matano,secondary)=8000.0 | Matano1992(Matano,secondary)=8000.0 | Wilman2014(Wilman,secondary)=5284.94 | NA(10.6084%2Fm9.figshare.c.3899422.v1_Dataset1.tsv,secondary)=7700.0 | Stephan1970(Stephan_collection,primary)=8000.0 | Stephan1970(Stephan_collection,primary)=8000.0 | Stephan1988(Stephan,primary)=8000.0 | Frahm1994(Stephan_collection,secondary)=8000.0"
"Lagothrix lagothricha","Body_Mass","g",21,14,"5920","2.09","DISAGREEMENT>2x","MacLarnon1996(MacLarnon,secondary)=8160.0 | Isler2008(Isler,secondary)=7150.0 | Burger2019(Burger,secondary)=3905.0 | Powell2017(Powell,secondary)=7020.0 | Granatosky2018(Granatosky,secondary)=7150.0 | Sherwood2003(Sherwood,secondary)=5200.0 | Heffner1983(Heffner,primary)=6000.0 | Heffner1975(Heffner,primary)=6000.0 | Stephan1981(Stephan_collection,primary)=5200.0 | Matano1985(Stephan_collection,secondary)=5200.0 | Matano1985(Stephan_collection,secondary)=5200.0 | Matano1986(Matano,secondary)=5200.0 | Seymour2015(Seymour,primary)=7280.0 | Lewitus2014(Lewitus,secondary)=5959.0 | Matano1992(Matano,secondary)=5200.0 | Wilman2014(Wilman,secondary)=6299.99 | NA(10.6084%2Fm9.figshare.c.3899422.v1_Dataset1.tsv,secondary)=7020.0 | Stephan1970(Stephan_collection,primary)=5200.0 | Stephan1970(Stephan_collection,primary)=5200.0 | Stephan1988(Stephan,primary)=5200.0 | Frahm1994(Stephan_collection,secondary)=5200.0"
"Saguinus nigricollis group","Body_Mass","g",21,1,"401.1429","2.1","DISAGREEMENT>2x","Isler2008(Isler,secondary)=250.0 | Isler2008(Isler,secondary)=400.0 | Isler2008(Isler,secondary)=400.0 | Isler2008(Isler,secondary)=482.0 | Isler2008(Isler,secondary)=397.0 | Isler2008(Isler,secondary)=425.0 | Isler2008(Isler,secondary)=450.0 | Isler2008(Isler,secondary)=375.0 | Isler2008(Isler,secondary)=475.0 | Isler2008(Isler,secondary)=425.0 | Isler2008(Isler,secondary)=425.0 | Isler2008(Isler,secondary)=397.0 | Isler2008(Isler,secondary)=400.0 | Isler2008(Isler,secondary)=475.0 | Isler2008(Isler,secondary)=525.0 | Isler2008(Isler,secondary)=450.0 | Isler2008(Isler,secondary)=343.0 | Isler2008(Isler,secondary)=315.0 | Isler2008(Isler,secondary)=320.0 | Isler2008(Isler,secondary)=370.0 | Isler2008(Isler,secondary)=325.0"
"Alouatta seniculus","Body_Mass","g",20,12,"6400","2.26","DISAGREEMENT>2x","Isler2008(Isler,secondary)=5950.0 | Burger2019(Burger,secondary)=2827.5 | Powell2017(Powell,secondary)=5210.0 | Wimberly2021(Wimberly,secondary)=6398.31 | Granatosky2018(Granatosky,secondary)=5950.0 | Granatosky2018(Granatosky,secondary)=5950.0 | Sherwood2003(Sherwood,secondary)=6400.0 | Stephan1981(Stephan_collection,primary)=6400.0 | Matano1985(Stephan_collection,secondary)=6400.0 | Matano1985(Stephan_collection,secondary)=6400.0 | Matano1986(Matano,secondary)=6400.0 | Lewitus2014(Lewitus,secondary)=5889.571 | Matano1992(Matano,secondary)=6400.0 | Wilman2014(Wilman,secondary)=6145.54 | NA(10.6084%2Fm9.figshare.c.3899422.v1_Dataset1.tsv,secondary)=5210.0 | Stephan1970(Stephan_collection,primary)=6400.0 | Stephan1970(Stephan_collection,primary)=6400.0 | Stephan1988(Stephan,primary)=6400.0 | Frahm1994(Stephan_collection,secondary)=6400.0 | Frahm1998(Stephan_collection,secondary)=6400.0"
"Cebus albifrons","Body_Mass","g",20,10,"3033.3333","1.96","","Isler2008(Isler,secondary)=2735.0 | Isler2008(Isler,secondary)=2365.0 | Bauernfeind2013(Zilles,secondary)=3180.0 | Burger2019(Burger,secondary)=1620.0 | Powell2017(Powell,secondary)=2013.25 | Stephan1981(Stephan_collection,primary)=3100.0 | Matano1985(Stephan_collection,secondary)=3100.0 | Matano1985(Stephan_collection,secondary)=3100.0 | Matano1986(Matano,secondary)=3100.0 | Lewitus2014(Lewitus,secondary)=2482.8 | Matano1992(Matano,secondary)=3100.0 | Wilman2014(Wilman,secondary)=2629.0 | NA(10.6084%2Fm9.figshare.c.3899422.v1_Dataset1.tsv,secondary)=2013.25 | Stephan1970(Stephan_collection,primary)=2600.0 | Stephan1970(Stephan_collection,primary)=3000.0 | Stephan1970(Stephan_collection,primary)=2600.0 | Stephan1970(Stephan_collection,primary)=3000.0 | Stephan1988(Stephan,primary)=3100.0 | Frahm1994(Stephan_collection,secondary)=3100.0 | Frahm1998(Stephan_collection,secondary)=3100.0"
"Colobus polykomos group","Body_Mass","g",20,1,"7848.1","2.04","DISAGREEMENT>2x","Isler2008(Isler,secondary)=6700.0 | Isler2008(Isler,secondary)=7258.0 | Isler2008(Isler,secondary)=6804.0 | Isler2008(Isler,secondary)=8000.0 | Isler2008(Isler,secondary)=5800.0 | Isler2008(Isler,secondary)=5600.0 | Isler2008(Isler,secondary)=6800.0 | Isler2008(Isler,secondary)=10000.0 | Isler2008(Isler,secondary)=11400.0 | Isler2008(Isler,secondary)=10400.0 | Isler2008(Isler,secondary)=6100.0 | Isler2008(Isler,secondary)=8500.0 | Isler2008(Isler,secondary)=7000.0 | Isler2008(Isler,secondary)=7500.0 | Isler2008(Isler,secondary)=7000.0 | Isler2008(Isler,secondary)=10000.0 | Isler2008(Isler,secondary)=8000.0 | Isler2008(Isler,secondary)=9100.0 | Isler2008(Isler,secondary)=8400.0 | Isler2008(Isler,secondary)=6600.0"
"Daubentonia madagascariensis","Body_Mass","g",20,13,"2800","1.12","","Isler2008(Isler,secondary)=2555.0 | Isler2008(Isler,secondary)=2590.0 | Burger2019(Burger,secondary)=2800.0 | Powell2017(Powell,secondary)=2594.75 | Wimberly2021(Wimberly,secondary)=2731.37 | Genoud2018(Genoud,secondary)=2562.0 | Granatosky2018(Granatosky,secondary)=2555.0 | Sherwood2003(Sherwood,secondary)=2800.0 | Stephan1981(Stephan_collection,primary)=2800.0 | Matano1985(Stephan_collection,secondary)=2800.0 | Matano1985(Stephan_collection,secondary)=2800.0 | Matano1986(Matano,secondary)=2800.0 | Lewitus2014(Lewitus,secondary)=2640.285 | Matano1992(Matano,secondary)=2800.0 | Wilman2014(Wilman,secondary)=2500.0 | NA(10.6084%2Fm9.figshare.c.3899422.v1_Dataset1.tsv,secondary)=2594.75 | Stephan1970(Stephan_collection,primary)=2800.0 | Stephan1970(Stephan_collection,primary)=2800.0 | Stephan1988(Stephan,primary)=2800.0 | Frahm1994(Stephan_collection,secondary)=2800.0"
"Lophocebus albigena","Body_Mass","g",20,12,"7645","1.71","","Isler2008(Isler,secondary)=6950.0 | Isler2008(Isler,secondary)=6590.0 | Bauernfeind2013(Zilles,secondary)=8250.0 | Burger2019(Burger,secondary)=5125.0 | Powell2017(Powell,secondary)=6010.0 | Granatosky2018(Granatosky,secondary)=8750.0 | Stephan1981(Stephan_collection,primary)=7900.0 | Matano1985(Stephan_collection,secondary)=7900.0 | Matano1985(Stephan_collection,secondary)=7900.0 | Matano1986(Matano,secondary)=7900.0 | Seymour2015(Seymour,primary)=7135.0 | Lewitus2014(Lewitus,secondary)=7992.75 | Matano1992(Matano,secondary)=7900.0 | Wilman2014(Wilman,secondary)=7690.06 | NA(10.6084%2Fm9.figshare.c.3899422.v1_Dataset1.tsv,secondary)=6010.0 | Stephan1970(Stephan_collection,primary)=7900.0 | Stephan1970(Stephan_collection,primary)=7900.0 | Stephan1988(Stephan,primary)=7900.0 | Frahm1994(Stephan_collection,secondary)=7900.0 | Frahm1998(Stephan_collection,secondary)=7900.0"
"Pan paniscus","Body_Mass","g",20,11,"45400","2.56","DISAGREEMENT>2x","MedinaGonzález2026(MedinaGonzález,secondary)=37200.0 | MedinaGonzález2026(MedinaGonzález,secondary)=26300.0 | MedinaGonzález2026(MedinaGonzález,secondary)=28200.0 | MedinaGonzález2026(MedinaGonzález,secondary)=35050.0 | MedinaGonzález2026(MedinaGonzález,secondary)=18900.0 | MedinaGonzález2026(MedinaGonzález,secondary)=48300.0 | Rilling1999(RillingInsel,secondary)=45400.0 | Isler2008(Isler,secondary)=39100.0 | Bauernfeind2013(Zilles,secondary)=45000.0 | Bauernfeind2013(Zilles,secondary)=33200.0 | Bauernfeind2013(Zilles,secondary)=33200.0 | deSousa2009(deSousa,secondary)=33000.0 | Burger2019(Burger,secondary)=39700.0 | Powell2017(Powell,secondary)=33200.0 | Granatosky2018(Granatosky,secondary)=39100.0 | Granatosky2018(Granatosky,secondary)=39100.0 | Rilling1998(RillingInsel,secondary)=45400.0 | Wilman2014(Wilman,secondary)=34000.08 | NA(10.6084%2Fm9.figshare.c.3899422.v1_Dataset1.tsv,secondary)=33200.0 | Weaver2001(Weaver,primary)=45400.0"
"Piliocolobus badius","Body_Mass","g",20,11,"7000","1.43","","Isler2008(Isler,secondary)=8285.0 | Isler2008(Isler,secondary)=7850.0 | Isler2008(Isler,secondary)=5900.0 | Bauernfeind2013(Zilles,secondary)=7050.0 | Burger2019(Burger,secondary)=7000.0 | Powell2017(Powell,secondary)=7132.5 | Granatosky2018(Granatosky,secondary)=8115.0 | Granatosky2018(Granatosky,secondary)=8115.0 | Stephan1981(Stephan_collection,primary)=7000.0 | Matano1985(Stephan_collection,secondary)=7000.0 | Matano1985(Stephan_collection,secondary)=7000.0 | Matano1986(Matano,secondary)=7000.0 | Lewitus2014(Lewitus,secondary)=7854.833 | Matano1992(Matano,secondary)=7000.0 | Wilman2014(Wilman,secondary)=8430.4 | NA(10.6084%2Fm9.figshare.c.3899422.v1_Dataset1.tsv,secondary)=7132.5 | Stephan1970(Stephan_collection,primary)=7000.0 | Stephan1970(Stephan_collection,primary)=7000.0 | Stephan1988(Stephan,primary)=7000.0 | Frahm1994(Stephan_collection,secondary)=7000.0"
"Propithecus verreauxi","Body_Mass","g",20,13,"3403.3333","1.27","","Isler2008(Isler,secondary)=2955.0 | Isler2008(Isler,secondary)=3350.0 | Heldstab2016(Heldstab,primary)=3250.0 | Burger2019(Burger,secondary)=3480.0 | Powell2017(Powell,secondary)=2783.05 | Genoud2018(Genoud,secondary)=3400.0 | Granatosky2018(Granatosky,secondary)=2955.0 | Sherwood2003(Sherwood,secondary)=3480.0 | Stephan1981(Stephan_collection,primary)=3480.0 | Matano1985(Stephan_collection,secondary)=3480.0 | Matano1985(Stephan_collection,secondary)=3480.0 | Matano1986(Matano,secondary)=3480.0 | Lewitus2014(Lewitus,secondary)=3547.125 | Matano1992(Matano,secondary)=3480.0 | Wilman2014(Wilman,secondary)=3480.0 | NA(10.6084%2Fm9.figshare.c.3899422.v1_Dataset1.tsv,secondary)=2783.05 | Stephan1970(Stephan_collection,primary)=3480.0 | Stephan1970(Stephan_collection,primary)=3480.0 | Stephan1988(Stephan,primary)=3480.0 | Frahm1994(Stephan_collection,secondary)=3480.0"
"Cercopithecus ascanius","Body_Mass","g",19,10,"3428.5714","1.45","","Jacobs2018(Jacobs,info)=4200.0 | Jacobs2018(Jacobs,info)=4200.0 | Isler2008(Isler,secondary)=3714.0 | Isler2008(Isler,secondary)=3400.0 | Burger2019(Burger,secondary)=2901.0 | Powell2017(Powell,secondary)=2901.0 | Granatosky2018(Granatosky,secondary)=3425.0 | Stephan1981(Stephan_collection,primary)=3400.0 | Matano1985(Stephan_collection,secondary)=3400.0 | Matano1985(Stephan_collection,secondary)=3400.0 | Matano1986(Matano,secondary)=3400.0 | Matano1992(Matano,secondary)=3400.0 | Wilman2014(Wilman,secondary)=3550.0 | NA(10.6084%2Fm9.figshare.c.3899422.v1_Dataset1.tsv,secondary)=2901.0 | Stephan1970(Stephan_collection,primary)=3600.0 | Stephan1970(Stephan_collection,primary)=3600.0 | Stephan1988(Stephan,primary)=3400.0 | Frahm1994(Stephan_collection,secondary)=3400.0 | Frahm1998(Stephan_collection,secondary)=3400.0"
"Erinaceus europaeus","Body_Mass","g",19,11,"687.29","6.35","DISAGREEMENT>2x","Nudo1995(Nudo,primary)=315.0 | Haarlem2026(Haarlem,secondary)=778.0 | Garwicz2009(Garwicz,secondary)=928.0 | Burger2019(Burger,secondary)=720.44 | Finlay2006(Finlay,primary)=874.16 | Wimberly2021(Wimberly,secondary)=777.95 | Ruf2015(Ruf,primary)=700.0 | Genoud2018(Genoud,secondary)=761.0 | Genoud2018(Genoud,secondary)=889.0 | Genoud2018(Genoud,secondary)=749.0 | Genoud2018(Genoud,secondary)=612.2 | Genoud2018(Genoud,secondary)=2000.0 | Genoud2018(Genoud,secondary)=505.0 | Stephan1981(Stephan_collection,primary)=860.0 | Matano1985(Stephan_collection,secondary)=860.0 | Lewitus2014(Lewitus,secondary)=801.0 | Wilman2014(Wilman,secondary)=771.0 | Stephan1970(Stephan_collection,primary)=860.0 | Stephan1970(Stephan_collection,primary)=860.0"
"Tachyglossus aculeatus","Body_Mass","g",19,8,"3500","2.21","DISAGREEMENT>2x","Burger2019(Burger,secondary)=4250.0 | Wimberly2021(Wimberly,secondary)=3700.0 | Ruf2015(Ruf,primary)=2800.0 | Genoud2018(Genoud,secondary)=2363.0 | Genoud2018(Genoud,secondary)=3000.0 | Genoud2018(Genoud,secondary)=3500.0 | Genoud2018(Genoud,secondary)=4000.0 | Genoud2018(Genoud,secondary)=4000.0 | Genoud2018(Genoud,secondary)=4000.0 | Genoud2018(Genoud,secondary)=3400.0 | Genoud2018(Genoud,secondary)=2140.0 | Genoud2018(Genoud,secondary)=2730.0 | Genoud2018(Genoud,secondary)=3293.0 | Genoud2018(Genoud,secondary)=3123.0 | Genoud2018(Genoud,secondary)=3580.0 | Heffner1975(Heffner,primary)=4200.0 | Veilleux2014(Veilleux,secondary)=3550.0 | Lewitus2014(Lewitus,secondary)=4720.0 | Wilman2014(Wilman,secondary)=3025.0"
"southern group","Body_Mass","g",19,1,"10134.3158","2.5","DISAGREEMENT>2x","Isler2008(Isler,secondary)=7711.0 | Isler2008(Isler,secondary)=10433.0 | Isler2008(Isler,secondary)=9979.0 | Isler2008(Isler,secondary)=12247.0 | Isler2008(Isler,secondary)=9979.0 | Isler2008(Isler,secondary)=10433.0 | Isler2008(Isler,secondary)=10319.0 | Isler2008(Isler,secondary)=9072.0 | Isler2008(Isler,secondary)=9526.0 | Isler2008(Isler,secondary)=15876.0 | Isler2008(Isler,secondary)=6804.0 | Isler2008(Isler,secondary)=6350.0 | Isler2008(Isler,secondary)=11453.0 | Isler2008(Isler,secondary)=13381.0 | Isler2008(Isler,secondary)=9526.0 | Isler2008(Isler,secondary)=10886.0 | Isler2008(Isler,secondary)=12474.0 | Isler2008(Isler,secondary)=8165.0 | Isler2008(Isler,secondary)=7938.0"
"Erythrocebus patas","Body_Mass","g",18,12,"7800","3.15","DISAGREEMENT>2x","Isler2008(Isler,secondary)=9450.0 | Isler2008(Isler,secondary)=3000.0 | Burger2019(Burger,secondary)=7376.0 | Powell2017(Powell,secondary)=6500.0 | Genoud2018(Genoud,secondary)=3000.0 | Granatosky2018(Granatosky,secondary)=8000.0 | Sherwood2003(Sherwood,secondary)=8185.0 | Stephan1981(Stephan_collection,primary)=7800.0 | Matano1985(Stephan_collection,secondary)=7800.0 | Matano1985(Stephan_collection,secondary)=7800.0 | Matano1986(Matano,secondary)=7800.0 | Lewitus2014(Lewitus,secondary)=7421.4 | Matano1992(Matano,secondary)=7800.0 | Wilman2014(Wilman,secondary)=8090.0 | NA(10.6084%2Fm9.figshare.c.3899422.v1_Dataset1.tsv,secondary)=6500.0 | Stephan1988(Stephan,primary)=7800.0 | Frahm1994(Stephan_collection,secondary)=7800.0 | Frahm1998(Stephan_collection,secondary)=7800.0"
"Octodon degus","Body_Mass","g",18,3,"202.3181","1.71","","Burger2019(Burger,secondary)=210.0 | Genoud2018(Genoud,secondary)=195.0 | Genoud2018(Genoud,secondary)=206.4 | Genoud2018(Genoud,secondary)=229.2 | Genoud2018(Genoud,secondary)=149.6 | Genoud2018(Genoud,secondary)=179.9 | Genoud2018(Genoud,secondary)=184.3 | Genoud2018(Genoud,secondary)=184.3 | Genoud2018(Genoud,secondary)=237.1 | Genoud2018(Genoud,secondary)=182.7 | Genoud2018(Genoud,secondary)=206.0 | Genoud2018(Genoud,secondary)=182.17 | Genoud2018(Genoud,secondary)=207.2 | Genoud2018(Genoud,secondary)=148.6 | Genoud2018(Genoud,secondary)=138.4 | Genoud2018(Genoud,secondary)=178.2 | Genoud2018(Genoud,secondary)=182.2 | Wilman2014(Wilman,secondary)=210.0"
"Papio anubis","Body_Mass","g",18,12,"25000","2.63","DISAGREEMENT>2x","MacLarnon1996(MacLarnon,secondary)=21750.0 | Isler2008(Isler,secondary)=18150.0 | Isler2008(Isler,secondary)=9500.0 | Burger2019(Burger,secondary)=13300.0 | Powell2017(Powell,secondary)=12200.0 | Genoud2018(Genoud,secondary)=9500.0 | Granatosky2018(Granatosky,secondary)=18400.0 | Sherwood2003(Sherwood,secondary)=19200.0 | Stephan1981(Stephan_collection,primary)=25000.0 | Matano1985(Stephan_collection,secondary)=25000.0 | Matano1985(Stephan_collection,secondary)=25000.0 | Matano1986(Matano,secondary)=25000.0 | Matano1992(Matano,secondary)=25000.0 | Wilman2014(Wilman,secondary)=17728.56 | NA(10.6084%2Fm9.figshare.c.3899422.v1_Dataset1.tsv,secondary)=12200.0 | Stephan1988(Stephan,primary)=25000.0 | Frahm1994(Stephan_collection,secondary)=25000.0 | Frahm1998(Stephan_collection,secondary)=25000.0"
"Saguinus midas","Body_Mass","g",18,11,"340","1.66","","Isler2008(Isler,secondary)=563.0 | Burger2019(Burger,secondary)=563.0 | Powell2017(Powell,secondary)=535.0 | Granatosky2018(Granatosky,secondary)=545.0 | Stephan1981(Stephan_collection,primary)=340.0 | Matano1985(Stephan_collection,secondary)=340.0 | Matano1985(Stephan_collection,secondary)=340.0 | Matano1986(Matano,secondary)=340.0 | Veilleux2014(Veilleux,secondary)=430.0 | Lewitus2014(Lewitus,secondary)=439.2 | Matano1992(Matano,secondary)=340.0 | Wilman2014(Wilman,secondary)=540.0 | NA(10.6084%2Fm9.figshare.c.3899422.v1_Dataset1.tsv,secondary)=535.0 | Stephan1970(Stephan_collection,primary)=340.0 | Stephan1970(Stephan_collection,primary)=340.0 | Stephan1988(Stephan,primary)=340.0 | Frahm1994(Stephan_collection,secondary)=340.0 | Frahm1998(Stephan_collection,secondary)=340.0"
"Cheirogaleus major","Body_Mass","g",17,10,"450","1.12","","Isler2008(Isler,secondary)=400.0 | Burger2019(Burger,secondary)=450.0 | Powell2017(Powell,secondary)=400.0 | Granatosky2018(Granatosky,secondary)=400.0 | Stephan1981(Stephan_collection,primary)=450.0 | Matano1985(Stephan_collection,secondary)=450.0 | Matano1985(Stephan_collection,secondary)=450.0 | Matano1986(Matano,secondary)=450.0 | Lewitus2014(Lewitus,secondary)=433.25 | Matano1992(Matano,secondary)=450.0 | Wilman2014(Wilman,secondary)=450.0 | NA(10.6084%2Fm9.figshare.c.3899422.v1_Dataset1.tsv,secondary)=400.0 | Stephan1970(Stephan_collection,primary)=450.0 | Stephan1970(Stephan_collection,primary)=450.0 | Stephan1988(Stephan,primary)=450.0 | Frahm1994(Stephan_collection,secondary)=450.0 | Frahm1998(Stephan_collection,secondary)=450.0"
"Indri indri","Body_Mass","g",17,10,"6250","1.37","","Isler2008(Isler,secondary)=6335.0 | Bauernfeind2013(Zilles,secondary)=5830.0 | Burger2019(Burger,secondary)=6250.0 | Powell2017(Powell,secondary)=6485.0 | Stephan1981(Stephan_collection,primary)=6250.0 | Matano1985(Stephan_collection,secondary)=6250.0 | Matano1985(Stephan_collection,secondary)=6250.0 | Matano1986(Matano,secondary)=6250.0 | Lewitus2014(Lewitus,secondary)=7410.833 | Matano1992(Matano,secondary)=6250.0 | Wilman2014(Wilman,secondary)=8000.0 | NA(10.6084%2Fm9.figshare.c.3899422.v1_Dataset1.tsv,secondary)=6485.0 | Stephan1970(Stephan_collection,primary)=6250.0 | Stephan1970(Stephan_collection,primary)=6250.0 | Stephan1988(Stephan,primary)=6250.0 | Frahm1994(Stephan_collection,secondary)=6250.0 | Frahm1998(Stephan_collection,secondary)=6250.0"
"Lemur catta","Body_Mass","g",17,14,"2173.3333","1.48","","Isler2008(Isler,secondary)=2210.0 | Isler2008(Isler,secondary)=2510.0 | Heldstab2016(Heldstab,primary)=2210.0 | Burger2019(Burger,secondary)=2090.0 | Powell2017(Powell,secondary)=2187.95 | Wimberly2021(Wimberly,secondary)=2626.48 | Genoud2018(Genoud,secondary)=2512.0 | Genoud2018(Genoud,secondary)=2527.0 | Granatosky2018(Granatosky,secondary)=2210.0 | Sherwood2003(Sherwood,secondary)=2210.0 | Heffner1983(Heffner,primary)=2100.0 | Heffner1975(Heffner,primary)=2100.0 | Veilleux2014(Veilleux,secondary)=1960.0 | Seymour2015(Seymour,primary)=2210.0 | Lewitus2014(Lewitus,secondary)=2264.25 | Wilman2014(Wilman,secondary)=2900.0 | NA(10.6084%2Fm9.figshare.c.3899422.v1_Dataset1.tsv,secondary)=2187.95"
"Macaca sinica group","Body_Mass","g",17,1,"6468.6471","3.5","DISAGREEMENT>2x","Isler2008(Isler,secondary)=7031.0 | Isler2008(Isler,secondary)=12701.0 | Isler2008(Isler,secondary)=11340.0 | Isler2008(Isler,secondary)=4082.0 | Isler2008(Isler,secondary)=3629.0 | Isler2008(Isler,secondary)=3856.0 | Isler2008(Isler,secondary)=6577.0 | Isler2008(Isler,secondary)=5897.0 | Isler2008(Isler,secondary)=8845.0 | Isler2008(Isler,secondary)=5443.0 | Isler2008(Isler,secondary)=4536.0 | Isler2008(Isler,secondary)=6577.0 | Isler2008(Isler,secondary)=7000.0 | Isler2008(Isler,secondary)=8392.0 | Isler2008(Isler,secondary)=4536.0 | Isler2008(Isler,secondary)=5443.0 | Isler2008(Isler,secondary)=4082.0"
"Sapajus apella","Body_Mass","g",17,13,"2163","2.67","DISAGREEMENT>2x","Rilling1999(RillingInsel,secondary)=3200.0 | Isler2008(Isler,secondary)=2936.0 | Heldstab2016(Heldstab,primary)=2501.0 | Burger2019(Burger,secondary)=2589.0 | Powell2017(Powell,secondary)=2538.76 | Wimberly2021(Wimberly,secondary)=2758.38 | Granatosky2018(Granatosky,secondary)=3085.0 | Granatosky2018(Granatosky,secondary)=3085.0 | Granatosky2018(Granatosky,secondary)=3085.0 | Rilling1998(RillingInsel,secondary)=3200.0 | Heffner1983(Heffner,primary)=2400.0 | Heffner1975(Heffner,primary)=1250.0 | Veilleux2014(Veilleux,secondary)=2770.0 | HerculanoHouzel2015(HerculanoHouzel,secondary)=3340.0 | Chaplin2013(Chaplin,info)=3300.0 | Wilman2014(Wilman,secondary)=2500.0 | NA(10.6084%2Fm9.figshare.c.3899422.v1_Dataset1.tsv,secondary)=2538.76"
"Subgenus Torquatus","Body_Mass","g",17,1,"1134.1765","2","","Isler2008(Isler,secondary)=1200.0 | Isler2008(Isler,secondary)=1000.0 | Isler2008(Isler,secondary)=700.0 | Isler2008(Isler,secondary)=1200.0 | Isler2008(Isler,secondary)=800.0 | Isler2008(Isler,secondary)=1200.0 | Isler2008(Isler,secondary)=1000.0 | Isler2008(Isler,secondary)=1400.0 | Isler2008(Isler,secondary)=1000.0 | Isler2008(Isler,secondary)=1400.0 | Isler2008(Isler,secondary)=1049.0 | Isler2008(Isler,secondary)=1191.0 | Isler2008(Isler,secondary)=1247.0 | Isler2008(Isler,secondary)=1332.0 | Isler2008(Isler,secondary)=1162.0 | Isler2008(Isler,secondary)=1300.0 | Isler2008(Isler,secondary)=1100.0"
"Ateles belzebuth group","Body_Mass","g",16,1,"8151.8125","1.53","","Isler2008(Isler,secondary)=8500.0 | Isler2008(Isler,secondary)=9800.0 | Isler2008(Isler,secondary)=10400.0 | Isler2008(Isler,secondary)=7200.0 | Isler2008(Isler,secondary)=7500.0 | Isler2008(Isler,secondary)=7600.0 | Isler2008(Isler,secondary)=8391.0 | Isler2008(Isler,secondary)=7900.0 | Isler2008(Isler,secondary)=7800.0 | Isler2008(Isler,secondary)=7711.0 | Isler2008(Isler,secondary)=6804.0 | Isler2008(Isler,secondary)=8165.0 | Isler2008(Isler,secondary)=8391.0 | Isler2008(Isler,secondary)=9299.0 | Isler2008(Isler,secondary)=7711.0 | Isler2008(Isler,secondary)=7257.0"
"Ateles geoffroyi group","Body_Mass","g",16,1,"7401.0625","1.95","","Isler2008(Isler,secondary)=8000.0 | Isler2008(Isler,secondary)=7257.0 | Isler2008(Isler,secondary)=8618.0 | Isler2008(Isler,secondary)=8180.0 | Isler2008(Isler,secondary)=7270.0 | Isler2008(Isler,secondary)=7940.0 | Isler2008(Isler,secondary)=4650.0 | Isler2008(Isler,secondary)=8500.0 | Isler2008(Isler,secondary)=6360.0 | Isler2008(Isler,secondary)=6600.0 | Isler2008(Isler,secondary)=6600.0 | Isler2008(Isler,secondary)=6350.0 | Isler2008(Isler,secondary)=6124.0 | Isler2008(Isler,secondary)=9072.0 | Isler2008(Isler,secondary)=8618.0 | Isler2008(Isler,secondary)=8278.0"
"Avahi laniger","Body_Mass","g",16,10,"1214.1667","1.49","","Isler2008(Isler,secondary)=1207.0 | Bauernfeind2013(Zilles,secondary)=1030.0 | Burger2019(Burger,secondary)=1285.0 | Powell2017(Powell,secondary)=1207.0 | Stephan1981(Stephan_collection,primary)=1285.0 | Matano1985(Stephan_collection,secondary)=1285.0 | Matano1985(Stephan_collection,secondary)=1285.0 | Matano1986(Matano,secondary)=1285.0 | Lewitus2014(Lewitus,secondary)=1200.143 | Matano1992(Matano,secondary)=860.0 | Wilman2014(Wilman,secondary)=900.0 | NA(10.6084%2Fm9.figshare.c.3899422.v1_Dataset1.tsv,secondary)=1207.0 | Stephan1970(Stephan_collection,primary)=860.0 | Stephan1970(Stephan_collection,primary)=860.0 | Stephan1988(Stephan,primary)=1285.0 | Frahm1994(Stephan_collection,secondary)=1285.0"
"Bos taurus","Body_Mass","g",16,7,"308000","19.52","DISAGREEMENT>2x","Weibel2004(Weibel,primary)=141000.0 | Weibel2004(Weibel,primary)=475000.0 | Weibel2004(Weibel,primary)=141000.0 | Weibel2004(Weibel,primary)=475000.0 | Garwicz2009(Garwicz,secondary)=520000.0 | Burger2019(Burger,secondary)=46100.0 | Wimberly2021(Wimberly,secondary)=618642.42 | Genoud2018(Genoud,secondary)=5e+05 | Genoud2018(Genoud,secondary)=6e+05 | Genoud2018(Genoud,secondary)=347000.0 | Genoud2018(Genoud,secondary)=225000.0 | Genoud2018(Genoud,secondary)=145000.0 | Genoud2018(Genoud,secondary)=275000.0 | Genoud2018(Genoud,secondary)=2e+05 | Veilleux2014(Veilleux,secondary)=679050.0 | Wilman2014(Wilman,secondary)=9e+05"
"Callimico goeldii","Body_Mass","g",16,11,"481.6667","1.4","","Isler2008(Isler,secondary)=484.0 | Isler2008(Isler,secondary)=557.0 | Heldstab2016(Heldstab,primary)=485.0 | Burger2019(Burger,secondary)=484.0 | Powell2017(Powell,secondary)=396.929 | Genoud2018(Genoud,secondary)=547.0 | Genoud2018(Genoud,secondary)=557.0 | Granatosky2018(Granatosky,secondary)=483.5 | Granatosky2018(Granatosky,secondary)=483.5 | Stephan1981(Stephan_collection,primary)=480.0 | Lewitus2014(Lewitus,secondary)=492.2 | Wilman2014(Wilman,secondary)=480.0 | NA(10.6084%2Fm9.figshare.c.3899422.v1_Dataset1.tsv,secondary)=396.929 | Stephan1988(Stephan,primary)=480.0 | Frahm1994(Stephan_collection,secondary)=480.0 | Frahm1998(Stephan_collection,secondary)=480.0"
"Lepilemur ruficaudatus","Body_Mass","g",16,10,"915","1.32","","Isler2008(Isler,secondary)=805.0 | Burger2019(Burger,secondary)=804.5 | Powell2017(Powell,secondary)=780.5 | Genoud2018(Genoud,secondary)=693.0 | Stephan1981(Stephan_collection,primary)=915.0 | Matano1985(Stephan_collection,secondary)=915.0 | Matano1985(Stephan_collection,secondary)=915.0 | Matano1986(Matano,secondary)=915.0 | Lewitus2014(Lewitus,secondary)=821.893 | Matano1992(Matano,secondary)=915.0 | Wilman2014(Wilman,secondary)=700.0 | NA(10.6084%2Fm9.figshare.c.3899422.v1_Dataset1.tsv,secondary)=780.5 | Stephan1970(Stephan_collection,primary)=915.0 | Stephan1970(Stephan_collection,primary)=915.0 | Stephan1988(Stephan,primary)=915.0 | Frahm1994(Stephan_collection,secondary)=915.0"
"Meriones unguiculatus","Body_Mass","g",16,5,"57.5283","1.68","","Haarlem2026(Haarlem,secondary)=58.1 | Burger2019(Burger,secondary)=57.4 | Genoud2018(Genoud,secondary)=66.9 | Genoud2018(Genoud,secondary)=58.1 | Genoud2018(Genoud,secondary)=58.0 | Genoud2018(Genoud,secondary)=44.2 | Genoud2018(Genoud,secondary)=74.0 | Genoud2018(Genoud,secondary)=53.5 | Genoud2018(Genoud,secondary)=68.4 | Genoud2018(Genoud,secondary)=44.0 | Genoud2018(Genoud,secondary)=55.0 | Genoud2018(Genoud,secondary)=56.7 | Genoud2018(Genoud,secondary)=63.6 | Genoud2018(Genoud,secondary)=63.7 | Veilleux2014(Veilleux,secondary)=60.0 | Wilman2014(Wilman,secondary)=53.3"
"Octodon degus","BMR_massspecific","mL O2/h/g",16,1,"0.8741","2.54","DISAGREEMENT>2x","Genoud2018(Genoud,secondary)=0.933 | Genoud2018(Genoud,secondary)=0.85 | Genoud2018(Genoud,secondary)=0.82 | Genoud2018(Genoud,secondary)=0.771 | Genoud2018(Genoud,secondary)=0.828 | Genoud2018(Genoud,secondary)=0.702 | Genoud2018(Genoud,secondary)=0.797 | Genoud2018(Genoud,secondary)=0.78 | Genoud2018(Genoud,secondary)=1.65 | Genoud2018(Genoud,secondary)=0.93 | Genoud2018(Genoud,secondary)=0.887 | Genoud2018(Genoud,secondary)=0.65 | Genoud2018(Genoud,secondary)=0.775 | Genoud2018(Genoud,secondary)=0.945 | Genoud2018(Genoud,secondary)=0.825 | Genoud2018(Genoud,secondary)=0.843"
"Octodon degus","BMR_wholeanimal","mL O2/h",16,1,"162.9112","2.62","DISAGREEMENT>2x","Genoud2018(Genoud,secondary)=181.9 | Genoud2018(Genoud,secondary)=175.44 | Genoud2018(Genoud,secondary)=187.94 | Genoud2018(Genoud,secondary)=115.4 | Genoud2018(Genoud,secondary)=149.0 | Genoud2018(Genoud,secondary)=129.4 | Genoud2018(Genoud,secondary)=146.8 | Genoud2018(Genoud,secondary)=184.9 | Genoud2018(Genoud,secondary)=301.5 | Genoud2018(Genoud,secondary)=191.6 | Genoud2018(Genoud,secondary)=161.5 | Genoud2018(Genoud,secondary)=134.6 | Genoud2018(Genoud,secondary)=115.2 | Genoud2018(Genoud,secondary)=130.8 | Genoud2018(Genoud,secondary)=147.0 | Genoud2018(Genoud,secondary)=153.6"
"Ovis aries","Body_Mass","g",16,11,"50900","5.05","DISAGREEMENT>2x","MedinaGonzález2026(MedinaGonzález,secondary)=70000.0 | Weibel2004(Weibel,primary)=21800.0 | Weibel2004(Weibel,primary)=21800.0 | Haarlem2026(Haarlem,secondary)=110000.0 | Haarlem2026(Haarlem,secondary)=110000.0 | Garwicz2009(Garwicz,secondary)=48800.0 | Burger2019(Burger,secondary)=55500.0 | Wimberly2021(Wimberly,secondary)=39097.89 | Genoud2018(Genoud,secondary)=45000.0 | Genoud2018(Genoud,secondary)=50000.0 | Genoud2018(Genoud,secondary)=25600.0 | Genoud2018(Genoud,secondary)=27700.0 | Heffner1975(Heffner,primary)=80000.0 | Veilleux2014(Veilleux,secondary)=52100.0 | Lewitus2014(Lewitus,secondary)=63966.667 | Wilman2014(Wilman,secondary)=50000.0"
"Papio cynocephalus anubis","Body_Mass","g",16,1,"20375","1.31","","Young2013(Young,info)=17800.0 | Young2013(Young,info)=21700.0 | Young2013(Young,info)=18600.0 | Young2013(Young,info)=23400.0 | Young2013(Young,info)=17800.0 | Young2013(Young,info)=21700.0 | Young2013(Young,info)=18600.0 | Young2013(Young,info)=23400.0 | Young2013(Young,info)=17800.0 | Young2013(Young,info)=21700.0 | Young2013(Young,info)=18600.0 | Young2013(Young,info)=23400.0 | Young2013(Young,info)=17800.0 | Young2013(Young,info)=21700.0 | Young2013(Young,info)=18600.0 | Young2013(Young,info)=23400.0"
"Callicebus moloch","Body_Mass","g",15,8,"864.2857","1.52","","Burger2019(Burger,secondary)=900.0 | Powell2017(Powell,secondary)=988.0 | Stephan1981(Stephan_collection,primary)=900.0 | Matano1985(Stephan_collection,secondary)=900.0 | Matano1985(Stephan_collection,secondary)=900.0 | Matano1986(Matano,secondary)=900.0 | Lewitus2014(Lewitus,secondary)=980.0 | Matano1992(Matano,secondary)=900.0 | Wilman2014(Wilman,secondary)=854.73 | NA(10.6084%2Fm9.figshare.c.3899422.v1_Dataset1.tsv,secondary)=988.0 | Stephan1970(Stephan_collection,primary)=650.0 | Stephan1970(Stephan_collection,primary)=650.0 | Stephan1988(Stephan,primary)=900.0 | Frahm1994(Stephan_collection,secondary)=900.0 | Frahm1998(Stephan_collection,secondary)=900.0"
"Echinops telfairi","Body_Mass","g",15,7,"86.8875","2.12","DISAGREEMENT>2x","Burger2019(Burger,secondary)=87.5 | Finlay2006(Finlay,primary)=87.55 | Ruf2015(Ruf,primary)=85.0 | Genoud2018(Genoud,secondary)=116.4 | Genoud2018(Genoud,secondary)=140.6 | Genoud2018(Genoud,secondary)=152.5 | Genoud2018(Genoud,secondary)=174.8 | Stephan1981(Stephan_collection,primary)=87.5 | Matano1985(Stephan_collection,secondary)=87.5 | Matano1985(Stephan_collection,secondary)=87.5 | Wilman2014(Wilman,secondary)=180.0 | Stephan1970(Stephan_collection,primary)=87.5 | Stephan1970(Stephan_collection,primary)=87.5 | Stephan1988(Stephan,primary)=87.5 | Frahm1994(Stephan_collection,secondary)=87.5"
"Galago","Body_Mass","g",15,1,"1111.8","2.9","DISAGREEMENT>2x","Burish2010(Burish,review)=1408.0 | Burish2010(Burish,review)=1018.0 | Burish2010(Burish,review)=1254.0 | Burish2010(Burish,review)=1400.0 | Burish2010(Burish,review)=1000.0 | Burish2010(Burish,review)=486.0 | Burish2010(Burish,review)=1100.0 | Burish2010(Burish,review)=1400.0 | Burish2010(Burish,review)=1040.0 | Burish2010(Burish,review)=1200.0 | Burish2010(Burish,review)=1400.0 | Burish2010(Burish,review)=1100.0 | Burish2010(Burish,review)=1100.0 | Burish2010(Burish,review)=1000.0 | Burish2010(Burish,review)=771.0"
"Homo sapiens","BMR_massspecific","mL O2/h/g",15,3,"0.2012","1.58","","Isler2008(Isler,secondary)=0.206 | Boyer2018(Boyer,secondary)=0.208 | Genoud2018(Genoud,secondary)=0.198 | Genoud2018(Genoud,secondary)=0.207 | Genoud2018(Genoud,secondary)=0.209 | Genoud2018(Genoud,secondary)=0.247 | Genoud2018(Genoud,secondary)=0.159 | Genoud2018(Genoud,secondary)=0.176 | Genoud2018(Genoud,secondary)=0.183 | Genoud2018(Genoud,secondary)=0.192 | Genoud2018(Genoud,secondary)=0.169 | Genoud2018(Genoud,secondary)=0.156 | Genoud2018(Genoud,secondary)=0.215 | Genoud2018(Genoud,secondary)=0.179 | Genoud2018(Genoud,secondary)=0.179"
"Homo sapiens","BMR_wholeanimal","mL O2/h",15,3,"12925.1607","1.51","","Isler2008(Isler,secondary)=12457.0 | Boyer2018(Boyer,secondary)=13504.328 | Genoud2018(Genoud,secondary)=13377.0 | Genoud2018(Genoud,secondary)=12500.0 | Genoud2018(Genoud,secondary)=10740.0 | Genoud2018(Genoud,secondary)=13080.0 | Genoud2018(Genoud,secondary)=10125.0 | Genoud2018(Genoud,secondary)=15246.0 | Genoud2018(Genoud,secondary)=12646.0 | Genoud2018(Genoud,secondary)=12653.0 | Genoud2018(Genoud,secondary)=12494.0 | Genoud2018(Genoud,secondary)=13950.0 | Genoud2018(Genoud,secondary)=13676.0 | Genoud2018(Genoud,secondary)=13751.0 | Genoud2018(Genoud,secondary)=12346.0"
"Pithecia monachus","Body_Mass","g",15,8,"1500","1.57","","Isler2008(Isler,secondary)=2360.0 | Burger2019(Burger,secondary)=1500.0 | Powell2017(Powell,secondary)=2292.722 | Stephan1981(Stephan_collection,primary)=1500.0 | Matano1985(Stephan_collection,secondary)=1500.0 | Matano1985(Stephan_collection,secondary)=1500.0 | Matano1986(Matano,secondary)=1500.0 | Matano1992(Matano,secondary)=1500.0 | Wilman2014(Wilman,secondary)=1537.52 | NA(10.6084%2Fm9.figshare.c.3899422.v1_Dataset1.tsv,secondary)=2292.722 | Stephan1970(Stephan_collection,primary)=1500.0 | Stephan1970(Stephan_collection,primary)=1500.0 | Stephan1988(Stephan,primary)=1500.0 | Frahm1994(Stephan_collection,secondary)=1500.0 | Frahm1998(Stephan_collection,secondary)=1500.0"
"Pygathrix nemaeus","Body_Mass","g",15,11,"7500","1.33","","Isler2008(Isler,secondary)=9720.0 | Burger2019(Burger,secondary)=7500.0 | Powell2017(Powell,secondary)=9980.0 | Wimberly2021(Wimberly,secondary)=9411.1 | Granatosky2018(Granatosky,secondary)=9525.5 | Stephan1981(Stephan_collection,primary)=7500.0 | Matano1985(Stephan_collection,secondary)=7500.0 | Matano1985(Stephan_collection,secondary)=7500.0 | Matano1986(Matano,secondary)=7500.0 | Lewitus2014(Lewitus,secondary)=8481.667 | Matano1992(Matano,secondary)=7500.0 | Wilman2014(Wilman,secondary)=8310.0 | NA(10.6084%2Fm9.figshare.c.3899422.v1_Dataset1.tsv,secondary)=9980.0 | Stephan1988(Stephan,primary)=7500.0 | Frahm1994(Stephan_collection,secondary)=7500.0"
"Rattus norvegicus","BMR_massspecific","mL O2/h/g",15,1,"1.0595","3.36","DISAGREEMENT>2x","Genoud2018(Genoud,secondary)=1.679 | Genoud2018(Genoud,secondary)=1.265 | Genoud2018(Genoud,secondary)=0.877 | Genoud2018(Genoud,secondary)=0.964 | Genoud2018(Genoud,secondary)=0.721 | Genoud2018(Genoud,secondary)=0.762 | Genoud2018(Genoud,secondary)=1.186 | Genoud2018(Genoud,secondary)=1.522 | Genoud2018(Genoud,secondary)=1.02 | Genoud2018(Genoud,secondary)=1.062 | Genoud2018(Genoud,secondary)=1.15 | Genoud2018(Genoud,secondary)=1.175 | Genoud2018(Genoud,secondary)=1.27 | Genoud2018(Genoud,secondary)=0.74 | Genoud2018(Genoud,secondary)=0.5"
"Rattus norvegicus","BMR_wholeanimal","mL O2/h",15,1,"244.0487","6.92","DISAGREEMENT>2x","Genoud2018(Genoud,secondary)=231.5 | Genoud2018(Genoud,secondary)=283.7 | Genoud2018(Genoud,secondary)=183.2 | Genoud2018(Genoud,secondary)=215.0 | Genoud2018(Genoud,secondary)=288.2 | Genoud2018(Genoud,secondary)=267.3 | Genoud2018(Genoud,secondary)=464.8 | Genoud2018(Genoud,secondary)=380.6 | Genoud2018(Genoud,secondary)=391.7 | Genoud2018(Genoud,secondary)=268.7 | Genoud2018(Genoud,secondary)=228.9 | Genoud2018(Genoud,secondary)=137.5 | Genoud2018(Genoud,secondary)=164.9 | Genoud2018(Genoud,secondary)=87.6 | Genoud2018(Genoud,secondary)=67.13"
"Sminthopsis crassicaudata","Body_Mass","g",15,6,"18.5","1.69","","Burger2019(Burger,secondary)=15.0 | Finlay2006(Finlay,primary)=20.0 | Ruf2015(Ruf,primary)=17.0 | Genoud2018(Genoud,secondary)=14.5 | Genoud2018(Genoud,secondary)=14.1 | Genoud2018(Genoud,secondary)=19.0 | Genoud2018(Genoud,secondary)=17.7 | Genoud2018(Genoud,secondary)=15.6 | Genoud2018(Genoud,secondary)=14.2 | Genoud2018(Genoud,secondary)=11.8 | Genoud2018(Genoud,secondary)=19.0 | Genoud2018(Genoud,secondary)=17.46 | Genoud2018(Genoud,secondary)=15.8 | Veilleux2014(Veilleux,secondary)=15.0 | Wilman2014(Wilman,secondary)=15.0"
"Subgenus Callithrix","Body_Mass","g",15,1,"328.8","1.94","","Isler2008(Isler,secondary)=227.0 | Isler2008(Isler,secondary)=285.0 | Isler2008(Isler,secondary)=270.0 | Isler2008(Isler,secondary)=280.0 | Isler2008(Isler,secondary)=360.0 | Isler2008(Isler,secondary)=420.0 | Isler2008(Isler,secondary)=340.0 | Isler2008(Isler,secondary)=305.0 | Isler2008(Isler,secondary)=245.0 | Isler2008(Isler,secondary)=280.0 | Isler2008(Isler,secondary)=440.0 | Isler2008(Isler,secondary)=350.0 | Isler2008(Isler,secondary)=330.0 | Isler2008(Isler,secondary)=370.0 | Isler2008(Isler,secondary)=430.0"
"Capra aegagrus hircus","Body_Mass","g",14,1,"29242.8571","2.48","DISAGREEMENT>2x","MedinaGonzález2026(MedinaGonzález,secondary)=26200.0 | MedinaGonzález2026(MedinaGonzález,secondary)=26200.0 | MedinaGonzález2026(MedinaGonzález,secondary)=26200.0 | MedinaGonzález2026(MedinaGonzález,secondary)=26200.0 | MedinaGonzález2026(MedinaGonzález,secondary)=26200.0 | MedinaGonzález2026(MedinaGonzález,secondary)=26200.0 | MedinaGonzález2026(MedinaGonzález,secondary)=26200.0 | MedinaGonzález2026(MedinaGonzález,secondary)=26200.0 | MedinaGonzález2026(MedinaGonzález,secondary)=26200.0 | MedinaGonzález2026(MedinaGonzález,secondary)=26200.0 | MedinaGonzález2026(MedinaGonzález,secondary)=26200.0 | MedinaGonzález2026(MedinaGonzález,secondary)=26200.0 | MedinaGonzález2026(MedinaGonzález,secondary)=65000.0 | MedinaGonzález2026(MedinaGonzález,secondary)=30000.0"
"Colobus guereza","Body_Mass","g",14,8,"7503","1.51","","Isler2008(Isler,secondary)=8589.0 | Isler2008(Isler,secondary)=11350.0 | Isler2008(Isler,secondary)=8558.0 | Isler2008(Isler,secondary)=8287.0 | Isler2008(Isler,secondary)=10450.0 | Heldstab2016(Heldstab,primary)=7503.0 | Burger2019(Burger,secondary)=10281.25 | Powell2017(Powell,secondary)=7505.643 | Genoud2018(Genoud,secondary)=10500.0 | Granatosky2018(Granatosky,secondary)=8590.0 | Granatosky2018(Granatosky,secondary)=8590.0 | Granatosky2018(Granatosky,secondary)=8590.0 | Wilman2014(Wilman,secondary)=10600.0 | NA(10.6084%2Fm9.figshare.c.3899422.v1_Dataset1.tsv,secondary)=7505.643"
"Crocidura russula","Body_Mass","g",14,5,"10.5125","1.56","","Burger2019(Burger,secondary)=10.45 | Ruf2015(Ruf,primary)=10.0 | Genoud2018(Genoud,secondary)=8.5 | Genoud2018(Genoud,secondary)=9.6 | Genoud2018(Genoud,secondary)=10.4 | Genoud2018(Genoud,secondary)=10.4 | Genoud2018(Genoud,secondary)=12.8 | Genoud2018(Genoud,secondary)=11.4 | Genoud2018(Genoud,secondary)=11.3 | Stephan1981(Stephan_collection,primary)=11.0 | Matano1985(Stephan_collection,secondary)=11.1 | Wilman2014(Wilman,secondary)=8.2 | Stephan1970(Stephan_collection,primary)=11.0 | Stephan1970(Stephan_collection,primary)=11.0"
"Dipodomys merriami","Body_Mass","g",14,3,"39.2917","1.33","","Burger2019(Burger,secondary)=39.4 | Genoud2018(Genoud,secondary)=34.7 | Genoud2018(Genoud,secondary)=38.3 | Genoud2018(Genoud,secondary)=41.0 | Genoud2018(Genoud,secondary)=35.0 | Genoud2018(Genoud,secondary)=33.9 | Genoud2018(Genoud,secondary)=38.8 | Genoud2018(Genoud,secondary)=43.4 | Genoud2018(Genoud,secondary)=34.2 | Genoud2018(Genoud,secondary)=32.6 | Genoud2018(Genoud,secondary)=35.8 | Genoud2018(Genoud,secondary)=36.5 | Genoud2018(Genoud,secondary)=33.5 | Wilman2014(Wilman,secondary)=42.0"
"Leontopithecus rosalia","Body_Mass","g",14,12,"607.25","1.43","","Jacobs2018(Jacobs,info)=600.0 | Jacobs2018(Jacobs,info)=600.0 | Isler2008(Isler,secondary)=609.0 | Isler2008(Isler,secondary)=733.0 | Bauernfeind2013(Zilles,secondary)=598.0 | Heldstab2016(Heldstab,primary)=594.5 | Burger2019(Burger,secondary)=512.38 | Powell2017(Powell,secondary)=594.5 | Wimberly2021(Wimberly,secondary)=592.52 | Genoud2018(Genoud,secondary)=733.0 | Granatosky2018(Granatosky,secondary)=609.0 | Seymour2015(Seymour,primary)=620.0 | Wilman2014(Wilman,secondary)=535.5 | NA(10.6084%2Fm9.figshare.c.3899422.v1_Dataset1.tsv,secondary)=594.5"
"Miopithecus talapoin","Body_Mass","g",14,7,"1171.4286","1.56","","MacLarnon1996(MacLarnon,secondary)=1460.0 | Burger2019(Burger,secondary)=1560.0 | Stephan1981(Stephan_collection,primary)=1200.0 | Matano1985(Stephan_collection,secondary)=1200.0 | Matano1985(Stephan_collection,secondary)=1200.0 | Matano1986(Matano,secondary)=1200.0 | Lewitus2014(Lewitus,secondary)=1381.0 | Matano1992(Matano,secondary)=1200.0 | Wilman2014(Wilman,secondary)=1250.0 | Stephan1970(Stephan_collection,primary)=1000.0 | Stephan1970(Stephan_collection,primary)=1000.0 | Stephan1988(Stephan,primary)=1200.0 | Frahm1994(Stephan_collection,secondary)=1200.0 | Frahm1998(Stephan_collection,secondary)=1200.0"
"Nasalis larvatus","Body_Mass","g",14,9,"12606.6667","1.62","","Isler2008(Isler,secondary)=14561.0 | Burger2019(Burger,secondary)=9730.0 | Powell2017(Powell,secondary)=9729.647 | Stephan1981(Stephan_collection,primary)=14000.0 | Matano1985(Stephan_collection,secondary)=14000.0 | Matano1985(Stephan_collection,secondary)=14000.0 | Matano1986(Matano,secondary)=14000.0 | Seymour2015(Seymour,primary)=9820.0 | Matano1992(Matano,secondary)=14000.0 | Wilman2014(Wilman,secondary)=9000.0 | NA(10.6084%2Fm9.figshare.c.3899422.v1_Dataset1.tsv,secondary)=9729.647 | Stephan1988(Stephan,primary)=14000.0 | Frahm1994(Stephan_collection,secondary)=14000.0 | Frahm1998(Stephan_collection,secondary)=14000.0"
"Panthera leo","Body_Mass","g",14,8,"30000","5.86","DISAGREEMENT>2x","Jacobs2018(Jacobs,info)=155800.0 | Jacobs2018(Jacobs,info)=155800.0 | MedinaGonzález2026(MedinaGonzález,secondary)=167000.0 | MedinaGonzález2026(MedinaGonzález,secondary)=130000.0 | MedinaGonzález2026(MedinaGonzález,secondary)=130000.0 | MedinaGonzález2026(MedinaGonzález,secondary)=167000.0 | MedinaGonzález2026(MedinaGonzález,secondary)=130000.0 | Weibel2004(Weibel,primary)=30000.0 | Weibel2004(Weibel,primary)=30000.0 | Burger2019(Burger,secondary)=84000.0 | Wimberly2021(Wimberly,secondary)=175890.0 | Genoud2018(Genoud,secondary)=98000.0 | Lewitus2014(Lewitus,secondary)=161833.333 | Wilman2014(Wilman,secondary)=161499.06"
"Cavia porcellus","Body_Mass","g",13,8,"584","3.12","DISAGREEMENT>2x","MacLarnon1996(MacLarnon,secondary)=649.4 | Weibel2004(Weibel,primary)=584.0 | Weibel2004(Weibel,primary)=584.0 | Haarlem2026(Haarlem,secondary)=629.0 | Garwicz2009(Garwicz,secondary)=971.0 | Burger2019(Burger,secondary)=476.0 | Genoud2018(Genoud,secondary)=672.7 | Genoud2018(Genoud,secondary)=414.0 | Genoud2018(Genoud,secondary)=410.0 | Genoud2018(Genoud,secondary)=629.0 | Genoud2018(Genoud,secondary)=755.5 | HerculanoHouzel2015(HerculanoHouzel,secondary)=311.0 | Wilman2014(Wilman,secondary)=728.0"
"Dasypus novemcinctus","Body_Mass","g",13,9,"5000","3.33","DISAGREEMENT>2x","Nudo1995(Nudo,primary)=5000.0 | MedinaGonzález2026(MedinaGonzález,secondary)=6000.0 | Garwicz2009(Garwicz,secondary)=3700.0 | Burger2019(Burger,secondary)=2743.5 | Wimberly2021(Wimberly,secondary)=3580.0 | Genoud2018(Genoud,secondary)=3687.0 | Genoud2018(Genoud,secondary)=1800.0 | Genoud2018(Genoud,secondary)=3700.0 | Genoud2018(Genoud,secondary)=3320.0 | Genoud2018(Genoud,secondary)=4180.0 | Heffner1975(Heffner,primary)=5000.0 | Lewitus2014(Lewitus,secondary)=3762.0 | Wilman2014(Wilman,secondary)=4203.78"
"Equus caballus","Body_Mass","g",13,10,"260500","4.11","DISAGREEMENT>2x","MedinaGonzález2026(MedinaGonzález,secondary)=6e+05 | MedinaGonzález2026(MedinaGonzález,secondary)=6e+05 | MedinaGonzález2026(MedinaGonzález,secondary)=6e+05 | Weibel2004(Weibel,primary)=171000.0 | Weibel2004(Weibel,primary)=171000.0 | Garwicz2009(Garwicz,secondary)=484000.0 | Burger2019(Burger,secondary)=340722.0 | Wimberly2021(Wimberly,secondary)=403598.53 | Genoud2018(Genoud,secondary)=703000.0 | Heffner1975(Heffner,primary)=350000.0 | Veilleux2014(Veilleux,secondary)=350000.0 | Lewitus2014(Lewitus,secondary)=367000.0 | Wilman2014(Wilman,secondary)=250000.0"
"Equus ferus caballus","Body_Mass","g",13,1,"467076.9231","2.4","DISAGREEMENT>2x","MedinaGonzález2026(MedinaGonzález,secondary)=512000.0 | MedinaGonzález2026(MedinaGonzález,secondary)=512000.0 | MedinaGonzález2026(MedinaGonzález,secondary)=512000.0 | MedinaGonzález2026(MedinaGonzález,secondary)=512000.0 | MedinaGonzález2026(MedinaGonzález,secondary)=512000.0 | MedinaGonzález2026(MedinaGonzález,secondary)=512000.0 | MedinaGonzález2026(MedinaGonzález,secondary)=250000.0 | MedinaGonzález2026(MedinaGonzález,secondary)=250000.0 | MedinaGonzález2026(MedinaGonzález,secondary)=250000.0 | MedinaGonzález2026(MedinaGonzález,secondary)=6e+05 | MedinaGonzález2026(MedinaGonzález,secondary)=450000.0 | MedinaGonzález2026(MedinaGonzález,secondary)=6e+05 | MedinaGonzález2026(MedinaGonzález,secondary)=6e+05"
"Mesocricetus auratus","Body_Mass","g",13,9,"90","1.87","","Garwicz2009(Garwicz,secondary)=125.0 | Burger2019(Burger,secondary)=120.0 | Wimberly2021(Wimberly,secondary)=98.6 | Ruf2015(Ruf,primary)=90.0 | Genoud2018(Genoud,secondary)=110.0 | Genoud2018(Genoud,secondary)=98.0 | Genoud2018(Genoud,secondary)=119.3 | Genoud2018(Genoud,secondary)=113.1 | Genoud2018(Genoud,secondary)=116.0 | Veilleux2014(Veilleux,secondary)=100.0 | HerculanoHouzel2015(HerculanoHouzel,secondary)=168.1 | Lewitus2014(Lewitus,secondary)=115.0 | Wilman2014(Wilman,secondary)=105.0"
"Spalacopus cyanus","Body_Mass","g",13,3,"108.2939","2.62","DISAGREEMENT>2x","Burger2019(Burger,secondary)=93.0 | Genoud2018(Genoud,secondary)=185.0 | Genoud2018(Genoud,secondary)=136.0 | Genoud2018(Genoud,secondary)=83.0 | Genoud2018(Genoud,secondary)=105.6 | Genoud2018(Genoud,secondary)=121.5 | Genoud2018(Genoud,secondary)=105.1 | Genoud2018(Genoud,secondary)=72.4 | Genoud2018(Genoud,secondary)=93.0 | Genoud2018(Genoud,secondary)=86.1 | Genoud2018(Genoud,secondary)=70.6 | Genoud2018(Genoud,secondary)=89.9 | Wilman2014(Wilman,secondary)=127.5"
"Sus scrofa","Body_Mass","g",13,9,"54250","9.73","DISAGREEMENT>2x","MedinaGonzález2026(MedinaGonzález,secondary)=80000.0 | Weibel2004(Weibel,primary)=18500.0 | Weibel2004(Weibel,primary)=18500.0 | Haarlem2026(Haarlem,secondary)=135000.0 | Burger2019(Burger,secondary)=86772.73 | Wimberly2021(Wimberly,secondary)=84471.54 | Genoud2018(Genoud,secondary)=135000.0 | Genoud2018(Genoud,secondary)=67640.0 | Genoud2018(Genoud,secondary)=180000.0 | Genoud2018(Genoud,secondary)=47500.0 | Heffner1975(Heffner,primary)=90000.0 | Veilleux2014(Veilleux,secondary)=86780.0 | Wilman2014(Wilman,secondary)=96118.09"
"Tachyglossus aculeatus","BMR_massspecific","mL O2/h/g",13,2,"0.1293","2.56","DISAGREEMENT>2x","Genoud2018(Genoud,secondary)=0.159 | Genoud2018(Genoud,secondary)=0.225 | Genoud2018(Genoud,secondary)=0.15 | Genoud2018(Genoud,secondary)=0.2 | Genoud2018(Genoud,secondary)=0.22 | Genoud2018(Genoud,secondary)=0.21 | Genoud2018(Genoud,secondary)=0.132 | Genoud2018(Genoud,secondary)=0.131 | Genoud2018(Genoud,secondary)=0.174 | Genoud2018(Genoud,secondary)=0.141 | Genoud2018(Genoud,secondary)=0.155 | Genoud2018(Genoud,secondary)=0.153 | Lewitus2014(Lewitus,secondary)=0.088"
"Tachyglossus aculeatus","BMR_wholeanimal","mL O2/h",13,2,"490.2283","3.14","DISAGREEMENT>2x","Genoud2018(Genoud,secondary)=375.3 | Genoud2018(Genoud,secondary)=675.0 | Genoud2018(Genoud,secondary)=525.0 | Genoud2018(Genoud,secondary)=800.0 | Genoud2018(Genoud,secondary)=880.0 | Genoud2018(Genoud,secondary)=840.0 | Genoud2018(Genoud,secondary)=449.0 | Genoud2018(Genoud,secondary)=280.3 | Genoud2018(Genoud,secondary)=475.0 | Genoud2018(Genoud,secondary)=465.6 | Genoud2018(Genoud,secondary)=484.1 | Genoud2018(Genoud,secondary)=547.7 | Lewitus2014(Lewitus,secondary)=414.04"
"Tarsius syrichta","Body_Mass","g",13,10,"87.5","2.33","DISAGREEMENT>2x","Isler2008(Isler,secondary)=126.0 | Isler2008(Isler,secondary)=113.0 | Burger2019(Burger,secondary)=125.5 | Powell2017(Powell,secondary)=129.0 | Genoud2018(Genoud,secondary)=204.0 | Genoud2018(Genoud,secondary)=114.0 | Sherwood2003(Sherwood,secondary)=111.0 | Veilleux2014(Veilleux,secondary)=100.0 | Lewitus2014(Lewitus,secondary)=112.05 | Wilman2014(Wilman,secondary)=113.5 | NA(10.6084%2Fm9.figshare.c.3899422.v1_Dataset1.tsv,secondary)=129.0 | Stephan1970(Stephan_collection,primary)=87.5 | Stephan1970(Stephan_collection,primary)=87.5"
"Alouatta palliata","Body_Mass","g",12,8,"5774.9688","1.56","","Isler2008(Isler,secondary)=6250.0 | Isler2008(Isler,secondary)=4670.0 | Burger2019(Burger,secondary)=5952.0 | Powell2017(Powell,secondary)=5350.0 | Genoud2018(Genoud,secondary)=4670.0 | Granatosky2018(Granatosky,secondary)=6250.0 | Granatosky2018(Granatosky,secondary)=6250.0 | Granatosky2018(Granatosky,secondary)=6250.0 | Granatosky2018(Granatosky,secondary)=6250.0 | Lewitus2014(Lewitus,secondary)=5892.8 | Wilman2014(Wilman,secondary)=7274.95 | NA(10.6084%2Fm9.figshare.c.3899422.v1_Dataset1.tsv,secondary)=5350.0"
"Capra hircus","Body_Mass","g",12,6,"51525","4.92","DISAGREEMENT>2x","Weibel2004(Weibel,primary)=24300.0 | Weibel2004(Weibel,primary)=20900.0 | Weibel2004(Weibel,primary)=21000.0 | Weibel2004(Weibel,primary)=26000.0 | Burger2019(Burger,secondary)=27660.0 | Genoud2018(Genoud,secondary)=36000.0 | Genoud2018(Genoud,secondary)=32550.0 | Genoud2018(Genoud,secondary)=16275.0 | Genoud2018(Genoud,secondary)=32500.0 | Heffner1975(Heffner,primary)=80000.0 | Veilleux2014(Veilleux,secondary)=27660.0 | Wilman2014(Wilman,secondary)=54250.0"
"Chlorocebus aethiops","Body_Mass","g",12,10,"2495","3.56","DISAGREEMENT>2x","Nudo1995(Nudo,primary)=1370.0 | MacLarnon1996(MacLarnon,secondary)=4878.0 | MacLarnon1996(MacLarnon,secondary)=3469.0 | Isler2008(Isler,secondary)=3720.0 | Burger2019(Burger,secondary)=3452.67 | Powell2017(Powell,secondary)=3575.8 | Granatosky2018(Granatosky,secondary)=4195.0 | Granatosky2018(Granatosky,secondary)=4195.0 | Veilleux2014(Veilleux,secondary)=4170.0 | Seymour2015(Seymour,primary)=3620.0 | Wilman2014(Wilman,secondary)=4155.0 | NA(10.6084%2Fm9.figshare.c.3899422.v1_Dataset1.tsv,secondary)=3575.8"
"Dipodomys merriami","BMR_massspecific","mL O2/h/g",12,1,"1.2847","1.78","","Genoud2018(Genoud,secondary)=1.2 | Genoud2018(Genoud,secondary)=1.131 | Genoud2018(Genoud,secondary)=1.51 | Genoud2018(Genoud,secondary)=1.39 | Genoud2018(Genoud,secondary)=1.14 | Genoud2018(Genoud,secondary)=1.07 | Genoud2018(Genoud,secondary)=0.924 | Genoud2018(Genoud,secondary)=1.099 | Genoud2018(Genoud,secondary)=1.42 | Genoud2018(Genoud,secondary)=1.257 | Genoud2018(Genoud,secondary)=1.627 | Genoud2018(Genoud,secondary)=1.648"
"Dipodomys merriami","BMR_wholeanimal","mL O2/h",12,1,"46.6058","1.65","","Genoud2018(Genoud,secondary)=41.64 | Genoud2018(Genoud,secondary)=43.3 | Genoud2018(Genoud,secondary)=61.91 | Genoud2018(Genoud,secondary)=48.65 | Genoud2018(Genoud,secondary)=38.65 | Genoud2018(Genoud,secondary)=41.52 | Genoud2018(Genoud,secondary)=40.1 | Genoud2018(Genoud,secondary)=37.6 | Genoud2018(Genoud,secondary)=46.3 | Genoud2018(Genoud,secondary)=45.0 | Genoud2018(Genoud,secondary)=59.4 | Genoud2018(Genoud,secondary)=55.2"
"Eptesicus fuscus","Body_Mass","g",12,5,"14.7","2.67","DISAGREEMENT>2x","Burger2019(Burger,secondary)=11.23 | Ruf2015(Ruf,primary)=14.7 | Genoud2018(Genoud,secondary)=16.9 | Genoud2018(Genoud,secondary)=15.0 | Genoud2018(Genoud,secondary)=13.21 | Genoud2018(Genoud,secondary)=14.46 | Genoud2018(Genoud,secondary)=14.71 | Genoud2018(Genoud,secondary)=15.16 | Genoud2018(Genoud,secondary)=14.84 | Genoud2018(Genoud,secondary)=15.91 | Veilleux2014(Veilleux,secondary)=30.0 | Wilman2014(Wilman,secondary)=16.46"
"Meriones unguiculatus","BMR_massspecific","mL O2/h/g",12,1,"1.534","2.89","DISAGREEMENT>2x","Genoud2018(Genoud,secondary)=1.149 | Genoud2018(Genoud,secondary)=2.13 | Genoud2018(Genoud,secondary)=0.802 | Genoud2018(Genoud,secondary)=1.839 | Genoud2018(Genoud,secondary)=1.327 | Genoud2018(Genoud,secondary)=1.79 | Genoud2018(Genoud,secondary)=1.07 | Genoud2018(Genoud,secondary)=2.318 | Genoud2018(Genoud,secondary)=2.0 | Genoud2018(Genoud,secondary)=1.651 | Genoud2018(Genoud,secondary)=1.031 | Genoud2018(Genoud,secondary)=1.3"
"Meriones unguiculatus","BMR_wholeanimal","mL O2/h",12,1,"87.4675","2.66","DISAGREEMENT>2x","Genoud2018(Genoud,secondary)=76.9 | Genoud2018(Genoud,secondary)=123.75 | Genoud2018(Genoud,secondary)=46.5 | Genoud2018(Genoud,secondary)=81.3 | Genoud2018(Genoud,secondary)=98.2 | Genoud2018(Genoud,secondary)=95.77 | Genoud2018(Genoud,secondary)=73.19 | Genoud2018(Genoud,secondary)=102.0 | Genoud2018(Genoud,secondary)=110.0 | Genoud2018(Genoud,secondary)=93.6 | Genoud2018(Genoud,secondary)=65.6 | Genoud2018(Genoud,secondary)=82.8"
"Myodes glareolus","Body_Mass","g",12,4,"20.0706","1.41","","Burger2019(Burger,secondary)=17.9 | Wimberly2021(Wimberly,secondary)=20.73 | Genoud2018(Genoud,secondary)=17.4 | Genoud2018(Genoud,secondary)=20.4 | Genoud2018(Genoud,secondary)=23.3 | Genoud2018(Genoud,secondary)=24.6 | Genoud2018(Genoud,secondary)=20.0 | Genoud2018(Genoud,secondary)=22.1 | Genoud2018(Genoud,secondary)=20.9 | Genoud2018(Genoud,secondary)=21.3 | Genoud2018(Genoud,secondary)=18.3 | Wilman2014(Wilman,secondary)=20.73"
"Procavia capensis","Body_Mass","g",12,8,"9750","14.17","DISAGREEMENT>2x","Nudo1995(Nudo,primary)=2500.0 | MedinaGonzález2026(MedinaGonzález,secondary)=1200.0 | MedinaGonzález2026(MedinaGonzález,secondary)=4500.0 | Burger2019(Burger,secondary)=2321.67 | Genoud2018(Genoud,secondary)=2630.0 | Genoud2018(Genoud,secondary)=2250.0 | Genoud2018(Genoud,secondary)=2400.0 | Genoud2018(Genoud,secondary)=2750.0 | Heffner1975(Heffner,primary)=17000.0 | HerculanoHouzel2015(HerculanoHouzel,secondary)=2517.0 | Lewitus2014(Lewitus,secondary)=3420.0 | Wilman2014(Wilman,secondary)=3029.98"
"Procyon lotor","Body_Mass","g",12,9,"8045.5","3.27","DISAGREEMENT>2x","Jacobs2018(Jacobs,info)=6400.0 | Jacobs2018(Jacobs,info)=6400.0 | Nudo1995(Nudo,primary)=4091.0 | MedinaGonzález2026(MedinaGonzález,secondary)=7000.0 | Burger2019(Burger,secondary)=4975.67 | Wimberly2021(Wimberly,secondary)=6179.0 | Genoud2018(Genoud,secondary)=3674.0 | Genoud2018(Genoud,secondary)=4700.0 | Genoud2018(Genoud,secondary)=6480.0 | Heffner1975(Heffner,primary)=12000.0 | Lewitus2014(Lewitus,secondary)=5916.25 | Wilman2014(Wilman,secondary)=5524.97"
"Setifer setosus","Body_Mass","g",12,6,"271.2667","3.32","DISAGREEMENT>2x","Burger2019(Burger,secondary)=248.0 | Ruf2015(Ruf,primary)=320.0 | Genoud2018(Genoud,secondary)=364.0 | Genoud2018(Genoud,secondary)=530.0 | Genoud2018(Genoud,secondary)=159.5 | Stephan1981(Stephan_collection,primary)=248.0 | Matano1985(Stephan_collection,secondary)=248.0 | Wilman2014(Wilman,secondary)=294.0 | Stephan1970(Stephan_collection,primary)=248.0 | Stephan1970(Stephan_collection,primary)=248.0 | Stephan1988(Stephan,primary)=248.0 | Frahm1994(Stephan_collection,secondary)=237.0"
"Sorex araneus","Body_Mass","g",12,5,"10.275","1.46","","Burger2019(Burger,secondary)=8.9 | Genoud2018(Genoud,secondary)=8.7 | Genoud2018(Genoud,secondary)=8.0 | Genoud2018(Genoud,secondary)=7.7 | Genoud2018(Genoud,secondary)=7.5 | Genoud2018(Genoud,secondary)=7.06 | Stephan1981(Stephan_collection,primary)=10.3 | Matano1985(Stephan_collection,secondary)=10.2 | Lewitus2014(Lewitus,secondary)=9.0 | Wilman2014(Wilman,secondary)=10.0 | Stephan1970(Stephan_collection,primary)=10.3 | Stephan1970(Stephan_collection,primary)=10.3"
"Ateles paniscus","Body_Mass","g",11,9,"7152.1921","3.25","DISAGREEMENT>2x","Isler2008(Isler,secondary)=8280.0 | Burger2019(Burger,secondary)=3430.0 | Powell2017(Powell,secondary)=8070.0 | Wimberly2021(Wimberly,secondary)=8697.25 | Granatosky2018(Granatosky,secondary)=8775.0 | Granatosky2018(Granatosky,secondary)=8775.0 | Granatosky2018(Granatosky,secondary)=8775.0 | Lewitus2014(Lewitus,secondary)=8447.429 | Wilman2014(Wilman,secondary)=7900.05 | NA(10.6084%2Fm9.figshare.c.3899422.v1_Dataset1.tsv,secondary)=8070.0 | MacLeod2000(MacLeod,secondary)=2700.0"
"Avahi occidentalis","Body_Mass","g",11,8,"860","1.07","","Isler2008(Isler,secondary)=801.0 | Burger2019(Burger,secondary)=801.4 | Granatosky2018(Granatosky,secondary)=801.5 | Stephan1981(Stephan_collection,primary)=860.0 | Matano1985(Stephan_collection,secondary)=860.0 | Matano1985(Stephan_collection,secondary)=860.0 | Matano1986(Matano,secondary)=860.0 | Lewitus2014(Lewitus,secondary)=832.333 | Wilman2014(Wilman,secondary)=800.0 | Stephan1988(Stephan,primary)=860.0 | Frahm1994(Stephan_collection,secondary)=860.0"
"Camelus dromedarius","Body_Mass","g",11,7,"493730.6386","2.88","DISAGREEMENT>2x","MedinaGonzález2026(MedinaGonzález,secondary)=684000.0 | MedinaGonzález2026(MedinaGonzález,secondary)=584000.0 | MedinaGonzález2026(MedinaGonzález,secondary)=620000.0 | MedinaGonzález2026(MedinaGonzález,secondary)=5e+05 | Garwicz2009(Garwicz,secondary)=690000.0 | Burger2019(Burger,secondary)=4e+05 | Wimberly2021(Wimberly,secondary)=492714.47 | Genoud2018(Genoud,secondary)=280800.0 | Genoud2018(Genoud,secondary)=240000.0 | Veilleux2014(Veilleux,secondary)=415000.0 | Wilman2014(Wilman,secondary)=601000.0"
"Canis lupus","BMR_massspecific","mL O2/h/g",11,1,"0.3246","1.99","","Genoud2018(Genoud,secondary)=0.234 | Genoud2018(Genoud,secondary)=0.408 | Genoud2018(Genoud,secondary)=0.299 | Genoud2018(Genoud,secondary)=0.301 | Genoud2018(Genoud,secondary)=0.32 | Genoud2018(Genoud,secondary)=0.465 | Genoud2018(Genoud,secondary)=0.427 | Genoud2018(Genoud,secondary)=0.321 | Genoud2018(Genoud,secondary)=0.235 | Genoud2018(Genoud,secondary)=0.276 | Genoud2018(Genoud,secondary)=0.285"
"Canis lupus","BMR_wholeanimal","mL O2/h",11,1,"6500.9091","5.35","DISAGREEMENT>2x","Genoud2018(Genoud,secondary)=8305.0 | Genoud2018(Genoud,secondary)=7344.0 | Genoud2018(Genoud,secondary)=4404.0 | Genoud2018(Genoud,secondary)=4210.0 | Genoud2018(Genoud,secondary)=7409.0 | Genoud2018(Genoud,secondary)=4790.0 | Genoud2018(Genoud,secondary)=11667.0 | Genoud2018(Genoud,secondary)=2180.0 | Genoud2018(Genoud,secondary)=7055.0 | Genoud2018(Genoud,secondary)=9301.0 | Genoud2018(Genoud,secondary)=4845.0"
"Chlorocebus pygerythrus","Body_Mass","g",11,6,"4374.5872","2","","Jacobs2018(Jacobs,info)=5600.0 | Jacobs2018(Jacobs,info)=5600.0 | Isler2008(Isler,secondary)=4324.0 | Isler2008(Isler,secondary)=4541.0 | Isler2008(Isler,secondary)=2804.0 | Isler2008(Isler,secondary)=4678.0 | Isler2008(Isler,secondary)=4550.0 | Burger2019(Burger,secondary)=4323.523 | Powell2017(Powell,secondary)=3575.8 | Wilman2014(Wilman,secondary)=4993.0 | NA(10.6084%2Fm9.figshare.c.3899422.v1_Dataset1.tsv,secondary)=3575.8"
"Cricetulus barabensis","Body_Mass","g",11,3,"27.9211","1.65","","Burger2019(Burger,secondary)=29.89 | Genoud2018(Genoud,secondary)=37.3 | Genoud2018(Genoud,secondary)=24.8 | Genoud2018(Genoud,secondary)=31.4 | Genoud2018(Genoud,secondary)=29.01 | Genoud2018(Genoud,secondary)=25.3 | Genoud2018(Genoud,secondary)=25.2 | Genoud2018(Genoud,secondary)=32.8 | Genoud2018(Genoud,secondary)=37.8 | Genoud2018(Genoud,secondary)=35.6 | Wilman2014(Wilman,secondary)=22.85"
"Dasyuroides byrnei","Body_Mass","g",11,5,"120","1.63","","MedinaGonzález2026(MedinaGonzález,secondary)=145.0 | Burger2019(Burger,secondary)=110.0 | Ruf2015(Ruf,primary)=120.0 | Genoud2018(Genoud,secondary)=89.0 | Genoud2018(Genoud,secondary)=115.0 | Genoud2018(Genoud,secondary)=105.6 | Genoud2018(Genoud,secondary)=110.0 | Genoud2018(Genoud,secondary)=118.2 | Genoud2018(Genoud,secondary)=119.5 | Genoud2018(Genoud,secondary)=133.3 | Wilman2014(Wilman,secondary)=109.47"
"Felis catus","Body_Mass","g",11,10,"3289.3333","3.3","DISAGREEMENT>2x","Nudo1995(Nudo,primary)=3068.0 | Garwicz2009(Garwicz,secondary)=2500.0 | Burger2019(Burger,secondary)=3300.0 | Finlay2006(Finlay,primary)=3300.0 | Wimberly2021(Wimberly,secondary)=3790.0 | Genoud2018(Genoud,secondary)=1150.0 | Genoud2018(Genoud,secondary)=3000.0 | Heffner1975(Heffner,primary)=3500.0 | Veilleux2014(Veilleux,secondary)=3050.0 | Lewitus2014(Lewitus,secondary)=3183.333 | Wilman2014(Wilman,secondary)=2884.8"
"Lasiopodomys brandtii","Body_Mass","g",11,2,"71.825","2.84","DISAGREEMENT>2x","Genoud2018(Genoud,secondary)=40.3 | Genoud2018(Genoud,secondary)=44.5 | Genoud2018(Genoud,secondary)=33.0 | Genoud2018(Genoud,secondary)=61.4 | Genoud2018(Genoud,secondary)=51.1 | Genoud2018(Genoud,secondary)=37.6 | Genoud2018(Genoud,secondary)=52.8 | Genoud2018(Genoud,secondary)=63.8 | Genoud2018(Genoud,secondary)=52.0 | Genoud2018(Genoud,secondary)=61.8 | Wilman2014(Wilman,secondary)=93.82"
"Loxodonta africana","Body_Mass","g",11,9,"3352842.3196","5.38","DISAGREEMENT>2x","MedinaGonzález2026(MedinaGonzález,secondary)=930000.0 | MedinaGonzález2026(MedinaGonzález,secondary)=3438000.0 | MedinaGonzález2026(MedinaGonzález,secondary)=3500000.0 | Garwicz2009(Garwicz,secondary)=2750000.0 | Burger2019(Burger,secondary)=4301340.0 | Wimberly2021(Wimberly,secondary)=3824539.93 | Genoud2018(Genoud,secondary)=1542000.0 | Veilleux2014(Veilleux,secondary)=2420000.0 | HerculanoHouzel2015(HerculanoHouzel,secondary)=5e+06 | Lewitus2014(Lewitus,secondary)=3775000.0 | Wilman2014(Wilman,secondary)=3940034.28"
"Macaca fuscata","Body_Mass","g",11,8,"9287.6042","1.31","","Isler2008(Isler,secondary)=9515.0 | Isler2008(Isler,secondary)=9580.0 | Burger2019(Burger,secondary)=8030.0 | Powell2017(Powell,secondary)=8800.0 | Genoud2018(Genoud,secondary)=9575.0 | Genoud2018(Genoud,secondary)=9000.0 | Genoud2018(Genoud,secondary)=10550.0 | Granatosky2018(Granatosky,secondary)=9500.0 | Sherwood2003(Sherwood,secondary)=9515.0 | Wilman2014(Wilman,secondary)=10400.0 | NA(10.6084%2Fm9.figshare.c.3899422.v1_Dataset1.tsv,secondary)=8800.0"
"Papio cynocephalus","Body_Mass","g",11,9,"13952.4056","2.74","DISAGREEMENT>2x","Rilling1999(RillingInsel,secondary)=21900.0 | Isler2008(Isler,secondary)=17150.0 | Isler2008(Isler,secondary)=14317.0 | Burger2019(Burger,secondary)=12000.0 | Powell2017(Powell,secondary)=10358.0 | Genoud2018(Genoud,secondary)=14350.0 | Rilling1998(RillingInsel,secondary)=21900.0 | Sherwood2003(Sherwood,secondary)=17050.0 | HerculanoHouzel2015(HerculanoHouzel,secondary)=8000.0 | Wilman2014(Wilman,secondary)=15822.15 | NA(10.6084%2Fm9.figshare.c.3899422.v1_Dataset1.tsv,secondary)=10358.0"
"Papio hamadryas","Body_Mass","g",11,9,"16900","2.63","DISAGREEMENT>2x","Jacobs2018(Jacobs,info)=26000.0 | Jacobs2018(Jacobs,info)=26000.0 | MacLarnon1996(MacLarnon,secondary)=17950.0 | MacLarnon1996(MacLarnon,secondary)=10000.0 | Isler2008(Isler,secondary)=14150.0 | Burger2019(Burger,secondary)=12020.0 | Powell2017(Powell,secondary)=9900.0 | Seymour2015(Seymour,primary)=16900.0 | Lewitus2014(Lewitus,secondary)=16000.0 | Wilman2014(Wilman,secondary)=21250.05 | NA(10.6084%2Fm9.figshare.c.3899422.v1_Dataset1.tsv,secondary)=9900.0"
"Papio papio","Body_Mass","g",11,7,"25000","4.81","DISAGREEMENT>2x","MedinaGonzález2026(MedinaGonzález,secondary)=19000.0 | MedinaGonzález2026(MedinaGonzález,secondary)=30000.0 | MedinaGonzález2026(MedinaGonzález,secondary)=30000.0 | MedinaGonzález2026(MedinaGonzález,secondary)=30000.0 | Burger2019(Burger,secondary)=18026.05 | Powell2017(Powell,secondary)=12000.0 | Genoud2018(Genoud,secondary)=6233.0 | Heffner1983(Heffner,primary)=25000.0 | Heffner1975(Heffner,primary)=25000.0 | Wilman2014(Wilman,secondary)=18026.05 | NA(10.6084%2Fm9.figshare.c.3899422.v1_Dataset1.tsv,secondary)=12000.0"
"Peromyscus eremicus","Body_Mass","g",11,4,"17","1.49","","Burger2019(Burger,secondary)=19.93 | Ruf2015(Ruf,primary)=17.0 | Genoud2018(Genoud,secondary)=24.2 | Genoud2018(Genoud,secondary)=19.9 | Genoud2018(Genoud,secondary)=21.5 | Genoud2018(Genoud,secondary)=17.4 | Genoud2018(Genoud,secondary)=20.8 | Genoud2018(Genoud,secondary)=25.4 | Genoud2018(Genoud,secondary)=18.4 | Genoud2018(Genoud,secondary)=19.1 | Wilman2014(Wilman,secondary)=23.65"
"Peromyscus leucopus","Body_Mass","g",11,4,"20","1.4","","Burger2019(Burger,secondary)=21.21 | Ruf2015(Ruf,primary)=20.0 | Genoud2018(Genoud,secondary)=21.0 | Genoud2018(Genoud,secondary)=25.6 | Genoud2018(Genoud,secondary)=23.3 | Genoud2018(Genoud,secondary)=24.0 | Genoud2018(Genoud,secondary)=19.2 | Genoud2018(Genoud,secondary)=21.2 | Genoud2018(Genoud,secondary)=18.7 | Genoud2018(Genoud,secondary)=26.1 | Wilman2014(Wilman,secondary)=21.17"
"Phodopus sungorus","Body_Mass","g",11,3,"25","2.07","DISAGREEMENT>2x","Ruf2015(Ruf,primary)=25.0 | Genoud2018(Genoud,secondary)=31.1 | Genoud2018(Genoud,secondary)=31.3 | Genoud2018(Genoud,secondary)=33.2 | Genoud2018(Genoud,secondary)=40.5 | Genoud2018(Genoud,secondary)=26.0 | Genoud2018(Genoud,secondary)=35.9 | Genoud2018(Genoud,secondary)=51.85 | Genoud2018(Genoud,secondary)=46.5 | Genoud2018(Genoud,secondary)=38.1 | Wilman2014(Wilman,secondary)=33.75"
"Phyllotis darwini","Body_Mass","g",11,3,"36","2","DISAGREEMENT>2x","Ruf2015(Ruf,primary)=36.0 | Genoud2018(Genoud,secondary)=59.0 | Genoud2018(Genoud,secondary)=53.7 | Genoud2018(Genoud,secondary)=65.6 | Genoud2018(Genoud,secondary)=65.7 | Genoud2018(Genoud,secondary)=64.26 | Genoud2018(Genoud,secondary)=58.8 | Genoud2018(Genoud,secondary)=44.37 | Genoud2018(Genoud,secondary)=72.1 | Genoud2018(Genoud,secondary)=38.0 | Wilman2014(Wilman,secondary)=50.83"
"Saimiri boliviensis","Body_Mass","g",11,8,"803.6262","1.77","","Jacobs2018(Jacobs,info)=900.0 | Jacobs2018(Jacobs,info)=900.0 | Isler2008(Isler,secondary)=885.0 | Burger2019(Burger,secondary)=750.0 | Powell2017(Powell,secondary)=750.0 | Genoud2018(Genoud,secondary)=850.0 | Genoud2018(Genoud,secondary)=1090.0 | Genoud2018(Genoud,secondary)=782.5 | Granatosky2018(Granatosky,secondary)=871.5 | Wilman2014(Wilman,secondary)=615.01 | NA(10.6084%2Fm9.figshare.c.3899422.v1_Dataset1.tsv,secondary)=750.0"
"Sminthopsis macroura","Body_Mass","g",11,4,"24","1.67","","Burger2019(Burger,secondary)=20.0 | Ruf2015(Ruf,primary)=24.0 | Genoud2018(Genoud,secondary)=22.0 | Genoud2018(Genoud,secondary)=16.7 | Genoud2018(Genoud,secondary)=24.8 | Genoud2018(Genoud,secondary)=24.7 | Genoud2018(Genoud,secondary)=26.7 | Genoud2018(Genoud,secondary)=20.0 | Genoud2018(Genoud,secondary)=24.8 | Genoud2018(Genoud,secondary)=16.0 | Wilman2014(Wilman,secondary)=20.0"
"Spalacopus cyanus","BMR_massspecific","mL O2/h/g",11,1,"0.7146","1.81","","Genoud2018(Genoud,secondary)=0.79 | Genoud2018(Genoud,secondary)=0.745 | Genoud2018(Genoud,secondary)=0.955 | Genoud2018(Genoud,secondary)=0.72 | Genoud2018(Genoud,secondary)=0.699 | Genoud2018(Genoud,secondary)=0.712 | Genoud2018(Genoud,secondary)=0.527 | Genoud2018(Genoud,secondary)=0.645 | Genoud2018(Genoud,secondary)=0.774 | Genoud2018(Genoud,secondary)=0.643 | Genoud2018(Genoud,secondary)=0.65"
"Spalacopus cyanus","BMR_wholeanimal","mL O2/h",11,1,"75.56","3.83","DISAGREEMENT>2x","Genoud2018(Genoud,secondary)=146.2 | Genoud2018(Genoud,secondary)=101.3 | Genoud2018(Genoud,secondary)=79.3 | Genoud2018(Genoud,secondary)=76.0 | Genoud2018(Genoud,secondary)=84.92 | Genoud2018(Genoud,secondary)=74.83 | Genoud2018(Genoud,secondary)=38.16 | Genoud2018(Genoud,secondary)=60.0 | Genoud2018(Genoud,secondary)=66.67 | Genoud2018(Genoud,secondary)=45.37 | Genoud2018(Genoud,secondary)=58.41"
"Tamias striatus","Body_Mass","g",11,6,"92.3667","1.29","","Weibel2004(Weibel,primary)=90.0 | Weibel2004(Weibel,primary)=90.2 | Burger2019(Burger,secondary)=94.3 | Ruf2015(Ruf,primary)=87.0 | Genoud2018(Genoud,secondary)=107.0 | Genoud2018(Genoud,secondary)=87.4 | Genoud2018(Genoud,secondary)=100.0 | Genoud2018(Genoud,secondary)=100.0 | Genoud2018(Genoud,secondary)=90.8 | Heffner1975(Heffner,primary)=100.0 | Wilman2014(Wilman,secondary)=111.91"
"Tenrec ecaudatus","Body_Mass","g",11,6,"772.4444","1.4","","Burger2019(Burger,secondary)=907.0 | Ruf2015(Ruf,primary)=650.0 | Genoud2018(Genoud,secondary)=790.0 | Stephan1981(Stephan_collection,primary)=832.0 | Matano1985(Stephan_collection,secondary)=832.0 | Matano1985(Stephan_collection,secondary)=832.0 | Wilman2014(Wilman,secondary)=868.0 | Stephan1970(Stephan_collection,primary)=832.0 | Stephan1970(Stephan_collection,primary)=832.0 | Stephan1988(Stephan,primary)=832.0 | Frahm1994(Stephan_collection,secondary)=852.0"
"Trichosurus vulpecula","Body_Mass","g",11,8,"3016","1.77","","Haarlem2026(Haarlem,secondary)=2850.0 | Burger2019(Burger,secondary)=2600.0 | Wimberly2021(Wimberly,secondary)=2800.0 | Genoud2018(Genoud,secondary)=2160.0 | Genoud2018(Genoud,secondary)=1982.0 | Genoud2018(Genoud,secondary)=2026.5 | Genoud2018(Genoud,secondary)=2100.0 | Heffner1975(Heffner,primary)=3500.0 | Veilleux2014(Veilleux,secondary)=2930.0 | Seymour2015(Seymour,primary)=2532.0 | Wilman2014(Wilman,secondary)=2650.0"
"Urogale everetti","Body_Mass","g",11,6,"275","1.33","","Burger2019(Burger,secondary)=275.0 | Genoud2018(Genoud,secondary)=264.0 | Stephan1981(Stephan_collection,primary)=275.0 | Matano1985(Stephan_collection,secondary)=275.0 | Matano1985(Stephan_collection,secondary)=275.0 | Matano1986(Matano,secondary)=275.0 | Matano1992(Matano,secondary)=275.0 | Wilman2014(Wilman,secondary)=350.0 | Stephan1970(Stephan_collection,primary)=275.0 | Stephan1970(Stephan_collection,primary)=275.0 | Stephan1988(Stephan,primary)=275.0"
"Acomys russatus","Body_Mass","g",10,3,"64","1.8","","Ruf2015(Ruf,primary)=64.0 | Genoud2018(Genoud,secondary)=51.1 | Genoud2018(Genoud,secondary)=60.0 | Genoud2018(Genoud,secondary)=63.3 | Genoud2018(Genoud,secondary)=65.1 | Genoud2018(Genoud,secondary)=50.4 | Genoud2018(Genoud,secondary)=89.6 | Genoud2018(Genoud,secondary)=62.9 | Genoud2018(Genoud,secondary)=52.2 | Wilman2014(Wilman,secondary)=49.75"
"Apodemus flavicollis","Body_Mass","g",10,4,"29.9839","1.64","","Burger2019(Burger,secondary)=32.3 | Wimberly2021(Wimberly,secondary)=31.6 | Genoud2018(Genoud,secondary)=25.9 | Genoud2018(Genoud,secondary)=23.9 | Genoud2018(Genoud,secondary)=33.1 | Genoud2018(Genoud,secondary)=27.35 | Genoud2018(Genoud,secondary)=23.4 | Genoud2018(Genoud,secondary)=33.3 | Genoud2018(Genoud,secondary)=38.4 | Wilman2014(Wilman,secondary)=26.7"
"Cebus capucinus","Body_Mass","g",10,7,"2669.7414","1.48","","Isler2008(Isler,secondary)=2861.0 | Burger2019(Burger,secondary)=2104.88 | Powell2017(Powell,secondary)=2436.5 | Wimberly2021(Wimberly,secondary)=3005.99 | Granatosky2018(Granatosky,secondary)=3110.0 | Granatosky2018(Granatosky,secondary)=3110.0 | Granatosky2018(Granatosky,secondary)=3110.0 | Granatosky2018(Granatosky,secondary)=3110.0 | Wilman2014(Wilman,secondary)=2733.32 | NA(10.6084%2Fm9.figshare.c.3899422.v1_Dataset1.tsv,secondary)=2436.5"
"Didelphis virginiana","Body_Mass","g",10,8,"3213.5","1.95","","Nudo1995(Nudo,primary)=2727.0 | Burger2019(Burger,secondary)=1900.0 | Wimberly2021(Wimberly,secondary)=2290.0 | Genoud2018(Genoud,secondary)=2660.0 | Genoud2018(Genoud,secondary)=3257.0 | Heffner1983(Heffner,primary)=3700.0 | Heffner1975(Heffner,primary)=3700.0 | Veilleux2014(Veilleux,secondary)=2190.0 | Lewitus2014(Lewitus,secondary)=3000.0 | Wilman2014(Wilman,secondary)=2195.48"
"Elephas maximus","Body_Mass","g",10,6,"6e+06","3.45","DISAGREEMENT>2x","MedinaGonzález2026(MedinaGonzález,secondary)=2072000.0 | MedinaGonzález2026(MedinaGonzález,secondary)=3684000.0 | MedinaGonzález2026(MedinaGonzález,secondary)=1740000.0 | MedinaGonzález2026(MedinaGonzález,secondary)=3684000.0 | MedinaGonzález2026(MedinaGonzález,secondary)=3e+06 | Burger2019(Burger,secondary)=2765457.5 | Wimberly2021(Wimberly,secondary)=3269794.34 | Genoud2018(Genoud,secondary)=3672000.0 | Heffner1975(Heffner,primary)=6e+06 | Wilman2014(Wilman,secondary)=2915040.0"
"Eulemur mongoz","Body_Mass","g",10,10,"1585","1.46","","Isler2008(Isler,secondary)=1212.0 | Burger2019(Burger,secondary)=1559.33 | Powell2017(Powell,secondary)=1212.436 | Wimberly2021(Wimberly,secondary)=1771.13 | Genoud2018(Genoud,secondary)=1382.0 | Granatosky2018(Granatosky,secondary)=1212.5 | Seymour2015(Seymour,primary)=1585.0 | Lewitus2014(Lewitus,secondary)=1632.75 | Wilman2014(Wilman,secondary)=1600.0 | NA(10.6084%2Fm9.figshare.c.3899422.v1_Dataset1.tsv,secondary)=1212.436"
"Galago moholi","Body_Mass","g",10,7,"180","1.22","","Isler2008(Isler,secondary)=148.0 | Isler2008(Isler,secondary)=171.5 | Burger2019(Burger,secondary)=148.379 | Powell2017(Powell,secondary)=148.379 | Ruf2015(Ruf,primary)=180.0 | Genoud2018(Genoud,secondary)=156.0 | Genoud2018(Genoud,secondary)=171.5 | Genoud2018(Genoud,secondary)=181.0 | Wilman2014(Wilman,secondary)=160.0 | NA(10.6084%2Fm9.figshare.c.3899422.v1_Dataset1.tsv,secondary)=148.379"
"Glaucomys volans","Body_Mass","g",10,3,"68.3067","1.24","","Burger2019(Burger,secondary)=73.1 | Genoud2018(Genoud,secondary)=62.8 | Genoud2018(Genoud,secondary)=76.0 | Genoud2018(Genoud,secondary)=70.0 | Genoud2018(Genoud,secondary)=70.7 | Genoud2018(Genoud,secondary)=62.8 | Genoud2018(Genoud,secondary)=67.1 | Genoud2018(Genoud,secondary)=61.5 | Genoud2018(Genoud,secondary)=72.7 | Wilman2014(Wilman,secondary)=63.87"
"Heterocephalus glaber","Body_Mass","g",10,6,"46.0967","2.61","DISAGREEMENT>2x","Kverkova2018(Kverkova,secondary)=37.74 | Burger2019(Burger,secondary)=60.8 | Genoud2018(Genoud,secondary)=39.0 | Genoud2018(Genoud,secondary)=32.0 | Genoud2018(Genoud,secondary)=40.0 | Genoud2018(Genoud,secondary)=42.7 | Genoud2018(Genoud,secondary)=45.0 | Veilleux2014(Veilleux,secondary)=60.0 | HerculanoHouzel2015(HerculanoHouzel,secondary)=23.3 | Wilman2014(Wilman,secondary)=55.0"
"Lasiopodomys brandtii","BMR_massspecific","mL O2/h/g",10,1,"2.1334","1.77","","Genoud2018(Genoud,secondary)=1.911 | Genoud2018(Genoud,secondary)=2.499 | Genoud2018(Genoud,secondary)=2.25 | Genoud2018(Genoud,secondary)=2.378 | Genoud2018(Genoud,secondary)=1.959 | Genoud2018(Genoud,secondary)=2.529 | Genoud2018(Genoud,secondary)=1.977 | Genoud2018(Genoud,secondary)=2.016 | Genoud2018(Genoud,secondary)=2.385 | Genoud2018(Genoud,secondary)=1.43"
"Lasiopodomys brandtii","BMR_wholeanimal","mL O2/h",10,1,"104.905","1.97","","Genoud2018(Genoud,secondary)=77.0 | Genoud2018(Genoud,secondary)=111.2 | Genoud2018(Genoud,secondary)=74.25 | Genoud2018(Genoud,secondary)=146.0 | Genoud2018(Genoud,secondary)=100.1 | Genoud2018(Genoud,secondary)=95.1 | Genoud2018(Genoud,secondary)=104.4 | Genoud2018(Genoud,secondary)=128.6 | Genoud2018(Genoud,secondary)=124.0 | Genoud2018(Genoud,secondary)=88.4"
"Microtus oeconomus","Body_Mass","g",10,2,"32.3678","1.53","","Genoud2018(Genoud,secondary)=32.0 | Genoud2018(Genoud,secondary)=32.0 | Genoud2018(Genoud,secondary)=35.4 | Genoud2018(Genoud,secondary)=23.7 | Genoud2018(Genoud,secondary)=26.0 | Genoud2018(Genoud,secondary)=34.6 | Genoud2018(Genoud,secondary)=23.8 | Genoud2018(Genoud,secondary)=29.4 | Genoud2018(Genoud,secondary)=36.3 | Wilman2014(Wilman,secondary)=34.38"
"Mustela nivalis","Body_Mass","g",10,4,"80.22","1.92","","Burger2019(Burger,secondary)=60.0 | Genoud2018(Genoud,secondary)=54.0 | Genoud2018(Genoud,secondary)=80.0 | Genoud2018(Genoud,secondary)=75.0 | Genoud2018(Genoud,secondary)=60.2 | Genoud2018(Genoud,secondary)=89.5 | Genoud2018(Genoud,secondary)=86.0 | Genoud2018(Genoud,secondary)=94.3 | Veilleux2014(Veilleux,secondary)=80.0 | Wilman2014(Wilman,secondary)=103.88"
"Myodes gapperi","Body_Mass","g",10,3,"20.0683","1.72","","Burger2019(Burger,secondary)=16.9 | Genoud2018(Genoud,secondary)=22.0 | Genoud2018(Genoud,secondary)=29.0 | Genoud2018(Genoud,secondary)=24.0 | Genoud2018(Genoud,secondary)=20.8 | Genoud2018(Genoud,secondary)=23.3 | Genoud2018(Genoud,secondary)=24.5 | Genoud2018(Genoud,secondary)=21.4 | Genoud2018(Genoud,secondary)=22.8 | Wilman2014(Wilman,secondary)=19.83"
"Myrmecobius fasciatus","Body_Mass","g",10,6,"500","1.4","","Burger2019(Burger,secondary)=471.5 | Wimberly2021(Wimberly,secondary)=511.44 | Ruf2015(Ruf,primary)=500.0 | Genoud2018(Genoud,secondary)=400.0 | Genoud2018(Genoud,secondary)=552.0 | Genoud2018(Genoud,secondary)=488.0 | Genoud2018(Genoud,secondary)=559.0 | Genoud2018(Genoud,secondary)=482.0 | Veilleux2014(Veilleux,secondary)=460.0 | Wilman2014(Wilman,secondary)=471.5"
"Oryctolagus cuniculus","BMR_massspecific","mL O2/h/g",10,1,"0.5778","1.8","","Genoud2018(Genoud,secondary)=0.694 | Genoud2018(Genoud,secondary)=0.693 | Genoud2018(Genoud,secondary)=0.52 | Genoud2018(Genoud,secondary)=0.391 | Genoud2018(Genoud,secondary)=0.57 | Genoud2018(Genoud,secondary)=0.462 | Genoud2018(Genoud,secondary)=0.616 | Genoud2018(Genoud,secondary)=0.483 | Genoud2018(Genoud,secondary)=0.703 | Genoud2018(Genoud,secondary)=0.646"
"Oryctolagus cuniculus","BMR_wholeanimal","mL O2/h",10,1,"1238.49","3.71","DISAGREEMENT>2x","Genoud2018(Genoud,secondary)=520.3 | Genoud2018(Genoud,secondary)=1727.0 | Genoud2018(Genoud,secondary)=1077.0 | Genoud2018(Genoud,secondary)=1016.0 | Genoud2018(Genoud,secondary)=1140.0 | Genoud2018(Genoud,secondary)=1016.0 | Genoud2018(Genoud,secondary)=1694.0 | Genoud2018(Genoud,secondary)=1932.0 | Genoud2018(Genoud,secondary)=873.6 | Genoud2018(Genoud,secondary)=1389.0"
"Papio ursinus","Body_Mass","g",10,8,"18354.86","2.09","DISAGREEMENT>2x","Jacobs2018(Jacobs,info)=31000.0 | Jacobs2018(Jacobs,info)=31000.0 | Isler2008(Isler,secondary)=22300.0 | Isler2008(Isler,secondary)=16900.0 | Burger2019(Burger,secondary)=14800.0 | Powell2017(Powell,secondary)=14800.0 | Wimberly2021(Wimberly,secondary)=17729.44 | Genoud2018(Genoud,secondary)=16380.0 | Wilman2014(Wilman,secondary)=17729.44 | NA(10.6084%2Fm9.figshare.c.3899422.v1_Dataset1.tsv,secondary)=14800.0"
"Pithecia pithecia","Body_Mass","g",10,9,"1816","1.32","","Isler2008(Isler,secondary)=1760.0 | Bauernfeind2013(Zilles,secondary)=1580.0 | Heldstab2016(Heldstab,primary)=1816.0 | Burger2019(Burger,secondary)=1580.0 | Powell2017(Powell,secondary)=1639.0 | Wimberly2021(Wimberly,secondary)=1667.19 | Granatosky2018(Granatosky,secondary)=1760.0 | Granatosky2018(Granatosky,secondary)=1760.0 | Wilman2014(Wilman,secondary)=1375.5 | NA(10.6084%2Fm9.figshare.c.3899422.v1_Dataset1.tsv,secondary)=1639.0"
"Saguinus mystax group","Body_Mass","g",10,1,"568.3","1.78","","Isler2008(Isler,secondary)=520.0 | Isler2008(Isler,secondary)=520.0 | Isler2008(Isler,secondary)=600.0 | Isler2008(Isler,secondary)=450.0 | Isler2008(Isler,secondary)=564.0 | Isler2008(Isler,secondary)=512.0 | Isler2008(Isler,secondary)=536.0 | Isler2008(Isler,secondary)=608.0 | Isler2008(Isler,secondary)=803.0 | Isler2008(Isler,secondary)=570.0"
"Sminthopsis crassicaudata","BMR_massspecific","mL O2/h/g",10,1,"1.4701","1.69","","Genoud2018(Genoud,secondary)=1.67 | Genoud2018(Genoud,secondary)=1.326 | Genoud2018(Genoud,secondary)=1.88 | Genoud2018(Genoud,secondary)=1.25 | Genoud2018(Genoud,secondary)=1.846 | Genoud2018(Genoud,secondary)=1.11 | Genoud2018(Genoud,secondary)=1.45 | Genoud2018(Genoud,secondary)=1.153 | Genoud2018(Genoud,secondary)=1.231 | Genoud2018(Genoud,secondary)=1.784"
"Sminthopsis crassicaudata","BMR_wholeanimal","mL O2/h",10,1,"23.403","2.27","DISAGREEMENT>2x","Genoud2018(Genoud,secondary)=24.22 | Genoud2018(Genoud,secondary)=18.7 | Genoud2018(Genoud,secondary)=35.72 | Genoud2018(Genoud,secondary)=22.13 | Genoud2018(Genoud,secondary)=28.8 | Genoud2018(Genoud,secondary)=15.76 | Genoud2018(Genoud,secondary)=17.11 | Genoud2018(Genoud,secondary)=21.9 | Genoud2018(Genoud,secondary)=21.5 | Genoud2018(Genoud,secondary)=28.19"
"Sorex minutus","Body_Mass","g",10,5,"5.08","2.18","DISAGREEMENT>2x","Burger2019(Burger,secondary)=4.6 | Genoud2018(Genoud,secondary)=4.57 | Genoud2018(Genoud,secondary)=3.3 | Genoud2018(Genoud,secondary)=5.1 | Stephan1981(Stephan_collection,primary)=5.3 | Matano1985(Stephan_collection,secondary)=4.42 | Lewitus2014(Lewitus,secondary)=7.2 | Wilman2014(Wilman,secondary)=4.5 | Stephan1970(Stephan_collection,primary)=5.3 | Stephan1970(Stephan_collection,primary)=5.3"
"Alouatta caraya group","Body_Mass","g",9,1,"5255.5556","2.15","DISAGREEMENT>2x","Isler2008(Isler,secondary)=3500.0 | Isler2008(Isler,secondary)=3500.0 | Isler2008(Isler,secondary)=6000.0 | Isler2008(Isler,secondary)=3400.0 | Isler2008(Isler,secondary)=4800.0 | Isler2008(Isler,secondary)=5000.0 | Isler2008(Isler,secondary)=6500.0 | Isler2008(Isler,secondary)=7300.0 | Isler2008(Isler,secondary)=7300.0"
"Ammospermophilus leucurus","Body_Mass","g",9,3,"99.6019","1.5","","Burger2019(Burger,secondary)=105.85 | Genoud2018(Genoud,secondary)=79.2 | Genoud2018(Genoud,secondary)=96.1 | Genoud2018(Genoud,secondary)=86.0 | Genoud2018(Genoud,secondary)=86.3 | Genoud2018(Genoud,secondary)=75.0 | Genoud2018(Genoud,secondary)=89.6 | Genoud2018(Genoud,secondary)=112.8 | Wilman2014(Wilman,secondary)=103.67"
"Apodemus sylvaticus","Body_Mass","g",9,4,"20","1.66","","Weibel2004(Weibel,primary)=20.0 | Weibel2004(Weibel,primary)=20.0 | Burger2019(Burger,secondary)=20.1 | Genoud2018(Genoud,secondary)=23.9 | Genoud2018(Genoud,secondary)=25.3 | Genoud2018(Genoud,secondary)=21.3 | Genoud2018(Genoud,secondary)=18.3 | Genoud2018(Genoud,secondary)=25.6 | Wilman2014(Wilman,secondary)=30.45"
"Blarina brevicauda","Body_Mass","g",9,5,"19.7","1.73","","Burger2019(Burger,secondary)=17.7 | Finlay2006(Finlay,primary)=19.7 | Genoud2018(Genoud,secondary)=20.0 | Genoud2018(Genoud,secondary)=18.9 | Genoud2018(Genoud,secondary)=21.0 | Genoud2018(Genoud,secondary)=20.5 | Genoud2018(Genoud,secondary)=21.0 | HerculanoHouzel2015(HerculanoHouzel,secondary)=16.2 | Wilman2014(Wilman,secondary)=28.0"
"Carollia perspicillata","Body_Mass","g",9,6,"17","1.44","","Burger2019(Burger,secondary)=17.07 | Ruf2015(Ruf,primary)=18.0 | Genoud2018(Genoud,secondary)=14.9 | Genoud2018(Genoud,secondary)=19.65 | Genoud2018(Genoud,secondary)=13.9 | Genoud2018(Genoud,secondary)=15.6 | Stephan1970(Stephan_collection,primary)=16.0 | Veilleux2014(Veilleux,secondary)=20.0 | Wilman2014(Wilman,secondary)=18.0"
"Cercocebus atys","Body_Mass","g",9,8,"6200","1.69","","Rilling1999(RillingInsel,secondary)=8800.0 | Isler2008(Isler,secondary)=8600.0 | Heldstab2016(Heldstab,primary)=6200.0 | Burger2019(Burger,secondary)=6200.0 | Powell2017(Powell,secondary)=6200.0 | Granatosky2018(Granatosky,secondary)=8400.0 | Rilling1998(RillingInsel,secondary)=10500.0 | Wilman2014(Wilman,secondary)=6941.24 | NA(10.6084%2Fm9.figshare.c.3899422.v1_Dataset1.tsv,secondary)=6200.0"
"Cricetulus barabensis","BMR_massspecific","mL O2/h/g",9,1,"2.0331","2.76","DISAGREEMENT>2x","Genoud2018(Genoud,secondary)=1.42 | Genoud2018(Genoud,secondary)=2.75 | Genoud2018(Genoud,secondary)=2.2 | Genoud2018(Genoud,secondary)=2.35 | Genoud2018(Genoud,secondary)=2.58 | Genoud2018(Genoud,secondary)=2.321 | Genoud2018(Genoud,secondary)=2.134 | Genoud2018(Genoud,secondary)=0.997 | Genoud2018(Genoud,secondary)=1.545"
"Cricetulus barabensis","BMR_wholeanimal","mL O2/h",9,1,"60.5433","1.86","","Genoud2018(Genoud,secondary)=52.97 | Genoud2018(Genoud,secondary)=68.2 | Genoud2018(Genoud,secondary)=69.08 | Genoud2018(Genoud,secondary)=68.17 | Genoud2018(Genoud,secondary)=65.27 | Genoud2018(Genoud,secondary)=58.5 | Genoud2018(Genoud,secondary)=70.0 | Genoud2018(Genoud,secondary)=37.7 | Genoud2018(Genoud,secondary)=55.0"
"Cryptomys hottentotus","Body_Mass","g",9,4,"87.695","1.8","","Kverkova2018(Kverkova,secondary)=68.58 | Burger2019(Burger,secondary)=98.4 | Genoud2018(Genoud,secondary)=71.0 | Genoud2018(Genoud,secondary)=102.0 | Genoud2018(Genoud,secondary)=75.0 | Genoud2018(Genoud,secondary)=102.0 | Genoud2018(Genoud,secondary)=84.47 | Genoud2018(Genoud,secondary)=56.63 | Wilman2014(Wilman,secondary)=101.95"
"Eulemur rubriventer","Body_Mass","g",9,6,"1709.1667","1.93","","Isler2008(Isler,secondary)=1960.0 | Burger2019(Burger,secondary)=1015.0 | Powell2017(Powell,secondary)=1960.0 | Granatosky2018(Granatosky,secondary)=1960.0 | Granatosky2018(Granatosky,secondary)=1960.0 | Granatosky2018(Granatosky,secondary)=1960.0 | Granatosky2018(Granatosky,secondary)=1960.0 | Wilman2014(Wilman,secondary)=1400.0 | NA(10.6084%2Fm9.figshare.c.3899422.v1_Dataset1.tsv,secondary)=1960.0"
"Giraffa camelopardalis","Body_Mass","g",9,7,"470000","2.57","DISAGREEMENT>2x","MedinaGonzález2026(MedinaGonzález,secondary)=1e+06 | MedinaGonzález2026(MedinaGonzález,secondary)=1e+06 | Burger2019(Burger,secondary)=1209000.0 | Wimberly2021(Wimberly,secondary)=964654.73 | Veilleux2014(Veilleux,secondary)=1e+06 | HerculanoHouzel2015(HerculanoHouzel,secondary)=470000.0 | Wilman2014(Wilman,secondary)=899994.8 | Kazu2014(Kazu,primary)=470000.0 | Kazu2015(Kazu,primary)=470000.0"
"Hapalemur griseus","Body_Mass","g",9,9,"935","1.97","","Isler2008(Isler,secondary)=709.0 | Heldstab2016(Heldstab,primary)=935.0 | Burger2019(Burger,secondary)=709.0 | Powell2017(Powell,secondary)=914.45 | Wimberly2021(Wimberly,secondary)=916.0 | Granatosky2018(Granatosky,secondary)=709.0 | Sherwood2003(Sherwood,secondary)=916.0 | Wilman2014(Wilman,secondary)=1400.0 | NA(10.6084%2Fm9.figshare.c.3899422.v1_Dataset1.tsv,secondary)=914.45"
"Hemicentetes semispinosus","Body_Mass","g",9,5,"110.6","1.25","","Burger2019(Burger,secondary)=110.0 | Genoud2018(Genoud,secondary)=133.0 | Stephan1981(Stephan_collection,primary)=110.0 | Matano1985(Stephan_collection,secondary)=110.0 | Wilman2014(Wilman,secondary)=137.8 | Stephan1970(Stephan_collection,primary)=110.0 | Stephan1970(Stephan_collection,primary)=110.0 | Stephan1988(Stephan,primary)=110.0 | Frahm1994(Stephan_collection,secondary)=116.0"
"Mandrillus sphinx","Body_Mass","g",9,9,"19862.5","3.01","DISAGREEMENT>2x","Isler2008(Isler,secondary)=23600.0 | Heldstab2016(Heldstab,primary)=12800.0 | Burger2019(Burger,secondary)=11500.0 | Powell2017(Powell,secondary)=8957.0 | Wimberly2021(Wimberly,secondary)=16685.06 | Seymour2015(Seymour,primary)=26925.0 | Lewitus2014(Lewitus,secondary)=12125.0 | Wilman2014(Wilman,secondary)=18249.88 | NA(10.6084%2Fm9.figshare.c.3899422.v1_Dataset1.tsv,secondary)=8957.0"
"Microtus oeconomus","BMR_massspecific","mL O2/h/g",9,1,"3.1498","2.33","DISAGREEMENT>2x","Genoud2018(Genoud,secondary)=2.408 | Genoud2018(Genoud,secondary)=3.15 | Genoud2018(Genoud,secondary)=2.839 | Genoud2018(Genoud,secondary)=4.962 | Genoud2018(Genoud,secondary)=2.89 | Genoud2018(Genoud,secondary)=2.133 | Genoud2018(Genoud,secondary)=3.445 | Genoud2018(Genoud,secondary)=3.129 | Genoud2018(Genoud,secondary)=3.391"
"Microtus oeconomus","BMR_wholeanimal","mL O2/h",9,1,"93.5556","1.67","","Genoud2018(Genoud,secondary)=77.06 | Genoud2018(Genoud,secondary)=100.8 | Genoud2018(Genoud,secondary)=100.5 | Genoud2018(Genoud,secondary)=117.6 | Genoud2018(Genoud,secondary)=75.14 | Genoud2018(Genoud,secondary)=73.8 | Genoud2018(Genoud,secondary)=82.0 | Genoud2018(Genoud,secondary)=92.0 | Genoud2018(Genoud,secondary)=123.1"
"Monodelphis domestica","Body_Mass","g",9,6,"116.5","2.34","DISAGREEMENT>2x","Nudo1995(Nudo,primary)=83.0 | MedinaGonzález2026(MedinaGonzález,secondary)=92.0 | Finlay2006(Finlay,primary)=150.0 | Wimberly2021(Wimberly,secondary)=70.0 | Genoud2018(Genoud,secondary)=82.0 | Genoud2018(Genoud,secondary)=104.0 | Genoud2018(Genoud,secondary)=64.1 | Genoud2018(Genoud,secondary)=68.0 | Wilman2014(Wilman,secondary)=71.4"
"Myodes glareolus","BMR_massspecific","mL O2/h/g",9,1,"3.0691","1.92","","Genoud2018(Genoud,secondary)=3.201 | Genoud2018(Genoud,secondary)=3.103 | Genoud2018(Genoud,secondary)=3.52 | Genoud2018(Genoud,secondary)=2.329 | Genoud2018(Genoud,secondary)=4.47 | Genoud2018(Genoud,secondary)=3.019 | Genoud2018(Genoud,secondary)=2.512 | Genoud2018(Genoud,secondary)=2.465 | Genoud2018(Genoud,secondary)=3.003"
"Myodes glareolus","BMR_wholeanimal","mL O2/h",9,1,"63.8218","1.7","","Genoud2018(Genoud,secondary)=55.7 | Genoud2018(Genoud,secondary)=63.3 | Genoud2018(Genoud,secondary)=82.016 | Genoud2018(Genoud,secondary)=57.3 | Genoud2018(Genoud,secondary)=89.4 | Genoud2018(Genoud,secondary)=66.73 | Genoud2018(Genoud,secondary)=52.5 | Genoud2018(Genoud,secondary)=52.5 | Genoud2018(Genoud,secondary)=54.95"
"Neomys fodiens","Body_Mass","g",9,5,"15.2","1.27","","Burger2019(Burger,secondary)=16.35 | Genoud2018(Genoud,secondary)=14.18 | Genoud2018(Genoud,secondary)=17.1 | Genoud2018(Genoud,secondary)=13.5 | Stephan1981(Stephan_collection,primary)=15.2 | Lewitus2014(Lewitus,secondary)=15.0 | Wilman2014(Wilman,secondary)=14.3 | Stephan1970(Stephan_collection,primary)=15.2 | Stephan1970(Stephan_collection,primary)=15.2"
"Otolemur garnettii","Body_Mass","g",9,7,"964.9571","1.56","","Isler2008(Isler,secondary)=764.0 | Isler2008(Isler,secondary)=1169.0 | Isler2008(Isler,secondary)=950.0 | Burger2019(Burger,secondary)=764.0 | Powell2017(Powell,secondary)=1188.0 | Genoud2018(Genoud,secondary)=947.0 | HerculanoHouzel2015(HerculanoHouzel,secondary)=946.7 | Wilman2014(Wilman,secondary)=760.0 | NA(10.6084%2Fm9.figshare.c.3899422.v1_Dataset1.tsv,secondary)=1188.0"
"Petaurus breviceps","Body_Mass","g",9,6,"128.5","1.22","","Burger2019(Burger,secondary)=127.5 | Wimberly2021(Wimberly,secondary)=120.76 | Ruf2015(Ruf,primary)=130.0 | Genoud2018(Genoud,secondary)=128.1 | Genoud2018(Genoud,secondary)=122.0 | Genoud2018(Genoud,secondary)=129.9 | Genoud2018(Genoud,secondary)=127.7 | Seymour2015(Seymour,primary)=127.0 | Wilman2014(Wilman,secondary)=106.28"
"Phodopus sungorus","BMR_massspecific","mL O2/h/g",9,1,"1.6207","1.7","","Genoud2018(Genoud,secondary)=1.7 | Genoud2018(Genoud,secondary)=1.25 | Genoud2018(Genoud,secondary)=1.599 | Genoud2018(Genoud,secondary)=1.69 | Genoud2018(Genoud,secondary)=2.0 | Genoud2018(Genoud,secondary)=2.12 | Genoud2018(Genoud,secondary)=1.434 | Genoud2018(Genoud,secondary)=1.505 | Genoud2018(Genoud,secondary)=1.288"
"Phodopus sungorus","BMR_wholeanimal","mL O2/h",9,1,"59.4522","1.95","","Genoud2018(Genoud,secondary)=52.87 | Genoud2018(Genoud,secondary)=39.13 | Genoud2018(Genoud,secondary)=53.1 | Genoud2018(Genoud,secondary)=68.45 | Genoud2018(Genoud,secondary)=52.0 | Genoud2018(Genoud,secondary)=76.11 | Genoud2018(Genoud,secondary)=74.35 | Genoud2018(Genoud,secondary)=70.0 | Genoud2018(Genoud,secondary)=49.06"
"Phyllotis darwini","BMR_massspecific","mL O2/h/g",9,1,"1.3151","3.01","DISAGREEMENT>2x","Genoud2018(Genoud,secondary)=1.21 | Genoud2018(Genoud,secondary)=1.203 | Genoud2018(Genoud,secondary)=1.309 | Genoud2018(Genoud,secondary)=2.42 | Genoud2018(Genoud,secondary)=0.805 | Genoud2018(Genoud,secondary)=1.027 | Genoud2018(Genoud,secondary)=1.163 | Genoud2018(Genoud,secondary)=0.929 | Genoud2018(Genoud,secondary)=1.77"
"Phyllotis darwini","BMR_wholeanimal","mL O2/h",9,1,"75.4244","3.08","DISAGREEMENT>2x","Genoud2018(Genoud,secondary)=71.4 | Genoud2018(Genoud,secondary)=64.6 | Genoud2018(Genoud,secondary)=85.9 | Genoud2018(Genoud,secondary)=159.0 | Genoud2018(Genoud,secondary)=51.7 | Genoud2018(Genoud,secondary)=60.4 | Genoud2018(Genoud,secondary)=51.61 | Genoud2018(Genoud,secondary)=66.95 | Genoud2018(Genoud,secondary)=67.26"
"Plecotus auritus","Body_Mass","g",9,5,"10","3.64","DISAGREEMENT>2x","Burger2019(Burger,secondary)=6.6 | Ruf2015(Ruf,primary)=10.0 | Genoud2018(Genoud,secondary)=24.0 | Genoud2018(Genoud,secondary)=11.42 | Genoud2018(Genoud,secondary)=10.7 | Genoud2018(Genoud,secondary)=7.8 | Genoud2018(Genoud,secondary)=7.8 | Veilleux2014(Veilleux,secondary)=7.0 | Wilman2014(Wilman,secondary)=7.83"
"Pongo sp.","Body_Mass","g",9,8,"41151","1.76","","Isler2008(Isler,secondary)=62815.0 | Bauernfeind2013(Zilles,secondary)=35600.0 | Bauernfeind2013(Zilles,secondary)=35600.0 | Heldstab2016(Heldstab,primary)=41151.0 | Burger2019(Burger,secondary)=62815.0 | Powell2017(Powell,secondary)=41148.0 | Granatosky2018(Granatosky,secondary)=57150.0 | Wilman2014(Wilman,secondary)=39696.12 | NA(10.6084%2Fm9.figshare.c.3899422.v1_Dataset1.tsv,secondary)=41148.0"
"Presbytis melalophos","Body_Mass","g",9,7,"6590","1.07","","Isler2008(Isler,secondary)=6560.0 | Isler2008(Isler,secondary)=6293.0 | Isler2008(Isler,secondary)=6749.0 | Burger2019(Burger,secondary)=6567.0 | Powell2017(Powell,secondary)=6566.636 | Granatosky2018(Granatosky,secondary)=6379.0 | Seymour2015(Seymour,primary)=6590.0 | Wilman2014(Wilman,secondary)=6300.0 | NA(10.6084%2Fm9.figshare.c.3899422.v1_Dataset1.tsv,secondary)=6566.636"
"Saguinus fuscicollis","Body_Mass","g",9,6,"386.4087","1.49","","Isler2008(Isler,secondary)=401.0 | Isler2008(Isler,secondary)=438.0 | Isler2008(Isler,secondary)=294.0 | Burger2019(Burger,secondary)=401.0 | Powell2017(Powell,secondary)=401.143 | Granatosky2018(Granatosky,secondary)=350.5 | Granatosky2018(Granatosky,secondary)=350.5 | Wilman2014(Wilman,secondary)=387.0 | NA(10.6084%2Fm9.figshare.c.3899422.v1_Dataset1.tsv,secondary)=401.143"
"Saguinus geoffroyi","Body_Mass","g",9,8,"465.0681","2.82","DISAGREEMENT>2x","Isler2008(Isler,secondary)=517.0 | Isler2008(Isler,secondary)=225.0 | Bauernfeind2013(Zilles,secondary)=482.0 | Burger2019(Burger,secondary)=634.67 | Powell2017(Powell,secondary)=514.688 | Genoud2018(Genoud,secondary)=225.0 | Granatosky2018(Granatosky,secondary)=492.0 | Wilman2014(Wilman,secondary)=486.5 | NA(10.6084%2Fm9.figshare.c.3899422.v1_Dataset1.tsv,secondary)=514.688"
"Saguinus mystax","Body_Mass","g",9,7,"570.8929","1.18","","Isler2008(Isler,secondary)=584.0 | Burger2019(Burger,secondary)=584.0 | Powell2017(Powell,secondary)=580.375 | Granatosky2018(Granatosky,secondary)=524.5 | Granatosky2018(Granatosky,secondary)=524.5 | Granatosky2018(Granatosky,secondary)=524.5 | Sherwood2003(Sherwood,secondary)=525.0 | Wilman2014(Wilman,secondary)=618.0 | NA(10.6084%2Fm9.figshare.c.3899422.v1_Dataset1.tsv,secondary)=580.375"
"Symphalangus syndactylus","Body_Mass","g",9,8,"11295","1.12","","Isler2008(Isler,secondary)=11295.0 | Bauernfeind2013(Zilles,secondary)=11900.0 | Heldstab2016(Heldstab,primary)=11295.0 | Burger2019(Burger,secondary)=12172.0 | Powell2017(Powell,secondary)=11295.0 | Granatosky2018(Granatosky,secondary)=11300.0 | Granatosky2018(Granatosky,secondary)=11300.0 | Wilman2014(Wilman,secondary)=10839.0 | NA(10.6084%2Fm9.figshare.c.3899422.v1_Dataset1.tsv,secondary)=11295.0"
"Tamias minimus","Body_Mass","g",9,3,"74.9424","4.04","DISAGREEMENT>2x","Burger2019(Burger,secondary)=45.3 | Genoud2018(Genoud,secondary)=33.5 | Genoud2018(Genoud,secondary)=35.2 | Genoud2018(Genoud,secondary)=49.3 | Genoud2018(Genoud,secondary)=45.8 | Genoud2018(Genoud,secondary)=44.8 | Genoud2018(Genoud,secondary)=47.8 | Genoud2018(Genoud,secondary)=53.4 | Wilman2014(Wilman,secondary)=135.27"
"Tarsius bancanus","Body_Mass","g",9,7,"108.2399","1.62","","Isler2008(Isler,secondary)=126.0 | Burger2019(Burger,secondary)=77.6 | Powell2017(Powell,secondary)=110.727 | Granatosky2018(Granatosky,secondary)=122.5 | Granatosky2018(Granatosky,secondary)=122.5 | Granatosky2018(Granatosky,secondary)=122.5 | Lewitus2014(Lewitus,secondary)=115.875 | Wilman2014(Wilman,secondary)=94.25 | NA(10.6084%2Fm9.figshare.c.3899422.v1_Dataset1.tsv,secondary)=110.727"
"Tursiops truncatus","Body_Mass","g",9,6,"156000.5556","2.71","DISAGREEMENT>2x","MacLarnon1996(MacLarnon,secondary)=86000.0 | MacLarnon1996(MacLarnon,secondary)=70500.0 | Manger2006(Manger,secondary)=165000.0 | Burger2019(Burger,secondary)=170480.0 | Genoud2018(Genoud,secondary)=170000.0 | Genoud2018(Genoud,secondary)=148600.0 | Genoud2018(Genoud,secondary)=190720.0 | Lewitus2014(Lewitus,secondary)=177500.0 | Wilman2014(Wilman,secondary)=175000.0"
"Vulpes lagopus","Body_Mass","g",9,4,"3763.1758","1.92","","MedinaGonzález2026(MedinaGonzález,secondary)=3500.0 | Burger2019(Burger,secondary)=3415.0 | Genoud2018(Genoud,secondary)=4700.0 | Genoud2018(Genoud,secondary)=3600.0 | Genoud2018(Genoud,secondary)=6550.0 | Genoud2018(Genoud,secondary)=5090.0 | Genoud2018(Genoud,secondary)=3410.0 | Genoud2018(Genoud,secondary)=3970.0 | Wilman2014(Wilman,secondary)=3584.37"
"Acinonyx jubatus","Body_Mass","g",8,6,"45586.6667","1.4","","MedinaGonzález2026(MedinaGonzález,secondary)=48000.0 | MedinaGonzález2026(MedinaGonzález,secondary)=53000.0 | Burger2019(Burger,secondary)=43000.0 | Wimberly2021(Wimberly,secondary)=49270.0 | Genoud2018(Genoud,secondary)=39000.0 | Genoud2018(Genoud,secondary)=37900.0 | Veilleux2014(Veilleux,secondary)=45600.0 | Wilman2014(Wilman,secondary)=46700.0"
"Acomys cahirinus","Body_Mass","g",8,3,"43.2517","1.77","","Burger2019(Burger,secondary)=31.0 | Genoud2018(Genoud,secondary)=42.0 | Genoud2018(Genoud,secondary)=48.0 | Genoud2018(Genoud,secondary)=48.5 | Genoud2018(Genoud,secondary)=54.9 | Genoud2018(Genoud,secondary)=40.77 | Genoud2018(Genoud,secondary)=43.66 | Wilman2014(Wilman,secondary)=52.45"
"Acomys russatus","BMR_massspecific","mL O2/h/g",8,1,"0.8433","3.17","DISAGREEMENT>2x","Genoud2018(Genoud,secondary)=0.799 | Genoud2018(Genoud,secondary)=0.75 | Genoud2018(Genoud,secondary)=0.66 | Genoud2018(Genoud,secondary)=1.5 | Genoud2018(Genoud,secondary)=1.079 | Genoud2018(Genoud,secondary)=0.474 | Genoud2018(Genoud,secondary)=0.948 | Genoud2018(Genoud,secondary)=0.536"
"Acomys russatus","BMR_wholeanimal","mL O2/h",8,1,"51.2138","3.49","DISAGREEMENT>2x","Genoud2018(Genoud,secondary)=40.84 | Genoud2018(Genoud,secondary)=45.0 | Genoud2018(Genoud,secondary)=41.78 | Genoud2018(Genoud,secondary)=97.65 | Genoud2018(Genoud,secondary)=54.4 | Genoud2018(Genoud,secondary)=42.44 | Genoud2018(Genoud,secondary)=59.6 | Genoud2018(Genoud,secondary)=28.0"
"Alouatta caraya","Body_Mass","g",8,8,"5270.37","1.51","","Isler2008(Isler,secondary)=5383.0 | Bauernfeind2013(Zilles,secondary)=6420.0 | Burger2019(Burger,secondary)=5012.5 | Powell2017(Powell,secondary)=4240.0 | Granatosky2018(Granatosky,secondary)=5375.0 | Veilleux2014(Veilleux,secondary)=5630.0 | Wilman2014(Wilman,secondary)=5862.46 | NA(10.6084%2Fm9.figshare.c.3899422.v1_Dataset1.tsv,secondary)=4240.0"
"Australopithecus africanus","Body_Mass","g",8,1,"27275","1.02","","Seymour2017(Seymour,info)=27800.0 | Seymour2017(Seymour,info)=27200.0 | Seymour2017(Seymour,info)=27200.0 | Seymour2017(Seymour,info)=27200.0 | Seymour2017(Seymour,info)=27200.0 | Seymour2017(Seymour,info)=27200.0 | Seymour2017(Seymour,info)=27200.0 | Seymour2017(Seymour,info)=27200.0"
"Castor canadensis","Body_Mass","g",8,7,"13000","2.13","DISAGREEMENT>2x","MedinaGonzález2026(MedinaGonzález,secondary)=21500.0 | Burger2019(Burger,secondary)=27670.0 | Wimberly2021(Wimberly,secondary)=18124.41 | Genoud2018(Genoud,secondary)=15270.0 | Genoud2018(Genoud,secondary)=18800.0 | Heffner1975(Heffner,primary)=13000.0 | Lewitus2014(Lewitus,secondary)=21750.0 | Wilman2014(Wilman,secondary)=21820.0"
"Cercocebus torquatus","Body_Mass","g",8,7,"6245.3529","2.08","DISAGREEMENT>2x","MacLarnon1996(MacLarnon,secondary)=7800.0 | Isler2008(Isler,secondary)=7485.0 | Isler2008(Isler,secondary)=3750.0 | Burger2019(Burger,secondary)=7485.0 | Powell2017(Powell,secondary)=5657.5 | Genoud2018(Genoud,secondary)=3750.0 | Wilman2014(Wilman,secondary)=7749.97 | NA(10.6084%2Fm9.figshare.c.3899422.v1_Dataset1.tsv,secondary)=5657.5"
"Cercopithecus petaurista","Body_Mass","g",8,6,"3234.8502","1.32","","Isler2008(Isler,secondary)=3609.0 | Isler2008(Isler,secondary)=3650.0 | Isler2008(Isler,secondary)=3357.0 | Burger2019(Burger,secondary)=3609.091 | Powell2017(Powell,secondary)=2918.182 | Granatosky2018(Granatosky,secondary)=3650.0 | Wilman2014(Wilman,secondary)=2774.98 | NA(10.6084%2Fm9.figshare.c.3899422.v1_Dataset1.tsv,secondary)=2918.182"
"Choloepus didactylus","Body_Mass","g",8,6,"5986.6389","2.27","DISAGREEMENT>2x","MedinaGonzález2026(MedinaGonzález,secondary)=7300.0 | MedinaGonzález2026(MedinaGonzález,secondary)=10600.0 | MedinaGonzález2026(MedinaGonzález,secondary)=6500.0 | Burger2019(Burger,secondary)=5070.0 | Wimberly2021(Wimberly,secondary)=6646.5 | Veilleux2014(Veilleux,secondary)=4660.0 | Lewitus2014(Lewitus,secondary)=6250.0 | Wilman2014(Wilman,secondary)=5160.0"
"Cricetus cricetus","Body_Mass","g",8,4,"400","1.72","","Burger2019(Burger,secondary)=297.0 | Ruf2015(Ruf,primary)=400.0 | Genoud2018(Genoud,secondary)=346.0 | Genoud2018(Genoud,secondary)=309.0 | Genoud2018(Genoud,secondary)=360.0 | Genoud2018(Genoud,secondary)=361.2 | Genoud2018(Genoud,secondary)=369.6 | Wilman2014(Wilman,secondary)=510.0"
"Ctenomys talarum","Body_Mass","g",8,2,"128.5971","2.25","DISAGREEMENT>2x","Genoud2018(Genoud,secondary)=126.0 | Genoud2018(Genoud,secondary)=116.0 | Genoud2018(Genoud,secondary)=117.7 | Genoud2018(Genoud,secondary)=126.5 | Genoud2018(Genoud,secondary)=125.0 | Genoud2018(Genoud,secondary)=181.95 | Genoud2018(Genoud,secondary)=80.9 | Wilman2014(Wilman,secondary)=132.33"
"Dasyurus hallucatus","Body_Mass","g",8,6,"633","1.88","","Burger2019(Burger,secondary)=525.0 | Finlay2006(Finlay,primary)=750.0 | Ruf2015(Ruf,primary)=516.0 | Genoud2018(Genoud,secondary)=584.4 | Genoud2018(Genoud,secondary)=532.3 | Genoud2018(Genoud,secondary)=516.0 | Veilleux2014(Veilleux,secondary)=400.0 | Wilman2014(Wilman,secondary)=525.0"
"Dicrostonyx groenlandicus","Body_Mass","g",8,3,"59.0167","1.46","","Burger2019(Burger,secondary)=68.4 | Genoud2018(Genoud,secondary)=51.0 | Genoud2018(Genoud,secondary)=47.0 | Genoud2018(Genoud,secondary)=54.5 | Genoud2018(Genoud,secondary)=48.5 | Genoud2018(Genoud,secondary)=62.3 | Genoud2018(Genoud,secondary)=62.2 | Wilman2014(Wilman,secondary)=54.4"
"Dipodomys deserti","Body_Mass","g",8,3,"109.7111","1.28","","Burger2019(Burger,secondary)=122.45 | Genoud2018(Genoud,secondary)=101.1 | Genoud2018(Genoud,secondary)=97.8 | Genoud2018(Genoud,secondary)=106.0 | Genoud2018(Genoud,secondary)=107.5 | Genoud2018(Genoud,secondary)=104.7 | Genoud2018(Genoud,secondary)=96.0 | Wilman2014(Wilman,secondary)=104.5"
"Eothenomys miletus","Body_Mass","g",8,2,"45.5321","1.4","","Genoud2018(Genoud,secondary)=46.4 | Genoud2018(Genoud,secondary)=41.23 | Genoud2018(Genoud,secondary)=38.72 | Genoud2018(Genoud,secondary)=38.0 | Genoud2018(Genoud,secondary)=41.8 | Genoud2018(Genoud,secondary)=36.3 | Genoud2018(Genoud,secondary)=40.1 | Wilman2014(Wilman,secondary)=50.7"
"Eptesicus fuscus","BMR_massspecific","mL O2/h/g",8,1,"1.0916","1.86","","Genoud2018(Genoud,secondary)=1.201 | Genoud2018(Genoud,secondary)=1.132 | Genoud2018(Genoud,secondary)=0.814 | Genoud2018(Genoud,secondary)=1.107 | Genoud2018(Genoud,secondary)=1.06 | Genoud2018(Genoud,secondary)=0.832 | Genoud2018(Genoud,secondary)=1.071 | Genoud2018(Genoud,secondary)=1.517"
"Eptesicus fuscus","BMR_wholeanimal","mL O2/h",8,1,"16.5325","2.24","DISAGREEMENT>2x","Genoud2018(Genoud,secondary)=20.3 | Genoud2018(Genoud,secondary)=16.98 | Genoud2018(Genoud,secondary)=10.75 | Genoud2018(Genoud,secondary)=16.0 | Genoud2018(Genoud,secondary)=15.59 | Genoud2018(Genoud,secondary)=12.61 | Genoud2018(Genoud,secondary)=15.9 | Genoud2018(Genoud,secondary)=24.13"
"Eulemur macaco","Body_Mass","g",8,8,"1908","1.26","","Isler2008(Isler,secondary)=2390.0 | Heldstab2016(Heldstab,primary)=1908.0 | Burger2019(Burger,secondary)=2086.17 | Powell2017(Powell,secondary)=1934.465 | Granatosky2018(Granatosky,secondary)=2390.0 | Veilleux2014(Veilleux,secondary)=2400.0 | Wilman2014(Wilman,secondary)=2040.0 | NA(10.6084%2Fm9.figshare.c.3899422.v1_Dataset1.tsv,secondary)=1934.465"
"Glaucomys volans","BMR_massspecific","mL O2/h/g",8,1,"1.0458","1.53","","Genoud2018(Genoud,secondary)=1.06 | Genoud2018(Genoud,secondary)=1.2 | Genoud2018(Genoud,secondary)=1.317 | Genoud2018(Genoud,secondary)=0.87 | Genoud2018(Genoud,secondary)=1.04 | Genoud2018(Genoud,secondary)=0.97 | Genoud2018(Genoud,secondary)=1.05 | Genoud2018(Genoud,secondary)=0.86"
"Glaucomys volans","BMR_wholeanimal","mL O2/h",8,1,"71.1175","1.5","","Genoud2018(Genoud,secondary)=66.57 | Genoud2018(Genoud,secondary)=91.2 | Genoud2018(Genoud,secondary)=92.2 | Genoud2018(Genoud,secondary)=61.5 | Genoud2018(Genoud,secondary)=65.3 | Genoud2018(Genoud,secondary)=65.09 | Genoud2018(Genoud,secondary)=64.58 | Genoud2018(Genoud,secondary)=62.5"
"Hylobates agilis","Body_Mass","g",8,7,"5880","1.06","","Isler2008(Isler,secondary)=5850.0 | Burger2019(Burger,secondary)=5528.75 | Powell2017(Powell,secondary)=5850.0 | Granatosky2018(Granatosky,secondary)=5850.0 | Granatosky2018(Granatosky,secondary)=5850.0 | Seymour2015(Seymour,primary)=5880.0 | Wilman2014(Wilman,secondary)=5650.0 | NA(10.6084%2Fm9.figshare.c.3899422.v1_Dataset1.tsv,secondary)=5850.0"
"Macaca nemestrina","Body_Mass","g",8,8,"7575","1.98","","Isler2008(Isler,secondary)=8821.0 | Haarlem2026(Haarlem,secondary)=7603.39 | Burger2019(Burger,secondary)=4456.0 | Powell2017(Powell,secondary)=6539.156 | Veilleux2014(Veilleux,secondary)=7470.0 | Seymour2015(Seymour,primary)=7575.0 | Wilman2014(Wilman,secondary)=6296.5 | NA(10.6084%2Fm9.figshare.c.3899422.v1_Dataset1.tsv,secondary)=6539.156"
"Macaca radiata","Body_Mass","g",8,8,"3850","2.17","DISAGREEMENT>2x","Isler2008(Isler,secondary)=5084.0 | Haarlem2026(Haarlem,secondary)=5132.245 | Burger2019(Burger,secondary)=3856.0 | Powell2017(Powell,secondary)=3855.667 | HerculanoHouzel2015(HerculanoHouzel,secondary)=8012.0 | Seymour2015(Seymour,primary)=3850.0 | Wilman2014(Wilman,secondary)=3690.0 | NA(10.6084%2Fm9.figshare.c.3899422.v1_Dataset1.tsv,secondary)=3855.667"
"Myodes gapperi","BMR_massspecific","mL O2/h/g",8,1,"2.4211","1.61","","Genoud2018(Genoud,secondary)=2.3 | Genoud2018(Genoud,secondary)=2.2 | Genoud2018(Genoud,secondary)=3.14 | Genoud2018(Genoud,secondary)=2.077 | Genoud2018(Genoud,secondary)=2.082 | Genoud2018(Genoud,secondary)=2.79 | Genoud2018(Genoud,secondary)=2.83 | Genoud2018(Genoud,secondary)=1.95"
"Myodes gapperi","BMR_wholeanimal","mL O2/h",8,1,"56.8563","1.74","","Genoud2018(Genoud,secondary)=50.6 | Genoud2018(Genoud,secondary)=63.8 | Genoud2018(Genoud,secondary)=75.36 | Genoud2018(Genoud,secondary)=43.21 | Genoud2018(Genoud,secondary)=48.5 | Genoud2018(Genoud,secondary)=68.36 | Genoud2018(Genoud,secondary)=60.56 | Genoud2018(Genoud,secondary)=44.46"
"Myotis lucifugus","Body_Mass","g",8,4,"5.2","1.54","","Burger2019(Burger,secondary)=8.0 | Ruf2015(Ruf,primary)=5.2 | Genoud2018(Genoud,secondary)=6.9 | Genoud2018(Genoud,secondary)=6.0 | Genoud2018(Genoud,secondary)=6.5 | Genoud2018(Genoud,secondary)=6.0 | Genoud2018(Genoud,secondary)=7.7 | Wilman2014(Wilman,secondary)=7.65"
"Nycticebus pygmaeus","Body_Mass","g",8,7,"478.0243","2.93","DISAGREEMENT>2x","Isler2008(Isler,secondary)=307.0 | Burger2019(Burger,secondary)=480.0 | Powell2017(Powell,secondary)=420.0 | Wimberly2021(Wimberly,secondary)=342.32 | Genoud2018(Genoud,secondary)=469.5 | Genoud2018(Genoud,secondary)=484.2 | Wilman2014(Wilman,secondary)=900.0 | NA(10.6084%2Fm9.figshare.c.3899422.v1_Dataset1.tsv,secondary)=420.0"
"Pagophilus groenlandicus","Body_Mass","g",8,5,"135741.6667","1.22","","Jacobs2018(Jacobs,info)=132300.0 | Jacobs2018(Jacobs,info)=132300.0 | Haarlem2026(Haarlem,secondary)=141125.0 | Burger2019(Burger,secondary)=132250.0 | Genoud2018(Genoud,secondary)=150000.0 | Genoud2018(Genoud,secondary)=122850.0 | Genoud2018(Genoud,secondary)=149500.0 | Wilman2014(Wilman,secondary)=132250.0"
"Peromyscus eremicus","BMR_massspecific","mL O2/h/g",8,1,"1.4769","1.21","","Genoud2018(Genoud,secondary)=1.599 | Genoud2018(Genoud,secondary)=1.598 | Genoud2018(Genoud,secondary)=1.479 | Genoud2018(Genoud,secondary)=1.56 | Genoud2018(Genoud,secondary)=1.32 | Genoud2018(Genoud,secondary)=1.53 | Genoud2018(Genoud,secondary)=1.321 | Genoud2018(Genoud,secondary)=1.408"
"Peromyscus eremicus","BMR_wholeanimal","mL O2/h",8,1,"30.87","1.6","","Genoud2018(Genoud,secondary)=38.7 | Genoud2018(Genoud,secondary)=31.8 | Genoud2018(Genoud,secondary)=31.8 | Genoud2018(Genoud,secondary)=27.14 | Genoud2018(Genoud,secondary)=27.46 | Genoud2018(Genoud,secondary)=38.86 | Genoud2018(Genoud,secondary)=24.3 | Genoud2018(Genoud,secondary)=26.9"
"Peromyscus leucopus","BMR_massspecific","mL O2/h/g",8,1,"2.0485","1.64","","Genoud2018(Genoud,secondary)=1.55 | Genoud2018(Genoud,secondary)=2.266 | Genoud2018(Genoud,secondary)=2.54 | Genoud2018(Genoud,secondary)=2.1 | Genoud2018(Genoud,secondary)=2.5 | Genoud2018(Genoud,secondary)=1.66 | Genoud2018(Genoud,secondary)=1.97 | Genoud2018(Genoud,secondary)=1.802"
"Peromyscus leucopus","BMR_wholeanimal","mL O2/h",8,1,"45.9015","1.82","","Genoud2018(Genoud,secondary)=32.55 | Genoud2018(Genoud,secondary)=58.0 | Genoud2018(Genoud,secondary)=59.182 | Genoud2018(Genoud,secondary)=50.4 | Genoud2018(Genoud,secondary)=48.0 | Genoud2018(Genoud,secondary)=35.2 | Genoud2018(Genoud,secondary)=36.84 | Genoud2018(Genoud,secondary)=47.04"
"Planigale gilesi","Body_Mass","g",8,4,"8","1.19","","Burger2019(Burger,secondary)=9.2 | Ruf2015(Ruf,primary)=8.0 | Genoud2018(Genoud,secondary)=9.4 | Genoud2018(Genoud,secondary)=9.5 | Genoud2018(Genoud,secondary)=8.3 | Genoud2018(Genoud,secondary)=9.1 | Genoud2018(Genoud,secondary)=9.3 | Wilman2014(Wilman,secondary)=9.2"
"Presbytis siamensis","Body_Mass","g",8,6,"5793.5358","1.44","","Isler2008(Isler,secondary)=5876.0 | Isler2008(Isler,secondary)=6320.0 | Isler2008(Isler,secondary)=5292.0 | Burger2019(Burger,secondary)=5876.464 | Powell2017(Powell,secondary)=6366.429 | Granatosky2018(Granatosky,secondary)=4427.5 | Wilman2014(Wilman,secondary)=5895.06 | NA(10.6084%2Fm9.figshare.c.3899422.v1_Dataset1.tsv,secondary)=6366.429"
"Propithecus diadema","Body_Mass","g",8,7,"6100","1.23","","Isler2008(Isler,secondary)=6130.0 | Burger2019(Burger,secondary)=6130.0 | Powell2017(Powell,secondary)=6505.0 | Granatosky2018(Granatosky,secondary)=6130.0 | Granatosky2018(Granatosky,secondary)=6130.0 | Seymour2015(Seymour,primary)=6100.0 | Wilman2014(Wilman,secondary)=7500.0 | NA(10.6084%2Fm9.figshare.c.3899422.v1_Dataset1.tsv,secondary)=6505.0"
"Sigmodon hispidus","Body_Mass","g",8,3,"129.0378","2.07","DISAGREEMENT>2x","Burger2019(Burger,secondary)=132.5 | Genoud2018(Genoud,secondary)=191.6 | Genoud2018(Genoud,secondary)=190.9 | Genoud2018(Genoud,secondary)=120.0 | Genoud2018(Genoud,secondary)=152.4 | Genoud2018(Genoud,secondary)=140.5 | Genoud2018(Genoud,secondary)=178.0 | Wilman2014(Wilman,secondary)=92.38"
"Sminthopsis macroura","BMR_massspecific","mL O2/h/g",8,1,"1.1067","1.67","","Genoud2018(Genoud,secondary)=1.07 | Genoud2018(Genoud,secondary)=1.257 | Genoud2018(Genoud,secondary)=0.89 | Genoud2018(Genoud,secondary)=0.87 | Genoud2018(Genoud,secondary)=1.03 | Genoud2018(Genoud,secondary)=1.4 | Genoud2018(Genoud,secondary)=0.886 | Genoud2018(Genoud,secondary)=1.45"
"Sminthopsis macroura","BMR_wholeanimal","mL O2/h",8,1,"23.5975","1.33","","Genoud2018(Genoud,secondary)=23.54 | Genoud2018(Genoud,secondary)=21.0 | Genoud2018(Genoud,secondary)=22.07 | Genoud2018(Genoud,secondary)=21.5 | Genoud2018(Genoud,secondary)=27.5 | Genoud2018(Genoud,secondary)=28.0 | Genoud2018(Genoud,secondary)=21.97 | Genoud2018(Genoud,secondary)=23.2"
"Spermophilus lateralis","Body_Mass","g",8,4,"200","1.78","","Burger2019(Burger,secondary)=168.85 | Ruf2015(Ruf,primary)=200.0 | Genoud2018(Genoud,secondary)=260.2 | Genoud2018(Genoud,secondary)=278.7 | Genoud2018(Genoud,secondary)=156.6 | Genoud2018(Genoud,secondary)=170.5 | Genoud2018(Genoud,secondary)=229.0 | Wilman2014(Wilman,secondary)=191.0"
"Spermophilus tereticaudus","Body_Mass","g",8,4,"125","2.6","DISAGREEMENT>2x","Burger2019(Burger,secondary)=133.3 | Ruf2015(Ruf,primary)=125.0 | Genoud2018(Genoud,secondary)=236.0 | Genoud2018(Genoud,secondary)=167.2 | Genoud2018(Genoud,secondary)=116.9 | Genoud2018(Genoud,secondary)=90.8 | Genoud2018(Genoud,secondary)=131.4 | Wilman2014(Wilman,secondary)=156.5"
"Syconycteris australis","Body_Mass","g",8,4,"18","1.18","","Burger2019(Burger,secondary)=15.84 | Ruf2015(Ruf,primary)=18.0 | Genoud2018(Genoud,secondary)=17.5 | Genoud2018(Genoud,secondary)=17.8 | Genoud2018(Genoud,secondary)=16.3 | Genoud2018(Genoud,secondary)=15.3 | Genoud2018(Genoud,secondary)=18.0 | Wilman2014(Wilman,secondary)=17.1"
"Tarsius sp.","Body_Mass","g",8,3,"125","1","","Stephan1981(Stephan_collection,primary)=125.0 | Matano1985(Stephan_collection,secondary)=125.0 | Matano1985(Stephan_collection,secondary)=125.0 | Matano1986(Matano,secondary)=125.0 | Matano1992(Matano,secondary)=125.0 | Stephan1988(Stephan,primary)=125.0 | Frahm1994(Stephan_collection,secondary)=125.0 | Frahm1998(Stephan_collection,secondary)=125.0"
"Taurotragus oryx","Body_Mass","g",8,5,"240000","4.29","DISAGREEMENT>2x","MedinaGonzález2026(MedinaGonzález,secondary)=511000.0 | Weibel2004(Weibel,primary)=240000.0 | Weibel2004(Weibel,primary)=240000.0 | Burger2019(Burger,secondary)=4e+05 | Genoud2018(Genoud,secondary)=133000.0 | Genoud2018(Genoud,secondary)=5e+05 | Genoud2018(Genoud,secondary)=383000.0 | Wilman2014(Wilman,secondary)=569993.63"
"Theropithecus gelada","Body_Mass","g",8,7,"14171","2.52","DISAGREEMENT>2x","MacLarnon1996(MacLarnon,secondary)=19410.0 | MacLarnon1996(MacLarnon,secondary)=11690.0 | Isler2008(Isler,secondary)=15350.0 | Heldstab2016(Heldstab,primary)=14171.0 | Burger2019(Burger,secondary)=7710.0 | Powell2017(Powell,secondary)=14171.429 | Wilman2014(Wilman,secondary)=17049.83 | NA(10.6084%2Fm9.figshare.c.3899422.v1_Dataset1.tsv,secondary)=14171.429"
"Tupaia belangeri","BMR_massspecific","mL O2/h/g",8,1,"1.3545","2.5","DISAGREEMENT>2x","Genoud2018(Genoud,secondary)=0.94 | Genoud2018(Genoud,secondary)=0.68 | Genoud2018(Genoud,secondary)=1.526 | Genoud2018(Genoud,secondary)=1.38 | Genoud2018(Genoud,secondary)=1.45 | Genoud2018(Genoud,secondary)=1.7 | Genoud2018(Genoud,secondary)=1.5 | Genoud2018(Genoud,secondary)=1.66"
"Tupaia belangeri","BMR_wholeanimal","mL O2/h",8,1,"166.7562","1.62","","Genoud2018(Genoud,secondary)=151.3 | Genoud2018(Genoud,secondary)=126.5 | Genoud2018(Genoud,secondary)=190.8 | Genoud2018(Genoud,secondary)=139.2 | Genoud2018(Genoud,secondary)=152.8 | Genoud2018(Genoud,secondary)=205.4 | Genoud2018(Genoud,secondary)=183.75 | Genoud2018(Genoud,secondary)=184.3"
"Vulpes vulpes","Body_Mass","g",8,5,"4401.506","2.78","DISAGREEMENT>2x","Burger2019(Burger,secondary)=3722.71 | Wimberly2021(Wimberly,secondary)=4750.0 | Genoud2018(Genoud,secondary)=4440.0 | Genoud2018(Genoud,secondary)=4230.0 | Genoud2018(Genoud,secondary)=3060.0 | Genoud2018(Genoud,secondary)=1967.0 | Lewitus2014(Lewitus,secondary)=4634.4 | Wilman2014(Wilman,secondary)=5476.17"
"Abrothrix andinus","Body_Mass","g",7,2,"25.23","1.86","","Genoud2018(Genoud,secondary)=34.6 | Genoud2018(Genoud,secondary)=34.9 | Genoud2018(Genoud,secondary)=23.0 | Genoud2018(Genoud,secondary)=22.3 | Genoud2018(Genoud,secondary)=18.8 | Genoud2018(Genoud,secondary)=19.7 | Wilman2014(Wilman,secondary)=24.91"
"Amblysomus hottentotus","Body_Mass","g",7,4,"75","1.5","","Ruf2015(Ruf,primary)=75.0 | Genoud2018(Genoud,secondary)=70.0 | Genoud2018(Genoud,secondary)=69.8 | Genoud2018(Genoud,secondary)=65.5 | Genoud2018(Genoud,secondary)=70.05 | HerculanoHouzel2015(HerculanoHouzel,secondary)=79.0 | Wilman2014(Wilman,secondary)=52.6"
"Ammospermophilus leucurus","BMR_massspecific","mL O2/h/g",7,1,"1.0713","1.97","","Genoud2018(Genoud,secondary)=1.3 | Genoud2018(Genoud,secondary)=1.03 | Genoud2018(Genoud,secondary)=1.5 | Genoud2018(Genoud,secondary)=1.0 | Genoud2018(Genoud,secondary)=1.04 | Genoud2018(Genoud,secondary)=0.76 | Genoud2018(Genoud,secondary)=0.869"
"Ammospermophilus leucurus","BMR_wholeanimal","mL O2/h",7,1,"94.48","1.89","","Genoud2018(Genoud,secondary)=102.96 | Genoud2018(Genoud,secondary)=99.0 | Genoud2018(Genoud,secondary)=129.0 | Genoud2018(Genoud,secondary)=86.3 | Genoud2018(Genoud,secondary)=78.0 | Genoud2018(Genoud,secondary)=68.1 | Genoud2018(Genoud,secondary)=98.0"
"Apodemus flavicollis","BMR_massspecific","mL O2/h/g",7,1,"2.1233","2.21","DISAGREEMENT>2x","Genoud2018(Genoud,secondary)=2.9 | Genoud2018(Genoud,secondary)=1.81 | Genoud2018(Genoud,secondary)=2.679 | Genoud2018(Genoud,secondary)=2.31 | Genoud2018(Genoud,secondary)=1.812 | Genoud2018(Genoud,secondary)=2.039 | Genoud2018(Genoud,secondary)=1.312"
"Apodemus flavicollis","BMR_wholeanimal","mL O2/h",7,1,"61.5629","2.09","DISAGREEMENT>2x","Genoud2018(Genoud,secondary)=75.11 | Genoud2018(Genoud,secondary)=43.26 | Genoud2018(Genoud,secondary)=88.69 | Genoud2018(Genoud,secondary)=63.18 | Genoud2018(Genoud,secondary)=42.4 | Genoud2018(Genoud,secondary)=67.9 | Genoud2018(Genoud,secondary)=50.4"
"Arctocebus calabarensis","Body_Mass","g",7,6,"266.75","1.5","","Isler2008(Isler,secondary)=309.0 | Isler2008(Isler,secondary)=206.0 | Burger2019(Burger,secondary)=309.0 | Powell2017(Powell,secondary)=309.0 | Genoud2018(Genoud,secondary)=206.0 | Wilman2014(Wilman,secondary)=210.0 | NA(10.6084%2Fm9.figshare.c.3899422.v1_Dataset1.tsv,secondary)=309.0"
"Ateles fusciceps","Body_Mass","g",7,7,"9160","1.01","","Isler2008(Isler,secondary)=9025.0 | Heldstab2016(Heldstab,primary)=9160.0 | Burger2019(Burger,secondary)=9026.5 | Powell2017(Powell,secondary)=9160.0 | Wimberly2021(Wimberly,secondary)=9067.94 | Wilman2014(Wilman,secondary)=9100.0 | NA(10.6084%2Fm9.figshare.c.3899422.v1_Dataset1.tsv,secondary)=9160.0"
"Bos taurus","BMR_massspecific","mL O2/h/g",7,1,"0.1679","2.54","DISAGREEMENT>2x","Genoud2018(Genoud,secondary)=0.108 | Genoud2018(Genoud,secondary)=0.175 | Genoud2018(Genoud,secondary)=0.158 | Genoud2018(Genoud,secondary)=0.181 | Genoud2018(Genoud,secondary)=0.158 | Genoud2018(Genoud,secondary)=0.274 | Genoud2018(Genoud,secondary)=0.122"
"Bos taurus","BMR_wholeanimal","mL O2/h",7,1,"53863.4286","4.58","DISAGREEMENT>2x","Genoud2018(Genoud,secondary)=53819.0 | Genoud2018(Genoud,secondary)=105035.0 | Genoud2018(Genoud,secondary)=54971.0 | Genoud2018(Genoud,secondary)=40725.0 | Genoud2018(Genoud,secondary)=22910.0 | Genoud2018(Genoud,secondary)=75220.0 | Genoud2018(Genoud,secondary)=24364.0"
"Cacajao calvus","Body_Mass","g",7,7,"3165","2.01","DISAGREEMENT>2x","Isler2008(Isler,secondary)=3165.0 | Burger2019(Burger,secondary)=2880.0 | Powell2017(Powell,secondary)=2880.0 | Granatosky2018(Granatosky,secondary)=3165.0 | Seymour2015(Seymour,primary)=3165.0 | Wilman2014(Wilman,secondary)=5796.02 | NA(10.6084%2Fm9.figshare.c.3899422.v1_Dataset1.tsv,secondary)=2880.0"
"Callorhinus ursinus","Body_Mass","g",7,5,"52000","12.17","DISAGREEMENT>2x","Jacobs2018(Jacobs,info)=135900.0 | Jacobs2018(Jacobs,info)=135900.0 | Burger2019(Burger,secondary)=150916.67 | Genoud2018(Genoud,secondary)=32000.0 | Genoud2018(Genoud,secondary)=12400.0 | Heffner1975(Heffner,primary)=52000.0 | Wilman2014(Wilman,secondary)=45133.0"
"Canis latrans","Body_Mass","g",7,5,"12400","1.37","","Weibel2004(Weibel,primary)=12400.0 | Weibel2004(Weibel,primary)=12400.0 | Burger2019(Burger,secondary)=9760.0 | Genoud2018(Genoud,secondary)=10000.0 | Genoud2018(Genoud,secondary)=10300.0 | Lewitus2014(Lewitus,secondary)=10750.0 | Wilman2014(Wilman,secondary)=13406.33"
"Cebus nigritus","Body_Mass","g",7,5,"2528.8174","1.29","","Isler2008(Isler,secondary)=2731.0 | Isler2008(Isler,secondary)=2681.0 | Isler2008(Isler,secondary)=2877.0 | Burger2019(Burger,secondary)=2730.833 | Powell2017(Powell,secondary)=2231.522 | Wilman2014(Wilman,secondary)=2687.21 | NA(10.6084%2Fm9.figshare.c.3899422.v1_Dataset1.tsv,secondary)=2231.522"
"Cebus olivaceus","Body_Mass","g",7,6,"2594.83","1.34","","Isler2008(Isler,secondary)=2931.0 | Burger2019(Burger,secondary)=2684.5 | Powell2017(Powell,secondary)=2201.75 | Granatosky2018(Granatosky,secondary)=2950.0 | Granatosky2018(Granatosky,secondary)=2950.0 | Wilman2014(Wilman,secondary)=2599.98 | NA(10.6084%2Fm9.figshare.c.3899422.v1_Dataset1.tsv,secondary)=2201.75"
"Cercopithecus diana","Body_Mass","g",7,7,"3900","1.17","","Isler2008(Isler,secondary)=4550.0 | Heldstab2016(Heldstab,primary)=3900.0 | Burger2019(Burger,secondary)=3900.0 | Powell2017(Powell,secondary)=3900.0 | Granatosky2018(Granatosky,secondary)=4550.0 | Wilman2014(Wilman,secondary)=4175.03 | NA(10.6084%2Fm9.figshare.c.3899422.v1_Dataset1.tsv,secondary)=3900.0"
"Colobus vellerosus","Body_Mass","g",7,6,"7576.6967","1.08","","Isler2008(Isler,secondary)=7820.0 | Burger2019(Burger,secondary)=7820.0 | Powell2017(Powell,secondary)=7220.0 | Granatosky2018(Granatosky,secondary)=7680.0 | Granatosky2018(Granatosky,secondary)=7680.0 | Wilman2014(Wilman,secondary)=7700.18 | NA(10.6084%2Fm9.figshare.c.3899422.v1_Dataset1.tsv,secondary)=7220.0"
"Connochaetes taurinus","Body_Mass","g",7,5,"102000","2.08","DISAGREEMENT>2x","Weibel2004(Weibel,primary)=102000.0 | Weibel2004(Weibel,primary)=102000.0 | Burger2019(Burger,secondary)=212230.0 | Wimberly2021(Wimberly,secondary)=198619.68 | Genoud2018(Genoud,secondary)=196500.0 | Genoud2018(Genoud,secondary)=140000.0 | Wilman2014(Wilman,secondary)=179998.96"
"Crocidura flavescens","Body_Mass","g",7,4,"30.6375","1.61","","Ruf2015(Ruf,primary)=32.0 | Stephan1981(Stephan_collection,primary)=28.0 | Matano1985(Stephan_collection,secondary)=33.1 | Lewitus2014(Lewitus,secondary)=45.0 | Wilman2014(Wilman,secondary)=28.49 | Stephan1970(Stephan_collection,primary)=28.0 | Stephan1970(Stephan_collection,primary)=28.0"
"Crocidura russula","BMR_massspecific","mL O2/h/g",7,1,"2.4974","2.15","DISAGREEMENT>2x","Genoud2018(Genoud,secondary)=3.035 | Genoud2018(Genoud,secondary)=2.45 | Genoud2018(Genoud,secondary)=2.202 | Genoud2018(Genoud,secondary)=3.75 | Genoud2018(Genoud,secondary)=1.742 | Genoud2018(Genoud,secondary)=2.32 | Genoud2018(Genoud,secondary)=1.982"
"Crocidura russula","BMR_wholeanimal","mL O2/h",7,1,"26.0529","1.75","","Genoud2018(Genoud,secondary)=25.8 | Genoud2018(Genoud,secondary)=23.52 | Genoud2018(Genoud,secondary)=22.9 | Genoud2018(Genoud,secondary)=39.0 | Genoud2018(Genoud,secondary)=22.3 | Genoud2018(Genoud,secondary)=26.45 | Genoud2018(Genoud,secondary)=22.4"
"Crocidura suaveolens","Body_Mass","g",7,3,"8","1.64","","Ruf2015(Ruf,primary)=8.0 | Genoud2018(Genoud,secondary)=7.9 | Genoud2018(Genoud,secondary)=7.5 | Genoud2018(Genoud,secondary)=8.53 | Genoud2018(Genoud,secondary)=6.5 | Genoud2018(Genoud,secondary)=7.99 | Wilman2014(Wilman,secondary)=5.19"
"Cryptotis parva","Body_Mass","g",7,5,"8.95","1.99","","Nudo1995(Nudo,primary)=8.0 | Burger2019(Burger,secondary)=5.3 | Finlay2006(Finlay,primary)=9.9 | Genoud2018(Genoud,secondary)=6.4 | Genoud2018(Genoud,secondary)=6.2 | Genoud2018(Genoud,secondary)=5.11 | Wilman2014(Wilman,secondary)=4.98"
"Ctenomys talarum","BMR_massspecific","mL O2/h/g",7,1,"1.0297","2.14","DISAGREEMENT>2x","Genoud2018(Genoud,secondary)=0.946 | Genoud2018(Genoud,secondary)=0.901 | Genoud2018(Genoud,secondary)=0.811 | Genoud2018(Genoud,secondary)=0.923 | Genoud2018(Genoud,secondary)=0.99 | Genoud2018(Genoud,secondary)=0.895 | Genoud2018(Genoud,secondary)=1.74"
"Ctenomys talarum","BMR_wholeanimal","mL O2/h",7,1,"123.3586","1.71","","Genoud2018(Genoud,secondary)=119.2 | Genoud2018(Genoud,secondary)=104.5 | Genoud2018(Genoud,secondary)=95.5 | Genoud2018(Genoud,secondary)=116.8 | Genoud2018(Genoud,secondary)=123.8 | Genoud2018(Genoud,secondary)=162.91 | Genoud2018(Genoud,secondary)=140.8"
"Dasyuroides byrnei","BMR_massspecific","mL O2/h/g",7,1,"0.7581","1.34","","Genoud2018(Genoud,secondary)=0.87 | Genoud2018(Genoud,secondary)=0.65 | Genoud2018(Genoud,secondary)=0.87 | Genoud2018(Genoud,secondary)=0.77 | Genoud2018(Genoud,secondary)=0.7 | Genoud2018(Genoud,secondary)=0.763 | Genoud2018(Genoud,secondary)=0.683"
"Dasyuroides byrnei","BMR_wholeanimal","mL O2/h",7,1,"84.8243","1.23","","Genoud2018(Genoud,secondary)=77.43 | Genoud2018(Genoud,secondary)=74.8 | Genoud2018(Genoud,secondary)=91.9 | Genoud2018(Genoud,secondary)=84.7 | Genoud2018(Genoud,secondary)=82.74 | Genoud2018(Genoud,secondary)=91.2 | Genoud2018(Genoud,secondary)=91.0"
"Elephantulus myurus","Body_Mass","g",7,6,"57","1.42","","Garwicz2009(Garwicz,secondary)=64.0 | Burger2019(Burger,secondary)=54.576 | Ruf2015(Ruf,primary)=57.0 | Genoud2018(Genoud,secondary)=63.0 | Genoud2018(Genoud,secondary)=60.9 | HerculanoHouzel2015(HerculanoHouzel,secondary)=45.1 | Wilman2014(Wilman,secondary)=52.4"
"Enhydra lutris","Body_Mass","g",7,5,"25998.8527","2.22","DISAGREEMENT>2x","Burger2019(Burger,secondary)=23600.0 | Wimberly2021(Wimberly,secondary)=27410.93 | Genoud2018(Genoud,secondary)=40000.0 | Genoud2018(Genoud,secondary)=18000.0 | Genoud2018(Genoud,secondary)=27300.0 | Veilleux2014(Veilleux,secondary)=27050.0 | Wilman2014(Wilman,secondary)=23500.0"
"Eothenomys miletus","BMR_massspecific","mL O2/h/g",7,1,"2.093","1.44","","Genoud2018(Genoud,secondary)=2.784 | Genoud2018(Genoud,secondary)=1.93 | Genoud2018(Genoud,secondary)=1.97 | Genoud2018(Genoud,secondary)=2.0 | Genoud2018(Genoud,secondary)=1.99 | Genoud2018(Genoud,secondary)=1.989 | Genoud2018(Genoud,secondary)=1.988"
"Eothenomys miletus","BMR_wholeanimal","mL O2/h",7,1,"85.1614","1.79","","Genoud2018(Genoud,secondary)=129.2 | Genoud2018(Genoud,secondary)=79.57 | Genoud2018(Genoud,secondary)=76.28 | Genoud2018(Genoud,secondary)=76.0 | Genoud2018(Genoud,secondary)=83.18 | Genoud2018(Genoud,secondary)=72.2 | Genoud2018(Genoud,secondary)=79.7"
"Equus asinus","Body_Mass","g",7,4,"198499.435","2.31","DISAGREEMENT>2x","Burger2019(Burger,secondary)=234000.0 | Wimberly2021(Wimberly,secondary)=164998.49 | Genoud2018(Genoud,secondary)=177500.0 | Genoud2018(Genoud,secondary)=146500.0 | Genoud2018(Genoud,secondary)=106000.0 | Genoud2018(Genoud,secondary)=170000.0 | Wilman2014(Wilman,secondary)=244999.25"
"Equus caballlus","Body_Mass","g",7,1,"453285.7143","1.3","","Weibel2004(Weibel,primary)=453000.0 | Weibel2004(Weibel,primary)=421000.0 | Weibel2004(Weibel,primary)=425000.0 | Weibel2004(Weibel,primary)=436000.0 | Weibel2004(Weibel,primary)=445000.0 | Weibel2004(Weibel,primary)=446000.0 | Weibel2004(Weibel,primary)=547000.0"
"Erinaceus europaeus","BMR_massspecific","mL O2/h/g",7,2,"0.5253","3.08","DISAGREEMENT>2x","Genoud2018(Genoud,secondary)=0.723 | Genoud2018(Genoud,secondary)=0.49 | Genoud2018(Genoud,secondary)=0.45 | Genoud2018(Genoud,secondary)=0.557 | Genoud2018(Genoud,secondary)=0.258 | Genoud2018(Genoud,secondary)=0.795 | Lewitus2014(Lewitus,secondary)=0.505"
"Erinaceus europaeus","BMR_wholeanimal","mL O2/h",7,2,"417.4083","1.63","","Genoud2018(Genoud,secondary)=550.2 | Genoud2018(Genoud,secondary)=435.6 | Genoud2018(Genoud,secondary)=337.1 | Genoud2018(Genoud,secondary)=341.0 | Genoud2018(Genoud,secondary)=516.0 | Genoud2018(Genoud,secondary)=401.4 | Lewitus2014(Lewitus,secondary)=404.6"
"Eulemur coronatus","Body_Mass","g",7,7,"1422","1.4","","Isler2008(Isler,secondary)=1180.0 | Heldstab2016(Heldstab,primary)=1422.0 | Burger2019(Burger,secondary)=1180.0 | Powell2017(Powell,secondary)=1180.0 | Granatosky2018(Granatosky,secondary)=1180.0 | Wilman2014(Wilman,secondary)=1650.0 | NA(10.6084%2Fm9.figshare.c.3899422.v1_Dataset1.tsv,secondary)=1180.0"
"Euoticus elegantulus","Body_Mass","g",7,6,"275.2917","1.15","","Isler2008(Isler,secondary)=274.0 | Isler2008(Isler,secondary)=261.5 | Burger2019(Burger,secondary)=274.0 | Powell2017(Powell,secondary)=274.0 | Genoud2018(Genoud,secondary)=262.0 | Wilman2014(Wilman,secondary)=300.0 | NA(10.6084%2Fm9.figshare.c.3899422.v1_Dataset1.tsv,secondary)=274.0"
"Felis silvestris","Body_Mass","g",7,4,"4105.2675","1.95","","Haarlem2026(Haarlem,secondary)=4573.08 | Haarlem2026(Haarlem,secondary)=4573.08 | Haarlem2026(Haarlem,secondary)=4573.08 | Haarlem2026(Haarlem,secondary)=4573.08 | Burger2019(Burger,secondary)=4130.0 | Genoud2018(Genoud,secondary)=2618.0 | Wilman2014(Wilman,secondary)=5099.99"
"Felis silvestris catus","Body_Mass","g",7,1,"3742.8571","2","","MedinaGonzález2026(MedinaGonzález,secondary)=2500.0 | MedinaGonzález2026(MedinaGonzález,secondary)=2500.0 | MedinaGonzález2026(MedinaGonzález,secondary)=2500.0 | MedinaGonzález2026(MedinaGonzález,secondary)=3700.0 | MedinaGonzález2026(MedinaGonzález,secondary)=5000.0 | MedinaGonzález2026(MedinaGonzález,secondary)=5000.0 | MedinaGonzález2026(MedinaGonzález,secondary)=5000.0"
"Fukomys damarensis","Body_Mass","g",7,4,"145","1.39","","Kverkova2018(Kverkova,secondary)=110.53 | Ruf2015(Ruf,primary)=145.0 | Genoud2018(Genoud,secondary)=124.5 | Genoud2018(Genoud,secondary)=125.0 | Genoud2018(Genoud,secondary)=112.0 | Genoud2018(Genoud,secondary)=113.2 | Wilman2014(Wilman,secondary)=153.25"
"Gallus gallus","Body_Mass","g",7,2,"861.3333","1.06","","Haarlem2026(Haarlem,secondary)=912.5 | Haarlem2026(Haarlem,secondary)=912.5 | Haarlem2026(Haarlem,secondary)=912.5 | Haarlem2026(Haarlem,secondary)=912.5 | Haarlem2026(Haarlem,secondary)=912.5 | Haarlem2026(Haarlem,secondary)=912.5 | Olkowicz2016(Olkowicz,primary)=861.333"
"Halichoerus grypus","Body_Mass","g",7,3,"164386.8","2.14","DISAGREEMENT>2x","Burger2019(Burger,secondary)=194000.0 | Genoud2018(Genoud,secondary)=90667.0 | Genoud2018(Genoud,secondary)=190700.0 | Genoud2018(Genoud,secondary)=180000.0 | Genoud2018(Genoud,secondary)=128100.0 | Genoud2018(Genoud,secondary)=118000.0 | Wilman2014(Wilman,secondary)=157667.0"
"Hydrochoerus hydrochaeris","Body_Mass","g",7,6,"45861.6367","1.28","","MedinaGonzález2026(MedinaGonzález,secondary)=50000.0 | MedinaGonzález2026(MedinaGonzález,secondary)=50000.0 | Wimberly2021(Wimberly,secondary)=48144.91 | Veilleux2014(Veilleux,secondary)=39130.0 | HerculanoHouzel2015(HerculanoHouzel,secondary)=47500.0 | Lewitus2014(Lewitus,secondary)=42250.0 | Wilman2014(Wilman,secondary)=48144.91"
"Hylobates pileatus","Body_Mass","g",7,7,"5440","1.01","","Isler2008(Isler,secondary)=5470.0 | Heldstab2016(Heldstab,primary)=5440.0 | Burger2019(Burger,secondary)=5470.0 | Powell2017(Powell,secondary)=5470.0 | Granatosky2018(Granatosky,secondary)=5470.0 | Wilman2014(Wilman,secondary)=5440.0 | NA(10.6084%2Fm9.figshare.c.3899422.v1_Dataset1.tsv,secondary)=5470.0"
"Macaca nigra","Body_Mass","g",7,7,"7680","2.22","DISAGREEMENT>2x","Isler2008(Isler,secondary)=7680.0 | Burger2019(Burger,secondary)=3452.0 | Powell2017(Powell,secondary)=5470.0 | Sherwood2003(Sherwood,secondary)=7680.0 | Seymour2015(Seymour,primary)=7680.0 | Wilman2014(Wilman,secondary)=6400.0 | NA(10.6084%2Fm9.figshare.c.3899422.v1_Dataset1.tsv,secondary)=5470.0"
"Macropus eugenii","Body_Mass","g",7,5,"6383.7333","1.67","","Burger2019(Burger,secondary)=6500.0 | Genoud2018(Genoud,secondary)=4960.0 | Genoud2018(Genoud,secondary)=4796.0 | Genoud2018(Genoud,secondary)=8000.0 | Veilleux2014(Veilleux,secondary)=6500.0 | Lewitus2014(Lewitus,secondary)=6500.0 | Wilman2014(Wilman,secondary)=6500.0"
"Marmota flaviventris","Body_Mass","g",7,4,"2500","1.72","","Burger2019(Burger,secondary)=3350.5 | Ruf2015(Ruf,primary)=2500.0 | Genoud2018(Genoud,secondary)=4294.9 | Genoud2018(Genoud,secondary)=3760.0 | Genoud2018(Genoud,secondary)=2790.0 | Genoud2018(Genoud,secondary)=4200.0 | Wilman2014(Wilman,secondary)=3349.96"
"Microtus pinetorum","Body_Mass","g",7,4,"16","1.64","","Nudo1995(Nudo,primary)=16.0 | Burger2019(Burger,secondary)=24.9 | Genoud2018(Genoud,secondary)=24.5 | Genoud2018(Genoud,secondary)=26.0 | Genoud2018(Genoud,secondary)=23.8 | Genoud2018(Genoud,secondary)=23.2 | Wilman2014(Wilman,secondary)=26.28"
"Mungos mungo","Body_Mass","g",7,5,"1140","2.24","DISAGREEMENT>2x","Jacobs2018(Jacobs,info)=1300.0 | Jacobs2018(Jacobs,info)=1300.0 | Weibel2004(Weibel,primary)=1140.0 | Weibel2004(Weibel,primary)=1140.0 | Burger2019(Burger,secondary)=860.0 | Wimberly2021(Wimberly,secondary)=1400.0 | Wilman2014(Wilman,secondary)=1925.0"
"Mustela nivalis","BMR_massspecific","mL O2/h/g",7,1,"2.6179","2.62","DISAGREEMENT>2x","Genoud2018(Genoud,secondary)=4.822 | Genoud2018(Genoud,secondary)=2.587 | Genoud2018(Genoud,secondary)=2.2 | Genoud2018(Genoud,secondary)=2.698 | Genoud2018(Genoud,secondary)=1.917 | Genoud2018(Genoud,secondary)=1.842 | Genoud2018(Genoud,secondary)=2.259"
"Mustela nivalis","BMR_wholeanimal","mL O2/h",7,1,"191.1143","1.64","","Genoud2018(Genoud,secondary)=260.4 | Genoud2018(Genoud,secondary)=207.0 | Genoud2018(Genoud,secondary)=165.0 | Genoud2018(Genoud,secondary)=162.4 | Genoud2018(Genoud,secondary)=171.6 | Genoud2018(Genoud,secondary)=158.4 | Genoud2018(Genoud,secondary)=213.0"
"Myotis myotis","Body_Mass","g",7,5,"25","1.13","","Burger2019(Burger,secondary)=27.92 | Ruf2015(Ruf,primary)=25.0 | Genoud2018(Genoud,secondary)=25.0 | Genoud2018(Genoud,secondary)=25.0 | Genoud2018(Genoud,secondary)=25.0 | Stephan1970(Stephan_collection,primary)=25.0 | Wilman2014(Wilman,secondary)=24.79"
"Neotoma cinerea","Body_Mass","g",7,3,"288.53","2.1","DISAGREEMENT>2x","Burger2019(Burger,secondary)=331.3 | Genoud2018(Genoud,secondary)=320.9 | Genoud2018(Genoud,secondary)=267.7 | Genoud2018(Genoud,secondary)=168.0 | Genoud2018(Genoud,secondary)=261.0 | Genoud2018(Genoud,secondary)=158.1 | Wilman2014(Wilman,secondary)=299.15"
"Neotoma lepida","Body_Mass","g",7,2,"136.275","1.66","","Genoud2018(Genoud,secondary)=138.5 | Genoud2018(Genoud,secondary)=110.3 | Genoud2018(Genoud,secondary)=100.4 | Genoud2018(Genoud,secondary)=98.9 | Genoud2018(Genoud,secondary)=98.7 | Genoud2018(Genoud,secondary)=106.0 | Wilman2014(Wilman,secondary)=163.75"
"Ondatra zibethicus","Body_Mass","g",7,3,"1020.48","1.75","","Burger2019(Burger,secondary)=1136.45 | Genoud2018(Genoud,secondary)=842.0 | Genoud2018(Genoud,secondary)=869.0 | Genoud2018(Genoud,secondary)=649.0 | Genoud2018(Genoud,secondary)=1004.6 | Genoud2018(Genoud,secondary)=931.6 | Wilman2014(Wilman,secondary)=1065.75"
"Ornithorhynchus anatinus","Body_Mass","g",7,4,"1372.7188","2.14","DISAGREEMENT>2x","Burger2019(Burger,secondary)=1389.0 | Wimberly2021(Wimberly,secondary)=1484.25 | Genoud2018(Genoud,secondary)=693.0 | Genoud2018(Genoud,secondary)=1284.0 | Genoud2018(Genoud,secondary)=1112.5 | Genoud2018(Genoud,secondary)=1444.0 | Wilman2014(Wilman,secondary)=1484.25"
"Orycteropus afer","Body_Mass","g",7,7,"60000","1.5","","MedinaGonzález2026(MedinaGonzález,secondary)=40000.0 | Garwicz2009(Garwicz,secondary)=52000.0 | Burger2019(Burger,secondary)=44650.0 | Wimberly2021(Wimberly,secondary)=56175.2 | Genoud2018(Genoud,secondary)=48000.0 | Heffner1975(Heffner,primary)=60000.0 | Wilman2014(Wilman,secondary)=52350.4"
"Osphranter rufus","Body_Mass","g",7,4,"46250","2.24","DISAGREEMENT>2x","Burger2019(Burger,secondary)=46250.0 | Genoud2018(Genoud,secondary)=32490.0 | Genoud2018(Genoud,secondary)=24400.0 | Genoud2018(Genoud,secondary)=20660.0 | Genoud2018(Genoud,secondary)=25000.0 | Seymour2015(Seymour,primary)=46250.0 | Wilman2014(Wilman,secondary)=46250.0"
"Panthera onca","Body_Mass","g",7,5,"84250","1.45","","MedinaGonzález2026(MedinaGonzález,secondary)=76000.0 | MedinaGonzález2026(MedinaGonzález,secondary)=1e+05 | MedinaGonzález2026(MedinaGonzález,secondary)=1e+05 | Burger2019(Burger,secondary)=77700.0 | Wimberly2021(Wimberly,secondary)=82550.0 | Genoud2018(Genoud,secondary)=69000.0 | Wilman2014(Wilman,secondary)=1e+05"
"Panthera tigris","Body_Mass","g",7,5,"160759.4667","1.41","","MedinaGonzález2026(MedinaGonzález,secondary)=169000.0 | MedinaGonzález2026(MedinaGonzález,secondary)=169000.0 | MedinaGonzález2026(MedinaGonzález,secondary)=161000.0 | Burger2019(Burger,secondary)=195000.0 | Wimberly2021(Wimberly,secondary)=142000.0 | Genoud2018(Genoud,secondary)=137900.0 | Wilman2014(Wilman,secondary)=162564.0"
"Perognathus longimembris","Body_Mass","g",7,4,"8","1.45","","Burger2019(Burger,secondary)=8.15 | Ruf2015(Ruf,primary)=8.0 | Genoud2018(Genoud,secondary)=8.9 | Genoud2018(Genoud,secondary)=11.0 | Genoud2018(Genoud,secondary)=8.0 | Genoud2018(Genoud,secondary)=8.0 | Wilman2014(Wilman,secondary)=7.6"
"Peromyscus crinitus","Body_Mass","g",7,4,"20","1.7","","Burger2019(Burger,secondary)=13.56 | Ruf2015(Ruf,primary)=20.0 | Genoud2018(Genoud,secondary)=15.9 | Genoud2018(Genoud,secondary)=20.9 | Genoud2018(Genoud,secondary)=23.1 | Genoud2018(Genoud,secondary)=13.6 | Wilman2014(Wilman,secondary)=17.98"
"Potos flavus","Body_Mass","g",7,5,"2100","1.48","","Burger2019(Burger,secondary)=2241.5 | Wimberly2021(Wimberly,secondary)=2441.81 | Genoud2018(Genoud,secondary)=2400.0 | Genoud2018(Genoud,secondary)=2600.0 | Genoud2018(Genoud,secondary)=2030.0 | Heffner1975(Heffner,primary)=2100.0 | Wilman2014(Wilman,secondary)=3000.0"
"Presbytis femoralis","Body_Mass","g",7,5,"6877.4956","1.04","","Isler2008(Isler,secondary)=6848.0 | Isler2008(Isler,secondary)=7073.0 | Isler2008(Isler,secondary)=6875.0 | Burger2019(Burger,secondary)=6847.878 | Powell2017(Powell,secondary)=6803.8 | Wilman2014(Wilman,secondary)=7000.0 | NA(10.6084%2Fm9.figshare.c.3899422.v1_Dataset1.tsv,secondary)=6803.8"
"Presbytis rubicunda","Body_Mass","g",7,5,"6298.9498","1.14","","Isler2008(Isler,secondary)=6266.0 | Isler2008(Isler,secondary)=7031.0 | Isler2008(Isler,secondary)=6162.0 | Burger2019(Burger,secondary)=6265.597 | Powell2017(Powell,secondary)=6221.409 | Wilman2014(Wilman,secondary)=6300.0 | NA(10.6084%2Fm9.figshare.c.3899422.v1_Dataset1.tsv,secondary)=6221.409"
"Propithecus coquereli","Body_Mass","g",7,7,"3944.0057","1.12","","Isler2008(Isler,secondary)=3729.0 | Burger2019(Burger,secondary)=3728.5 | Powell2017(Powell,secondary)=3860.0 | Wimberly2021(Wimberly,secondary)=4189.27 | Genoud2018(Genoud,secondary)=4052.0 | Wilman2014(Wilman,secondary)=4189.27 | NA(10.6084%2Fm9.figshare.c.3899422.v1_Dataset1.tsv,secondary)=3860.0"
"Pteropus poliocephalus","Body_Mass","g",7,6,"695","3","DISAGREEMENT>2x","Burger2019(Burger,secondary)=695.0 | Finlay2006(Finlay,primary)=695.0 | Genoud2018(Genoud,secondary)=250.0 | Genoud2018(Genoud,secondary)=598.0 | Sherwood2003(Sherwood,secondary)=695.0 | Veilleux2014(Veilleux,secondary)=680.0 | Wilman2014(Wilman,secondary)=749.91"
"Reithrodontomys megalotis","Body_Mass","g",7,4,"8","1.36","","Burger2019(Burger,secondary)=10.7 | Ruf2015(Ruf,primary)=8.0 | Genoud2018(Genoud,secondary)=9.0 | Genoud2018(Genoud,secondary)=9.54 | Genoud2018(Genoud,secondary)=7.85 | Genoud2018(Genoud,secondary)=10.6 | Wilman2014(Wilman,secondary)=9.37"
"Saguinus labiatus","Body_Mass","g",7,7,"520","1.12","","Isler2008(Isler,secondary)=520.0 | Heldstab2016(Heldstab,primary)=520.0 | Burger2019(Burger,secondary)=520.0 | Powell2017(Powell,secondary)=520.0 | Granatosky2018(Granatosky,secondary)=514.5 | Wilman2014(Wilman,secondary)=575.0 | NA(10.6084%2Fm9.figshare.c.3899422.v1_Dataset1.tsv,secondary)=520.0"
"Saimiri oerstedii","Body_Mass","g",7,6,"636.8333","2.83","DISAGREEMENT>2x","Isler2008(Isler,secondary)=789.0 | Burger2019(Burger,secondary)=605.0 | Powell2017(Powell,secondary)=680.0 | Granatosky2018(Granatosky,secondary)=788.5 | Granatosky2018(Granatosky,secondary)=788.5 | Wilman2014(Wilman,secondary)=278.5 | NA(10.6084%2Fm9.figshare.c.3899422.v1_Dataset1.tsv,secondary)=680.0"
"Sorex cinereus","Body_Mass","g",7,4,"5.9","2.26","DISAGREEMENT>2x","Burger2019(Burger,secondary)=3.9 | Finlay2006(Finlay,primary)=5.9 | Genoud2018(Genoud,secondary)=3.65 | Genoud2018(Genoud,secondary)=3.5 | Genoud2018(Genoud,secondary)=7.9 | Genoud2018(Genoud,secondary)=5.0 | Wilman2014(Wilman,secondary)=4.66"
"Spermophilus beecheyi","Body_Mass","g",7,6,"600","1.49","","Haarlem2026(Haarlem,secondary)=599.6 | Haarlem2026(Haarlem,secondary)=599.6 | Burger2019(Burger,secondary)=564.9 | Ruf2015(Ruf,primary)=600.0 | Genoud2018(Genoud,secondary)=402.3 | Veilleux2014(Veilleux,secondary)=600.0 | Wilman2014(Wilman,secondary)=578.5"
"Spermophilus tridecemlineatus","Body_Mass","g",7,5,"400","4.94","DISAGREEMENT>2x","Nudo1995(Nudo,primary)=150.0 | Burger2019(Burger,secondary)=149.8 | Genoud2018(Genoud,secondary)=202.0 | Genoud2018(Genoud,secondary)=182.3 | Genoud2018(Genoud,secondary)=233.8 | Heffner1975(Heffner,primary)=650.0 | Wilman2014(Wilman,secondary)=131.67"
"Sturnira lilium","Body_Mass","g",7,5,"16.55","1.37","","Burger2019(Burger,secondary)=18.67 | Ruf2015(Ruf,primary)=16.0 | Genoud2018(Genoud,secondary)=21.9 | Genoud2018(Genoud,secondary)=17.05 | Genoud2018(Genoud,secondary)=21.6 | Stephan1970(Stephan_collection,primary)=17.1 | Wilman2014(Wilman,secondary)=19.1"
"Suncus etruscus","Body_Mass","g",7,4,"2","1.25","","Burger2019(Burger,secondary)=2.24 | Ruf2015(Ruf,primary)=2.0 | Genoud2018(Genoud,secondary)=2.3 | Genoud2018(Genoud,secondary)=2.5 | Genoud2018(Genoud,secondary)=2.2 | Genoud2018(Genoud,secondary)=2.31 | Wilman2014(Wilman,secondary)=2.13"
"Suncus murinus","Body_Mass","g",7,4,"34.625","1.84","","Burger2019(Burger,secondary)=35.0 | Genoud2018(Genoud,secondary)=52.4 | Stephan1981(Stephan_collection,primary)=35.5 | Matano1985(Stephan_collection,secondary)=33.0 | Wilman2014(Wilman,secondary)=60.71 | Stephan1970(Stephan_collection,primary)=35.0 | Stephan1970(Stephan_collection,primary)=35.0"
"Talpa europaea","Body_Mass","g",7,5,"76","1.22","","Burger2019(Burger,secondary)=77.83 | Wimberly2021(Wimberly,secondary)=87.53 | Stephan1981(Stephan_collection,primary)=76.0 | Lewitus2014(Lewitus,secondary)=92.5 | Wilman2014(Wilman,secondary)=77.0 | Stephan1970(Stephan_collection,primary)=76.0 | Stephan1970(Stephan_collection,primary)=76.0"
"Tamias minimus","BMR_massspecific","mL O2/h/g",7,1,"1.4602","1.78","","Genoud2018(Genoud,secondary)=1.531 | Genoud2018(Genoud,secondary)=1.58 | Genoud2018(Genoud,secondary)=1.78 | Genoud2018(Genoud,secondary)=1.64 | Genoud2018(Genoud,secondary)=1.5 | Genoud2018(Genoud,secondary)=1.19 | Genoud2018(Genoud,secondary)=1.0"
"Tamias minimus","BMR_wholeanimal","mL O2/h",7,1,"63.8943","1.71","","Genoud2018(Genoud,secondary)=51.3 | Genoud2018(Genoud,secondary)=55.62 | Genoud2018(Genoud,secondary)=87.75 | Genoud2018(Genoud,secondary)=75.11 | Genoud2018(Genoud,secondary)=67.2 | Genoud2018(Genoud,secondary)=56.88 | Genoud2018(Genoud,secondary)=53.4"
"Trachypithecus obscurus","Body_Mass","g",7,7,"7900","1.23","","Isler2008(Isler,secondary)=7056.0 | Burger2019(Burger,secondary)=6765.0 | Powell2017(Powell,secondary)=6764.778 | Granatosky2018(Granatosky,secondary)=7131.5 | Seymour2015(Seymour,primary)=7900.0 | Wilman2014(Wilman,secondary)=6420.0 | NA(10.6084%2Fm9.figshare.c.3899422.v1_Dataset1.tsv,secondary)=6764.778"
"Ursus americanus","Body_Mass","g",7,5,"80000","5.5","DISAGREEMENT>2x","Burger2019(Burger,secondary)=25990.0 | Wimberly2021(Wimberly,secondary)=110500.0 | Ruf2015(Ruf,primary)=80000.0 | Genoud2018(Genoud,secondary)=129500.0 | Genoud2018(Genoud,secondary)=143000.0 | Genoud2018(Genoud,secondary)=61450.0 | Wilman2014(Wilman,secondary)=99949.36"
"Ursus arctos","Body_Mass","g",7,6,"1e+05","5.5","DISAGREEMENT>2x","MedinaGonzález2026(MedinaGonzález,secondary)=550000.0 | Burger2019(Burger,secondary)=131022.67 | Wimberly2021(Wimberly,secondary)=196287.5 | Ruf2015(Ruf,primary)=1e+05 | Genoud2018(Genoud,secondary)=170000.0 | Genoud2018(Genoud,secondary)=136000.0 | Wilman2014(Wilman,secondary)=180520.42"
"Ursus maritimus","Body_Mass","g",7,6,"343459.2783","2.48","DISAGREEMENT>2x","MedinaGonzález2026(MedinaGonzález,secondary)=450000.0 | Burger2019(Burger,secondary)=317000.0 | Wimberly2021(Wimberly,secondary)=371703.81 | Genoud2018(Genoud,secondary)=181333.0 | Genoud2018(Genoud,secondary)=204000.0 | Lewitus2014(Lewitus,secondary)=340635.0 | Wilman2014(Wilman,secondary)=388750.36"
"Abrothrix andinus","BMR_massspecific","mL O2/h/g",6,1,"1.8446","1.1","","Genoud2018(Genoud,secondary)=1.87 | Genoud2018(Genoud,secondary)=1.77 | Genoud2018(Genoud,secondary)=1.917 | Genoud2018(Genoud,secondary)=1.82 | Genoud2018(Genoud,secondary)=1.76 | Genoud2018(Genoud,secondary)=1.93"
"Abrothrix andinus","BMR_wholeanimal","mL O2/h",6,1,"47.045","1.96","","Genoud2018(Genoud,secondary)=64.7 | Genoud2018(Genoud,secondary)=61.77 | Genoud2018(Genoud,secondary)=44.1 | Genoud2018(Genoud,secondary)=40.59 | Genoud2018(Genoud,secondary)=33.09 | Genoud2018(Genoud,secondary)=38.02"
"Acomys cahirinus","BMR_massspecific","mL O2/h/g",6,1,"1.15","1.32","","Genoud2018(Genoud,secondary)=1.1 | Genoud2018(Genoud,secondary)=1.13 | Genoud2018(Genoud,secondary)=1.0 | Genoud2018(Genoud,secondary)=1.2 | Genoud2018(Genoud,secondary)=1.32 | Genoud2018(Genoud,secondary)=1.15"
"Acomys cahirinus","BMR_wholeanimal","mL O2/h",6,1,"53.1417","1.43","","Genoud2018(Genoud,secondary)=46.2 | Genoud2018(Genoud,secondary)=54.24 | Genoud2018(Genoud,secondary)=48.5 | Genoud2018(Genoud,secondary)=65.88 | Genoud2018(Genoud,secondary)=53.82 | Genoud2018(Genoud,secondary)=50.21"
"Acrobates pygmaeus","Body_Mass","g",6,6,"12.5","1.27","","Burger2019(Burger,secondary)=12.0 | Wimberly2021(Wimberly,secondary)=13.84 | Ruf2015(Ruf,primary)=11.0 | Genoud2018(Genoud,secondary)=14.0 | Seymour2015(Seymour,primary)=14.0 | Wilman2014(Wilman,secondary)=12.0"
"Alouatta pigra","Body_Mass","g",6,6,"7493.505","1.59","","Isler2008(Isler,secondary)=8915.0 | Burger2019(Burger,secondary)=8915.0 | Powell2017(Powell,secondary)=5608.0 | Granatosky2018(Granatosky,secondary)=8915.0 | Wilman2014(Wilman,secondary)=7000.03 | NA(10.6084%2Fm9.figshare.c.3899422.v1_Dataset1.tsv,secondary)=5608.0"
"Antechinus stuartii","Body_Mass","g",6,4,"26","1.65","","Burger2019(Burger,secondary)=27.5 | Ruf2015(Ruf,primary)=26.0 | Genoud2018(Genoud,secondary)=22.1 | Genoud2018(Genoud,secondary)=36.5 | Genoud2018(Genoud,secondary)=25.0 | Wilman2014(Wilman,secondary)=27.5"
"Antilocapra americana","Body_Mass","g",6,5,"28400","1.67","","Weibel2004(Weibel,primary)=28400.0 | Weibel2004(Weibel,primary)=28400.0 | Burger2019(Burger,secondary)=46750.0 | Wimberly2021(Wimberly,secondary)=47450.01 | Genoud2018(Genoud,secondary)=37800.0 | Wilman2014(Wilman,secondary)=46082.92"
"Aotus azarae","Body_Mass","g",6,6,"1154.095","1.34","","Isler2008(Isler,secondary)=1205.0 | Burger2019(Burger,secondary)=1230.0 | Powell2017(Powell,secondary)=1250.0 | Veilleux2014(Veilleux,secondary)=1060.0 | Wilman2014(Wilman,secondary)=929.57 | NA(10.6084%2Fm9.figshare.c.3899422.v1_Dataset1.tsv,secondary)=1250.0"
"Aotus trivirgatus","BMR_massspecific","mL O2/h/g",6,4,"0.4935","1.32","","Isler2008(Isler,secondary)=0.446 | Boyer2018(Boyer,secondary)=0.464 | Genoud2018(Genoud,secondary)=0.508 | Genoud2018(Genoud,secondary)=0.444 | Genoud2018(Genoud,secondary)=0.482 | Lewitus2014(Lewitus,secondary)=0.586"
"Aotus trivirgatus","BMR_wholeanimal","mL O2/h",6,4,"457.1385","1.19","","Isler2008(Isler,secondary)=455.5 | Boyer2018(Boyer,secondary)=458.471 | Genoud2018(Genoud,secondary)=416.7 | Genoud2018(Genoud,secondary)=452.7 | Genoud2018(Genoud,secondary)=496.0 | Lewitus2014(Lewitus,secondary)=459.45"
"Apodemus chevrieri","Body_Mass","g",6,2,"34.933","1.22","","Genoud2018(Genoud,secondary)=32.56 | Genoud2018(Genoud,secondary)=37.0 | Genoud2018(Genoud,secondary)=39.83 | Genoud2018(Genoud,secondary)=37.0 | Genoud2018(Genoud,secondary)=38.44 | Wilman2014(Wilman,secondary)=32.9"
"Artibeus lituratus","Body_Mass","g",6,4,"58.7","1.3","","Burger2019(Burger,secondary)=56.73 | Genoud2018(Genoud,secondary)=70.1 | Genoud2018(Genoud,secondary)=69.7 | Genoud2018(Genoud,secondary)=73.8 | Stephan1970(Stephan_collection,primary)=58.7 | Wilman2014(Wilman,secondary)=60.54"
"Atelerix algirus","Body_Mass","g",6,4,"680","1.98","","Burger2019(Burger,secondary)=790.0 | Ruf2015(Ruf,primary)=630.0 | Stephan1981(Stephan_collection,primary)=790.0 | Wilman2014(Wilman,secondary)=1250.0 | Stephan1970(Stephan_collection,primary)=700.0 | Stephan1970(Stephan_collection,primary)=700.0"
"Ateles belzebuth","Body_Mass","g",6,6,"7731.6429","1.7","","Isler2008(Isler,secondary)=8167.0 | Burger2019(Burger,secondary)=8484.0 | Powell2017(Powell,secondary)=8484.429 | Granatosky2018(Granatosky,secondary)=7770.0 | Wilman2014(Wilman,secondary)=5000.0 | NA(10.6084%2Fm9.figshare.c.3899422.v1_Dataset1.tsv,secondary)=8484.429"
"Baiomys taylori","Body_Mass","g",6,4,"6.8","1.25","","Weibel2004(Weibel,primary)=7.2 | Weibel2004(Weibel,primary)=7.2 | Ruf2015(Ruf,primary)=6.4 | Genoud2018(Genoud,secondary)=7.3 | Genoud2018(Genoud,secondary)=6.9 | Wilman2014(Wilman,secondary)=8.0"
"Bettongia gaimardi","Body_Mass","g",6,3,"1672.0833","1.49","","Burger2019(Burger,secondary)=1660.0 | Genoud2018(Genoud,secondary)=1630.0 | Genoud2018(Genoud,secondary)=1385.0 | Genoud2018(Genoud,secondary)=1700.0 | Genoud2018(Genoud,secondary)=2070.0 | Wilman2014(Wilman,secondary)=1660.0"
"Bettongia penicillata","Body_Mass","g",6,4,"1100","1.35","","Weibel2004(Weibel,primary)=1100.0 | Weibel2004(Weibel,primary)=1100.0 | Burger2019(Burger,secondary)=1300.0 | Genoud2018(Genoud,secondary)=1070.0 | Genoud2018(Genoud,secondary)=965.7 | Wilman2014(Wilman,secondary)=1300.0"
"Bradypus variegatus","Body_Mass","g",6,4,"3791.0925","1.4","","Burger2019(Burger,secondary)=3263.0 | Wimberly2021(Wimberly,secondary)=4136.36 | Genoud2018(Genoud,secondary)=3100.0 | Genoud2018(Genoud,secondary)=3400.0 | Genoud2018(Genoud,secondary)=3790.0 | Wilman2014(Wilman,secondary)=4335.01"
"Callicebus cupreus","Body_Mass","g",6,6,"887","1.31","","Isler2008(Isler,secondary)=1070.0 | Heldstab2016(Heldstab,primary)=887.0 | Burger2019(Burger,secondary)=815.0 | Powell2017(Powell,secondary)=887.0 | Wilman2014(Wilman,secondary)=915.0 | NA(10.6084%2Fm9.figshare.c.3899422.v1_Dataset1.tsv,secondary)=887.0"
"Callicebus torquatus","Body_Mass","g",6,6,"1168.3333","1.27","","Isler2008(Isler,secondary)=1245.0 | Burger2019(Burger,secondary)=980.0 | Powell2017(Powell,secondary)=1245.0 | Granatosky2018(Granatosky,secondary)=1245.0 | Wilman2014(Wilman,secondary)=1050.0 | NA(10.6084%2Fm9.figshare.c.3899422.v1_Dataset1.tsv,secondary)=1245.0"
"Camelus bactrianus","Body_Mass","g",6,5,"568903.182","2","","MedinaGonzález2026(MedinaGonzález,secondary)=8e+05 | MedinaGonzález2026(MedinaGonzález,secondary)=8e+05 | Burger2019(Burger,secondary)=4e+05 | Wimberly2021(Wimberly,secondary)=554515.91 | Veilleux2014(Veilleux,secondary)=4e+05 | Wilman2014(Wilman,secondary)=690000.0"
"Cercartetus nanus","Body_Mass","g",6,5,"45","3.5","DISAGREEMENT>2x","Burger2019(Burger,secondary)=24.0 | Ruf2015(Ruf,primary)=20.0 | Genoud2018(Genoud,secondary)=65.5 | Genoud2018(Genoud,secondary)=36.0 | Seymour2015(Seymour,primary)=70.0 | Wilman2014(Wilman,secondary)=24.0"
"Cercopithecus albogularis","Body_Mass","g",6,3,"5305.7785","1.81","","Isler2008(Isler,secondary)=5620.0 | Isler2008(Isler,secondary)=7751.0 | Isler2008(Isler,secondary)=5494.0 | Isler2008(Isler,secondary)=5159.0 | Burger2019(Burger,secondary)=5619.835 | Wilman2014(Wilman,secondary)=4291.5"
"Cercopithecus campbelli","Body_Mass","g",6,6,"3121.8156","1.73","","Isler2008(Isler,secondary)=3600.0 | Burger2019(Burger,secondary)=2700.0 | Powell2017(Powell,secondary)=2365.467 | Granatosky2018(Granatosky,secondary)=3600.0 | Wilman2014(Wilman,secondary)=4099.96 | NA(10.6084%2Fm9.figshare.c.3899422.v1_Dataset1.tsv,secondary)=2365.467"
"Cercopithecus lhoesti","Body_Mass","g",6,6,"3450","1.56","","Isler2008(Isler,secondary)=4710.0 | Heldstab2016(Heldstab,primary)=3450.0 | Burger2019(Burger,secondary)=4710.0 | Powell2017(Powell,secondary)=3450.0 | Wilman2014(Wilman,secondary)=5375.02 | NA(10.6084%2Fm9.figshare.c.3899422.v1_Dataset1.tsv,secondary)=3450.0"
"Cercopithecus neglectus","Body_Mass","g",6,6,"5740","1.62","","Isler2008(Isler,secondary)=5450.0 | Burger2019(Burger,secondary)=4130.0 | Powell2017(Powell,secondary)=3550.0 | Seymour2015(Seymour,primary)=5740.0 | Wilman2014(Wilman,secondary)=5479.99 | NA(10.6084%2Fm9.figshare.c.3899422.v1_Dataset1.tsv,secondary)=3550.0"
"Cercopithecus nictitans","Body_Mass","g",6,6,"5090.14","1.36","","Isler2008(Isler,secondary)=5465.0 | Burger2019(Burger,secondary)=5465.0 | Powell2017(Powell,secondary)=4260.0 | Granatosky2018(Granatosky,secondary)=5287.5 | Wilman2014(Wilman,secondary)=5803.34 | NA(10.6084%2Fm9.figshare.c.3899422.v1_Dataset1.tsv,secondary)=4260.0"
"Chaetodipus fallax","Body_Mass","g",6,3,"19.5083","1.2","","Burger2019(Burger,secondary)=20.3 | Genoud2018(Genoud,secondary)=19.6 | Genoud2018(Genoud,secondary)=17.6 | Genoud2018(Genoud,secondary)=21.2 | Genoud2018(Genoud,secondary)=19.7 | Wilman2014(Wilman,secondary)=18.7"
"Cheirogaleus medius","BMR_massspecific","mL O2/h/g",6,4,"0.5978","1.96","","Isler2008(Isler,secondary)=0.65 | Boyer2018(Boyer,secondary)=0.487 | Genoud2018(Genoud,secondary)=0.53 | Genoud2018(Genoud,secondary)=0.391 | Genoud2018(Genoud,secondary)=0.765 | Lewitus2014(Lewitus,secondary)=0.692"
"Cheirogaleus medius","BMR_wholeanimal","mL O2/h",6,4,"167.2723","1.93","","Isler2008(Isler,secondary)=195.0 | Boyer2018(Boyer,secondary)=194.889 | Genoud2018(Genoud,secondary)=159.0 | Genoud2018(Genoud,secondary)=101.2 | Genoud2018(Genoud,secondary)=133.1 | Lewitus2014(Lewitus,secondary)=148.1"
"Chinchilla lanigera","Body_Mass","g",6,3,"403.1083","1.38","","Burger2019(Burger,secondary)=372.0 | Genoud2018(Genoud,secondary)=402.5 | Genoud2018(Genoud,secondary)=494.0 | Genoud2018(Genoud,secondary)=358.8 | Genoud2018(Genoud,secondary)=426.0 | Wilman2014(Wilman,secondary)=417.0"
"Chiropotes satanas","Body_Mass","g",6,6,"3014.5433","1.02","","Isler2008(Isler,secondary)=3030.0 | Burger2019(Burger,secondary)=3030.0 | Powell2017(Powell,secondary)=3030.0 | Wimberly2021(Wimberly,secondary)=2967.27 | Wilman2014(Wilman,secondary)=2999.99 | NA(10.6084%2Fm9.figshare.c.3899422.v1_Dataset1.tsv,secondary)=3030.0"
"Colobus angolensis","Body_Mass","g",6,6,"8827.5","1.3","","Isler2008(Isler,secondary)=8625.0 | Bauernfeind2013(Zilles,secondary)=9680.0 | Burger2019(Burger,secondary)=9670.0 | Powell2017(Powell,secondary)=7570.0 | Wilman2014(Wilman,secondary)=9850.0 | NA(10.6084%2Fm9.figshare.c.3899422.v1_Dataset1.tsv,secondary)=7570.0"
"Colobus polykomos","Body_Mass","g",6,6,"8299.444","1.48","","Isler2008(Isler,secondary)=9100.0 | Burger2019(Burger,secondary)=8300.0 | Powell2017(Powell,secondary)=6708.857 | Granatosky2018(Granatosky,secondary)=9061.5 | Wilman2014(Wilman,secondary)=9917.45 | NA(10.6084%2Fm9.figshare.c.3899422.v1_Dataset1.tsv,secondary)=6708.857"
"Colobus satanas","Body_Mass","g",6,6,"8910","2.06","DISAGREEMENT>2x","Isler2008(Isler,secondary)=8910.0 | Burger2019(Burger,secondary)=8910.0 | Powell2017(Powell,secondary)=7420.0 | Seymour2015(Seymour,primary)=8910.0 | Wilman2014(Wilman,secondary)=4319.96 | NA(10.6084%2Fm9.figshare.c.3899422.v1_Dataset1.tsv,secondary)=7420.0"
"Cryptomys hottentotus","BMR_massspecific","mL O2/h/g",6,1,"1.0776","2.02","DISAGREEMENT>2x","Genoud2018(Genoud,secondary)=0.952 | Genoud2018(Genoud,secondary)=0.683 | Genoud2018(Genoud,secondary)=1.38 | Genoud2018(Genoud,secondary)=1.029 | Genoud2018(Genoud,secondary)=1.19 | Genoud2018(Genoud,secondary)=1.231"
"Cryptomys hottentotus","BMR_wholeanimal","mL O2/h",6,1,"86","1.55","","Genoud2018(Genoud,secondary)=67.6 | Genoud2018(Genoud,secondary)=69.7 | Genoud2018(Genoud,secondary)=103.5 | Genoud2018(Genoud,secondary)=105.0 | Genoud2018(Genoud,secondary)=100.5 | Genoud2018(Genoud,secondary)=69.7"
"Dasycercus cristicauda","Body_Mass","g",6,3,"95.95","1.31","","Burger2019(Burger,secondary)=90.0 | Genoud2018(Genoud,secondary)=88.8 | Genoud2018(Genoud,secondary)=113.0 | Genoud2018(Genoud,secondary)=86.0 | Genoud2018(Genoud,secondary)=103.6 | Wilman2014(Wilman,secondary)=100.0"
"Dasypus novemcinctus","BMR_massspecific","mL O2/h/g",6,2,"0.255","2.36","DISAGREEMENT>2x","Genoud2018(Genoud,secondary)=0.441 | Genoud2018(Genoud,secondary)=0.289 | Genoud2018(Genoud,secondary)=0.238 | Genoud2018(Genoud,secondary)=0.243 | Genoud2018(Genoud,secondary)=0.187 | Lewitus2014(Lewitus,secondary)=0.23"
"Dasypus novemcinctus","BMR_wholeanimal","mL O2/h",6,2,"894.835","3.13","DISAGREEMENT>2x","Genoud2018(Genoud,secondary)=1626.0 | Genoud2018(Genoud,secondary)=520.0 | Genoud2018(Genoud,secondary)=881.0 | Genoud2018(Genoud,secondary)=806.8 | Genoud2018(Genoud,secondary)=779.7 | Lewitus2014(Lewitus,secondary)=866.97"
"Dasyurus maculatus","Body_Mass","g",6,4,"4093.7042","8.46","DISAGREEMENT>2x","Burger2019(Burger,secondary)=5500.0 | Wimberly2021(Wimberly,secondary)=3284.15 | Genoud2018(Genoud,secondary)=650.0 | Genoud2018(Genoud,secondary)=1782.0 | Genoud2018(Genoud,secondary)=3840.0 | Wilman2014(Wilman,secondary)=5500.0"
"Dasyurus viverrinus","Body_Mass","g",6,4,"1000","1.4","","Burger2019(Burger,secondary)=1090.0 | Ruf2015(Ruf,primary)=1000.0 | Genoud2018(Genoud,secondary)=909.9 | Genoud2018(Genoud,secondary)=1054.0 | Genoud2018(Genoud,secondary)=780.0 | Wilman2014(Wilman,secondary)=1090.0"
"Desmodus rotundus","Body_Mass","g",6,6,"30","1.44","","Burger2019(Burger,secondary)=33.26 | Wimberly2021(Wimberly,secondary)=23.1 | Genoud2018(Genoud,secondary)=29.4 | Stephan1970(Stephan_collection,primary)=30.0 | Veilleux2014(Veilleux,secondary)=30.0 | Wilman2014(Wilman,secondary)=31.21"
"Dicrostonyx groenlandicus","BMR_massspecific","mL O2/h/g",6,1,"1.8855","1.54","","Genoud2018(Genoud,secondary)=1.725 | Genoud2018(Genoud,secondary)=1.966 | Genoud2018(Genoud,secondary)=1.49 | Genoud2018(Genoud,secondary)=2.3 | Genoud2018(Genoud,secondary)=1.69 | Genoud2018(Genoud,secondary)=2.141"
"Dicrostonyx groenlandicus","BMR_wholeanimal","mL O2/h",6,1,"101.9417","1.64","","Genoud2018(Genoud,secondary)=88.0 | Genoud2018(Genoud,secondary)=92.4 | Genoud2018(Genoud,secondary)=81.2 | Genoud2018(Genoud,secondary)=111.55 | Genoud2018(Genoud,secondary)=105.3 | Genoud2018(Genoud,secondary)=133.2"
"Didelphis marsupialis","Body_Mass","g",6,5,"1700","1.56","","Burger2019(Burger,secondary)=1620.0 | Finlay2006(Finlay,primary)=1700.0 | Genoud2018(Genoud,secondary)=1130.0 | Genoud2018(Genoud,secondary)=1329.0 | Veilleux2014(Veilleux,secondary)=1480.0 | Wilman2014(Wilman,secondary)=1091.16"
"Dipodomys deserti","BMR_massspecific","mL O2/h/g",6,1,"0.9439","1.63","","Genoud2018(Genoud,secondary)=0.91 | Genoud2018(Genoud,secondary)=0.87 | Genoud2018(Genoud,secondary)=0.87 | Genoud2018(Genoud,secondary)=0.806 | Genoud2018(Genoud,secondary)=0.898 | Genoud2018(Genoud,secondary)=1.31"
"Dipodomys deserti","BMR_wholeanimal","mL O2/h",6,1,"95.9483","1.48","","Genoud2018(Genoud,secondary)=92.0 | Genoud2018(Genoud,secondary)=85.09 | Genoud2018(Genoud,secondary)=92.2 | Genoud2018(Genoud,secondary)=86.6 | Genoud2018(Genoud,secondary)=94.0 | Genoud2018(Genoud,secondary)=125.8"
"Dromiciops gliroides","Body_Mass","g",6,4,"40.2","1.8","","Burger2019(Burger,secondary)=24.0 | Ruf2015(Ruf,primary)=40.2 | Genoud2018(Genoud,secondary)=40.2 | Genoud2018(Genoud,secondary)=24.9 | Genoud2018(Genoud,secondary)=30.1 | Wilman2014(Wilman,secondary)=22.3"
"Elephantulus fuscipes","Body_Mass","g",6,4,"57","1","","Burger2019(Burger,secondary)=57.0 | Stephan1981(Stephan_collection,primary)=57.0 | Lewitus2014(Lewitus,secondary)=57.0 | Wilman2014(Wilman,secondary)=57.0 | Stephan1970(Stephan_collection,primary)=57.0 | Stephan1970(Stephan_collection,primary)=57.0"
"Equus burchelli","Body_Mass","g",6,4,"288604.4125","1.6","","Burger2019(Burger,secondary)=264514.0 | Burger2019(Burger,secondary)=250000.0 | Wimberly2021(Wimberly,secondary)=279160.65 | Lewitus2014(Lewitus,secondary)=280000.0 | Wilman2014(Wilman,secondary)=276000.0 | Wilman2014(Wilman,secondary)=4e+05"
"Eulemur fulvus group","Body_Mass","g",6,1,"2235","1.31","","Isler2008(Isler,secondary)=2500.0 | Isler2008(Isler,secondary)=2000.0 | Isler2008(Isler,secondary)=2300.0 | Isler2008(Isler,secondary)=2300.0 | Isler2008(Isler,secondary)=2400.0 | Isler2008(Isler,secondary)=1910.0"
"Eulemur rufus","Body_Mass","g",6,5,"2142.824","1.5","","Isler2008(Isler,secondary)=2220.0 | Isler2008(Isler,secondary)=2719.0 | Burger2019(Burger,secondary)=2220.0 | Powell2017(Powell,secondary)=1815.0 | Wilman2014(Wilman,secondary)=2394.62 | NA(10.6084%2Fm9.figshare.c.3899422.v1_Dataset1.tsv,secondary)=1815.0"
"Eumetopias jubatus","Body_Mass","g",6,3,"367784.75","5.29","DISAGREEMENT>2x","Burger2019(Burger,secondary)=643775.0 | Genoud2018(Genoud,secondary)=121800.0 | Genoud2018(Genoud,secondary)=171867.0 | Genoud2018(Genoud,secondary)=132650.0 | Genoud2018(Genoud,secondary)=172000.0 | Wilman2014(Wilman,secondary)=310000.0"
"Fukomys darlingi","Body_Mass","g",6,3,"92.1733","2.38","DISAGREEMENT>2x","Kverkova2018(Kverkova,secondary)=115.19 | Genoud2018(Genoud,secondary)=60.0 | Genoud2018(Genoud,secondary)=81.0 | Genoud2018(Genoud,secondary)=99.0 | Genoud2018(Genoud,secondary)=143.0 | Wilman2014(Wilman,secondary)=65.58"
"Galea musteloides","Body_Mass","g",6,4,"348.1167","3.43","DISAGREEMENT>2x","MedinaGonzález2026(MedinaGonzález,secondary)=300.0 | MedinaGonzález2026(MedinaGonzález,secondary)=139.8 | MedinaGonzález2026(MedinaGonzález,secondary)=206.6 | Burger2019(Burger,secondary)=375.0 | Genoud2018(Genoud,secondary)=322.0 | Wilman2014(Wilman,secondary)=480.0"
"Galemys pyrenaicus","Body_Mass","g",6,4,"57.5","1.05","","Burger2019(Burger,secondary)=57.5 | Stephan1981(Stephan_collection,primary)=57.5 | Lewitus2014(Lewitus,secondary)=57.5 | Wilman2014(Wilman,secondary)=60.17 | Stephan1970(Stephan_collection,primary)=57.5 | Stephan1970(Stephan_collection,primary)=57.5"
"Glossophaga soricina","Body_Mass","g",6,5,"10.6","1.19","","Burger2019(Burger,secondary)=10.23 | Ruf2015(Ruf,primary)=10.0 | Genoud2018(Genoud,secondary)=9.6 | Genoud2018(Genoud,secondary)=10.11 | Stephan1970(Stephan_collection,primary)=11.2 | Wilman2014(Wilman,secondary)=9.43"
"Heliophobius argenteocinereus","Body_Mass","g",6,4,"169.7942","2.53","DISAGREEMENT>2x","Kverkova2018(Kverkova,secondary)=180.51 | Burger2019(Burger,secondary)=160.0 | Genoud2018(Genoud,secondary)=88.0 | Genoud2018(Genoud,secondary)=223.0 | Genoud2018(Genoud,secondary)=162.0 | Wilman2014(Wilman,secondary)=181.0"
"Hylobates muelleri","Body_Mass","g",6,6,"5796.78","1.06","","Isler2008(Isler,secondary)=5821.0 | Bauernfeind2013(Zilles,secondary)=5710.0 | Burger2019(Burger,secondary)=5954.88 | Powell2017(Powell,secondary)=5647.4 | Wilman2014(Wilman,secondary)=6000.0 | NA(10.6084%2Fm9.figshare.c.3899422.v1_Dataset1.tsv,secondary)=5647.4"
"Isoodon macrourus","Body_Mass","g",6,4,"1513.1092","1.83","","Burger2019(Burger,secondary)=1600.0 | Wimberly2021(Wimberly,secondary)=1505.77 | Genoud2018(Genoud,secondary)=880.0 | Genoud2018(Genoud,secondary)=1551.0 | Genoud2018(Genoud,secondary)=1609.0 | Wilman2014(Wilman,secondary)=1600.0"
"Lemmus trimucronatus","Body_Mass","g",6,3,"63.1567","1.69","","Burger2019(Burger,secondary)=69.6 | Genoud2018(Genoud,secondary)=51.0 | Genoud2018(Genoud,secondary)=64.0 | Genoud2018(Genoud,secondary)=44.0 | Genoud2018(Genoud,secondary)=41.2 | Wilman2014(Wilman,secondary)=69.82"
"Leontopithecus chrysomelas","Body_Mass","g",6,6,"655","1.14","","Isler2008(Isler,secondary)=655.0 | Heldstab2016(Heldstab,primary)=655.0 | Burger2019(Burger,secondary)=655.0 | Powell2017(Powell,secondary)=655.0 | Wilman2014(Wilman,secondary)=572.8 | NA(10.6084%2Fm9.figshare.c.3899422.v1_Dataset1.tsv,secondary)=655.0"
"Lepilemur mustelinus","Body_Mass","g",6,5,"778.64","1.16","","Isler2008(Isler,secondary)=777.0 | Isler2008(Isler,secondary)=693.4 | Burger2019(Burger,secondary)=777.0 | Powell2017(Powell,secondary)=804.0 | Wilman2014(Wilman,secondary)=773.0 | NA(10.6084%2Fm9.figshare.c.3899422.v1_Dataset1.tsv,secondary)=804.0"
"Macaca maura","Body_Mass","g",6,6,"9720","1.75","","Bauernfeind2013(Zilles,secondary)=6050.0 | Burger2019(Burger,secondary)=6846.0 | Powell2017(Powell,secondary)=5565.38 | Seymour2015(Seymour,primary)=9720.0 | Wilman2014(Wilman,secondary)=7300.0 | NA(10.6084%2Fm9.figshare.c.3899422.v1_Dataset1.tsv,secondary)=5565.38"
"Macaca ochreata","Body_Mass","g",6,6,"3950","2.46","DISAGREEMENT>2x","Isler2008(Isler,secondary)=3400.0 | Burger2019(Burger,secondary)=3400.0 | Powell2017(Powell,secondary)=6388.0 | Seymour2015(Seymour,primary)=3950.0 | Wilman2014(Wilman,secondary)=2600.0 | NA(10.6084%2Fm9.figshare.c.3899422.v1_Dataset1.tsv,secondary)=6388.0"
"Macaca silenus","Body_Mass","g",6,6,"7500","1.58","","Isler2008(Isler,secondary)=7500.0 | Burger2019(Burger,secondary)=7500.0 | Powell2017(Powell,secondary)=6100.0 | Seymour2015(Seymour,primary)=7500.0 | Wilman2014(Wilman,secondary)=4750.0 | NA(10.6084%2Fm9.figshare.c.3899422.v1_Dataset1.tsv,secondary)=6100.0"
"Macaca sylvanus","Body_Mass","g",6,6,"9625","1.73","","Isler2008(Isler,secondary)=12078.0 | Heldstab2016(Heldstab,primary)=9625.0 | Burger2019(Burger,secondary)=11200.0 | Powell2017(Powell,secondary)=10200.0 | Wilman2014(Wilman,secondary)=7000.03 | NA(10.6084%2Fm9.figshare.c.3899422.v1_Dataset1.tsv,secondary)=10200.0"
"Macroglossus minimus","Body_Mass","g",6,4,"16","1.11","","Burger2019(Burger,secondary)=17.03 | Ruf2015(Ruf,primary)=16.0 | Genoud2018(Genoud,secondary)=16.4 | Genoud2018(Genoud,secondary)=15.3 | Genoud2018(Genoud,secondary)=16.3 | Wilman2014(Wilman,secondary)=16.37"
"Madoqua kirkii","Body_Mass","g",6,4,"4200","1.34","","Weibel2004(Weibel,primary)=4200.0 | Weibel2004(Weibel,primary)=4200.0 | Burger2019(Burger,secondary)=4570.0 | Genoud2018(Genoud,secondary)=3970.0 | Genoud2018(Genoud,secondary)=4850.0 | Wilman2014(Wilman,secondary)=5300.05"
"Mandrillus leucophaeus","Body_Mass","g",6,6,"20000","2.35","DISAGREEMENT>2x","Isler2008(Isler,secondary)=15000.0 | Burger2019(Burger,secondary)=15000.0 | Powell2017(Powell,secondary)=8500.0 | Seymour2015(Seymour,primary)=20000.0 | Wilman2014(Wilman,secondary)=14999.96 | NA(10.6084%2Fm9.figshare.c.3899422.v1_Dataset1.tsv,secondary)=8500.0"
"Marmota marmota","Body_Mass","g",6,4,"3100","2.04","DISAGREEMENT>2x","Burger2019(Burger,secondary)=3813.65 | Ruf2015(Ruf,primary)=3100.0 | Genoud2018(Genoud,secondary)=2135.0 | Genoud2018(Genoud,secondary)=1868.0 | Genoud2018(Genoud,secondary)=3599.0 | Wilman2014(Wilman,secondary)=2010.0"
"Marmota monax","Body_Mass","g",6,5,"4350","2","","Burger2019(Burger,secondary)=2804.5 | Ruf2015(Ruf,primary)=3400.0 | Genoud2018(Genoud,secondary)=2650.0 | Genoud2018(Genoud,secondary)=3600.0 | Heffner1975(Heffner,primary)=5300.0 | Wilman2014(Wilman,secondary)=3801.72"
"Microgale mergulus","Body_Mass","g",6,4,"92","1.18","","Burger2019(Burger,secondary)=92.0 | Genoud2018(Genoud,secondary)=77.7 | Stephan1981(Stephan_collection,primary)=92.0 | Wilman2014(Wilman,secondary)=78.6 | Stephan1970(Stephan_collection,primary)=92.0 | Stephan1970(Stephan_collection,primary)=92.0"
"Microtus agrestis","Body_Mass","g",6,3,"32.5333","2.36","DISAGREEMENT>2x","Burger2019(Burger,secondary)=32.4 | Genoud2018(Genoud,secondary)=22.5 | Genoud2018(Genoud,secondary)=22.3 | Genoud2018(Genoud,secondary)=28.0 | Genoud2018(Genoud,secondary)=18.0 | Wilman2014(Wilman,secondary)=42.5"
"Microtus arvalis","Body_Mass","g",6,3,"28.4","1.66","","Burger2019(Burger,secondary)=30.4 | Genoud2018(Genoud,secondary)=23.9 | Genoud2018(Genoud,secondary)=20.4 | Genoud2018(Genoud,secondary)=29.0 | Genoud2018(Genoud,secondary)=33.9 | Wilman2014(Wilman,secondary)=28.0"
"Microtus montanus","Body_Mass","g",6,3,"36.785","1.88","","Burger2019(Burger,secondary)=39.7 | Genoud2018(Genoud,secondary)=30.8 | Genoud2018(Genoud,secondary)=27.2 | Genoud2018(Genoud,secondary)=28.1 | Genoud2018(Genoud,secondary)=51.2 | Wilman2014(Wilman,secondary)=36.33"
"Mirza coquereli","Body_Mass","g",6,6,"311.5833","1.02","","Isler2008(Isler,secondary)=312.0 | Burger2019(Burger,secondary)=311.5 | Powell2017(Powell,secondary)=311.5 | Granatosky2018(Granatosky,secondary)=315.0 | Wilman2014(Wilman,secondary)=308.0 | NA(10.6084%2Fm9.figshare.c.3899422.v1_Dataset1.tsv,secondary)=311.5"
"Mustela putorius","Body_Mass","g",6,5,"1062.874","1.95","","Jacobs2018(Jacobs,info)=1100.0 | Jacobs2018(Jacobs,info)=1100.0 | Burger2019(Burger,secondary)=915.0 | Genoud2018(Genoud,secondary)=1575.0 | Lewitus2014(Lewitus,secondary)=809.0 | Wilman2014(Wilman,secondary)=915.37"
"Myotis nattereri","Body_Mass","g",6,5,"8","1.29","","Burger2019(Burger,secondary)=7.15 | Ruf2015(Ruf,primary)=9.0 | Genoud2018(Genoud,secondary)=7.6 | Genoud2018(Genoud,secondary)=7.1 | Stephan1970(Stephan_collection,primary)=7.0 | Wilman2014(Wilman,secondary)=7.14"
"Neotoma albigula","Body_Mass","g",6,3,"204.5933","1.29","","Burger2019(Burger,secondary)=223.1 | Genoud2018(Genoud,secondary)=193.6 | Genoud2018(Genoud,secondary)=172.4 | Genoud2018(Genoud,secondary)=188.6 | Genoud2018(Genoud,secondary)=184.0 | Wilman2014(Wilman,secondary)=206.03"
"Neotoma lepida","BMR_massspecific","mL O2/h/g",6,1,"0.8015","1.93","","Genoud2018(Genoud,secondary)=0.72 | Genoud2018(Genoud,secondary)=0.79 | Genoud2018(Genoud,secondary)=0.79 | Genoud2018(Genoud,secondary)=1.16 | Genoud2018(Genoud,secondary)=0.75 | Genoud2018(Genoud,secondary)=0.6"
"Neotoma lepida","BMR_wholeanimal","mL O2/h",6,1,"86.405","1.8","","Genoud2018(Genoud,secondary)=99.7 | Genoud2018(Genoud,secondary)=87.1 | Genoud2018(Genoud,secondary)=79.3 | Genoud2018(Genoud,secondary)=114.7 | Genoud2018(Genoud,secondary)=74.03 | Genoud2018(Genoud,secondary)=63.6"
"Nesogale talazaci","Body_Mass","g",6,4,"50.4","1.15","","Burger2019(Burger,secondary)=50.4 | Genoud2018(Genoud,secondary)=44.0 | Stephan1981(Stephan_collection,primary)=50.4 | Wilman2014(Wilman,secondary)=48.0 | Stephan1970(Stephan_collection,primary)=50.4 | Stephan1970(Stephan_collection,primary)=50.4"
"Notomys alexis","Body_Mass","g",6,3,"35.5917","1.2","","Burger2019(Burger,secondary)=37.0 | Genoud2018(Genoud,secondary)=32.3 | Genoud2018(Genoud,secondary)=35.0 | Genoud2018(Genoud,secondary)=38.8 | Genoud2018(Genoud,secondary)=33.0 | Wilman2014(Wilman,secondary)=35.0"
"Nycticebus coucang","BMR_massspecific","mL O2/h/g",6,4,"0.3199","1.95","","Isler2008(Isler,secondary)=0.235 | Boyer2018(Boyer,secondary)=0.459 | Genoud2018(Genoud,secondary)=0.401 | Genoud2018(Genoud,secondary)=0.25 | Genoud2018(Genoud,secondary)=0.236 | Lewitus2014(Lewitus,secondary)=0.29"
"Nycticebus coucang","BMR_wholeanimal","mL O2/h",6,4,"270.3263","2.06","DISAGREEMENT>2x","Isler2008(Isler,secondary)=272.6 | Boyer2018(Boyer,secondary)=311.805 | Genoud2018(Genoud,secondary)=312.1 | Genoud2018(Genoud,secondary)=151.6 | Genoud2018(Genoud,secondary)=307.0 | Lewitus2014(Lewitus,secondary)=240.0"
"Nyctophilus gouldi","Body_Mass","g",6,4,"10","1.08","","Ruf2015(Ruf,primary)=10.0 | Genoud2018(Genoud,secondary)=9.25 | Genoud2018(Genoud,secondary)=10.0 | Genoud2018(Genoud,secondary)=9.9 | Veilleux2014(Veilleux,secondary)=10.0 | Wilman2014(Wilman,secondary)=10.0"
"Odocoileus virginianus","Body_Mass","g",6,4,"64205.2025","1.48","","Burger2019(Burger,secondary)=65090.0 | Wimberly2021(Wimberly,secondary)=75901.25 | Genoud2018(Genoud,secondary)=51190.0 | Genoud2018(Genoud,secondary)=58473.0 | Genoud2018(Genoud,secondary)=71300.0 | Wilman2014(Wilman,secondary)=55508.56"
"Pan troglodytes","BMR_massspecific","mL O2/h/g",6,4,"0.263","1.39","","Isler2008(Isler,secondary)=0.264 | Boyer2018(Boyer,secondary)=0.305 | Genoud2018(Genoud,secondary)=0.275 | Genoud2018(Genoud,secondary)=0.268 | Genoud2018(Genoud,secondary)=0.249 | Lewitus2014(Lewitus,secondary)=0.219"
"Pan troglodytes","BMR_wholeanimal","mL O2/h",6,4,"9298.9175","2.25","DISAGREEMENT>2x","Isler2008(Isler,secondary)=9000.0 | Boyer2018(Boyer,secondary)=11336.003 | Genoud2018(Genoud,secondary)=5047.0 | Genoud2018(Genoud,secondary)=9070.0 | Genoud2018(Genoud,secondary)=9462.0 | Lewitus2014(Lewitus,secondary)=9000.0"
"Peromyscus californicus","Body_Mass","g",6,3,"43.6908","1.25","","Burger2019(Burger,secondary)=43.53 | Genoud2018(Genoud,secondary)=45.5 | Genoud2018(Genoud,secondary)=49.6 | Genoud2018(Genoud,secondary)=41.3 | Genoud2018(Genoud,secondary)=39.65 | Wilman2014(Wilman,secondary)=43.53"
"Phascolarctos cinereus","Body_Mass","g",6,6,"5767","2.15","DISAGREEMENT>2x","Burger2019(Burger,secondary)=5800.0 | Wimberly2021(Wimberly,secondary)=6528.74 | Genoud2018(Genoud,secondary)=4765.0 | Veilleux2014(Veilleux,secondary)=6960.0 | Seymour2015(Seymour,primary)=5767.0 | Wilman2014(Wilman,secondary)=10250.0"
"Phoca vitulina","Body_Mass","g",6,4,"86925.4167","4.2","DISAGREEMENT>2x","Burger2019(Burger,secondary)=73635.0 | Genoud2018(Genoud,secondary)=27400.0 | Genoud2018(Genoud,secondary)=63000.0 | Genoud2018(Genoud,secondary)=86800.0 | Lewitus2014(Lewitus,secondary)=115000.0 | Wilman2014(Wilman,secondary)=1e+05"
"Phocoena phocoena","Body_Mass","g",6,6,"60000","5","DISAGREEMENT>2x","Manger2006(Manger,secondary)=52300.0 | Burger2019(Burger,secondary)=142430.0 | Genoud2018(Genoud,secondary)=28500.0 | Heffner1975(Heffner,primary)=60000.0 | Lewitus2014(Lewitus,secondary)=55500.0 | Wilman2014(Wilman,secondary)=52500.0"
"Phyllotis xanthopygus","Body_Mass","g",6,2,"52.29","1.81","","Genoud2018(Genoud,secondary)=55.0 | Genoud2018(Genoud,secondary)=35.9 | Genoud2018(Genoud,secondary)=49.0 | Genoud2018(Genoud,secondary)=36.4 | Genoud2018(Genoud,secondary)=65.1 | Wilman2014(Wilman,secondary)=56.3"
"Potamogale velox","Body_Mass","g",6,4,"660","1.03","","Burger2019(Burger,secondary)=650.0 | Stephan1981(Stephan_collection,primary)=660.0 | Lewitus2014(Lewitus,secondary)=670.99 | Wilman2014(Wilman,secondary)=659.99 | Stephan1970(Stephan_collection,primary)=660.0 | Stephan1970(Stephan_collection,primary)=660.0"
"Potorous tridactylus","Body_Mass","g",6,3,"1070.65","1.18","","Burger2019(Burger,secondary)=1100.0 | Genoud2018(Genoud,secondary)=950.0 | Genoud2018(Genoud,secondary)=1120.0 | Genoud2018(Genoud,secondary)=950.0 | Genoud2018(Genoud,secondary)=1027.8 | Wilman2014(Wilman,secondary)=1100.0"
"Procolobus verus","Body_Mass","g",6,6,"4287.9167","1.11","","Isler2008(Isler,secondary)=4450.0 | Burger2019(Burger,secondary)=4450.0 | Powell2017(Powell,secondary)=4200.0 | Granatosky2018(Granatosky,secondary)=4427.5 | Wilman2014(Wilman,secondary)=4000.0 | NA(10.6084%2Fm9.figshare.c.3899422.v1_Dataset1.tsv,secondary)=4200.0"
"Puma concolor","Body_Mass","g",6,4,"52576.76","1.61","","MedinaGonzález2026(MedinaGonzález,secondary)=60000.0 | MedinaGonzález2026(MedinaGonzález,secondary)=60000.0 | Burger2019(Burger,secondary)=54432.0 | Genoud2018(Genoud,secondary)=51350.0 | Genoud2018(Genoud,secondary)=37200.0 | Wilman2014(Wilman,secondary)=51600.04"
"Rhabdomys pumilio","Body_Mass","g",6,3,"43.845","1.88","","Burger2019(Burger,secondary)=39.71 | Genoud2018(Genoud,secondary)=39.62 | Genoud2018(Genoud,secondary)=40.5 | Genoud2018(Genoud,secondary)=48.3 | Genoud2018(Genoud,secondary)=74.4 | Wilman2014(Wilman,secondary)=41.12"
"Rhinopithecus roxellana","Body_Mass","g",6,6,"12214.0444","1.75","","Isler2008(Isler,secondary)=14750.0 | Burger2019(Burger,secondary)=14750.0 | Powell2017(Powell,secondary)=8435.333 | Wimberly2021(Wimberly,secondary)=13456.8 | Wilman2014(Wilman,secondary)=13456.8 | NA(10.6084%2Fm9.figshare.c.3899422.v1_Dataset1.tsv,secondary)=8435.333"
"Saguinus midas group","Body_Mass","g",6,1,"400.8333","1.53","","Isler2008(Isler,secondary)=445.0 | Isler2008(Isler,secondary)=415.0 | Isler2008(Isler,secondary)=415.0 | Isler2008(Isler,secondary)=370.0 | Isler2008(Isler,secondary)=300.0 | Isler2008(Isler,secondary)=460.0"
"Sarcophilus harrisii","Body_Mass","g",6,4,"8143.8958","1.98","","Burger2019(Burger,secondary)=8000.0 | Wimberly2021(Wimberly,secondary)=8202.25 | Genoud2018(Genoud,secondary)=5050.0 | Genoud2018(Genoud,secondary)=6500.0 | Genoud2018(Genoud,secondary)=7570.0 | Wilman2014(Wilman,secondary)=10000.0"
"Scalopus aquaticus","Body_Mass","g",6,6,"76.5","2.53","DISAGREEMENT>2x","Nudo1995(Nudo,primary)=53.0 | Burger2019(Burger,secondary)=39.6 | Genoud2018(Genoud,secondary)=48.0 | Heffner1975(Heffner,primary)=100.0 | HerculanoHouzel2015(HerculanoHouzel,secondary)=95.3 | Wilman2014(Wilman,secondary)=91.26"
"Sciurus carolinensis","Body_Mass","g",6,6,"525","1.62","","Nudo1995(Nudo,primary)=400.0 | Burger2019(Burger,secondary)=503.17 | Finlay2006(Finlay,primary)=650.0 | Genoud2018(Genoud,secondary)=440.0 | HerculanoHouzel2015(HerculanoHouzel,secondary)=500.0 | Wilman2014(Wilman,secondary)=506.5"
"Semnopithecus entellus","Body_Mass","g",6,6,"12533","2.1","DISAGREEMENT>2x","Isler2008(Isler,secondary)=14742.0 | Burger2019(Burger,secondary)=7010.0 | Powell2017(Powell,secondary)=10975.946 | Seymour2015(Seymour,primary)=12533.0 | Wilman2014(Wilman,secondary)=11529.83 | NA(10.6084%2Fm9.figshare.c.3899422.v1_Dataset1.tsv,secondary)=10975.946"
"Sigmodon hispidus","BMR_massspecific","mL O2/h/g",6,1,"1.2705","2.45","DISAGREEMENT>2x","Genoud2018(Genoud,secondary)=1.31 | Genoud2018(Genoud,secondary)=1.33 | Genoud2018(Genoud,secondary)=2.033 | Genoud2018(Genoud,secondary)=0.83 | Genoud2018(Genoud,secondary)=1.03 | Genoud2018(Genoud,secondary)=1.09"
"Sigmodon hispidus","BMR_wholeanimal","mL O2/h",6,1,"202.35","2.01","DISAGREEMENT>2x","Genoud2018(Genoud,secondary)=251.0 | Genoud2018(Genoud,secondary)=253.9 | Genoud2018(Genoud,secondary)=244.0 | Genoud2018(Genoud,secondary)=126.5 | Genoud2018(Genoud,secondary)=144.7 | Genoud2018(Genoud,secondary)=194.0"
"Sorex araneus","BMR_massspecific","mL O2/h/g",6,2,"6.7367","1.4","","Genoud2018(Genoud,secondary)=7.632 | Genoud2018(Genoud,secondary)=8.3 | Genoud2018(Genoud,secondary)=6.078 | Genoud2018(Genoud,secondary)=5.96 | Genoud2018(Genoud,secondary)=5.936 | Lewitus2014(Lewitus,secondary)=6.692"
"Sorex araneus","BMR_wholeanimal","mL O2/h",6,2,"56.736","1.58","","Genoud2018(Genoud,secondary)=66.4 | Genoud2018(Genoud,secondary)=66.4 | Genoud2018(Genoud,secondary)=46.8 | Genoud2018(Genoud,secondary)=44.7 | Genoud2018(Genoud,secondary)=41.91 | Lewitus2014(Lewitus,secondary)=60.23"
"Spermophilus parryii","Body_Mass","g",6,4,"650","2.16","DISAGREEMENT>2x","Burger2019(Burger,secondary)=462.8 | Ruf2015(Ruf,primary)=650.0 | Genoud2018(Genoud,secondary)=964.0 | Genoud2018(Genoud,secondary)=998.0 | Genoud2018(Genoud,secondary)=565.6 | Wilman2014(Wilman,secondary)=759.99"
"Tadarida brasiliensis","Body_Mass","g",6,3,"10","1.25","","Ruf2015(Ruf,primary)=10.0 | Genoud2018(Genoud,secondary)=10.4 | Genoud2018(Genoud,secondary)=10.4 | Genoud2018(Genoud,secondary)=11.5 | Genoud2018(Genoud,secondary)=11.0 | Wilman2014(Wilman,secondary)=12.49"
"Tamias amoenus","Body_Mass","g",6,4,"54","1.35","","Burger2019(Burger,secondary)=50.8 | Ruf2015(Ruf,primary)=54.0 | Genoud2018(Genoud,secondary)=52.7 | Genoud2018(Genoud,secondary)=42.4 | Genoud2018(Genoud,secondary)=57.3 | Wilman2014(Wilman,secondary)=50.5"
"Tamiasciurus hudsonicus","Body_Mass","g",6,4,"207.9258","1.53","","Haarlem2026(Haarlem,secondary)=213.0 | Burger2019(Burger,secondary)=188.9 | Genoud2018(Genoud,secondary)=175.0 | Genoud2018(Genoud,secondary)=268.0 | Genoud2018(Genoud,secondary)=242.9 | Wilman2014(Wilman,secondary)=201.17"
"Tarsipes rostratus","Body_Mass","g",6,5,"10","1.85","","Burger2019(Burger,secondary)=9.0 | Ruf2015(Ruf,primary)=10.0 | Genoud2018(Genoud,secondary)=10.0 | Genoud2018(Genoud,secondary)=5.4 | Veilleux2014(Veilleux,secondary)=9.0 | Wilman2014(Wilman,secondary)=9.0"
"Tarsius tarsier","Body_Mass","g",6,6,"124.5067","1.63","","Isler2008(Isler,secondary)=117.0 | Burger2019(Burger,secondary)=126.0 | Powell2017(Powell,secondary)=116.5 | Granatosky2018(Granatosky,secondary)=103.0 | Wilman2014(Wilman,secondary)=168.04 | NA(10.6084%2Fm9.figshare.c.3899422.v1_Dataset1.tsv,secondary)=116.5"
"Thylamys elegans","Body_Mass","g",6,4,"32","1.61","","Burger2019(Burger,secondary)=25.0 | Ruf2015(Ruf,primary)=32.0 | Genoud2018(Genoud,secondary)=32.1 | Genoud2018(Genoud,secondary)=31.1 | Genoud2018(Genoud,secondary)=40.2 | Wilman2014(Wilman,secondary)=28.9"
"Trachypithecus phayrei","Body_Mass","g",6,6,"7565.9394","1.17","","Isler2008(Isler,secondary)=7475.0 | Burger2019(Burger,secondary)=7474.917 | Powell2017(Powell,secondary)=7182.0 | Wimberly2021(Wimberly,secondary)=7681.72 | Wilman2014(Wilman,secondary)=8400.0 | NA(10.6084%2Fm9.figshare.c.3899422.v1_Dataset1.tsv,secondary)=7182.0"
"Trachypithecus vetulus","Body_Mass","g",6,6,"7035","1.73","","Isler2008(Isler,secondary)=6237.0 | Burger2019(Burger,secondary)=5103.0 | Powell2017(Powell,secondary)=5684.0 | Seymour2015(Seymour,primary)=7035.0 | Wilman2014(Wilman,secondary)=8830.0 | NA(10.6084%2Fm9.figshare.c.3899422.v1_Dataset1.tsv,secondary)=5684.0"
"Tragelaphus strepsiceros","Body_Mass","g",6,5,"218000","1.36","","Burger2019(Burger,secondary)=280000.0 | Wimberly2021(Wimberly,secondary)=206056.41 | HerculanoHouzel2015(HerculanoHouzel,secondary)=218000.0 | Wilman2014(Wilman,secondary)=213501.04 | Kazu2014(Kazu,primary)=218000.0 | Kazu2015(Kazu,primary)=218000.0"
"Varecia rubra","Body_Mass","g",6,6,"3300","1.17","","Isler2008(Isler,secondary)=3470.0 | Heldstab2016(Heldstab,primary)=3300.0 | Burger2019(Burger,secondary)=3470.0 | Powell2017(Powell,secondary)=3527.0 | Wilman2014(Wilman,secondary)=3872.6 | NA(10.6084%2Fm9.figshare.c.3899422.v1_Dataset1.tsv,secondary)=3527.0"
"Vulpes lagopus","BMR_massspecific","mL O2/h/g",6,1,"0.4689","1.53","","Genoud2018(Genoud,secondary)=0.584 | Genoud2018(Genoud,secondary)=0.382 | Genoud2018(Genoud,secondary)=0.481 | Genoud2018(Genoud,secondary)=0.421 | Genoud2018(Genoud,secondary)=0.514 | Genoud2018(Genoud,secondary)=0.431"
"Vulpes lagopus","BMR_wholeanimal","mL O2/h",6,1,"2146.65","2.29","DISAGREEMENT>2x","Genoud2018(Genoud,secondary)=2747.0 | Genoud2018(Genoud,secondary)=1374.0 | Genoud2018(Genoud,secondary)=3152.0 | Genoud2018(Genoud,secondary)=2144.4 | Genoud2018(Genoud,secondary)=1753.0 | Genoud2018(Genoud,secondary)=1709.5"
"Zalophus californianus","Body_Mass","g",6,4,"93596.6667","6.22","DISAGREEMENT>2x","Burger2019(Burger,secondary)=91000.0 | Genoud2018(Genoud,secondary)=22500.0 | Genoud2018(Genoud,secondary)=73000.0 | Genoud2018(Genoud,secondary)=94660.0 | Lewitus2014(Lewitus,secondary)=140000.0 | Wilman2014(Wilman,secondary)=80000.0"
"Zapus hudsonius","Body_Mass","g",6,4,"22.6","1.75","","Burger2019(Burger,secondary)=17.47 | Ruf2015(Ruf,primary)=22.6 | Genoud2018(Genoud,secondary)=30.0 | Genoud2018(Genoud,secondary)=20.0 | Genoud2018(Genoud,secondary)=24.3 | Wilman2014(Wilman,secondary)=17.12"
"northern group","Body_Mass","g",6,1,"16178.5","1.61","","Isler2008(Isler,secondary)=12701.0 | Isler2008(Isler,secondary)=19505.0 | Isler2008(Isler,secondary)=20412.0 | Isler2008(Isler,secondary)=13154.0 | Isler2008(Isler,secondary)=14062.0 | Isler2008(Isler,secondary)=17237.0"
"Aepyprymnus rufescens","Body_Mass","g",5,4,"2500","1.3","","Burger2019(Burger,secondary)=2600.0 | Genoud2018(Genoud,secondary)=3000.0 | Genoud2018(Genoud,secondary)=2820.0 | Seymour2015(Seymour,primary)=2500.0 | Wilman2014(Wilman,secondary)=3250.0"
"Akodon azarae","Body_Mass","g",5,3,"24.7044","1.17","","Burger2019(Burger,secondary)=25.0 | Genoud2018(Genoud,secondary)=23.5 | Genoud2018(Genoud,secondary)=22.5 | Genoud2018(Genoud,secondary)=26.34 | Wilman2014(Wilman,secondary)=25.0"
"Allenopithecus nigroviridis","Body_Mass","g",5,5,"4083.992","1.49","","Isler2008(Isler,secondary)=4655.0 | Burger2019(Burger,secondary)=4655.0 | Powell2017(Powell,secondary)=3180.0 | Wilman2014(Wilman,secondary)=4749.96 | NA(10.6084%2Fm9.figshare.c.3899422.v1_Dataset1.tsv,secondary)=3180.0"
"Alouatta belzebul","Body_Mass","g",5,5,"6048","1.16","","Isler2008(Isler,secondary)=6395.0 | Burger2019(Burger,secondary)=6395.0 | Powell2017(Powell,secondary)=5525.0 | Wilman2014(Wilman,secondary)=6400.0 | NA(10.6084%2Fm9.figshare.c.3899422.v1_Dataset1.tsv,secondary)=5525.0"
"Alouatta guariba","Body_Mass","g",5,5,"4802.666","1.14","","Isler2008(Isler,secondary)=5175.0 | Burger2019(Burger,secondary)=4550.0 | Powell2017(Powell,secondary)=4550.0 | Wilman2014(Wilman,secondary)=5188.33 | NA(10.6084%2Fm9.figshare.c.3899422.v1_Dataset1.tsv,secondary)=4550.0"
"Antechinomys laniger","Body_Mass","g",5,4,"27","1.13","","Burger2019(Burger,secondary)=25.0 | Ruf2015(Ruf,primary)=27.0 | Genoud2018(Genoud,secondary)=24.2 | Genoud2018(Genoud,secondary)=27.4 | Wilman2014(Wilman,secondary)=25.57"
"Antechinus flavipes","Body_Mass","g",5,4,"26","1.73","","Burger2019(Burger,secondary)=45.0 | Ruf2015(Ruf,primary)=26.0 | Genoud2018(Genoud,secondary)=26.0 | Genoud2018(Genoud,secondary)=45.0 | Wilman2014(Wilman,secondary)=45.0"
"Antidorcas marsupialis","Body_Mass","g",5,4,"25000","1.46","","Burger2019(Burger,secondary)=36518.0 | HerculanoHouzel2015(HerculanoHouzel,secondary)=25000.0 | Wilman2014(Wilman,secondary)=31500.0 | Kazu2014(Kazu,primary)=25000.0 | Kazu2015(Kazu,primary)=25000.0"
"Apodemus agrarius","Body_Mass","g",5,4,"25.1238","1.58","","Burger2019(Burger,secondary)=33.3 | Wimberly2021(Wimberly,secondary)=21.11 | Genoud2018(Genoud,secondary)=21.2 | Genoud2018(Genoud,secondary)=24.37 | Wilman2014(Wilman,secondary)=23.3"
"Apodemus chevrieri","BMR_massspecific","mL O2/h/g",5,1,"3.2636","1.46","","Genoud2018(Genoud,secondary)=2.7 | Genoud2018(Genoud,secondary)=3.4 | Genoud2018(Genoud,secondary)=2.906 | Genoud2018(Genoud,secondary)=3.381 | Genoud2018(Genoud,secondary)=3.931"
"Apodemus chevrieri","BMR_wholeanimal","mL O2/h",5,1,"121.134","1.72","","Genoud2018(Genoud,secondary)=87.91 | Genoud2018(Genoud,secondary)=125.8 | Genoud2018(Genoud,secondary)=115.76 | Genoud2018(Genoud,secondary)=125.1 | Genoud2018(Genoud,secondary)=151.1"
"Apodemus sylvaticus","BMR_massspecific","mL O2/h/g",5,1,"1.984","1.52","","Genoud2018(Genoud,secondary)=1.81 | Genoud2018(Genoud,secondary)=1.68 | Genoud2018(Genoud,secondary)=1.64 | Genoud2018(Genoud,secondary)=2.485 | Genoud2018(Genoud,secondary)=2.305"
"Apodemus sylvaticus","BMR_wholeanimal","mL O2/h",5,1,"45.036","1.69","","Genoud2018(Genoud,secondary)=43.26 | Genoud2018(Genoud,secondary)=42.5 | Genoud2018(Genoud,secondary)=34.94 | Genoud2018(Genoud,secondary)=45.48 | Genoud2018(Genoud,secondary)=59.0"
"Arctocebus aureus","Body_Mass","g",5,5,"215","1.12","","Isler2008(Isler,secondary)=210.0 | Burger2019(Burger,secondary)=210.0 | Powell2017(Powell,secondary)=210.0 | Wilman2014(Wilman,secondary)=235.0 | NA(10.6084%2Fm9.figshare.c.3899422.v1_Dataset1.tsv,secondary)=210.0"
"Artibeus jamaicensis","Body_Mass","g",5,5,"37.5","1.33","","Burger2019(Burger,secondary)=39.33 | Genoud2018(Genoud,secondary)=45.2 | Stephan1970(Stephan_collection,primary)=37.5 | Veilleux2014(Veilleux,secondary)=50.0 | Wilman2014(Wilman,secondary)=42.17"
"Ateles hybridus","Body_Mass","g",5,5,"7447.82","1.23","","Isler2008(Isler,secondary)=7862.0 | Burger2019(Burger,secondary)=7862.25 | Powell2017(Powell,secondary)=7560.0 | Wilman2014(Wilman,secondary)=6394.85 | NA(10.6084%2Fm9.figshare.c.3899422.v1_Dataset1.tsv,secondary)=7560.0"
"Blarina brevicauda","BMR_massspecific","mL O2/h/g",5,1,"2.8819","1.56","","Genoud2018(Genoud,secondary)=3.4 | Genoud2018(Genoud,secondary)=2.18 | Genoud2018(Genoud,secondary)=2.5 | Genoud2018(Genoud,secondary)=3.22 | Genoud2018(Genoud,secondary)=3.11"
"Blarina brevicauda","BMR_wholeanimal","mL O2/h",5,1,"58.602","1.65","","Genoud2018(Genoud,secondary)=68.0 | Genoud2018(Genoud,secondary)=41.2 | Genoud2018(Genoud,secondary)=52.5 | Genoud2018(Genoud,secondary)=66.0 | Genoud2018(Genoud,secondary)=65.31"
"Cacajao melanocephalus","Body_Mass","g",5,5,"2669","1.35","","Isler2008(Isler,secondary)=2935.0 | Burger2019(Burger,secondary)=2710.0 | Powell2017(Powell,secondary)=2300.0 | Wilman2014(Wilman,secondary)=3100.0 | NA(10.6084%2Fm9.figshare.c.3899422.v1_Dataset1.tsv,secondary)=2300.0"
"Callicebus caligatus","Body_Mass","g",5,5,"902.482","1.13","","Isler2008(Isler,secondary)=880.0 | Burger2019(Burger,secondary)=880.0 | Powell2017(Powell,secondary)=880.0 | Wilman2014(Wilman,secondary)=992.41 | NA(10.6084%2Fm9.figshare.c.3899422.v1_Dataset1.tsv,secondary)=880.0"
"Callicebus cupreus group","Body_Mass","g",5,1,"887","1.94","","Isler2008(Isler,secondary)=555.0 | Isler2008(Isler,secondary)=1075.0 | Isler2008(Isler,secondary)=845.0 | Isler2008(Isler,secondary)=950.0 | Isler2008(Isler,secondary)=1010.0"
"Callicebus lugens","Body_Mass","g",5,5,"1074.264","1.08","","Isler2008(Isler,secondary)=1090.0 | Burger2019(Burger,secondary)=1090.0 | Powell2017(Powell,secondary)=1090.0 | Wilman2014(Wilman,secondary)=1011.32 | NA(10.6084%2Fm9.figshare.c.3899422.v1_Dataset1.tsv,secondary)=1090.0"
"Callithrix geoffroyi","Body_Mass","g",5,5,"338","2.35","DISAGREEMENT>2x","Heldstab2016(Heldstab,primary)=338.0 | Burger2019(Burger,secondary)=793.0 | Powell2017(Powell,secondary)=338.425 | Wilman2014(Wilman,secondary)=342.0 | NA(10.6084%2Fm9.figshare.c.3899422.v1_Dataset1.tsv,secondary)=338.425"
"Callithrix jacchus","BMR_massspecific","mL O2/h/g",5,4,"0.5526","1.85","","Isler2008(Isler,secondary)=0.433 | Boyer2018(Boyer,secondary)=0.622 | Genoud2018(Genoud,secondary)=0.8 | Genoud2018(Genoud,secondary)=0.457 | Lewitus2014(Lewitus,secondary)=0.528"
"Callithrix jacchus","BMR_wholeanimal","mL O2/h",5,4,"165.3128","1.3","","Isler2008(Isler,secondary)=154.0 | Boyer2018(Boyer,secondary)=197.751 | Genoud2018(Genoud,secondary)=152.0 | Genoud2018(Genoud,secondary)=163.0 | Lewitus2014(Lewitus,secondary)=152.0"
"Callithrix penicillata","Body_Mass","g",5,5,"319.2444","1.14","","Isler2008(Isler,secondary)=328.0 | Burger2019(Burger,secondary)=328.0 | Powell2017(Powell,secondary)=299.111 | Wilman2014(Wilman,secondary)=342.0 | NA(10.6084%2Fm9.figshare.c.3899422.v1_Dataset1.tsv,secondary)=299.111"
"Callithrix pygmaea","BMR_massspecific","mL O2/h/g",5,3,"0.7273","1.48","","Isler2008(Isler,secondary)=0.642 | Boyer2018(Boyer,secondary)=0.796 | Genoud2018(Genoud,secondary)=0.947 | Genoud2018(Genoud,secondary)=0.645 | Genoud2018(Genoud,secondary)=0.639"
"Callithrix pygmaea","BMR_wholeanimal","mL O2/h",5,3,"90.6001","1.41","","Isler2008(Isler,secondary)=88.6 | Boyer2018(Boyer,secondary)=87.6 | Genoud2018(Genoud,secondary)=110.6 | Genoud2018(Genoud,secondary)=78.4 | Genoud2018(Genoud,secondary)=97.8"
"Capreolus capreolus","Body_Mass","g",5,4,"21693","1.43","","MedinaGonzález2026(MedinaGonzález,secondary)=25000.0 | Burger2019(Burger,secondary)=17472.0 | Genoud2018(Genoud,secondary)=21500.0 | Genoud2018(Genoud,secondary)=22100.0 | Wilman2014(Wilman,secondary)=22500.0"
"Caracal caracal","Body_Mass","g",5,4,"12667.4775","2.29","DISAGREEMENT>2x","Jacobs2018(Jacobs,info)=11600.0 | Jacobs2018(Jacobs,info)=11600.0 | Burger2019(Burger,secondary)=7690.0 | Wimberly2021(Wimberly,secondary)=17630.0 | Wilman2014(Wilman,secondary)=13749.91"
"Carassius auratus","Body_Mass","g",5,1,"16.65","1","","Haarlem2026(Haarlem,secondary)=16.65 | Haarlem2026(Haarlem,secondary)=16.65 | Haarlem2026(Haarlem,secondary)=16.65 | Haarlem2026(Haarlem,secondary)=16.65 | Haarlem2026(Haarlem,secondary)=16.65"
"Cavia porcellus","BMR_massspecific","mL O2/h/g",5,1,"0.6889","1.59","","Genoud2018(Genoud,secondary)=0.783 | Genoud2018(Genoud,secondary)=0.84 | Genoud2018(Genoud,secondary)=0.743 | Genoud2018(Genoud,secondary)=0.55 | Genoud2018(Genoud,secondary)=0.529"
"Cavia porcellus","BMR_wholeanimal","mL O2/h",5,1,"384.84","1.73","","Genoud2018(Genoud,secondary)=526.4 | Genoud2018(Genoud,secondary)=347.8 | Genoud2018(Genoud,secondary)=304.7 | Genoud2018(Genoud,secondary)=346.0 | Genoud2018(Genoud,secondary)=399.3"
"Cebus libidinosus","Body_Mass","g",5,5,"2388.172","1.27","","Isler2008(Isler,secondary)=2510.0 | Burger2019(Burger,secondary)=2509.779 | Powell2017(Powell,secondary)=2116.935 | Wilman2014(Wilman,secondary)=2687.21 | NA(10.6084%2Fm9.figshare.c.3899422.v1_Dataset1.tsv,secondary)=2116.935"
"Cebus xanthosternos","Body_Mass","g",5,5,"2380.2039","1.24","","Isler2008(Isler,secondary)=2440.0 | Burger2019(Burger,secondary)=2440.476 | Powell2017(Powell,secondary)=2166.667 | Wilman2014(Wilman,secondary)=2687.21 | NA(10.6084%2Fm9.figshare.c.3899422.v1_Dataset1.tsv,secondary)=2166.667"
"Cercartetus concinnus","Body_Mass","g",5,5,"17.5","1.43","","Burger2019(Burger,secondary)=13.0 | Ruf2015(Ruf,primary)=18.0 | Genoud2018(Genoud,secondary)=18.6 | Seymour2015(Seymour,primary)=17.0 | Wilman2014(Wilman,secondary)=13.0"
"Cercocebus galeritus","Body_Mass","g",5,5,"6021.004","2.12","DISAGREEMENT>2x","Isler2008(Isler,secondary)=7435.0 | Burger2019(Burger,secondary)=7435.0 | Powell2017(Powell,secondary)=3700.0 | Wilman2014(Wilman,secondary)=7835.02 | NA(10.6084%2Fm9.figshare.c.3899422.v1_Dataset1.tsv,secondary)=3700.0"
"Cercopithecus cephus","Body_Mass","g",5,5,"3267.662","1.24","","Isler2008(Isler,secondary)=3585.0 | Burger2019(Burger,secondary)=3508.33 | Powell2017(Powell,secondary)=2880.0 | Wilman2014(Wilman,secondary)=3484.98 | NA(10.6084%2Fm9.figshare.c.3899422.v1_Dataset1.tsv,secondary)=2880.0"
"Cercopithecus mona","Body_Mass","g",5,5,"3465.666","1.4","","Isler2008(Isler,secondary)=3719.0 | Burger2019(Burger,secondary)=3001.0 | Powell2017(Powell,secondary)=3200.0 | Wilman2014(Wilman,secondary)=4208.33 | NA(10.6084%2Fm9.figshare.c.3899422.v1_Dataset1.tsv,secondary)=3200.0"
"Cercopithecus pogonias","Body_Mass","g",5,5,"3360.992","1.28","","Isler2008(Isler,secondary)=3580.0 | Burger2019(Burger,secondary)=3580.0 | Powell2017(Powell,secondary)=2940.0 | Wilman2014(Wilman,secondary)=3764.96 | NA(10.6084%2Fm9.figshare.c.3899422.v1_Dataset1.tsv,secondary)=2940.0"
"Cervus elaphus","Body_Mass","g",5,5,"152776.596","4.15","DISAGREEMENT>2x","MedinaGonzález2026(MedinaGonzález,secondary)=1e+05 | Burger2019(Burger,secondary)=2e+05 | Wimberly2021(Wimberly,secondary)=240867.13 | Genoud2018(Genoud,secondary)=58000.0 | Wilman2014(Wilman,secondary)=165015.85"
"Chiropotes chiropotes","Body_Mass","g",5,5,"2711.2641","1.15","","Isler2008(Isler,secondary)=2740.0 | Burger2019(Burger,secondary)=2740.0 | Powell2017(Powell,secondary)=2563.37 | Wilman2014(Wilman,secondary)=2949.58 | NA(10.6084%2Fm9.figshare.c.3899422.v1_Dataset1.tsv,secondary)=2563.37"
"Chlorocebus sabaeus","Body_Mass","g",5,5,"4203.36","1.35","","Isler2008(Isler,secondary)=4312.0 | Burger2019(Burger,secondary)=4311.8 | Powell2017(Powell,secondary)=3700.0 | Wilman2014(Wilman,secondary)=4993.0 | NA(10.6084%2Fm9.figshare.c.3899422.v1_Dataset1.tsv,secondary)=3700.0"
"Chrysochloris asiatica","Body_Mass","g",5,4,"49","1.48","","Burger2019(Burger,secondary)=49.0 | Genoud2018(Genoud,secondary)=33.0 | Genoud2018(Genoud,secondary)=44.0 | Stephan1981(Stephan_collection,primary)=49.0 | Wilman2014(Wilman,secondary)=49.0"
"Chrysochloris stuhlmanni","Body_Mass","g",5,3,"39.8","1.26","","Burger2019(Burger,secondary)=50.05 | Stephan1981(Stephan_collection,primary)=39.8 | Wilman2014(Wilman,secondary)=39.8 | Stephan1970(Stephan_collection,primary)=39.8 | Stephan1970(Stephan_collection,primary)=39.8"
"Condylura cristata","Body_Mass","g",5,4,"56.15","2.04","DISAGREEMENT>2x","Burger2019(Burger,secondary)=50.0 | Genoud2018(Genoud,secondary)=49.0 | Genoud2018(Genoud,secondary)=50.0 | HerculanoHouzel2015(HerculanoHouzel,secondary)=41.1 | Wilman2014(Wilman,secondary)=84.0"
"Cricetus cricetus","BMR_massspecific","mL O2/h/g",5,1,"0.727","1.84","","Genoud2018(Genoud,secondary)=0.824 | Genoud2018(Genoud,secondary)=0.957 | Genoud2018(Genoud,secondary)=0.694 | Genoud2018(Genoud,secondary)=0.64 | Genoud2018(Genoud,secondary)=0.52"
"Cricetus cricetus","BMR_wholeanimal","mL O2/h",5,1,"250.8","1.54","","Genoud2018(Genoud,secondary)=285.1 | Genoud2018(Genoud,secondary)=295.7 | Genoud2018(Genoud,secondary)=250.0 | Genoud2018(Genoud,secondary)=231.0 | Genoud2018(Genoud,secondary)=192.2"
"Crocidura suaveolens","BMR_massspecific","mL O2/h/g",5,1,"2.8689","1.37","","Genoud2018(Genoud,secondary)=2.559 | Genoud2018(Genoud,secondary)=2.81 | Genoud2018(Genoud,secondary)=2.563 | Genoud2018(Genoud,secondary)=2.908 | Genoud2018(Genoud,secondary)=3.504"
"Crocidura suaveolens","BMR_wholeanimal","mL O2/h",5,1,"22.011","1.48","","Genoud2018(Genoud,secondary)=20.22 | Genoud2018(Genoud,secondary)=21.075 | Genoud2018(Genoud,secondary)=21.86 | Genoud2018(Genoud,secondary)=18.9 | Genoud2018(Genoud,secondary)=28.0"
"Crocuta crocuta","Body_Mass","g",5,5,"63892.408","1.07","","Burger2019(Burger,secondary)=62370.0 | Wimberly2021(Wimberly,secondary)=63369.98 | Veilleux2014(Veilleux,secondary)=64230.0 | Lewitus2014(Lewitus,secondary)=63000.0 | Wilman2014(Wilman,secondary)=66492.06"
"Cyclopes didactylus","Body_Mass","g",5,4,"301.4875","2.16","DISAGREEMENT>2x","Burger2019(Burger,secondary)=400.0 | Wimberly2021(Wimberly,secondary)=263.95 | Genoud2018(Genoud,secondary)=185.0 | Genoud2018(Genoud,secondary)=240.0 | Wilman2014(Wilman,secondary)=329.5"
"Dasyurus geoffroii","Body_Mass","g",5,4,"1000","1.39","","Burger2019(Burger,secondary)=1100.0 | Ruf2015(Ruf,primary)=1000.0 | Genoud2018(Genoud,secondary)=1251.4 | Genoud2018(Genoud,secondary)=1385.0 | Wilman2014(Wilman,secondary)=1100.0"
"Desmana moschata","Body_Mass","g",5,3,"440","1.15","","Burger2019(Burger,secondary)=440.0 | Stephan1981(Stephan_collection,primary)=440.0 | Wilman2014(Wilman,secondary)=383.0 | Stephan1970(Stephan_collection,primary)=440.0 | Stephan1970(Stephan_collection,primary)=440.0"
"Dipodomys microps","Body_Mass","g",5,3,"57.2333","1.22","","Burger2019(Burger,secondary)=62.8 | Genoud2018(Genoud,secondary)=57.2 | Genoud2018(Genoud,secondary)=54.2 | Genoud2018(Genoud,secondary)=51.5 | Wilman2014(Wilman,secondary)=54.6"
"Dipodomys panamintinus","Body_Mass","g",5,3,"70.9889","1.31","","Burger2019(Burger,secondary)=74.0 | Genoud2018(Genoud,secondary)=56.9 | Genoud2018(Genoud,secondary)=64.2 | Genoud2018(Genoud,secondary)=71.7 | Wilman2014(Wilman,secondary)=74.7"
"Epomophorus wahlbergi","Body_Mass","g",5,3,"89.4189","1.25","","Burger2019(Burger,secondary)=81.51 | Genoud2018(Genoud,secondary)=101.7 | Genoud2018(Genoud,secondary)=84.4 | Genoud2018(Genoud,secondary)=99.4 | Wilman2014(Wilman,secondary)=91.58"
"Eulemur albifrons","Body_Mass","g",5,5,"2266.8","1.07","","Isler2008(Isler,secondary)=2336.0 | Burger2019(Burger,secondary)=2335.5 | Powell2017(Powell,secondary)=2181.25 | Wilman2014(Wilman,secondary)=2300.0 | NA(10.6084%2Fm9.figshare.c.3899422.v1_Dataset1.tsv,secondary)=2181.25"
"Euoticus pallidus","Body_Mass","g",5,5,"267.48","1.3","","Isler2008(Isler,secondary)=300.0 | Burger2019(Burger,secondary)=300.0 | Powell2017(Powell,secondary)=253.7 | Wilman2014(Wilman,secondary)=230.0 | NA(10.6084%2Fm9.figshare.c.3899422.v1_Dataset1.tsv,secondary)=253.7"
"Galagoides demidoff","BMR_massspecific","mL O2/h/g",5,3,"0.99","1.83","","Isler2008(Isler,secondary)=0.926 | Genoud2018(Genoud,secondary)=1.197 | Genoud2018(Genoud,secondary)=1.52 | Genoud2018(Genoud,secondary)=0.922 | Lewitus2014(Lewitus,secondary)=0.831"
"Galagoides demidoff","BMR_wholeanimal","mL O2/h",5,3,"64.7844","1.42","","Isler2008(Isler,secondary)=63.0 | Genoud2018(Genoud,secondary)=68.8 | Genoud2018(Genoud,secondary)=84.36 | Genoud2018(Genoud,secondary)=62.7 | Lewitus2014(Lewitus,secondary)=59.4"
"Genetta tigrina","Body_Mass","g",5,4,"1380","1.61","","Weibel2004(Weibel,primary)=1380.0 | Weibel2004(Weibel,primary)=1380.0 | Burger2019(Burger,secondary)=1525.0 | Genoud2018(Genoud,secondary)=1732.0 | Wilman2014(Wilman,secondary)=2225.0"
"Georychus capensis","Body_Mass","g",5,3,"196.4756","2.12","DISAGREEMENT>2x","Kverkova2018(Kverkova,secondary)=155.09 | Genoud2018(Genoud,secondary)=280.0 | Genoud2018(Genoud,secondary)=193.0 | Genoud2018(Genoud,secondary)=132.0 | Wilman2014(Wilman,secondary)=232.67"
"Gorilla beringei","Body_Mass","g",5,5,"120865.038","1.53","","Isler2008(Isler,secondary)=130000.0 | Burger2019(Burger,secondary)=130000.0 | Powell2017(Powell,secondary)=97500.0 | Wilman2014(Wilman,secondary)=149325.19 | NA(10.6084%2Fm9.figshare.c.3899422.v1_Dataset1.tsv,secondary)=97500.0"
"Halichoerus grypus","BMR_massspecific","mL O2/h/g",5,1,"0.2539","1.94","","Genoud2018(Genoud,secondary)=0.215 | Genoud2018(Genoud,secondary)=0.177 | Genoud2018(Genoud,secondary)=0.221 | Genoud2018(Genoud,secondary)=0.343 | Genoud2018(Genoud,secondary)=0.312"
"Halichoerus grypus","BMR_wholeanimal","mL O2/h",5,1,"34796.8","2.25","DISAGREEMENT>2x","Genoud2018(Genoud,secondary)=19536.0 | Genoud2018(Genoud,secondary)=33806.0 | Genoud2018(Genoud,secondary)=39843.0 | Genoud2018(Genoud,secondary)=43999.0 | Genoud2018(Genoud,secondary)=36800.0"
"Hapalemur alaotrensis","Body_Mass","g",5,5,"1314.866","1.3","","Isler2008(Isler,secondary)=1240.0 | Burger2019(Burger,secondary)=1239.5 | Powell2017(Powell,secondary)=1239.0 | Wilman2014(Wilman,secondary)=1616.83 | NA(10.6084%2Fm9.figshare.c.3899422.v1_Dataset1.tsv,secondary)=1239.0"
"Hemiechinus auritus","Body_Mass","g",5,5,"226.5","1.96","","Nudo1995(Nudo,primary)=203.0 | Burger2019(Burger,secondary)=250.0 | Genoud2018(Genoud,secondary)=397.0 | Stephan1981(Stephan_collection,primary)=250.0 | Wilman2014(Wilman,secondary)=342.0"
"Heterocephalus glaber","BMR_massspecific","mL O2/h/g",5,1,"0.7656","4.62","DISAGREEMENT>2x","Genoud2018(Genoud,secondary)=0.659 | Genoud2018(Genoud,secondary)=0.26 | Genoud2018(Genoud,secondary)=0.62 | Genoud2018(Genoud,secondary)=1.089 | Genoud2018(Genoud,secondary)=1.2"
"Heterocephalus glaber","BMR_wholeanimal","mL O2/h",5,1,"31.864","6.49","DISAGREEMENT>2x","Genoud2018(Genoud,secondary)=25.7 | Genoud2018(Genoud,secondary)=8.32 | Genoud2018(Genoud,secondary)=24.8 | Genoud2018(Genoud,secondary)=46.5 | Genoud2018(Genoud,secondary)=54.0"
"Hippopotamus amphibius","Body_Mass","g",5,5,"1540960.078","1.48","","MedinaGonzález2026(MedinaGonzález,secondary)=2e+06 | Garwicz2009(Garwicz,secondary)=1400000.0 | Burger2019(Burger,secondary)=1351000.0 | Wimberly2021(Wimberly,secondary)=1536310.4 | Wilman2014(Wilman,secondary)=1417489.99"
"Homo erectus","Body_Mass","g",5,1,"69620","1.27","","Seymour2017(Seymour,info)=76100.0 | Seymour2017(Seymour,info)=59900.0 | Seymour2017(Seymour,info)=76100.0 | Seymour2017(Seymour,info)=59900.0 | Seymour2017(Seymour,info)=76100.0"
"Hylobates klossii","Body_Mass","g",5,5,"5796","1","","Isler2008(Isler,secondary)=5795.0 | Burger2019(Burger,secondary)=5795.0 | Powell2017(Powell,secondary)=5795.0 | Wilman2014(Wilman,secondary)=5800.0 | NA(10.6084%2Fm9.figshare.c.3899422.v1_Dataset1.tsv,secondary)=5795.0"
"Isoodon obesulus","Body_Mass","g",5,3,"835.0222","2","","Burger2019(Burger,secondary)=691.0 | Genoud2018(Genoud,secondary)=717.2 | Genoud2018(Genoud,secondary)=1020.0 | Genoud2018(Genoud,secondary)=1380.0 | Wilman2014(Wilman,secondary)=775.0"
"Jaculus orientalis","Body_Mass","g",5,4,"170","1.73","","Burger2019(Burger,secondary)=98.0 | Ruf2015(Ruf,primary)=170.0 | Genoud2018(Genoud,secondary)=158.7 | Genoud2018(Genoud,secondary)=139.1 | Wilman2014(Wilman,secondary)=138.0"
"Lagothrix cana","Body_Mass","g",5,5,"6151.28","1283.59","DISAGREEMENT>2x","Isler2008(Isler,secondary)=8215.0 | Burger2019(Burger,secondary)=8215.0 | Powell2017(Powell,secondary)=7160.0 | Wilman2014(Wilman,secondary)=6.4 | NA(10.6084%2Fm9.figshare.c.3899422.v1_Dataset1.tsv,secondary)=7160.0"
"Lama glama","Body_Mass","g",5,5,"115207.934","1.92","","MedinaGonzález2026(MedinaGonzález,secondary)=150000.0 | Burger2019(Burger,secondary)=90217.0 | Wimberly2021(Wimberly,secondary)=78322.67 | Genoud2018(Genoud,secondary)=115000.0 | Wilman2014(Wilman,secondary)=142500.0"
"Lemmus lemmus","Body_Mass","g",5,4,"56.75","1.45","","Burger2019(Burger,secondary)=68.9 | Genoud2018(Genoud,secondary)=60.6 | Genoud2018(Genoud,secondary)=60.6 | Veilleux2014(Veilleux,secondary)=50.0 | Wilman2014(Wilman,secondary)=47.5"
"Lemur catta","BMR_massspecific","mL O2/h/g",5,4,"0.2162","1.89","","Isler2008(Isler,secondary)=0.195 | Boyer2018(Boyer,secondary)=0.177 | Genoud2018(Genoud,secondary)=0.152 | Genoud2018(Genoud,secondary)=0.258 | Lewitus2014(Lewitus,secondary)=0.288"
"Lemur catta","BMR_wholeanimal","mL O2/h",5,4,"512.1915","1.71","","Isler2008(Isler,secondary)=489.5 | Boyer2018(Boyer,secondary)=391.166 | Genoud2018(Genoud,secondary)=382.0 | Genoud2018(Genoud,secondary)=651.4 | Lewitus2014(Lewitus,secondary)=651.4"
"Leopardus pardalis","Body_Mass","g",5,5,"10965.116","1.44","","MedinaGonzález2026(MedinaGonzález,secondary)=9400.0 | Burger2019(Burger,secondary)=9525.5 | Wimberly2021(Wimberly,secondary)=13500.0 | Genoud2018(Genoud,secondary)=10500.0 | Wilman2014(Wilman,secondary)=11900.08"
"Lepilemur leucopus","Body_Mass","g",5,5,"614.5","1.07","","Isler2008(Isler,secondary)=606.0 | Burger2019(Burger,secondary)=605.5 | Powell2017(Powell,secondary)=605.5 | Wilman2014(Wilman,secondary)=650.0 | NA(10.6084%2Fm9.figshare.c.3899422.v1_Dataset1.tsv,secondary)=605.5"
"Leptailurus serval","Body_Mass","g",5,5,"11181.994","1.64","","MedinaGonzález2026(MedinaGonzález,secondary)=8500.0 | Burger2019(Burger,secondary)=11340.0 | Wimberly2021(Wimberly,secondary)=13950.0 | Genoud2018(Genoud,secondary)=10120.0 | Wilman2014(Wilman,secondary)=11999.97"
"Leptonychotes weddellii","Body_Mass","g",5,3,"385211.1122","1.13","","Burger2019(Burger,secondary)=378666.67 | Genoud2018(Genoud,secondary)=355000.0 | Genoud2018(Genoud,secondary)=388500.0 | Genoud2018(Genoud,secondary)=387400.0 | Wilman2014(Wilman,secondary)=4e+05"
"Lepus europaeus","Body_Mass","g",5,4,"3522.875","6.53","DISAGREEMENT>2x","MedinaGonzález2026(MedinaGonzález,secondary)=6500.0 | Burger2019(Burger,secondary)=1954.0 | Genoud2018(Genoud,secondary)=2800.0 | Genoud2018(Genoud,secondary)=995.0 | Wilman2014(Wilman,secondary)=3740.0"
"Liomys salvini","Body_Mass","g",5,3,"43.5889","1.07","","Burger2019(Burger,secondary)=44.9 | Genoud2018(Genoud,secondary)=43.8 | Genoud2018(Genoud,secondary)=42.7 | Genoud2018(Genoud,secondary)=45.1 | Wilman2014(Wilman,secondary)=42.0"
"Lophocebus aterrimus","Body_Mass","g",5,5,"6326.074","1.18","","Isler2008(Isler,secondary)=6800.0 | Burger2019(Burger,secondary)=6800.0 | Powell2017(Powell,secondary)=5760.0 | Wilman2014(Wilman,secondary)=6510.37 | NA(10.6084%2Fm9.figshare.c.3899422.v1_Dataset1.tsv,secondary)=5760.0"
"Loris lydekkerianus","Body_Mass","g",5,5,"266.812","1.07","","Isler2008(Isler,secondary)=267.0 | Burger2019(Burger,secondary)=267.0 | Powell2017(Powell,secondary)=273.0 | Wilman2014(Wilman,secondary)=254.06 | NA(10.6084%2Fm9.figshare.c.3899422.v1_Dataset1.tsv,secondary)=273.0"
"Loris tardigradus","BMR_massspecific","mL O2/h/g",5,4,"0.534","1.43","","Isler2008(Isler,secondary)=0.451 | Boyer2018(Boyer,secondary)=0.613 | Genoud2018(Genoud,secondary)=0.451 | Genoud2018(Genoud,secondary)=0.644 | Lewitus2014(Lewitus,secondary)=0.524"
"Loris tardigradus","BMR_wholeanimal","mL O2/h",5,4,"127.8976","1.37","","Isler2008(Isler,secondary)=128.0 | Boyer2018(Boyer,secondary)=118.391 | Genoud2018(Genoud,secondary)=128.0 | Genoud2018(Genoud,secondary)=107.4 | Lewitus2014(Lewitus,secondary)=147.5"
"Lycaon pictus","Body_Mass","g",5,4,"19787.5175","3.01","DISAGREEMENT>2x","Jacobs2018(Jacobs,info)=26300.0 | Jacobs2018(Jacobs,info)=26300.0 | Burger2019(Burger,secondary)=22050.0 | Genoud2018(Genoud,secondary)=8750.0 | Wilman2014(Wilman,secondary)=22050.07"
"Macaca arctoides","Body_Mass","g",5,5,"7946","2.06","DISAGREEMENT>2x","Isler2008(Isler,secondary)=10300.0 | Burger2019(Burger,secondary)=7630.0 | Powell2017(Powell,secondary)=8400.0 | Wilman2014(Wilman,secondary)=5000.0 | NA(10.6084%2Fm9.figshare.c.3899422.v1_Dataset1.tsv,secondary)=8400.0"
"Macaca assamensis","Body_Mass","g",5,5,"7711","3.28","DISAGREEMENT>2x","Isler2008(Isler,secondary)=9100.0 | Burger2019(Burger,secondary)=3655.0 | Powell2017(Powell,secondary)=6900.0 | Wilman2014(Wilman,secondary)=12000.0 | NA(10.6084%2Fm9.figshare.c.3899422.v1_Dataset1.tsv,secondary)=6900.0"
"Macaca cyclopis","Body_Mass","g",5,5,"5364","1.21","","Isler2008(Isler,secondary)=5470.0 | Burger2019(Burger,secondary)=5470.0 | Powell2017(Powell,secondary)=4940.0 | Wilman2014(Wilman,secondary)=6000.0 | NA(10.6084%2Fm9.figshare.c.3899422.v1_Dataset1.tsv,secondary)=4940.0"
"Macaca leonina","Body_Mass","g",5,5,"5319.1753","1.22","","Isler2008(Isler,secondary)=5642.0 | Burger2019(Burger,secondary)=5641.583 | Powell2017(Powell,secondary)=4762.667 | Wilman2014(Wilman,secondary)=5786.96 | NA(10.6084%2Fm9.figshare.c.3899422.v1_Dataset1.tsv,secondary)=4762.667"
"Macaca mulatta","BMR_massspecific","mL O2/h/g",5,3,"0.393","1.86","","Isler2008(Isler,secondary)=0.36 | Genoud2018(Genoud,secondary)=0.348 | Genoud2018(Genoud,secondary)=0.586 | Genoud2018(Genoud,secondary)=0.579 | Lewitus2014(Lewitus,secondary)=0.315"
"Macaca mulatta","BMR_wholeanimal","mL O2/h",5,3,"2269.2222","1.16","","Isler2008(Isler,secondary)=2239.0 | Genoud2018(Genoud,secondary)=2165.0 | Genoud2018(Genoud,secondary)=2520.0 | Genoud2018(Genoud,secondary)=2304.0 | Lewitus2014(Lewitus,secondary)=2239.0"
"Macaca sinica","Body_Mass","g",5,5,"3226.4","2.25","DISAGREEMENT>2x","Isler2008(Isler,secondary)=4440.0 | Burger2019(Burger,secondary)=1970.0 | Powell2017(Powell,secondary)=3066.0 | Wilman2014(Wilman,secondary)=3590.0 | NA(10.6084%2Fm9.figshare.c.3899422.v1_Dataset1.tsv,secondary)=3066.0"
"Macaca tonkeana","Body_Mass","g",5,5,"9000","1.11","","Heldstab2016(Heldstab,primary)=9000.0 | Burger2019(Burger,secondary)=9000.0 | Powell2017(Powell,secondary)=8135.0 | Wilman2014(Wilman,secondary)=9000.0 | NA(10.6084%2Fm9.figshare.c.3899422.v1_Dataset1.tsv,secondary)=8135.0"
"Macroderma gigas","Body_Mass","g",5,4,"131.0075","1.4","","Burger2019(Burger,secondary)=120.0 | Genoud2018(Genoud,secondary)=148.0 | Genoud2018(Genoud,secondary)=107.2 | Veilleux2014(Veilleux,secondary)=150.0 | Wilman2014(Wilman,secondary)=126.43"
"Macropus fuliginosus","Body_Mass","g",5,5,"41000","1.86","","MedinaGonzález2026(MedinaGonzález,secondary)=35000.0 | Burger2019(Burger,secondary)=28850.0 | Seymour2015(Seymour,primary)=41000.0 | Lewitus2014(Lewitus,secondary)=29625.0 | Wilman2014(Wilman,secondary)=22000.0"
"Macropus robustus","Body_Mass","g",5,4,"29500","1.39","","Burger2019(Burger,secondary)=21200.0 | Genoud2018(Genoud,secondary)=29300.0 | Genoud2018(Genoud,secondary)=22716.0 | Seymour2015(Seymour,primary)=29500.0 | Wilman2014(Wilman,secondary)=21262.5"
"Manis tricuspis","Body_Mass","g",5,4,"1832.9175","2.24","DISAGREEMENT>2x","MedinaGonzález2026(MedinaGonzález,secondary)=1500.0 | Burger2019(Burger,secondary)=1790.0 | Genoud2018(Genoud,secondary)=2730.0 | Genoud2018(Genoud,secondary)=1220.0 | Wilman2014(Wilman,secondary)=2066.67"
"Mephitis mephitis","Body_Mass","g",5,5,"2880","2.86","DISAGREEMENT>2x","Burger2019(Burger,secondary)=1980.0 | Wimberly2021(Wimberly,secondary)=2386.0 | Ruf2015(Ruf,primary)=2880.0 | Genoud2018(Genoud,secondary)=5667.0 | Wilman2014(Wilman,secondary)=2085.02"
"Mesocricetus auratus","BMR_massspecific","mL O2/h/g",5,1,"1.2566","3.04","DISAGREEMENT>2x","Genoud2018(Genoud,secondary)=1.014 | Genoud2018(Genoud,secondary)=1.5 | Genoud2018(Genoud,secondary)=0.86 | Genoud2018(Genoud,secondary)=0.72 | Genoud2018(Genoud,secondary)=2.19"
"Mesocricetus auratus","BMR_wholeanimal","mL O2/h",5,1,"139.3","3.12","DISAGREEMENT>2x","Genoud2018(Genoud,secondary)=111.5 | Genoud2018(Genoud,secondary)=147.0 | Genoud2018(Genoud,secondary)=102.6 | Genoud2018(Genoud,secondary)=81.4 | Genoud2018(Genoud,secondary)=254.0"
"Microcebus murinus","BMR_massspecific","mL O2/h/g",5,3,"1.0165","1.78","","Isler2008(Isler,secondary)=0.784 | Genoud2018(Genoud,secondary)=0.91 | Genoud2018(Genoud,secondary)=1.398 | Genoud2018(Genoud,secondary)=0.979 | Lewitus2014(Lewitus,secondary)=1.17"
"Microcebus murinus","BMR_wholeanimal","mL O2/h",5,3,"71.9433","2.77","DISAGREEMENT>2x","Isler2008(Isler,secondary)=42.31 | Genoud2018(Genoud,secondary)=68.25 | Genoud2018(Genoud,secondary)=117.4 | Genoud2018(Genoud,secondary)=82.7 | Lewitus2014(Lewitus,secondary)=84.07"
"Microcebus rufus","Body_Mass","g",5,5,"42.8","1.01","","Isler2008(Isler,secondary)=43.0 | Burger2019(Burger,secondary)=42.5 | Powell2017(Powell,secondary)=43.0 | Wilman2014(Wilman,secondary)=42.5 | NA(10.6084%2Fm9.figshare.c.3899422.v1_Dataset1.tsv,secondary)=43.0"
"Microdipodops pallidus","Body_Mass","g",5,4,"12","1.27","","Burger2019(Burger,secondary)=12.9 | Ruf2015(Ruf,primary)=12.0 | Genoud2018(Genoud,secondary)=15.2 | Genoud2018(Genoud,secondary)=12.0 | Wilman2014(Wilman,secondary)=12.5"
"Micromys minutus","Body_Mass","g",5,4,"6.86","1.45","","Burger2019(Burger,secondary)=6.4 | Wimberly2021(Wimberly,secondary)=6.99 | Genoud2018(Genoud,secondary)=8.7 | Genoud2018(Genoud,secondary)=7.4 | Wilman2014(Wilman,secondary)=6.0"
"Microtus longicaudus","Body_Mass","g",5,3,"42.3144","1.76","","Burger2019(Burger,secondary)=47.4 | Genoud2018(Genoud,secondary)=26.9 | Genoud2018(Genoud,secondary)=41.4 | Genoud2018(Genoud,secondary)=30.2 | Wilman2014(Wilman,secondary)=46.71"
"Microtus pennsylvanicus","Body_Mass","g",5,3,"35.0489","1.48","","Burger2019(Burger,secondary)=30.13 | Genoud2018(Genoud,secondary)=31.2 | Genoud2018(Genoud,secondary)=38.9 | Genoud2018(Genoud,secondary)=44.7 | Wilman2014(Wilman,secondary)=36.75"
"Miniopterus schreibersii","Body_Mass","g",5,4,"15","1.37","","Burger2019(Burger,secondary)=11.78 | Ruf2015(Ruf,primary)=15.0 | Genoud2018(Genoud,secondary)=11.1 | Genoud2018(Genoud,secondary)=10.91 | Wilman2014(Wilman,secondary)=11.46"
"Miopithecus ogouensis","Body_Mass","g",5,5,"1574","1.4","","Isler2008(Isler,secondary)=1750.0 | Burger2019(Burger,secondary)=1750.0 | Powell2017(Powell,secondary)=1560.0 | Wilman2014(Wilman,secondary)=1250.0 | NA(10.6084%2Fm9.figshare.c.3899422.v1_Dataset1.tsv,secondary)=1560.0"
"Muscardinus avellanarius","Body_Mass","g",5,4,"23.5","1.52","","Wimberly2021(Wimberly,secondary)=29.19 | Ruf2015(Ruf,primary)=23.5 | Genoud2018(Genoud,secondary)=19.2 | Genoud2018(Genoud,secondary)=20.6 | Wilman2014(Wilman,secondary)=27.5"
"Mustela erminea","Body_Mass","g",5,3,"161.5478","2.14","DISAGREEMENT>2x","Burger2019(Burger,secondary)=156.43 | Genoud2018(Genoud,secondary)=210.0 | Genoud2018(Genoud,secondary)=161.5 | Genoud2018(Genoud,secondary)=255.0 | Wilman2014(Wilman,secondary)=119.38"
"Mustela vison","Body_Mass","g",5,3,"915.4444","2.25","DISAGREEMENT>2x","Burger2019(Burger,secondary)=645.0 | Genoud2018(Genoud,secondary)=704.0 | Genoud2018(Genoud,secondary)=700.0 | Genoud2018(Genoud,secondary)=1450.0 | Wilman2014(Wilman,secondary)=1150.0"
"Myotis lucifugus","BMR_massspecific","mL O2/h/g",5,1,"2.0645","1.89","","Genoud2018(Genoud,secondary)=2.89 | Genoud2018(Genoud,secondary)=1.8 | Genoud2018(Genoud,secondary)=1.7 | Genoud2018(Genoud,secondary)=1.53 | Genoud2018(Genoud,secondary)=2.403"
"Myotis lucifugus","BMR_wholeanimal","mL O2/h",5,1,"13.894","2.17","DISAGREEMENT>2x","Genoud2018(Genoud,secondary)=19.94 | Genoud2018(Genoud,secondary)=10.8 | Genoud2018(Genoud,secondary)=11.05 | Genoud2018(Genoud,secondary)=9.18 | Genoud2018(Genoud,secondary)=18.5"
"Myoxus glis","Body_Mass","g",5,4,"200","1.57","","Burger2019(Burger,secondary)=148.0 | Ruf2015(Ruf,primary)=200.0 | Genoud2018(Genoud,secondary)=127.0 | Genoud2018(Genoud,secondary)=151.3 | Wilman2014(Wilman,secondary)=128.09"
"Myrmecobius fasciatus","BMR_massspecific","mL O2/h/g",5,1,"0.373","1.09","","Genoud2018(Genoud,secondary)=0.356 | Genoud2018(Genoud,secondary)=0.389 | Genoud2018(Genoud,secondary)=0.37 | Genoud2018(Genoud,secondary)=0.38 | Genoud2018(Genoud,secondary)=0.37"
"Myrmecobius fasciatus","BMR_wholeanimal","mL O2/h",5,1,"185.68","1.51","","Genoud2018(Genoud,secondary)=142.4 | Genoud2018(Genoud,secondary)=214.7 | Genoud2018(Genoud,secondary)=180.6 | Genoud2018(Genoud,secondary)=212.4 | Genoud2018(Genoud,secondary)=178.3"
"Myrmecophaga tridactyla","Body_Mass","g",5,5,"26880.996","1.74","","MedinaGonzález2026(MedinaGonzález,secondary)=33000.0 | Burger2019(Burger,secondary)=18940.0 | Wimberly2021(Wimberly,secondary)=29531.83 | Genoud2018(Genoud,secondary)=30600.0 | Wilman2014(Wilman,secondary)=22333.15"
"Nasua narica","Body_Mass","g",5,3,"4698.35","1.72","","Burger2019(Burger,secondary)=6250.0 | Genoud2018(Genoud,secondary)=4150.0 | Genoud2018(Genoud,secondary)=3665.0 | Genoud2018(Genoud,secondary)=3630.0 | Wilman2014(Wilman,secondary)=4030.05"
"Neotoma cinerea","BMR_massspecific","mL O2/h/g",5,1,"0.7344","1.27","","Genoud2018(Genoud,secondary)=0.781 | Genoud2018(Genoud,secondary)=0.7 | Genoud2018(Genoud,secondary)=0.8 | Genoud2018(Genoud,secondary)=0.63 | Genoud2018(Genoud,secondary)=0.762"
"Neotoma cinerea","BMR_wholeanimal","mL O2/h",5,1,"171.42","2.08","DISAGREEMENT>2x","Genoud2018(Genoud,secondary)=250.5 | Genoud2018(Genoud,secondary)=187.4 | Genoud2018(Genoud,secondary)=134.4 | Genoud2018(Genoud,secondary)=164.4 | Genoud2018(Genoud,secondary)=120.4"
"Nesogale dobsoni","Body_Mass","g",5,5,"38.8","1.38","","Burger2019(Burger,secondary)=32.6 | Ruf2015(Ruf,primary)=45.0 | Genoud2018(Genoud,secondary)=44.6 | Stephan1981(Stephan_collection,primary)=32.6 | Wilman2014(Wilman,secondary)=38.0"
"Ningaui yvonnae","Body_Mass","g",5,4,"11","1.78","","Burger2019(Burger,secondary)=8.0 | Ruf2015(Ruf,primary)=11.0 | Genoud2018(Genoud,secondary)=11.6 | Genoud2018(Genoud,secondary)=6.5 | Wilman2014(Wilman,secondary)=7.0"
"Nomascus gabriellae","Body_Mass","g",5,5,"7091.472","1.08","","Isler2008(Isler,secondary)=7365.0 | Burger2019(Burger,secondary)=7365.0 | Powell2017(Powell,secondary)=6938.6 | Wilman2014(Wilman,secondary)=6850.16 | NA(10.6084%2Fm9.figshare.c.3899422.v1_Dataset1.tsv,secondary)=6938.6"
"Nycticebus bengalensis","Body_Mass","g",5,5,"1150.697","1.18","","Isler2008(Isler,secondary)=1060.0 | Burger2019(Burger,secondary)=1060.0 | Powell2017(Powell,secondary)=1248.062 | Wilman2014(Wilman,secondary)=1137.36 | NA(10.6084%2Fm9.figshare.c.3899422.v1_Dataset1.tsv,secondary)=1248.062"
"Nyctimene albiventer","Body_Mass","g",5,4,"28","1.1","","Burger2019(Burger,secondary)=29.7 | Ruf2015(Ruf,primary)=28.0 | Genoud2018(Genoud,secondary)=28.2 | Genoud2018(Genoud,secondary)=30.9 | Wilman2014(Wilman,secondary)=29.88"
"Nyctophilus geoffroyi","Body_Mass","g",5,4,"7","1.14","","Burger2019(Burger,secondary)=7.2 | Ruf2015(Ruf,primary)=7.0 | Genoud2018(Genoud,secondary)=8.0 | Genoud2018(Genoud,secondary)=7.1 | Wilman2014(Wilman,secondary)=7.28"
"Ochotona curzoniae","Body_Mass","g",5,2,"127.8025","1.12","","Genoud2018(Genoud,secondary)=118.8 | Genoud2018(Genoud,secondary)=117.5 | Genoud2018(Genoud,secondary)=132.0 | Genoud2018(Genoud,secondary)=128.2 | Wilman2014(Wilman,secondary)=131.48"
"Ondatra zibethicus","BMR_massspecific","mL O2/h/g",5,1,"0.7698","1.37","","Genoud2018(Genoud,secondary)=0.82 | Genoud2018(Genoud,secondary)=0.81 | Genoud2018(Genoud,secondary)=0.88 | Genoud2018(Genoud,secondary)=0.64 | Genoud2018(Genoud,secondary)=0.699"
"Ondatra zibethicus","BMR_wholeanimal","mL O2/h",5,1,"651.94","1.23","","Genoud2018(Genoud,secondary)=690.4 | Genoud2018(Genoud,secondary)=703.9 | Genoud2018(Genoud,secondary)=571.0 | Genoud2018(Genoud,secondary)=642.9 | Genoud2018(Genoud,secondary)=651.5"
"Orcinus orca","Body_Mass","g",5,4,"3361187.5","2.1","DISAGREEMENT>2x","Manger2006(Manger,secondary)=2049000.0 | Burger2019(Burger,secondary)=3273000.0 | Genoud2018(Genoud,secondary)=3608000.0 | Genoud2018(Genoud,secondary)=4037500.0 | Wilman2014(Wilman,secondary)=4300000.0"
"Ovis canadensis","Body_Mass","g",5,3,"73235.4722","1.21","","Wimberly2021(Wimberly,secondary)=74644.87 | Genoud2018(Genoud,secondary)=65000.0 | Genoud2018(Genoud,secondary)=67750.0 | Genoud2018(Genoud,secondary)=78500.0 | Wilman2014(Wilman,secondary)=74644.88"
"Pedetes capensis","Body_Mass","g",5,3,"3000","1.37","","Weibel2004(Weibel,primary)=3000.0 | Weibel2004(Weibel,primary)=3000.0 | Genoud2018(Genoud,secondary)=2300.0 | Genoud2018(Genoud,secondary)=2800.0 | Wilman2014(Wilman,secondary)=3155.0"
"Perameles gunnii","Body_Mass","g",5,3,"818.4222","1.45","","Burger2019(Burger,secondary)=750.0 | Genoud2018(Genoud,secondary)=837.3 | Genoud2018(Genoud,secondary)=987.5 | Genoud2018(Genoud,secondary)=681.0 | Wilman2014(Wilman,secondary)=870.0"
"Perodicticus potto","BMR_massspecific","mL O2/h/g",5,4,"0.4237","1.89","","Isler2008(Isler,secondary)=0.339 | Boyer2018(Boyer,secondary)=0.639 | Genoud2018(Genoud,secondary)=0.375 | Genoud2018(Genoud,secondary)=0.37 | Lewitus2014(Lewitus,secondary)=0.345"
"Perodicticus potto","BMR_wholeanimal","mL O2/h",5,4,"402.8821","1.57","","Isler2008(Isler,secondary)=326.6 | Boyer2018(Boyer,secondary)=512.158 | Genoud2018(Genoud,secondary)=337.0 | Genoud2018(Genoud,secondary)=512.9 | Lewitus2014(Lewitus,secondary)=347.82"
"Peromyscus polionotus","Body_Mass","g",5,3,"13.49","1.34","","Burger2019(Burger,secondary)=13.32 | Genoud2018(Genoud,secondary)=12.0 | Genoud2018(Genoud,secondary)=16.1 | Genoud2018(Genoud,secondary)=14.5 | Wilman2014(Wilman,secondary)=12.95"
"Phaner pallescens","Body_Mass","g",5,5,"356.2","1.25","","Isler2008(Isler,secondary)=339.0 | Burger2019(Burger,secondary)=339.0 | Powell2017(Powell,secondary)=339.0 | Wilman2014(Wilman,secondary)=425.0 | NA(10.6084%2Fm9.figshare.c.3899422.v1_Dataset1.tsv,secondary)=339.0"
"Philander opossum","Body_Mass","g",5,4,"490.3275","3.02","DISAGREEMENT>2x","Burger2019(Burger,secondary)=450.0 | Wimberly2021(Wimberly,secondary)=425.81 | Genoud2018(Genoud,secondary)=751.0 | Genoud2018(Genoud,secondary)=249.0 | Wilman2014(Wilman,secondary)=585.5"
"Phyllotis xanthopygus","BMR_massspecific","mL O2/h/g",5,1,"1.4097","1.83","","Genoud2018(Genoud,secondary)=1.031 | Genoud2018(Genoud,secondary)=1.259 | Genoud2018(Genoud,secondary)=1.339 | Genoud2018(Genoud,secondary)=1.53 | Genoud2018(Genoud,secondary)=1.889"
"Phyllotis xanthopygus","BMR_wholeanimal","mL O2/h",5,1,"69.24","2.72","DISAGREEMENT>2x","Genoud2018(Genoud,secondary)=56.7 | Genoud2018(Genoud,secondary)=45.2 | Genoud2018(Genoud,secondary)=65.6 | Genoud2018(Genoud,secondary)=55.7 | Genoud2018(Genoud,secondary)=123.0"
"Pipistrellus pipistrellus","Body_Mass","g",5,3,"7.4","1.61","","Ruf2015(Ruf,primary)=7.4 | Genoud2018(Genoud,secondary)=6.0 | Genoud2018(Genoud,secondary)=6.6 | Genoud2018(Genoud,secondary)=4.6 | Wilman2014(Wilman,secondary)=5.69"
"Planigale gilesi","BMR_massspecific","mL O2/h/g",5,1,"1.3713","1.29","","Genoud2018(Genoud,secondary)=1.4 | Genoud2018(Genoud,secondary)=1.28 | Genoud2018(Genoud,secondary)=1.43 | Genoud2018(Genoud,secondary)=1.198 | Genoud2018(Genoud,secondary)=1.548"
"Planigale gilesi","BMR_wholeanimal","mL O2/h",5,1,"12.498","1.32","","Genoud2018(Genoud,secondary)=13.16 | Genoud2018(Genoud,secondary)=12.16 | Genoud2018(Genoud,secondary)=11.87 | Genoud2018(Genoud,secondary)=10.9 | Genoud2018(Genoud,secondary)=14.4"
"Planigale maculata","Body_Mass","g",5,4,"13","1.54","","Burger2019(Burger,secondary)=11.0 | Ruf2015(Ruf,primary)=13.0 | Genoud2018(Genoud,secondary)=8.5 | Genoud2018(Genoud,secondary)=13.1 | Wilman2014(Wilman,secondary)=11.0"
"Planigale tenuirostris","Body_Mass","g",5,4,"7","1.25","","Burger2019(Burger,secondary)=6.05 | Ruf2015(Ruf,primary)=7.0 | Genoud2018(Genoud,secondary)=7.1 | Genoud2018(Genoud,secondary)=5.7 | Wilman2014(Wilman,secondary)=6.05"
"Plecotus auritus","BMR_massspecific","mL O2/h/g",5,1,"1.1885","3.18","DISAGREEMENT>2x","Genoud2018(Genoud,secondary)=0.512 | Genoud2018(Genoud,secondary)=1.629 | Genoud2018(Genoud,secondary)=1.373 | Genoud2018(Genoud,secondary)=1.21 | Genoud2018(Genoud,secondary)=1.218"
"Plecotus auritus","BMR_wholeanimal","mL O2/h",5,1,"12.906","1.97","","Genoud2018(Genoud,secondary)=12.3 | Genoud2018(Genoud,secondary)=18.6 | Genoud2018(Genoud,secondary)=14.69 | Genoud2018(Genoud,secondary)=9.44 | Genoud2018(Genoud,secondary)=9.5"
"Presbytis comata","Body_Mass","g",5,5,"6612","1.07","","Isler2008(Isler,secondary)=6695.0 | Burger2019(Burger,secondary)=6695.0 | Powell2017(Powell,secondary)=6710.0 | Wilman2014(Wilman,secondary)=6250.0 | NA(10.6084%2Fm9.figshare.c.3899422.v1_Dataset1.tsv,secondary)=6710.0"
"Presbytis frontata","Body_Mass","g",5,5,"5724","1.08","","Isler2008(Isler,secondary)=5615.0 | Burger2019(Burger,secondary)=5615.0 | Powell2017(Powell,secondary)=5670.0 | Wilman2014(Wilman,secondary)=6050.0 | NA(10.6084%2Fm9.figshare.c.3899422.v1_Dataset1.tsv,secondary)=5670.0"
"Presbytis thomasi","Body_Mass","g",5,5,"6570.16","1.06","","Isler2008(Isler,secondary)=6730.0 | Burger2019(Burger,secondary)=6730.0 | Powell2017(Powell,secondary)=6350.4 | Wilman2014(Wilman,secondary)=6690.0 | NA(10.6084%2Fm9.figshare.c.3899422.v1_Dataset1.tsv,secondary)=6350.4"
"Procavia capensis","BMR_massspecific","mL O2/h/g",5,2,"0.5362","2.52","DISAGREEMENT>2x","Genoud2018(Genoud,secondary)=0.44 | Genoud2018(Genoud,secondary)=0.42 | Genoud2018(Genoud,secondary)=0.27 | Genoud2018(Genoud,secondary)=0.44 | Lewitus2014(Lewitus,secondary)=0.68"
"Procavia capensis","BMR_wholeanimal","mL O2/h",5,2,"1657.5","3.59","DISAGREEMENT>2x","Genoud2018(Genoud,secondary)=1157.0 | Genoud2018(Genoud,secondary)=945.0 | Genoud2018(Genoud,secondary)=648.0 | Genoud2018(Genoud,secondary)=1210.0 | Lewitus2014(Lewitus,secondary)=2325.0"
"Prolemur simus","Body_Mass","g",5,5,"2163.682","1.11","","Isler2008(Isler,secondary)=2150.0 | Burger2019(Burger,secondary)=2150.0 | Powell2017(Powell,secondary)=2244.0 | Wilman2014(Wilman,secondary)=2030.41 | NA(10.6084%2Fm9.figshare.c.3899422.v1_Dataset1.tsv,secondary)=2244.0"
"Propithecus deckenii","Body_Mass","g",5,5,"3378.2667","1.37","","Isler2008(Isler,secondary)=3532.0 | Burger2019(Burger,secondary)=3531.667 | Powell2017(Powell,secondary)=2913.833 | Wilman2014(Wilman,secondary)=4000.0 | NA(10.6084%2Fm9.figshare.c.3899422.v1_Dataset1.tsv,secondary)=2913.833"
"Propithecus diadema group","Body_Mass","g",5,1,"4580","2.96","DISAGREEMENT>2x","Isler2008(Isler,secondary)=6400.0 | Isler2008(Isler,secondary)=2300.0 | Isler2008(Isler,secondary)=4100.0 | Isler2008(Isler,secondary)=6800.0 | Isler2008(Isler,secondary)=3300.0"
"Propithecus edwardsi","Body_Mass","g",5,5,"5932.1207","1.16","","Isler2008(Isler,secondary)=5682.0 | Burger2019(Burger,secondary)=5682.0 | Powell2017(Powell,secondary)=5861.667 | Wilman2014(Wilman,secondary)=6573.27 | NA(10.6084%2Fm9.figshare.c.3899422.v1_Dataset1.tsv,secondary)=5861.667"
"Proteles cristata","Body_Mass","g",5,4,"9000","1.17","","Burger2019(Burger,secondary)=8820.0 | Ruf2015(Ruf,primary)=9000.0 | Genoud2018(Genoud,secondary)=7710.0 | Genoud2018(Genoud,secondary)=8100.0 | Wilman2014(Wilman,secondary)=8139.39"
"Pseudomys hermannsburgensis","Body_Mass","g",5,3,"12.3267","1.23","","Burger2019(Burger,secondary)=13.38 | Genoud2018(Genoud,secondary)=12.2 | Genoud2018(Genoud,secondary)=10.9 | Genoud2018(Genoud,secondary)=11.7 | Wilman2014(Wilman,secondary)=12.0"
"Pteropus giganteus","Body_Mass","g",5,5,"776.424","1.85","","Burger2019(Burger,secondary)=577.0 | Genoud2018(Genoud,secondary)=562.2 | Veilleux2014(Veilleux,secondary)=900.0 | Lewitus2014(Lewitus,secondary)=1038.75 | Wilman2014(Wilman,secondary)=804.17"
"Rangifer tarandus","Body_Mass","g",5,3,"76589.1044","1.76","","Burger2019(Burger,secondary)=71700.0 | Genoud2018(Genoud,secondary)=94100.0 | Genoud2018(Genoud,secondary)=53400.0 | Genoud2018(Genoud,secondary)=68600.0 | Wilman2014(Wilman,secondary)=86033.98"
"Rattus fuscipes","Body_Mass","g",5,3,"110.5778","1.76","","Burger2019(Burger,secondary)=122.0 | Genoud2018(Genoud,secondary)=77.1 | Genoud2018(Genoud,secondary)=75.7 | Genoud2018(Genoud,secondary)=77.4 | Wilman2014(Wilman,secondary)=133.0"
"Rhesus macaque","Body_Mass","g",5,1,"8470","2.34","DISAGREEMENT>2x","Burish2010(Burish,review)=9750.0 | Burish2010(Burish,review)=4700.0 | Burish2010(Burish,review)=9400.0 | Burish2010(Burish,review)=11000.0 | Burish2010(Burish,review)=7500.0"
"Rhynchocyon cirnei","Body_Mass","g",5,3,"490","1.04","","Burger2019(Burger,secondary)=507.5 | Stephan1981(Stephan_collection,primary)=490.0 | Wilman2014(Wilman,secondary)=490.0 | Stephan1970(Stephan_collection,primary)=490.0 | Stephan1970(Stephan_collection,primary)=490.0"
"Saccostomus campestris","Body_Mass","g",5,4,"71","1.58","","Burger2019(Burger,secondary)=49.35 | Ruf2015(Ruf,primary)=71.0 | Genoud2018(Genoud,secondary)=61.4 | Genoud2018(Genoud,secondary)=78.1 | Wilman2014(Wilman,secondary)=51.23"
"Saguinus leucopus","Body_Mass","g",5,5,"505.7667","1.19","","Isler2008(Isler,secondary)=525.0 | Burger2019(Burger,secondary)=524.5 | Powell2017(Powell,secondary)=519.667 | Wilman2014(Wilman,secondary)=440.0 | NA(10.6084%2Fm9.figshare.c.3899422.v1_Dataset1.tsv,secondary)=519.667"
"Saguinus niger","Body_Mass","g",5,5,"392.426","1.23","","Isler2008(Isler,secondary)=375.0 | Burger2019(Burger,secondary)=375.0 | Powell2017(Powell,secondary)=375.0 | Wilman2014(Wilman,secondary)=462.13 | NA(10.6084%2Fm9.figshare.c.3899422.v1_Dataset1.tsv,secondary)=375.0"
"Saguinus nigricollis","Body_Mass","g",5,5,"473.2","1.03","","Isler2008(Isler,secondary)=476.0 | Burger2019(Burger,secondary)=476.0 | Powell2017(Powell,secondary)=476.0 | Wilman2014(Wilman,secondary)=462.0 | NA(10.6084%2Fm9.figshare.c.3899422.v1_Dataset1.tsv,secondary)=476.0"
"Saimiri sciureus","BMR_massspecific","mL O2/h/g",5,4,"0.8599","1.56","","Isler2008(Isler,secondary)=0.696 | Boyer2018(Boyer,secondary)=0.744 | Genoud2018(Genoud,secondary)=0.827 | Genoud2018(Genoud,secondary)=1.0 | Lewitus2014(Lewitus,secondary)=1.086"
"Saimiri sciureus","BMR_wholeanimal","mL O2/h",5,4,"686.8669","1.6","","Isler2008(Isler,secondary)=592.0 | Boyer2018(Boyer,secondary)=594.208 | Genoud2018(Genoud,secondary)=694.9 | Genoud2018(Genoud,secondary)=950.0 | Lewitus2014(Lewitus,secondary)=738.81"
"Semnopithecus dussumieri","Body_Mass","g",5,5,"10468.1917","1.06","","Isler2008(Isler,secondary)=10664.0 | Burger2019(Burger,secondary)=10664.292 | Powell2017(Powell,secondary)=10130.333 | Wilman2014(Wilman,secondary)=10752.0 | NA(10.6084%2Fm9.figshare.c.3899422.v1_Dataset1.tsv,secondary)=10130.333"
"Semnopithecus priam","Body_Mass","g",5,5,"8205.9143","1.63","","Isler2008(Isler,secondary)=8562.0 | Burger2019(Burger,secondary)=8561.571 | Powell2017(Powell,secondary)=6577.0 | Wilman2014(Wilman,secondary)=10752.0 | NA(10.6084%2Fm9.figshare.c.3899422.v1_Dataset1.tsv,secondary)=6577.0"
"Semnopithecus schistaceus","Body_Mass","g",5,5,"14870.4","1.58","","Isler2008(Isler,secondary)=17000.0 | Burger2019(Burger,secondary)=17000.0 | Powell2017(Powell,secondary)=14800.0 | Wilman2014(Wilman,secondary)=10752.0 | NA(10.6084%2Fm9.figshare.c.3899422.v1_Dataset1.tsv,secondary)=14800.0"
"Simias concolor","Body_Mass","g",5,5,"7153.78","1.17","","Isler2008(Isler,secondary)=7975.0 | Burger2019(Burger,secondary)=6800.0 | Powell2017(Powell,secondary)=6800.0 | Wilman2014(Wilman,secondary)=7393.9 | NA(10.6084%2Fm9.figshare.c.3899422.v1_Dataset1.tsv,secondary)=6800.0"
"Solenodon paradoxus","Body_Mass","g",5,3,"900","1","","Burger2019(Burger,secondary)=900.0 | Stephan1981(Stephan_collection,primary)=900.0 | Wilman2014(Wilman,secondary)=900.0 | Stephan1970(Stephan_collection,primary)=900.0 | Stephan1970(Stephan_collection,primary)=900.0"
"Spermophilus armatus","Body_Mass","g",5,4,"500","1.63","","Burger2019(Burger,secondary)=371.1 | Ruf2015(Ruf,primary)=500.0 | Genoud2018(Genoud,secondary)=306.2 | Genoud2018(Genoud,secondary)=307.0 | Wilman2014(Wilman,secondary)=313.0"
"Spermophilus beldingi","Body_Mass","g",5,4,"400","1.62","","Burger2019(Burger,secondary)=246.9 | Ruf2015(Ruf,primary)=400.0 | Genoud2018(Genoud,secondary)=283.3 | Genoud2018(Genoud,secondary)=289.8 | Wilman2014(Wilman,secondary)=280.5"
"Spermophilus lateralis","BMR_massspecific","mL O2/h/g",5,1,"0.9434","2.91","DISAGREEMENT>2x","Genoud2018(Genoud,secondary)=0.498 | Genoud2018(Genoud,secondary)=0.72 | Genoud2018(Genoud,secondary)=1.45 | Genoud2018(Genoud,secondary)=1.42 | Genoud2018(Genoud,secondary)=0.629"
"Spermophilus lateralis","BMR_wholeanimal","mL O2/h",5,1,"188.68","1.87","","Genoud2018(Genoud,secondary)=129.5 | Genoud2018(Genoud,secondary)=200.7 | Genoud2018(Genoud,secondary)=227.1 | Genoud2018(Genoud,secondary)=242.1 | Genoud2018(Genoud,secondary)=144.0"
"Spermophilus richardsonii","Body_Mass","g",5,4,"400","1.61","","Burger2019(Burger,secondary)=331.5 | Ruf2015(Ruf,primary)=400.0 | Genoud2018(Genoud,secondary)=258.8 | Genoud2018(Genoud,secondary)=252.3 | Wilman2014(Wilman,secondary)=406.0"
"Spermophilus spilosoma","Body_Mass","g",5,3,"130.9222","2.07","DISAGREEMENT>2x","Burger2019(Burger,secondary)=132.7 | Genoud2018(Genoud,secondary)=148.8 | Genoud2018(Genoud,secondary)=180.3 | Genoud2018(Genoud,secondary)=184.1 | Wilman2014(Wilman,secondary)=89.0"
"Spermophilus tereticaudus","BMR_massspecific","mL O2/h/g",5,1,"0.7266","2.02","DISAGREEMENT>2x","Genoud2018(Genoud,secondary)=1.13 | Genoud2018(Genoud,secondary)=0.56 | Genoud2018(Genoud,secondary)=0.64 | Genoud2018(Genoud,secondary)=0.66 | Genoud2018(Genoud,secondary)=0.643"
"Spermophilus tereticaudus","BMR_wholeanimal","mL O2/h",5,1,"115.91","4.45","DISAGREEMENT>2x","Genoud2018(Genoud,secondary)=266.7 | Genoud2018(Genoud,secondary)=93.6 | Genoud2018(Genoud,secondary)=74.82 | Genoud2018(Genoud,secondary)=59.93 | Genoud2018(Genoud,secondary)=84.5"
"Sus scrofa domestica","Body_Mass","g",5,1,"137000","1","","MedinaGonzález2026(MedinaGonzález,secondary)=137000.0 | MedinaGonzález2026(MedinaGonzález,secondary)=137000.0 | MedinaGonzález2026(MedinaGonzález,secondary)=137000.0 | MedinaGonzález2026(MedinaGonzález,secondary)=137000.0 | MedinaGonzález2026(MedinaGonzález,secondary)=137000.0"
"Syconycteris australis","BMR_massspecific","mL O2/h/g",5,1,"1.504","1.86","","Genoud2018(Genoud,secondary)=1.93 | Genoud2018(Genoud,secondary)=1.44 | Genoud2018(Genoud,secondary)=1.04 | Genoud2018(Genoud,secondary)=1.73 | Genoud2018(Genoud,secondary)=1.38"
"Syconycteris australis","BMR_wholeanimal","mL O2/h",5,1,"25.534","1.99","","Genoud2018(Genoud,secondary)=33.78 | Genoud2018(Genoud,secondary)=25.63 | Genoud2018(Genoud,secondary)=16.95 | Genoud2018(Genoud,secondary)=26.47 | Genoud2018(Genoud,secondary)=24.84"
"Tamias striatus","BMR_massspecific","mL O2/h/g",5,1,"1.1649","1.25","","Genoud2018(Genoud,secondary)=1.25 | Genoud2018(Genoud,secondary)=1.03 | Genoud2018(Genoud,secondary)=1.13 | Genoud2018(Genoud,secondary)=1.131 | Genoud2018(Genoud,secondary)=1.283"
"Tamias striatus","BMR_wholeanimal","mL O2/h",5,1,"113.28","1.49","","Genoud2018(Genoud,secondary)=133.8 | Genoud2018(Genoud,secondary)=90.0 | Genoud2018(Genoud,secondary)=113.0 | Genoud2018(Genoud,secondary)=113.1 | Genoud2018(Genoud,secondary)=116.5"
"Thomomys bottae","Body_Mass","g",5,3,"143.3444","1.83","","Burger2019(Burger,secondary)=162.95 | Genoud2018(Genoud,secondary)=143.0 | Genoud2018(Genoud,secondary)=203.0 | Genoud2018(Genoud,secondary)=111.0 | Wilman2014(Wilman,secondary)=114.75"
"Thomomys talpoides","Body_Mass","g",5,3,"111.8433","1.57","","Burger2019(Burger,secondary)=105.65 | Genoud2018(Genoud,secondary)=106.0 | Genoud2018(Genoud,secondary)=110.8 | Genoud2018(Genoud,secondary)=82.6 | Wilman2014(Wilman,secondary)=130.08"
"Trachypithecus cristatus","Body_Mass","g",5,5,"6584.67","1.38","","Isler2008(Isler,secondary)=6394.0 | Burger2019(Burger,secondary)=6060.0 | Powell2017(Powell,secondary)=6059.675 | Wilman2014(Wilman,secondary)=8350.0 | NA(10.6084%2Fm9.figshare.c.3899422.v1_Dataset1.tsv,secondary)=6059.675"
"Trachypithecus francoisi","Body_Mass","g",5,4,"8002.75","1.24","","Bauernfeind2013(Zilles,secondary)=7700.0 | Burger2019(Burger,secondary)=9100.0 | Granatosky2018(Granatosky,secondary)=7886.0 | Granatosky2018(Granatosky,secondary)=7886.0 | Wilman2014(Wilman,secondary)=7325.0"
"Trachypithecus geei","Body_Mass","g",5,5,"9400","1.22","","Isler2008(Isler,secondary)=10150.0 | Burger2019(Burger,secondary)=9500.0 | Powell2017(Powell,secondary)=9500.0 | Wilman2014(Wilman,secondary)=8350.0 | NA(10.6084%2Fm9.figshare.c.3899422.v1_Dataset1.tsv,secondary)=9500.0"
"Trachypithecus johnii","Body_Mass","g",5,5,"11504.2","1.06","","Isler2008(Isler,secondary)=11600.0 | Burger2019(Burger,secondary)=11600.0 | Powell2017(Powell,secondary)=11200.0 | Wilman2014(Wilman,secondary)=11921.0 | NA(10.6084%2Fm9.figshare.c.3899422.v1_Dataset1.tsv,secondary)=11200.0"
"Trachypithecus pileatus","Body_Mass","g",5,5,"10951.5","1.2","","Isler2008(Isler,secondary)=11794.0 | Burger2019(Burger,secondary)=11793.5 | Powell2017(Powell,secondary)=9860.0 | Wilman2014(Wilman,secondary)=11450.0 | NA(10.6084%2Fm9.figshare.c.3899422.v1_Dataset1.tsv,secondary)=9860.0"
"Trachypithecus vetulus group","Body_Mass","g",5,1,"6940","1.95","","Isler2008(Isler,secondary)=9752.0 | Isler2008(Isler,secondary)=9072.0 | Isler2008(Isler,secondary)=5216.0 | Isler2008(Isler,secondary)=4990.0 | Isler2008(Isler,secondary)=5670.0"
"Trichechus manatus","Body_Mass","g",5,4,"591295.75","2.42","DISAGREEMENT>2x","Burger2019(Burger,secondary)=756000.0 | Genoud2018(Genoud,secondary)=330000.0 | Genoud2018(Genoud,secondary)=427700.0 | Lewitus2014(Lewitus,secondary)=797000.0 | Wilman2014(Wilman,secondary)=433333.0"
"Vombatus ursinus","Body_Mass","g",5,5,"26000","1.04","","MedinaGonzález2026(MedinaGonzález,secondary)=25000.0 | Burger2019(Burger,secondary)=26000.0 | Wimberly2021(Wimberly,secondary)=26000.0 | Seymour2015(Seymour,primary)=26000.0 | Wilman2014(Wilman,secondary)=26000.0"
"Vulpes vulpes","BMR_massspecific","mL O2/h/g",5,2,"0.4754","1.25","","Genoud2018(Genoud,secondary)=0.55 | Genoud2018(Genoud,secondary)=0.464 | Genoud2018(Genoud,secondary)=0.491 | Genoud2018(Genoud,secondary)=0.441 | Lewitus2014(Lewitus,secondary)=0.465"
"Vulpes vulpes","BMR_wholeanimal","mL O2/h",5,2,"1923.0875","2.82","DISAGREEMENT>2x","Genoud2018(Genoud,secondary)=2442.0 | Genoud2018(Genoud,secondary)=1964.0 | Genoud2018(Genoud,secondary)=1501.0 | Genoud2018(Genoud,secondary)=866.5 | Lewitus2014(Lewitus,secondary)=2152.8"
"Zaglossus bruijni","Body_Mass","g",5,4,"9637.1775","1.82","","Burger2019(Burger,secondary)=7500.0 | Wimberly2021(Wimberly,secondary)=8951.71 | Genoud2018(Genoud,secondary)=13615.0 | Genoud2018(Genoud,secondary)=10300.0 | Wilman2014(Wilman,secondary)=10139.5"
"Abrothrix olivaceus","Body_Mass","g",4,2,"27.5267","1.61","","Genoud2018(Genoud,secondary)=27.0 | Genoud2018(Genoud,secondary)=25.2 | Genoud2018(Genoud,secondary)=39.4 | Wilman2014(Wilman,secondary)=24.52"
"Ailuropoda melanoleuca","Body_Mass","g",4,4,"109724.9975","1.43","","MedinaGonzález2026(MedinaGonzález,secondary)=125000.0 | Burger2019(Burger,secondary)=87500.0 | Wimberly2021(Wimberly,secondary)=117999.99 | Wilman2014(Wilman,secondary)=108400.0"
"Ailurus fulgens","Body_Mass","g",4,4,"5350.02","1.17","","Burger2019(Burger,secondary)=5590.0 | Wimberly2021(Wimberly,secondary)=5170.08 | Genoud2018(Genoud,secondary)=5740.0 | Wilman2014(Wilman,secondary)=4900.0"
"Alcelaphus buselaphus","Body_Mass","g",4,4,"136172.3475","1.74","","Burger2019(Burger,secondary)=114750.0 | Wimberly2021(Wimberly,secondary)=160937.86 | Genoud2018(Genoud,secondary)=98000.0 | Wilman2014(Wilman,secondary)=171001.53"
"Alouatta palliata group","Body_Mass","g",4,1,"6256.1","2.65","DISAGREEMENT>2x","Isler2008(Isler,secondary)=6600.0 | Isler2008(Isler,secondary)=3000.0 | Isler2008(Isler,secondary)=7940.0 | Isler2008(Isler,secondary)=7484.4"
"Amblysomus hottentotus","BMR_massspecific","mL O2/h/g",4,1,"1.2268","1.22","","Genoud2018(Genoud,secondary)=1.209 | Genoud2018(Genoud,secondary)=1.37 | Genoud2018(Genoud,secondary)=1.122 | Genoud2018(Genoud,secondary)=1.205"
"Amblysomus hottentotus","BMR_wholeanimal","mL O2/h",4,1,"84.5575","1.3","","Genoud2018(Genoud,secondary)=84.66 | Genoud2018(Genoud,secondary)=95.63 | Genoud2018(Genoud,secondary)=73.5 | Genoud2018(Genoud,secondary)=84.44"
"Anoura caudifer","Body_Mass","g",4,3,"10.9033","1.1","","Burger2019(Burger,secondary)=10.5 | Genoud2018(Genoud,secondary)=11.5 | Genoud2018(Genoud,secondary)=11.3 | Wilman2014(Wilman,secondary)=10.81"
"Aotus nancymaae","Body_Mass","g",4,4,"788.26","1.01","","Powell2017(Powell,secondary)=787.0 | Wimberly2021(Wimberly,secondary)=791.03 | Wilman2014(Wilman,secondary)=788.01 | NA(10.6084%2Fm9.figshare.c.3899422.v1_Dataset1.tsv,secondary)=787.0"
"Aotus nigriceps","Body_Mass","g",4,4,"983.5025","1.11","","Isler2008(Isler,secondary)=958.0 | Powell2017(Powell,secondary)=958.0 | Wilman2014(Wilman,secondary)=1060.01 | NA(10.6084%2Fm9.figshare.c.3899422.v1_Dataset1.tsv,secondary)=958.0"
"Aotus vociferans","Body_Mass","g",4,4,"745.4975","1.24","","Isler2008(Isler,secondary)=703.0 | Powell2017(Powell,secondary)=703.0 | Wilman2014(Wilman,secondary)=872.99 | NA(10.6084%2Fm9.figshare.c.3899422.v1_Dataset1.tsv,secondary)=703.0"
"Apodemus mystacinus","Body_Mass","g",4,2,"41.3","1.47","","Genoud2018(Genoud,secondary)=40.4 | Genoud2018(Genoud,secondary)=31.1 | Genoud2018(Genoud,secondary)=39.5 | Wilman2014(Wilman,secondary)=45.6"
"Arctictis binturong","Body_Mass","g",4,4,"12156.2475","1.45","","Burger2019(Burger,secondary)=11470.0 | Wimberly2021(Wimberly,secondary)=12999.99 | Genoud2018(Genoud,secondary)=14280.0 | Wilman2014(Wilman,secondary)=9875.0"
"Artibeus cinereus","Body_Mass","g",4,4,"26.3825","6.67","DISAGREEMENT>2x","Burger2019(Burger,secondary)=12.4 | Genoud2018(Genoud,secondary)=10.5 | Veilleux2014(Veilleux,secondary)=70.0 | Wilman2014(Wilman,secondary)=12.63"
"Atelerix albiventris","Body_Mass","g",4,4,"410","2.14","DISAGREEMENT>2x","Nudo1995(Nudo,primary)=410.0 | Burger2019(Burger,secondary)=280.0 | Genoud2018(Genoud,secondary)=450.0 | Wilman2014(Wilman,secondary)=600.0"
"Bassariscus astutus","Body_Mass","g",4,3,"992.4533","1.31","","Burger2019(Burger,secondary)=985.0 | Genoud2018(Genoud,secondary)=865.0 | Genoud2018(Genoud,secondary)=860.7 | Wilman2014(Wilman,secondary)=1129.51"
"Bassariscus sumichrasti","Body_Mass","g",4,3,"1635.5467","3.02","DISAGREEMENT>2x","Burger2019(Burger,secondary)=2722.0 | Genoud2018(Genoud,secondary)=1282.0 | Genoud2018(Genoud,secondary)=1287.3 | Wilman2014(Wilman,secondary)=899.99"
"Bathyergus suillus","Body_Mass","g",4,4,"854.955","1.88","","Kverkova2018(Kverkova,secondary)=907.82 | Burger2019(Burger,secondary)=1175.0 | Genoud2018(Genoud,secondary)=712.0 | Wilman2014(Wilman,secondary)=625.0"
"Bettongia gaimardi","BMR_massspecific","mL O2/h/g",4,1,"0.4041","1.98","","Genoud2018(Genoud,secondary)=0.233 | Genoud2018(Genoud,secondary)=0.463 | Genoud2018(Genoud,secondary)=0.46 | Genoud2018(Genoud,secondary)=0.46"
"Bettongia gaimardi","BMR_wholeanimal","mL O2/h",4,1,"689","2.5","DISAGREEMENT>2x","Genoud2018(Genoud,secondary)=380.4 | Genoud2018(Genoud,secondary)=641.4 | Genoud2018(Genoud,secondary)=782.0 | Genoud2018(Genoud,secondary)=952.2"
"Bison bison","Body_Mass","g",4,4,"696333.0875","2.67","DISAGREEMENT>2x","MedinaGonzález2026(MedinaGonzález,secondary)=1150000.0 | Burger2019(Burger,secondary)=431500.0 | Wimberly2021(Wimberly,secondary)=624577.07 | Wilman2014(Wilman,secondary)=579255.28"
"Bonnet macaque","Body_Mass","g",4,1,"8012.5","1.89","","Burish2010(Burish,review)=10200.0 | Burish2010(Burish,review)=5400.0 | Burish2010(Burish,review)=8850.0 | Burish2010(Burish,review)=7600.0"
"Brachyteles arachnoides","Body_Mass","g",4,4,"9619.97","1.67","","Burger2019(Burger,secondary)=8840.0 | Powell2017(Powell,secondary)=8070.0 | Wilman2014(Wilman,secondary)=13499.88 | NA(10.6084%2Fm9.figshare.c.3899422.v1_Dataset1.tsv,secondary)=8070.0"
"Burramys parvus","Body_Mass","g",4,4,"63","1.52","","Burger2019(Burger,secondary)=41.5 | Ruf2015(Ruf,primary)=63.0 | Genoud2018(Genoud,secondary)=44.3 | Wilman2014(Wilman,secondary)=41.5"
"Caluromys philander","Body_Mass","g",4,4,"208.555","1.45","","Burger2019(Burger,secondary)=188.5 | Wimberly2021(Wimberly,secondary)=246.47 | Genoud2018(Genoud,secondary)=170.0 | Wilman2014(Wilman,secondary)=229.25"
"Capra hircus","BMR_massspecific","mL O2/h/g",4,1,"0.2257","1.44","","Genoud2018(Genoud,secondary)=0.193 | Genoud2018(Genoud,secondary)=0.278 | Genoud2018(Genoud,secondary)=0.224 | Genoud2018(Genoud,secondary)=0.208"
"Capra hircus","BMR_wholeanimal","mL O2/h",4,1,"6599.75","2.48","DISAGREEMENT>2x","Genoud2018(Genoud,secondary)=6944.0 | Genoud2018(Genoud,secondary)=9049.0 | Genoud2018(Genoud,secondary)=3646.0 | Genoud2018(Genoud,secondary)=6760.0"
"Carollia perspicillata","BMR_massspecific","mL O2/h/g",4,1,"2.0029","1.11","","Genoud2018(Genoud,secondary)=2.107 | Genoud2018(Genoud,secondary)=1.9 | Genoud2018(Genoud,secondary)=2.094 | Genoud2018(Genoud,secondary)=1.91"
"Carollia perspicillata","BMR_wholeanimal","mL O2/h",4,1,"31.91","1.28","","Genoud2018(Genoud,secondary)=31.4 | Genoud2018(Genoud,secondary)=37.34 | Genoud2018(Genoud,secondary)=29.1 | Genoud2018(Genoud,secondary)=29.8"
"Ceratotherium simum","Body_Mass","g",4,4,"2658981.435","2.86","DISAGREEMENT>2x","MedinaGonzález2026(MedinaGonzález,secondary)=4e+06 | Burger2019(Burger,secondary)=1400000.0 | Wimberly2021(Wimberly,secondary)=2285939.43 | Wilman2014(Wilman,secondary)=2949986.31"
"Cercartetus lepidus","Body_Mass","g",4,4,"12","1.8","","Burger2019(Burger,secondary)=7.0 | Ruf2015(Ruf,primary)=12.0 | Genoud2018(Genoud,secondary)=12.6 | Wilman2014(Wilman,secondary)=7.0"
"Cercocebus agilis","Body_Mass","g",4,4,"6485","1.7","","Isler2008(Isler,secondary)=7580.0 | Bauernfeind2013(Zilles,secondary)=5660.0 | Burger2019(Burger,secondary)=4700.0 | Wilman2014(Wilman,secondary)=8000.0"
"Cercopithecus campbelli lowei","Body_Mass","g",4,3,"2598","1.72","","Powell2017(Powell,secondary)=2097.0 | Granatosky2018(Granatosky,secondary)=3600.0 | Granatosky2018(Granatosky,secondary)=3600.0 | NA(10.6084%2Fm9.figshare.c.3899422.v1_Dataset1.tsv,secondary)=2097.0"
"Cercopithecus hamlyni","Body_Mass","g",4,4,"2097","3.28","DISAGREEMENT>2x","Isler2008(Isler,secondary)=4425.0 | Heldstab2016(Heldstab,primary)=2097.0 | Burger2019(Burger,secondary)=4425.0 | Wilman2014(Wilman,secondary)=6875.0"
"Cercopithecus neglectus group","Body_Mass","g",4,1,"6252.75","2.01","DISAGREEMENT>2x","Isler2008(Isler,secondary)=4816.0 | Isler2008(Isler,secondary)=4100.0 | Isler2008(Isler,secondary)=7850.0 | Isler2008(Isler,secondary)=8245.0"
"Chaetodipus fallax","BMR_massspecific","mL O2/h/g",4,1,"1.3334","1.2","","Genoud2018(Genoud,secondary)=1.37 | Genoud2018(Genoud,secondary)=1.449 | Genoud2018(Genoud,secondary)=1.307 | Genoud2018(Genoud,secondary)=1.208"
"Chaetodipus fallax","BMR_wholeanimal","mL O2/h",4,1,"25.9625","1.16","","Genoud2018(Genoud,secondary)=26.85 | Genoud2018(Genoud,secondary)=25.5 | Genoud2018(Genoud,secondary)=27.7 | Genoud2018(Genoud,secondary)=23.8"
"Chaetodipus hispidus","Body_Mass","g",4,3,"34.95","1.23","","Burger2019(Burger,secondary)=37.1 | Genoud2018(Genoud,secondary)=39.5 | Genoud2018(Genoud,secondary)=32.0 | Wilman2014(Wilman,secondary)=32.0"
"Chalinolobus gouldii","Body_Mass","g",4,4,"18","1.54","","Burger2019(Burger,secondary)=11.7 | Ruf2015(Ruf,primary)=18.0 | Genoud2018(Genoud,secondary)=17.5 | Wilman2014(Wilman,secondary)=14.47"
"Chinchilla lanigera","BMR_massspecific","mL O2/h/g",4,1,"0.5885","1.48","","Genoud2018(Genoud,secondary)=0.694 | Genoud2018(Genoud,secondary)=0.47 | Genoud2018(Genoud,secondary)=0.66 | Genoud2018(Genoud,secondary)=0.53"
"Chinchilla lanigera","BMR_wholeanimal","mL O2/h",4,1,"243.525","1.24","","Genoud2018(Genoud,secondary)=279.3 | Genoud2018(Genoud,secondary)=232.2 | Genoud2018(Genoud,secondary)=236.8 | Genoud2018(Genoud,secondary)=225.8"
"Chironectes minimus","Body_Mass","g",4,3,"881.4833","1.24","","Burger2019(Burger,secondary)=764.0 | Genoud2018(Genoud,secondary)=946.0 | Genoud2018(Genoud,secondary)=922.9 | Wilman2014(Wilman,secondary)=946.0"
"Choloepus hoffmanni","Body_Mass","g",4,3,"4602.67","1.34","","Burger2019(Burger,secondary)=5048.0 | Genoud2018(Genoud,secondary)=3770.0 | Genoud2018(Genoud,secondary)=4250.0 | Wilman2014(Wilman,secondary)=4750.01"
"Columba livia","Body_Mass","g",4,2,"322.4667","1.01","","Haarlem2026(Haarlem,secondary)=320.0 | Haarlem2026(Haarlem,secondary)=320.0 | Haarlem2026(Haarlem,secondary)=320.0 | Olkowicz2016(Olkowicz,primary)=322.467"
"Cynomys ludovicianus","Body_Mass","g",4,4,"1000","1.58","","Burger2019(Burger,secondary)=865.15 | Ruf2015(Ruf,primary)=1000.0 | Genoud2018(Genoud,secondary)=1112.3 | Wilman2014(Wilman,secondary)=1364.0"
"Cynopterus brachyotis","Body_Mass","g",4,4,"29","1.29","","Burger2019(Burger,secondary)=32.11 | Genoud2018(Genoud,secondary)=37.4 | Stephan1970(Stephan_collection,primary)=29.0 | Wilman2014(Wilman,secondary)=31.15"
"Dasycercus cristicauda","BMR_massspecific","mL O2/h/g",4,1,"0.6302","2.06","DISAGREEMENT>2x","Genoud2018(Genoud,secondary)=0.52 | Genoud2018(Genoud,secondary)=0.49 | Genoud2018(Genoud,secondary)=0.5 | Genoud2018(Genoud,secondary)=1.011"
"Dasycercus cristicauda","BMR_wholeanimal","mL O2/h",4,1,"62.3125","2.43","DISAGREEMENT>2x","Genoud2018(Genoud,secondary)=46.18 | Genoud2018(Genoud,secondary)=55.37 | Genoud2018(Genoud,secondary)=43.0 | Genoud2018(Genoud,secondary)=104.7"
"Dasykaluta rosamondae","Body_Mass","g",4,4,"27","1.31","","Burger2019(Burger,secondary)=35.0 | Ruf2015(Ruf,primary)=27.0 | Genoud2018(Genoud,secondary)=35.5 | Wilman2014(Wilman,secondary)=28.75"
"Dasyprocta leporina","Body_Mass","g",4,4,"2961.255","1.22","","Burger2019(Burger,secondary)=2873.0 | Genoud2018(Genoud,secondary)=2687.0 | Lewitus2014(Lewitus,secondary)=3265.0 | Wilman2014(Wilman,secondary)=3020.02"
"Delphinapterus leucas","Body_Mass","g",4,4,"779812.5","2.73","DISAGREEMENT>2x","Manger2006(Manger,secondary)=636000.0 | Burger2019(Burger,secondary)=498250.0 | Genoud2018(Genoud,secondary)=625000.0 | Wilman2014(Wilman,secondary)=1360000.0"
"Delphinus delphis","Body_Mass","g",4,4,"69271.74","1.54","","Manger2006(Manger,secondary)=52000.0 | Burger2019(Burger,secondary)=65086.96 | Lewitus2014(Lewitus,secondary)=80000.0 | Wilman2014(Wilman,secondary)=80000.0"
"Dendrolagus matschiei","Body_Mass","g",4,4,"6960","1.26","","Burger2019(Burger,secondary)=8800.0 | Genoud2018(Genoud,secondary)=6960.0 | Seymour2015(Seymour,primary)=6960.0 | Wilman2014(Wilman,secondary)=6960.0"
"Diceros bicornis","Body_Mass","g",4,4,"1007740.225","1.54","","MedinaGonzález2026(MedinaGonzález,secondary)=1100000.0 | Burger2019(Burger,secondary)=765450.0 | Veilleux2014(Veilleux,secondary)=985000.0 | Wilman2014(Wilman,secondary)=1180510.9"
"Dipodomys ordii","Body_Mass","g",4,3,"55.1","1.29","","Burger2019(Burger,secondary)=57.1 | Genoud2018(Genoud,secondary)=48.8 | Genoud2018(Genoud,secondary)=46.8 | Wilman2014(Wilman,secondary)=60.4"
"Echinops telfairi","BMR_massspecific","mL O2/h/g",4,1,"0.5079","4.37","DISAGREEMENT>2x","Genoud2018(Genoud,secondary)=1.15 | Genoud2018(Genoud,secondary)=0.278 | Genoud2018(Genoud,secondary)=0.263 | Genoud2018(Genoud,secondary)=0.34"
"Echinops telfairi","BMR_wholeanimal","mL O2/h",4,1,"68.15","3.42","DISAGREEMENT>2x","Genoud2018(Genoud,secondary)=133.9 | Genoud2018(Genoud,secondary)=39.1 | Genoud2018(Genoud,secondary)=40.1 | Genoud2018(Genoud,secondary)=59.5"
"Echymipera rufescens","Body_Mass","g",4,3,"1248.6667","2.76","DISAGREEMENT>2x","Burger2019(Burger,secondary)=1700.0 | Genoud2018(Genoud,secondary)=616.0 | Genoud2018(Genoud,secondary)=1276.0 | Wilman2014(Wilman,secondary)=1100.0"
"Eonycteris spelaea","Body_Mass","g",4,4,"50","1.16","","Burger2019(Burger,secondary)=54.86 | Genoud2018(Genoud,secondary)=51.6 | Stephan1970(Stephan_collection,primary)=50.0 | Wilman2014(Wilman,secondary)=58.1"
"Equus asinus","BMR_massspecific","mL O2/h/g",4,1,"0.2458","2.17","DISAGREEMENT>2x","Genoud2018(Genoud,secondary)=0.166 | Genoud2018(Genoud,secondary)=0.24 | Genoud2018(Genoud,secondary)=0.359 | Genoud2018(Genoud,secondary)=0.219"
"Equus asinus","BMR_wholeanimal","mL O2/h",4,1,"34940","1.29","","Genoud2018(Genoud,secondary)=29400.0 | Genoud2018(Genoud,secondary)=35160.0 | Genoud2018(Genoud,secondary)=38054.0 | Genoud2018(Genoud,secondary)=37146.0"
"Erethizon dorsata","Body_Mass","g",4,2,"6492.8333","2.06","DISAGREEMENT>2x","Burger2019(Burger,secondary)=5397.0 | Genoud2018(Genoud,secondary)=5530.0 | Genoud2018(Genoud,secondary)=6100.0 | Genoud2018(Genoud,secondary)=11136.0"
"Eumetopias jubatus","BMR_massspecific","mL O2/h/g",4,1,"0.4912","3.3","DISAGREEMENT>2x","Genoud2018(Genoud,secondary)=0.352 | Genoud2018(Genoud,secondary)=0.27 | Genoud2018(Genoud,secondary)=0.893 | Genoud2018(Genoud,secondary)=0.45"
"Eumetopias jubatus","BMR_wholeanimal","mL O2/h",4,1,"71284","2.77","DISAGREEMENT>2x","Genoud2018(Genoud,secondary)=42813.0 | Genoud2018(Genoud,secondary)=46460.0 | Genoud2018(Genoud,secondary)=118463.0 | Genoud2018(Genoud,secondary)=77400.0"
"Fukomys damarensis","BMR_massspecific","mL O2/h/g",4,1,"0.7572","1.58","","Genoud2018(Genoud,secondary)=0.57 | Genoud2018(Genoud,secondary)=0.66 | Genoud2018(Genoud,secondary)=0.896 | Genoud2018(Genoud,secondary)=0.903"
"Fukomys damarensis","BMR_wholeanimal","mL O2/h",4,1,"89","1.44","","Genoud2018(Genoud,secondary)=71.0 | Genoud2018(Genoud,secondary)=82.5 | Genoud2018(Genoud,secondary)=100.3 | Genoud2018(Genoud,secondary)=102.2"
"Fukomys darlingi","BMR_massspecific","mL O2/h/g",4,1,"0.8802","1.29","","Genoud2018(Genoud,secondary)=0.98 | Genoud2018(Genoud,secondary)=0.83 | Genoud2018(Genoud,secondary)=0.95 | Genoud2018(Genoud,secondary)=0.761"
"Fukomys darlingi","BMR_wholeanimal","mL O2/h",4,1,"82.22","1.85","","Genoud2018(Genoud,secondary)=58.8 | Genoud2018(Genoud,secondary)=67.23 | Genoud2018(Genoud,secondary)=94.05 | Genoud2018(Genoud,secondary)=108.8"
"Funisciurus anerythrus","Body_Mass","g",4,3,"186.6667","3.46","DISAGREEMENT>2x","Burger2019(Burger,secondary)=218.0 | Genoud2018(Genoud,secondary)=63.0 | Genoud2018(Genoud,secondary)=185.0 | Wilman2014(Wilman,secondary)=218.0"
"Funisciurus pyrropus","Body_Mass","g",4,3,"251.3333","1.49","","Burger2019(Burger,secondary)=200.0 | Genoud2018(Genoud,secondary)=244.0 | Genoud2018(Genoud,secondary)=270.0 | Wilman2014(Wilman,secondary)=297.0"
"Galago matschiei","Body_Mass","g",4,4,"209.75","1","","Isler2008(Isler,secondary)=210.0 | Burger2019(Burger,secondary)=209.5 | Granatosky2018(Granatosky,secondary)=209.5 | Wilman2014(Wilman,secondary)=210.0"
"Galago moholi","BMR_massspecific","mL O2/h/g",4,2,"0.7416","1.67","","Isler2008(Isler,secondary)=0.8 | Genoud2018(Genoud,secondary)=0.769 | Genoud2018(Genoud,secondary)=0.8 | Genoud2018(Genoud,secondary)=0.48"
"Galago moholi","BMR_wholeanimal","mL O2/h",4,2,"125.95","1.58","","Isler2008(Isler,secondary)=137.2 | Genoud2018(Genoud,secondary)=120.0 | Genoud2018(Genoud,secondary)=137.2 | Genoud2018(Genoud,secondary)=86.9"
"Geomys pinetis","Body_Mass","g",4,3,"191.2333","3.69","DISAGREEMENT>2x","Burger2019(Burger,secondary)=313.5 | Genoud2018(Genoud,secondary)=200.0 | Genoud2018(Genoud,secondary)=150.4 | Wilman2014(Wilman,secondary)=85.0"
"Gerbillurus paeba","Body_Mass","g",4,3,"26.605","1.45","","Burger2019(Burger,secondary)=24.0 | Genoud2018(Genoud,secondary)=31.13 | Genoud2018(Genoud,secondary)=33.9 | Wilman2014(Wilman,secondary)=23.3"
"Gerbillus pusillus","Body_Mass","g",4,3,"12.6","1","","Ruf2015(Ruf,primary)=12.6 | Genoud2018(Genoud,secondary)=12.6 | Genoud2018(Genoud,secondary)=12.6 | Wilman2014(Wilman,secondary)=12.6"
"Gerbillus pyramidum","Body_Mass","g",4,3,"55.98","2.65","DISAGREEMENT>2x","Burger2019(Burger,secondary)=40.9 | Genoud2018(Genoud,secondary)=108.5 | Genoud2018(Genoud,secondary)=53.0 | Wilman2014(Wilman,secondary)=46.29"
"Grampus griseus","Body_Mass","g",4,4,"403125","1.1","","Manger2006(Manger,secondary)=4e+05 | Burger2019(Burger,secondary)=4e+05 | Lewitus2014(Lewitus,secondary)=425000.0 | Wilman2014(Wilman,secondary)=387500.0"
"Heliosciurus rufobrachium","Body_Mass","g",4,3,"337.8333","1.37","","Burger2019(Burger,secondary)=326.0 | Genoud2018(Genoud,secondary)=271.0 | Genoud2018(Genoud,secondary)=361.0 | Wilman2014(Wilman,secondary)=371.5"
"Heterohyrax brucei","Body_Mass","g",4,3,"2297.8333","2.04","DISAGREEMENT>2x","Burger2019(Burger,secondary)=2625.0 | Genoud2018(Genoud,secondary)=2000.0 | Genoud2018(Genoud,secondary)=1287.0 | Wilman2014(Wilman,secondary)=2625.0"
"Hylobates moloch","Body_Mass","g",4,4,"6476.75","1.03","","Burger2019(Burger,secondary)=6577.0 | Powell2017(Powell,secondary)=6415.0 | Wilman2014(Wilman,secondary)=6500.0 | NA(10.6084%2Fm9.figshare.c.3899422.v1_Dataset1.tsv,secondary)=6415.0"
"Hystrix africaeaustralis","Body_Mass","g",4,3,"13590.6733","1.4","","Burger2019(Burger,secondary)=14936.0 | Genoud2018(Genoud,secondary)=11100.0 | Genoud2018(Genoud,secondary)=10700.0 | Wilman2014(Wilman,secondary)=14936.02"
"Kobus ellipsiprymnus","Body_Mass","g",4,4,"175648.455","2.1","DISAGREEMENT>2x","Burger2019(Burger,secondary)=188200.0 | Wimberly2021(Wimberly,secondary)=204393.48 | Genoud2018(Genoud,secondary)=1e+05 | Wilman2014(Wilman,secondary)=210000.34"
"Lagorchestes conspicillatus","Body_Mass","g",4,3,"2910","1.15","","Burger2019(Burger,secondary)=3000.0 | Genoud2018(Genoud,secondary)=2700.0 | Genoud2018(Genoud,secondary)=2660.0 | Wilman2014(Wilman,secondary)=3050.0"
"Lagothrix poeppigii","Body_Mass","g",4,4,"4550.0775","145.59","DISAGREEMENT>2x","Burger2019(Burger,secondary)=9072.0 | Powell2017(Powell,secondary)=4533.0 | Wilman2014(Wilman,secondary)=62.31 | NA(10.6084%2Fm9.figshare.c.3899422.v1_Dataset1.tsv,secondary)=4533.0"
"Lasiorhinus latifrons","Body_Mass","g",4,4,"29917","1.18","","Burger2019(Burger,secondary)=26000.0 | Genoud2018(Genoud,secondary)=25250.0 | Seymour2015(Seymour,primary)=29917.0 | Wilman2014(Wilman,secondary)=25500.0"
"Lasiurus borealis","Body_Mass","g",4,4,"11","1.58","","Burger2019(Burger,secondary)=7.7 | Ruf2015(Ruf,primary)=11.0 | Genoud2018(Genoud,secondary)=12.2 | Wilman2014(Wilman,secondary)=10.74"
"Lasiurus cinereus","Body_Mass","g",4,3,"33","1.66","","Ruf2015(Ruf,primary)=33.0 | Genoud2018(Genoud,secondary)=19.9 | Genoud2018(Genoud,secondary)=24.8 | Wilman2014(Wilman,secondary)=25.28"
"Lemmus sibiricus","Body_Mass","g",4,3,"67.2067","1.83","","Burger2019(Burger,secondary)=70.0 | Genoud2018(Genoud,secondary)=63.3 | Genoud2018(Genoud,secondary)=95.4 | Wilman2014(Wilman,secondary)=52.27"
"Lemmus trimucronatus","BMR_massspecific","mL O2/h/g",4,1,"2.3127","2.18","DISAGREEMENT>2x","Genoud2018(Genoud,secondary)=1.69 | Genoud2018(Genoud,secondary)=2.466 | Genoud2018(Genoud,secondary)=1.6 | Genoud2018(Genoud,secondary)=3.495"
"Lemmus trimucronatus","BMR_wholeanimal","mL O2/h",4,1,"114.5975","2.24","DISAGREEMENT>2x","Genoud2018(Genoud,secondary)=86.19 | Genoud2018(Genoud,secondary)=157.8 | Genoud2018(Genoud,secondary)=70.4 | Genoud2018(Genoud,secondary)=144.0"
"Lepilemur edwardsi","Body_Mass","g",4,4,"873.25","1.33","","Isler2008(Isler,secondary)=931.0 | Burger2019(Burger,secondary)=931.0 | Granatosky2018(Granatosky,secondary)=931.0 | Wilman2014(Wilman,secondary)=700.0"
"Lepus americanus","Body_Mass","g",4,3,"1572.84","1.19","","Burger2019(Burger,secondary)=1500.0 | Genoud2018(Genoud,secondary)=1579.0 | Genoud2018(Genoud,secondary)=1438.0 | Wilman2014(Wilman,secondary)=1710.02"
"Lepus californicus","Body_Mass","g",4,3,"2293.96","1.22","","Burger2019(Burger,secondary)=2314.9 | Genoud2018(Genoud,secondary)=2300.0 | Genoud2018(Genoud,secondary)=1989.0 | Wilman2014(Wilman,secondary)=2422.48"
"Liomys irroratus","Body_Mass","g",4,3,"51.4","1.29","","Burger2019(Burger,secondary)=57.7 | Genoud2018(Genoud,secondary)=48.1 | Genoud2018(Genoud,secondary)=44.9 | Wilman2014(Wilman,secondary)=50.0"
"Lutra lutra","Body_Mass","g",4,3,"8172.88","1.48","","Burger2019(Burger,secondary)=6750.0 | Genoud2018(Genoud,secondary)=10000.0 | Genoud2018(Genoud,secondary)=7967.0 | Wilman2014(Wilman,secondary)=8785.14"
"Lynx rufus","Body_Mass","g",4,4,"8876.025","1.71","","Burger2019(Burger,secondary)=6350.0 | Wimberly2021(Wimberly,secondary)=10850.0 | Genoud2018(Genoud,secondary)=9400.0 | Wilman2014(Wilman,secondary)=8904.1"
"Macaca fuscata","BMR_massspecific","mL O2/h/g",4,2,"0.4086","2.48","DISAGREEMENT>2x","Isler2008(Isler,secondary)=0.438 | Genoud2018(Genoud,secondary)=0.433 | Genoud2018(Genoud,secondary)=0.503 | Genoud2018(Genoud,secondary)=0.203"
"Macaca fuscata","BMR_wholeanimal","mL O2/h",4,2,"3898.0267","2.11","DISAGREEMENT>2x","Isler2008(Isler,secondary)=4191.72 | Genoud2018(Genoud,secondary)=4149.0 | Genoud2018(Genoud,secondary)=4524.0 | Genoud2018(Genoud,secondary)=2140.0"
"Macaca hecki","Body_Mass","g",4,4,"6546.74","1.18","","Burger2019(Burger,secondary)=6800.0 | Powell2017(Powell,secondary)=6800.0 | Wilman2014(Wilman,secondary)=5786.96 | NA(10.6084%2Fm9.figshare.c.3899422.v1_Dataset1.tsv,secondary)=6800.0"
"Macropus eugenii","BMR_massspecific","mL O2/h/g",4,2,"0.2722","1.97","","Genoud2018(Genoud,secondary)=0.286 | Genoud2018(Genoud,secondary)=0.288 | Genoud2018(Genoud,secondary)=0.419 | Lewitus2014(Lewitus,secondary)=0.213"
"Macropus eugenii","BMR_wholeanimal","mL O2/h",4,2,"1718.4917","2.43","DISAGREEMENT>2x","Genoud2018(Genoud,secondary)=1419.0 | Genoud2018(Genoud,secondary)=1382.0 | Genoud2018(Genoud,secondary)=3353.0 | Lewitus2014(Lewitus,secondary)=1385.65"
"Macrotis lagotis","Body_Mass","g",4,3,"1481.3333","1.78","","Burger2019(Burger,secondary)=1800.0 | Genoud2018(Genoud,secondary)=1011.0 | Genoud2018(Genoud,secondary)=1577.0 | Wilman2014(Wilman,secondary)=1350.0"
"Manis javanica","Body_Mass","g",4,4,"4755","1.22","","MedinaGonzález2026(MedinaGonzález,secondary)=4500.0 | Burger2019(Burger,secondary)=5150.0 | Genoud2018(Genoud,secondary)=4220.0 | Wilman2014(Wilman,secondary)=5150.0"
"Manis pentadactyla","Body_Mass","g",4,4,"18000","4.95","DISAGREEMENT>2x","Burger2019(Burger,secondary)=4675.0 | Genoud2018(Genoud,secondary)=3638.0 | Heffner1975(Heffner,primary)=18000.0 | Wilman2014(Wilman,secondary)=4675.0"
"Marmota flaviventris","BMR_massspecific","mL O2/h/g",4,1,"0.3185","1.45","","Genoud2018(Genoud,secondary)=0.363 | Genoud2018(Genoud,secondary)=0.251 | Genoud2018(Genoud,secondary)=0.304 | Genoud2018(Genoud,secondary)=0.356"
"Marmota flaviventris","BMR_wholeanimal","mL O2/h",4,1,"1211.75","1.84","","Genoud2018(Genoud,secondary)=1560.0 | Genoud2018(Genoud,secondary)=943.8 | Genoud2018(Genoud,secondary)=848.2 | Genoud2018(Genoud,secondary)=1495.0"
"Megaloglossus woermanni","Body_Mass","g",4,4,"12","1.6","","Burger2019(Burger,secondary)=18.0 | Ruf2015(Ruf,primary)=12.0 | Genoud2018(Genoud,secondary)=11.28 | Wilman2014(Wilman,secondary)=15.66"
"Meles meles","Body_Mass","g",4,4,"13000","1.29","","Burger2019(Burger,secondary)=10100.0 | Ruf2015(Ruf,primary)=13000.0 | Genoud2018(Genoud,secondary)=11050.0 | Wilman2014(Wilman,secondary)=13000.0"
"Metachirus nudicaudatus","Body_Mass","g",4,3,"324.5","1.44","","Burger2019(Burger,secondary)=300.0 | Genoud2018(Genoud,secondary)=336.0 | Genoud2018(Genoud,secondary)=261.0 | Wilman2014(Wilman,secondary)=375.0"
"Micaelamys namaquensis","Body_Mass","g",4,3,"64.6117","1.64","","Burger2019(Burger,secondary)=79.4 | Genoud2018(Genoud,secondary)=48.37 | Genoud2018(Genoud,secondary)=66.3 | Wilman2014(Wilman,secondary)=57.1"
"Microdipodops megacephalus","Body_Mass","g",4,3,"11.8833","1.33","","Burger2019(Burger,secondary)=13.85 | Genoud2018(Genoud,secondary)=11.0 | Genoud2018(Genoud,secondary)=11.7 | Wilman2014(Wilman,secondary)=10.45"
"Microgale cowani","Body_Mass","g",4,4,"15.2","1.48","","Burger2019(Burger,secondary)=15.2 | Genoud2018(Genoud,secondary)=10.3 | Stephan1981(Stephan_collection,primary)=15.2 | Wilman2014(Wilman,secondary)=13.8"
"Microtus agrestis","BMR_massspecific","mL O2/h/g",4,1,"3.4312","2.02","DISAGREEMENT>2x","Genoud2018(Genoud,secondary)=4.58 | Genoud2018(Genoud,secondary)=2.99 | Genoud2018(Genoud,secondary)=2.271 | Genoud2018(Genoud,secondary)=3.883"
"Microtus agrestis","BMR_wholeanimal","mL O2/h",4,1,"75.8075","1.62","","Genoud2018(Genoud,secondary)=103.05 | Genoud2018(Genoud,secondary)=66.68 | Genoud2018(Genoud,secondary)=63.6 | Genoud2018(Genoud,secondary)=69.9"
"Microtus arvalis","BMR_massspecific","mL O2/h/g",4,1,"2.7322","2.45","DISAGREEMENT>2x","Genoud2018(Genoud,secondary)=2.519 | Genoud2018(Genoud,secondary)=4.43 | Genoud2018(Genoud,secondary)=2.169 | Genoud2018(Genoud,secondary)=1.811"
"Microtus arvalis","BMR_wholeanimal","mL O2/h",4,1,"68.7175","1.5","","Genoud2018(Genoud,secondary)=60.2 | Genoud2018(Genoud,secondary)=90.37 | Genoud2018(Genoud,secondary)=62.9 | Genoud2018(Genoud,secondary)=61.4"
"Microtus cabrerae","Body_Mass","g",4,2,"50.4717","1.22","","Genoud2018(Genoud,secondary)=43.0 | Genoud2018(Genoud,secondary)=51.14 | Genoud2018(Genoud,secondary)=51.19 | Wilman2014(Wilman,secondary)=52.5"
"Microtus montanus","BMR_massspecific","mL O2/h/g",4,1,"2.2074","1.51","","Genoud2018(Genoud,secondary)=2.649 | Genoud2018(Genoud,secondary)=1.9 | Genoud2018(Genoud,secondary)=2.53 | Genoud2018(Genoud,secondary)=1.75"
"Microtus montanus","BMR_wholeanimal","mL O2/h",4,1,"73.495","1.73","","Genoud2018(Genoud,secondary)=81.6 | Genoud2018(Genoud,secondary)=51.68 | Genoud2018(Genoud,secondary)=71.1 | Genoud2018(Genoud,secondary)=89.6"
"Microtus ochrogaster","Body_Mass","g",4,3,"44.2033","1.43","","Burger2019(Burger,secondary)=43.8 | Genoud2018(Genoud,secondary)=54.2 | Genoud2018(Genoud,secondary)=47.4 | Wilman2014(Wilman,secondary)=38.01"
"Microtus pinetorum","BMR_massspecific","mL O2/h/g",4,1,"2.2911","1.32","","Genoud2018(Genoud,secondary)=1.966 | Genoud2018(Genoud,secondary)=2.6 | Genoud2018(Genoud,secondary)=2.349 | Genoud2018(Genoud,secondary)=2.25"
"Microtus pinetorum","BMR_wholeanimal","mL O2/h",4,1,"55.965","1.4","","Genoud2018(Genoud,secondary)=48.16 | Genoud2018(Genoud,secondary)=67.6 | Genoud2018(Genoud,secondary)=55.9 | Genoud2018(Genoud,secondary)=52.2"
"Monodelphis domestica","BMR_massspecific","mL O2/h/g",4,1,"0.7959","1.96","","Genoud2018(Genoud,secondary)=0.725 | Genoud2018(Genoud,secondary)=0.572 | Genoud2018(Genoud,secondary)=0.766 | Genoud2018(Genoud,secondary)=1.121"
"Monodelphis domestica","BMR_wholeanimal","mL O2/h",4,1,"61.06","1.55","","Genoud2018(Genoud,secondary)=59.45 | Genoud2018(Genoud,secondary)=59.49 | Genoud2018(Genoud,secondary)=49.1 | Genoud2018(Genoud,secondary)=76.2"
"Mops condylurus","Body_Mass","g",4,4,"29","1.25","","Burger2019(Burger,secondary)=26.65 | Ruf2015(Ruf,primary)=29.0 | Genoud2018(Genoud,secondary)=23.2 | Wilman2014(Wilman,secondary)=28.37"
"Myocastor coypus","Body_Mass","g",4,4,"5000","1.63","","Burger2019(Burger,secondary)=7052.0 | Genoud2018(Genoud,secondary)=4325.0 | Heffner1975(Heffner,primary)=5000.0 | Wilman2014(Wilman,secondary)=6937.45"
"Myodes rufocanus","Body_Mass","g",4,3,"33.335","1.66","","Burger2019(Burger,secondary)=38.3 | Genoud2018(Genoud,secondary)=27.5 | Genoud2018(Genoud,secondary)=23.05 | Wilman2014(Wilman,secondary)=36.43"
"Myotis bechsteinii","Body_Mass","g",4,3,"9.2067","1.06","","Burger2019(Burger,secondary)=9.0 | Genoud2018(Genoud,secondary)=8.9 | Genoud2018(Genoud,secondary)=9.4 | Wilman2014(Wilman,secondary)=9.47"
"Myotis yumanensis","Body_Mass","g",4,3,"5.2883","1.47","","Burger2019(Burger,secondary)=4.6 | Genoud2018(Genoud,secondary)=5.0 | Genoud2018(Genoud,secondary)=6.75 | Wilman2014(Wilman,secondary)=5.39"
"Nandinia binotata","Body_Mass","g",4,4,"2906.8","2.13","DISAGREEMENT>2x","Burger2019(Burger,secondary)=3190.0 | Wimberly2021(Wimberly,secondary)=2167.2 | Genoud2018(Genoud,secondary)=4270.0 | Wilman2014(Wilman,secondary)=2000.0"
"Napaeozapus insignis","Body_Mass","g",4,3,"23.1","1.2","","Burger2019(Burger,secondary)=23.2 | Genoud2018(Genoud,secondary)=21.6 | Genoud2018(Genoud,secondary)=26.0 | Wilman2014(Wilman,secondary)=22.3"
"Nasua nasua","Body_Mass","g",4,4,"3651.7125","1.21","","Burger2019(Burger,secondary)=3187.5 | Wimberly2021(Wimberly,secondary)=3775.5 | Genoud2018(Genoud,secondary)=3850.0 | Wilman2014(Wilman,secondary)=3793.85"
"Neomys fodiens","BMR_massspecific","mL O2/h/g",4,2,"4.0316","1.62","","Genoud2018(Genoud,secondary)=4.7 | Genoud2018(Genoud,secondary)=3.22 | Genoud2018(Genoud,secondary)=2.904 | Lewitus2014(Lewitus,secondary)=4.455"
"Neomys fodiens","BMR_wholeanimal","mL O2/h",4,2,"60.2333","1.7","","Genoud2018(Genoud,secondary)=66.65 | Genoud2018(Genoud,secondary)=55.06 | Genoud2018(Genoud,secondary)=39.2 | Lewitus2014(Lewitus,secondary)=66.83"
"Neotoma albigula","BMR_massspecific","mL O2/h/g",4,1,"0.7005","1.72","","Genoud2018(Genoud,secondary)=0.73 | Genoud2018(Genoud,secondary)=0.74 | Genoud2018(Genoud,secondary)=0.843 | Genoud2018(Genoud,secondary)=0.489"
"Neotoma albigula","BMR_wholeanimal","mL O2/h",4,1,"129.475","1.77","","Genoud2018(Genoud,secondary)=141.3 | Genoud2018(Genoud,secondary)=127.6 | Genoud2018(Genoud,secondary)=159.0 | Genoud2018(Genoud,secondary)=90.0"
"Noctilio albiventris","Body_Mass","g",4,3,"33.0833","1.43","","Burger2019(Burger,secondary)=35.6 | Genoud2018(Genoud,secondary)=27.0 | Genoud2018(Genoud,secondary)=38.6 | Wilman2014(Wilman,secondary)=30.85"
"Noctilio leporinus","Body_Mass","g",4,4,"58.5","1.05","","Burger2019(Burger,secondary)=59.16 | Genoud2018(Genoud,secondary)=61.0 | Stephan1970(Stephan_collection,primary)=58.5 | Wilman2014(Wilman,secondary)=58.32"
"Notamacropus rufogriseus","Body_Mass","g",4,4,"13387.5","3.51","DISAGREEMENT>2x","Burger2019(Burger,secondary)=16200.0 | Genoud2018(Genoud,secondary)=4800.0 | Lewitus2014(Lewitus,secondary)=15700.0 | Wilman2014(Wilman,secondary)=16850.0"
"Notiosorex crawfordi","Body_Mass","g",4,4,"4","1.5","","Burger2019(Burger,secondary)=6.0 | Ruf2015(Ruf,primary)=4.0 | Genoud2018(Genoud,secondary)=4.0 | Wilman2014(Wilman,secondary)=4.39"
"Notomys alexis","BMR_massspecific","mL O2/h/g",4,1,"1.1279","2.3","DISAGREEMENT>2x","Genoud2018(Genoud,secondary)=1.4 | Genoud2018(Genoud,secondary)=0.61 | Genoud2018(Genoud,secondary)=1.284 | Genoud2018(Genoud,secondary)=1.218"
"Notomys alexis","BMR_wholeanimal","mL O2/h",4,1,"39.1425","2.33","DISAGREEMENT>2x","Genoud2018(Genoud,secondary)=45.22 | Genoud2018(Genoud,secondary)=21.35 | Genoud2018(Genoud,secondary)=49.8 | Genoud2018(Genoud,secondary)=40.2"
"Nyctalus noctula","Body_Mass","g",4,4,"29","1.45","","Burger2019(Burger,secondary)=26.0 | Ruf2015(Ruf,primary)=29.0 | Genoud2018(Genoud,secondary)=20.0 | Wilman2014(Wilman,secondary)=28.0"
"Nycteris thebaica","Body_Mass","g",4,4,"11","1.3","","Burger2019(Burger,secondary)=8.95 | Ruf2015(Ruf,primary)=11.0 | Genoud2018(Genoud,secondary)=11.65 | Wilman2014(Wilman,secondary)=9.81"
"Ochotona curzoniae","BMR_massspecific","mL O2/h/g",4,1,"1.7335","1.4","","Genoud2018(Genoud,secondary)=2.11 | Genoud2018(Genoud,secondary)=1.62 | Genoud2018(Genoud,secondary)=1.504 | Genoud2018(Genoud,secondary)=1.7"
"Ochotona curzoniae","BMR_wholeanimal","mL O2/h",4,1,"214.375","1.32","","Genoud2018(Genoud,secondary)=250.7 | Genoud2018(Genoud,secondary)=190.3 | Genoud2018(Genoud,secondary)=198.5 | Genoud2018(Genoud,secondary)=218.0"
"Ornithorhynchus anatinus","BMR_massspecific","mL O2/h/g",4,1,"0.4143","1.78","","Genoud2018(Genoud,secondary)=0.329 | Genoud2018(Genoud,secondary)=0.37 | Genoud2018(Genoud,secondary)=0.586 | Genoud2018(Genoud,secondary)=0.372"
"Ornithorhynchus anatinus","BMR_wholeanimal","mL O2/h",4,1,"473.1","2.86","DISAGREEMENT>2x","Genoud2018(Genoud,secondary)=228.2 | Genoud2018(Genoud,secondary)=475.0 | Genoud2018(Genoud,secondary)=652.2 | Genoud2018(Genoud,secondary)=537.0"
"Oryx gazella","Body_Mass","g",4,4,"175601.4325","1.14","","Burger2019(Burger,secondary)=165000.0 | Wimberly2021(Wimberly,secondary)=188404.45 | Genoud2018(Genoud,secondary)=180000.0 | Wilman2014(Wilman,secondary)=169001.28"
"Oryzorictes hova","Body_Mass","g",4,4,"44.2","1.22","","Burger2019(Burger,secondary)=44.2 | Genoud2018(Genoud,secondary)=44.4 | Stephan1981(Stephan_collection,primary)=44.2 | Wilman2014(Wilman,secondary)=36.5"
"Osphranter rufus","BMR_massspecific","mL O2/h/g",4,1,"0.2061","1.28","","Genoud2018(Genoud,secondary)=0.178 | Genoud2018(Genoud,secondary)=0.229 | Genoud2018(Genoud,secondary)=0.215 | Genoud2018(Genoud,secondary)=0.203"
"Osphranter rufus","BMR_wholeanimal","mL O2/h",4,1,"5219.5","1.31","","Genoud2018(Genoud,secondary)=5791.0 | Genoud2018(Genoud,secondary)=5588.0 | Genoud2018(Genoud,secondary)=4434.0 | Genoud2018(Genoud,secondary)=5065.0"
"Otolemur crassicaudatus","BMR_massspecific","mL O2/h/g",4,4,"0.4585","1.44","","Isler2008(Isler,secondary)=0.503 | Boyer2018(Boyer,secondary)=0.351 | Genoud2018(Genoud,secondary)=0.5 | Lewitus2014(Lewitus,secondary)=0.48"
"Otolemur crassicaudatus","BMR_wholeanimal","mL O2/h",4,4,"477.4743","1.27","","Isler2008(Isler,secondary)=523.0 | Boyer2018(Boyer,secondary)=410.247 | Genoud2018(Genoud,secondary)=519.5 | Lewitus2014(Lewitus,secondary)=457.15"
"Ovis aries","BMR_massspecific","mL O2/h/g",4,1,"0.2204","1.39","","Genoud2018(Genoud,secondary)=0.224 | Genoud2018(Genoud,secondary)=0.18 | Genoud2018(Genoud,secondary)=0.228 | Genoud2018(Genoud,secondary)=0.25"
"Ovis aries","BMR_wholeanimal","mL O2/h",4,1,"7957.25","1.73","","Genoud2018(Genoud,secondary)=10069.0 | Genoud2018(Genoud,secondary)=8998.0 | Genoud2018(Genoud,secondary)=5837.0 | Genoud2018(Genoud,secondary)=6925.0"
"Panthera pardus","Body_Mass","g",4,3,"46346.0733","1.33","","MedinaGonzález2026(MedinaGonzález,secondary)=39000.0 | MedinaGonzález2026(MedinaGonzález,secondary)=39000.0 | Burger2019(Burger,secondary)=48000.0 | Wilman2014(Wilman,secondary)=52038.22"
"Paradoxurus hermaphroditus","Body_Mass","g",4,4,"3072.54","1.15","","Burger2019(Burger,secondary)=2773.5 | Wimberly2021(Wimberly,secondary)=3200.0 | Genoud2018(Genoud,secondary)=3160.0 | Wilman2014(Wilman,secondary)=3156.66"
"Paranyctimene raptor","Body_Mass","g",4,3,"24.2867","1.23","","Burger2019(Burger,secondary)=26.1 | Genoud2018(Genoud,secondary)=21.3 | Genoud2018(Genoud,secondary)=23.6 | Wilman2014(Wilman,secondary)=24.31"
"Pecari tajacu","Body_Mass","g",4,4,"20227.345","1.16","","Burger2019(Burger,secondary)=18309.0 | Wimberly2021(Wimberly,secondary)=21133.69 | Genoud2018(Genoud,secondary)=20200.0 | Wilman2014(Wilman,secondary)=21266.69"
"Perameles nasuta","Body_Mass","g",4,3,"866.8333","1.51","","Burger2019(Burger,secondary)=960.0 | Genoud2018(Genoud,secondary)=686.0 | Genoud2018(Genoud,secondary)=645.0 | Wilman2014(Wilman,secondary)=975.0"
"Perognathus longimembris","BMR_massspecific","mL O2/h/g",4,1,"1.2488","1.98","","Genoud2018(Genoud,secondary)=1.07 | Genoud2018(Genoud,secondary)=1.279 | Genoud2018(Genoud,secondary)=0.887 | Genoud2018(Genoud,secondary)=1.759"
"Perognathus longimembris","BMR_wholeanimal","mL O2/h",4,1,"11.19","1.98","","Genoud2018(Genoud,secondary)=9.52 | Genoud2018(Genoud,secondary)=14.07 | Genoud2018(Genoud,secondary)=7.1 | Genoud2018(Genoud,secondary)=14.07"
"Perognathus parvus","Body_Mass","g",4,4,"24","1.39","","Burger2019(Burger,secondary)=17.3 | Ruf2015(Ruf,primary)=24.0 | Genoud2018(Genoud,secondary)=19.2 | Wilman2014(Wilman,secondary)=21.78"
"Peromyscus boylii","Body_Mass","g",4,4,"33","1.55","","Burger2019(Burger,secondary)=27.47 | Ruf2015(Ruf,primary)=33.0 | Genoud2018(Genoud,secondary)=23.2 | Wilman2014(Wilman,secondary)=21.35"
"Peromyscus californicus","BMR_massspecific","mL O2/h/g",4,1,"1.204","1.33","","Genoud2018(Genoud,secondary)=1.031 | Genoud2018(Genoud,secondary)=1.169 | Genoud2018(Genoud,secondary)=1.37 | Genoud2018(Genoud,secondary)=1.245"
"Peromyscus californicus","BMR_wholeanimal","mL O2/h",4,1,"52.72","1.24","","Genoud2018(Genoud,secondary)=46.9 | Genoud2018(Genoud,secondary)=58.0 | Genoud2018(Genoud,secondary)=56.6 | Genoud2018(Genoud,secondary)=49.38"
"Peromyscus crinitus","BMR_massspecific","mL O2/h/g",4,1,"1.327","1.72","","Genoud2018(Genoud,secondary)=1.579 | Genoud2018(Genoud,secondary)=1.478 | Genoud2018(Genoud,secondary)=0.92 | Genoud2018(Genoud,secondary)=1.331"
"Peromyscus crinitus","BMR_wholeanimal","mL O2/h",4,1,"23.8375","1.71","","Genoud2018(Genoud,secondary)=25.1 | Genoud2018(Genoud,secondary)=30.9 | Genoud2018(Genoud,secondary)=21.25 | Genoud2018(Genoud,secondary)=18.1"
"Peromyscus gossypinus","Body_Mass","g",4,4,"22","1.37","","Burger2019(Burger,secondary)=28.25 | Ruf2015(Ruf,primary)=22.0 | Genoud2018(Genoud,secondary)=21.5 | Wilman2014(Wilman,secondary)=29.39"
"Peromyscus truei","Body_Mass","g",4,3,"29.3167","1.22","","Burger2019(Burger,secondary)=27.35 | Genoud2018(Genoud,secondary)=33.3 | Genoud2018(Genoud,secondary)=33.2 | Wilman2014(Wilman,secondary)=27.35"
"Petauroides volans","Body_Mass","g",4,3,"1356.8333","1.7","","Burger2019(Burger,secondary)=1700.0 | Genoud2018(Genoud,secondary)=1141.0 | Genoud2018(Genoud,secondary)=1000.0 | Wilman2014(Wilman,secondary)=1300.0"
"Petaurus breviceps","BMR_massspecific","mL O2/h/g",4,1,"0.6372","1.21","","Genoud2018(Genoud,secondary)=0.692 | Genoud2018(Genoud,secondary)=0.689 | Genoud2018(Genoud,secondary)=0.57 | Genoud2018(Genoud,secondary)=0.598"
"Petaurus breviceps","BMR_wholeanimal","mL O2/h",4,1,"80.7775","1.2","","Genoud2018(Genoud,secondary)=88.7 | Genoud2018(Genoud,secondary)=84.0 | Genoud2018(Genoud,secondary)=74.04 | Genoud2018(Genoud,secondary)=76.37"
"Petrodromus tetradactylus","Body_Mass","g",4,3,"176.0167","1.58","","Genoud2018(Genoud,secondary)=210.0 | Genoud2018(Genoud,secondary)=206.1 | HerculanoHouzel2015(HerculanoHouzel,secondary)=132.5 | Wilman2014(Wilman,secondary)=187.5"
"Phoca vitulina","BMR_massspecific","mL O2/h/g",4,2,"0.3236","1.72","","Genoud2018(Genoud,secondary)=0.475 | Genoud2018(Genoud,secondary)=0.276 | Genoud2018(Genoud,secondary)=0.347 | Lewitus2014(Lewitus,secondary)=0.281"
"Phoca vitulina","BMR_wholeanimal","mL O2/h",4,2,"26261.7333","2.49","DISAGREEMENT>2x","Genoud2018(Genoud,secondary)=13010.0 | Genoud2018(Genoud,secondary)=17388.0 | Genoud2018(Genoud,secondary)=30120.0 | Lewitus2014(Lewitus,secondary)=32350.8"
"Phocoenoides dalli","Body_Mass","g",4,4,"100708.3325","1.24","","MacLarnon1996(MacLarnon,secondary)=90000.0 | Manger2006(Manger,secondary)=112000.0 | Burger2019(Burger,secondary)=98333.33 | Wilman2014(Wilman,secondary)=102500.0"
"Phodopus roborovskii","Body_Mass","g",4,2,"18.9583","1.42","","Genoud2018(Genoud,secondary)=15.4 | Genoud2018(Genoud,secondary)=20.3 | Genoud2018(Genoud,secondary)=21.8 | Wilman2014(Wilman,secondary)=18.75"
"Phyllostomus discolor","Body_Mass","g",4,4,"33","1.07","","Burger2019(Burger,secondary)=35.22 | Genoud2018(Genoud,secondary)=33.5 | Stephan1970(Stephan_collection,primary)=33.0 | Wilman2014(Wilman,secondary)=34.13"
"Phyllostomus hastatus","Body_Mass","g",4,4,"92.8525","1.31","","Burger2019(Burger,secondary)=90.0 | Genoud2018(Genoud,secondary)=84.2 | Veilleux2014(Veilleux,secondary)=110.0 | Wilman2014(Wilman,secondary)=87.21"
"Pithecia irrorata","Body_Mass","g",4,4,"2108.54","1.19","","Burger2019(Burger,secondary)=2308.17 | Powell2017(Powell,secondary)=1942.5 | Wilman2014(Wilman,secondary)=2240.99 | NA(10.6084%2Fm9.figshare.c.3899422.v1_Dataset1.tsv,secondary)=1942.5"
"Planigale ingrami","Body_Mass","g",4,4,"7.6","1.79","","Burger2019(Burger,secondary)=4.25 | Ruf2015(Ruf,primary)=7.6 | Genoud2018(Genoud,secondary)=7.1 | Wilman2014(Wilman,secondary)=4.25"
"Platyrrhinus lineatus","Body_Mass","g",4,3,"23.02","1.11","","Burger2019(Burger,secondary)=22.6 | Genoud2018(Genoud,secondary)=21.9 | Genoud2018(Genoud,secondary)=22.3 | Wilman2014(Wilman,secondary)=24.36"
"Podomys floridanus","Body_Mass","g",4,3,"33.1567","1.29","","Burger2019(Burger,secondary)=33.47 | Genoud2018(Genoud,secondary)=30.8 | Genoud2018(Genoud,secondary)=39.6 | Wilman2014(Wilman,secondary)=30.8"
"Potorous tridactylus","BMR_massspecific","mL O2/h/g",4,1,"0.4774","1.13","","Genoud2018(Genoud,secondary)=0.46 | Genoud2018(Genoud,secondary)=0.45 | Genoud2018(Genoud,secondary)=0.491 | Genoud2018(Genoud,secondary)=0.509"
"Potorous tridactylus","BMR_wholeanimal","mL O2/h",4,1,"482.55","1.2","","Genoud2018(Genoud,secondary)=437.0 | Genoud2018(Genoud,secondary)=504.0 | Genoud2018(Genoud,secondary)=466.0 | Genoud2018(Genoud,secondary)=523.2"
"Presbytis comata group","Body_Mass","g",4,1,"6548.85","1.16","","Isler2008(Isler,secondary)=6350.4 | Isler2008(Isler,secondary)=6350.4 | Isler2008(Isler,secondary)=7257.6 | Isler2008(Isler,secondary)=6237.0"
"Presbytis hosei","Body_Mass","g",4,4,"5847.5","1.15","","Burger2019(Burger,secondary)=5630.0 | Powell2017(Powell,secondary)=5630.0 | Wilman2014(Wilman,secondary)=6500.0 | NA(10.6084%2Fm9.figshare.c.3899422.v1_Dataset1.tsv,secondary)=5630.0"
"Presbytis potenziani","Body_Mass","g",4,4,"6018.5","1.34","","Burger2019(Burger,secondary)=4817.0 | Powell2017(Powell,secondary)=6403.5 | Wilman2014(Wilman,secondary)=6450.0 | NA(10.6084%2Fm9.figshare.c.3899422.v1_Dataset1.tsv,secondary)=6403.5"
"Priodontes maximus","Body_Mass","g",4,4,"47797.8925","1.48","","Burger2019(Burger,secondary)=60000.0 | Wimberly2021(Wimberly,secondary)=40641.89 | Genoud2018(Genoud,secondary)=45190.0 | Wilman2014(Wilman,secondary)=45359.68"
"Procyon lotor","BMR_massspecific","mL O2/h/g",4,2,"0.3555","1.52","","Genoud2018(Genoud,secondary)=0.341 | Genoud2018(Genoud,secondary)=0.44 | Genoud2018(Genoud,secondary)=0.289 | Lewitus2014(Lewitus,secondary)=0.354"
"Procyon lotor","BMR_wholeanimal","mL O2/h",4,2,"1913.8483","1.67","","Genoud2018(Genoud,secondary)=1252.8 | Genoud2018(Genoud,secondary)=2068.0 | Genoud2018(Genoud,secondary)=1873.0 | Lewitus2014(Lewitus,secondary)=2096.43"
"Proechimys semispinosus","Body_Mass","g",4,3,"428.9167","2.06","DISAGREEMENT>2x","Burger2019(Burger,secondary)=544.75 | Genoud2018(Genoud,secondary)=265.0 | Genoud2018(Genoud,secondary)=498.0 | Wilman2014(Wilman,secondary)=360.5"
"Propithecus verreauxi","BMR_massspecific","mL O2/h/g",4,4,"0.2081","1.35","","Isler2008(Isler,secondary)=0.2 | Boyer2018(Boyer,secondary)=0.255 | Genoud2018(Genoud,secondary)=0.189 | Lewitus2014(Lewitus,secondary)=0.189"
"Propithecus verreauxi","BMR_wholeanimal","mL O2/h",4,4,"683.5106","1.17","","Isler2008(Isler,secondary)=670.0 | Boyer2018(Boyer,secondary)=752.842 | Genoud2018(Genoud,secondary)=641.2 | Lewitus2014(Lewitus,secondary)=670.0"
"Pseudantechinus macdonnellensis","Body_Mass","g",4,4,"31","1.39","","Burger2019(Burger,secondary)=32.5 | Ruf2015(Ruf,primary)=31.0 | Genoud2018(Genoud,secondary)=43.1 | Wilman2014(Wilman,secondary)=32.5"
"Pseudocheirus peregrinus","Body_Mass","g",4,4,"903.055","1.02","","Burger2019(Burger,secondary)=900.0 | Wimberly2021(Wimberly,secondary)=895.22 | Genoud2018(Genoud,secondary)=917.0 | Wilman2014(Wilman,secondary)=900.0"
"Pteropus scapulatus","Body_Mass","g",4,4,"375.74","1.13","","Burger2019(Burger,secondary)=375.0 | Genoud2018(Genoud,secondary)=362.0 | Veilleux2014(Veilleux,secondary)=360.0 | Wilman2014(Wilman,secondary)=405.96"
"Pteropus vampyrus","Body_Mass","g",4,4,"1016.4475","1.15","","Burger2019(Burger,secondary)=1078.07 | Wimberly2021(Wimberly,secondary)=1027.54 | Genoud2018(Genoud,secondary)=1024.3 | Wilman2014(Wilman,secondary)=935.88"
"Pusa hispida","Body_Mass","g",4,3,"62782.8667","1.52","","Burger2019(Burger,secondary)=69085.0 | Genoud2018(Genoud,secondary)=50000.0 | Genoud2018(Genoud,secondary)=46600.0 | Wilman2014(Wilman,secondary)=70963.6"
"Pygathrix nigripes","Body_Mass","g",4,4,"9608.76","1.16","","Burger2019(Burger,secondary)=10333.32 | Powell2017(Powell,secondary)=8884.2 | Wilman2014(Wilman,secondary)=10333.32 | NA(10.6084%2Fm9.figshare.c.3899422.v1_Dataset1.tsv,secondary)=8884.2"
"Reithrodontomys megalotis","BMR_massspecific","mL O2/h/g",4,1,"2.2989","1.44","","Genoud2018(Genoud,secondary)=2.5 | Genoud2018(Genoud,secondary)=2.235 | Genoud2018(Genoud,secondary)=2.631 | Genoud2018(Genoud,secondary)=1.83"
"Reithrodontomys megalotis","BMR_wholeanimal","mL O2/h",4,1,"20.9675","1.16","","Genoud2018(Genoud,secondary)=22.5 | Genoud2018(Genoud,secondary)=21.32 | Genoud2018(Genoud,secondary)=20.65 | Genoud2018(Genoud,secondary)=19.4"
"Rhabdomys pumilio","BMR_massspecific","mL O2/h/g",4,1,"0.8624","1.14","","Genoud2018(Genoud,secondary)=0.81 | Genoud2018(Genoud,secondary)=0.81 | Genoud2018(Genoud,secondary)=0.91 | Genoud2018(Genoud,secondary)=0.92"
"Rhabdomys pumilio","BMR_wholeanimal","mL O2/h",4,1,"44.3225","2.13","DISAGREEMENT>2x","Genoud2018(Genoud,secondary)=32.09 | Genoud2018(Genoud,secondary)=32.8 | Genoud2018(Genoud,secondary)=43.95 | Genoud2018(Genoud,secondary)=68.45"
"Rhinolophus hipposideros","Body_Mass","g",4,4,"5.3","1.32","","Burger2019(Burger,secondary)=4.55 | Ruf2015(Ruf,primary)=6.0 | Stephan1970(Stephan_collection,primary)=4.6 | Wilman2014(Wilman,secondary)=4.71"
"Saguinus bicolor","Body_Mass","g",4,4,"473","1.1","","Heldstab2016(Heldstab,primary)=473.0 | Powell2017(Powell,secondary)=429.0 | Wilman2014(Wilman,secondary)=465.0 | NA(10.6084%2Fm9.figshare.c.3899422.v1_Dataset1.tsv,secondary)=429.0"
"Sciurus niger","Body_Mass","g",4,4,"701.03","1.48","","Burger2019(Burger,secondary)=516.32 | Wimberly2021(Wimberly,secondary)=765.9 | Veilleux2014(Veilleux,secondary)=760.0 | Wilman2014(Wilman,secondary)=761.9"
"Sekeetamys calurus","Body_Mass","g",4,2,"58.8917","1.29","","Genoud2018(Genoud,secondary)=56.9 | Genoud2018(Genoud,secondary)=59.5 | Genoud2018(Genoud,secondary)=71.2 | Wilman2014(Wilman,secondary)=55.25"
"Setonix brachyurus","Body_Mass","g",4,4,"3500","1.32","","Burger2019(Burger,secondary)=3250.0 | Genoud2018(Genoud,secondary)=2654.0 | Heffner1975(Heffner,primary)=3500.0 | Wilman2014(Wilman,secondary)=3250.0"
"Sminthopsis murina","Body_Mass","g",4,4,"19","1.12","","Burger2019(Burger,secondary)=17.0 | Ruf2015(Ruf,primary)=19.0 | Genoud2018(Genoud,secondary)=19.0 | Wilman2014(Wilman,secondary)=17.0"
"Sorex cinereus","BMR_massspecific","mL O2/h/g",4,1,"8.3293","1.62","","Genoud2018(Genoud,secondary)=10.603 | Genoud2018(Genoud,secondary)=9.0 | Genoud2018(Genoud,secondary)=7.165 | Genoud2018(Genoud,secondary)=6.55"
"Sorex cinereus","BMR_wholeanimal","mL O2/h",4,1,"39.8875","1.8","","Genoud2018(Genoud,secondary)=38.7 | Genoud2018(Genoud,secondary)=31.5 | Genoud2018(Genoud,secondary)=56.6 | Genoud2018(Genoud,secondary)=32.75"
"Sorex ornatus","Body_Mass","g",4,3,"5.18","1.36","","Burger2019(Burger,secondary)=5.0 | Genoud2018(Genoud,secondary)=4.7 | Genoud2018(Genoud,secondary)=6.4 | Wilman2014(Wilman,secondary)=4.99"
"Sorex palustris","Body_Mass","g",4,4,"14.6","1.23","","Burger2019(Burger,secondary)=11.9 | Finlay2006(Finlay,primary)=14.6 | Genoud2018(Genoud,secondary)=14.4 | Wilman2014(Wilman,secondary)=13.45"
"Spalax carmeli","Body_Mass","g",4,2,"210.175","2.52","DISAGREEMENT>2x","Genoud2018(Genoud,secondary)=117.0 | Genoud2018(Genoud,secondary)=124.0 | Genoud2018(Genoud,secondary)=134.9 | Wilman2014(Wilman,secondary)=295.05"
"Spalax ehrenbergi","Body_Mass","g",4,3,"135.5","1.46","","Weibel2004(Weibel,primary)=136.0 | Weibel2004(Weibel,primary)=135.0 | Burger2019(Burger,secondary)=197.0 | Wilman2014(Wilman,secondary)=164.35"
"Spalax galili","Body_Mass","g",4,2,"209.1083","2.84","DISAGREEMENT>2x","Genoud2018(Genoud,secondary)=128.0 | Genoud2018(Genoud,secondary)=104.0 | Genoud2018(Genoud,secondary)=137.5 | Wilman2014(Wilman,secondary)=295.05"
"Spalax leucodon","Body_Mass","g",4,3,"166.7067","1.65","","Burger2019(Burger,secondary)=122.0 | Genoud2018(Genoud,secondary)=201.0 | Genoud2018(Genoud,secondary)=177.9 | Wilman2014(Wilman,secondary)=188.67"
"Spermophilus citellus","Body_Mass","g",4,4,"250","1.19","","Burger2019(Burger,secondary)=288.5 | Ruf2015(Ruf,primary)=250.0 | Genoud2018(Genoud,secondary)=243.0 | Wilman2014(Wilman,secondary)=290.0"
"Spermophilus dauricus","Body_Mass","g",4,4,"350","2.17","DISAGREEMENT>2x","Burger2019(Burger,secondary)=223.8 | Ruf2015(Ruf,primary)=350.0 | Genoud2018(Genoud,secondary)=347.0 | Wilman2014(Wilman,secondary)=161.3"
"Spermophilus mexicanus","Body_Mass","g",4,4,"200","1.45","","Burger2019(Burger,secondary)=274.5 | Ruf2015(Ruf,primary)=200.0 | Genoud2018(Genoud,secondary)=199.0 | Wilman2014(Wilman,secondary)=189.64"
"Spermophilus mohavensis","Body_Mass","g",4,3,"197.75","1.68","","Burger2019(Burger,secondary)=154.0 | Genoud2018(Genoud,secondary)=239.5 | Genoud2018(Genoud,secondary)=259.0 | Wilman2014(Wilman,secondary)=190.0"
"Spermophilus saturatus","Body_Mass","g",4,4,"230","1.15","","Burger2019(Burger,secondary)=242.7 | Ruf2015(Ruf,primary)=230.0 | Genoud2018(Genoud,secondary)=252.2 | Wilman2014(Wilman,secondary)=220.0"
"Spermophilus townsendii","Body_Mass","g",4,3,"192.45","1.55","","Burger2019(Burger,secondary)=149.5 | Genoud2018(Genoud,secondary)=198.7 | Genoud2018(Genoud,secondary)=231.0 | Wilman2014(Wilman,secondary)=213.0"
"Spermophilus undulatus","Body_Mass","g",4,3,"702.4333","1.68","","Burger2019(Burger,secondary)=677.3 | Genoud2018(Genoud,secondary)=500.0 | Genoud2018(Genoud,secondary)=680.0 | Wilman2014(Wilman,secondary)=840.0"
"Spilocuscus maculatus","Body_Mass","g",4,3,"4348.6333","1.34","","Burger2019(Burger,secondary)=3815.0 | Genoud2018(Genoud,secondary)=4250.0 | Genoud2018(Genoud,secondary)=3998.3 | Wilman2014(Wilman,secondary)=5106.75"
"Steatomys pratensis","Body_Mass","g",4,3,"28","1.75","","Ruf2015(Ruf,primary)=28.0 | Genoud2018(Genoud,secondary)=27.5 | Genoud2018(Genoud,secondary)=37.54 | Wilman2014(Wilman,secondary)=48.0"
"Suncus etruscus","BMR_massspecific","mL O2/h/g",4,1,"4.3782","1.88","","Genoud2018(Genoud,secondary)=4.696 | Genoud2018(Genoud,secondary)=3.6 | Genoud2018(Genoud,secondary)=3.2 | Genoud2018(Genoud,secondary)=6.017"
"Suncus etruscus","BMR_wholeanimal","mL O2/h",4,1,"10.185","1.97","","Genoud2018(Genoud,secondary)=10.8 | Genoud2018(Genoud,secondary)=9.0 | Genoud2018(Genoud,secondary)=7.04 | Genoud2018(Genoud,secondary)=13.9"
"Suricata suricatta","Body_Mass","g",4,4,"730.125","1.37","","Burger2019(Burger,secondary)=725.0 | Genoud2018(Genoud,secondary)=850.0 | Veilleux2014(Veilleux,secondary)=620.0 | Wilman2014(Wilman,secondary)=725.5"
"Sus scrofa","BMR_massspecific","mL O2/h/g",4,1,"0.2144","2.53","DISAGREEMENT>2x","Genoud2018(Genoud,secondary)=0.138 | Genoud2018(Genoud,secondary)=0.172 | Genoud2018(Genoud,secondary)=0.197 | Genoud2018(Genoud,secondary)=0.35"
"Sus scrofa","BMR_wholeanimal","mL O2/h",4,1,"20611.75","3.05","DISAGREEMENT>2x","Genoud2018(Genoud,secondary)=18663.0 | Genoud2018(Genoud,secondary)=11634.0 | Genoud2018(Genoud,secondary)=35525.0 | Genoud2018(Genoud,secondary)=16625.0"
"Sus scrofa domesticus","Body_Mass","g",4,3,"1e+05","1.34","","HerculanoHouzel2015(HerculanoHouzel,secondary)=1e+05 | Lewitus2014(Lewitus,secondary)=133600.0 | Kazu2014(Kazu,primary)=1e+05 | Kazu2015(Kazu,primary)=1e+05"
"Tadarida brasiliensis","BMR_massspecific","mL O2/h/g",4,1,"1.4167","2.58","DISAGREEMENT>2x","Genoud2018(Genoud,secondary)=1.596 | Genoud2018(Genoud,secondary)=2.019 | Genoud2018(Genoud,secondary)=1.27 | Genoud2018(Genoud,secondary)=0.782"
"Tadarida brasiliensis","BMR_wholeanimal","mL O2/h",4,1,"15.2","2.44","DISAGREEMENT>2x","Genoud2018(Genoud,secondary)=16.6 | Genoud2018(Genoud,secondary)=21.0 | Genoud2018(Genoud,secondary)=14.6 | Genoud2018(Genoud,secondary)=8.6"
"Tapirus indicus","Body_Mass","g",4,4,"254614.7975","1.55","","MedinaGonzález2026(MedinaGonzález,secondary)=210000.0 | Burger2019(Burger,secondary)=201000.0 | Wimberly2021(Wimberly,secondary)=311209.19 | Wilman2014(Wilman,secondary)=296250.0"
"Tapirus terrestris","Body_Mass","g",4,4,"184249.3875","1.3","","MedinaGonzález2026(MedinaGonzález,secondary)=2e+05 | Burger2019(Burger,secondary)=160000.0 | Wimberly2021(Wimberly,secondary)=169496.64 | Wilman2014(Wilman,secondary)=207500.91"
"Tarsius dentatus","Body_Mass","g",4,4,"111.98","1.02","","Isler2008(Isler,secondary)=113.0 | Burger2019(Burger,secondary)=113.0 | Granatosky2018(Granatosky,secondary)=111.5 | Wilman2014(Wilman,secondary)=110.42"
"Tarsius syrichta","BMR_massspecific","mL O2/h/g",4,3,"0.6729","1.08","","Isler2008(Isler,secondary)=0.679 | Genoud2018(Genoud,secondary)=0.635 | Genoud2018(Genoud,secondary)=0.675 | Lewitus2014(Lewitus,secondary)=0.685"
"Tarsius syrichta","BMR_wholeanimal","mL O2/h",4,3,"85.5667","1.69","","Isler2008(Isler,secondary)=76.7 | Genoud2018(Genoud,secondary)=129.6 | Genoud2018(Genoud,secondary)=77.0 | Lewitus2014(Lewitus,secondary)=76.7"
"Taxidea taxus","Body_Mass","g",4,4,"9000","1.27","","Burger2019(Burger,secondary)=7425.0 | Ruf2015(Ruf,primary)=9000.0 | Genoud2018(Genoud,secondary)=9000.0 | Wilman2014(Wilman,secondary)=7107.55"
"Trachypithecus auratus","Body_Mass","g",4,4,"7706.25","1.34","","Burger2019(Burger,secondary)=9525.0 | Powell2017(Powell,secondary)=7100.0 | Wilman2014(Wilman,secondary)=7100.0 | NA(10.6084%2Fm9.figshare.c.3899422.v1_Dataset1.tsv,secondary)=7100.0"
"Trachypithecus poliocephalus","Body_Mass","g",4,4,"8289.115","1.15","","Powell2017(Powell,secondary)=7820.0 | Wimberly2021(Wimberly,secondary)=9000.0 | Wilman2014(Wilman,secondary)=8516.46 | NA(10.6084%2Fm9.figshare.c.3899422.v1_Dataset1.tsv,secondary)=7820.0"
"Trichosurus vulpecula","BMR_massspecific","mL O2/h/g",4,1,"0.3411","2.78","DISAGREEMENT>2x","Genoud2018(Genoud,secondary)=0.169 | Genoud2018(Genoud,secondary)=0.315 | Genoud2018(Genoud,secondary)=0.41 | Genoud2018(Genoud,secondary)=0.47"
"Trichosurus vulpecula","BMR_wholeanimal","mL O2/h",4,1,"701.95","2.71","DISAGREEMENT>2x","Genoud2018(Genoud,secondary)=364.8 | Genoud2018(Genoud,secondary)=625.0 | Genoud2018(Genoud,secondary)=831.0 | Genoud2018(Genoud,secondary)=987.0"
"Tupaia glis","BMR_massspecific","mL O2/h/g",4,3,"0.9493","4.71","DISAGREEMENT>2x","Boyer2018(Boyer,secondary)=0.658 | Genoud2018(Genoud,secondary)=0.76 | Genoud2018(Genoud,secondary)=2.54 | Lewitus2014(Lewitus,secondary)=0.539"
"Tupaia glis","BMR_wholeanimal","mL O2/h",4,3,"141.3261","4.07","DISAGREEMENT>2x","Boyer2018(Boyer,secondary)=93.498 | Genoud2018(Genoud,secondary)=93.5 | Genoud2018(Genoud,secondary)=380.5 | Lewitus2014(Lewitus,secondary)=93.48"
"Tupaia minor","Body_Mass","g",4,4,"95","1.87","","Burger2019(Burger,secondary)=70.0 | Stephan1981(Stephan_collection,primary)=70.0 | Wilman2014(Wilman,secondary)=64.28 | Stephan1988(Stephan,primary)=120.0"
"Vulpes zerda","Body_Mass","g",4,3,"1076.5","1.25","","Burger2019(Burger,secondary)=969.0 | Genoud2018(Genoud,secondary)=1106.0 | Genoud2018(Genoud,secondary)=1215.0 | Wilman2014(Wilman,secondary)=1100.0"
"Xerus inauris","Body_Mass","g",4,3,"494","1.45","","Burger2019(Burger,secondary)=400.0 | Genoud2018(Genoud,secondary)=528.0 | Genoud2018(Genoud,secondary)=578.0 | Wilman2014(Wilman,secondary)=529.0"
"Zaedyus pichiy","Body_Mass","g",4,4,"1100","1.58","","Burger2019(Burger,secondary)=1740.0 | Ruf2015(Ruf,primary)=1100.0 | Genoud2018(Genoud,secondary)=1740.0 | Wilman2014(Wilman,secondary)=1380.0"
"Zapus princeps","Body_Mass","g",4,4,"33.6","1.37","","Burger2019(Burger,secondary)=24.5 | Ruf2015(Ruf,primary)=33.6 | Genoud2018(Genoud,secondary)=27.5 | Wilman2014(Wilman,secondary)=29.0"
"Abrothrix olivaceus","BMR_massspecific","mL O2/h/g",3,1,"1.7599","1.56","","Genoud2018(Genoud,secondary)=1.83 | Genoud2018(Genoud,secondary)=1.35 | Genoud2018(Genoud,secondary)=2.1"
"Abrothrix olivaceus","BMR_wholeanimal","mL O2/h",3,1,"55.3867","2.43","DISAGREEMENT>2x","Genoud2018(Genoud,secondary)=49.4 | Genoud2018(Genoud,secondary)=34.02 | Genoud2018(Genoud,secondary)=82.74"
"Aepyceros melampus","Body_Mass","g",3,3,"54233.9233","1.1","","Burger2019(Burger,secondary)=57610.0 | Wimberly2021(Wimberly,secondary)=52591.69 | Wilman2014(Wilman,secondary)=52500.08"
"Agouti paca","Body_Mass","g",3,2,"3220","2.48","DISAGREEMENT>2x","Weibel2004(Weibel,primary)=3220.0 | Weibel2004(Weibel,primary)=3220.0 | Veilleux2014(Veilleux,secondary)=8000.0"
"Akodon azarae","BMR_massspecific","mL O2/h/g",3,1,"1.6337","1.16","","Genoud2018(Genoud,secondary)=1.702 | Genoud2018(Genoud,secondary)=1.72 | Genoud2018(Genoud,secondary)=1.479"
"Akodon azarae","BMR_wholeanimal","mL O2/h",3,1,"39.22","1.03","","Genoud2018(Genoud,secondary)=40.0 | Genoud2018(Genoud,secondary)=38.7 | Genoud2018(Genoud,secondary)=38.96"
"Alces americanus","Body_Mass","g",3,3,"387820.1467","1.99","","Burger2019(Burger,secondary)=272000.0 | Genoud2018(Genoud,secondary)=350000.0 | Wilman2014(Wilman,secondary)=541460.44"
"Alopex lagopus","Body_Mass","g",3,1,"4506.6667","1.05","","Weibel2004(Weibel,primary)=4510.0 | Weibel2004(Weibel,primary)=4400.0 | Weibel2004(Weibel,primary)=4610.0"
"Alouatta palliata","BMR_massspecific","mL O2/h/g",3,3,"0.554","1.85","","Isler2008(Isler,secondary)=0.428 | Genoud2018(Genoud,secondary)=0.441 | Lewitus2014(Lewitus,secondary)=0.792"
"Alouatta palliata","BMR_wholeanimal","mL O2/h",3,3,"2910.0867","2.33","DISAGREEMENT>2x","Isler2008(Isler,secondary)=2000.26 | Genoud2018(Genoud,secondary)=2060.0 | Lewitus2014(Lewitus,secondary)=4670.0"
"Ametrida centurio","Body_Mass","g",3,3,"10.4433","1.02","","Burger2019(Burger,secondary)=10.5 | Genoud2018(Genoud,secondary)=10.5 | Wilman2014(Wilman,secondary)=10.33"
"Ammotragus lervia","Body_Mass","g",3,3,"84067.4067","2.29","DISAGREEMENT>2x","Burger2019(Burger,secondary)=110000.0 | Wimberly2021(Wimberly,secondary)=94202.22 | Wilman2014(Wilman,secondary)=48000.0"
"Antechinus stuartii","BMR_massspecific","mL O2/h/g",3,1,"1.2775","1.53","","Genoud2018(Genoud,secondary)=1.53 | Genoud2018(Genoud,secondary)=1.003 | Genoud2018(Genoud,secondary)=1.3"
"Antechinus stuartii","BMR_wholeanimal","mL O2/h",3,1,"34.3033","1.13","","Genoud2018(Genoud,secondary)=33.81 | Genoud2018(Genoud,secondary)=36.6 | Genoud2018(Genoud,secondary)=32.5"
"Antechinus swainsonii","Body_Mass","g",3,3,"57.6333","1.26","","Burger2019(Burger,secondary)=53.0 | Genoud2018(Genoud,secondary)=66.9 | Wilman2014(Wilman,secondary)=53.0"
"Aotus lemurinus","Body_Mass","g",3,3,"3544.4967","12.3","DISAGREEMENT>2x","Isler2008(Isler,secondary)=734.0 | Burger2019(Burger,secondary)=9026.5 | Wilman2014(Wilman,secondary)=872.99"
"Aplodontia rufa","Body_Mass","g",3,3,"813.33","1.59","","Burger2019(Burger,secondary)=806.0 | Genoud2018(Genoud,secondary)=630.0 | Wilman2014(Wilman,secondary)=1003.99"
"Apodemus mystacinus","BMR_massspecific","mL O2/h/g",3,1,"1.3527","2.46","DISAGREEMENT>2x","Genoud2018(Genoud,secondary)=0.69 | Genoud2018(Genoud,secondary)=1.669 | Genoud2018(Genoud,secondary)=1.699"
"Apodemus mystacinus","BMR_wholeanimal","mL O2/h",3,1,"48.9667","2.41","DISAGREEMENT>2x","Genoud2018(Genoud,secondary)=27.88 | Genoud2018(Genoud,secondary)=51.9 | Genoud2018(Genoud,secondary)=67.12"
"Apodemus speciosus","Body_Mass","g",3,2,"32.58","1.2","","Genoud2018(Genoud,secondary)=34.2 | Genoud2018(Genoud,secondary)=28.52 | Wilman2014(Wilman,secondary)=33.8"
"Apodemus witherbyi","Body_Mass","g",3,2,"20.355","1.05","","Genoud2018(Genoud,secondary)=20.5 | Genoud2018(Genoud,secondary)=19.6 | Wilman2014(Wilman,secondary)=20.66"
"Arctogalidia trivirgata","Body_Mass","g",3,3,"2240","1.22","","Burger2019(Burger,secondary)=2460.0 | Genoud2018(Genoud,secondary)=2010.0 | Wilman2014(Wilman,secondary)=2250.0"
"Artibeus concolor","Body_Mass","g",3,3,"19.4833","1.02","","Burger2019(Burger,secondary)=19.4 | Genoud2018(Genoud,secondary)=19.7 | Wilman2014(Wilman,secondary)=19.35"
"Artibeus lituratus","BMR_massspecific","mL O2/h/g",3,1,"1.2568","1.09","","Genoud2018(Genoud,secondary)=1.21 | Genoud2018(Genoud,secondary)=1.24 | Genoud2018(Genoud,secondary)=1.321"
"Artibeus lituratus","BMR_wholeanimal","mL O2/h",3,1,"89.5667","1.15","","Genoud2018(Genoud,secondary)=84.8 | Genoud2018(Genoud,secondary)=86.4 | Genoud2018(Genoud,secondary)=97.5"
"Arvicola amphibius","Body_Mass","g",3,3,"128.6","1.73","","Burger2019(Burger,secondary)=168.3 | Genoud2018(Genoud,secondary)=97.5 | Wilman2014(Wilman,secondary)=120.0"
"Asellia tridens","Body_Mass","g",3,3,"12.8","1.07","","Burger2019(Burger,secondary)=12.8 | Stephan1970(Stephan_collection,primary)=12.8 | Wilman2014(Wilman,secondary)=11.93"
"Aselliscus tricuspidatus","Body_Mass","g",3,3,"4.2333","1.07","","Burger2019(Burger,secondary)=4.4 | Genoud2018(Genoud,secondary)=4.2 | Wilman2014(Wilman,secondary)=4.1"
"Atelerix frontalis","Body_Mass","g",3,3,"400","1.29","","Ruf2015(Ruf,primary)=400.0 | Genoud2018(Genoud,secondary)=375.0 | Wilman2014(Wilman,secondary)=309.5"
"Ateles chamek","Body_Mass","g",3,3,"8246.66","1.56","","Isler2008(Isler,secondary)=9370.0 | Burger2019(Burger,secondary)=9370.0 | Wilman2014(Wilman,secondary)=5999.98"
"Axis axis","Body_Mass","g",3,3,"81410.6167","1.32","","Garwicz2009(Garwicz,secondary)=88500.0 | Burger2019(Burger,secondary)=88450.0 | Wilman2014(Wilman,secondary)=67281.85"
"Balaenoptera borealis","Body_Mass","g",3,3,"25555555.5567","1.83","","Manger2006(Manger,secondary)=2e+07 | Burger2019(Burger,secondary)=36666666.67 | Wilman2014(Wilman,secondary)=2e+07"
"Balaenoptera musculus","Body_Mass","g",3,3,"97269333.3233","3.73","DISAGREEMENT>2x","Manger2006(Manger,secondary)=50904000.0 | Burger2019(Burger,secondary)=50903999.97 | Wilman2014(Wilman,secondary)=1.9e+08"
"Balaenoptera physalus","Body_Mass","g",3,3,"55240476.6667","2.11","DISAGREEMENT>2x","Manger2006(Manger,secondary)=33221430.0 | Burger2019(Burger,secondary)=62500000.0 | Wilman2014(Wilman,secondary)=7e+07"
"Barbastella barbastellus","Body_Mass","g",3,3,"7","1.34","","Burger2019(Burger,secondary)=6.0 | Ruf2015(Ruf,primary)=7.0 | Wilman2014(Wilman,secondary)=8.03"
"Bathyergus janetta","Body_Mass","g",3,2,"356.75","1.22","","Genoud2018(Genoud,secondary)=357.0 | Genoud2018(Genoud,secondary)=406.0 | Wilman2014(Wilman,secondary)=332.0"
"Bettongia lesueur","Body_Mass","g",3,3,"1597","1.23","","Burger2019(Burger,secondary)=1300.0 | Seymour2015(Seymour,primary)=1597.0 | Wilman2014(Wilman,secondary)=1500.0"
"Bos grunniens","Body_Mass","g",3,3,"269833.3333","2.91","DISAGREEMENT>2x","Burger2019(Burger,secondary)=250000.0 | Genoud2018(Genoud,secondary)=143000.0 | Wilman2014(Wilman,secondary)=416500.0"
"Brachyteles hypoxanthus","Body_Mass","g",3,3,"10099.96","1.61","","Powell2017(Powell,secondary)=8400.0 | Wilman2014(Wilman,secondary)=13499.88 | NA(10.6084%2Fm9.figshare.c.3899422.v1_Dataset1.tsv,secondary)=8400.0"
"Bradypus tridactylus","Body_Mass","g",3,3,"3897.6633","1.09","","Burger2019(Burger,secondary)=4097.0 | Genoud2018(Genoud,secondary)=3746.0 | Wilman2014(Wilman,secondary)=3849.99"
"Bradypus variegatus","BMR_massspecific","mL O2/h/g",3,1,"0.1827","1.19","","Genoud2018(Genoud,secondary)=0.168 | Genoud2018(Genoud,secondary)=0.199 | Genoud2018(Genoud,secondary)=0.181"
"Bradypus variegatus","BMR_wholeanimal","mL O2/h",3,1,"627.9333","1.32","","Genoud2018(Genoud,secondary)=520.8 | Genoud2018(Genoud,secondary)=677.0 | Genoud2018(Genoud,secondary)=686.0"
"Bubalus bubalis","Body_Mass","g",3,3,"720250.3233","2.16","DISAGREEMENT>2x","MedinaGonzález2026(MedinaGonzález,secondary)=8e+05 | Wimberly2021(Wimberly,secondary)=929500.97 | Wilman2014(Wilman,secondary)=431250.0"
"Bunopithecus hoolock","Body_Mass","g",3,3,"6718.4167","1","","Isler2008(Isler,secondary)=6728.0 | Burger2019(Burger,secondary)=6728.25 | Wilman2014(Wilman,secondary)=6699.0"
"Callicebus discolor","Body_Mass","g",3,3,"918.3333","1.15","","Isler2008(Isler,secondary)=875.0 | Burger2019(Burger,secondary)=875.0 | Wilman2014(Wilman,secondary)=1005.0"
"Callicebus medemi","Body_Mass","g",3,3,"1172.9167","1.04","","Isler2008(Isler,secondary)=1157.0 | Burger2019(Burger,secondary)=1156.75 | Wilman2014(Wilman,secondary)=1205.0"
"Callimico goeldii","BMR_massspecific","mL O2/h/g",3,2,"0.5062","1.06","","Isler2008(Isler,secondary)=0.499 | Genoud2018(Genoud,secondary)=0.527 | Genoud2018(Genoud,secondary)=0.499"
"Callimico goeldii","BMR_wholeanimal","mL O2/h",3,2,"280.625","1.04","","Isler2008(Isler,secondary)=278.0 | Genoud2018(Genoud,secondary)=288.5 | Genoud2018(Genoud,secondary)=278.0"
"Callithrix argentata","Body_Mass","g",3,3,"376.6667","1.28","","Isler2008(Isler,secondary)=345.0 | Burger2019(Burger,secondary)=345.0 | Wilman2014(Wilman,secondary)=440.0"
"Callithrix aurita","Body_Mass","g",3,3,"400","1.25","","Isler2008(Isler,secondary)=429.0 | Burger2019(Burger,secondary)=429.0 | Wilman2014(Wilman,secondary)=342.0"
"Callithrix humeralifera","Body_Mass","g",3,3,"371.6633","1.01","","Isler2008(Isler,secondary)=370.0 | Burger2019(Burger,secondary)=370.0 | Wilman2014(Wilman,secondary)=374.99"
"Callithrix kuhlii","Body_Mass","g",3,3,"362.8889","1.09","","Powell2017(Powell,secondary)=373.333 | Wilman2014(Wilman,secondary)=342.0 | NA(10.6084%2Fm9.figshare.c.3899422.v1_Dataset1.tsv,secondary)=373.333"
"Calomys musculinus","Body_Mass","g",3,3,"17","1.19","","Ruf2015(Ruf,primary)=17.0 | Genoud2018(Genoud,secondary)=16.9 | Wilman2014(Wilman,secondary)=20.1"
"Calomys venustus","Body_Mass","g",3,3,"50","1.01","","Ruf2015(Ruf,primary)=50.0 | Genoud2018(Genoud,secondary)=49.5 | Wilman2014(Wilman,secondary)=49.33"
"Caluromys derbianus","Body_Mass","g",3,3,"324","1.2","","Burger2019(Burger,secondary)=318.0 | Genoud2018(Genoud,secondary)=357.0 | Wilman2014(Wilman,secondary)=297.0"
"Canis aureus","Body_Mass","g",3,3,"9498.41","1.54","","Burger2019(Burger,secondary)=7150.0 | Wimberly2021(Wimberly,secondary)=11000.0 | Wilman2014(Wilman,secondary)=10345.23"
"Canis latrans","BMR_massspecific","mL O2/h/g",3,2,"0.6647","3.62","DISAGREEMENT>2x","Genoud2018(Genoud,secondary)=0.269 | Genoud2018(Genoud,secondary)=0.446 | Lewitus2014(Lewitus,secondary)=0.972"
"Canis latrans","BMR_wholeanimal","mL O2/h",3,2,"7045.45","3.89","DISAGREEMENT>2x","Genoud2018(Genoud,secondary)=2688.0 | Genoud2018(Genoud,secondary)=4593.8 | Lewitus2014(Lewitus,secondary)=10450.0"
"Canis mesomelas","Body_Mass","g",3,3,"8073.34","1.1","","Burger2019(Burger,secondary)=8000.0 | Genoud2018(Genoud,secondary)=7720.0 | Wilman2014(Wilman,secondary)=8500.02"
"Carlito syrichta","Body_Mass","g",3,1,"127","1","","Granatosky2018(Granatosky,secondary)=127.0 | Granatosky2018(Granatosky,secondary)=127.0 | Granatosky2018(Granatosky,secondary)=127.0"
"Cavia aperea","Body_Mass","g",3,3,"600","1.96","","Burger2019(Burger,secondary)=306.45 | Heffner1975(Heffner,primary)=600.0 | Wilman2014(Wilman,secondary)=549.0"
"Cephalophus natalensis","Body_Mass","g",3,3,"12408.16","1.06","","Burger2019(Burger,secondary)=12500.0 | Wimberly2021(Wimberly,secondary)=12724.51 | Wilman2014(Wilman,secondary)=11999.97"
"Cephalophus silvicultor","Body_Mass","g",3,3,"59168.9767","1.69","","Burger2019(Burger,secondary)=43000.0 | Wimberly2021(Wimberly,secondary)=62006.6 | Wilman2014(Wilman,secondary)=72500.33"
"Cercopithecus doggetti","Body_Mass","g",3,3,"5663.9444","1.48","","Isler2008(Isler,secondary)=6350.0 | Burger2019(Burger,secondary)=6350.333 | Wilman2014(Wilman,secondary)=4291.5"
"Cercopithecus erythrogaster","Body_Mass","g",3,3,"2766.6667","1.16","","Powell2017(Powell,secondary)=2900.0 | Wilman2014(Wilman,secondary)=2500.0 | NA(10.6084%2Fm9.figshare.c.3899422.v1_Dataset1.tsv,secondary)=2900.0"
"Cercopithecus erythrotis","Body_Mass","g",3,3,"3472.7767","1.21","","Isler2008(Isler,secondary)=3250.0 | Burger2019(Burger,secondary)=3250.0 | Wilman2014(Wilman,secondary)=3918.33"
"Cercopithecus lowei","Body_Mass","g",3,3,"3228","2.1","DISAGREEMENT>2x","Isler2008(Isler,secondary)=3187.0 | Burger2019(Burger,secondary)=2097.0 | Wilman2014(Wilman,secondary)=4400.0"
"Cercopithecus mitis","BMR_massspecific","mL O2/h/g",3,3,"0.4945","1.72","","Isler2008(Isler,secondary)=0.399 | Genoud2018(Genoud,secondary)=0.399 | Lewitus2014(Lewitus,secondary)=0.685"
"Cercopithecus mitis","BMR_wholeanimal","mL O2/h",3,3,"3413.0833","1.02","","Isler2008(Isler,secondary)=3391.5 | Genoud2018(Genoud,secondary)=3392.0 | Lewitus2014(Lewitus,secondary)=3455.75"
"Cercopithecus wolfi","Body_Mass","g",3,3,"3593.3333","1.18","","Isler2008(Isler,secondary)=3390.0 | Burger2019(Burger,secondary)=3390.0 | Wilman2014(Wilman,secondary)=4000.0"
"Cerdocyon thous","Body_Mass","g",3,3,"5427.9933","1.07","","Burger2019(Burger,secondary)=5600.0 | Genoud2018(Genoud,secondary)=5444.0 | Wilman2014(Wilman,secondary)=5239.98"
"Chaetodipus baileyi","Body_Mass","g",3,3,"28.4","1.13","","Burger2019(Burger,secondary)=29.75 | Genoud2018(Genoud,secondary)=29.1 | Wilman2014(Wilman,secondary)=26.35"
"Chaetodipus californicus","Body_Mass","g",3,3,"23.3333","1.18","","Burger2019(Burger,secondary)=26.0 | Genoud2018(Genoud,secondary)=22.0 | Wilman2014(Wilman,secondary)=22.0"
"Chaetodipus formosus","Body_Mass","g",3,3,"17.55","1.29","","Burger2019(Burger,secondary)=18.1 | Genoud2018(Genoud,secondary)=15.1 | Wilman2014(Wilman,secondary)=19.45"
"Chaetodipus intermedius","Body_Mass","g",3,2,"16.475","1.25","","Genoud2018(Genoud,secondary)=14.6 | Genoud2018(Genoud,secondary)=18.3 | Wilman2014(Wilman,secondary)=16.5"
"Chaetodipus penicillatus","Body_Mass","g",3,3,"16.38","1.06","","Burger2019(Burger,secondary)=16.25 | Genoud2018(Genoud,secondary)=16.0 | Wilman2014(Wilman,secondary)=16.89"
"Chaetophractus villosus","Body_Mass","g",3,3,"4009.3467","1.54","","Burger2019(Burger,secondary)=2948.0 | Genoud2018(Genoud,secondary)=4540.0 | Wilman2014(Wilman,secondary)=4540.04"
"Chiropotes albinasus","Body_Mass","g",3,3,"2864.3367","1.02","","Powell2017(Powell,secondary)=2846.5 | Wilman2014(Wilman,secondary)=2900.01 | NA(10.6084%2Fm9.figshare.c.3899422.v1_Dataset1.tsv,secondary)=2846.5"
"Chiropotes israelita","Body_Mass","g",3,3,"2499.1044","1.3","","Isler2008(Isler,secondary)=2274.0 | Burger2019(Burger,secondary)=2273.733 | Wilman2014(Wilman,secondary)=2949.58"
"Choeroniscus godmani","Body_Mass","g",3,3,"8.0333","1.66","","Burger2019(Burger,secondary)=6.1 | Genoud2018(Genoud,secondary)=10.1 | Wilman2014(Wilman,secondary)=7.9"
"Chrotopterus auritus","Body_Mass","g",3,3,"86.9867","1.23","","Burger2019(Burger,secondary)=87.0 | Genoud2018(Genoud,secondary)=96.1 | Wilman2014(Wilman,secondary)=77.86"
"Chrysocyon brachyurus","Body_Mass","g",3,3,"22833.28","1.06","","Burger2019(Burger,secondary)=23250.0 | Wimberly2021(Wimberly,secondary)=22000.0 | Wilman2014(Wilman,secondary)=23249.84"
"Coendou prehensilis","Body_Mass","g",3,3,"4026.6567","1.34","","Burger2019(Burger,secondary)=4400.0 | Genoud2018(Genoud,secondary)=3280.0 | Wilman2014(Wilman,secondary)=4399.97"
"Colobus angolensis palliatus","Body_Mass","g",3,1,"8959.5","1","","Granatosky2018(Granatosky,secondary)=8959.5 | Granatosky2018(Granatosky,secondary)=8959.5 | Granatosky2018(Granatosky,secondary)=8959.5"
"Cricetomys gambianus","Body_Mass","g",3,3,"1430.6333","1.63","","Burger2019(Burger,secondary)=1150.0 | Genoud2018(Genoud,secondary)=1870.9 | Wilman2014(Wilman,secondary)=1271.0"
"Cricetulus migratorius","Body_Mass","g",3,2,"34.6","1.25","","Genoud2018(Genoud,secondary)=30.7 | Genoud2018(Genoud,secondary)=30.7 | Wilman2014(Wilman,secondary)=38.5"
"Crocidura leucodon","Body_Mass","g",3,3,"12","1.22","","Ruf2015(Ruf,primary)=12.0 | Genoud2018(Genoud,secondary)=11.7 | Wilman2014(Wilman,secondary)=9.82"
"Crocidura olivieri","Body_Mass","g",3,2,"47","1.75","","Genoud2018(Genoud,secondary)=33.2 | Genoud2018(Genoud,secondary)=38.9 | Wilman2014(Wilman,secondary)=57.95"
"Cryptoprocta ferox","Body_Mass","g",3,3,"8591.6667","1.4","","Burger2019(Burger,secondary)=6775.0 | Wimberly2021(Wimberly,secondary)=9500.0 | Wilman2014(Wilman,secondary)=9500.0"
"Cryptotis parva","BMR_massspecific","mL O2/h/g",3,1,"4.6784","2.28","DISAGREEMENT>2x","Genoud2018(Genoud,secondary)=7.0 | Genoud2018(Genoud,secondary)=3.065 | Genoud2018(Genoud,secondary)=3.971"
"Cryptotis parva","BMR_wholeanimal","mL O2/h",3,1,"28.03","2.36","DISAGREEMENT>2x","Genoud2018(Genoud,secondary)=44.8 | Genoud2018(Genoud,secondary)=19.0 | Genoud2018(Genoud,secondary)=20.29"
"Ctenomys australis","Body_Mass","g",3,2,"339.2","1.23","","Genoud2018(Genoud,secondary)=340.0 | Genoud2018(Genoud,secondary)=293.8 | Wilman2014(Wilman,secondary)=361.5"
"Ctenomys opimus","Body_Mass","g",3,2,"288.85","1.69","","Genoud2018(Genoud,secondary)=214.0 | Genoud2018(Genoud,secondary)=218.4 | Wilman2014(Wilman,secondary)=361.5"
"Cuniculus paca","Body_Mass","g",3,3,"7311.85","1.99","","Burger2019(Burger,secondary)=4607.0 | Genoud2018(Genoud,secondary)=9156.0 | Wilman2014(Wilman,secondary)=8172.55"
"Cuon alpinus","Body_Mass","g",3,3,"14591.11","1.14","","Burger2019(Burger,secondary)=13800.0 | Wimberly2021(Wimberly,secondary)=15800.0 | Wilman2014(Wilman,secondary)=14173.33"
"Cynictis penicillata","Body_Mass","g",3,3,"678.1044","1.46","","Burger2019(Burger,secondary)=571.0 | Lewitus2014(Lewitus,secondary)=627.303 | Wilman2014(Wilman,secondary)=836.01"
"Cynomys leucurus","Body_Mass","g",3,3,"1500","1.65","","Burger2019(Burger,secondary)=1021.15 | Ruf2015(Ruf,primary)=1500.0 | Wilman2014(Wilman,secondary)=908.49"
"Cynomys parvidens","Body_Mass","g",3,3,"800","1.56","","Burger2019(Burger,secondary)=576.0 | Ruf2015(Ruf,primary)=800.0 | Wilman2014(Wilman,secondary)=899.99"
"Cynopterus horsfieldii","Body_Mass","g",3,3,"53","1.07","","Burger2019(Burger,secondary)=56.88 | Stephan1970(Stephan_collection,primary)=53.0 | Wilman2014(Wilman,secondary)=56.01"
"Dactylopsila trivirgata","Body_Mass","g",3,3,"435","1.05","","Burger2019(Burger,secondary)=423.0 | Finlay2006(Finlay,primary)=435.0 | Wilman2014(Wilman,secondary)=413.53"
"Dama dama","Body_Mass","g",3,3,"56523.3333","2.15","DISAGREEMENT>2x","Burger2019(Burger,secondary)=37195.0 | Veilleux2014(Veilleux,secondary)=80000.0 | Wilman2014(Wilman,secondary)=52375.0"
"Damaliscus pygargus phillipsi","Body_Mass","g",3,2,"60000","1","","HerculanoHouzel2015(HerculanoHouzel,secondary)=60000.0 | Kazu2014(Kazu,primary)=60000.0 | Kazu2015(Kazu,primary)=60000.0"
"Dasyurus hallucatus","BMR_massspecific","mL O2/h/g",3,1,"0.4517","1.41","","Genoud2018(Genoud,secondary)=0.51 | Genoud2018(Genoud,secondary)=0.361 | Genoud2018(Genoud,secondary)=0.484"
"Dasyurus hallucatus","BMR_wholeanimal","mL O2/h",3,1,"246.6667","1.55","","Genoud2018(Genoud,secondary)=298.0 | Genoud2018(Genoud,secondary)=192.0 | Genoud2018(Genoud,secondary)=250.0"
"Dasyurus maculatus","BMR_massspecific","mL O2/h/g",3,1,"0.28","1.36","","Genoud2018(Genoud,secondary)=0.229 | Genoud2018(Genoud,secondary)=0.3 | Genoud2018(Genoud,secondary)=0.311"
"Dasyurus maculatus","BMR_wholeanimal","mL O2/h",3,1,"626.1333","8.03","DISAGREEMENT>2x","Genoud2018(Genoud,secondary)=148.8 | Genoud2018(Genoud,secondary)=534.6 | Genoud2018(Genoud,secondary)=1195.0"
"Dasyurus viverrinus","BMR_massspecific","mL O2/h/g",3,1,"0.4897","1.85","","Genoud2018(Genoud,secondary)=0.45 | Genoud2018(Genoud,secondary)=0.357 | Genoud2018(Genoud,secondary)=0.662"
"Dasyurus viverrinus","BMR_wholeanimal","mL O2/h",3,1,"434.1","1.37","","Genoud2018(Genoud,secondary)=409.5 | Genoud2018(Genoud,secondary)=376.8 | Genoud2018(Genoud,secondary)=516.0"
"Daubentonia madagascariensis","BMR_massspecific","mL O2/h/g",3,3,"0.5354","1.03","","Isler2008(Isler,secondary)=0.534 | Genoud2018(Genoud,secondary)=0.544 | Lewitus2014(Lewitus,secondary)=0.528"
"Daubentonia madagascariensis","BMR_wholeanimal","mL O2/h",3,3,"1390.49","1.01","","Isler2008(Isler,secondary)=1383.67 | Genoud2018(Genoud,secondary)=1393.9 | Lewitus2014(Lewitus,secondary)=1393.9"
"Dendrohyrax arboreus","Body_Mass","g",3,3,"2960.3667","1.01","","Burger2019(Burger,secondary)=2950.0 | Wimberly2021(Wimberly,secondary)=2981.11 | Wilman2014(Wilman,secondary)=2949.99"
"Dendrohyrax dorsalis","Body_Mass","g",3,3,"2178.3333","2.76","DISAGREEMENT>2x","Genoud2018(Genoud,secondary)=2210.0 | HerculanoHouzel2015(HerculanoHouzel,secondary)=1150.0 | Wilman2014(Wilman,secondary)=3175.0"
"Dendrolagus dorianus","Body_Mass","g",3,3,"16500","1.73","","Burger2019(Burger,secondary)=9550.0 | Seymour2015(Seymour,primary)=16500.0 | Wilman2014(Wilman,secondary)=9581.0"
"Dendrolagus goodfellowi","Body_Mass","g",3,3,"7824.5933","1.07","","Burger2019(Burger,secondary)=7500.0 | Wimberly2021(Wimberly,secondary)=7948.78 | Wilman2014(Wilman,secondary)=8025.0"
"Diaemus youngi","Body_Mass","g",3,3,"35.86","1.06","","Burger2019(Burger,secondary)=34.67 | Genoud2018(Genoud,secondary)=36.6 | Wilman2014(Wilman,secondary)=36.31"
"Dicrostonyx torquatus","Body_Mass","g",3,3,"75.9333","1.22","","Burger2019(Burger,secondary)=73.0 | Genoud2018(Genoud,secondary)=69.8 | Wilman2014(Wilman,secondary)=85.0"
"Didelphis virginiana","BMR_massspecific","mL O2/h/g",3,2,"0.2631","1.38","","Genoud2018(Genoud,secondary)=0.243 | Genoud2018(Genoud,secondary)=0.33 | Lewitus2014(Lewitus,secondary)=0.24"
"Didelphis virginiana","BMR_wholeanimal","mL O2/h",3,2,"789.835","1.66","","Genoud2018(Genoud,secondary)=646.4 | Genoud2018(Genoud,secondary)=1074.8 | Lewitus2014(Lewitus,secondary)=719.07"
"Dinomys branickii","Body_Mass","g",3,3,"13000","1.12","","MedinaGonzález2026(MedinaGonzález,secondary)=12500.0 | Burger2019(Burger,secondary)=14000.0 | Wilman2014(Wilman,secondary)=12500.0"
"Diphylla ecaudata","Body_Mass","g",3,3,"29.3833","1.12","","Burger2019(Burger,secondary)=31.05 | Genoud2018(Genoud,secondary)=27.8 | Wilman2014(Wilman,secondary)=29.3"
"Dipodillus campestris","Body_Mass","g",3,3,"32.4267","1.53","","Burger2019(Burger,secondary)=27.5 | Genoud2018(Genoud,secondary)=42.2 | Wilman2014(Wilman,secondary)=27.58"
"Dipodillus dasyurus","Body_Mass","g",3,3,"25.2","1.35","","Burger2019(Burger,secondary)=20.5 | Genoud2018(Genoud,secondary)=27.6 | Wilman2014(Wilman,secondary)=27.5"
"Dipodomys agilis","Body_Mass","g",3,3,"59.95","1.06","","Burger2019(Burger,secondary)=61.4 | Genoud2018(Genoud,secondary)=60.6 | Wilman2014(Wilman,secondary)=57.85"
"Dipodomys heermanni","Body_Mass","g",3,3,"66.9833","1.14","","Burger2019(Burger,secondary)=65.65 | Genoud2018(Genoud,secondary)=63.3 | Wilman2014(Wilman,secondary)=72.0"
"Dipodomys microps","BMR_massspecific","mL O2/h/g",3,1,"1.1065","1.1","","Genoud2018(Genoud,secondary)=1.17 | Genoud2018(Genoud,secondary)=1.09 | Genoud2018(Genoud,secondary)=1.06"
"Dipodomys microps","BMR_wholeanimal","mL O2/h",3,1,"60.19","1.23","","Genoud2018(Genoud,secondary)=66.9 | Genoud2018(Genoud,secondary)=59.08 | Genoud2018(Genoud,secondary)=54.59"
"Dipodomys panamintinus","BMR_massspecific","mL O2/h/g",3,1,"1.2091","1.25","","Genoud2018(Genoud,secondary)=1.1 | Genoud2018(Genoud,secondary)=1.157 | Genoud2018(Genoud,secondary)=1.37"
"Dipodomys panamintinus","BMR_wholeanimal","mL O2/h",3,1,"78.3733","1.57","","Genoud2018(Genoud,secondary)=62.59 | Genoud2018(Genoud,secondary)=74.3 | Genoud2018(Genoud,secondary)=98.23"
"Dipodomys spectabilis","Body_Mass","g",3,3,"126.81","1.45","","Burger2019(Burger,secondary)=144.55 | Genoud2018(Genoud,secondary)=100.0 | Wilman2014(Wilman,secondary)=135.88"
"Dobsonia minor","Body_Mass","g",3,2,"79.29","1.18","","Genoud2018(Genoud,secondary)=87.0 | Genoud2018(Genoud,secondary)=73.7 | Wilman2014(Wilman,secondary)=78.23"
"Dobsonia moluccensis","Body_Mass","g",3,3,"370.2467","1.24","","Burger2019(Burger,secondary)=325.0 | Genoud2018(Genoud,secondary)=404.3 | Wilman2014(Wilman,secondary)=381.44"
"Dobsonia praedatrix","Body_Mass","g",3,3,"186.2333","1.06","","Burger2019(Burger,secondary)=190.52 | Genoud2018(Genoud,secondary)=179.5 | Wilman2014(Wilman,secondary)=188.68"
"Dolichotis patagonum","Body_Mass","g",3,3,"8000","1","","MedinaGonzález2026(MedinaGonzález,secondary)=8000.0 | Burger2019(Burger,secondary)=8000.0 | Wilman2014(Wilman,secondary)=8000.0"
"Dolichotis salinicola","Body_Mass","g",3,3,"1604.3333","1.01","","Burger2019(Burger,secondary)=1600.0 | Genoud2018(Genoud,secondary)=1613.0 | Wilman2014(Wilman,secondary)=1600.0"
"Dromiciops gliroides","BMR_massspecific","mL O2/h/g",3,1,"1.0207","1.8","","Genoud2018(Genoud,secondary)=0.79 | Genoud2018(Genoud,secondary)=1.422 | Genoud2018(Genoud,secondary)=0.85"
"Dromiciops gliroides","BMR_wholeanimal","mL O2/h",3,1,"30.92","1.38","","Genoud2018(Genoud,secondary)=31.76 | Genoud2018(Genoud,secondary)=35.4 | Genoud2018(Genoud,secondary)=25.6"
"Echinosorex gymnura","Body_Mass","g",3,3,"878.3333","1.33","","Burger2019(Burger,secondary)=957.0 | Genoud2018(Genoud,secondary)=721.0 | Wilman2014(Wilman,secondary)=957.0"
"Echymipera kalubu","Body_Mass","g",3,3,"809.0567","1.37","","Burger2019(Burger,secondary)=950.0 | Genoud2018(Genoud,secondary)=695.0 | Wilman2014(Wilman,secondary)=782.17"
"Eira barbara","Body_Mass","g",3,3,"3176.01","1.47","","Burger2019(Burger,secondary)=2668.0 | Genoud2018(Genoud,secondary)=2950.0 | Wilman2014(Wilman,secondary)=3910.03"
"Elephantulus edwardii","Body_Mass","g",3,3,"45","1.11","","Ruf2015(Ruf,primary)=45.0 | Genoud2018(Genoud,secondary)=49.8 | Wilman2014(Wilman,secondary)=48.0"
"Elephantulus intufi","Body_Mass","g",3,3,"48.515","1.07","","Burger2019(Burger,secondary)=49.545 | Genoud2018(Genoud,secondary)=46.5 | Wilman2014(Wilman,secondary)=49.5"
"Elephantulus rozeti","Body_Mass","g",3,3,"45","1.07","","Ruf2015(Ruf,primary)=45.0 | Genoud2018(Genoud,secondary)=45.3 | Wilman2014(Wilman,secondary)=48.0"
"Elephantulus rufescens","Body_Mass","g",3,2,"53.025","2.24","DISAGREEMENT>2x","Genoud2018(Genoud,secondary)=53.0 | Genoud2018(Genoud,secondary)=84.1 | Wilman2014(Wilman,secondary)=37.5"
"Elephantulus rupestris","Body_Mass","g",3,3,"60","1.11","","Ruf2015(Ruf,primary)=60.0 | Genoud2018(Genoud,secondary)=59.7 | Wilman2014(Wilman,secondary)=66.4"
"Eliomys quercinus","Body_Mass","g",3,3,"70","2.6","DISAGREEMENT>2x","Ruf2015(Ruf,primary)=70.0 | Genoud2018(Genoud,secondary)=44.3 | Wilman2014(Wilman,secondary)=115.0"
"Enhydra lutris","BMR_massspecific","mL O2/h/g",3,1,"0.7193","1.25","","Genoud2018(Genoud,secondary)=0.64 | Genoud2018(Genoud,secondary)=0.72 | Genoud2018(Genoud,secondary)=0.798"
"Enhydra lutris","BMR_wholeanimal","mL O2/h",3,1,"20115","1.98","","Genoud2018(Genoud,secondary)=25600.0 | Genoud2018(Genoud,secondary)=12960.0 | Genoud2018(Genoud,secondary)=21785.0"
"Eothenomys melanogaster","Body_Mass","g",3,2,"26.6","1.08","","Genoud2018(Genoud,secondary)=27.2 | Genoud2018(Genoud,secondary)=25.2 | Wilman2014(Wilman,secondary)=27.0"
"Epomophorus wahlbergi","BMR_massspecific","mL O2/h/g",3,1,"1.1755","1.34","","Genoud2018(Genoud,secondary)=1.034 | Genoud2018(Genoud,secondary)=1.108 | Genoud2018(Genoud,secondary)=1.385"
"Epomophorus wahlbergi","BMR_wholeanimal","mL O2/h",3,1,"112.0967","1.47","","Genoud2018(Genoud,secondary)=105.16 | Genoud2018(Genoud,secondary)=93.49 | Genoud2018(Genoud,secondary)=137.64"
"Eptesicus serotinus","Body_Mass","g",3,3,"24.0033","1.22","","Burger2019(Burger,secondary)=22.15 | Genoud2018(Genoud,secondary)=27.0 | Wilman2014(Wilman,secondary)=22.86"
"Eremitalpa granti","Body_Mass","g",3,2,"24.73","1.27","","Genoud2018(Genoud,secondary)=26.1 | Genoud2018(Genoud,secondary)=20.62 | Wilman2014(Wilman,secondary)=26.1"
"Erethizon dorsata","BMR_massspecific","mL O2/h/g",3,1,"0.3947","2.02","DISAGREEMENT>2x","Genoud2018(Genoud,secondary)=0.43 | Genoud2018(Genoud,secondary)=0.504 | Genoud2018(Genoud,secondary)=0.25"
"Erethizon dorsata","BMR_wholeanimal","mL O2/h",3,1,"2745.4667","1.29","","Genoud2018(Genoud,secondary)=2378.0 | Genoud2018(Genoud,secondary)=3074.4 | Genoud2018(Genoud,secondary)=2784.0"
"Eschrichtius robustus","Body_Mass","g",3,3,"29500000.0067","1.05","","Manger2006(Manger,secondary)=3e+07 | Burger2019(Burger,secondary)=30000000.02 | Wilman2014(Wilman,secondary)=28500000.0"
"Eudorcas thomsonii","Body_Mass","g",3,3,"24092.4767","1.09","","MedinaGonzález2026(MedinaGonzález,secondary)=25000.0 | Burger2019(Burger,secondary)=24370.0 | Wilman2014(Wilman,secondary)=22907.43"
"Eulemur albocollaris","Body_Mass","g",3,3,"2225.79","1.12","","Isler2008(Isler,secondary)=2140.0 | Burger2019(Burger,secondary)=2140.0 | Wilman2014(Wilman,secondary)=2397.37"
"Eulemur collaris","Body_Mass","g",3,3,"2220.6667","1.11","","Powell2017(Powell,secondary)=2143.5 | Wilman2014(Wilman,secondary)=2375.0 | NA(10.6084%2Fm9.figshare.c.3899422.v1_Dataset1.tsv,secondary)=2143.5"
"Eumops perotis","Body_Mass","g",3,3,"51.5433","1.18","","Burger2019(Burger,secondary)=47.5 | Genoud2018(Genoud,secondary)=56.0 | Wilman2014(Wilman,secondary)=51.13"
"Euphractus sexcinctus","Body_Mass","g",3,3,"6987.63","1.71","","Burger2019(Burger,secondary)=7990.0 | Genoud2018(Genoud,secondary)=8190.0 | Wilman2014(Wilman,secondary)=4782.89"
"Fossa fossana","Body_Mass","g",3,3,"1753.3333","1.51","","Burger2019(Burger,secondary)=1500.0 | Genoud2018(Genoud,secondary)=2260.0 | Wilman2014(Wilman,secondary)=1500.0"
"Fukomys anselli","Body_Mass","g",3,3,"86.98","1.14","","Kverkova2018(Kverkova,secondary)=93.45 | Genoud2018(Genoud,secondary)=81.9 | Wilman2014(Wilman,secondary)=85.59"
"Fukomys mechowii","Body_Mass","g",3,3,"269.72","1.02","","Kverkova2018(Kverkova,secondary)=270.16 | Genoud2018(Genoud,secondary)=267.0 | Wilman2014(Wilman,secondary)=272.0"
"Funchalia villosa","Body_Mass","g",3,1,"3.968","1","","Haarlem2026(Haarlem,secondary)=3.968 | Haarlem2026(Haarlem,secondary)=3.968 | Haarlem2026(Haarlem,secondary)=3.968"
"Funisciurus isabella","Body_Mass","g",3,2,"92","1.82","","Genoud2018(Genoud,secondary)=60.0 | Genoud2018(Genoud,secondary)=90.0 | Wilman2014(Wilman,secondary)=109.0"
"Funisciurus lemniscatus","Body_Mass","g",3,2,"130","1.51","","Genoud2018(Genoud,secondary)=95.0 | Genoud2018(Genoud,secondary)=143.0 | Wilman2014(Wilman,secondary)=141.0"
"Galago cameronensis","Body_Mass","g",3,3,"223.06","1.52","","Isler2008(Isler,secondary)=252.0 | Burger2019(Burger,secondary)=251.5 | Wilman2014(Wilman,secondary)=165.68"
"Galago gabonensis","Body_Mass","g",3,3,"237.2267","1.65","","Isler2008(Isler,secondary)=273.0 | Burger2019(Burger,secondary)=273.0 | Wilman2014(Wilman,secondary)=165.68"
"Galago gallarum","Body_Mass","g",3,3,"216.6667","1.25","","Powell2017(Powell,secondary)=200.0 | Wilman2014(Wilman,secondary)=250.0 | NA(10.6084%2Fm9.figshare.c.3899422.v1_Dataset1.tsv,secondary)=200.0"
"Galago senegalensis","BMR_massspecific","mL O2/h/g",3,3,"0.8162","1.4","","Isler2008(Isler,secondary)=0.72 | Genoud2018(Genoud,secondary)=0.72 | Lewitus2014(Lewitus,secondary)=1.009"
"Galago senegalensis","BMR_wholeanimal","mL O2/h",3,3,"192.075","1.1","","Isler2008(Isler,secondary)=198.0 | Genoud2018(Genoud,secondary)=198.0 | Lewitus2014(Lewitus,secondary)=180.225"
"Galago thomasi","Body_Mass","g",3,3,"116.95","1.01","","Isler2008(Isler,secondary)=117.0 | Burger2019(Burger,secondary)=116.5 | Wilman2014(Wilman,secondary)=117.35"
"Galago zanzibaricus","Body_Mass","g",3,3,"144.45","1.03","","Isler2008(Isler,secondary)=143.0 | Burger2019(Burger,secondary)=143.0 | Wilman2014(Wilman,secondary)=147.35"
"Galagoides thomasi","Body_Mass","g",3,3,"90.8333","1.49","","Powell2017(Powell,secondary)=78.0 | Granatosky2018(Granatosky,secondary)=116.5 | NA(10.6084%2Fm9.figshare.c.3899422.v1_Dataset1.tsv,secondary)=78.0"
"Galerella sanguinea","Body_Mass","g",3,3,"527.6667","1.1","","Burger2019(Burger,secondary)=533.0 | Genoud2018(Genoud,secondary)=500.0 | Wilman2014(Wilman,secondary)=550.0"
"Genetta genetta","Body_Mass","g",3,3,"1607.7333","1.51","","Burger2019(Burger,secondary)=1820.0 | Genoud2018(Genoud,secondary)=1203.2 | Wilman2014(Wilman,secondary)=1800.0"
"Geocapromys ingrahami","Body_Mass","g",3,3,"764.1","1.12","","Burger2019(Burger,secondary)=717.3 | Genoud2018(Genoud,secondary)=775.0 | Wilman2014(Wilman,secondary)=800.0"
"Geogale aurita","Body_Mass","g",3,3,"6","1.17","","Ruf2015(Ruf,primary)=6.0 | Genoud2018(Genoud,secondary)=6.9 | Wilman2014(Wilman,secondary)=7.0"
"Geomys bursarius","Body_Mass","g",3,3,"199.3333","1.03","","Burger2019(Burger,secondary)=197.25 | Genoud2018(Genoud,secondary)=197.0 | Wilman2014(Wilman,secondary)=203.75"
"Georychus capensis","BMR_massspecific","mL O2/h/g",3,1,"1.0262","2.59","DISAGREEMENT>2x","Genoud2018(Genoud,secondary)=1.53 | Genoud2018(Genoud,secondary)=0.59 | Genoud2018(Genoud,secondary)=0.958"
"Georychus capensis","BMR_wholeanimal","mL O2/h",3,1,"222.9333","3.76","DISAGREEMENT>2x","Genoud2018(Genoud,secondary)=428.4 | Genoud2018(Genoud,secondary)=113.9 | Genoud2018(Genoud,secondary)=126.5"
"Gerbilliscus afra","Body_Mass","g",3,3,"87.8767","1.64","","Burger2019(Burger,secondary)=65.0 | Genoud2018(Genoud,secondary)=106.5 | Wilman2014(Wilman,secondary)=92.13"
"Gerbilliscus leucogaster","Body_Mass","g",3,2,"102.825","2.14","DISAGREEMENT>2x","Genoud2018(Genoud,secondary)=157.6 | Genoud2018(Genoud,secondary)=106.2 | Wilman2014(Wilman,secondary)=73.75"
"Gerbillus nanus","Body_Mass","g",3,3,"22.6333","2.03","DISAGREEMENT>2x","Burger2019(Burger,secondary)=14.0 | Genoud2018(Genoud,secondary)=28.4 | Wilman2014(Wilman,secondary)=25.5"
"Globicephala macrorhynchus","Body_Mass","g",3,3,"612666.6633","1.88","","Burger2019(Burger,secondary)=386000.0 | Lewitus2014(Lewitus,secondary)=725999.99 | Wilman2014(Wilman,secondary)=726000.0"
"Globicephala melas","Body_Mass","g",3,3,"974000","1.33","","Manger2006(Manger,secondary)=1061000.0 | Burger2019(Burger,secondary)=1061000.0 | Wilman2014(Wilman,secondary)=8e+05"
"Glossophaga longirostris","Body_Mass","g",3,3,"12.2067","1.21","","Burger2019(Burger,secondary)=11.2 | Genoud2018(Genoud,secondary)=13.5 | Wilman2014(Wilman,secondary)=11.92"
"Gracilinanus agilis","Body_Mass","g",3,3,"29.1","1.43","","Ruf2015(Ruf,primary)=29.1 | Genoud2018(Genoud,secondary)=31.4 | Wilman2014(Wilman,secondary)=22.0"
"Graphiurus murinus","Body_Mass","g",3,3,"28","2.01","DISAGREEMENT>2x","Ruf2015(Ruf,primary)=28.0 | Genoud2018(Genoud,secondary)=38.4 | Wilman2014(Wilman,secondary)=19.08"
"Graphiurus ocularis","Body_Mass","g",3,3,"68","2.24","DISAGREEMENT>2x","Ruf2015(Ruf,primary)=68.0 | Genoud2018(Genoud,secondary)=67.8 | Wilman2014(Wilman,secondary)=30.3"
"Gulo gulo","Body_Mass","g",3,3,"13437.52","1.6","","Burger2019(Burger,secondary)=10600.0 | Genoud2018(Genoud,secondary)=12700.0 | Wilman2014(Wilman,secondary)=17012.56"
"Gymnobelideus leadbeateri","Body_Mass","g",3,3,"142.1","1.31","","Burger2019(Burger,secondary)=133.0 | Genoud2018(Genoud,secondary)=166.3 | Wilman2014(Wilman,secondary)=127.0"
"Hapalemur aureus","Body_Mass","g",3,3,"1481.3333","1.1","","Powell2017(Powell,secondary)=1434.5 | Wilman2014(Wilman,secondary)=1575.0 | NA(10.6084%2Fm9.figshare.c.3899422.v1_Dataset1.tsv,secondary)=1434.5"
"Heliophobius argenteocinereus","BMR_massspecific","mL O2/h/g",3,1,"0.8761","1.57","","Genoud2018(Genoud,secondary)=0.85 | Genoud2018(Genoud,secondary)=0.691 | Genoud2018(Genoud,secondary)=1.088"
"Heliophobius argenteocinereus","BMR_wholeanimal","mL O2/h",3,1,"135","2.36","DISAGREEMENT>2x","Genoud2018(Genoud,secondary)=74.8 | Genoud2018(Genoud,secondary)=154.0 | Genoud2018(Genoud,secondary)=176.2"
"Hemibelideus lemuroides","Body_Mass","g",3,3,"1026","1.08","","Burger2019(Burger,secondary)=952.5 | Seymour2015(Seymour,primary)=1026.0 | Wilman2014(Wilman,secondary)=952.5"
"Herpestes javanicus","Body_Mass","g",3,3,"629.3333","1.42","","Burger2019(Burger,secondary)=527.0 | Genoud2018(Genoud,secondary)=611.0 | Wilman2014(Wilman,secondary)=750.0"
"Heteromys desmarestianus","Body_Mass","g",3,3,"74.3167","1.05","","Burger2019(Burger,secondary)=74.65 | Genoud2018(Genoud,secondary)=75.8 | Wilman2014(Wilman,secondary)=72.5"
"Hipposideros armiger","Body_Mass","g",3,3,"54.0333","1.06","","Burger2019(Burger,secondary)=56.0 | Genoud2018(Genoud,secondary)=53.1 | Wilman2014(Wilman,secondary)=53.0"
"Hipposideros bicolor","Body_Mass","g",3,3,"8.4","1.1","","Burger2019(Burger,secondary)=8.38 | Stephan1970(Stephan_collection,primary)=8.4 | Wilman2014(Wilman,secondary)=7.64"
"Hipposideros cervinus","Body_Mass","g",3,3,"8.3","1.27","","Burger2019(Burger,secondary)=7.3 | Genoud2018(Genoud,secondary)=8.3 | Wilman2014(Wilman,secondary)=9.3"
"Hipposideros diadema","Body_Mass","g",3,3,"41.52","1.18","","Burger2019(Burger,secondary)=43.6 | Genoud2018(Genoud,secondary)=37.2 | Wilman2014(Wilman,secondary)=43.76"
"Hipposideros galeritus","Body_Mass","g",3,3,"9.0267","1.27","","Burger2019(Burger,secondary)=10.4 | Genoud2018(Genoud,secondary)=8.5 | Wilman2014(Wilman,secondary)=8.18"
"Hipposideros maggietaylorae","Body_Mass","g",3,3,"19.0667","1.13","","Burger2019(Burger,secondary)=20.5 | Genoud2018(Genoud,secondary)=18.2 | Wilman2014(Wilman,secondary)=18.5"
"Histriophoca fasciata","Body_Mass","g",3,3,"77193.3333","1.67","","Burger2019(Burger,secondary)=87580.0 | Genoud2018(Genoud,secondary)=54000.0 | Wilman2014(Wilman,secondary)=90000.0"
"Hyaena hyaena","Body_Mass","g",3,3,"37435.0367","1.22","","Burger2019(Burger,secondary)=36300.0 | Genoud2018(Genoud,secondary)=34300.0 | Wilman2014(Wilman,secondary)=41705.11"
"Hydromys chrysogaster","Body_Mass","g",3,3,"652.5833","1.63","","Burger2019(Burger,secondary)=698.0 | Genoud2018(Genoud,secondary)=780.0 | Wilman2014(Wilman,secondary)=479.75"
"Hylobates syndactylus","Body_Mass","g",3,2,"10950","1.19","","Heffner1983(Heffner,primary)=10000.0 | Heffner1975(Heffner,primary)=10000.0 | Seymour2015(Seymour,primary)=11900.0"
"Inia geoffrensis","Body_Mass","g",3,3,"94551.1667","2.07","DISAGREEMENT>2x","Manger2006(Manger,secondary)=62400.0 | Burger2019(Burger,secondary)=92003.5 | Wilman2014(Wilman,secondary)=129250.0"
"Isoodon auratus","Body_Mass","g",3,2,"435.225","1.09","","Genoud2018(Genoud,secondary)=428.0 | Genoud2018(Genoud,secondary)=462.9 | Wilman2014(Wilman,secondary)=425.0"
"Isoodon macrourus","BMR_massspecific","mL O2/h/g",3,1,"0.3785","1.42","","Genoud2018(Genoud,secondary)=0.447 | Genoud2018(Genoud,secondary)=0.374 | Genoud2018(Genoud,secondary)=0.315"
"Isoodon macrourus","BMR_wholeanimal","mL O2/h",3,1,"493.3","1.48","","Genoud2018(Genoud,secondary)=393.0 | Genoud2018(Genoud,secondary)=580.1 | Genoud2018(Genoud,secondary)=506.8"
"Isoodon obesulus","BMR_massspecific","mL O2/h/g",3,1,"0.3485","1.32","","Genoud2018(Genoud,secondary)=0.31 | Genoud2018(Genoud,secondary)=0.41 | Genoud2018(Genoud,secondary)=0.325"
"Isoodon obesulus","BMR_wholeanimal","mL O2/h",3,1,"363.1","2.01","DISAGREEMENT>2x","Genoud2018(Genoud,secondary)=222.6 | Genoud2018(Genoud,secondary)=418.2 | Genoud2018(Genoud,secondary)=448.5"
"Isthmomys pirrensis","Body_Mass","g",3,3,"138","1","","Burger2019(Burger,secondary)=138.0 | Genoud2018(Genoud,secondary)=138.0 | Wilman2014(Wilman,secondary)=138.0"
"Jaculus jaculus","Body_Mass","g",3,3,"65.0833","1.32","","Burger2019(Burger,secondary)=64.2 | Genoud2018(Genoud,secondary)=74.5 | Wilman2014(Wilman,secondary)=56.55"
"Kogia breviceps","Body_Mass","g",3,3,"356833.3333","1.41","","Manger2006(Manger,secondary)=305000.0 | Burger2019(Burger,secondary)=334000.0 | Wilman2014(Wilman,secondary)=431500.0"
"Lagenorhynchus acutus","Body_Mass","g",3,3,"182201.6667","2.04","DISAGREEMENT>2x","Manger2006(Manger,secondary)=120000.0 | Burger2019(Burger,secondary)=244605.0 | Wilman2014(Wilman,secondary)=182000.0"
"Lagenorhynchus albirostris","Body_Mass","g",3,3,"105000","2.67","DISAGREEMENT>2x","Manger2006(Manger,secondary)=67500.0 | Burger2019(Burger,secondary)=67500.0 | Wilman2014(Wilman,secondary)=180000.0"
"Lagenorhynchus obliquidens","Body_Mass","g",3,3,"99916.6667","1.34","","Manger2006(Manger,secondary)=90000.0 | Burger2019(Burger,secondary)=89750.0 | Wilman2014(Wilman,secondary)=120000.0"
"Lagidium viscacia","Body_Mass","g",3,3,"2018.8333","1.6","","Burger2019(Burger,secondary)=2460.5 | Genoud2018(Genoud,secondary)=2056.0 | Wilman2014(Wilman,secondary)=1540.0"
"Lagostomus maximus","Body_Mass","g",3,3,"5234.0867","1.59","","Burger2019(Burger,secondary)=4270.75 | Genoud2018(Genoud,secondary)=6784.0 | Wilman2014(Wilman,secondary)=4647.51"
"Lemniscomys rosalia","Body_Mass","g",3,2,"53.725","1.25","","Genoud2018(Genoud,secondary)=47.5 | Genoud2018(Genoud,secondary)=48.8 | Wilman2014(Wilman,secondary)=59.3"
"Lepilemur dorsalis","Body_Mass","g",3,3,"746.6667","1.74","","Isler2008(Isler,secondary)=870.0 | Burger2019(Burger,secondary)=870.0 | Wilman2014(Wilman,secondary)=500.0"
"Lepilemur microdon","Body_Mass","g",3,3,"946.6667","1.08","","Isler2008(Isler,secondary)=970.0 | Burger2019(Burger,secondary)=970.0 | Wilman2014(Wilman,secondary)=900.0"
"Leptonychotes weddellii","BMR_massspecific","mL O2/h/g",3,1,"0.2227","1.28","","Genoud2018(Genoud,secondary)=0.246 | Genoud2018(Genoud,secondary)=0.192 | Genoud2018(Genoud,secondary)=0.23"
"Leptonychotes weddellii","BMR_wholeanimal","mL O2/h",3,1,"83674.6667","1.19","","Genoud2018(Genoud,secondary)=87330.0 | Genoud2018(Genoud,secondary)=74592.0 | Genoud2018(Genoud,secondary)=89102.0"
"Leptonycteris curasoae","Body_Mass","g",3,3,"24.14","1.07","","Burger2019(Burger,secondary)=25.0 | Genoud2018(Genoud,secondary)=24.0 | Wilman2014(Wilman,secondary)=23.42"
"Lepus alleni","Body_Mass","g",3,2,"3433.01","1.23","","Genoud2018(Genoud,secondary)=3000.0 | Genoud2018(Genoud,secondary)=3362.0 | Wilman2014(Wilman,secondary)=3685.02"
"Lepus arcticus","Body_Mass","g",3,3,"3880.0133","1.47","","Burger2019(Burger,secondary)=4231.0 | Genoud2018(Genoud,secondary)=3004.0 | Wilman2014(Wilman,secondary)=4405.04"
"Lepus capensis","Body_Mass","g",3,3,"2358.0567","2.33","DISAGREEMENT>2x","Burger2019(Burger,secondary)=2412.5 | Genoud2018(Genoud,secondary)=1400.0 | Wilman2014(Wilman,secondary)=3261.67"
"Lepus timidus","Body_Mass","g",3,3,"3139.5","1.07","","Burger2019(Burger,secondary)=3274.5 | Genoud2018(Genoud,secondary)=3096.0 | Wilman2014(Wilman,secondary)=3048.0"
"Liomys salvini","BMR_massspecific","mL O2/h/g",3,1,"1.1652","1.23","","Genoud2018(Genoud,secondary)=1.071 | Genoud2018(Genoud,secondary)=1.314 | Genoud2018(Genoud,secondary)=1.111"
"Liomys salvini","BMR_wholeanimal","mL O2/h",3,1,"51.0333","1.2","","Genoud2018(Genoud,secondary)=46.9 | Genoud2018(Genoud,secondary)=56.1 | Genoud2018(Genoud,secondary)=50.1"
"Lipotes vexillifer","Body_Mass","g",3,3,"147833.3333","2.16","DISAGREEMENT>2x","Manger2006(Manger,secondary)=180000.0 | Burger2019(Burger,secondary)=180000.0 | Wilman2014(Wilman,secondary)=83500.0"
"Lutreolina crassicaudata","Body_Mass","g",3,3,"617.7667","1.61","","Burger2019(Burger,secondary)=504.0 | Genoud2018(Genoud,secondary)=812.0 | Wilman2014(Wilman,secondary)=537.3"
"Lycalopex culpaeus","Body_Mass","g",3,3,"7624.7467","1.63","","Burger2019(Burger,secondary)=8840.0 | Genoud2018(Genoud,secondary)=5418.0 | Wilman2014(Wilman,secondary)=8616.24"
"Lynx canadensis","Body_Mass","g",3,3,"11780.75","1.6","","MedinaGonzález2026(MedinaGonzález,secondary)=11000.0 | Burger2019(Burger,secondary)=14969.0 | Wilman2014(Wilman,secondary)=9373.25"
"Lynx lynx","Body_Mass","g",3,3,"17650","1.04","","Burger2019(Burger,secondary)=17200.0 | Veilleux2014(Veilleux,secondary)=17800.0 | Wilman2014(Wilman,secondary)=17950.0"
"Macaca fascicularis","BMR_massspecific","mL O2/h/g",3,3,"0.5122","1.15","","Isler2008(Isler,secondary)=0.487 | Boyer2018(Boyer,secondary)=0.563 | Genoud2018(Genoud,secondary)=0.487"
"Macaca fascicularis","BMR_wholeanimal","mL O2/h",3,3,"3033.6014","1.58","","Isler2008(Isler,secondary)=3458.0 | Boyer2018(Boyer,secondary)=2184.804 | Genoud2018(Genoud,secondary)=3458.0"
"Macaca mulatta","Gestation","days",3,3,"165.8889","1.01","","Lewitus2014(Lewitus,secondary)=165.667 | Isler2008(Isler,secondary)=167.0 | Garwicz2009(Garwicz,secondary)=165.0"
"Macaca mulatta","Weaning_age","days",3,3,"307.1667","1.38","","Lewitus2014(Lewitus,secondary)=292.5 | Isler2008(Isler,secondary)=264.0 | Eagleman2021(Eagleman,secondary)=365.0"
"Macaca thibetana","Body_Mass","g",3,3,"12533.3333","1.07","","Powell2017(Powell,secondary)=12800.0 | Wilman2014(Wilman,secondary)=12000.0 | NA(10.6084%2Fm9.figshare.c.3899422.v1_Dataset1.tsv,secondary)=12800.0"
"Macroglossus minimus","BMR_massspecific","mL O2/h/g",3,1,"1.2151","1.68","","Genoud2018(Genoud,secondary)=0.878 | Genoud2018(Genoud,secondary)=1.477 | Genoud2018(Genoud,secondary)=1.29"
"Macroglossus minimus","BMR_wholeanimal","mL O2/h",3,1,"19.3433","1.57","","Genoud2018(Genoud,secondary)=14.4 | Genoud2018(Genoud,secondary)=22.6 | Genoud2018(Genoud,secondary)=21.03"
"Macropus dorsalis","Body_Mass","g",3,3,"11250","1","","Burger2019(Burger,secondary)=11250.0 | Seymour2015(Seymour,primary)=11250.0 | Wilman2014(Wilman,secondary)=11250.0"
"Macropus giganteus","Body_Mass","g",3,3,"26225","1.02","","Burger2019(Burger,secondary)=26400.0 | Genoud2018(Genoud,secondary)=26400.0 | Wilman2014(Wilman,secondary)=25875.0"
"Macroscelides proboscideus","Body_Mass","g",3,3,"46","1.2","","Ruf2015(Ruf,primary)=46.0 | Genoud2018(Genoud,secondary)=38.8 | Wilman2014(Wilman,secondary)=38.2"
"Macrotus californicus","Body_Mass","g",3,3,"12.11","1.12","","Burger2019(Burger,secondary)=13.0 | Genoud2018(Genoud,secondary)=11.7 | Wilman2014(Wilman,secondary)=11.63"
"Marmosa robinsoni","Body_Mass","g",3,3,"79.5567","2.15","DISAGREEMENT>2x","Burger2019(Burger,secondary)=60.0 | Genoud2018(Genoud,secondary)=122.0 | Wilman2014(Wilman,secondary)=56.67"
"Marmota broweri","Body_Mass","g",3,3,"3094","1.1","","Burger2019(Burger,secondary)=3405.0 | Ruf2015(Ruf,primary)=3094.0 | Wilman2014(Wilman,secondary)=3405.0"
"Marmota marmota","BMR_massspecific","mL O2/h/g",3,1,"0.3614","1.68","","Genoud2018(Genoud,secondary)=0.266 | Genoud2018(Genoud,secondary)=0.448 | Genoud2018(Genoud,secondary)=0.37"
"Marmota marmota","BMR_wholeanimal","mL O2/h",3,1,"912.2667","2.35","DISAGREEMENT>2x","Genoud2018(Genoud,secondary)=567.9 | Genoud2018(Genoud,secondary)=836.9 | Genoud2018(Genoud,secondary)=1332.0"
"Martes americana","Body_Mass","g",3,3,"1049.3333","1.45","","Burger2019(Burger,secondary)=860.0 | Genoud2018(Genoud,secondary)=1038.0 | Wilman2014(Wilman,secondary)=1250.0"
"Martes martes","Body_Mass","g",3,3,"1067.3333","1.41","","Burger2019(Burger,secondary)=982.0 | Genoud2018(Genoud,secondary)=920.0 | Wilman2014(Wilman,secondary)=1300.0"
"Mastomys natalensis","Body_Mass","g",3,3,"47.3553","1.31","","Burger2019(Burger,secondary)=46.026 | Genoud2018(Genoud,secondary)=41.5 | Wilman2014(Wilman,secondary)=54.54"
"Megaderma lyra","Body_Mass","g",3,3,"43.6133","1.42","","Burger2019(Burger,secondary)=35.3 | Veilleux2014(Veilleux,secondary)=50.0 | Wilman2014(Wilman,secondary)=45.54"
"Megadontomys thomasi","Body_Mass","g",3,3,"110.9333","1","","Burger2019(Burger,secondary)=111.0 | Genoud2018(Genoud,secondary)=110.8 | Wilman2014(Wilman,secondary)=111.0"
"Megaptera novaeangliae","Body_Mass","g",3,3,"33120443.3333","1.31","","Manger2006(Manger,secondary)=39311330.0 | Burger2019(Burger,secondary)=30050000.0 | Wilman2014(Wilman,secondary)=3e+07"
"Mellivora capensis","Body_Mass","g",3,3,"8193.3333","1.06","","Burger2019(Burger,secondary)=8080.0 | Wimberly2021(Wimberly,secondary)=8000.0 | Wilman2014(Wilman,secondary)=8500.0"
"Melonycteris melanops","Body_Mass","g",3,3,"49.93","1.12","","Burger2019(Burger,secondary)=47.45 | Genoud2018(Genoud,secondary)=53.3 | Wilman2014(Wilman,secondary)=49.04"
"Melopsittacus undulatus","Body_Mass","g",3,2,"35.33","1.22","","Haarlem2026(Haarlem,secondary)=29.05 | Haarlem2026(Haarlem,secondary)=29.05 | Olkowicz2016(Olkowicz,primary)=35.33"
"Melursus ursinus","Body_Mass","g",3,3,"98722.3333","2.03","DISAGREEMENT>2x","Burger2019(Burger,secondary)=136080.0 | Genoud2018(Genoud,secondary)=66957.0 | Wilman2014(Wilman,secondary)=93130.0"
"Meriones hurrianae","Body_Mass","g",3,3,"71.2","1.03","","Burger2019(Burger,secondary)=71.3 | Genoud2018(Genoud,secondary)=72.3 | Wilman2014(Wilman,secondary)=70.0"
"Mesoplodon densirostris","Body_Mass","g",3,3,"1279166.6667","3","DISAGREEMENT>2x","Manger2006(Manger,secondary)=767000.0 | Burger2019(Burger,secondary)=770500.0 | Wilman2014(Wilman,secondary)=2300000.0"
"Mesoplodon europaeus","Body_Mass","g",3,3,"2354833.3333","7.65","DISAGREEMENT>2x","Manger2006(Manger,secondary)=732000.0 | Burger2019(Burger,secondary)=732500.0 | Wilman2014(Wilman,secondary)=5600000.0"
"Mesoplodon mirus","Body_Mass","g",3,3,"1319500","2.26","DISAGREEMENT>2x","Manger2006(Manger,secondary)=929000.0 | Burger2019(Burger,secondary)=929500.0 | Wilman2014(Wilman,secondary)=2100000.0"
"Microcavia niata","Body_Mass","g",3,2,"255.2","1","","Genoud2018(Genoud,secondary)=255.2 | Genoud2018(Genoud,secondary)=255.2 | Wilman2014(Wilman,secondary)=255.2"
"Microcebus griseorufus","Body_Mass","g",3,3,"50","1.4","","Ruf2015(Ruf,primary)=50.0 | Genoud2018(Genoud,secondary)=51.5 | Wilman2014(Wilman,secondary)=70.24"
"Micropotamogale lamottei","Body_Mass","g",3,3,"64.2","1.08","","Burger2019(Burger,secondary)=69.59 | Stephan1981(Stephan_collection,primary)=64.2 | Wilman2014(Wilman,secondary)=69.6"
"Microtus cabrerae","BMR_massspecific","mL O2/h/g",3,1,"1.9161","2.25","DISAGREEMENT>2x","Genoud2018(Genoud,secondary)=1.13 | Genoud2018(Genoud,secondary)=2.079 | Genoud2018(Genoud,secondary)=2.54"
"Microtus cabrerae","BMR_wholeanimal","mL O2/h",3,1,"94.9633","2.68","DISAGREEMENT>2x","Genoud2018(Genoud,secondary)=48.59 | Genoud2018(Genoud,secondary)=106.3 | Genoud2018(Genoud,secondary)=130.0"
"Microtus californicus","Body_Mass","g",3,3,"48.24","1.33","","Burger2019(Burger,secondary)=43.3 | Genoud2018(Genoud,secondary)=44.0 | Wilman2014(Wilman,secondary)=57.42"
"Microtus guentheri","Body_Mass","g",3,3,"48.3667","1.17","","Burger2019(Burger,secondary)=51.3 | Genoud2018(Genoud,secondary)=43.8 | Wilman2014(Wilman,secondary)=50.0"
"Microtus longicaudus","BMR_massspecific","mL O2/h/g",3,1,"2.1415","1.57","","Genoud2018(Genoud,secondary)=2.669 | Genoud2018(Genoud,secondary)=1.696 | Genoud2018(Genoud,secondary)=2.06"
"Microtus longicaudus","BMR_wholeanimal","mL O2/h",3,1,"68.0667","1.15","","Genoud2018(Genoud,secondary)=71.8 | Genoud2018(Genoud,secondary)=70.2 | Genoud2018(Genoud,secondary)=62.2"
"Microtus maximowiczii","Body_Mass","g",3,2,"41.3125","1.03","","Genoud2018(Genoud,secondary)=41.67 | Genoud2018(Genoud,secondary)=40.6 | Wilman2014(Wilman,secondary)=41.49"
"Microtus pennsylvanicus","BMR_massspecific","mL O2/h/g",3,1,"1.9612","1.22","","Genoud2018(Genoud,secondary)=2.199 | Genoud2018(Genoud,secondary)=1.886 | Genoud2018(Genoud,secondary)=1.799"
"Microtus pennsylvanicus","BMR_wholeanimal","mL O2/h",3,1,"74.1233","1.17","","Genoud2018(Genoud,secondary)=68.6 | Genoud2018(Genoud,secondary)=73.37 | Genoud2018(Genoud,secondary)=80.4"
"Microtus richardsoni","Body_Mass","g",3,2,"75.325","1.66","","Genoud2018(Genoud,secondary)=51.3 | Genoud2018(Genoud,secondary)=80.0 | Wilman2014(Wilman,secondary)=85.0"
"Microtus townsendii","Body_Mass","g",3,3,"54.25","1.41","","Burger2019(Burger,secondary)=45.8 | Genoud2018(Genoud,secondary)=52.2 | Wilman2014(Wilman,secondary)=64.75"
"Molossus molossus","Body_Mass","g",3,3,"14.4367","1.25","","Burger2019(Burger,secondary)=13.23 | Genoud2018(Genoud,secondary)=16.5 | Wilman2014(Wilman,secondary)=13.58"
"Monodelphis brevicaudata","Body_Mass","g",3,3,"83.5433","1.59","","Burger2019(Burger,secondary)=70.0 | Genoud2018(Genoud,secondary)=111.0 | Wilman2014(Wilman,secondary)=69.63"
"Monodon monoceros","Body_Mass","g",3,3,"1352219.9993","1.75","","Manger2006(Manger,secondary)=1578330.0 | Burger2019(Burger,secondary)=1578329.998 | Wilman2014(Wilman,secondary)=9e+05"
"Mormoops megalophylla","Body_Mass","g",3,3,"15.9467","1.06","","Burger2019(Burger,secondary)=15.53 | Genoud2018(Genoud,secondary)=16.5 | Wilman2014(Wilman,secondary)=15.81"
"Moschiola meminna","Body_Mass","g",3,3,"2688.6967","1.57","","Burger2019(Burger,secondary)=1997.0 | Wimberly2021(Wimberly,secondary)=3130.95 | Wilman2014(Wilman,secondary)=2938.14"
"Muntiacus muntjak","Body_Mass","g",3,3,"16712.46","1.11","","Burger2019(Burger,secondary)=16600.0 | Wimberly2021(Wimberly,secondary)=17611.59 | Wilman2014(Wilman,secondary)=15925.79"
"Mus macedonicus","Body_Mass","g",3,2,"14.56","1.07","","Genoud2018(Genoud,secondary)=14.04 | Genoud2018(Genoud,secondary)=14.2 | Wilman2014(Wilman,secondary)=15.0"
"Mus minutoides","Body_Mass","g",3,2,"7.5875","1.18","","Genoud2018(Genoud,secondary)=8.27 | Genoud2018(Genoud,secondary)=8.06 | Wilman2014(Wilman,secondary)=7.01"
"Mustela erminea","BMR_massspecific","mL O2/h/g",3,1,"1.6565","1.49","","Genoud2018(Genoud,secondary)=1.48 | Genoud2018(Genoud,secondary)=2.087 | Genoud2018(Genoud,secondary)=1.403"
"Mustela erminea","BMR_wholeanimal","mL O2/h",3,1,"335.1667","1.15","","Genoud2018(Genoud,secondary)=310.8 | Genoud2018(Genoud,secondary)=337.0 | Genoud2018(Genoud,secondary)=357.7"
"Mustela frenata","Body_Mass","g",3,3,"179","1.53","","Burger2019(Burger,secondary)=165.0 | Genoud2018(Genoud,secondary)=225.0 | Wilman2014(Wilman,secondary)=147.0"
"Mustela nigripes","Body_Mass","g",3,3,"859.6667","1.14","","Burger2019(Burger,secondary)=809.0 | Genoud2018(Genoud,secondary)=920.0 | Wilman2014(Wilman,secondary)=850.0"
"Mustela vison","BMR_massspecific","mL O2/h/g",3,1,"0.8294","1.31","","Genoud2018(Genoud,secondary)=0.732 | Genoud2018(Genoud,secondary)=0.794 | Genoud2018(Genoud,secondary)=0.962"
"Mustela vison","BMR_wholeanimal","mL O2/h",3,1,"822.1","2.71","DISAGREEMENT>2x","Genoud2018(Genoud,secondary)=515.3 | Genoud2018(Genoud,secondary)=556.0 | Genoud2018(Genoud,secondary)=1395.0"
"Myodes rutilus","Body_Mass","g",3,3,"21.8467","1.59","","Burger2019(Burger,secondary)=17.6 | Genoud2018(Genoud,secondary)=28.0 | Wilman2014(Wilman,secondary)=19.94"
"Myopus schisticolor","Body_Mass","g",3,3,"28.3","1.34","","Burger2019(Burger,secondary)=33.5 | Genoud2018(Genoud,secondary)=26.4 | Wilman2014(Wilman,secondary)=25.0"
"Myotis adversus","Body_Mass","g",3,3,"7.8","1.44","","Burger2019(Burger,secondary)=11.25 | Ruf2015(Ruf,primary)=7.8 | Wilman2014(Wilman,secondary)=10.55"
"Myotis daubentonii","Body_Mass","g",3,3,"7.7267","1.02","","Burger2019(Burger,secondary)=7.75 | Genoud2018(Genoud,secondary)=7.8 | Wilman2014(Wilman,secondary)=7.63"
"Myotis myotis","BMR_massspecific","mL O2/h/g",3,1,"1.918","3.15","DISAGREEMENT>2x","Genoud2018(Genoud,secondary)=1.0 | Genoud2018(Genoud,secondary)=3.15 | Genoud2018(Genoud,secondary)=1.604"
"Myotis myotis","BMR_wholeanimal","mL O2/h",3,1,"47.95","3.15","DISAGREEMENT>2x","Genoud2018(Genoud,secondary)=25.0 | Genoud2018(Genoud,secondary)=78.75 | Genoud2018(Genoud,secondary)=40.1"
"Myotis mystacinus","Body_Mass","g",3,3,"4.6133","1.25","","Burger2019(Burger,secondary)=4.85 | Veilleux2014(Veilleux,secondary)=4.0 | Wilman2014(Wilman,secondary)=4.99"
"Myotis nigricans","Body_Mass","g",3,3,"4.13","1.2","","Burger2019(Burger,secondary)=4.45 | Genoud2018(Genoud,secondary)=3.7 | Wilman2014(Wilman,secondary)=4.24"
"Myotis tricolor","Body_Mass","g",3,3,"13.4167","1.1","","Burger2019(Burger,secondary)=13.6 | Genoud2018(Genoud,secondary)=12.71 | Wilman2014(Wilman,secondary)=13.94"
"Myotis velifer","Body_Mass","g",3,3,"12","1.35","","Burger2019(Burger,secondary)=8.9 | Ruf2015(Ruf,primary)=12.0 | Wilman2014(Wilman,secondary)=10.1"
"Mystromys albicaudatus","Body_Mass","g",3,3,"86.8767","1.17","","Burger2019(Burger,secondary)=80.0 | Genoud2018(Genoud,secondary)=93.78 | Wilman2014(Wilman,secondary)=86.85"
"Nanger granti","Body_Mass","g",3,3,"50476.3067","1.37","","Burger2019(Burger,secondary)=40500.0 | Wimberly2021(Wimberly,secondary)=55464.46 | Wilman2014(Wilman,secondary)=55464.46"
"Nasua narica","BMR_massspecific","mL O2/h/g",3,1,"0.5659","3.19","DISAGREEMENT>2x","Genoud2018(Genoud,secondary)=1.042 | Genoud2018(Genoud,secondary)=0.329 | Genoud2018(Genoud,secondary)=0.327"
"Nasua narica","BMR_wholeanimal","mL O2/h",3,1,"2238.4333","3.64","DISAGREEMENT>2x","Genoud2018(Genoud,secondary)=4322.9 | Genoud2018(Genoud,secondary)=1205.8 | Genoud2018(Genoud,secondary)=1186.6"
"Natalus tumidirostris","Body_Mass","g",3,3,"6.1167","1.28","","Burger2019(Burger,secondary)=6.9 | Genoud2018(Genoud,secondary)=5.4 | Wilman2014(Wilman,secondary)=6.05"
"Neofiber alleni","Body_Mass","g",3,3,"264.8667","1.05","","Burger2019(Burger,secondary)=270.5 | Genoud2018(Genoud,secondary)=258.1 | Wilman2014(Wilman,secondary)=266.0"
"Neophocaena phocaenoides","Body_Mass","g",3,3,"32433.3333","1","","Manger2006(Manger,secondary)=32400.0 | Burger2019(Burger,secondary)=32400.0 | Wilman2014(Wilman,secondary)=32500.0"
"Neotoma floridana","Body_Mass","g",3,3,"220.8167","1.61","","Burger2019(Burger,secondary)=257.7 | Genoud2018(Genoud,secondary)=160.0 | Wilman2014(Wilman,secondary)=244.75"
"Neurotrichus gibbsii","Body_Mass","g",3,3,"10.2333","1.33","","Burger2019(Burger,secondary)=10.0 | Genoud2018(Genoud,secondary)=11.8 | Wilman2014(Wilman,secondary)=8.9"
"Nomascus concolor","Body_Mass","g",3,3,"6470.1567","1.01","","Powell2017(Powell,secondary)=6500.0 | Wilman2014(Wilman,secondary)=6410.47 | NA(10.6084%2Fm9.figshare.c.3899422.v1_Dataset1.tsv,secondary)=6500.0"
"Nomascus leucogenys","Body_Mass","g",3,3,"6786.6667","1.12","","Powell2017(Powell,secondary)=6520.0 | Wilman2014(Wilman,secondary)=7320.0 | NA(10.6084%2Fm9.figshare.c.3899422.v1_Dataset1.tsv,secondary)=6520.0"
"Notomys cervinus","Body_Mass","g",3,2,"34.175","1.08","","Genoud2018(Genoud,secondary)=34.2 | Genoud2018(Genoud,secondary)=32.5 | Wilman2014(Wilman,secondary)=35.0"
"Notoryctes caurinus","Body_Mass","g",3,3,"41","1.62","","Burger2019(Burger,secondary)=55.0 | Genoud2018(Genoud,secondary)=34.0 | Wilman2014(Wilman,secondary)=34.0"
"Nyctereutes procyonoides","Body_Mass","g",3,3,"5211.6667","1.88","","Burger2019(Burger,secondary)=4020.0 | Genoud2018(Genoud,secondary)=7575.0 | Wilman2014(Wilman,secondary)=4040.0"
"Nyctimene robinsoni","Body_Mass","g",3,3,"50.4367","1.17","","Burger2019(Burger,secondary)=47.03 | Genoud2018(Genoud,secondary)=54.8 | Wilman2014(Wilman,secondary)=49.48"
"Nyctophilus bifax","Body_Mass","g",3,3,"10","1.01","","Ruf2015(Ruf,primary)=10.0 | Genoud2018(Genoud,secondary)=9.9 | Wilman2014(Wilman,secondary)=9.89"
"Nyctophilus gouldi","BMR_massspecific","mL O2/h/g",3,1,"1.5868","1.8","","Genoud2018(Genoud,secondary)=2.2 | Genoud2018(Genoud,secondary)=1.22 | Genoud2018(Genoud,secondary)=1.34"
"Nyctophilus gouldi","BMR_wholeanimal","mL O2/h",3,1,"15.2733","1.67","","Genoud2018(Genoud,secondary)=20.35 | Genoud2018(Genoud,secondary)=12.2 | Genoud2018(Genoud,secondary)=13.27"
"Nyctophilus timoriensis","Body_Mass","g",3,3,"12.0767","1.25","","Burger2019(Burger,secondary)=10.9 | Genoud2018(Genoud,secondary)=13.6 | Wilman2014(Wilman,secondary)=11.73"
"Ochotona princeps","Body_Mass","g",3,3,"145.31","1.55","","Burger2019(Burger,secondary)=169.0 | Genoud2018(Genoud,secondary)=109.3 | Wilman2014(Wilman,secondary)=157.63"
"Ochotona rufescens","Body_Mass","g",3,3,"250","1","","MedinaGonzález2026(MedinaGonzález,secondary)=250.0 | Burger2019(Burger,secondary)=250.0 | Wilman2014(Wilman,secondary)=250.0"
"Ochrotomys nuttalli","Body_Mass","g",3,3,"20.8233","1.15","","Burger2019(Burger,secondary)=20.6 | Genoud2018(Genoud,secondary)=19.5 | Wilman2014(Wilman,secondary)=22.37"
"Octodontomys gliroides","Body_Mass","g",3,2,"152.075","1.04","","Genoud2018(Genoud,secondary)=156.3 | Genoud2018(Genoud,secondary)=152.0 | Wilman2014(Wilman,secondary)=150.0"
"Odobenus rosmarus","Body_Mass","g",3,3,"969075","1.28","","Burger2019(Burger,secondary)=1022225.0 | Veilleux2014(Veilleux,secondary)=1060000.0 | Wilman2014(Wilman,secondary)=825000.0"
"Odocoileus virginianus","BMR_massspecific","mL O2/h/g",3,1,"0.3063","2.02","DISAGREEMENT>2x","Genoud2018(Genoud,secondary)=0.224 | Genoud2018(Genoud,secondary)=0.452 | Genoud2018(Genoud,secondary)=0.242"
"Odocoileus virginianus","BMR_wholeanimal","mL O2/h",3,1,"18403.3333","2.3","DISAGREEMENT>2x","Genoud2018(Genoud,secondary)=11481.0 | Genoud2018(Genoud,secondary)=26459.0 | Genoud2018(Genoud,secondary)=17270.0"
"Okapia johnstoni","Body_Mass","g",3,3,"233334.0967","1.04","","Burger2019(Burger,secondary)=240000.0 | Wimberly2021(Wimberly,secondary)=230001.14 | Wilman2014(Wilman,secondary)=230001.15"
"Oligoryzomys longicaudatus","Body_Mass","g",3,3,"27.2667","1.06","","Burger2019(Burger,secondary)=26.6 | Genoud2018(Genoud,secondary)=28.2 | Wilman2014(Wilman,secondary)=27.0"
"Onychomys torridus","Body_Mass","g",3,3,"21.3633","1.31","","Burger2019(Burger,secondary)=20.02 | Genoud2018(Genoud,secondary)=19.1 | Wilman2014(Wilman,secondary)=24.97"
"Oreotragus oreotragus","Body_Mass","g",3,3,"12495.4833","1.23","","Burger2019(Burger,secondary)=11000.0 | Wimberly2021(Wimberly,secondary)=13486.55 | Wilman2014(Wilman,secondary)=12999.9"
"Oryx leucoryx","Body_Mass","g",3,2,"88137.5","1.11","","Genoud2018(Genoud,secondary)=84100.0 | Genoud2018(Genoud,secondary)=93050.0 | Wilman2014(Wilman,secondary)=87700.0"
"Otolemur monteiri","Body_Mass","g",3,3,"1404.8867","1.2","","Isler2008(Isler,secondary)=1319.0 | Burger2019(Burger,secondary)=1318.5 | Wilman2014(Wilman,secondary)=1577.16"
"Otomys irroratus","Body_Mass","g",3,3,"120.3733","1.38","","Burger2019(Burger,secondary)=141.0 | Genoud2018(Genoud,secondary)=102.1 | Wilman2014(Wilman,secondary)=118.02"
"Ovibos moschatus","Body_Mass","g",3,2,"265750.53","1.83","","Genoud2018(Genoud,secondary)=195500.0 | Genoud2018(Genoud,secondary)=186500.0 | Wilman2014(Wilman,secondary)=340501.06"
"Ovis canadensis","BMR_massspecific","mL O2/h/g",3,1,"0.2841","1.74","","Genoud2018(Genoud,secondary)=0.359 | Genoud2018(Genoud,secondary)=0.286 | Genoud2018(Genoud,secondary)=0.207"
"Ovis canadensis","BMR_wholeanimal","mL O2/h",3,1,"19658.3333","1.44","","Genoud2018(Genoud,secondary)=23350.0 | Genoud2018(Genoud,secondary)=19380.0 | Genoud2018(Genoud,secondary)=16245.0"
"Pagophilus groenlandicus","BMR_massspecific","mL O2/h/g",3,1,"0.2134","1.19","","Genoud2018(Genoud,secondary)=0.192 | Genoud2018(Genoud,secondary)=0.219 | Genoud2018(Genoud,secondary)=0.229"
"Pagophilus groenlandicus","BMR_wholeanimal","mL O2/h",3,1,"29988.6667","1.27","","Genoud2018(Genoud,secondary)=28800.0 | Genoud2018(Genoud,secondary)=26930.0 | Genoud2018(Genoud,secondary)=34236.0"
"Pan troglodytes","Gestation","days",3,3,"232","1.02","","Lewitus2014(Lewitus,secondary)=234.0 | Isler2008(Isler,secondary)=232.0 | Garwicz2009(Garwicz,secondary)=230.0"
"Pan troglodytes","Weaning_age","days",3,3,"1558.1667","1.22","","Lewitus2014(Lewitus,secondary)=1579.5 | Isler2008(Isler,secondary)=1702.0 | Eagleman2021(Eagleman,secondary)=1393.0"
"Papio anubis","BMR_massspecific","mL O2/h/g",3,3,"0.3051","1.13","","Isler2008(Isler,secondary)=0.309 | Boyer2018(Boyer,secondary)=0.284 | Genoud2018(Genoud,secondary)=0.322"
"Papio anubis","BMR_wholeanimal","mL O2/h",3,3,"3258.1183","1.28","","Isler2008(Isler,secondary)=2940.0 | Boyer2018(Boyer,secondary)=3776.355 | Genoud2018(Genoud,secondary)=3058.0"
"Parascalops breweri","Body_Mass","g",3,3,"50.4333","1.35","","Genoud2018(Genoud,secondary)=57.6 | HerculanoHouzel2015(HerculanoHouzel,secondary)=42.7 | Wilman2014(Wilman,secondary)=51.0"
"Paraxerus cepapi","Body_Mass","g",3,3,"206.5333","1.24","","Burger2019(Burger,secondary)=216.0 | Genoud2018(Genoud,secondary)=223.6 | Wilman2014(Wilman,secondary)=180.0"
"Paraxerus palliatus","Body_Mass","g",3,2,"297.805","1.78","","Genoud2018(Genoud,secondary)=206.0 | Genoud2018(Genoud,secondary)=366.6 | Wilman2014(Wilman,secondary)=309.31"
"Perameles bougainville","Body_Mass","g",3,3,"235.6667","1.13","","Burger2019(Burger,secondary)=226.0 | Genoud2018(Genoud,secondary)=255.0 | Wilman2014(Wilman,secondary)=226.0"
"Perameles gunnii","BMR_massspecific","mL O2/h/g",3,1,"0.531","1.1","","Genoud2018(Genoud,secondary)=0.502 | Genoud2018(Genoud,secondary)=0.54 | Genoud2018(Genoud,secondary)=0.551"
"Perameles gunnii","BMR_wholeanimal","mL O2/h",3,1,"442.9667","1.42","","Genoud2018(Genoud,secondary)=420.6 | Genoud2018(Genoud,secondary)=533.3 | Genoud2018(Genoud,secondary)=375.0"
"Perognathus flavus","Body_Mass","g",3,3,"8.1433","1.09","","Burger2019(Burger,secondary)=8.4 | Genoud2018(Genoud,secondary)=8.3 | Wilman2014(Wilman,secondary)=7.73"
"Peromyscus keeni","Body_Mass","g",3,2,"27.35","1.15","","Genoud2018(Genoud,secondary)=24.6 | Genoud2018(Genoud,secondary)=28.3 | Wilman2014(Wilman,secondary)=28.25"
"Peromyscus megalops","Body_Mass","g",3,3,"66.2","1","","Burger2019(Burger,secondary)=66.2 | Genoud2018(Genoud,secondary)=66.2 | Wilman2014(Wilman,secondary)=66.2"
"Peromyscus polionotus","BMR_massspecific","mL O2/h/g",3,1,"2.4334","2.03","DISAGREEMENT>2x","Genoud2018(Genoud,secondary)=1.79 | Genoud2018(Genoud,secondary)=3.64 | Genoud2018(Genoud,secondary)=1.87"
"Peromyscus polionotus","BMR_wholeanimal","mL O2/h",3,1,"35.7333","2.73","DISAGREEMENT>2x","Genoud2018(Genoud,secondary)=21.48 | Genoud2018(Genoud,secondary)=58.6 | Genoud2018(Genoud,secondary)=27.12"
"Peropteryx macrotis","Body_Mass","g",3,3,"5.3067","1.06","","Burger2019(Burger,secondary)=5.4 | Genoud2018(Genoud,secondary)=5.1 | Wilman2014(Wilman,secondary)=5.42"
"Petromyscus collinus","Body_Mass","g",3,3,"19","1.07","","Ruf2015(Ruf,primary)=19.0 | Genoud2018(Genoud,secondary)=20.41 | Wilman2014(Wilman,secondary)=20.0"
"Phalanger carmelitae","Body_Mass","g",3,3,"1479.0667","2.05","DISAGREEMENT>2x","Burger2019(Burger,secondary)=1000.0 | Genoud2018(Genoud,secondary)=1389.7 | Wilman2014(Wilman,secondary)=2047.5"
"Phalanger gymnotis","Body_Mass","g",3,3,"2287.7967","1.72","","Burger2019(Burger,secondary)=2700.0 | Genoud2018(Genoud,secondary)=1565.5 | Wilman2014(Wilman,secondary)=2597.89"
"Phalanger intercastellanus","Body_Mass","g",3,3,"1617.6333","1.22","","Burger2019(Burger,secondary)=1434.0 | Genoud2018(Genoud,secondary)=1671.4 | Wilman2014(Wilman,secondary)=1747.5"
"Phalanger orientalis","Body_Mass","g",3,3,"2283.35","1.15","","Burger2019(Burger,secondary)=2500.0 | Genoud2018(Genoud,secondary)=2181.3 | Wilman2014(Wilman,secondary)=2168.75"
"Phalanger sericeus","Body_Mass","g",3,3,"1786.4","1.48","","Burger2019(Burger,secondary)=2003.0 | Genoud2018(Genoud,secondary)=1353.2 | Wilman2014(Wilman,secondary)=2003.0"
"Phascogale calura","Body_Mass","g",3,3,"45.9","1.48","","Burger2019(Burger,secondary)=51.5 | Genoud2018(Genoud,secondary)=34.7 | Wilman2014(Wilman,secondary)=51.5"
"Phascogale tapoatafa","Body_Mass","g",3,3,"181.4","1.23","","Burger2019(Burger,secondary)=193.5 | Genoud2018(Genoud,secondary)=157.2 | Wilman2014(Wilman,secondary)=193.5"
"Philantomba monticola","Body_Mass","g",3,3,"4937.6833","1.32","","Burger2019(Burger,secondary)=5650.0 | Genoud2018(Genoud,secondary)=4267.0 | Wilman2014(Wilman,secondary)=4896.05"
"Phodopus campbelli","Body_Mass","g",3,2,"29.35","1.68","","Genoud2018(Genoud,secondary)=31.4 | Genoud2018(Genoud,secondary)=39.2 | Wilman2014(Wilman,secondary)=23.4"
"Phodopus roborovskii","BMR_massspecific","mL O2/h/g",3,1,"2.324","2.16","DISAGREEMENT>2x","Genoud2018(Genoud,secondary)=2.981 | Genoud2018(Genoud,secondary)=2.611 | Genoud2018(Genoud,secondary)=1.381"
"Phodopus roborovskii","BMR_wholeanimal","mL O2/h",3,1,"43","1.76","","Genoud2018(Genoud,secondary)=45.9 | Genoud2018(Genoud,secondary)=53.0 | Genoud2018(Genoud,secondary)=30.1"
"Phyllostomus elongatus","Body_Mass","g",3,3,"40.31","1.26","","Burger2019(Burger,secondary)=44.9 | Genoud2018(Genoud,secondary)=35.6 | Wilman2014(Wilman,secondary)=40.43"
"Piliocolobus kirkii","Body_Mass","g",3,3,"6139.43","1.27","","Isler2008(Isler,secondary)=5630.0 | Burger2019(Burger,secondary)=5630.0 | Wilman2014(Wilman,secondary)=7158.29"
"Piliocolobus tephrosceles","Body_Mass","g",3,3,"8469.83","1.02","","Isler2008(Isler,secondary)=8409.0 | Burger2019(Burger,secondary)=8408.8 | Wilman2014(Wilman,secondary)=8591.69"
"Pipistrellus kuhlii","Body_Mass","g",3,3,"6.4067","1.18","","Burger2019(Burger,secondary)=6.3 | Genoud2018(Genoud,secondary)=6.99 | Wilman2014(Wilman,secondary)=5.93"
"Pipistrellus pipistrellus","BMR_massspecific","mL O2/h/g",3,1,"1.9019","1.23","","Genoud2018(Genoud,secondary)=2.133 | Genoud2018(Genoud,secondary)=1.833 | Genoud2018(Genoud,secondary)=1.739"
"Pipistrellus pipistrellus","BMR_wholeanimal","mL O2/h",3,1,"10.9667","1.6","","Genoud2018(Genoud,secondary)=12.8 | Genoud2018(Genoud,secondary)=12.1 | Genoud2018(Genoud,secondary)=8.0"
"Pipistrellus subflavus","Body_Mass","g",3,3,"5","1.15","","Burger2019(Burger,secondary)=5.3 | Ruf2015(Ruf,primary)=5.0 | Wilman2014(Wilman,secondary)=5.76"
"Platanista gangetica","Body_Mass","g",3,3,"77876.6667","1.95","","Manger2006(Manger,secondary)=59000.0 | Burger2019(Burger,secondary)=59630.0 | Wilman2014(Wilman,secondary)=115000.0"
"Pongo pygmaeus","BMR_massspecific","mL O2/h/g",3,3,"0.2851","1.26","","Isler2008(Isler,secondary)=0.305 | Boyer2018(Boyer,secondary)=0.243 | Genoud2018(Genoud,secondary)=0.307"
"Pongo pygmaeus","BMR_wholeanimal","mL O2/h",3,3,"6301.7374","1.82","","Isler2008(Isler,secondary)=4941.0 | Boyer2018(Boyer,secondary)=8994.212 | Genoud2018(Genoud,secondary)=4970.0"
"Pongo spp","Body_Mass","g",3,1,"59800","2.01","DISAGREEMENT>2x","MedinaGonzález2026(MedinaGonzález,secondary)=57300.0 | MedinaGonzález2026(MedinaGonzález,secondary)=40500.0 | MedinaGonzález2026(MedinaGonzález,secondary)=81600.0"
"Potos flavus","BMR_massspecific","mL O2/h/g",3,1,"0.3396","1.15","","Genoud2018(Genoud,secondary)=0.316 | Genoud2018(Genoud,secondary)=0.34 | Genoud2018(Genoud,secondary)=0.363"
"Potos flavus","BMR_wholeanimal","mL O2/h",3,1,"793","1.2","","Genoud2018(Genoud,secondary)=758.0 | Genoud2018(Genoud,secondary)=884.0 | Genoud2018(Genoud,secondary)=737.0"
"Presbytis chrysomelas","Body_Mass","g",3,3,"6603.9389","1.05","","Isler2008(Isler,secondary)=6719.0 | Burger2019(Burger,secondary)=6718.667 | Wilman2014(Wilman,secondary)=6374.15"
"Procyon cancrivorus","Body_Mass","g",3,3,"5013.88","5.99","DISAGREEMENT>2x","Burger2019(Burger,secondary)=6931.72 | Genoud2018(Genoud,secondary)=1160.0 | Wilman2014(Wilman,secondary)=6949.92"
"Propithecus tattersalli","Body_Mass","g",3,3,"3493.3333","1","","Powell2017(Powell,secondary)=3490.0 | Wilman2014(Wilman,secondary)=3500.0 | NA(10.6084%2Fm9.figshare.c.3899422.v1_Dataset1.tsv,secondary)=3490.0"
"Propithecus verreauxi verreauxi","Body_Mass","g",3,1,"2955","1","","Granatosky2018(Granatosky,secondary)=2955.0 | Granatosky2018(Granatosky,secondary)=2955.0 | Granatosky2018(Granatosky,secondary)=2955.0"
"Protoxerus stangeri","Body_Mass","g",3,3,"652.3333","1.12","","Burger2019(Burger,secondary)=639.5 | Genoud2018(Genoud,secondary)=696.0 | Wilman2014(Wilman,secondary)=621.5"
"Psammomys obesus","Body_Mass","g",3,3,"115.4267","2.16","DISAGREEMENT>2x","Burger2019(Burger,secondary)=69.1 | Genoud2018(Genoud,secondary)=127.6 | Wilman2014(Wilman,secondary)=149.58"
"Pseudomys hermannsburgensis","BMR_massspecific","mL O2/h/g",3,1,"1.6033","1.32","","Genoud2018(Genoud,secondary)=1.91 | Genoud2018(Genoud,secondary)=1.45 | Genoud2018(Genoud,secondary)=1.45"
"Pseudomys hermannsburgensis","BMR_wholeanimal","mL O2/h",3,1,"18.69","1.47","","Genoud2018(Genoud,secondary)=23.3 | Genoud2018(Genoud,secondary)=15.8 | Genoud2018(Genoud,secondary)=16.97"
"Pseudorca crassidens","Body_Mass","g",3,3,"1573333.3333","1.47","","Burger2019(Burger,secondary)=2e+06 | Lewitus2014(Lewitus,secondary)=1360000.0 | Wilman2014(Wilman,secondary)=1360000.0"
"Pteronotus davyi","Body_Mass","g",3,3,"9.7367","1.15","","Burger2019(Burger,secondary)=10.6 | Genoud2018(Genoud,secondary)=9.4 | Wilman2014(Wilman,secondary)=9.21"
"Pteronotus parnellii","Body_Mass","g",3,3,"19.3233","1.03","","Burger2019(Burger,secondary)=19.1 | Genoud2018(Genoud,secondary)=19.2 | Wilman2014(Wilman,secondary)=19.67"
"Pteronotus personatus","Body_Mass","g",3,3,"10.17","1.79","","Burger2019(Burger,secondary)=7.8 | Genoud2018(Genoud,secondary)=14.0 | Wilman2014(Wilman,secondary)=8.71"
"Pteropus hypomelanus","Body_Mass","g",3,3,"446.3133","1.34","","Burger2019(Burger,secondary)=390.0 | Genoud2018(Genoud,secondary)=520.8 | Wilman2014(Wilman,secondary)=428.14"
"Puma yagouaroundi","Body_Mass","g",3,3,"5903.3333","3.36","DISAGREEMENT>2x","Burger2019(Burger,secondary)=2485.0 | Genoud2018(Genoud,secondary)=8350.0 | Wilman2014(Wilman,secondary)=6875.0"
"Rangifer tarandus","BMR_massspecific","mL O2/h/g",3,1,"0.3888","2.1","DISAGREEMENT>2x","Genoud2018(Genoud,secondary)=0.252 | Genoud2018(Genoud,secondary)=0.385 | Genoud2018(Genoud,secondary)=0.529"
"Rangifer tarandus","BMR_wholeanimal","mL O2/h",3,1,"26865.3333","1.77","","Genoud2018(Genoud,secondary)=23748.0 | Genoud2018(Genoud,secondary)=20559.0 | Genoud2018(Genoud,secondary)=36289.0"
"Raphicerus campestris","Body_Mass","g",3,3,"9692.34","1.25","","Burger2019(Burger,secondary)=10200.0 | Genoud2018(Genoud,secondary)=8377.0 | Wilman2014(Wilman,secondary)=10500.02"
"Rattus fuscipes","BMR_massspecific","mL O2/h/g",3,1,"1.0683","1.37","","Genoud2018(Genoud,secondary)=1.21 | Genoud2018(Genoud,secondary)=1.11 | Genoud2018(Genoud,secondary)=0.885"
"Rattus fuscipes","BMR_wholeanimal","mL O2/h",3,1,"81.94","1.36","","Genoud2018(Genoud,secondary)=93.29 | Genoud2018(Genoud,secondary)=84.03 | Genoud2018(Genoud,secondary)=68.5"
"Rattus lutreolus","Body_Mass","g",3,3,"102.6","1.18","","Burger2019(Burger,secondary)=92.7 | Genoud2018(Genoud,secondary)=109.1 | Wilman2014(Wilman,secondary)=106.0"
"Rattus niobe","Body_Mass","g",3,3,"43.1567","1.07","","Burger2019(Burger,secondary)=42.1 | Genoud2018(Genoud,secondary)=42.3 | Wilman2014(Wilman,secondary)=45.07"
"Rattus villosissimus","Body_Mass","g",3,2,"175.05","1.85","","Genoud2018(Genoud,secondary)=184.4 | Genoud2018(Genoud,secondary)=247.8 | Wilman2014(Wilman,secondary)=134.0"
"Rhinolophus capensis","Body_Mass","g",3,3,"12.5","1.08","","Burger2019(Burger,secondary)=12.8 | Genoud2018(Genoud,secondary)=11.9 | Wilman2014(Wilman,secondary)=12.8"
"Rhinolophus clivosus","Body_Mass","g",3,3,"17.53","1.28","","Burger2019(Burger,secondary)=20.1 | Genoud2018(Genoud,secondary)=16.83 | Wilman2014(Wilman,secondary)=15.66"
"Rhinolophus ferrumequinum","Body_Mass","g",3,3,"23","1.12","","Burger2019(Burger,secondary)=23.5 | Ruf2015(Ruf,primary)=23.0 | Wilman2014(Wilman,secondary)=21.06"
"Rhinonicteris aurantia","Body_Mass","g",3,3,"8.5633","1.06","","Burger2019(Burger,secondary)=8.65 | Genoud2018(Genoud,secondary)=8.27 | Wilman2014(Wilman,secondary)=8.77"
"Rhinophylla pumilio","Body_Mass","g",3,3,"9.3167","1.07","","Burger2019(Burger,secondary)=8.9 | Genoud2018(Genoud,secondary)=9.5 | Wilman2014(Wilman,secondary)=9.55"
"Rhinopithecus avunculus","Body_Mass","g",3,3,"8695.3967","1.07","","Powell2017(Powell,secondary)=8500.0 | Wilman2014(Wilman,secondary)=9086.19 | NA(10.6084%2Fm9.figshare.c.3899422.v1_Dataset1.tsv,secondary)=8500.0"
"Rhinopithecus bieti","Body_Mass","g",3,3,"9733.5133","1.21","","Powell2017(Powell,secondary)=9100.0 | Wilman2014(Wilman,secondary)=11000.54 | NA(10.6084%2Fm9.figshare.c.3899422.v1_Dataset1.tsv,secondary)=9100.0"
"Rhinopoma microphyllum","Body_Mass","g",3,3,"10","2.79","DISAGREEMENT>2x","Burger2019(Burger,secondary)=27.1 | Ruf2015(Ruf,primary)=10.0 | Wilman2014(Wilman,secondary)=27.87"
"Rousettus aegyptiacus","Body_Mass","g",3,3,"135.9533","1.13","","Burger2019(Burger,secondary)=129.62 | Genoud2018(Genoud,secondary)=146.0 | Wilman2014(Wilman,secondary)=132.24"
"Rousettus amplexicaudatus","Body_Mass","g",3,3,"84.7833","1.14","","Burger2019(Burger,secondary)=80.38 | Genoud2018(Genoud,secondary)=91.5 | Wilman2014(Wilman,secondary)=82.47"
"Saccopteryx bilineata","Body_Mass","g",3,3,"7.7933","1","","Burger2019(Burger,secondary)=7.78 | Genoud2018(Genoud,secondary)=7.8 | Wilman2014(Wilman,secondary)=7.8"
"Saccopteryx leptura","Body_Mass","g",3,3,"4.6067","1.17","","Burger2019(Burger,secondary)=4.9 | Genoud2018(Genoud,secondary)=4.2 | Wilman2014(Wilman,secondary)=4.72"
"Saguinus pileatus","Body_Mass","g",3,3,"503.8767","1.14","","Isler2008(Isler,secondary)=525.0 | Burger2019(Burger,secondary)=524.5 | Wilman2014(Wilman,secondary)=462.13"
"Saimiri boliviensis","BMR_massspecific","mL O2/h/g",3,1,"0.8944","1.82","","Genoud2018(Genoud,secondary)=0.696 | Genoud2018(Genoud,secondary)=0.717 | Genoud2018(Genoud,secondary)=1.269"
"Saimiri boliviensis","BMR_wholeanimal","mL O2/h",3,1,"789.0667","1.68","","Genoud2018(Genoud,secondary)=592.0 | Genoud2018(Genoud,secondary)=782.0 | Genoud2018(Genoud,secondary)=993.2"
"Sarcophilus harrisii","BMR_massspecific","mL O2/h/g",3,1,"0.2618","1.35","","Genoud2018(Genoud,secondary)=0.28 | Genoud2018(Genoud,secondary)=0.215 | Genoud2018(Genoud,secondary)=0.29"
"Sarcophilus harrisii","BMR_wholeanimal","mL O2/h",3,1,"1669.7667","1.57","","Genoud2018(Genoud,secondary)=1414.0 | Genoud2018(Genoud,secondary)=1400.0 | Genoud2018(Genoud,secondary)=2195.3"
"Scapanus townsendii","Body_Mass","g",3,3,"113.9333","2.02","DISAGREEMENT>2x","Burger2019(Burger,secondary)=70.0 | Genoud2018(Genoud,secondary)=130.1 | Wilman2014(Wilman,secondary)=141.7"
"Sciurus aberti","Body_Mass","g",3,3,"624.83","1","","Burger2019(Burger,secondary)=626.5 | Genoud2018(Genoud,secondary)=624.0 | Wilman2014(Wilman,secondary)=623.99"
"Sciurus vulgaris","Body_Mass","g",3,3,"329.7667","1.02","","Haarlem2026(Haarlem,secondary)=328.9 | Burger2019(Burger,secondary)=327.4 | Wilman2014(Wilman,secondary)=333.0"
"Scotophilus dinganii","Body_Mass","g",3,3,"29","1.19","","Burger2019(Burger,secondary)=24.3 | Ruf2015(Ruf,primary)=29.0 | Wilman2014(Wilman,secondary)=25.13"
"Sekeetamys calurus","BMR_massspecific","mL O2/h/g",3,1,"0.7712","1.02","","Genoud2018(Genoud,secondary)=0.77 | Genoud2018(Genoud,secondary)=0.78 | Genoud2018(Genoud,secondary)=0.764"
"Sekeetamys calurus","BMR_wholeanimal","mL O2/h",3,1,"48.2","1.24","","Genoud2018(Genoud,secondary)=43.8 | Genoud2018(Genoud,secondary)=46.4 | Genoud2018(Genoud,secondary)=54.4"
"Semnopithecus ajax","Body_Mass","g",3,3,"14470.5833","1.52","","Isler2008(Isler,secondary)=16330.0 | Burger2019(Burger,secondary)=16329.75 | Wilman2014(Wilman,secondary)=10752.0"
"Setifer setosus","BMR_massspecific","mL O2/h/g",3,1,"0.2725","1.55","","Genoud2018(Genoud,secondary)=0.23 | Genoud2018(Genoud,secondary)=0.231 | Genoud2018(Genoud,secondary)=0.356"
"Setifer setosus","BMR_wholeanimal","mL O2/h",3,1,"87.6567","2.15","DISAGREEMENT>2x","Genoud2018(Genoud,secondary)=83.72 | Genoud2018(Genoud,secondary)=122.4 | Genoud2018(Genoud,secondary)=56.85"
"Sigmodon fulviventer","Body_Mass","g",3,2,"175.925","1.96","","Genoud2018(Genoud,secondary)=166.4 | Genoud2018(Genoud,secondary)=109.3 | Wilman2014(Wilman,secondary)=214.0"
"Sminthopsis douglasi","Body_Mass","g",3,3,"60","1.09","","Burger2019(Burger,secondary)=55.0 | Ruf2015(Ruf,primary)=60.0 | Wilman2014(Wilman,secondary)=55.0"
"Sminthopsis ooldea","Body_Mass","g",3,3,"11.1","1.05","","Ruf2015(Ruf,primary)=11.1 | Genoud2018(Genoud,secondary)=10.6 | Wilman2014(Wilman,secondary)=11.0"
"Sorex fumeus","Body_Mass","g",3,3,"8.1333","1.16","","Burger2019(Burger,secondary)=8.9 | HerculanoHouzel2015(HerculanoHouzel,secondary)=7.8 | Wilman2014(Wilman,secondary)=7.7"
"Sorex minutus","BMR_massspecific","mL O2/h/g",3,1,"9.5702","1.33","","Genoud2018(Genoud,secondary)=11.44 | Genoud2018(Genoud,secondary)=8.606 | Genoud2018(Genoud,secondary)=8.665"
"Sorex minutus","BMR_wholeanimal","mL O2/h",3,1,"41.6233","1.84","","Genoud2018(Genoud,secondary)=52.28 | Genoud2018(Genoud,secondary)=28.4 | Genoud2018(Genoud,secondary)=44.19"
"Sorex vagrans","Body_Mass","g",3,3,"5.4667","1.13","","Burger2019(Burger,secondary)=5.3 | Genoud2018(Genoud,secondary)=5.2 | Wilman2014(Wilman,secondary)=5.9"
"Sotalia fluviatilis","Body_Mass","g",3,3,"48146.6667","1.42","","Manger2006(Manger,secondary)=42200.0 | Burger2019(Burger,secondary)=42240.0 | Wilman2014(Wilman,secondary)=60000.0"
"Spalax carmeli","BMR_massspecific","mL O2/h/g",3,1,"0.7035","2.23","DISAGREEMENT>2x","Genoud2018(Genoud,secondary)=0.85 | Genoud2018(Genoud,secondary)=0.87 | Genoud2018(Genoud,secondary)=0.39"
"Spalax carmeli","BMR_wholeanimal","mL O2/h",3,1,"86.6667","2.05","DISAGREEMENT>2x","Genoud2018(Genoud,secondary)=99.5 | Genoud2018(Genoud,secondary)=107.9 | Genoud2018(Genoud,secondary)=52.6"
"Spalax galili","BMR_massspecific","mL O2/h/g",3,1,"0.8033","1.98","","Genoud2018(Genoud,secondary)=0.86 | Genoud2018(Genoud,secondary)=1.03 | Genoud2018(Genoud,secondary)=0.52"
"Spalax galili","BMR_wholeanimal","mL O2/h",3,1,"96.2333","1.54","","Genoud2018(Genoud,secondary)=110.1 | Genoud2018(Genoud,secondary)=107.1 | Genoud2018(Genoud,secondary)=71.5"
"Spalax judaei","Body_Mass","g",3,2,"211.175","2.44","DISAGREEMENT>2x","Genoud2018(Genoud,secondary)=121.0 | Genoud2018(Genoud,secondary)=133.6 | Wilman2014(Wilman,secondary)=295.05"
"Spermophilus columbianus","Body_Mass","g",3,3,"500","1.07","","Burger2019(Burger,secondary)=465.8 | Ruf2015(Ruf,primary)=500.0 | Wilman2014(Wilman,secondary)=493.0"
"Spermophilus elegans","Body_Mass","g",3,3,"300","1.51","","Burger2019(Burger,secondary)=307.1 | Ruf2015(Ruf,primary)=300.0 | Wilman2014(Wilman,secondary)=453.6"
"Spermophilus franklinii","Body_Mass","g",3,3,"471.0167","1.67","","Burger2019(Burger,secondary)=443.05 | Genoud2018(Genoud,secondary)=607.0 | Wilman2014(Wilman,secondary)=363.0"
"Spermophilus parryii","BMR_massspecific","mL O2/h/g",3,1,"0.7156","1.43","","Genoud2018(Genoud,secondary)=0.594 | Genoud2018(Genoud,secondary)=0.85 | Genoud2018(Genoud,secondary)=0.703"
"Spermophilus parryii","BMR_wholeanimal","mL O2/h",3,1,"606.1333","2.13","DISAGREEMENT>2x","Genoud2018(Genoud,secondary)=572.9 | Genoud2018(Genoud,secondary)=848.0 | Genoud2018(Genoud,secondary)=397.5"
"Spermophilus spilosoma","BMR_massspecific","mL O2/h/g",3,1,"0.6118","1.04","","Genoud2018(Genoud,secondary)=0.595 | Genoud2018(Genoud,secondary)=0.62 | Genoud2018(Genoud,secondary)=0.62"
"Spermophilus spilosoma","BMR_wholeanimal","mL O2/h",3,1,"104.8333","1.29","","Genoud2018(Genoud,secondary)=88.6 | Genoud2018(Genoud,secondary)=111.8 | Genoud2018(Genoud,secondary)=114.1"
"Spermophilus tridecemlineatus","BMR_massspecific","mL O2/h/g",3,1,"0.8651","2.18","DISAGREEMENT>2x","Genoud2018(Genoud,secondary)=1.248 | Genoud2018(Genoud,secondary)=0.573 | Genoud2018(Genoud,secondary)=0.774"
"Spermophilus tridecemlineatus","BMR_wholeanimal","mL O2/h",3,1,"179.2","2.41","DISAGREEMENT>2x","Genoud2018(Genoud,secondary)=252.1 | Genoud2018(Genoud,secondary)=104.5 | Genoud2018(Genoud,secondary)=181.0"
"Spermophilus variegatus","Body_Mass","g",3,3,"700","1.02","","Burger2019(Burger,secondary)=703.15 | Ruf2015(Ruf,primary)=700.0 | Wilman2014(Wilman,secondary)=691.64"
"Spermophilus xanthoprymnus","Body_Mass","g",3,3,"300","1.12","","Burger2019(Burger,secondary)=267.9 | Ruf2015(Ruf,primary)=300.0 | Wilman2014(Wilman,secondary)=289.67"
"Spilogale putorius","Body_Mass","g",3,3,"430.3333","1.91","","Burger2019(Burger,secondary)=326.0 | Genoud2018(Genoud,secondary)=624.0 | Wilman2014(Wilman,secondary)=341.0"
"Stenella coeruleoalba","Body_Mass","g",3,3,"85233.3333","2.41","DISAGREEMENT>2x","Manger2006(Manger,secondary)=56300.0 | Burger2019(Burger,secondary)=63500.0 | Wilman2014(Wilman,secondary)=135900.0"
"Sturnira lilium","BMR_massspecific","mL O2/h/g",3,1,"2.0689","1.35","","Genoud2018(Genoud,secondary)=1.79 | Genoud2018(Genoud,secondary)=2.0 | Genoud2018(Genoud,secondary)=2.417"
"Sturnira lilium","BMR_wholeanimal","mL O2/h",3,1,"41.8333","1.53","","Genoud2018(Genoud,secondary)=39.2 | Genoud2018(Genoud,secondary)=34.1 | Genoud2018(Genoud,secondary)=52.2"
"Sturnira tildae","Body_Mass","g",3,3,"22.8467","1.17","","Burger2019(Burger,secondary)=24.0 | Genoud2018(Genoud,secondary)=20.5 | Wilman2014(Wilman,secondary)=24.04"
"Stylocheiron maximum","Body_Mass","g",3,1,"0.0827","2.08","DISAGREEMENT>2x","Haarlem2026(Haarlem,secondary)=0.1 | Haarlem2026(Haarlem,secondary)=0.1 | Haarlem2026(Haarlem,secondary)=0.048"
"Sylvilagus audubonii","Body_Mass","g",3,3,"784.8433","1.32","","Burger2019(Burger,secondary)=792.5 | Genoud2018(Genoud,secondary)=672.4 | Wilman2014(Wilman,secondary)=889.63"
"Sylvilagus floridanus","Body_Mass","g",3,3,"1063.2633","1.2","","Burger2019(Burger,secondary)=1036.0 | Genoud2018(Genoud,secondary)=981.0 | Wilman2014(Wilman,secondary)=1172.79"
"Tachyoryctes splendens","Body_Mass","g",3,3,"212.4167","1.23","","Burger2019(Burger,secondary)=234.0 | Genoud2018(Genoud,secondary)=191.0 | Wilman2014(Wilman,secondary)=212.25"
"Tadarida aegyptiaca","Body_Mass","g",3,3,"17","1.05","","Burger2019(Burger,secondary)=17.7 | Ruf2015(Ruf,primary)=17.0 | Wilman2014(Wilman,secondary)=16.78"
"Tadarida teniotis","Body_Mass","g",3,3,"35","1.29","","Ruf2015(Ruf,primary)=35.0 | Genoud2018(Genoud,secondary)=32.0 | Wilman2014(Wilman,secondary)=27.04"
"Tamandua mexicana","Body_Mass","g",3,2,"4032.49","1.2","","Genoud2018(Genoud,secondary)=3500.0 | Genoud2018(Genoud,secondary)=4210.0 | Wilman2014(Wilman,secondary)=4209.98"
"Tamandua tetradactyla","Body_Mass","g",3,3,"4458.6867","1.58","","Burger2019(Burger,secondary)=4361.0 | Genoud2018(Genoud,secondary)=3500.0 | Wilman2014(Wilman,secondary)=5515.06"
"Tamias amoenus","BMR_massspecific","mL O2/h/g",3,1,"1.6012","1.16","","Genoud2018(Genoud,secondary)=1.454 | Genoud2018(Genoud,secondary)=1.66 | Genoud2018(Genoud,secondary)=1.69"
"Tamias amoenus","BMR_wholeanimal","mL O2/h",3,1,"81.2733","1.38","","Genoud2018(Genoud,secondary)=76.6 | Genoud2018(Genoud,secondary)=70.38 | Genoud2018(Genoud,secondary)=96.84"
"Tamias palmeri","Body_Mass","g",3,3,"66.5333","1.14","","Burger2019(Burger,secondary)=60.8 | Genoud2018(Genoud,secondary)=69.4 | Wilman2014(Wilman,secondary)=69.4"
"Tamias speciosus","Body_Mass","g",3,3,"64.2","1.18","","Burger2019(Burger,secondary)=59.9 | Genoud2018(Genoud,secondary)=70.7 | Wilman2014(Wilman,secondary)=62.0"
"Tamiasciurus hudsonicus","BMR_massspecific","mL O2/h/g",3,1,"1.3829","1.85","","Genoud2018(Genoud,secondary)=1.7 | Genoud2018(Genoud,secondary)=0.92 | Genoud2018(Genoud,secondary)=1.529"
"Tamiasciurus hudsonicus","BMR_wholeanimal","mL O2/h",3,1,"305.1333","1.51","","Genoud2018(Genoud,secondary)=297.5 | Genoud2018(Genoud,secondary)=246.6 | Genoud2018(Genoud,secondary)=371.3"
"Taphozous mauritianus","Body_Mass","g",3,3,"27.5067","1.11","","Burger2019(Burger,secondary)=29.0 | Genoud2018(Genoud,secondary)=26.17 | Wilman2014(Wilman,secondary)=27.35"
"Tapirus bairdii","Body_Mass","g",3,3,"202680.24","21.04","DISAGREEMENT>2x","Burger2019(Burger,secondary)=14260.0 | Wimberly2021(Wimberly,secondary)=293781.59 | Wilman2014(Wilman,secondary)=299999.13"
"Tatera indica","Body_Mass","g",3,3,"130.9367","1.92","","Burger2019(Burger,secondary)=139.7 | Genoud2018(Genoud,secondary)=86.8 | Wilman2014(Wilman,secondary)=166.31"
"Taurotragus oryx","BMR_massspecific","mL O2/h/g",3,1,"0.2342","1.06","","Genoud2018(Genoud,secondary)=0.239 | Genoud2018(Genoud,secondary)=0.238 | Genoud2018(Genoud,secondary)=0.225"
"Taurotragus oryx","BMR_wholeanimal","mL O2/h",3,1,"79046.6667","3.74","DISAGREEMENT>2x","Genoud2018(Genoud,secondary)=31787.0 | Genoud2018(Genoud,secondary)=119000.0 | Genoud2018(Genoud,secondary)=86353.0"
"Thallomys paedulcus","Body_Mass","g",3,3,"94.3","1.6","","Wimberly2021(Wimberly,secondary)=77.7 | Genoud2018(Genoud,secondary)=124.7 | Wilman2014(Wilman,secondary)=80.5"
"Thomomys bottae","BMR_massspecific","mL O2/h/g",3,1,"0.8467","1.33","","Genoud2018(Genoud,secondary)=0.84 | Genoud2018(Genoud,secondary)=0.73 | Genoud2018(Genoud,secondary)=0.97"
"Thomomys bottae","BMR_wholeanimal","mL O2/h",3,1,"125.3333","1.38","","Genoud2018(Genoud,secondary)=120.1 | Genoud2018(Genoud,secondary)=148.2 | Genoud2018(Genoud,secondary)=107.7"
"Thomomys talpoides","BMR_massspecific","mL O2/h/g",3,1,"1.2009","1.29","","Genoud2018(Genoud,secondary)=1.03 | Genoud2018(Genoud,secondary)=1.33 | Genoud2018(Genoud,secondary)=1.242"
"Thomomys talpoides","BMR_wholeanimal","mL O2/h",3,1,"119.7333","1.44","","Genoud2018(Genoud,secondary)=109.2 | Genoud2018(Genoud,secondary)=147.4 | Genoud2018(Genoud,secondary)=102.6"
"Thylamys elegans","BMR_massspecific","mL O2/h/g",3,1,"0.8753","1.66","","Genoud2018(Genoud,secondary)=0.91 | Genoud2018(Genoud,secondary)=0.646 | Genoud2018(Genoud,secondary)=1.07"
"Thylamys elegans","BMR_wholeanimal","mL O2/h",3,1,"30.77","2.14","DISAGREEMENT>2x","Genoud2018(Genoud,secondary)=29.2 | Genoud2018(Genoud,secondary)=20.1 | Genoud2018(Genoud,secondary)=43.01"
"Tolypeutes matacus","Body_Mass","g",3,3,"1186.6667","1.03","","Burger2019(Burger,secondary)=1200.0 | Genoud2018(Genoud,secondary)=1160.0 | Wilman2014(Wilman,secondary)=1200.0"
"Tonatia bidens","Body_Mass","g",3,3,"28.0033","1.08","","Burger2019(Burger,secondary)=29.4 | Genoud2018(Genoud,secondary)=27.4 | Wilman2014(Wilman,secondary)=27.21"
"Tragulus javanicus","Body_Mass","g",3,3,"2141.6667","1.72","","Burger2019(Burger,secondary)=2037.0 | Genoud2018(Genoud,secondary)=1613.0 | Wilman2014(Wilman,secondary)=2775.0"
"Trichechus inunguis","Body_Mass","g",3,2,"324937.5","2.84","DISAGREEMENT>2x","Genoud2018(Genoud,secondary)=170500.0 | Genoud2018(Genoud,secondary)=169250.0 | Wilman2014(Wilman,secondary)=480000.0"
"Tscherskia triton","Body_Mass","g",3,3,"179.0633","15.21","DISAGREEMENT>2x","Burger2019(Burger,secondary)=25.0 | Genoud2018(Genoud,secondary)=132.0 | Wilman2014(Wilman,secondary)=380.19"
"Tursiops truncatus","BMR_massspecific","mL O2/h/g",3,1,"0.3243","1.72","","Genoud2018(Genoud,secondary)=0.353 | Genoud2018(Genoud,secondary)=0.392 | Genoud2018(Genoud,secondary)=0.228"
"Tursiops truncatus","BMR_wholeanimal","mL O2/h",3,1,"53908","1.38","","Genoud2018(Genoud,secondary)=60000.0 | Genoud2018(Genoud,secondary)=58221.0 | Genoud2018(Genoud,secondary)=43503.0"
"Uroderma bilobatum","Body_Mass","g",3,3,"16.1733","1.07","","Burger2019(Burger,secondary)=15.63 | Genoud2018(Genoud,secondary)=16.2 | Wilman2014(Wilman,secondary)=16.69"
"Ursus americanus","BMR_massspecific","mL O2/h/g",3,1,"0.1532","3.21","DISAGREEMENT>2x","Genoud2018(Genoud,secondary)=0.118 | Genoud2018(Genoud,secondary)=0.081 | Genoud2018(Genoud,secondary)=0.26"
"Ursus americanus","BMR_wholeanimal","mL O2/h",3,1,"14306","1.38","","Genoud2018(Genoud,secondary)=15341.0 | Genoud2018(Genoud,secondary)=11600.0 | Genoud2018(Genoud,secondary)=15977.0"
"Ursus maritimus","BMR_massspecific","mL O2/h/g",3,2,"0.1257","1.09","","Genoud2018(Genoud,secondary)=0.123 | Genoud2018(Genoud,secondary)=0.119 | Lewitus2014(Lewitus,secondary)=0.13"
"Ursus maritimus","BMR_wholeanimal","mL O2/h",3,2,"33842","1.98","","Genoud2018(Genoud,secondary)=22376.0 | Genoud2018(Genoud,secondary)=24300.0 | Lewitus2014(Lewitus,secondary)=44346.0"
"Vampyressa pusilla","Body_Mass","g",3,3,"8.66","1.03","","Burger2019(Burger,secondary)=8.55 | Genoud2018(Genoud,secondary)=8.8 | Wilman2014(Wilman,secondary)=8.63"
"Varecia variegata","BMR_massspecific","mL O2/h/g",3,3,"0.1819","1.12","","Isler2008(Isler,secondary)=0.172 | Genoud2018(Genoud,secondary)=0.193 | Lewitus2014(Lewitus,secondary)=0.18"
"Varecia variegata","BMR_wholeanimal","mL O2/h",3,3,"599.0767","1.02","","Isler2008(Isler,secondary)=603.63 | Genoud2018(Genoud,secondary)=590.0 | Lewitus2014(Lewitus,secondary)=603.6"
"Vespadelus vulturnus","Body_Mass","g",3,3,"4","1.06","","Ruf2015(Ruf,primary)=4.0 | Genoud2018(Genoud,secondary)=4.0 | Wilman2014(Wilman,secondary)=3.77"
"Vulpes rueppellii","Body_Mass","g",3,3,"2348.6567","2.1","DISAGREEMENT>2x","Burger2019(Burger,secondary)=2250.0 | Genoud2018(Genoud,secondary)=1546.0 | Wilman2014(Wilman,secondary)=3249.97"
"Zalophus californianus","BMR_massspecific","mL O2/h/g",3,1,"0.4046","1.14","","Genoud2018(Genoud,secondary)=0.393 | Genoud2018(Genoud,secondary)=0.437 | Genoud2018(Genoud,secondary)=0.384"
"Zalophus californianus","BMR_wholeanimal","mL O2/h",3,1,"25695","4.11","DISAGREEMENT>2x","Genoud2018(Genoud,secondary)=8843.0 | Genoud2018(Genoud,secondary)=31894.0 | Genoud2018(Genoud,secondary)=36348.0"
"Zapus hudsonius","BMR_massspecific","mL O2/h/g",3,1,"2.5418","2.1","DISAGREEMENT>2x","Genoud2018(Genoud,secondary)=1.5 | Genoud2018(Genoud,secondary)=3.15 | Genoud2018(Genoud,secondary)=2.975"
"Zapus hudsonius","BMR_wholeanimal","mL O2/h",3,1,"60.1","1.61","","Genoud2018(Genoud,secondary)=45.0 | Genoud2018(Genoud,secondary)=63.0 | Genoud2018(Genoud,secondary)=72.3"
"Ziphius cavirostris","Body_Mass","g",3,3,"3107000.0003","2.1","DISAGREEMENT>2x","Manger2006(Manger,secondary)=2273000.0 | Burger2019(Burger,secondary)=2273000.001 | Wilman2014(Wilman,secondary)=4775000.0"
"Abeomelomys sevia","Body_Mass","g",2,2,"58.14","1.12","","Burger2019(Burger,secondary)=61.4 | Wilman2014(Wilman,secondary)=54.88"
"Abrothrix lanosus","Body_Mass","g",2,2,"25.915","1.16","","Genoud2018(Genoud,secondary)=24.0 | Wilman2014(Wilman,secondary)=27.83"
"Abrothrix longipilis","Body_Mass","g",2,2,"40.58","1.09","","Genoud2018(Genoud,secondary)=42.3 | Wilman2014(Wilman,secondary)=38.86"
"Acinonyx jubatus","BMR_massspecific","mL O2/h/g",2,1,"0.2885","1.43","","Genoud2018(Genoud,secondary)=0.34 | Genoud2018(Genoud,secondary)=0.237"
"Acinonyx jubatus","BMR_wholeanimal","mL O2/h",2,1,"11121.15","1.48","","Genoud2018(Genoud,secondary)=13260.0 | Genoud2018(Genoud,secondary)=8982.3"
"Acomys spinosissimus","Body_Mass","g",2,2,"26.76","1.02","","Genoud2018(Genoud,secondary)=27.02 | Wilman2014(Wilman,secondary)=26.5"
"Acomys subspinosus","Body_Mass","g",2,2,"26.63","1.54","","Genoud2018(Genoud,secondary)=32.26 | Wilman2014(Wilman,secondary)=21.0"
"Acomys wilsoni","Body_Mass","g",2,2,"18.5","1","","Burger2019(Burger,secondary)=18.5 | Wilman2014(Wilman,secondary)=18.5"
"Aconaemys fuscus","Body_Mass","g",2,2,"122.75","1.19","","Genoud2018(Genoud,secondary)=112.0 | Wilman2014(Wilman,secondary)=133.5"
"Addax nasomaculatus","Body_Mass","g",2,2,"88500.16","1.53","","Burger2019(Burger,secondary)=107000.0 | Wilman2014(Wilman,secondary)=70000.32"
"Aepyprymnus rufescens","BMR_massspecific","mL O2/h/g",2,1,"0.3962","1.09","","Genoud2018(Genoud,secondary)=0.413 | Genoud2018(Genoud,secondary)=0.379"
"Aepyprymnus rufescens","BMR_wholeanimal","mL O2/h",2,1,"1154.5","1.16","","Genoud2018(Genoud,secondary)=1240.0 | Genoud2018(Genoud,secondary)=1069.0"
"Aeromys tephromelas","Body_Mass","g",2,2,"1132","1.11","","Burger2019(Burger,secondary)=1189.0 | Wilman2014(Wilman,secondary)=1075.0"
"Aethomys chrysophilus","Body_Mass","g",2,2,"95.925","1.56","","Burger2019(Burger,secondary)=117.0 | Wilman2014(Wilman,secondary)=74.85"
"Aethomys hindei","Body_Mass","g",2,2,"124.9","1.41","","Burger2019(Burger,secondary)=146.3 | Wilman2014(Wilman,secondary)=103.5"
"Akodon albiventer","Body_Mass","g",2,2,"26.4","1.42","","Genoud2018(Genoud,secondary)=31.0 | Wilman2014(Wilman,secondary)=21.8"
"Alcelaphus lichtensteinii","Body_Mass","g",2,2,"166847.83","1.02","","Burger2019(Burger,secondary)=165000.0 | Wilman2014(Wilman,secondary)=168695.66"
"Alces alces","Body_Mass","g",2,2,"278499.08","1.78","","Burger2019(Burger,secondary)=2e+05 | Wilman2014(Wilman,secondary)=356998.16"
"Allactaga euphratica","Body_Mass","g",2,2,"90","2.58","DISAGREEMENT>2x","Ruf2015(Ruf,primary)=90.0 | Wilman2014(Wilman,secondary)=232.0"
"Allactaga sibirica","Body_Mass","g",2,2,"145.25","1.98","","Burger2019(Burger,secondary)=193.0 | Wilman2014(Wilman,secondary)=97.5"
"Allactaga williamsi","Body_Mass","g",2,2,"150","1.28","","Ruf2015(Ruf,primary)=150.0 | Wilman2014(Wilman,secondary)=116.74"
"Alouatta macconnelli","Body_Mass","g",2,2,"6359.185","1.01","","Burger2019(Burger,secondary)=6398.31 | Wilman2014(Wilman,secondary)=6320.06"
"Alouatta palliata","Gestation","days",2,2,"186","1","","Lewitus2014(Lewitus,secondary)=186.0 | Isler2008(Isler,secondary)=186.0"
"Alouatta palliata","Weaning_age","days",2,2,"492.6667","1.04","","Lewitus2014(Lewitus,secondary)=483.333 | Isler2008(Isler,secondary)=502.0"
"Alouatta sara","Body_Mass","g",2,2,"6611.04","1","","Burger2019(Burger,secondary)=6611.04 | Wilman2014(Wilman,secondary)=6611.04"
"Alticola argentatus","Body_Mass","g",2,2,"45.3","1.4","","Genoud2018(Genoud,secondary)=52.9 | Wilman2014(Wilman,secondary)=37.7"
"Amblonyx cinereus","Body_Mass","g",2,1,"3500","1","","Jacobs2018(Jacobs,info)=3500.0 | Jacobs2018(Jacobs,info)=3500.0"
"Ammospermophilus harrisii","Body_Mass","g",2,2,"114.575","1.14","","Burger2019(Burger,secondary)=107.15 | Wilman2014(Wilman,secondary)=122.0"
"Ammospermophilus insularis","Body_Mass","g",2,2,"112.15","1.2","","Burger2019(Burger,secondary)=101.99 | Wilman2014(Wilman,secondary)=122.31"
"Ammospermophilus interpres","Body_Mass","g",2,2,"102.375","1.17","","Burger2019(Burger,secondary)=94.45 | Wilman2014(Wilman,secondary)=110.3"
"Ammospermophilus nelsoni","Body_Mass","g",2,2,"163.825","1.04","","Burger2019(Burger,secondary)=167.25 | Wilman2014(Wilman,secondary)=160.4"
"Anoura caudifer","BMR_massspecific","mL O2/h/g",2,1,"2.7694","1.23","","Genoud2018(Genoud,secondary)=3.052 | Genoud2018(Genoud,secondary)=2.487"
"Anoura caudifer","BMR_wholeanimal","mL O2/h",2,1,"31.6","1.25","","Genoud2018(Genoud,secondary)=35.1 | Genoud2018(Genoud,secondary)=28.1"
"Anoura geoffroyi","Body_Mass","g",2,2,"14.81","1.03","","Burger2019(Burger,secondary)=15.0 | Wilman2014(Wilman,secondary)=14.62"
"Anoura latidens","Body_Mass","g",2,2,"14.075","1.09","","Genoud2018(Genoud,secondary)=13.5 | Wilman2014(Wilman,secondary)=14.65"
"Antechinomys laniger","BMR_massspecific","mL O2/h/g",2,1,"0.98","1","","Genoud2018(Genoud,secondary)=0.98 | Genoud2018(Genoud,secondary)=0.98"
"Antechinomys laniger","BMR_wholeanimal","mL O2/h",2,1,"25.285","1.13","","Genoud2018(Genoud,secondary)=23.72 | Genoud2018(Genoud,secondary)=26.85"
"Antechinus agilis","Body_Mass","g",2,2,"23.065","1.08","","Burger2019(Burger,secondary)=24.0 | Wilman2014(Wilman,secondary)=22.13"
"Antechinus bellus","Body_Mass","g",2,2,"44.75","1.01","","Burger2019(Burger,secondary)=45.0 | Wilman2014(Wilman,secondary)=44.5"
"Antechinus flavipes","BMR_massspecific","mL O2/h/g",2,1,"0.7404","2.08","DISAGREEMENT>2x","Genoud2018(Genoud,secondary)=0.481 | Genoud2018(Genoud,secondary)=1.0"
"Antechinus flavipes","BMR_wholeanimal","mL O2/h",2,1,"28.75","3.6","DISAGREEMENT>2x","Genoud2018(Genoud,secondary)=12.5 | Genoud2018(Genoud,secondary)=45.0"
"Antechinus leo","Body_Mass","g",2,2,"74","1","","Burger2019(Burger,secondary)=74.0 | Wilman2014(Wilman,secondary)=74.0"
"Antechinus minimus","Body_Mass","g",2,2,"53.5","1","","Burger2019(Burger,secondary)=53.5 | Wilman2014(Wilman,secondary)=53.5"
"Antechinus subtropicus","Body_Mass","g",2,2,"44","2.09","DISAGREEMENT>2x","Burger2019(Burger,secondary)=28.5 | Wilman2014(Wilman,secondary)=59.5"
"Antilope cervicapra","Body_Mass","g",2,2,"33150","1.3","","Burger2019(Burger,secondary)=28800.0 | Wilman2014(Wilman,secondary)=37500.0"
"Antrozous pallidus","Body_Mass","g",2,2,"21.4","1.06","","Genoud2018(Genoud,secondary)=22.0 | Wilman2014(Wilman,secondary)=20.8"
"Aonyx capensis","Body_Mass","g",2,2,"19054.92","1.01","","Burger2019(Burger,secondary)=19110.0 | Wilman2014(Wilman,secondary)=18999.84"
"Aonyx cinerea","Body_Mass","g",2,2,"3793.795","1.15","","Burger2019(Burger,secondary)=4060.0 | Wilman2014(Wilman,secondary)=3527.59"
"Aotus trivirgatus","Gestation","days",2,2,"135.25","1.03","","Lewitus2014(Lewitus,secondary)=137.5 | Isler2008(Isler,secondary)=133.0"
"Aotus trivirgatus","Weaning_age","days",2,2,"93.1667","1.45","","Lewitus2014(Lewitus,secondary)=110.333 | Isler2008(Isler,secondary)=76.0"
"Apodemus agrarius","BMR_massspecific","mL O2/h/g",2,1,"3.2201","1.04","","Genoud2018(Genoud,secondary)=3.15 | Genoud2018(Genoud,secondary)=3.29"
"Apodemus agrarius","BMR_wholeanimal","mL O2/h",2,1,"73.48","1.2","","Genoud2018(Genoud,secondary)=66.78 | Genoud2018(Genoud,secondary)=80.18"
"Apodemus alpicola","Body_Mass","g",2,2,"29.58","1.11","","Genoud2018(Genoud,secondary)=31.1 | Wilman2014(Wilman,secondary)=28.06"
"Apodemus argenteus","Body_Mass","g",2,2,"18.35","1.34","","Genoud2018(Genoud,secondary)=15.7 | Wilman2014(Wilman,secondary)=21.0"
"Apodemus peninsulae","Body_Mass","g",2,2,"26","1.27","","Ruf2015(Ruf,primary)=26.0 | Wilman2014(Wilman,secondary)=32.9"
"Apodemus speciosus","BMR_massspecific","mL O2/h/g",2,1,"2.13","1.71","","Genoud2018(Genoud,secondary)=1.57 | Genoud2018(Genoud,secondary)=2.69"
"Apodemus speciosus","BMR_wholeanimal","mL O2/h",2,1,"65.205","1.43","","Genoud2018(Genoud,secondary)=53.69 | Genoud2018(Genoud,secondary)=76.72"
"Apodemus witherbyi","BMR_massspecific","mL O2/h/g",2,1,"2.4389","1","","Genoud2018(Genoud,secondary)=2.439 | Genoud2018(Genoud,secondary)=2.439"
"Apodemus witherbyi","BMR_wholeanimal","mL O2/h",2,1,"48.9","1.05","","Genoud2018(Genoud,secondary)=50.0 | Genoud2018(Genoud,secondary)=47.8"
"Arborimus pomo","Body_Mass","g",2,2,"27.15","1.49","","Genoud2018(Genoud,secondary)=21.8 | Wilman2014(Wilman,secondary)=32.5"
"Arctocebus calabarensis","BMR_massspecific","mL O2/h/g",2,2,"0.6365","1","","Isler2008(Isler,secondary)=0.637 | Genoud2018(Genoud,secondary)=0.636"
"Arctocebus calabarensis","BMR_wholeanimal","mL O2/h",2,2,"131.11","1","","Isler2008(Isler,secondary)=131.22 | Genoud2018(Genoud,secondary)=131.0"
"Arctocephalus australis","Body_Mass","g",2,2,"74375","2.31","DISAGREEMENT>2x","Burger2019(Burger,secondary)=103750.0 | Wilman2014(Wilman,secondary)=45000.0"
"Arctocephalus forsteri","Body_Mass","g",2,2,"105470","1.08","","Burger2019(Burger,secondary)=109690.0 | Wilman2014(Wilman,secondary)=101250.0"
"Arctocephalus galapagoensis","Body_Mass","g",2,2,"36475","1.7","","Burger2019(Burger,secondary)=45950.0 | Wilman2014(Wilman,secondary)=27000.0"
"Arctocephalus gazella","Body_Mass","g",2,2,"97050","1.01","","Burger2019(Burger,secondary)=96600.0 | Wilman2014(Wilman,secondary)=97500.0"
"Arctocephalus philippii","Body_Mass","g",2,2,"117500","1.47","","Burger2019(Burger,secondary)=140000.0 | Wilman2014(Wilman,secondary)=95000.0"
"Arctocephalus pusillus","Body_Mass","g",2,2,"178625","1","","Burger2019(Burger,secondary)=178750.0 | Wilman2014(Wilman,secondary)=178500.0"
"Arctocephalus tropicalis","Body_Mass","g",2,2,"92625","1.21","","Burger2019(Burger,secondary)=101250.0 | Wilman2014(Wilman,secondary)=84000.0"
"Arctonyx collaris","Body_Mass","g",2,2,"8423","1.65","","Burger2019(Burger,secondary)=10490.0 | Wilman2014(Wilman,secondary)=6356.0"
"Ardops nichollsi","Body_Mass","g",2,2,"16.08","1.14","","Burger2019(Burger,secondary)=15.0 | Wilman2014(Wilman,secondary)=17.16"
"Artibeus fimbriatus","Body_Mass","g",2,2,"63.9","1","","Genoud2018(Genoud,secondary)=63.9 | Wilman2014(Wilman,secondary)=63.9"
"Artibeus glaucus","Body_Mass","g",2,2,"11.63","1.1","","Burger2019(Burger,secondary)=12.2 | Wilman2014(Wilman,secondary)=11.06"
"Artibeus hirsutus","Body_Mass","g",2,2,"45.115","1.33","","Genoud2018(Genoud,secondary)=51.5 | Wilman2014(Wilman,secondary)=38.73"
"Artibeus phaeotis","Body_Mass","g",2,2,"11.695","1.02","","Burger2019(Burger,secondary)=11.8 | Wilman2014(Wilman,secondary)=11.59"
"Artibeus toltecus","Body_Mass","g",2,2,"15.925","1.07","","Burger2019(Burger,secondary)=16.45 | Wilman2014(Wilman,secondary)=15.4"
"Arvicanthis niloticus","Body_Mass","g",2,2,"95.7","1.27","","Burger2019(Burger,secondary)=84.5 | Wilman2014(Wilman,secondary)=106.9"
"Aselliscus stoliczkanus","Body_Mass","g",2,2,"4.9","1","","Burger2019(Burger,secondary)=4.9 | Wilman2014(Wilman,secondary)=4.9"
"Ateles marginatus","Body_Mass","g",2,2,"4600.49","1.87","","Burger2019(Burger,secondary)=3201.0 | Wilman2014(Wilman,secondary)=5999.98"
"Atelocynus microtis","Body_Mass","g",2,2,"8389.985","1.17","","Burger2019(Burger,secondary)=9030.0 | Wilman2014(Wilman,secondary)=7749.97"
"Atherurus africanus","Body_Mass","g",2,2,"2543.25","1.63","","Burger2019(Burger,secondary)=3152.5 | Wilman2014(Wilman,secondary)=1934.0"
"Atherurus macrourus","Body_Mass","g",2,2,"2000","1","","Burger2019(Burger,secondary)=2000.0 | Wilman2014(Wilman,secondary)=2000.0"
"Atilax paludinosus","Body_Mass","g",2,2,"3484.985","1.11","","Burger2019(Burger,secondary)=3670.0 | Wilman2014(Wilman,secondary)=3299.97"
"Auliscomys boliviensis","Body_Mass","g",2,2,"71.25","1.17","","Genoud2018(Genoud,secondary)=76.8 | Wilman2014(Wilman,secondary)=65.7"
"Australopithecus afarensis","Body_Mass","g",2,1,"27200","1","","Seymour2017(Seymour,info)=27200.0 | Seymour2017(Seymour,info)=27200.0"
"Axis porcinus","Body_Mass","g",2,2,"32209.25","1.15","","Burger2019(Burger,secondary)=30000.0 | Wilman2014(Wilman,secondary)=34418.5"
"Babyrousa babyrussa","Body_Mass","g",2,2,"89000","1.28","","Burger2019(Burger,secondary)=78000.0 | Wilman2014(Wilman,secondary)=1e+05"
"Baiomys taylori","BMR_massspecific","mL O2/h/g",2,1,"2.4023","1.47","","Genoud2018(Genoud,secondary)=1.945 | Genoud2018(Genoud,secondary)=2.859"
"Baiomys taylori","BMR_wholeanimal","mL O2/h",2,1,"16.965","1.39","","Genoud2018(Genoud,secondary)=14.2 | Genoud2018(Genoud,secondary)=19.73"
"Balaena mysticetus","Body_Mass","g",2,2,"95499999.965","1.1","","Burger2019(Burger,secondary)=90999999.93 | Wilman2014(Wilman,secondary)=1e+08"
"Balaenoptera acutorostrata","Body_Mass","g",2,2,"7793546.795","1.79","","Burger2019(Burger,secondary)=5587093.59 | Wilman2014(Wilman,secondary)=1e+07"
"Balionycteris maculata","Body_Mass","g",2,2,"13.845","1.07","","Burger2019(Burger,secondary)=14.33 | Wilman2014(Wilman,secondary)=13.36"
"Bassaricyon alleni","Body_Mass","g",2,2,"1235.005","1","","Burger2019(Burger,secondary)=1235.0 | Wilman2014(Wilman,secondary)=1235.01"
"Bassaricyon gabbii","Body_Mass","g",2,2,"1250","1","","Burger2019(Burger,secondary)=1250.0 | Wilman2014(Wilman,secondary)=1250.0"
"Bassariscus astutus","BMR_massspecific","mL O2/h/g",2,1,"0.4378","1.04","","Genoud2018(Genoud,secondary)=0.429 | Genoud2018(Genoud,secondary)=0.447"
"Bassariscus astutus","BMR_wholeanimal","mL O2/h",2,1,"377.75","1.04","","Genoud2018(Genoud,secondary)=371.0 | Genoud2018(Genoud,secondary)=384.5"
"Bassariscus sumichrasti","BMR_massspecific","mL O2/h/g",2,1,"0.4929","1.01","","Genoud2018(Genoud,secondary)=0.495 | Genoud2018(Genoud,secondary)=0.491"
"Bassariscus sumichrasti","BMR_wholeanimal","mL O2/h",2,1,"633.2","1","","Genoud2018(Genoud,secondary)=634.6 | Genoud2018(Genoud,secondary)=631.8"
"Bathyergus janetta","BMR_massspecific","mL O2/h/g",2,1,"0.569","1.11","","Genoud2018(Genoud,secondary)=0.598 | Genoud2018(Genoud,secondary)=0.54"
"Bathyergus janetta","BMR_wholeanimal","mL O2/h",2,1,"216.35","1.03","","Genoud2018(Genoud,secondary)=213.5 | Genoud2018(Genoud,secondary)=219.2"
"Bdeogale crassicauda","Body_Mass","g",2,2,"1399.995","1.24","","Burger2019(Burger,secondary)=1250.0 | Wilman2014(Wilman,secondary)=1549.99"
"Beamys hindei","Body_Mass","g",2,2,"82.775","1.18","","Burger2019(Burger,secondary)=89.75 | Wilman2014(Wilman,secondary)=75.8"
"Berylmys bowersi","Body_Mass","g",2,2,"330.35","1.2","","Burger2019(Burger,secondary)=360.7 | Wilman2014(Wilman,secondary)=300.0"
"Bettongia penicillata","BMR_massspecific","mL O2/h/g",2,1,"0.5683","1.05","","Genoud2018(Genoud,secondary)=0.553 | Genoud2018(Genoud,secondary)=0.583"
"Bettongia penicillata","BMR_wholeanimal","mL O2/h",2,1,"577.7","1.05","","Genoud2018(Genoud,secondary)=592.0 | Genoud2018(Genoud,secondary)=563.4"
"Bettongia tropica","Body_Mass","g",2,2,"1228.29","1.05","","Burger2019(Burger,secondary)=1200.0 | Wilman2014(Wilman,secondary)=1256.58"
"Blarina carolinensis","Body_Mass","g",2,2,"11.85","1.32","","Genoud2018(Genoud,secondary)=10.2 | Wilman2014(Wilman,secondary)=13.5"
"Bos indicus","Body_Mass","g",2,1,"192750","1","","Weibel2004(Weibel,primary)=193000.0 | Weibel2004(Weibel,primary)=192500.0"
"Boselaphus tragocamelus","Body_Mass","g",2,2,"147000","1.35","","Burger2019(Burger,secondary)=125000.0 | Wilman2014(Wilman,secondary)=169000.0"
"Brachylagus idahoensis","Body_Mass","g",2,2,"426.67","1.03","","Genoud2018(Genoud,secondary)=432.0 | Wilman2014(Wilman,secondary)=421.34"
"Brachyphylla cavernarum","Body_Mass","g",2,2,"46.46","1.01","","Burger2019(Burger,secondary)=46.75 | Wilman2014(Wilman,secondary)=46.17"
"Cabassous centralis","Body_Mass","g",2,2,"3809.98","1","","Genoud2018(Genoud,secondary)=3810.0 | Wilman2014(Wilman,secondary)=3809.96"
"Cabassous unicinctus","Body_Mass","g",2,2,"4364.995","1.22","","Burger2019(Burger,secondary)=3930.0 | Wilman2014(Wilman,secondary)=4799.99"
"Caenolestes fuliginosus","Body_Mass","g",2,2,"31.4","1.26","","Burger2019(Burger,secondary)=35.0 | Wilman2014(Wilman,secondary)=27.8"
"Callicebus brunneus","Body_Mass","g",2,2,"910.955","1.2","","Granatosky2018(Granatosky,secondary)=829.5 | Wilman2014(Wilman,secondary)=992.41"
"Callicebus regulus","Body_Mass","g",2,2,"1070.5525","1.12","","Burger2019(Burger,secondary)=1129.785 | Wilman2014(Wilman,secondary)=1011.32"
"Callimico goeldii","Gestation","days",2,2,"152.5","1.01","","Lewitus2014(Lewitus,secondary)=153.0 | Isler2008(Isler,secondary)=152.0"
"Callimico goeldii","Weaning_age","days",2,2,"67.125","1.07","","Lewitus2014(Lewitus,secondary)=69.25 | Isler2008(Isler,secondary)=65.0"
"Callithrix jacchus","Gestation","days",2,2,"145","1.01","","Lewitus2014(Lewitus,secondary)=146.0 | Isler2008(Isler,secondary)=144.0"
"Callithrix jacchus","Weaning_age","days",2,2,"73.7","1.09","","Lewitus2014(Lewitus,secondary)=70.4 | Isler2008(Isler,secondary)=77.0"
"Callorhinus ursinus","BMR_massspecific","mL O2/h/g",2,1,"0.6208","1.2","","Genoud2018(Genoud,secondary)=0.678 | Genoud2018(Genoud,secondary)=0.563"
"Callorhinus ursinus","BMR_wholeanimal","mL O2/h",2,1,"14343.5","3.11","DISAGREEMENT>2x","Genoud2018(Genoud,secondary)=21701.0 | Genoud2018(Genoud,secondary)=6986.0"
"Callosciurus caniceps","Body_Mass","g",2,2,"248.5","1.07","","Burger2019(Burger,secondary)=240.0 | Wilman2014(Wilman,secondary)=257.0"
"Callosciurus nigrovittatus","Body_Mass","g",2,2,"202","1","","Burger2019(Burger,secondary)=202.0 | Wilman2014(Wilman,secondary)=202.0"
"Callosciurus notatus","Body_Mass","g",2,2,"203.5","1.06","","Burger2019(Burger,secondary)=209.5 | Wilman2014(Wilman,secondary)=197.5"
"Callosciurus prevostii","Body_Mass","g",2,2,"400.23","1.21","","Burger2019(Burger,secondary)=439.0 | Wilman2014(Wilman,secondary)=361.46"
"Calomys callosus","Body_Mass","g",2,2,"46.475","1.07","","Genoud2018(Genoud,secondary)=48.0 | Wilman2014(Wilman,secondary)=44.95"
"Calomys lepidus","Body_Mass","g",2,2,"21.3","1.66","","Genoud2018(Genoud,secondary)=16.0 | Wilman2014(Wilman,secondary)=26.6"
"Caluromys lanatus","Body_Mass","g",2,2,"354.5","1.18","","Burger2019(Burger,secondary)=384.0 | Wilman2014(Wilman,secondary)=325.0"
"Calypte anna","Body_Mass","g",2,2,"3.4","1.29","","Haarlem2026(Haarlem,secondary)=4.4 | Ruf2015(Ruf,primary)=3.4"
"Camelus dromedarius","BMR_massspecific","mL O2/h/g",2,1,"0.1304","1.53","","Genoud2018(Genoud,secondary)=0.103 | Genoud2018(Genoud,secondary)=0.158"
"Camelus dromedarius","BMR_wholeanimal","mL O2/h",2,1,"33402","1.31","","Genoud2018(Genoud,secondary)=28980.0 | Genoud2018(Genoud,secondary)=37824.0"
"Canis adustus","Body_Mass","g",2,2,"8202.455","1.67","","Burger2019(Burger,secondary)=6155.0 | Wilman2014(Wilman,secondary)=10249.91"
"Cannomys badius","Body_Mass","g",2,2,"497","1.89","","Genoud2018(Genoud,secondary)=344.0 | Wilman2014(Wilman,secondary)=650.0"
"Capreolus capreolus","BMR_massspecific","mL O2/h/g",2,1,"0.4274","1.13","","Genoud2018(Genoud,secondary)=0.401 | Genoud2018(Genoud,secondary)=0.454"
"Capreolus capreolus","BMR_wholeanimal","mL O2/h",2,1,"9325","1.16","","Genoud2018(Genoud,secondary)=8616.0 | Genoud2018(Genoud,secondary)=10034.0"
"Capromys pilorides","Body_Mass","g",2,2,"4140","2.15","DISAGREEMENT>2x","Genoud2018(Genoud,secondary)=2630.0 | Wilman2014(Wilman,secondary)=5650.0"
"Cardioderma cor","Body_Mass","g",2,2,"26.67","1.09","","Burger2019(Burger,secondary)=25.5 | Wilman2014(Wilman,secondary)=27.84"
"Carollia castanea","Body_Mass","g",2,2,"12.91","1.06","","Burger2019(Burger,secondary)=12.55 | Wilman2014(Wilman,secondary)=13.27"
"Casinycteris argynnis","Body_Mass","g",2,2,"30.285","1.03","","Burger2019(Burger,secondary)=30.72 | Wilman2014(Wilman,secondary)=29.85"
"Castor canadensis","BMR_massspecific","mL O2/h/g",2,1,"0.2933","1.1","","Genoud2018(Genoud,secondary)=0.307 | Genoud2018(Genoud,secondary)=0.28"
"Castor canadensis","BMR_wholeanimal","mL O2/h",2,1,"4972","1.12","","Genoud2018(Genoud,secondary)=4688.0 | Genoud2018(Genoud,secondary)=5256.0"
"Castor fiber","Body_Mass","g",2,2,"17971.689","1.12","","Burger2019(Burger,secondary)=16943.378 | Wilman2014(Wilman,secondary)=19000.0"
"Catopuma temminckii","Body_Mass","g",2,2,"7860","2.73","DISAGREEMENT>2x","Burger2019(Burger,secondary)=4220.0 | Wilman2014(Wilman,secondary)=11500.0"
"Cavia magna","Body_Mass","g",2,2,"502","1.18","","Genoud2018(Genoud,secondary)=544.0 | Wilman2014(Wilman,secondary)=460.0"
"Cephalophus dorsalis","Body_Mass","g",2,2,"19999.3094","1","","Burger2019(Burger,secondary)=19998.619 | Wilman2014(Wilman,secondary)=20000.0"
"Cephalophus leucogaster","Body_Mass","g",2,2,"12849.945","1.02","","Burger2019(Burger,secondary)=13000.0 | Wilman2014(Wilman,secondary)=12699.89"
"Cephalophus nigrifrons","Body_Mass","g",2,2,"13774.925","1.02","","Burger2019(Burger,secondary)=13650.0 | Wilman2014(Wilman,secondary)=13899.85"
"Cephalophus zebra","Body_Mass","g",2,2,"13750.04","1.75","","Burger2019(Burger,secondary)=10000.0 | Wilman2014(Wilman,secondary)=17500.08"
"Cephalorhynchus commersonii","Body_Mass","g",2,2,"60200","1.51","","Burger2019(Burger,secondary)=48000.0 | Wilman2014(Wilman,secondary)=72400.0"
"Cephalorhynchus heavisidii","Body_Mass","g",2,2,"55500","1.77","","Burger2019(Burger,secondary)=71000.0 | Wilman2014(Wilman,secondary)=40000.0"
"Cercartetus caudatus","Body_Mass","g",2,2,"27.5","1.2","","Burger2019(Burger,secondary)=30.0 | Wilman2014(Wilman,secondary)=25.0"
"Cercartetus nanus","BMR_massspecific","mL O2/h/g",2,1,"0.7903","1.39","","Genoud2018(Genoud,secondary)=0.921 | Genoud2018(Genoud,secondary)=0.66"
"Cercartetus nanus","BMR_wholeanimal","mL O2/h",2,1,"42.03","2.54","DISAGREEMENT>2x","Genoud2018(Genoud,secondary)=60.3 | Genoud2018(Genoud,secondary)=23.76"
"Cercocebus torquatus","BMR_massspecific","mL O2/h/g",2,2,"0.4273","1","","Isler2008(Isler,secondary)=0.428 | Genoud2018(Genoud,secondary)=0.427"
"Cercocebus torquatus","BMR_wholeanimal","mL O2/h",2,2,"1602.5","1","","Isler2008(Isler,secondary)=1605.0 | Genoud2018(Genoud,secondary)=1600.0"
"Cercopithecus mitis","Activity_pattern","category",2,1,"Diurnal","","","Wilman2014(Wilman,secondary)=Diurnal | Wilman2014(Wilman,secondary)=Diurnal"
"Cercopithecus mitis","Diet_Fruit","%",2,1,"55","1.2","","Wilman2014(Wilman,secondary)=50.0 | Wilman2014(Wilman,secondary)=60.0"
"Cercopithecus mitis","Diet_Inv","%",2,1,"5","","","Wilman2014(Wilman,secondary)=0.0 | Wilman2014(Wilman,secondary)=10.0"
"Cercopithecus mitis","Diet_Nect","%",2,1,"0","","","Wilman2014(Wilman,secondary)=0.0 | Wilman2014(Wilman,secondary)=0.0"
"Cercopithecus mitis","Diet_PlantO","%",2,1,"20","3","DISAGREEMENT>2x","Wilman2014(Wilman,secondary)=10.0 | Wilman2014(Wilman,secondary)=30.0"
"Cercopithecus mitis","Diet_Scav","%",2,1,"0","","","Wilman2014(Wilman,secondary)=0.0 | Wilman2014(Wilman,secondary)=0.0"
"Cercopithecus mitis","Diet_Seed","%",2,1,"15","","","Wilman2014(Wilman,secondary)=30.0 | Wilman2014(Wilman,secondary)=0.0"
"Cercopithecus mitis","Diet_Vect","%",2,1,"0","","","Wilman2014(Wilman,secondary)=0.0 | Wilman2014(Wilman,secondary)=0.0"
"Cercopithecus mitis","Diet_Vend","%",2,1,"0","","","Wilman2014(Wilman,secondary)=0.0 | Wilman2014(Wilman,secondary)=0.0"
"Cercopithecus mitis","Diet_Vfish","%",2,1,"0","","","Wilman2014(Wilman,secondary)=0.0 | Wilman2014(Wilman,secondary)=0.0"
"Cercopithecus mitis","Diet_Vunk","%",2,1,"5","","","Wilman2014(Wilman,secondary)=10.0 | Wilman2014(Wilman,secondary)=0.0"
"Cercopithecus mitis","Diet_breadth","count",2,1,"3.5","1.33","","Wilman2014(Wilman,secondary)=4.0 | Wilman2014(Wilman,secondary)=3.0"
"Cercopithecus mitis","Diet_dominant","category",2,1,"Fruit","","","Wilman2014(Wilman,secondary)=Fruit | Wilman2014(Wilman,secondary)=Fruit"
"Cercopithecus mitis","ForStrat_stratum","category",2,1,"Arboreal","","","Wilman2014(Wilman,secondary)=Arboreal | Wilman2014(Wilman,secondary)=Arboreal"
"Cercopithecus mitis","Trophic_guild","category",2,1,"Herbivore","","","Wilman2014(Wilman,secondary)=Herbivore | Wilman2014(Wilman,secondary)=Herbivore"
"Cercopithecus mitis","Gestation","days",2,2,"154","1.33","","Lewitus2014(Lewitus,secondary)=132.0 | Isler2008(Isler,secondary)=176.0"
"Cercopithecus mitis","Weaning_age","days",2,2,"249","1.72","","Lewitus2014(Lewitus,secondary)=315.0 | Isler2008(Isler,secondary)=183.0"
"Cercopithecus pogonias wolfi","Body_Mass","g",2,2,"2870","1","","Powell2017(Powell,secondary)=2870.0 | NA(10.6084%2Fm9.figshare.c.3899422.v1_Dataset1.tsv,secondary)=2870.0"
"Cercopithecus pygerythrus","Body_Mass","g",2,1,"4000","1","","Heffner1983(Heffner,primary)=4000.0 | Heffner1975(Heffner,primary)=4000.0"
"Cervus canadensis","Body_Mass","g",2,2,"262500","1.62","","MedinaGonzález2026(MedinaGonzález,secondary)=325000.0 | Garwicz2009(Garwicz,secondary)=2e+05"
"Cervus nippon","Body_Mass","g",2,2,"49500","1.15","","Burger2019(Burger,secondary)=46000.0 | Wilman2014(Wilman,secondary)=53000.0"
"Chaerephon jobensis","Body_Mass","g",2,2,"16.695","1.02","","Burger2019(Burger,secondary)=16.5 | Wilman2014(Wilman,secondary)=16.89"
"Chaerephon plicatus","Body_Mass","g",2,2,"21.165","1.06","","Burger2019(Burger,secondary)=20.5 | Wilman2014(Wilman,secondary)=21.83"
"Chaetodipus hispidus","BMR_massspecific","mL O2/h/g",2,1,"1.3425","1.15","","Genoud2018(Genoud,secondary)=1.251 | Genoud2018(Genoud,secondary)=1.434"
"Chaetodipus hispidus","BMR_wholeanimal","mL O2/h",2,1,"47.65","1.08","","Genoud2018(Genoud,secondary)=49.4 | Genoud2018(Genoud,secondary)=45.9"
"Chaetodipus intermedius","BMR_massspecific","mL O2/h/g",2,1,"1.1993","1.24","","Genoud2018(Genoud,secondary)=1.068 | Genoud2018(Genoud,secondary)=1.33"
"Chaetodipus intermedius","BMR_wholeanimal","mL O2/h",2,1,"19.97","1.56","","Genoud2018(Genoud,secondary)=15.6 | Genoud2018(Genoud,secondary)=24.34"
"Chaetodipus spinatus","Body_Mass","g",2,2,"17.725","1.17","","Burger2019(Burger,secondary)=19.1 | Wilman2014(Wilman,secondary)=16.35"
"Chaetophractus nationi","Body_Mass","g",2,2,"2150.005","1","","Genoud2018(Genoud,secondary)=2150.0 | Wilman2014(Wilman,secondary)=2150.01"
"Chaetophractus vellerosus","Body_Mass","g",2,2,"1070.005","1.08","","Genoud2018(Genoud,secondary)=1110.0 | Wilman2014(Wilman,secondary)=1030.01"
"Chalinolobus morio","Body_Mass","g",2,2,"8.56","1.05","","Burger2019(Burger,secondary)=8.35 | Wilman2014(Wilman,secondary)=8.77"
"Cheirogaleus adipicaudatus","Body_Mass","g",2,2,"312.695","1.19","","Burger2019(Burger,secondary)=340.0 | Wilman2014(Wilman,secondary)=285.39"
"Cheirogaleus crossleyi","Body_Mass","g",2,2,"500","1.75","","Ruf2015(Ruf,primary)=500.0 | Wilman2014(Wilman,secondary)=285.39"
"Cheirogaleus medius","Gestation","days",2,2,"61.8333","1.01","","Lewitus2014(Lewitus,secondary)=61.667 | Isler2008(Isler,secondary)=62.0"
"Cheirogaleus medius","Weaning_age","days",2,2,"53.25","1.37","","Lewitus2014(Lewitus,secondary)=61.5 | Isler2008(Isler,secondary)=45.0"
"Cheirogaleus sibreei","Body_Mass","g",2,2,"352.75","1.47","","Burger2019(Burger,secondary)=420.11 | Wilman2014(Wilman,secondary)=285.39"
"Cheiromeles torquatus","Body_Mass","g",2,2,"166","1.03","","Burger2019(Burger,secondary)=168.5 | Wilman2014(Wilman,secondary)=163.5"
"Chelemys macronyx","Body_Mass","g",2,2,"67.65","1.18","","Genoud2018(Genoud,secondary)=62.0 | Wilman2014(Wilman,secondary)=73.3"
"Chinchilla chinchilla","Body_Mass","g",2,2,"477.195","1.1","","Genoud2018(Genoud,secondary)=454.4 | Wilman2014(Wilman,secondary)=499.99"
"Chionomys nivalis","Body_Mass","g",2,2,"45.75","1.44","","Genoud2018(Genoud,secondary)=37.5 | Wilman2014(Wilman,secondary)=54.0"
"Chiroderma doriae","Body_Mass","g",2,2,"19.9","1","","Genoud2018(Genoud,secondary)=19.9 | Wilman2014(Wilman,secondary)=19.9"
"Chiroderma salvini","Body_Mass","g",2,2,"24.91","1.05","","Burger2019(Burger,secondary)=24.3 | Wilman2014(Wilman,secondary)=25.52"
"Chiroderma trinitatum","Body_Mass","g",2,2,"13.69","1","","Burger2019(Burger,secondary)=13.7 | Wilman2014(Wilman,secondary)=13.68"
"Chiroderma villosum","Body_Mass","g",2,2,"23.96","1.07","","Burger2019(Burger,secondary)=24.8 | Wilman2014(Wilman,secondary)=23.12"
"Chironax melanocephalus","Body_Mass","g",2,2,"17.15","1.06","","Burger2019(Burger,secondary)=17.63 | Wilman2014(Wilman,secondary)=16.67"
"Chironectes minimus","BMR_massspecific","mL O2/h/g",2,1,"0.4886","1.46","","Genoud2018(Genoud,secondary)=0.58 | Genoud2018(Genoud,secondary)=0.397"
"Chironectes minimus","BMR_wholeanimal","mL O2/h",2,1,"457.6","1.5","","Genoud2018(Genoud,secondary)=548.7 | Genoud2018(Genoud,secondary)=366.5"
"Chiropodomys gliroides","Body_Mass","g",2,2,"23.4","1.18","","Burger2019(Burger,secondary)=25.3 | Wilman2014(Wilman,secondary)=21.5"
"Chlorocebus cynosuros","Body_Mass","g",2,2,"3956.5","1.71","","Burger2019(Burger,secondary)=2920.0 | Wilman2014(Wilman,secondary)=4993.0"
"Choeroniscus minor","Body_Mass","g",2,2,"9.165","1.1","","Burger2019(Burger,secondary)=9.6 | Wilman2014(Wilman,secondary)=8.73"
"Choloepus hoffmanni","BMR_massspecific","mL O2/h/g",2,1,"0.1757","1.15","","Genoud2018(Genoud,secondary)=0.163 | Genoud2018(Genoud,secondary)=0.188"
"Choloepus hoffmanni","BMR_wholeanimal","mL O2/h",2,1,"707.65","1.3","","Genoud2018(Genoud,secondary)=616.3 | Genoud2018(Genoud,secondary)=799.0"
"Chrysochloris asiatica","BMR_massspecific","mL O2/h/g",2,1,"1.204","1.06","","Genoud2018(Genoud,secondary)=1.238 | Genoud2018(Genoud,secondary)=1.17"
"Chrysochloris asiatica","BMR_wholeanimal","mL O2/h",2,1,"46.17","1.26","","Genoud2018(Genoud,secondary)=40.84 | Genoud2018(Genoud,secondary)=51.5"
"Civettictis civetta","Body_Mass","g",2,2,"11624.985","1.07","","Burger2019(Burger,secondary)=11250.0 | Wilman2014(Wilman,secondary)=11999.97"
"Clyomys laticeps","Body_Mass","g",2,2,"201","1","","Burger2019(Burger,secondary)=201.0 | Wilman2014(Wilman,secondary)=201.0"
"Cock (Gallus domest.)","Body_Mass","g",2,1,"2149.1","1.39","","Krompecher1966(Krompecher,secondary)=2498.2 | Krompecher1966(Krompecher,secondary)=1800.0"
"Coendou rothschildi","Body_Mass","g",2,2,"2000","1","","Burger2019(Burger,secondary)=2000.0 | Wilman2014(Wilman,secondary)=2000.0"
"Coleura afra","Body_Mass","g",2,2,"11.085","1.08","","Burger2019(Burger,secondary)=11.5 | Wilman2014(Wilman,secondary)=10.67"
"Colobus guereza","BMR_massspecific","mL O2/h/g",2,2,"0.2844","1","","Isler2008(Isler,secondary)=0.285 | Genoud2018(Genoud,secondary)=0.284"
"Colobus guereza","BMR_wholeanimal","mL O2/h",2,2,"2979","1","","Isler2008(Isler,secondary)=2978.0 | Genoud2018(Genoud,secondary)=2980.0"
"Columba domestica","Body_Mass","g",2,1,"330.5","1.03","","MacLarnon1996(MacLarnon,secondary)=335.0 | MacLarnon1996(MacLarnon,secondary)=326.0"
"Condylura cristata","BMR_massspecific","mL O2/h/g",2,1,"2.3005","1.04","","Genoud2018(Genoud,secondary)=2.251 | Genoud2018(Genoud,secondary)=2.35"
"Condylura cristata","BMR_wholeanimal","mL O2/h",2,1,"113.9","1.07","","Genoud2018(Genoud,secondary)=110.3 | Genoud2018(Genoud,secondary)=117.5"
"Conepatus chinga","Body_Mass","g",2,2,"1752.26","1.21","","Burger2019(Burger,secondary)=1587.0 | Wilman2014(Wilman,secondary)=1917.52"
"Conepatus humboldtii","Body_Mass","g",2,2,"811","3.95","DISAGREEMENT>2x","Burger2019(Burger,secondary)=1294.0 | Wilman2014(Wilman,secondary)=328.0"
"Conepatus leuconotus","Body_Mass","g",2,2,"2755.01","1.74","","Burger2019(Burger,secondary)=2010.0 | Wilman2014(Wilman,secondary)=3500.02"
"Conilurus penicillatus","Body_Mass","g",2,2,"182.9","1.38","","Genoud2018(Genoud,secondary)=212.3 | Wilman2014(Wilman,secondary)=153.5"
"Connochaetes taurinus","BMR_massspecific","mL O2/h/g",2,1,"0.2029","1.07","","Genoud2018(Genoud,secondary)=0.21 | Genoud2018(Genoud,secondary)=0.196"
"Connochaetes taurinus","BMR_wholeanimal","mL O2/h",2,1,"34341","1.5","","Genoud2018(Genoud,secondary)=41242.0 | Genoud2018(Genoud,secondary)=27440.0"
"Cormura brevirostris","Body_Mass","g",2,2,"8.69","1.12","","Burger2019(Burger,secondary)=8.2 | Wilman2014(Wilman,secondary)=9.18"
"Corynorhinus rafinesquii","Body_Mass","g",2,2,"10","1.09","","Ruf2015(Ruf,primary)=10.0 | Wilman2014(Wilman,secondary)=9.15"
"Craseonycteris thonglongyai","Body_Mass","g",2,2,"2.355","1.19","","Burger2019(Burger,secondary)=2.56 | Wilman2014(Wilman,secondary)=2.15"
"Cratogeomys fumosus","Body_Mass","g",2,2,"393.5","4.25","DISAGREEMENT>2x","Burger2019(Burger,secondary)=637.0 | Wilman2014(Wilman,secondary)=150.0"
"Cremnomys cutchicus","Body_Mass","g",2,2,"54.9","1.2","","Burger2019(Burger,secondary)=50.0 | Wilman2014(Wilman,secondary)=59.8"
"Cricetulus migratorius","BMR_massspecific","mL O2/h/g",2,1,"1.4599","1.04","","Genoud2018(Genoud,secondary)=1.49 | Genoud2018(Genoud,secondary)=1.43"
"Cricetulus migratorius","BMR_wholeanimal","mL O2/h",2,1,"44.82","1.04","","Genoud2018(Genoud,secondary)=45.74 | Genoud2018(Genoud,secondary)=43.9"
"Crocidura fuscomurina","Body_Mass","g",2,2,"4.76","1.43","","Burger2019(Burger,secondary)=5.6 | Wilman2014(Wilman,secondary)=3.92"
"Crocidura hildegardeae","Body_Mass","g",2,2,"9.75","1.05","","Genoud2018(Genoud,secondary)=10.0 | Wilman2014(Wilman,secondary)=9.5"
"Crocidura jouvenetae","Body_Mass","g",2,2,"9.995","1.04","","Genoud2018(Genoud,secondary)=10.2 | Wilman2014(Wilman,secondary)=9.79"
"Crocidura luna","Body_Mass","g",2,2,"13.15","1.23","","Genoud2018(Genoud,secondary)=11.8 | Wilman2014(Wilman,secondary)=14.5"
"Crocidura olivieri","BMR_massspecific","mL O2/h/g",2,1,"1.4193","1.12","","Genoud2018(Genoud,secondary)=1.337 | Genoud2018(Genoud,secondary)=1.501"
"Crocidura olivieri","BMR_wholeanimal","mL O2/h",2,1,"51.4","1.32","","Genoud2018(Genoud,secondary)=44.4 | Genoud2018(Genoud,secondary)=58.4"
"Crocidura poensis","Body_Mass","g",2,2,"16.935","1.04","","Genoud2018(Genoud,secondary)=17.3 | Wilman2014(Wilman,secondary)=16.57"
"Crocidura viaria","Body_Mass","g",2,2,"15.85","1.16","","Genoud2018(Genoud,secondary)=14.7 | Wilman2014(Wilman,secondary)=17.0"
"Crossarchus obscurus","Body_Mass","g",2,2,"1057.5","1.45","","Burger2019(Burger,secondary)=865.0 | Wilman2014(Wilman,secondary)=1250.0"
"Cryptomys amatus","Body_Mass","g",2,2,"77.02","1.01","","Genoud2018(Genoud,secondary)=77.3 | Wilman2014(Wilman,secondary)=76.74"
"Cryptomys bocagei","Body_Mass","g",2,2,"94.2","1","","Genoud2018(Genoud,secondary)=94.4 | Wilman2014(Wilman,secondary)=94.0"
"Ctenomys australis","BMR_massspecific","mL O2/h/g",2,1,"0.4208","1.45","","Genoud2018(Genoud,secondary)=0.343 | Genoud2018(Genoud,secondary)=0.499"
"Ctenomys australis","BMR_wholeanimal","mL O2/h",2,1,"131.55","1.26","","Genoud2018(Genoud,secondary)=116.6 | Genoud2018(Genoud,secondary)=146.5"
"Ctenomys fulvus","Body_Mass","g",2,2,"268.5","1.05","","Genoud2018(Genoud,secondary)=275.0 | Wilman2014(Wilman,secondary)=262.0"
"Ctenomys magellanicus","Body_Mass","g",2,2,"267.55","1.03","","Genoud2018(Genoud,secondary)=263.1 | Wilman2014(Wilman,secondary)=272.0"
"Ctenomys maulinus","Body_Mass","g",2,2,"215","1","","Genoud2018(Genoud,secondary)=215.0 | Wilman2014(Wilman,secondary)=215.0"
"Ctenomys opimus","BMR_massspecific","mL O2/h/g",2,1,"0.6201","1.1","","Genoud2018(Genoud,secondary)=0.65 | Genoud2018(Genoud,secondary)=0.59"
"Ctenomys opimus","BMR_wholeanimal","mL O2/h",2,1,"134","1.08","","Genoud2018(Genoud,secondary)=139.1 | Genoud2018(Genoud,secondary)=128.9"
"Ctenomys peruanus","Body_Mass","g",2,2,"490","1","","Genoud2018(Genoud,secondary)=490.0 | Wilman2014(Wilman,secondary)=490.0"
"Ctenomys porteousi","Body_Mass","g",2,2,"194.05","1.02","","Genoud2018(Genoud,secondary)=195.7 | Wilman2014(Wilman,secondary)=192.4"
"Ctenomys tuconax","Body_Mass","g",2,2,"287.4","1.31","","Genoud2018(Genoud,secondary)=325.8 | Wilman2014(Wilman,secondary)=249.0"
"Cuniculus taczanowskii","Body_Mass","g",2,2,"7749.975","1.38","","MedinaGonzález2026(MedinaGonzález,secondary)=6500.0 | Wilman2014(Wilman,secondary)=8999.95"
"Cyclopes didactylus","BMR_massspecific","mL O2/h/g",2,1,"0.5285","1.22","","Genoud2018(Genoud,secondary)=0.58 | Genoud2018(Genoud,secondary)=0.477"
"Cyclopes didactylus","BMR_wholeanimal","mL O2/h",2,1,"110.9","1.07","","Genoud2018(Genoud,secondary)=107.3 | Genoud2018(Genoud,secondary)=114.5"
"Cynocephalus volans","Body_Mass","g",2,2,"1275","1.04","","Lewitus2014(Lewitus,secondary)=1300.0 | Wilman2014(Wilman,secondary)=1250.0"
"Cynogale bennettii","Body_Mass","g",2,2,"4255","1.12","","Burger2019(Burger,secondary)=4010.0 | Wilman2014(Wilman,secondary)=4500.0"
"Cynomops abrasus","Body_Mass","g",2,2,"34.345","1.06","","Burger2019(Burger,secondary)=33.3 | Wilman2014(Wilman,secondary)=35.39"
"Cynomops greenhalli","Body_Mass","g",2,2,"16.685","1.1","","Burger2019(Burger,secondary)=17.5 | Wilman2014(Wilman,secondary)=15.87"
"Cynomops planirostris","Body_Mass","g",2,2,"10.045","1.77","","Burger2019(Burger,secondary)=7.25 | Wilman2014(Wilman,secondary)=12.84"
"Cynomys gunnisoni","Body_Mass","g",2,2,"783.65","1.44","","Burger2019(Burger,secondary)=642.3 | Wilman2014(Wilman,secondary)=925.0"
"Cynomys mexicanus","Body_Mass","g",2,2,"948.995","1.11","","Burger2019(Burger,secondary)=998.0 | Wilman2014(Wilman,secondary)=899.99"
"Cynopterus sphinx","Body_Mass","g",2,2,"43.03","1.03","","Burger2019(Burger,secondary)=42.4 | Wilman2014(Wilman,secondary)=43.66"
"Cystophora cristata","Body_Mass","g",2,2,"285586.75","1.02","","Burger2019(Burger,secondary)=282840.0 | Wilman2014(Wilman,secondary)=288333.5"
"Cyttarops alecto","Body_Mass","g",2,2,"5.3","1","","Burger2019(Burger,secondary)=5.3 | Wilman2014(Wilman,secondary)=5.3"
"Dactylopsila palpator","Body_Mass","g",2,2,"416.5","1.09","","Burger2019(Burger,secondary)=435.0 | Wilman2014(Wilman,secondary)=398.0"
"Dactylopsila tatei","Body_Mass","g",2,2,"252","1","","Burger2019(Burger,secondary)=252.0 | Wilman2014(Wilman,secondary)=252.0"
"Damaliscus lunatus","Body_Mass","g",2,2,"123500.17","1.23","","Burger2019(Burger,secondary)=111000.0 | Wilman2014(Wilman,secondary)=136000.34"
"Damaliscus pygargus","Body_Mass","g",2,2,"82250","1.63","","Burger2019(Burger,secondary)=62500.0 | Wilman2014(Wilman,secondary)=102000.0"
"Dasyprocta azarae","Body_Mass","g",2,2,"3079.495","1.67","","Genoud2018(Genoud,secondary)=3849.0 | Wilman2014(Wilman,secondary)=2309.99"
"Dasyprocta leporina","BMR_massspecific","mL O2/h/g",2,2,"0.5287","1.22","","Genoud2018(Genoud,secondary)=0.58 | Lewitus2014(Lewitus,secondary)=0.477"
"Dasyprocta leporina","BMR_wholeanimal","mL O2/h",2,2,"1558.48","1","","Genoud2018(Genoud,secondary)=1558.5 | Lewitus2014(Lewitus,secondary)=1558.46"
"Dasyprocta prymnolopha","Body_Mass","g",2,2,"2871.505","1.02","","HerculanoHouzel2015(HerculanoHouzel,secondary)=2843.0 | Wilman2014(Wilman,secondary)=2900.01"
"Dasyprocta punctata","Body_Mass","g",2,2,"2923.49","1.19","","Burger2019(Burger,secondary)=3172.0 | Wilman2014(Wilman,secondary)=2674.98"
"Dasypus novemcinctus","Gestation","days",2,2,"126.5","1.11","","Lewitus2014(Lewitus,secondary)=133.0 | Garwicz2009(Garwicz,secondary)=120.0"
"Dasypus sabanicola","Body_Mass","g",2,2,"1265.005","1.2","","Genoud2018(Genoud,secondary)=1380.0 | Wilman2014(Wilman,secondary)=1150.01"
"Dasyurus albopunctatus","Body_Mass","g",2,2,"632","1.02","","Burger2019(Burger,secondary)=627.0 | Wilman2014(Wilman,secondary)=637.0"
"Dasyurus geoffroii","BMR_massspecific","mL O2/h/g",2,1,"0.3651","1.02","","Genoud2018(Genoud,secondary)=0.369 | Genoud2018(Genoud,secondary)=0.361"
"Dasyurus geoffroii","BMR_wholeanimal","mL O2/h",2,1,"481","1.08","","Genoud2018(Genoud,secondary)=462.0 | Genoud2018(Genoud,secondary)=500.0"
"Dasyurus spartacus","Body_Mass","g",2,2,"686.335","1.82","","Burger2019(Burger,secondary)=487.0 | Wilman2014(Wilman,secondary)=885.67"
"Daubentonia madagascariensis","Gestation","days",2,2,"161.25","1.04","","Lewitus2014(Lewitus,secondary)=164.5 | Isler2008(Isler,secondary)=158.0"
"Daubentonia madagascariensis","Weaning_age","days",2,2,"228.5","1.15","","Lewitus2014(Lewitus,secondary)=244.0 | Isler2008(Isler,secondary)=213.0"
"Dendrolagus bennettianus","Body_Mass","g",2,2,"10950","1","","Burger2019(Burger,secondary)=10950.0 | Wilman2014(Wilman,secondary)=10950.0"
"Dendrolagus inustus","Body_Mass","g",2,2,"13240.625","1.03","","Burger2019(Burger,secondary)=13450.0 | Wilman2014(Wilman,secondary)=13031.25"
"Dendrolagus lumholtzi","Body_Mass","g",2,2,"6972.5","1.07","","Burger2019(Burger,secondary)=7195.0 | Wilman2014(Wilman,secondary)=6750.0"
"Dendrolagus scottae","Body_Mass","g",2,2,"10437.5","1.01","","Burger2019(Burger,secondary)=10500.0 | Wilman2014(Wilman,secondary)=10375.0"
"Dendrolagus spadix","Body_Mass","g",2,2,"9100","1","","Burger2019(Burger,secondary)=9100.0 | Wilman2014(Wilman,secondary)=9100.0"
"Dendrolagus ursinus","Body_Mass","g",2,2,"10725","1.62","","Burger2019(Burger,secondary)=8200.0 | Wilman2014(Wilman,secondary)=13250.0"
"Desmodillus auricularis","Body_Mass","g",2,2,"62.6","1.35","","Genoud2018(Genoud,secondary)=71.9 | Wilman2014(Wilman,secondary)=53.3"
"Dicrostonyx richardsoni","Body_Mass","g",2,2,"53.55","1.06","","Burger2019(Burger,secondary)=52.1 | Wilman2014(Wilman,secondary)=55.0"
"Didelphis aurita","Body_Mass","g",2,2,"1209.995","1.08","","Genoud2018(Genoud,secondary)=1256.0 | Wilman2014(Wilman,secondary)=1163.99"
"Didelphis marsupialis","BMR_massspecific","mL O2/h/g",2,1,"0.4866","1.12","","Genoud2018(Genoud,secondary)=0.513 | Genoud2018(Genoud,secondary)=0.46"
"Didelphis marsupialis","BMR_wholeanimal","mL O2/h",2,1,"595.65","1.05","","Genoud2018(Genoud,secondary)=580.0 | Genoud2018(Genoud,secondary)=611.3"
"Dipodomys nitratoides","Body_Mass","g",2,2,"40.85","1.16","","Genoud2018(Genoud,secondary)=37.8 | Wilman2014(Wilman,secondary)=43.9"
"Dipodomys ordii","BMR_massspecific","mL O2/h/g",2,1,"1.274","1.17","","Genoud2018(Genoud,secondary)=1.176 | Genoud2018(Genoud,secondary)=1.372"
"Dipodomys ordii","BMR_wholeanimal","mL O2/h",2,1,"60.8","1.12","","Genoud2018(Genoud,secondary)=57.4 | Genoud2018(Genoud,secondary)=64.2"
"Dipus sagitta","Body_Mass","g",2,2,"82.425","1.08","","Genoud2018(Genoud,secondary)=79.2 | Wilman2014(Wilman,secondary)=85.65"
"Distoechurus pennatus","Body_Mass","g",2,2,"47.05","1.13","","Burger2019(Burger,secondary)=50.0 | Wilman2014(Wilman,secondary)=44.1"
"Dobsonia anderseni","Body_Mass","g",2,2,"237.495","1.03","","Genoud2018(Genoud,secondary)=241.0 | Wilman2014(Wilman,secondary)=233.99"
"Dobsonia inermis","Body_Mass","g",2,2,"149.5","1","","Burger2019(Burger,secondary)=149.5 | Wilman2014(Wilman,secondary)=149.5"
"Dobsonia minor","BMR_massspecific","mL O2/h/g",2,1,"1.1346","1.25","","Genoud2018(Genoud,secondary)=1.26 | Genoud2018(Genoud,secondary)=1.009"
"Dobsonia minor","BMR_wholeanimal","mL O2/h",2,1,"92","1.47","","Genoud2018(Genoud,secondary)=109.6 | Genoud2018(Genoud,secondary)=74.4"
"Dog (Canis familiaris)","Body_Mass","g",2,1,"9725","1.72","","Krompecher1966(Krompecher,secondary)=7150.0 | Krompecher1966(Krompecher,secondary)=12300.0"
"Dorcopsis atrata","Body_Mass","g",2,2,"3983.25","2.89","DISAGREEMENT>2x","Burger2019(Burger,secondary)=2050.0 | Wilman2014(Wilman,secondary)=5916.5"
"Dorcopsis hageni","Body_Mass","g",2,2,"5500","1","","Burger2019(Burger,secondary)=5500.0 | Wilman2014(Wilman,secondary)=5500.0"
"Dorcopsis luctuosa","Body_Mass","g",2,2,"6351","1","","Burger2019(Burger,secondary)=6350.0 | Wilman2014(Wilman,secondary)=6352.0"
"Dorcopsis muelleri","Body_Mass","g",2,2,"4325","1.75","","Burger2019(Burger,secondary)=3150.0 | Wilman2014(Wilman,secondary)=5500.0"
"Dorcopsulus macleayi","Body_Mass","g",2,2,"2988","1","","Burger2019(Burger,secondary)=2988.0 | Wilman2014(Wilman,secondary)=2988.0"
"Dorcopsulus vanheurni","Body_Mass","g",2,2,"1741.125","1.05","","Burger2019(Burger,secondary)=1696.5 | Wilman2014(Wilman,secondary)=1785.75"
"Dremomys rufigenis","Body_Mass","g",2,2,"220","1.2","","Burger2019(Burger,secondary)=240.0 | Wilman2014(Wilman,secondary)=200.0"
"Dryomys nitedula","Body_Mass","g",2,2,"29.35","1.34","","Genoud2018(Genoud,secondary)=25.1 | Wilman2014(Wilman,secondary)=33.6"
"Dugong dugon","Body_Mass","g",2,2,"295500","1.1","","Burger2019(Burger,secondary)=281000.0 | Wilman2014(Wilman,secondary)=310000.0"
"Echimys chrysurus","Body_Mass","g",2,2,"652.25","1","","Burger2019(Burger,secondary)=652.0 | Wilman2014(Wilman,secondary)=652.5"
"Echymipera clara","Body_Mass","g",2,2,"1236.5","1","","Burger2019(Burger,secondary)=1236.5 | Wilman2014(Wilman,secondary)=1236.5"
"Echymipera rufescens","BMR_massspecific","mL O2/h/g",2,1,"0.4585","1.16","","Genoud2018(Genoud,secondary)=0.493 | Genoud2018(Genoud,secondary)=0.424"
"Echymipera rufescens","BMR_wholeanimal","mL O2/h",2,1,"422.35","1.78","","Genoud2018(Genoud,secondary)=303.7 | Genoud2018(Genoud,secondary)=541.0"
"Eidolon helvum","Body_Mass","g",2,2,"260.03","1.05","","Burger2019(Burger,secondary)=266.75 | Wilman2014(Wilman,secondary)=253.31"
"Elephantulus brachyrhynchus","Body_Mass","g",2,2,"46.4","1.05","","Genoud2018(Genoud,secondary)=45.3 | Wilman2014(Wilman,secondary)=47.5"
"Elephantulus myurus","BMR_massspecific","mL O2/h/g",2,1,"1.7659","2.36","DISAGREEMENT>2x","Genoud2018(Genoud,secondary)=1.052 | Genoud2018(Genoud,secondary)=2.479"
"Elephantulus myurus","BMR_wholeanimal","mL O2/h",2,1,"108.65","2.28","DISAGREEMENT>2x","Genoud2018(Genoud,secondary)=66.3 | Genoud2018(Genoud,secondary)=151.0"
"Elephantulus rufescens","BMR_massspecific","mL O2/h/g",2,1,"0.9995","1.16","","Genoud2018(Genoud,secondary)=1.073 | Genoud2018(Genoud,secondary)=0.926"
"Elephantulus rufescens","BMR_wholeanimal","mL O2/h",2,1,"67.375","1.37","","Genoud2018(Genoud,secondary)=56.87 | Genoud2018(Genoud,secondary)=77.88"
"Eligmodontia puerulus","Body_Mass","g",2,2,"24.75","1.36","","Genoud2018(Genoud,secondary)=21.0 | Wilman2014(Wilman,secondary)=28.5"
"Eligmodontia typus","Body_Mass","g",2,2,"17.4","1.01","","Genoud2018(Genoud,secondary)=17.5 | Wilman2014(Wilman,secondary)=17.3"
"Ellobius lutescens","Body_Mass","g",2,2,"118.655","1.02","","Veilleux2014(Veilleux,secondary)=120.0 | Wilman2014(Wilman,secondary)=117.31"
"Ellobius talpinus","Body_Mass","g",2,2,"40","1","","Veilleux2014(Veilleux,secondary)=40.0 | Wilman2014(Wilman,secondary)=40.0"
"Emballonura monticola","Body_Mass","g",2,2,"5.54","1.05","","Burger2019(Burger,secondary)=5.4 | Wilman2014(Wilman,secondary)=5.68"
"Emballonura raffrayana","Body_Mass","g",2,2,"5.75","1.05","","Burger2019(Burger,secondary)=5.9 | Wilman2014(Wilman,secondary)=5.6"
"Emballonura semicaudata","Body_Mass","g",2,2,"6.65","1.11","","Burger2019(Burger,secondary)=7.0 | Wilman2014(Wilman,secondary)=6.3"
"Eothenomys melanogaster","BMR_massspecific","mL O2/h/g",2,1,"1.3728","9.34","DISAGREEMENT>2x","Genoud2018(Genoud,secondary)=0.265 | Genoud2018(Genoud,secondary)=2.48"
"Eothenomys melanogaster","BMR_wholeanimal","mL O2/h",2,1,"34.86","8.66","DISAGREEMENT>2x","Genoud2018(Genoud,secondary)=7.22 | Genoud2018(Genoud,secondary)=62.5"
"Eothenomys olitor","Body_Mass","g",2,2,"28.13","1.56","","Genoud2018(Genoud,secondary)=34.26 | Wilman2014(Wilman,secondary)=22.0"
"Epixerus ebii","Body_Mass","g",2,2,"526","1.29","","Genoud2018(Genoud,secondary)=460.0 | Wilman2014(Wilman,secondary)=592.0"
"Epomophorus gambianus","Body_Mass","g",2,2,"218.935","2.4","DISAGREEMENT>2x","Burger2019(Burger,secondary)=309.0 | Wilman2014(Wilman,secondary)=128.87"
"Epomophorus labiatus","Body_Mass","g",2,2,"63.525","1.02","","Burger2019(Burger,secondary)=64.1 | Wilman2014(Wilman,secondary)=62.95"
"Epomops franqueti","Body_Mass","g",2,2,"118.59","1.01","","Burger2019(Burger,secondary)=118.25 | Wilman2014(Wilman,secondary)=118.93"
"Eptesicus brasiliensis","Body_Mass","g",2,2,"9.25","1.05","","Burger2019(Burger,secondary)=9.03 | Wilman2014(Wilman,secondary)=9.47"
"Eptesicus dimissus","Body_Mass","g",2,2,"14.015","1.15","","Burger2019(Burger,secondary)=15.0 | Wilman2014(Wilman,secondary)=13.03"
"Eptesicus furinalis","Body_Mass","g",2,2,"7.67","1.02","","Burger2019(Burger,secondary)=7.6 | Wilman2014(Wilman,secondary)=7.74"
"Eptesicus pachyotis","Body_Mass","g",2,2,"7.44","1.25","","Burger2019(Burger,secondary)=6.6 | Wilman2014(Wilman,secondary)=8.28"
"Equus burchelli","Activity_pattern","category",2,1,"Cathemeral","","","Wilman2014(Wilman,secondary)=Cathemeral | Wilman2014(Wilman,secondary)=Cathemeral"
"Equus burchelli","Diet_Fruit","%",2,1,"0","","","Wilman2014(Wilman,secondary)=0.0 | Wilman2014(Wilman,secondary)=0.0"
"Equus burchelli","Diet_Inv","%",2,1,"0","","","Wilman2014(Wilman,secondary)=0.0 | Wilman2014(Wilman,secondary)=0.0"
"Equus burchelli","Diet_Nect","%",2,1,"0","","","Wilman2014(Wilman,secondary)=0.0 | Wilman2014(Wilman,secondary)=0.0"
"Equus burchelli","Diet_PlantO","%",2,1,"100","1","","Wilman2014(Wilman,secondary)=100.0 | Wilman2014(Wilman,secondary)=100.0"
"Equus burchelli","Diet_Scav","%",2,1,"0","","","Wilman2014(Wilman,secondary)=0.0 | Wilman2014(Wilman,secondary)=0.0"
"Equus burchelli","Diet_Seed","%",2,1,"0","","","Wilman2014(Wilman,secondary)=0.0 | Wilman2014(Wilman,secondary)=0.0"
"Equus burchelli","Diet_Vect","%",2,1,"0","","","Wilman2014(Wilman,secondary)=0.0 | Wilman2014(Wilman,secondary)=0.0"
"Equus burchelli","Diet_Vend","%",2,1,"0","","","Wilman2014(Wilman,secondary)=0.0 | Wilman2014(Wilman,secondary)=0.0"
"Equus burchelli","Diet_Vfish","%",2,1,"0","","","Wilman2014(Wilman,secondary)=0.0 | Wilman2014(Wilman,secondary)=0.0"
"Equus burchelli","Diet_Vunk","%",2,1,"0","","","Wilman2014(Wilman,secondary)=0.0 | Wilman2014(Wilman,secondary)=0.0"
"Equus burchelli","Diet_breadth","count",2,1,"1","1","","Wilman2014(Wilman,secondary)=1.0 | Wilman2014(Wilman,secondary)=1.0"
"Equus burchelli","Diet_dominant","category",2,1,"Other plant","","","Wilman2014(Wilman,secondary)=Other plant | Wilman2014(Wilman,secondary)=Other plant"
"Equus burchelli","ForStrat_stratum","category",2,1,"Ground","","","Wilman2014(Wilman,secondary)=Ground | Wilman2014(Wilman,secondary)=Ground"
"Equus burchelli","Trophic_guild","category",2,1,"Herbivore","","","Wilman2014(Wilman,secondary)=Herbivore | Wilman2014(Wilman,secondary)=Herbivore"
"Equus caballus","Gestation","days",2,2,"333.5","1.02","","Lewitus2014(Lewitus,secondary)=337.0 | Garwicz2009(Garwicz,secondary)=330.0"
"Equus zebra","Body_Mass","g",2,2,"281441.875","1.04","","Burger2019(Burger,secondary)=275885.0 | Wilman2014(Wilman,secondary)=286998.75"
"Eremitalpa granti","BMR_massspecific","mL O2/h/g",2,1,"0.5235","1.01","","Genoud2018(Genoud,secondary)=0.52 | Genoud2018(Genoud,secondary)=0.527"
"Eremitalpa granti","BMR_wholeanimal","mL O2/h",2,1,"12.22","1.25","","Genoud2018(Genoud,secondary)=13.57 | Genoud2018(Genoud,secondary)=10.87"
"Erethizon dorsatum","Body_Mass","g",2,2,"7252.395","1.05","","Wimberly2021(Wimberly,secondary)=7419.46 | Wilman2014(Wilman,secondary)=7085.33"
"Erignathus barbatus","Body_Mass","g",2,2,"280500","1","","Burger2019(Burger,secondary)=281000.0 | Wilman2014(Wilman,secondary)=280000.0"
"Erinaceus","Body_Mass","g",2,1,"750","1","","Heffner1983(Heffner,primary)=750.0 | Heffner1975(Heffner,primary)=750.0"
"Erinaceus concolor","Body_Mass","g",2,2,"771","1.14","","Genoud2018(Genoud,secondary)=823.0 | Wilman2014(Wilman,secondary)=719.0"
"Erinaceus europaeus","Gestation","days",2,2,"35","1.33","","Lewitus2014(Lewitus,secondary)=30.0 | Garwicz2009(Garwicz,secondary)=40.0"
"Erophylla bombifrons","Body_Mass","g",2,2,"16.345","1.01","","Genoud2018(Genoud,secondary)=16.41 | Wilman2014(Wilman,secondary)=16.28"
"Erythrocebus patas","BMR_massspecific","mL O2/h/g",2,2,"0.2854","1.66","","Isler2008(Isler,secondary)=0.356 | Genoud2018(Genoud,secondary)=0.215"
"Erythrocebus patas","BMR_wholeanimal","mL O2/h",2,2,"856.35","1.66","","Isler2008(Isler,secondary)=1068.0 | Genoud2018(Genoud,secondary)=644.7"
"Eulemur fulvus","Gestation","days",2,2,"121.5","1.02","","Lewitus2014(Lewitus,secondary)=120.0 | Isler2008(Isler,secondary)=123.0"
"Eulemur fulvus","Weaning_age","days",2,2,"171","1.15","","Lewitus2014(Lewitus,secondary)=159.0 | Isler2008(Isler,secondary)=183.0"
"Eulemur fulvus","BMR_massspecific","mL O2/h/g",2,2,"0.1503","1.16","","Isler2008(Isler,secondary)=0.162 | Genoud2018(Genoud,secondary)=0.139"
"Eulemur fulvus","BMR_wholeanimal","mL O2/h",2,2,"334.5","1.06","","Isler2008(Isler,secondary)=345.0 | Genoud2018(Genoud,secondary)=324.0"
"Eulemur mongoz","Weaning_age","days",2,2,"151","1.01","","Lewitus2014(Lewitus,secondary)=152.0 | Eagleman2021(Eagleman,secondary)=150.0"
"Eulemur mongoz","BMR_massspecific","mL O2/h/g",2,2,"0.7014","1.44","","Genoud2018(Genoud,secondary)=0.827 | Lewitus2014(Lewitus,secondary)=0.576"
"Eulemur mongoz","BMR_wholeanimal","mL O2/h",2,2,"1041.5","1.22","","Genoud2018(Genoud,secondary)=1143.0 | Lewitus2014(Lewitus,secondary)=940.0"
"Eumops auripendulus","Body_Mass","g",2,2,"31.125","1.19","","Burger2019(Burger,secondary)=33.8 | Wilman2014(Wilman,secondary)=28.45"
"Eumops glaucinus","Body_Mass","g",2,2,"36.115","1.04","","Burger2019(Burger,secondary)=36.85 | Wilman2014(Wilman,secondary)=35.38"
"Euneomys chinchilloides","Body_Mass","g",2,2,"76.515","1.34","","Genoud2018(Genoud,secondary)=65.4 | Wilman2014(Wilman,secondary)=87.63"
"Euoticus elegantulus","BMR_massspecific","mL O2/h/g",2,2,"0.8247","1","","Isler2008(Isler,secondary)=0.825 | Genoud2018(Genoud,secondary)=0.824"
"Euoticus elegantulus","BMR_wholeanimal","mL O2/h",2,2,"215.87","1","","Isler2008(Isler,secondary)=215.74 | Genoud2018(Genoud,secondary)=216.0"
"Eupleres goudotii","Body_Mass","g",2,2,"2425","1.62","","Burger2019(Burger,secondary)=1850.0 | Wilman2014(Wilman,secondary)=3000.0"
"Felis catus","Gestation","days",2,2,"64.5","1.02","","Lewitus2014(Lewitus,secondary)=64.0 | Garwicz2009(Garwicz,secondary)=65.0"
"Felis catus","BMR_massspecific","mL O2/h/g",2,1,"0.5633","1.56","","Genoud2018(Genoud,secondary)=0.687 | Genoud2018(Genoud,secondary)=0.44"
"Felis catus","BMR_wholeanimal","mL O2/h",2,1,"1054.45","1.67","","Genoud2018(Genoud,secondary)=789.9 | Genoud2018(Genoud,secondary)=1319.0"
"Felis chaus","Body_Mass","g",2,2,"6221.49","1.46","","Burger2019(Burger,secondary)=5050.0 | Wilman2014(Wilman,secondary)=7392.98"
"Felis manul","Body_Mass","g",2,2,"3025","1.02","","Burger2019(Burger,secondary)=3000.0 | Wilman2014(Wilman,secondary)=3050.0"
"Felis margarita","Body_Mass","g",2,2,"2224.995","1.31","","Genoud2018(Genoud,secondary)=1925.0 | Wilman2014(Wilman,secondary)=2524.99"
"Felis nigripes","Body_Mass","g",2,2,"1199.995","1.18","","Burger2019(Burger,secondary)=1100.0 | Wilman2014(Wilman,secondary)=1299.99"
"Funambulus pennantii","Body_Mass","g",2,2,"142.95","2.33","DISAGREEMENT>2x","Burger2019(Burger,secondary)=85.9 | Wilman2014(Wilman,secondary)=200.0"
"Funisciurus anerythrus","BMR_massspecific","mL O2/h/g",2,1,"1.1716","2.4","DISAGREEMENT>2x","Genoud2018(Genoud,secondary)=1.654 | Genoud2018(Genoud,secondary)=0.689"
"Funisciurus anerythrus","BMR_wholeanimal","mL O2/h",2,1,"115.85","1.22","","Genoud2018(Genoud,secondary)=104.2 | Genoud2018(Genoud,secondary)=127.5"
"Funisciurus carruthersi","Body_Mass","g",2,2,"277","1.07","","Burger2019(Burger,secondary)=268.0 | Wilman2014(Wilman,secondary)=286.0"
"Funisciurus congicus","Body_Mass","g",2,2,"112.15","1","","Genoud2018(Genoud,secondary)=112.3 | Wilman2014(Wilman,secondary)=112.0"
"Funisciurus isabella","BMR_massspecific","mL O2/h/g",2,1,"1.2919","1.93","","Genoud2018(Genoud,secondary)=1.702 | Genoud2018(Genoud,secondary)=0.882"
"Funisciurus isabella","BMR_wholeanimal","mL O2/h",2,1,"90.75","1.29","","Genoud2018(Genoud,secondary)=102.1 | Genoud2018(Genoud,secondary)=79.4"
"Funisciurus lemniscatus","BMR_massspecific","mL O2/h/g",2,1,"1.0607","1.25","","Genoud2018(Genoud,secondary)=0.943 | Genoud2018(Genoud,secondary)=1.178"
"Funisciurus lemniscatus","BMR_wholeanimal","mL O2/h",2,1,"129.045","1.88","","Genoud2018(Genoud,secondary)=89.59 | Genoud2018(Genoud,secondary)=168.5"
"Funisciurus pyrropus","BMR_massspecific","mL O2/h/g",2,1,"0.7198","1.07","","Genoud2018(Genoud,secondary)=0.743 | Genoud2018(Genoud,secondary)=0.697"
"Funisciurus pyrropus","BMR_wholeanimal","mL O2/h",2,1,"184.7","1.04","","Genoud2018(Genoud,secondary)=181.3 | Genoud2018(Genoud,secondary)=188.1"
"Furipterus horrens","Body_Mass","g",2,2,"3.305","1.08","","Burger2019(Burger,secondary)=3.43 | Wilman2014(Wilman,secondary)=3.18"
"Galago alleni","Body_Mass","g",2,2,"266.5","1.05","","Burger2019(Burger,secondary)=273.0 | Wilman2014(Wilman,secondary)=260.0"
"Galago alleni group","Body_Mass","g",2,1,"251.5","1.07","","Isler2008(Isler,secondary)=260.0 | Isler2008(Isler,secondary)=243.0"
"Galago granti","Body_Mass","g",2,2,"173.765","1.1","","Burger2019(Burger,secondary)=181.85 | Wilman2014(Wilman,secondary)=165.68"
"Galagoides cocos","Body_Mass","g",2,2,"143.5","1","","Powell2017(Powell,secondary)=143.5 | NA(10.6084%2Fm9.figshare.c.3899422.v1_Dataset1.tsv,secondary)=143.5"
"Galagoides demidoff","Gestation","days",2,2,"110.1667","1","","Lewitus2014(Lewitus,secondary)=110.333 | Isler2008(Isler,secondary)=110.0"
"Galagoides demidoff","Weaning_age","days",2,2,"49","1.18","","Lewitus2014(Lewitus,secondary)=45.0 | Isler2008(Isler,secondary)=53.0"
"Galagoides zanzibaricus","Body_Mass","g",2,2,"143","1","","Powell2017(Powell,secondary)=143.0 | NA(10.6084%2Fm9.figshare.c.3899422.v1_Dataset1.tsv,secondary)=143.0"
"Galerella pulverulenta","Body_Mass","g",2,2,"818.5","1.05","","Burger2019(Burger,secondary)=840.0 | Wilman2014(Wilman,secondary)=797.0"
"Galictis cuja","Body_Mass","g",2,2,"1095","1.19","","Burger2019(Burger,secondary)=1190.0 | Wilman2014(Wilman,secondary)=1000.0"
"Galictis vittatus","Body_Mass","g",2,2,"2264","2.41","DISAGREEMENT>2x","Burger2019(Burger,secondary)=1328.0 | Wilman2014(Wilman,secondary)=3200.0"
"Galidia elegans","Body_Mass","g",2,2,"857","1.14","","Burger2019(Burger,secondary)=914.0 | Wilman2014(Wilman,secondary)=800.0"
"Gallus domesticus","Body_Mass","g",2,1,"1570","1.34","","MacLarnon1996(MacLarnon,secondary)=1340.0 | MacLarnon1996(MacLarnon,secondary)=1800.0"
"Gazella dorcas","Body_Mass","g",2,2,"20137.555","1.33","","Burger2019(Burger,secondary)=17275.0 | Wilman2014(Wilman,secondary)=23000.11"
"Gazella gazella","Body_Mass","g",2,2,"19524.965","1.4","","Genoud2018(Genoud,secondary)=16300.0 | Wilman2014(Wilman,secondary)=22749.93"
"Gazella granti","Body_Mass","g",2,1,"10100","1","","Weibel2004(Weibel,primary)=10100.0 | Weibel2004(Weibel,primary)=10100.0"
"Gazella spekei","Body_Mass","g",2,2,"16200","1.61","","Genoud2018(Genoud,secondary)=12400.0 | Wilman2014(Wilman,secondary)=20000.0"
"Gazella subgutturosa","Body_Mass","g",2,2,"22800","1.67","","Genoud2018(Genoud,secondary)=17100.0 | Wilman2014(Wilman,secondary)=28500.0"
"Genetta angolensis","Body_Mass","g",2,2,"1874.995","1.27","","Burger2019(Burger,secondary)=2100.0 | Wilman2014(Wilman,secondary)=1649.99"
"Genetta pardina","Body_Mass","g",2,2,"1426.985","1.77","","Burger2019(Burger,secondary)=1032.0 | Wilman2014(Wilman,secondary)=1821.97"
"Genetta servalina","Body_Mass","g",2,2,"1174.995","1.23","","Burger2019(Burger,secondary)=1295.0 | Wilman2014(Wilman,secondary)=1054.99"
"Geocapromys brownii","Body_Mass","g",2,2,"1978","1.64","","Genoud2018(Genoud,secondary)=2456.0 | Wilman2014(Wilman,secondary)=1500.0"
"Geomys breviceps","Body_Mass","g",2,2,"137.635","1.02","","Burger2019(Burger,secondary)=138.8 | Wilman2014(Wilman,secondary)=136.47"
"Geomys pinetis","BMR_massspecific","mL O2/h/g",2,1,"0.6981","1.03","","Genoud2018(Genoud,secondary)=0.71 | Genoud2018(Genoud,secondary)=0.686"
"Geomys pinetis","BMR_wholeanimal","mL O2/h",2,1,"122.6","1.38","","Genoud2018(Genoud,secondary)=142.0 | Genoud2018(Genoud,secondary)=103.2"
"Gerbilliscus brantsii","Body_Mass","g",2,2,"90.555","1.03","","Burger2019(Burger,secondary)=91.7 | Wilman2014(Wilman,secondary)=89.41"
"Gerbilliscus leucogaster","BMR_massspecific","mL O2/h/g",2,1,"0.6622","1.74","","Genoud2018(Genoud,secondary)=0.841 | Genoud2018(Genoud,secondary)=0.484"
"Gerbilliscus leucogaster","BMR_wholeanimal","mL O2/h",2,1,"91.93","2.58","DISAGREEMENT>2x","Genoud2018(Genoud,secondary)=132.5 | Genoud2018(Genoud,secondary)=51.36"
"Gerbillurus paeba","BMR_massspecific","mL O2/h/g",2,1,"0.9586","1.15","","Genoud2018(Genoud,secondary)=0.89 | Genoud2018(Genoud,secondary)=1.027"
"Gerbillurus paeba","BMR_wholeanimal","mL O2/h",2,1,"31.265","1.26","","Genoud2018(Genoud,secondary)=27.71 | Genoud2018(Genoud,secondary)=34.82"
"Gerbillurus setzeri","Body_Mass","g",2,2,"42.2","1.2","","Genoud2018(Genoud,secondary)=46.1 | Wilman2014(Wilman,secondary)=38.3"
"Gerbillurus tytonis","Body_Mass","g",2,2,"30.45","1.04","","Genoud2018(Genoud,secondary)=29.9 | Wilman2014(Wilman,secondary)=31.0"
"Gerbillurus vallinus","Body_Mass","g",2,2,"37.025","1.1","","Genoud2018(Genoud,secondary)=38.8 | Wilman2014(Wilman,secondary)=35.25"
"Gerbillus andersoni","Body_Mass","g",2,2,"31.085","1.31","","Genoud2018(Genoud,secondary)=35.3 | Wilman2014(Wilman,secondary)=26.87"
"Gerbillus gerbillus","Body_Mass","g",2,2,"27.37","1.19","","Genoud2018(Genoud,secondary)=29.7 | Wilman2014(Wilman,secondary)=25.04"
"Gerbillus gleadowi","Body_Mass","g",2,2,"25.05","1.09","","Burger2019(Burger,secondary)=26.1 | Wilman2014(Wilman,secondary)=24.0"
"Gerbillus perpallidus","Body_Mass","g",2,2,"44.35","1.44","","Genoud2018(Genoud,secondary)=52.4 | Wilman2014(Wilman,secondary)=36.3"
"Gerbillus pusillus","BMR_massspecific","mL O2/h/g",2,1,"0.9948","1.16","","Genoud2018(Genoud,secondary)=1.07 | Genoud2018(Genoud,secondary)=0.92"
"Gerbillus pusillus","BMR_wholeanimal","mL O2/h",2,1,"12.535","1.16","","Genoud2018(Genoud,secondary)=13.48 | Genoud2018(Genoud,secondary)=11.59"
"Gerbillus pyramidum","BMR_massspecific","mL O2/h/g",2,1,"0.835","1.49","","Genoud2018(Genoud,secondary)=0.67 | Genoud2018(Genoud,secondary)=1.0"
"Gerbillus pyramidum","BMR_wholeanimal","mL O2/h",2,1,"62.85","1.37","","Genoud2018(Genoud,secondary)=72.7 | Genoud2018(Genoud,secondary)=53.0"
"Glaucomys sabrinus","Body_Mass","g",2,2,"170","1.05","","Burger2019(Burger,secondary)=174.0 | Wilman2014(Wilman,secondary)=166.0"
"Glauconycteris beatrix","Body_Mass","g",2,2,"6.5","1.36","","Burger2019(Burger,secondary)=5.5 | Wilman2014(Wilman,secondary)=7.5"
"Glauconycteris poensis","Body_Mass","g",2,2,"7.755","1.24","","Burger2019(Burger,secondary)=8.6 | Wilman2014(Wilman,secondary)=6.91"
"Glirulus japonicus","Body_Mass","g",2,2,"25","2.52","DISAGREEMENT>2x","Ruf2015(Ruf,primary)=25.0 | Wilman2014(Wilman,secondary)=62.99"
"Glischropus tylopus","Body_Mass","g",2,2,"4.67","1.13","","Burger2019(Burger,secondary)=4.95 | Wilman2014(Wilman,secondary)=4.39"
"Glossina pallidipes","Body_Mass","g",2,1,"0.0092","1","","Haarlem2026(Haarlem,secondary)=0.009 | Haarlem2026(Haarlem,secondary)=0.009"
"Glossophaga soricina","BMR_massspecific","mL O2/h/g",2,1,"2.4252","1.16","","Genoud2018(Genoud,secondary)=2.25 | Genoud2018(Genoud,secondary)=2.6"
"Glossophaga soricina","BMR_wholeanimal","mL O2/h",2,1,"23.945","1.22","","Genoud2018(Genoud,secondary)=21.6 | Genoud2018(Genoud,secondary)=26.29"
"Gnathonemus petersii","Body_Mass","g",2,1,"5.85","1","","Haarlem2026(Haarlem,secondary)=5.85 | Haarlem2026(Haarlem,secondary)=5.85"
"Golunda ellioti","Body_Mass","g",2,2,"58.54","1.08","","Genoud2018(Genoud,secondary)=56.2 | Wilman2014(Wilman,secondary)=60.88"
"Gorilla gorilla","Gestation","days",2,2,"264.75","1","","Lewitus2014(Lewitus,secondary)=264.5 | Garwicz2009(Garwicz,secondary)=265.0"
"Gracilinanus microtarsus","Body_Mass","g",2,2,"22","2.38","DISAGREEMENT>2x","Genoud2018(Genoud,secondary)=13.0 | Wilman2014(Wilman,secondary)=31.0"
"Grammomys cometes","Body_Mass","g",2,2,"44.6","1.19","","Burger2019(Burger,secondary)=40.7 | Wilman2014(Wilman,secondary)=48.5"
"Grammomys poensis","Body_Mass","g",2,2,"50.115","1","","Burger2019(Burger,secondary)=50.2 | Wilman2014(Wilman,secondary)=50.03"
"Graomys griseoflavus","Body_Mass","g",2,2,"68.45","1.03","","Genoud2018(Genoud,secondary)=69.4 | Wilman2014(Wilman,secondary)=67.5"
"Grey rat (Mus decomanus gris)","Body_Mass","g",2,1,"81","1.1","","Krompecher1966(Krompecher,secondary)=77.0 | Krompecher1966(Krompecher,secondary)=85.0"
"Hapalemur occidentalis","Body_Mass","g",2,2,"976.355","1.6","","Burger2019(Burger,secondary)=1202.71 | Wilman2014(Wilman,secondary)=750.0"
"Hapalemur simus","Body_Mass","g",2,1,"1300","1","","Stephan1970(Stephan_collection,primary)=1300.0 | Stephan1970(Stephan_collection,primary)=1300.0"
"Harpiocephalus harpia","Body_Mass","g",2,2,"14.905","1.21","","Burger2019(Burger,secondary)=13.5 | Wilman2014(Wilman,secondary)=16.31"
"Helarctos malayanus","Body_Mass","g",2,2,"45760","1.03","","Burger2019(Burger,secondary)=45020.0 | Wilman2014(Wilman,secondary)=46500.0"
"Heliosciurus gambianus","Body_Mass","g",2,2,"295","1","","Burger2019(Burger,secondary)=295.0 | Wilman2014(Wilman,secondary)=295.0"
"Heliosciurus rufobrachium","BMR_massspecific","mL O2/h/g",2,1,"0.6724","1.24","","Genoud2018(Genoud,secondary)=0.6 | Genoud2018(Genoud,secondary)=0.745"
"Heliosciurus rufobrachium","BMR_wholeanimal","mL O2/h",2,1,"215.75","1.66","","Genoud2018(Genoud,secondary)=162.5 | Genoud2018(Genoud,secondary)=269.0"
"Heliosciurus ruwenzorii","Body_Mass","g",2,2,"291","1","","Burger2019(Burger,secondary)=291.0 | Wilman2014(Wilman,secondary)=291.0"
"Helogale parvula","Body_Mass","g",2,2,"283.5","1.12","","Burger2019(Burger,secondary)=267.0 | Wilman2014(Wilman,secondary)=300.0"
"Helogale pervula","Body_Mass","g",2,1,"430","1","","Weibel2004(Weibel,primary)=430.0 | Weibel2004(Weibel,primary)=430.0"
"Hemicentetes nigriceps","Body_Mass","g",2,2,"102.445","1.01","","Genoud2018(Genoud,secondary)=101.9 | Wilman2014(Wilman,secondary)=102.99"
"Hemigalus derbyanus","Body_Mass","g",2,2,"2181.75","1.14","","Burger2019(Burger,secondary)=2041.0 | Wilman2014(Wilman,secondary)=2322.5"
"Hemitragus jemlahicus","Body_Mass","g",2,2,"52600","1.99","","Burger2019(Burger,secondary)=70000.0 | Wilman2014(Wilman,secondary)=35200.0"
"Herpestes edwardsi","Body_Mass","g",2,2,"1282.335","1.04","","Burger2019(Burger,secondary)=1260.0 | Wilman2014(Wilman,secondary)=1304.67"
"Herpestes fuscus","Body_Mass","g",2,2,"1552.37","1.77","","Burger2019(Burger,secondary)=1120.0 | Wilman2014(Wilman,secondary)=1984.74"
"Herpestes ichneumon","Body_Mass","g",2,2,"4219.99","1.58","","Burger2019(Burger,secondary)=3265.0 | Wilman2014(Wilman,secondary)=5174.98"
"Herpestes naso","Body_Mass","g",2,2,"2999.995","1","","Burger2019(Burger,secondary)=3000.0 | Wilman2014(Wilman,secondary)=2999.99"
"Herpestes smithii","Body_Mass","g",2,2,"1493.475","1.48","","Burger2019(Burger,secondary)=1205.0 | Wilman2014(Wilman,secondary)=1781.95"
"Herpestes urva","Body_Mass","g",2,2,"2111.6","1.27","","Burger2019(Burger,secondary)=2360.0 | Wilman2014(Wilman,secondary)=1863.2"
"Herpestes vitticollis","Body_Mass","g",2,2,"2432.795","1.12","","Burger2019(Burger,secondary)=2290.0 | Wilman2014(Wilman,secondary)=2575.59"
"Hesperoptenus blanfordi","Body_Mass","g",2,2,"6.915","1.12","","Burger2019(Burger,secondary)=7.3 | Wilman2014(Wilman,secondary)=6.53"
"Heterohyrax brucei","BMR_massspecific","mL O2/h/g",2,1,"0.44","1.44","","Genoud2018(Genoud,secondary)=0.36 | Genoud2018(Genoud,secondary)=0.52"
"Heterohyrax brucei","BMR_wholeanimal","mL O2/h",2,1,"694.65","1.08","","Genoud2018(Genoud,secondary)=720.1 | Genoud2018(Genoud,secondary)=669.2"
"Heteromys anomalus","Body_Mass","g",2,2,"69.65","1.01","","Genoud2018(Genoud,secondary)=69.3 | Wilman2014(Wilman,secondary)=70.0"
"Hexaprotodon liberiensis","Body_Mass","g",2,2,"158000.58","2.9","DISAGREEMENT>2x","Burger2019(Burger,secondary)=81000.0 | Wilman2014(Wilman,secondary)=235001.16"
"Hipposideros ater","Body_Mass","g",2,2,"5.81","1.01","","Burger2019(Burger,secondary)=5.83 | Wilman2014(Wilman,secondary)=5.79"
"Hipposideros caffer","Body_Mass","g",2,2,"10.175","1.15","","Burger2019(Burger,secondary)=10.9 | Wilman2014(Wilman,secondary)=9.45"
"Hipposideros calcaratus","Body_Mass","g",2,2,"11.35","1","","Burger2019(Burger,secondary)=11.35 | Wilman2014(Wilman,secondary)=11.35"
"Hipposideros fulvus","Body_Mass","g",2,2,"7.75","1.21","","Burger2019(Burger,secondary)=7.0 | Wilman2014(Wilman,secondary)=8.5"
"Hipposideros halophyllus","Body_Mass","g",2,2,"4","1","","Burger2019(Burger,secondary)=4.0 | Wilman2014(Wilman,secondary)=4.0"
"Hipposideros lankadiva","Body_Mass","g",2,2,"50.45","1.08","","Burger2019(Burger,secondary)=48.5 | Wilman2014(Wilman,secondary)=52.4"
"Hipposideros larvatus","Body_Mass","g",2,2,"19.85","1","","Burger2019(Burger,secondary)=19.85 | Wilman2014(Wilman,secondary)=19.85"
"Hipposideros lekaguli","Body_Mass","g",2,2,"30.7","1.03","","Burger2019(Burger,secondary)=30.3 | Wilman2014(Wilman,secondary)=31.1"
"Hipposideros pomona","Body_Mass","g",2,2,"6.2","1","","Burger2019(Burger,secondary)=6.2 | Wilman2014(Wilman,secondary)=6.2"
"Hipposideros ridleyi","Body_Mass","g",2,2,"9.24","1.09","","Burger2019(Burger,secondary)=9.65 | Wilman2014(Wilman,secondary)=8.83"
"Hipposideros ruber","Body_Mass","g",2,2,"8.705","1.38","","Burger2019(Burger,secondary)=7.3 | Wilman2014(Wilman,secondary)=10.11"
"Hipposideros speoris","Body_Mass","g",2,2,"10.965","1.1","","Burger2019(Burger,secondary)=11.5 | Wilman2014(Wilman,secondary)=10.43"
"Hipposideros turpis","Body_Mass","g",2,2,"34.075","1.04","","Burger2019(Burger,secondary)=34.8 | Wilman2014(Wilman,secondary)=33.35"
"Hippotragus equinus","Body_Mass","g",2,2,"254186.33","1.13","","Burger2019(Burger,secondary)=238375.0 | Wilman2014(Wilman,secondary)=269997.66"
"Hippotragus niger","Body_Mass","g",2,2,"196249.635","1.38","","Burger2019(Burger,secondary)=165000.0 | Wilman2014(Wilman,secondary)=227499.27"
"Hirundo rustica","Body_Mass","g",2,1,"19","1.11","","MacLarnon1996(MacLarnon,secondary)=18.0 | MacLarnon1996(MacLarnon,secondary)=20.0"
"Histiotus velatus","Body_Mass","g",2,2,"11.2","1","","Genoud2018(Genoud,secondary)=11.2 | Wilman2014(Wilman,secondary)=11.2"
"Holochilus chacarius","Body_Mass","g",2,2,"204","1","","Burger2019(Burger,secondary)=204.0 | Wilman2014(Wilman,secondary)=204.0"
"Holochilus sciureus","Body_Mass","g",2,2,"141.63","1.52","","Burger2019(Burger,secondary)=112.3 | Wilman2014(Wilman,secondary)=170.96"
"Homo heidelbergensis","Body_Mass","g",2,1,"118500","1.01","","Seymour2017(Seymour,info)=118100.0 | Seymour2017(Seymour,info)=118900.0"
"Homo neanderthalensis","Body_Mass","g",2,1,"96800","1.07","","Seymour2017(Seymour,info)=93400.0 | Seymour2017(Seymour,info)=100200.0"
"Homo sapiens","Gestation","days",2,2,"272.39","1.02","","Lewitus2014(Lewitus,secondary)=274.78 | Garwicz2009(Garwicz,secondary)=270.0"
"Homo sapiens","Weaning_age","days",2,2,"910.43","1.51","","Lewitus2014(Lewitus,secondary)=725.86 | Eagleman2021(Eagleman,secondary)=1095.0"
"Hoolock hoolock","Body_Mass","g",2,2,"6955.1667","1","","Powell2017(Powell,secondary)=6955.167 | NA(10.6084%2Fm9.figshare.c.3899422.v1_Dataset1.tsv,secondary)=6955.167"
"Hoplomys gymnurus","Body_Mass","g",2,2,"285","1.38","","Burger2019(Burger,secondary)=330.0 | Wilman2014(Wilman,secondary)=240.0"
"Hyaena brunnea","Body_Mass","g",2,2,"41138.965","1.09","","Burger2019(Burger,secondary)=39300.0 | Wilman2014(Wilman,secondary)=42977.93"
"Hybomys trivirgatus","Body_Mass","g",2,2,"57.2","1.01","","Burger2019(Burger,secondary)=57.5 | Wilman2014(Wilman,secondary)=56.9"
"Hydrictis maculicollis","Body_Mass","g",2,2,"4240.265","1.03","","Burger2019(Burger,secondary)=4300.0 | Wilman2014(Wilman,secondary)=4180.53"
"Hydrochoeris hydrochaeris","Body_Mass","g",2,2,"27442.5","1.08","","Burger2019(Burger,secondary)=28500.0 | Genoud2018(Genoud,secondary)=26385.0"
"Hydropotes inermis","Body_Mass","g",2,2,"12650","1.24","","Burger2019(Burger,secondary)=11300.0 | Wilman2014(Wilman,secondary)=14000.0"
"Hydrurga leptonyx","Body_Mass","g",2,2,"352750","1.04","","Burger2019(Burger,secondary)=345500.0 | Wilman2014(Wilman,secondary)=360000.0"
"Hyemoschus aquaticus","Body_Mass","g",2,2,"10825.005","1","","Burger2019(Burger,secondary)=10800.0 | Wilman2014(Wilman,secondary)=10850.01"
"Hylobates lar","BMR_massspecific","mL O2/h/g",2,2,"0.5642","1","","Isler2008(Isler,secondary)=0.564 | Genoud2018(Genoud,secondary)=0.565"
"Hylobates lar","BMR_wholeanimal","mL O2/h",2,2,"1072","1","","Isler2008(Isler,secondary)=1071.0 | Genoud2018(Genoud,secondary)=1073.0"
"Hylochoerus meinertzhageni","Body_Mass","g",2,2,"194250","1.06","","Burger2019(Burger,secondary)=2e+05 | Wilman2014(Wilman,secondary)=188500.0"
"Hylomys suillus","Body_Mass","g",2,2,"71.565","1.17","","Genoud2018(Genoud,secondary)=77.3 | Wilman2014(Wilman,secondary)=65.83"
"Hylopetes spadiceus","Body_Mass","g",2,2,"85.875","1.04","","Burger2019(Burger,secondary)=87.5 | Wilman2014(Wilman,secondary)=84.25"
"Hypsignathus monstrosus","Body_Mass","g",2,2,"329.855","1.03","","Burger2019(Burger,secondary)=324.63 | Wilman2014(Wilman,secondary)=335.08"
"Hypsugo crassulus","Body_Mass","g",2,2,"6.095","1","","Burger2019(Burger,secondary)=6.1 | Wilman2014(Wilman,secondary)=6.09"
"Hypsugo imbricatus","Body_Mass","g",2,2,"6.545","1.08","","Burger2019(Burger,secondary)=6.8 | Wilman2014(Wilman,secondary)=6.29"
"Hypsugo pulveratus","Body_Mass","g",2,2,"5.415","1.04","","Burger2019(Burger,secondary)=5.3 | Wilman2014(Wilman,secondary)=5.53"
"Hystrix africaeaustralis","BMR_massspecific","mL O2/h/g",2,1,"0.1995","1.1","","Genoud2018(Genoud,secondary)=0.209 | Genoud2018(Genoud,secondary)=0.19"
"Hystrix africaeaustralis","BMR_wholeanimal","mL O2/h",2,1,"2176.5","1.14","","Genoud2018(Genoud,secondary)=2320.0 | Genoud2018(Genoud,secondary)=2033.0"
"Hystrix brachyura","Body_Mass","g",2,2,"8225","1.06","","Burger2019(Burger,secondary)=8000.0 | Wilman2014(Wilman,secondary)=8450.0"
"Hystrix cristata","Body_Mass","g",2,2,"15625","1.08","","Burger2019(Burger,secondary)=15000.0 | Wilman2014(Wilman,secondary)=16250.0"
"Hystrix indica","Body_Mass","g",2,2,"13542.915","1.18","","Burger2019(Burger,secondary)=14650.0 | Wilman2014(Wilman,secondary)=12435.83"
"Hystrix sumatrae","Body_Mass","g",2,2,"3260","1","","Burger2019(Burger,secondary)=3260.0 | Wilman2014(Wilman,secondary)=3260.0"
"Ichneumia albicauda","Body_Mass","g",2,2,"3950.01","1.26","","Burger2019(Burger,secondary)=4400.0 | Wilman2014(Wilman,secondary)=3500.02"
"Ictonyx libyca","Body_Mass","g",2,2,"1146.25","8.97","DISAGREEMENT>2x","Burger2019(Burger,secondary)=230.0 | Wilman2014(Wilman,secondary)=2062.5"
"Ictonyx striatus","Body_Mass","g",2,2,"1006.495","1.82","","Burger2019(Burger,secondary)=713.0 | Wilman2014(Wilman,secondary)=1299.99"
"Iguana iguana","Body_Mass","g",2,1,"1530","1","","Haarlem2026(Haarlem,secondary)=1530.0 | Haarlem2026(Haarlem,secondary)=1530.0"
"Iomys horsfieldii","Body_Mass","g",2,2,"155.5","1","","Burger2019(Burger,secondary)=155.5 | Wilman2014(Wilman,secondary)=155.5"
"Isoodon auratus","BMR_massspecific","mL O2/h/g",2,1,"0.371","1.12","","Genoud2018(Genoud,secondary)=0.35 | Genoud2018(Genoud,secondary)=0.392"
"Isoodon auratus","BMR_wholeanimal","mL O2/h",2,1,"165.65","1.21","","Genoud2018(Genoud,secondary)=149.8 | Genoud2018(Genoud,secondary)=181.5"
"Jaculus orientalis","BMR_massspecific","mL O2/h/g",2,1,"0.9121","1.21","","Genoud2018(Genoud,secondary)=0.824 | Genoud2018(Genoud,secondary)=1.0"
"Jaculus orientalis","BMR_wholeanimal","mL O2/h",2,1,"134.95","1.06","","Genoud2018(Genoud,secondary)=130.8 | Genoud2018(Genoud,secondary)=139.1"
"Janicella spinicauda","Body_Mass","g",2,1,"0.5","1","","Haarlem2026(Haarlem,secondary)=0.5 | Haarlem2026(Haarlem,secondary)=0.5"
"Kerivoula papillosa","Body_Mass","g",2,2,"9.95","1.03","","Burger2019(Burger,secondary)=10.1 | Wilman2014(Wilman,secondary)=9.8"
"Kerivoula pellucida","Body_Mass","g",2,2,"4.115","1.01","","Burger2019(Burger,secondary)=4.1 | Wilman2014(Wilman,secondary)=4.13"
"Kerivoula phalaena","Body_Mass","g",2,2,"3","1","","Burger2019(Burger,secondary)=3.0 | Wilman2014(Wilman,secondary)=3.0"
"Kerodon rupestris","Body_Mass","g",2,2,"766.5","1.09","","Genoud2018(Genoud,secondary)=733.0 | Wilman2014(Wilman,secondary)=800.0"
"Kobus defassa","Body_Mass","g",2,1,"109900","1","","Weibel2004(Weibel,primary)=110000.0 | Weibel2004(Weibel,primary)=109800.0"
"Kobus kob","Body_Mass","g",2,2,"98000.03","1.5","","Burger2019(Burger,secondary)=117500.0 | Wilman2014(Wilman,secondary)=78500.06"
"Kobus leche","Body_Mass","g",2,2,"116874.525","1.11","","Burger2019(Burger,secondary)=123000.0 | Wilman2014(Wilman,secondary)=110749.05"
"Kogia sima","Body_Mass","g",2,2,"175783.33","1.09","","Burger2019(Burger,secondary)=168500.0 | Wilman2014(Wilman,secondary)=183066.66"
"Lagenorhynchus obscurus","Body_Mass","g",2,2,"92986.55","2.18","DISAGREEMENT>2x","Burger2019(Burger,secondary)=58473.1 | Wilman2014(Wilman,secondary)=127500.0"
"Lagenorhyncus obliquidens","Body_Mass","g",2,1,"86000","1.18","","MacLarnon1996(MacLarnon,secondary)=93000.0 | MacLarnon1996(MacLarnon,secondary)=79000.0"
"Lagorchestes conspicillatus","BMR_massspecific","mL O2/h/g",2,1,"0.32","1","","Genoud2018(Genoud,secondary)=0.32 | Genoud2018(Genoud,secondary)=0.32"
"Lagorchestes conspicillatus","BMR_wholeanimal","mL O2/h",2,1,"857.6","1.02","","Genoud2018(Genoud,secondary)=864.0 | Genoud2018(Genoud,secondary)=851.2"
"Lagorchestes hirsutus","Body_Mass","g",2,2,"1265","1","","Burger2019(Burger,secondary)=1265.0 | Wilman2014(Wilman,secondary)=1265.0"
"Lagorchestes leporides","Body_Mass","g",2,2,"3000","1","","Burger2019(Burger,secondary)=3000.0 | Wilman2014(Wilman,secondary)=3000.0"
"Lagostrophus fasciatus","Body_Mass","g",2,2,"1725","1.03","","Burger2019(Burger,secondary)=1750.0 | Wilman2014(Wilman,secondary)=1700.0"
"Lagurus lagurus","Body_Mass","g",2,2,"20.2","1.01","","Burger2019(Burger,secondary)=20.1 | Wilman2014(Wilman,secondary)=20.3"
"Lasiorhinus krefftii","Body_Mass","g",2,2,"17374.995","10.98","DISAGREEMENT>2x","Wimberly2021(Wimberly,secondary)=31849.99 | Wilman2014(Wilman,secondary)=2900.0"
"Lasiurus cinereus","BMR_massspecific","mL O2/h/g",2,1,"1.2215","1.94","","Genoud2018(Genoud,secondary)=0.83 | Genoud2018(Genoud,secondary)=1.613"
"Lasiurus cinereus","BMR_wholeanimal","mL O2/h",2,1,"28.26","2.42","DISAGREEMENT>2x","Genoud2018(Genoud,secondary)=16.52 | Genoud2018(Genoud,secondary)=40.0"
"Lasiurus intermedius","Body_Mass","g",2,2,"22.815","1.02","","Genoud2018(Genoud,secondary)=22.6 | Wilman2014(Wilman,secondary)=23.03"
"Lasiurus seminolus","Body_Mass","g",2,2,"9.845","1.01","","Genoud2018(Genoud,secondary)=9.8 | Wilman2014(Wilman,secondary)=9.89"
"Lavia frons","Body_Mass","g",2,2,"23.715","1.02","","Burger2019(Burger,secondary)=23.5 | Wilman2014(Wilman,secondary)=23.93"
"Lemmiscus curtatus","Body_Mass","g",2,2,"29.285","1.07","","Genoud2018(Genoud,secondary)=30.3 | Wilman2014(Wilman,secondary)=28.27"
"Lemmus lemmus","BMR_massspecific","mL O2/h/g",2,1,"2.6403","1.26","","Genoud2018(Genoud,secondary)=2.34 | Genoud2018(Genoud,secondary)=2.941"
"Lemmus lemmus","BMR_wholeanimal","mL O2/h",2,1,"160","1.26","","Genoud2018(Genoud,secondary)=141.8 | Genoud2018(Genoud,secondary)=178.2"
"Lemmus sibiricus","BMR_massspecific","mL O2/h/g",2,1,"2.322","1.2","","Genoud2018(Genoud,secondary)=2.531 | Genoud2018(Genoud,secondary)=2.113"
"Lemmus sibiricus","BMR_wholeanimal","mL O2/h",2,1,"180.9","1.26","","Genoud2018(Genoud,secondary)=160.2 | Genoud2018(Genoud,secondary)=201.6"
"Lemniscomys rosalia","BMR_massspecific","mL O2/h/g",2,1,"1.2115","1","","Genoud2018(Genoud,secondary)=1.213 | Genoud2018(Genoud,secondary)=1.21"
"Lemniscomys rosalia","BMR_wholeanimal","mL O2/h",2,1,"58.335","1.02","","Genoud2018(Genoud,secondary)=57.62 | Genoud2018(Genoud,secondary)=59.05"
"Lemniscomys striatus","Body_Mass","g",2,2,"42.165","1.21","","Burger2019(Burger,secondary)=46.2 | Wilman2014(Wilman,secondary)=38.13"
"Lemur catta","Gestation","days",2,2,"135.6667","1","","Lewitus2014(Lewitus,secondary)=135.333 | Isler2008(Isler,secondary)=136.0"
"Lemur catta","Weaning_age","days",2,2,"159.8333","1.29","","Lewitus2014(Lewitus,secondary)=139.667 | Isler2008(Isler,secondary)=180.0"
"Leontopithecus rosalia","BMR_massspecific","mL O2/h/g",2,2,"0.5208","1","","Isler2008(Isler,secondary)=0.52 | Genoud2018(Genoud,secondary)=0.521"
"Leontopithecus rosalia","BMR_wholeanimal","mL O2/h",2,2,"381.75","1","","Isler2008(Isler,secondary)=381.5 | Genoud2018(Genoud,secondary)=382.0"
"Leopardus geoffroyi","Body_Mass","g",2,2,"4373.97","1.44","","Burger2019(Burger,secondary)=3590.0 | Wilman2014(Wilman,secondary)=5157.94"
"Leopardus wiedii","Body_Mass","g",2,2,"3399.985","1.09","","Genoud2018(Genoud,secondary)=3550.0 | Wilman2014(Wilman,secondary)=3249.97"
"Leopoldamys edwardsi","Body_Mass","g",2,2,"316.05","1.11","","Burger2019(Burger,secondary)=332.1 | Wilman2014(Wilman,secondary)=300.0"
"Leopoldamys sabanus","Body_Mass","g",2,2,"335.515","1.02","","Burger2019(Burger,secondary)=332.7 | Wilman2014(Wilman,secondary)=338.33"
"Leopoldamys siporanus","Body_Mass","g",2,2,"454.35","1.73","","Burger2019(Burger,secondary)=332.7 | Wilman2014(Wilman,secondary)=576.0"
"Leptonycteris nivalis","Body_Mass","g",2,2,"24.27","1.12","","Burger2019(Burger,secondary)=22.9 | Wilman2014(Wilman,secondary)=25.64"
"Leptonycteris yerbabuenae","Body_Mass","g",2,2,"22.12","1.01","","Genoud2018(Genoud,secondary)=22.0 | Wilman2014(Wilman,secondary)=22.24"
"Lepus alleni","BMR_massspecific","mL O2/h/g",2,1,"0.5005","1.22","","Genoud2018(Genoud,secondary)=0.55 | Genoud2018(Genoud,secondary)=0.451"
"Lepus alleni","BMR_wholeanimal","mL O2/h",2,1,"1583","1.09","","Genoud2018(Genoud,secondary)=1650.0 | Genoud2018(Genoud,secondary)=1516.0"
"Lepus americanus","BMR_massspecific","mL O2/h/g",2,1,"0.8579","1.03","","Genoud2018(Genoud,secondary)=0.87 | Genoud2018(Genoud,secondary)=0.846"
"Lepus americanus","BMR_wholeanimal","mL O2/h",2,1,"1295","1.13","","Genoud2018(Genoud,secondary)=1374.0 | Genoud2018(Genoud,secondary)=1216.0"
"Lepus californicus","BMR_massspecific","mL O2/h/g",2,1,"0.566","1.01","","Genoud2018(Genoud,secondary)=0.57 | Genoud2018(Genoud,secondary)=0.562"
"Lepus californicus","BMR_wholeanimal","mL O2/h",2,1,"1214.5","1.17","","Genoud2018(Genoud,secondary)=1311.0 | Genoud2018(Genoud,secondary)=1118.0"
"Lepus europaeus","BMR_massspecific","mL O2/h/g",2,1,"0.6851","1.54","","Genoud2018(Genoud,secondary)=0.54 | Genoud2018(Genoud,secondary)=0.83"
"Lepus europaeus","BMR_wholeanimal","mL O2/h",2,1,"1169","1.83","","Genoud2018(Genoud,secondary)=1512.0 | Genoud2018(Genoud,secondary)=826.0"
"Lepus nigricollis","Body_Mass","g",2,2,"2129.75","1.17","","Burger2019(Burger,secondary)=1961.0 | Wilman2014(Wilman,secondary)=2298.5"
"Lepus townsendii","Body_Mass","g",2,2,"1992.5","1.56","","Genoud2018(Genoud,secondary)=2430.0 | Wilman2014(Wilman,secondary)=1555.0"
"Liomys irroratus","BMR_massspecific","mL O2/h/g",2,1,"1.2307","1.2","","Genoud2018(Genoud,secondary)=1.121 | Genoud2018(Genoud,secondary)=1.341"
"Liomys irroratus","BMR_wholeanimal","mL O2/h",2,1,"57.05","1.12","","Genoud2018(Genoud,secondary)=53.9 | Genoud2018(Genoud,secondary)=60.2"
"Liomys pictus","Body_Mass","g",2,2,"41.675","1.08","","Burger2019(Burger,secondary)=43.35 | Wilman2014(Wilman,secondary)=40.0"
"Lionycteris spurrelli","Body_Mass","g",2,2,"7.965","1.11","","Burger2019(Burger,secondary)=7.55 | Wilman2014(Wilman,secondary)=8.38"
"Lissodelphis borealis","Body_Mass","g",2,2,"93000","1.55","","Burger2019(Burger,secondary)=73000.0 | Wilman2014(Wilman,secondary)=113000.0"
"Lissonycteris angolensis","Body_Mass","g",2,2,"76.23","1.23","","Burger2019(Burger,secondary)=84.15 | Wilman2014(Wilman,secondary)=68.31"
"Litocranius walleri","Body_Mass","g",2,2,"38874.845","1.05","","Burger2019(Burger,secondary)=39750.0 | Wilman2014(Wilman,secondary)=37999.69"
"Lobodon carcinophaga","Body_Mass","g",2,2,"223624.995","1.01","","Burger2019(Burger,secondary)=222250.0 | Wilman2014(Wilman,secondary)=224999.99"
"Lonchophylla mordax","Body_Mass","g",2,2,"10.7","1","","Burger2019(Burger,secondary)=10.7 | Wilman2014(Wilman,secondary)=10.7"
"Lonchophylla thomasi","Body_Mass","g",2,2,"7.025","1.05","","Burger2019(Burger,secondary)=7.2 | Wilman2014(Wilman,secondary)=6.85"
"Lonchorhina aurita","Body_Mass","g",2,2,"16.85","1.15","","Burger2019(Burger,secondary)=18.0 | Wilman2014(Wilman,secondary)=15.7"
"Lontra canadensis","Body_Mass","g",2,2,"7968.71","1.03","","Burger2019(Burger,secondary)=7850.0 | Wilman2014(Wilman,secondary)=8087.42"
"Lontra felina","Body_Mass","g",2,2,"17300","7.65","DISAGREEMENT>2x","Burger2019(Burger,secondary)=4000.0 | Wilman2014(Wilman,secondary)=30600.0"
"Lontra longicaudis","Body_Mass","g",2,2,"7277.48","1.22","","Burger2019(Burger,secondary)=8000.0 | Wilman2014(Wilman,secondary)=6554.96"
"Lophuromys flavopunctatus","Body_Mass","g",2,2,"60","1","","Burger2019(Burger,secondary)=60.0 | Wilman2014(Wilman,secondary)=60.0"
"Lophuromys sikapusi","Body_Mass","g",2,2,"67.385","1.22","","Burger2019(Burger,secondary)=60.7 | Wilman2014(Wilman,secondary)=74.07"
"Loris tardigradus","Gestation","days",2,2,"166.875","1.01","","Lewitus2014(Lewitus,secondary)=165.75 | Isler2008(Isler,secondary)=168.0"
"Loris tardigradus","Weaning_age","days",2,2,"165","1.06","","Lewitus2014(Lewitus,secondary)=160.0 | Isler2008(Isler,secondary)=170.0"
"Loxodonta africana","Gestation","days",2,2,"659","1.01","","Lewitus2014(Lewitus,secondary)=663.0 | Garwicz2009(Garwicz,secondary)=655.0"
"Loxodontomys micropus","Body_Mass","g",2,2,"66.53","1.14","","Genoud2018(Genoud,secondary)=62.3 | Wilman2014(Wilman,secondary)=70.76"
"Lutra lutra","BMR_massspecific","mL O2/h/g",2,1,"0.4988","1.22","","Genoud2018(Genoud,secondary)=0.45 | Genoud2018(Genoud,secondary)=0.548"
"Lutra lutra","BMR_wholeanimal","mL O2/h",2,1,"4431","1.03","","Genoud2018(Genoud,secondary)=4500.0 | Genoud2018(Genoud,secondary)=4362.0"
"Lutrogale perspicillata","Body_Mass","g",2,2,"8391.665","1.3","","Burger2019(Burger,secondary)=7300.0 | Wilman2014(Wilman,secondary)=9483.33"
"Lycalopex griseus","Body_Mass","g",2,2,"4735.29","1.19","","Burger2019(Burger,secondary)=4324.0 | Wilman2014(Wilman,secondary)=5146.58"
"Lycalopex gymnocercus","Body_Mass","g",2,2,"4446.335","1.04","","Burger2019(Burger,secondary)=4350.0 | Wilman2014(Wilman,secondary)=4542.67"
"Macaca irus","Body_Mass","g",2,1,"5000","1","","Heffner1983(Heffner,primary)=5000.0 | Heffner1975(Heffner,primary)=5000.0"
"Macroderma gigas","BMR_massspecific","mL O2/h/g",2,1,"0.9098","1.07","","Genoud2018(Genoud,secondary)=0.94 | Genoud2018(Genoud,secondary)=0.88"
"Macroderma gigas","BMR_wholeanimal","mL O2/h",2,1,"116.7","1.48","","Genoud2018(Genoud,secondary)=139.1 | Genoud2018(Genoud,secondary)=94.3"
"Macroglossus sobrinus","Body_Mass","g",2,2,"21.915","1.02","","Burger2019(Burger,secondary)=21.7 | Wilman2014(Wilman,secondary)=22.13"
"Macronycteris commersoni","Body_Mass","g",2,2,"100.17","1.02","","Burger2019(Burger,secondary)=101.25 | Wilman2014(Wilman,secondary)=99.09"
"Macrophyllum macrophyllum","Body_Mass","g",2,2,"8.35","1.06","","Burger2019(Burger,secondary)=8.6 | Wilman2014(Wilman,secondary)=8.1"
"Macropus agilis","Body_Mass","g",2,2,"15000","1","","Burger2019(Burger,secondary)=15000.0 | Wilman2014(Wilman,secondary)=15000.0"
"Macropus antilopinus","Body_Mass","g",2,2,"27250","1","","Burger2019(Burger,secondary)=27250.0 | Wilman2014(Wilman,secondary)=27250.0"
"Macropus greyi","Body_Mass","g",2,2,"14500","1.9","","Burger2019(Burger,secondary)=19000.0 | Wilman2014(Wilman,secondary)=10000.0"
"Macropus irma","Body_Mass","g",2,2,"8000","1","","Burger2019(Burger,secondary)=8000.0 | Wilman2014(Wilman,secondary)=8000.0"
"Macropus parryi","Body_Mass","g",2,2,"13500","1","","Burger2019(Burger,secondary)=13500.0 | Wilman2014(Wilman,secondary)=13500.0"
"Macropus robustus","BMR_massspecific","mL O2/h/g",2,1,"0.204","1.04","","Genoud2018(Genoud,secondary)=0.208 | Genoud2018(Genoud,secondary)=0.2"
"Macropus robustus","BMR_wholeanimal","mL O2/h",2,1,"5318.5","1.34","","Genoud2018(Genoud,secondary)=6094.0 | Genoud2018(Genoud,secondary)=4543.0"
"Macrotarsomys ingens","Body_Mass","g",2,2,"59.65","1.17","","Genoud2018(Genoud,secondary)=64.3 | Wilman2014(Wilman,secondary)=55.0"
"Macrotis lagotis","BMR_massspecific","mL O2/h/g",2,1,"0.3479","1.02","","Genoud2018(Genoud,secondary)=0.351 | Genoud2018(Genoud,secondary)=0.345"
"Macrotis lagotis","BMR_wholeanimal","mL O2/h",2,1,"449.35","1.53","","Genoud2018(Genoud,secondary)=354.6 | Genoud2018(Genoud,secondary)=544.1"
"Macrotis leucura","Body_Mass","g",2,2,"354.75","1","","Burger2019(Burger,secondary)=355.5 | Wilman2014(Wilman,secondary)=354.0"
"Madoqua kirkii","BMR_massspecific","mL O2/h/g",2,1,"0.5354","1.06","","Genoud2018(Genoud,secondary)=0.52 | Genoud2018(Genoud,secondary)=0.551"
"Madoqua kirkii","BMR_wholeanimal","mL O2/h",2,1,"2367.7","1.29","","Genoud2018(Genoud,secondary)=2064.4 | Genoud2018(Genoud,secondary)=2671.0"
"Madoqua saltiana","Body_Mass","g",2,2,"2624.985","1.62","","Genoud2018(Genoud,secondary)=2000.0 | Wilman2014(Wilman,secondary)=3249.97"
"Makalata didelphoides","Body_Mass","g",2,2,"253.33","3.69","DISAGREEMENT>2x","Burger2019(Burger,secondary)=108.0 | Wilman2014(Wilman,secondary)=398.66"
"Makalata macrura","Body_Mass","g",2,2,"439","1","","Burger2019(Burger,secondary)=439.0 | Wilman2014(Wilman,secondary)=439.0"
"Malacomys edwardsi","Body_Mass","g",2,2,"62.475","1.08","","Burger2019(Burger,secondary)=60.0 | Wilman2014(Wilman,secondary)=64.95"
"Malacothrix typica","Body_Mass","g",2,2,"17.55","1.62","","Genoud2018(Genoud,secondary)=21.7 | Wilman2014(Wilman,secondary)=13.4"
"Manis crassicaudata","Body_Mass","g",2,2,"12183.665","1.88","","Genoud2018(Genoud,secondary)=15910.0 | Wilman2014(Wilman,secondary)=8457.33"
"Manis tetradactyla","Body_Mass","g",2,2,"2089.99","1.92","","Genoud2018(Genoud,secondary)=1430.0 | Wilman2014(Wilman,secondary)=2749.98"
"Manis tricuspis","BMR_massspecific","mL O2/h/g",2,1,"0.2732","1.26","","Genoud2018(Genoud,secondary)=0.305 | Genoud2018(Genoud,secondary)=0.242"
"Manis tricuspis","BMR_wholeanimal","mL O2/h",2,1,"563.15","2.82","DISAGREEMENT>2x","Genoud2018(Genoud,secondary)=831.3 | Genoud2018(Genoud,secondary)=295.0"
"Marmosa mexicana","Body_Mass","g",2,2,"49.475","1","","Burger2019(Burger,secondary)=49.5 | Wilman2014(Wilman,secondary)=49.45"
"Marmosa murina","Body_Mass","g",2,2,"35.5","1.73","","Burger2019(Burger,secondary)=45.0 | Wilman2014(Wilman,secondary)=26.0"
"Marmosa rubra","Body_Mass","g",2,2,"62","1.03","","Burger2019(Burger,secondary)=61.0 | Wilman2014(Wilman,secondary)=63.0"
"Marmota baibacina","Body_Mass","g",2,2,"6437.5","1.4","","Burger2019(Burger,secondary)=5375.0 | Wilman2014(Wilman,secondary)=7500.0"
"Marmota bobak","Body_Mass","g",2,2,"5211","1.12","","Burger2019(Burger,secondary)=4922.0 | Wilman2014(Wilman,secondary)=5500.0"
"Marmota caligata","Body_Mass","g",2,2,"6765.015","1.15","","Burger2019(Burger,secondary)=6300.0 | Wilman2014(Wilman,secondary)=7230.03"
"Marmota camtschatica","Body_Mass","g",2,2,"3407.25","1.06","","Burger2019(Burger,secondary)=3314.5 | Wilman2014(Wilman,secondary)=3500.0"
"Marmota caudata","Body_Mass","g",2,2,"4296","1.03","","Burger2019(Burger,secondary)=4242.0 | Wilman2014(Wilman,secondary)=4350.0"
"Marmota himalayana","Body_Mass","g",2,2,"5803.75","1.32","","Burger2019(Burger,secondary)=6607.5 | Wilman2014(Wilman,secondary)=5000.0"
"Marmota menzbieri","Body_Mass","g",2,2,"3132.5","1.08","","Burger2019(Burger,secondary)=3015.0 | Wilman2014(Wilman,secondary)=3250.0"
"Marmota monax","BMR_massspecific","mL O2/h/g",2,1,"0.3419","1.78","","Genoud2018(Genoud,secondary)=0.246 | Genoud2018(Genoud,secondary)=0.438"
"Marmota monax","BMR_wholeanimal","mL O2/h",2,1,"1114","2.42","DISAGREEMENT>2x","Genoud2018(Genoud,secondary)=651.0 | Genoud2018(Genoud,secondary)=1577.0"
"Marmota olympus","Body_Mass","g",2,2,"4889.395","1.81","","Burger2019(Burger,secondary)=3478.8 | Wilman2014(Wilman,secondary)=6299.99"
"Marmota sibirica","Body_Mass","g",2,2,"7250","1.23","","Burger2019(Burger,secondary)=6500.0 | Wilman2014(Wilman,secondary)=8000.0"
"Marmota vancouverensis","Body_Mass","g",2,2,"5274.995","1.48","","Burger2019(Burger,secondary)=4250.0 | Wilman2014(Wilman,secondary)=6299.99"
"Martes flavigula","Body_Mass","g",2,2,"2176.25","1.36","","Burger2019(Burger,secondary)=2510.0 | Wilman2014(Wilman,secondary)=1842.5"
"Martes foina","Body_Mass","g",2,2,"1495.4","1.06","","Burger2019(Burger,secondary)=1450.0 | Wilman2014(Wilman,secondary)=1540.8"
"Martes pennanti","Body_Mass","g",2,2,"3125","1.78","","Burger2019(Burger,secondary)=2250.0 | Wilman2014(Wilman,secondary)=4000.0"
"Martes zibellina","Body_Mass","g",2,2,"1130","1","","Burger2019(Burger,secondary)=1130.0 | Wilman2014(Wilman,secondary)=1130.0"
"Massoutiera mzabi","Body_Mass","g",2,2,"188.3","1.06","","Burger2019(Burger,secondary)=182.6 | Wilman2014(Wilman,secondary)=194.0"
"Maxomys surifer","Body_Mass","g",2,2,"148.485","1.03","","Burger2019(Burger,secondary)=146.6 | Wilman2014(Wilman,secondary)=150.37"
"Maxomys whiteheadi","Body_Mass","g",2,2,"51.155","1.21","","Burger2019(Burger,secondary)=46.3 | Wilman2014(Wilman,secondary)=56.01"
"Mazama americana","Body_Mass","g",2,2,"13149.875","6.51","DISAGREEMENT>2x","Burger2019(Burger,secondary)=3500.0 | Wilman2014(Wilman,secondary)=22799.75"
"Megaderma spasma","Body_Mass","g",2,2,"24.59","1.07","","Burger2019(Burger,secondary)=23.8 | Wilman2014(Wilman,secondary)=25.38"
"Megaerops ecaudatus","Body_Mass","g",2,2,"24.67","1","","Burger2019(Burger,secondary)=24.67 | Wilman2014(Wilman,secondary)=24.67"
"Megaerops niphanae","Body_Mass","g",2,2,"32.6","1","","Burger2019(Burger,secondary)=32.6 | Wilman2014(Wilman,secondary)=32.6"
"Melogale personata","Body_Mass","g",2,2,"7872.25","8.25","DISAGREEMENT>2x","Burger2019(Burger,secondary)=14042.0 | Wilman2014(Wilman,secondary)=1702.5"
"Melomys cervinipes","Body_Mass","g",2,2,"74","1.11","","Burger2019(Burger,secondary)=70.0 | Wilman2014(Wilman,secondary)=78.0"
"Melomys rufescens","Body_Mass","g",2,2,"62.625","1.29","","Burger2019(Burger,secondary)=54.7 | Wilman2014(Wilman,secondary)=70.55"
"Melonycteris woodfordi","Body_Mass","g",2,2,"36.19","1.04","","Burger2019(Burger,secondary)=35.5 | Wilman2014(Wilman,secondary)=36.88"
"Meriones crassus","Body_Mass","g",2,2,"99.885","1.5","","Genoud2018(Genoud,secondary)=119.8 | Wilman2014(Wilman,secondary)=79.97"
"Meriones meridianus","Body_Mass","g",2,2,"53.55","1.38","","Genoud2018(Genoud,secondary)=45.0 | Wilman2014(Wilman,secondary)=62.1"
"Meriones tristrami","Body_Mass","g",2,2,"108.5","1.07","","Genoud2018(Genoud,secondary)=112.0 | Wilman2014(Wilman,secondary)=105.0"
"Mesechinus dauuricus","Body_Mass","g",2,2,"342","1","","Burger2019(Burger,secondary)=342.0 | Wilman2014(Wilman,secondary)=342.0"
"Mesembriomys gouldii","Body_Mass","g",2,2,"913.25","1.55","","Burger2019(Burger,secondary)=1110.0 | Wilman2014(Wilman,secondary)=716.5"
"Mesocricetus auratus","Gestation","days",2,2,"15.75","1.03","","Lewitus2014(Lewitus,secondary)=16.0 | Garwicz2009(Garwicz,secondary)=15.5"
"Mesocricetus brandti","Body_Mass","g",2,2,"150","1.32","","Ruf2015(Ruf,primary)=150.0 | Wilman2014(Wilman,secondary)=198.0"
"Mesomys hispidus","Body_Mass","g",2,2,"175","1","","Burger2019(Burger,secondary)=175.0 | Wilman2014(Wilman,secondary)=175.0"
"Mesophylla macconnelli","Body_Mass","g",2,2,"7.235","1.09","","Burger2019(Burger,secondary)=7.55 | Wilman2014(Wilman,secondary)=6.92"
"Metachirus nudicaudatus","BMR_massspecific","mL O2/h/g",2,1,"0.6051","1.02","","Genoud2018(Genoud,secondary)=0.61 | Genoud2018(Genoud,secondary)=0.6"
"Metachirus nudicaudatus","BMR_wholeanimal","mL O2/h",2,1,"180.8","1.31","","Genoud2018(Genoud,secondary)=205.0 | Genoud2018(Genoud,secondary)=156.6"
"Micaelamys namaquensis","BMR_massspecific","mL O2/h/g",2,1,"0.84","1.13","","Genoud2018(Genoud,secondary)=0.89 | Genoud2018(Genoud,secondary)=0.79"
"Micaelamys namaquensis","BMR_wholeanimal","mL O2/h",2,1,"47.715","1.22","","Genoud2018(Genoud,secondary)=43.05 | Genoud2018(Genoud,secondary)=52.38"
"Mico argentatus","Body_Mass","g",2,2,"345","1","","Powell2017(Powell,secondary)=345.0 | NA(10.6084%2Fm9.figshare.c.3899422.v1_Dataset1.tsv,secondary)=345.0"
"Mico humeralifer","Body_Mass","g",2,2,"370","1","","Powell2017(Powell,secondary)=370.0 | NA(10.6084%2Fm9.figshare.c.3899422.v1_Dataset1.tsv,secondary)=370.0"
"Micoureus paraguayanus","Body_Mass","g",2,2,"141.265","1.51","","Genoud2018(Genoud,secondary)=170.1 | Wilman2014(Wilman,secondary)=112.43"
"Microcavia niata","BMR_massspecific","mL O2/h/g",2,1,"0.6889","1","","Genoud2018(Genoud,secondary)=0.689 | Genoud2018(Genoud,secondary)=0.689"
"Microcavia niata","BMR_wholeanimal","mL O2/h",2,1,"175.8","1","","Genoud2018(Genoud,secondary)=175.8 | Genoud2018(Genoud,secondary)=175.8"
"Microcebus murinus","Gestation","days",2,2,"60.375","1.01","","Lewitus2014(Lewitus,secondary)=60.75 | Isler2008(Isler,secondary)=60.0"
"Microcebus murinus","Weaning_age","days",2,2,"42","1.15","","Lewitus2014(Lewitus,secondary)=39.0 | Isler2008(Isler,secondary)=45.0"
"Microcebus myoxinus","Body_Mass","g",2,2,"33","1.1","","Ruf2015(Ruf,primary)=33.0 | Wilman2014(Wilman,secondary)=30.0"
"Microcebus ravelobensis","Body_Mass","g",2,2,"63","1.15","","Ruf2015(Ruf,primary)=63.0 | Wilman2014(Wilman,secondary)=55.0"
"Microdipodops megacephalus","BMR_massspecific","mL O2/h/g",2,1,"2.4483","1.27","","Genoud2018(Genoud,secondary)=2.743 | Genoud2018(Genoud,secondary)=2.154"
"Microdipodops megacephalus","BMR_wholeanimal","mL O2/h",2,1,"27.685","1.2","","Genoud2018(Genoud,secondary)=30.17 | Genoud2018(Genoud,secondary)=25.2"
"Microdipodops pallidus","BMR_massspecific","mL O2/h/g",2,1,"1.7513","1.69","","Genoud2018(Genoud,secondary)=1.303 | Genoud2018(Genoud,secondary)=2.2"
"Microdipodops pallidus","BMR_wholeanimal","mL O2/h",2,1,"23.1","1.33","","Genoud2018(Genoud,secondary)=19.8 | Genoud2018(Genoud,secondary)=26.4"
"Microgale drouhardi","Body_Mass","g",2,2,"11.2","1.13","","Genoud2018(Genoud,secondary)=11.9 | Wilman2014(Wilman,secondary)=10.5"
"Micromys minutus","BMR_massspecific","mL O2/h/g",2,1,"3.9297","1.75","","Genoud2018(Genoud,secondary)=5.0 | Genoud2018(Genoud,secondary)=2.859"
"Micromys minutus","BMR_wholeanimal","mL O2/h",2,1,"32.33","2.06","DISAGREEMENT>2x","Genoud2018(Genoud,secondary)=43.5 | Genoud2018(Genoud,secondary)=21.16"
"Micronycteris megalotis","Body_Mass","g",2,2,"6.305","1.06","","Burger2019(Burger,secondary)=6.5 | Wilman2014(Wilman,secondary)=6.11"
"Micronycteris minuta","Body_Mass","g",2,2,"6.7","1.06","","Burger2019(Burger,secondary)=6.9 | Wilman2014(Wilman,secondary)=6.5"
"Micronycteris schmidtorum","Body_Mass","g",2,2,"7.665","1.04","","Burger2019(Burger,secondary)=7.8 | Wilman2014(Wilman,secondary)=7.53"
"Microperoryctes longicauda","Body_Mass","g",2,2,"538","1","","Burger2019(Burger,secondary)=538.0 | Wilman2014(Wilman,secondary)=538.0"
"Micropteropus pusillus","Body_Mass","g",2,2,"25.885","1.05","","Burger2019(Burger,secondary)=25.2 | Wilman2014(Wilman,secondary)=26.57"
"Microtus breweri","Body_Mass","g",2,2,"53.55","1.02","","Genoud2018(Genoud,secondary)=53.1 | Wilman2014(Wilman,secondary)=54.0"
"Microtus canicaudus","Body_Mass","g",2,2,"29.425","1.07","","Genoud2018(Genoud,secondary)=30.4 | Wilman2014(Wilman,secondary)=28.45"
"Microtus maximowiczii","BMR_massspecific","mL O2/h/g",2,1,"2.0864","1.13","","Genoud2018(Genoud,secondary)=2.21 | Genoud2018(Genoud,secondary)=1.963"
"Microtus maximowiczii","BMR_wholeanimal","mL O2/h",2,1,"85.89","1.16","","Genoud2018(Genoud,secondary)=92.09 | Genoud2018(Genoud,secondary)=79.69"
"Microtus mexicanus","Body_Mass","g",2,2,"31.9","1.22","","Genoud2018(Genoud,secondary)=28.8 | Wilman2014(Wilman,secondary)=35.0"
"Microtus ochrogaster","BMR_massspecific","mL O2/h/g",2,1,"1.2811","1.21","","Genoud2018(Genoud,secondary)=1.161 | Genoud2018(Genoud,secondary)=1.401"
"Microtus ochrogaster","BMR_wholeanimal","mL O2/h",2,1,"64.675","1.05","","Genoud2018(Genoud,secondary)=62.95 | Genoud2018(Genoud,secondary)=66.4"
"Microtus oregoni","Body_Mass","g",2,2,"21.175","1.08","","Burger2019(Burger,secondary)=22.0 | Wilman2014(Wilman,secondary)=20.35"
"Microtus richardsoni","BMR_massspecific","mL O2/h/g",2,1,"1.9477","1.24","","Genoud2018(Genoud,secondary)=1.735 | Genoud2018(Genoud,secondary)=2.16"
"Microtus richardsoni","BMR_wholeanimal","mL O2/h",2,1,"130.915","1.94","","Genoud2018(Genoud,secondary)=89.03 | Genoud2018(Genoud,secondary)=172.8"
"Microtus socialis","Body_Mass","g",2,2,"54.6","1.28","","Genoud2018(Genoud,secondary)=61.2 | Wilman2014(Wilman,secondary)=48.0"
"Microtus subterraneus","Body_Mass","g",2,2,"18.65","1.1","","Genoud2018(Genoud,secondary)=17.8 | Wilman2014(Wilman,secondary)=19.5"
"Microtus xanthognathus","Body_Mass","g",2,2,"97.125","1.84","","Genoud2018(Genoud,secondary)=68.5 | Wilman2014(Wilman,secondary)=125.75"
"Millardia meltada","Body_Mass","g",2,2,"68.7","1.04","","Genoud2018(Genoud,secondary)=67.4 | Wilman2014(Wilman,secondary)=70.0"
"Mimon crenulatum","Body_Mass","g",2,2,"13.765","1","","Burger2019(Burger,secondary)=13.78 | Wilman2014(Wilman,secondary)=13.75"
"Miniopterus australis","Body_Mass","g",2,2,"6.625","1.15","","Burger2019(Burger,secondary)=7.1 | Wilman2014(Wilman,secondary)=6.15"
"Miniopterus fuscus","Body_Mass","g",2,2,"11.065","1.06","","Burger2019(Burger,secondary)=11.4 | Wilman2014(Wilman,secondary)=10.73"
"Miniopterus inflatus","Body_Mass","g",2,2,"14.625","1.06","","Burger2019(Burger,secondary)=15.05 | Wilman2014(Wilman,secondary)=14.2"
"Miniopterus magnater","Body_Mass","g",2,2,"14.535","1.07","","Burger2019(Burger,secondary)=15.0 | Wilman2014(Wilman,secondary)=14.07"
"Miniopterus medius","Body_Mass","g",2,2,"11.555","1.03","","Burger2019(Burger,secondary)=11.71 | Wilman2014(Wilman,secondary)=11.4"
"Miniopterus natalensis","Body_Mass","g",2,2,"10.1","1.07","","Genoud2018(Genoud,secondary)=9.77 | Wilman2014(Wilman,secondary)=10.43"
"Miniopterus pusillus","Body_Mass","g",2,2,"8.605","1","","Burger2019(Burger,secondary)=8.6 | Wilman2014(Wilman,secondary)=8.61"
"Miniopterus schreibersii","BMR_massspecific","mL O2/h/g",2,1,"2.3343","1.04","","Genoud2018(Genoud,secondary)=2.288 | Genoud2018(Genoud,secondary)=2.38"
"Miniopterus schreibersii","BMR_wholeanimal","mL O2/h",2,1,"25.685","1.02","","Genoud2018(Genoud,secondary)=25.4 | Genoud2018(Genoud,secondary)=25.97"
"Miniopterus tristis","Body_Mass","g",2,2,"15.675","1.01","","Burger2019(Burger,secondary)=15.6 | Wilman2014(Wilman,secondary)=15.75"
"Mirounga angustirostris","Body_Mass","g",2,2,"725000","1.07","","Burger2019(Burger,secondary)=7e+05 | Wilman2014(Wilman,secondary)=750000.0"
"Mirounga leonina","Body_Mass","g",2,2,"1803250","1.25","","Burger2019(Burger,secondary)=2006500.0 | Wilman2014(Wilman,secondary)=1600000.0"
"Molossops temminckii","Body_Mass","g",2,2,"6.35","1.15","","Burger2019(Burger,secondary)=6.8 | Wilman2014(Wilman,secondary)=5.9"
"Monachus monachus","Body_Mass","g",2,2,"286500","1.04","","Burger2019(Burger,secondary)=280500.0 | Wilman2014(Wilman,secondary)=292500.0"
"Monachus schauinslandi","Body_Mass","g",2,2,"198000","1.29","","Burger2019(Burger,secondary)=173000.0 | Wilman2014(Wilman,secondary)=223000.0"
"Monophyllus plethodon","Body_Mass","g",2,2,"14.855","1.01","","Burger2019(Burger,secondary)=14.9 | Wilman2014(Wilman,secondary)=14.81"
"Monophyllus redmani","Body_Mass","g",2,2,"8.755","1.01","","Genoud2018(Genoud,secondary)=8.81 | Wilman2014(Wilman,secondary)=8.7"
"Mops leucostigma","Body_Mass","g",2,2,"26.79","1","","Burger2019(Burger,secondary)=26.79 | Wilman2014(Wilman,secondary)=26.79"
"Mops mops","Body_Mass","g",2,2,"30.95","1","","Burger2019(Burger,secondary)=30.95 | Wilman2014(Wilman,secondary)=30.95"
"Mops niveiventer","Body_Mass","g",2,2,"21.7","1","","Burger2019(Burger,secondary)=21.7 | Wilman2014(Wilman,secondary)=21.7"
"Mops pumilus","Body_Mass","g",2,2,"11.535","1.1","","Burger2019(Burger,secondary)=12.09 | Wilman2014(Wilman,secondary)=10.98"
"Mormoops blainvillei","Body_Mass","g",2,2,"8.8","1.03","","Genoud2018(Genoud,secondary)=8.91 | Wilman2014(Wilman,secondary)=8.69"
"Mormopterus beccarii","Body_Mass","g",2,2,"14.525","1.05","","Burger2019(Burger,secondary)=14.2 | Wilman2014(Wilman,secondary)=14.85"
"Mormopterus jugularis","Body_Mass","g",2,2,"11.5","1","","Burger2019(Burger,secondary)=11.5 | Wilman2014(Wilman,secondary)=11.5"
"Moschus leucogaster","Body_Mass","g",2,2,"9572.965","7.92","DISAGREEMENT>2x","Wimberly2021(Wimberly,secondary)=17000.0 | Wilman2014(Wilman,secondary)=2145.93"
"Murexechinus melanurus","Body_Mass","g",2,2,"34.51","1.23","","Burger2019(Burger,secondary)=31.0 | Wilman2014(Wilman,secondary)=38.02"
"Murexia longicaudata","Body_Mass","g",2,2,"206.915","4.31","DISAGREEMENT>2x","Burger2019(Burger,secondary)=78.0 | Wilman2014(Wilman,secondary)=335.83"
"Murina cyclotis","Body_Mass","g",2,2,"8.58","1.18","","Burger2019(Burger,secondary)=7.88 | Wilman2014(Wilman,secondary)=9.28"
"Murina huttoni","Body_Mass","g",2,2,"8.2","1.16","","Burger2019(Burger,secondary)=8.8 | Wilman2014(Wilman,secondary)=7.6"
"Murina tubinaris","Body_Mass","g",2,2,"5.45","1","","Burger2019(Burger,secondary)=5.45 | Wilman2014(Wilman,secondary)=5.45"
"Mus booduga","Body_Mass","g",2,2,"13.075","1.26","","Burger2019(Burger,secondary)=14.6 | Wilman2014(Wilman,secondary)=11.55"
"Mus domesticus","Body_Mass","g",2,1,"29.35","1.8","","Weibel2004(Weibel,primary)=21.0 | Weibel2004(Weibel,primary)=37.7"
"Mus macedonicus","BMR_massspecific","mL O2/h/g",2,1,"1.6102","1.33","","Genoud2018(Genoud,secondary)=1.38 | Genoud2018(Genoud,secondary)=1.84"
"Mus macedonicus","BMR_wholeanimal","mL O2/h",2,1,"22.755","1.35","","Genoud2018(Genoud,secondary)=19.38 | Genoud2018(Genoud,secondary)=26.13"
"Mus minutoides","BMR_massspecific","mL O2/h/g",2,1,"2.7996","1.14","","Genoud2018(Genoud,secondary)=2.622 | Genoud2018(Genoud,secondary)=2.978"
"Mus minutoides","BMR_wholeanimal","mL O2/h",2,1,"22.84","1.11","","Genoud2018(Genoud,secondary)=21.68 | Genoud2018(Genoud,secondary)=24.0"
"Mus musculoides","Body_Mass","g",2,2,"7.115","1.37","","Burger2019(Burger,secondary)=8.23 | Wilman2014(Wilman,secondary)=6.0"
"Mus musculus","Gestation","days",2,2,"18.75","1.03","","Lewitus2014(Lewitus,secondary)=19.0 | Garwicz2009(Garwicz,secondary)=18.5"
"Mus platythrix","Body_Mass","g",2,2,"27.2","1.16","","Burger2019(Burger,secondary)=29.2 | Wilman2014(Wilman,secondary)=25.2"
"Mus spretus","Body_Mass","g",2,2,"17.3","1.7","","Genoud2018(Genoud,secondary)=21.8 | Wilman2014(Wilman,secondary)=12.8"
"Muscardinus avellanarius","BMR_massspecific","mL O2/h/g",2,1,"3.1948","1.33","","Genoud2018(Genoud,secondary)=2.74 | Genoud2018(Genoud,secondary)=3.65"
"Muscardinus avellanarius","BMR_wholeanimal","mL O2/h",2,1,"63.895","1.43","","Genoud2018(Genoud,secondary)=52.6 | Genoud2018(Genoud,secondary)=75.19"
"Mustela altaica","Body_Mass","g",2,2,"180.5","1.11","","Burger2019(Burger,secondary)=190.0 | Wilman2014(Wilman,secondary)=171.0"
"Mustela eversmanii","Body_Mass","g",2,2,"1148.105","2.75","DISAGREEMENT>2x","Genoud2018(Genoud,secondary)=612.0 | Wilman2014(Wilman,secondary)=1684.21"
"Mustela lutreola","Body_Mass","g",2,2,"515","1.34","","Burger2019(Burger,secondary)=590.0 | Wilman2014(Wilman,secondary)=440.0"
"Mustela lutreolina","Body_Mass","g",2,2,"622.3","1.31","","Burger2019(Burger,secondary)=538.0 | Wilman2014(Wilman,secondary)=706.6"
"Mustela putorius","BMR_massspecific","mL O2/h/g",2,2,"0.9265","1.3","","Genoud2018(Genoud,secondary)=0.805 | Lewitus2014(Lewitus,secondary)=1.048"
"Mustela putorius","BMR_wholeanimal","mL O2/h",2,2,"1057.9","1.5","","Genoud2018(Genoud,secondary)=1268.0 | Lewitus2014(Lewitus,secondary)=847.8"
"Mustela putorius furo","Body_Mass","g",2,2,"1315","2.17","DISAGREEMENT>2x","Garwicz2009(Garwicz,secondary)=1800.0 | Veilleux2014(Veilleux,secondary)=830.0"
"Mustela sibirica","Body_Mass","g",2,2,"400","1.03","","Burger2019(Burger,secondary)=395.0 | Wilman2014(Wilman,secondary)=405.0"
"Mydaus javanensis","Body_Mass","g",2,2,"2505","1","","Burger2019(Burger,secondary)=2510.0 | Wilman2014(Wilman,secondary)=2500.0"
"Mydaus marchei","Body_Mass","g",2,2,"1414.1","1","","Burger2019(Burger,secondary)=1414.0 | Wilman2014(Wilman,secondary)=1414.2"
"Myodes californicus","Body_Mass","g",2,2,"18.3","1","","Genoud2018(Genoud,secondary)=18.3 | Wilman2014(Wilman,secondary)=18.3"
"Myodes rufocanus","BMR_massspecific","mL O2/h/g",2,1,"2.9136","1.64","","Genoud2018(Genoud,secondary)=2.207 | Genoud2018(Genoud,secondary)=3.62"
"Myodes rufocanus","BMR_wholeanimal","mL O2/h",2,1,"72.07","1.37","","Genoud2018(Genoud,secondary)=60.7 | Genoud2018(Genoud,secondary)=83.44"
"Myoictis melas","Body_Mass","g",2,2,"145.5","2.2","DISAGREEMENT>2x","Burger2019(Burger,secondary)=91.0 | Wilman2014(Wilman,secondary)=200.0"
"Myonycteris torquata","Body_Mass","g",2,2,"39.315","1.16","","Burger2019(Burger,secondary)=36.4 | Wilman2014(Wilman,secondary)=42.23"
"Myoprocta acouchy","Body_Mass","g",2,2,"757","1.52","","Genoud2018(Genoud,secondary)=914.0 | Wilman2014(Wilman,secondary)=600.0"
"Myosorex varius","Body_Mass","g",2,2,"12.76","1.07","","Genoud2018(Genoud,secondary)=12.32 | Wilman2014(Wilman,secondary)=13.2"
"Myotis albescens","Body_Mass","g",2,2,"4.65","1.32","","Burger2019(Burger,secondary)=4.0 | Wilman2014(Wilman,secondary)=5.3"
"Myotis altarium","Body_Mass","g",2,2,"11","1","","Burger2019(Burger,secondary)=11.0 | Wilman2014(Wilman,secondary)=11.0"
"Myotis annectans","Body_Mass","g",2,2,"9.8","1","","Burger2019(Burger,secondary)=9.8 | Wilman2014(Wilman,secondary)=9.8"
"Myotis austroriparius","Body_Mass","g",2,2,"7.17","1.1","","Genoud2018(Genoud,secondary)=7.5 | Wilman2014(Wilman,secondary)=6.84"
"Myotis bechsteinii","BMR_massspecific","mL O2/h/g",2,1,"1.0452","1.07","","Genoud2018(Genoud,secondary)=1.079 | Genoud2018(Genoud,secondary)=1.012"
"Myotis bechsteinii","BMR_wholeanimal","mL O2/h",2,1,"9.555","1.01","","Genoud2018(Genoud,secondary)=9.6 | Genoud2018(Genoud,secondary)=9.51"
"Myotis bocagii","Body_Mass","g",2,2,"7.615","1.09","","Burger2019(Burger,secondary)=7.3 | Wilman2014(Wilman,secondary)=7.93"
"Myotis chiloensis","Body_Mass","g",2,2,"6.265","1.17","","Genoud2018(Genoud,secondary)=5.78 | Wilman2014(Wilman,secondary)=6.75"
"Myotis dasycneme","Body_Mass","g",2,2,"14.565","1.06","","Burger2019(Burger,secondary)=15.0 | Wilman2014(Wilman,secondary)=14.13"
"Myotis fortidens","Body_Mass","g",2,2,"4.35","1","","Burger2019(Burger,secondary)=4.35 | Wilman2014(Wilman,secondary)=4.35"
"Myotis hasseltii","Body_Mass","g",2,2,"8.125","1.17","","Burger2019(Burger,secondary)=7.5 | Wilman2014(Wilman,secondary)=8.75"
"Myotis horsfieldii","Body_Mass","g",2,2,"6.28","1.01","","Burger2019(Burger,secondary)=6.3 | Wilman2014(Wilman,secondary)=6.26"
"Myotis montivagus","Body_Mass","g",2,2,"8.3","1","","Burger2019(Burger,secondary)=8.3 | Wilman2014(Wilman,secondary)=8.3"
"Myotis muricola","Body_Mass","g",2,2,"4.52","1.21","","Burger2019(Burger,secondary)=4.95 | Wilman2014(Wilman,secondary)=4.09"
"Myotis nattereri","BMR_massspecific","mL O2/h/g",2,1,"1.1285","1.19","","Genoud2018(Genoud,secondary)=1.032 | Genoud2018(Genoud,secondary)=1.225"
"Myotis nattereri","BMR_wholeanimal","mL O2/h",2,1,"8.27","1.11","","Genoud2018(Genoud,secondary)=7.84 | Genoud2018(Genoud,secondary)=8.7"
"Myotis riparius","Body_Mass","g",2,2,"6.75","1.43","","Burger2019(Burger,secondary)=7.95 | Wilman2014(Wilman,secondary)=5.55"
"Myotis siligorensis","Body_Mass","g",2,2,"3.08","1.28","","Burger2019(Burger,secondary)=3.46 | Wilman2014(Wilman,secondary)=2.7"
"Myotis thysanodes","Body_Mass","g",2,2,"8.415","1.07","","Genoud2018(Genoud,secondary)=8.7 | Wilman2014(Wilman,secondary)=8.13"
"Myotis vivesi","Body_Mass","g",2,2,"25","1","","Genoud2018(Genoud,secondary)=25.0 | Wilman2014(Wilman,secondary)=25.0"
"Myotis yumanensis","BMR_massspecific","mL O2/h/g",2,1,"1.886","1.13","","Genoud2018(Genoud,secondary)=1.772 | Genoud2018(Genoud,secondary)=2.0"
"Myotis yumanensis","BMR_wholeanimal","mL O2/h",2,1,"11.18","1.52","","Genoud2018(Genoud,secondary)=8.86 | Genoud2018(Genoud,secondary)=13.5"
"Myotomys sloggetti","Body_Mass","g",2,2,"109.775","1.07","","Genoud2018(Genoud,secondary)=113.3 | Wilman2014(Wilman,secondary)=106.25"
"Myotomys unisulcatus","Body_Mass","g",2,2,"99.25","1.07","","Genoud2018(Genoud,secondary)=96.0 | Wilman2014(Wilman,secondary)=102.5"
"Myoxus glis","BMR_massspecific","mL O2/h/g",2,1,"0.8306","1.72","","Genoud2018(Genoud,secondary)=1.051 | Genoud2018(Genoud,secondary)=0.61"
"Myoxus glis","BMR_wholeanimal","mL O2/h",2,1,"112.895","1.45","","Genoud2018(Genoud,secondary)=133.5 | Genoud2018(Genoud,secondary)=92.29"
"Mystacina tuberculata","Body_Mass","g",2,2,"13.25","1.1","","Wimberly2021(Wimberly,secondary)=13.9 | Wilman2014(Wilman,secondary)=12.6"
"Nanger dama","Body_Mass","g",2,2,"65712.405","1.19","","Burger2019(Burger,secondary)=60000.0 | Wilman2014(Wilman,secondary)=71424.81"
"Nanger soemmerringii","Body_Mass","g",2,2,"38341.465","1.18","","Genoud2018(Genoud,secondary)=35100.0 | Wilman2014(Wilman,secondary)=41582.93"
"Napaeozapus insignis","BMR_massspecific","mL O2/h/g",2,1,"2.1005","1.33","","Genoud2018(Genoud,secondary)=1.801 | Genoud2018(Genoud,secondary)=2.4"
"Napaeozapus insignis","BMR_wholeanimal","mL O2/h",2,1,"50.65","1.6","","Genoud2018(Genoud,secondary)=38.9 | Genoud2018(Genoud,secondary)=62.4"
"Neofelis nebulosa","Body_Mass","g",2,2,"19582.875","1.01","","Burger2019(Burger,secondary)=19490.0 | Wilman2014(Wilman,secondary)=19675.75"
"Neomys anomalus","Body_Mass","g",2,2,"14.71","1.19","","Genoud2018(Genoud,secondary)=13.42 | Wilman2014(Wilman,secondary)=16.0"
"Neophascogale lorentzi","Body_Mass","g",2,2,"212","1","","Burger2019(Burger,secondary)=212.0 | Wilman2014(Wilman,secondary)=212.0"
"Neophoca cinerea","Body_Mass","g",2,2,"189637.5","1","","Burger2019(Burger,secondary)=189275.0 | Wilman2014(Wilman,secondary)=190000.0"
"Neoromicia flavescens","Body_Mass","g",2,2,"10.5","1","","Burger2019(Burger,secondary)=10.5 | Wilman2014(Wilman,secondary)=10.5"
"Neoromicia nanus","Body_Mass","g",2,2,"3.89","1.01","","Burger2019(Burger,secondary)=3.9 | Wilman2014(Wilman,secondary)=3.88"
"Neotoma fuscipes","Body_Mass","g",2,2,"211.565","1.19","","Burger2019(Burger,secondary)=193.3 | Wilman2014(Wilman,secondary)=229.83"
"Neotoma macrotis","Body_Mass","g",2,2,"206.22","1.21","","Genoud2018(Genoud,secondary)=186.7 | Wilman2014(Wilman,secondary)=225.74"
"Neotoma micropus","Body_Mass","g",2,2,"307.9","1.59","","Burger2019(Burger,secondary)=378.3 | Wilman2014(Wilman,secondary)=237.5"
"Neotoma stephensi","Body_Mass","g",2,2,"171.9","1.25","","Genoud2018(Genoud,secondary)=191.3 | Wilman2014(Wilman,secondary)=152.5"
"Neotragus moschatus","Body_Mass","g",2,2,"4874.975","2","","Burger2019(Burger,secondary)=3250.0 | Wilman2014(Wilman,secondary)=6499.95"
"Nesotragus moschatus","Body_Mass","g",2,1,"3300","1","","Weibel2004(Weibel,primary)=3300.0 | Weibel2004(Weibel,primary)=3300.0"
"Ningaui ridei","Body_Mass","g",2,2,"8.75","1.06","","Burger2019(Burger,secondary)=9.0 | Wilman2014(Wilman,secondary)=8.5"
"Ningaui yvonnae","BMR_massspecific","mL O2/h/g",2,1,"1.7204","1.55","","Genoud2018(Genoud,secondary)=1.35 | Genoud2018(Genoud,secondary)=2.091"
"Ningaui yvonnae","BMR_wholeanimal","mL O2/h",2,1,"14.625","1.15","","Genoud2018(Genoud,secondary)=15.66 | Genoud2018(Genoud,secondary)=13.59"
"Noctilio albiventris","BMR_massspecific","mL O2/h/g",2,1,"0.9358","1.12","","Genoud2018(Genoud,secondary)=0.881 | Genoud2018(Genoud,secondary)=0.99"
"Noctilio albiventris","BMR_wholeanimal","mL O2/h",2,1,"31.01","1.61","","Genoud2018(Genoud,secondary)=23.8 | Genoud2018(Genoud,secondary)=38.22"
"Notamacropus parma","Body_Mass","g",2,2,"4387.5","1.05","","Burger2019(Burger,secondary)=4275.0 | Wilman2014(Wilman,secondary)=4500.0"
"Notomys cervinus","BMR_massspecific","mL O2/h/g",2,1,"1.3299","1.18","","Genoud2018(Genoud,secondary)=1.22 | Genoud2018(Genoud,secondary)=1.44"
"Notomys cervinus","BMR_wholeanimal","mL O2/h",2,1,"44.26","1.12","","Genoud2018(Genoud,secondary)=41.72 | Genoud2018(Genoud,secondary)=46.8"
"Notopteris macdonaldi","Body_Mass","g",2,2,"67.66","1.08","","Burger2019(Burger,secondary)=70.18 | Wilman2014(Wilman,secondary)=65.14"
"Nycteris arge","Body_Mass","g",2,2,"11.3","1.12","","Burger2019(Burger,secondary)=10.65 | Wilman2014(Wilman,secondary)=11.95"
"Nycteris grandis","Body_Mass","g",2,2,"29.78","1.03","","Burger2019(Burger,secondary)=29.4 | Wilman2014(Wilman,secondary)=30.16"
"Nycteris hispida","Body_Mass","g",2,2,"8.215","1.11","","Burger2019(Burger,secondary)=7.8 | Wilman2014(Wilman,secondary)=8.63"
"Nycteris javanica","Body_Mass","g",2,2,"17.7","1","","Burger2019(Burger,secondary)=17.7 | Wilman2014(Wilman,secondary)=17.7"
"Nycteris macrotis","Body_Mass","g",2,2,"14.48","1","","Burger2019(Burger,secondary)=14.5 | Wilman2014(Wilman,secondary)=14.46"
"Nycteris nana","Body_Mass","g",2,2,"6.95","1","","Burger2019(Burger,secondary)=6.95 | Wilman2014(Wilman,secondary)=6.95"
"Nycteris tragata","Body_Mass","g",2,2,"14.4","1","","Burger2019(Burger,secondary)=14.4 | Wilman2014(Wilman,secondary)=14.4"
"Nycticebus coucang","Gestation","days",2,2,"191.5","1.01","","Lewitus2014(Lewitus,secondary)=192.0 | Isler2008(Isler,secondary)=191.0"
"Nycticebus coucang","Weaning_age","days",2,2,"151.125","1.08","","Lewitus2014(Lewitus,secondary)=157.25 | Isler2008(Isler,secondary)=145.0"
"Nycticebus javanicus","Body_Mass","g",2,2,"656.46","1","","Powell2017(Powell,secondary)=656.46 | NA(10.6084%2Fm9.figshare.c.3899422.v1_Dataset1.tsv,secondary)=656.46"
"Nycticebus pygmaeus","BMR_massspecific","mL O2/h/g",2,1,"0.3629","1.02","","Genoud2018(Genoud,secondary)=0.366 | Genoud2018(Genoud,secondary)=0.359"
"Nycticebus pygmaeus","BMR_wholeanimal","mL O2/h",2,1,"173","1.01","","Genoud2018(Genoud,secondary)=172.0 | Genoud2018(Genoud,secondary)=174.0"
"Nycticeius humeralis","Body_Mass","g",2,2,"8.995","1","","Genoud2018(Genoud,secondary)=9.0 | Wilman2014(Wilman,secondary)=8.99"
"Nyctimene albiventer","BMR_massspecific","mL O2/h/g",2,1,"1.1563","1.62","","Genoud2018(Genoud,secondary)=1.429 | Genoud2018(Genoud,secondary)=0.883"
"Nyctimene albiventer","BMR_wholeanimal","mL O2/h",2,1,"33.8","1.48","","Genoud2018(Genoud,secondary)=40.3 | Genoud2018(Genoud,secondary)=27.3"
"Nyctimene cyclotis","Body_Mass","g",2,2,"44.2","1.19","","Genoud2018(Genoud,secondary)=40.4 | Wilman2014(Wilman,secondary)=48.0"
"Nyctimene vizcaccia","Body_Mass","g",2,2,"37.7","1.13","","Burger2019(Burger,secondary)=35.4 | Wilman2014(Wilman,secondary)=40.0"
"Nyctomys sumichrasti","Body_Mass","g",2,2,"54.72","1.21","","Burger2019(Burger,secondary)=60.0 | Wilman2014(Wilman,secondary)=49.44"
"Nyctophilus geoffroyi","BMR_massspecific","mL O2/h/g",2,1,"1.3928","1.05","","Genoud2018(Genoud,secondary)=1.425 | Genoud2018(Genoud,secondary)=1.361"
"Nyctophilus geoffroyi","BMR_wholeanimal","mL O2/h",2,1,"10.53","1.18","","Genoud2018(Genoud,secondary)=11.4 | Genoud2018(Genoud,secondary)=9.66"
"Ochotona dauurica","Body_Mass","g",2,2,"118.35","1.17","","Genoud2018(Genoud,secondary)=127.7 | Wilman2014(Wilman,secondary)=109.0"
"Ochotona hyperborea","Body_Mass","g",2,2,"120","1","","Burger2019(Burger,secondary)=120.0 | Wilman2014(Wilman,secondary)=120.0"
"Octodon bridgesi","Body_Mass","g",2,2,"163.05","1.17","","Genoud2018(Genoud,secondary)=176.1 | Wilman2014(Wilman,secondary)=150.0"
"Octodon lunatus","Body_Mass","g",2,2,"203.1","1.35","","Genoud2018(Genoud,secondary)=173.2 | Wilman2014(Wilman,secondary)=233.0"
"Octodontomys gliroides","BMR_massspecific","mL O2/h/g",2,1,"0.8324","1.07","","Genoud2018(Genoud,secondary)=0.805 | Genoud2018(Genoud,secondary)=0.86"
"Octodontomys gliroides","BMR_wholeanimal","mL O2/h",2,1,"128.25","1.04","","Genoud2018(Genoud,secondary)=125.8 | Genoud2018(Genoud,secondary)=130.7"
"Octomys mimax","Body_Mass","g",2,2,"124.8","1.1","","Genoud2018(Genoud,secondary)=118.6 | Wilman2014(Wilman,secondary)=131.0"
"Odocoileus hemionus","Body_Mass","g",2,2,"56601.285","1.09","","Burger2019(Burger,secondary)=58990.0 | Wilman2014(Wilman,secondary)=54212.57"
"Ommatophoca rossii","Body_Mass","g",2,2,"214700","1.39","","Burger2019(Burger,secondary)=179400.0 | Wilman2014(Wilman,secondary)=250000.0"
"Onychogalea fraenata","Body_Mass","g",2,2,"5025","1.21","","Burger2019(Burger,secondary)=4550.0 | Wilman2014(Wilman,secondary)=5500.0"
"Onychogalea lunata","Body_Mass","g",2,2,"3500","1","","Burger2019(Burger,secondary)=3500.0 | Wilman2014(Wilman,secondary)=3500.0"
"Onychogalea unguifera","Body_Mass","g",2,2,"6650","1","","Burger2019(Burger,secondary)=6650.0 | Wilman2014(Wilman,secondary)=6650.0"
"Onychomys leucogaster","Body_Mass","g",2,2,"27.655","1.02","","Burger2019(Burger,secondary)=27.39 | Wilman2014(Wilman,secondary)=27.92"
"Orcinus orca","BMR_massspecific","mL O2/h/g",2,1,"0.1602","2.34","DISAGREEMENT>2x","Genoud2018(Genoud,secondary)=0.224 | Genoud2018(Genoud,secondary)=0.096"
"Orcinus orca","BMR_wholeanimal","mL O2/h",2,1,"598553","2.09","DISAGREEMENT>2x","Genoud2018(Genoud,secondary)=809910.0 | Genoud2018(Genoud,secondary)=387196.0"
"Oreamnos americanus","Body_Mass","g",2,2,"52250.165","2.27","DISAGREEMENT>2x","Genoud2018(Genoud,secondary)=32000.0 | Wilman2014(Wilman,secondary)=72500.33"
"Orthogeomys cherriei","Body_Mass","g",2,2,"315","1.8","","Burger2019(Burger,secondary)=405.0 | Wilman2014(Wilman,secondary)=225.0"
"Orthogeomys heterodus","Body_Mass","g",2,2,"622.5","1.02","","Burger2019(Burger,secondary)=630.0 | Wilman2014(Wilman,secondary)=615.0"
"Orthogeomys hispidus","Body_Mass","g",2,2,"521.05","1.08","","Burger2019(Burger,secondary)=542.1 | Wilman2014(Wilman,secondary)=500.0"
"Oryx beisa","Body_Mass","g",2,2,"187788.26","1.15","","Burger2019(Burger,secondary)=175000.0 | Wilman2014(Wilman,secondary)=200576.52"
"Oryx leucoryx","BMR_massspecific","mL O2/h/g",2,1,"0.2038","1.19","","Genoud2018(Genoud,secondary)=0.221 | Genoud2018(Genoud,secondary)=0.186"
"Oryx leucoryx","BMR_wholeanimal","mL O2/h",2,1,"17976.5","1.07","","Genoud2018(Genoud,secondary)=18600.0 | Genoud2018(Genoud,secondary)=17353.0"
"Oryzomys palustris","Body_Mass","g",2,2,"50.49","1.14","","Burger2019(Burger,secondary)=47.1 | Wilman2014(Wilman,secondary)=53.88"
"Oryzomys talamancae","Body_Mass","g",2,2,"37.5","2.75","DISAGREEMENT>2x","Genoud2018(Genoud,secondary)=20.0 | Wilman2014(Wilman,secondary)=55.0"
"Otaria flavescens","Body_Mass","g",2,2,"207835.265","1.15","","Burger2019(Burger,secondary)=222000.0 | Wilman2014(Wilman,secondary)=193670.53"
"Otocyon megalotis","Body_Mass","g",2,2,"3742.51","1.24","","Burger2019(Burger,secondary)=3335.0 | Wilman2014(Wilman,secondary)=4150.02"
"Otolemur garnettii","BMR_massspecific","mL O2/h/g",2,2,"0.434","1","","Isler2008(Isler,secondary)=0.434 | Genoud2018(Genoud,secondary)=0.434"
"Otolemur garnettii","BMR_wholeanimal","mL O2/h",2,2,"411.65","1","","Isler2008(Isler,secondary)=412.3 | Genoud2018(Genoud,secondary)=411.0"
"Otomops martiensseni","Body_Mass","g",2,2,"38.025","1.22","","Burger2019(Burger,secondary)=41.75 | Wilman2014(Wilman,secondary)=34.3"
"Otomys angoniensis","Body_Mass","g",2,2,"108.45","1.28","","Burger2019(Burger,secondary)=95.0 | Wilman2014(Wilman,secondary)=121.9"
"Otonycteris hemprichii","Body_Mass","g",2,2,"23.69","1.16","","Genoud2018(Genoud,secondary)=25.4 | Wilman2014(Wilman,secondary)=21.98"
"Ototylomys phyllotis","Body_Mass","g",2,2,"91.5","1.9","","Burger2019(Burger,secondary)=63.0 | Wilman2014(Wilman,secondary)=120.0"
"Ourebia ourebi","Body_Mass","g",2,2,"15933.52","1.18","","Burger2019(Burger,secondary)=14617.0 | Wilman2014(Wilman,secondary)=17250.04"
"Ovibos moschatus","BMR_massspecific","mL O2/h/g",2,1,"0.1945","1.82","","Genoud2018(Genoud,secondary)=0.138 | Genoud2018(Genoud,secondary)=0.251"
"Ovibos moschatus","BMR_wholeanimal","mL O2/h",2,1,"36895.5","1.73","","Genoud2018(Genoud,secondary)=26988.0 | Genoud2018(Genoud,secondary)=46803.0"
"Ovis ammon","Body_Mass","g",2,2,"117500","3.27","DISAGREEMENT>2x","Burger2019(Burger,secondary)=55000.0 | Wilman2014(Wilman,secondary)=180000.0"
"Ovis aries","Gestation","days",2,2,"149.3275","1.01","","Lewitus2014(Lewitus,secondary)=148.655 | Garwicz2009(Garwicz,secondary)=150.0"
"Oxymycterus roberti","Body_Mass","g",2,2,"83.45","1","","Genoud2018(Genoud,secondary)=83.5 | Wilman2014(Wilman,secondary)=83.4"
"Paguma larvata","Body_Mass","g",2,2,"4550","1.12","","Burger2019(Burger,secondary)=4800.0 | Wilman2014(Wilman,secondary)=4300.0"
"Panthera leo","BMR_massspecific","mL O2/h/g",2,2,"0.1712","1.02","","Genoud2018(Genoud,secondary)=0.173 | Lewitus2014(Lewitus,secondary)=0.169"
"Panthera leo","BMR_wholeanimal","mL O2/h",2,2,"22187.3","1.62","","Genoud2018(Genoud,secondary)=16954.0 | Lewitus2014(Lewitus,secondary)=27420.6"
"Panthera pardus orientalis","Body_Mass","g",2,1,"52400","1","","Jacobs2018(Jacobs,info)=52400.0 | Jacobs2018(Jacobs,info)=52400.0"
"Panthera tigris altaica","Body_Mass","g",2,1,"161000","1","","Jacobs2018(Jacobs,info)=161000.0 | Jacobs2018(Jacobs,info)=161000.0"
"Papio cynocephalus","BMR_massspecific","mL O2/h/g",2,2,"0.479","1.37","","Isler2008(Isler,secondary)=0.404 | Genoud2018(Genoud,secondary)=0.554"
"Papio cynocephalus","BMR_wholeanimal","mL O2/h",2,2,"6867","1.37","","Isler2008(Isler,secondary)=5784.0 | Genoud2018(Genoud,secondary)=7950.0"
"Papio hamadryas","Weaning_age","days",2,2,"307.5","1.05","","Lewitus2014(Lewitus,secondary)=300.0 | Eagleman2021(Eagleman,secondary)=315.0"
"Papio ursinus","BMR_massspecific","mL O2/h/g",2,2,"0.3045","1","","Isler2008(Isler,secondary)=0.305 | Genoud2018(Genoud,secondary)=0.304"
"Papio ursinus","BMR_wholeanimal","mL O2/h",2,2,"5066.5","1.03","","Isler2008(Isler,secondary)=5147.0 | Genoud2018(Genoud,secondary)=4986.0"
"Paracynictis selousi","Body_Mass","g",2,2,"1669.995","1.04","","Burger2019(Burger,secondary)=1700.0 | Wilman2014(Wilman,secondary)=1639.99"
"Paradoxurus zeylonensis","Body_Mass","g",2,2,"2750.375","1.02","","Burger2019(Burger,secondary)=2720.0 | Wilman2014(Wilman,secondary)=2780.75"
"Paraechinus","Body_Mass","g",2,1,"500","1","","Heffner1983(Heffner,primary)=500.0 | Heffner1975(Heffner,primary)=500.0"
"Paraechinus aethiopicus","Body_Mass","g",2,2,"402.7","1.29","","Genoud2018(Genoud,secondary)=453.0 | Wilman2014(Wilman,secondary)=352.4"
"Paraechinus hypomelas","Body_Mass","g",2,2,"381.5","2.58","DISAGREEMENT>2x","Burger2019(Burger,secondary)=550.0 | Wilman2014(Wilman,secondary)=213.0"
"Paramelomys levipes","Body_Mass","g",2,2,"83.105","1.01","","Burger2019(Burger,secondary)=83.4 | Wilman2014(Wilman,secondary)=82.81"
"Paramelomys rubex","Body_Mass","g",2,2,"48.43","1.05","","Burger2019(Burger,secondary)=49.7 | Wilman2014(Wilman,secondary)=47.16"
"Paramurexia rothschildi","Body_Mass","g",2,2,"57.885","1.15","","Burger2019(Burger,secondary)=62.0 | Wilman2014(Wilman,secondary)=53.77"
"Parantechinus apicalis","Body_Mass","g",2,2,"68.875","1","","Burger2019(Burger,secondary)=69.0 | Wilman2014(Wilman,secondary)=68.75"
"Paranyctimene raptor","BMR_massspecific","mL O2/h/g",2,1,"1.2092","1.33","","Genoud2018(Genoud,secondary)=1.38 | Genoud2018(Genoud,secondary)=1.038"
"Paranyctimene raptor","BMR_wholeanimal","mL O2/h",2,1,"26.95","1.2","","Genoud2018(Genoud,secondary)=29.4 | Genoud2018(Genoud,secondary)=24.5"
"Paraxerus palliatus","BMR_massspecific","mL O2/h/g",2,1,"0.7949","1.21","","Genoud2018(Genoud,secondary)=0.87 | Genoud2018(Genoud,secondary)=0.72"
"Paraxerus palliatus","BMR_wholeanimal","mL O2/h",2,1,"221.55","1.47","","Genoud2018(Genoud,secondary)=179.2 | Genoud2018(Genoud,secondary)=263.9"
"Paraxerus poensis","Body_Mass","g",2,2,"110.75","1.28","","Genoud2018(Genoud,secondary)=97.0 | Wilman2014(Wilman,secondary)=124.5"
"Parotomys brantsii","Body_Mass","g",2,2,"108","1.5","","Genoud2018(Genoud,secondary)=86.5 | Wilman2014(Wilman,secondary)=129.5"
"Pasiphaea multidentata","Body_Mass","g",2,1,"3.87","1","","Haarlem2026(Haarlem,secondary)=3.87 | Haarlem2026(Haarlem,secondary)=3.87"
"Passer domesticus","Body_Mass","g",2,2,"27.35","1.03","","MacLarnon1996(MacLarnon,secondary)=27.0 | Haarlem2026(Haarlem,secondary)=27.7"
"Pectinator spekei","Body_Mass","g",2,2,"170","1.12","","Burger2019(Burger,secondary)=180.0 | Wilman2014(Wilman,secondary)=160.0"
"Pedetes capensis","BMR_massspecific","mL O2/h/g",2,1,"0.387","1.24","","Genoud2018(Genoud,secondary)=0.345 | Genoud2018(Genoud,secondary)=0.429"
"Pedetes capensis","BMR_wholeanimal","mL O2/h",2,1,"997.25","1.51","","Genoud2018(Genoud,secondary)=793.3 | Genoud2018(Genoud,secondary)=1201.2"
"Pelea capreolus","Body_Mass","g",2,2,"22000","1.2","","Burger2019(Burger,secondary)=24000.0 | Wilman2014(Wilman,secondary)=20000.0"
"Penthetor lucasi","Body_Mass","g",2,2,"36.585","1.09","","Burger2019(Burger,secondary)=35.0 | Wilman2014(Wilman,secondary)=38.17"
"Perameles nasuta","BMR_massspecific","mL O2/h/g",2,1,"0.4797","1.04","","Genoud2018(Genoud,secondary)=0.469 | Genoud2018(Genoud,secondary)=0.49"
"Perameles nasuta","BMR_wholeanimal","mL O2/h",2,1,"319.05","1.02","","Genoud2018(Genoud,secondary)=322.0 | Genoud2018(Genoud,secondary)=316.1"
"Perodicticus potto","Gestation","days",2,2,"189.5","1.04","","Lewitus2014(Lewitus,secondary)=186.0 | Isler2008(Isler,secondary)=193.0"
"Perodicticus potto","Weaning_age","days",2,2,"146.125","1.05","","Lewitus2014(Lewitus,secondary)=142.25 | Isler2008(Isler,secondary)=150.0"
"Perognathus fasciatus","Body_Mass","g",2,2,"40","3.46","DISAGREEMENT>2x","Ruf2015(Ruf,primary)=40.0 | Wilman2014(Wilman,secondary)=11.55"
"Peromyscus aztecus","Body_Mass","g",2,2,"39.865","1.01","","Burger2019(Burger,secondary)=39.73 | Wilman2014(Wilman,secondary)=40.0"
"Peromyscus grandis","Body_Mass","g",2,2,"74.16","1.09","","Burger2019(Burger,secondary)=77.32 | Wilman2014(Wilman,secondary)=71.0"
"Peromyscus guatemalensis","Body_Mass","g",2,2,"46.415","1.32","","Burger2019(Burger,secondary)=52.83 | Wilman2014(Wilman,secondary)=40.0"
"Peromyscus keeni","BMR_massspecific","mL O2/h/g",2,1,"1.71","1.07","","Genoud2018(Genoud,secondary)=1.77 | Genoud2018(Genoud,secondary)=1.65"
"Peromyscus keeni","BMR_wholeanimal","mL O2/h",2,1,"45.12","1.07","","Genoud2018(Genoud,secondary)=43.54 | Genoud2018(Genoud,secondary)=46.7"
"Peromyscus melanocarpus","Body_Mass","g",2,2,"58.9","1","","Burger2019(Burger,secondary)=58.8 | Wilman2014(Wilman,secondary)=59.0"
"Peromyscus melanophrys","Body_Mass","g",2,2,"42.5","1.12","","Burger2019(Burger,secondary)=45.0 | Wilman2014(Wilman,secondary)=40.0"
"Peromyscus melanotis","Body_Mass","g",2,2,"39.6","1","","Burger2019(Burger,secondary)=39.6 | Wilman2014(Wilman,secondary)=39.6"
"Peromyscus merriami","Body_Mass","g",2,2,"30.36","1.93","","Burger2019(Burger,secondary)=20.72 | Wilman2014(Wilman,secondary)=40.0"
"Peromyscus mexicanus","Body_Mass","g",2,2,"39.575","1.43","","Burger2019(Burger,secondary)=46.55 | Wilman2014(Wilman,secondary)=32.6"
"Peromyscus truei","BMR_massspecific","mL O2/h/g",2,1,"1.705","1.23","","Genoud2018(Genoud,secondary)=1.88 | Genoud2018(Genoud,secondary)=1.53"
"Peromyscus truei","BMR_wholeanimal","mL O2/h",2,1,"56.7","1.23","","Genoud2018(Genoud,secondary)=62.6 | Genoud2018(Genoud,secondary)=50.8"
"Peromyscus yucatanicus","Body_Mass","g",2,2,"26.3","1","","Burger2019(Burger,secondary)=26.3 | Wilman2014(Wilman,secondary)=26.3"
"Peropteryx trinitatis","Body_Mass","g",2,2,"4.595","1.19","","Burger2019(Burger,secondary)=5.0 | Wilman2014(Wilman,secondary)=4.19"
"Peroryctes raffrayana","Body_Mass","g",2,2,"834.25","1.01","","Burger2019(Burger,secondary)=830.0 | Wilman2014(Wilman,secondary)=838.5"
"Petaurista elegans","Body_Mass","g",2,2,"960.5","1.08","","Burger2019(Burger,secondary)=924.0 | Wilman2014(Wilman,secondary)=997.0"
"Petaurista petaurista","Body_Mass","g",2,2,"1735.815","1.09","","Burger2019(Burger,secondary)=1811.5 | Wilman2014(Wilman,secondary)=1660.13"
"Petauroides volans","BMR_massspecific","mL O2/h/g",2,1,"0.4634","1.14","","Genoud2018(Genoud,secondary)=0.494 | Genoud2018(Genoud,secondary)=0.433"
"Petauroides volans","BMR_wholeanimal","mL O2/h",2,1,"498.25","1.3","","Genoud2018(Genoud,secondary)=563.7 | Genoud2018(Genoud,secondary)=432.8"
"Petaurus abidi","Body_Mass","g",2,2,"281","1.02","","Burger2019(Burger,secondary)=284.0 | Wilman2014(Wilman,secondary)=278.0"
"Petaurus australis","Body_Mass","g",2,2,"565","1.04","","Burger2019(Burger,secondary)=555.0 | Wilman2014(Wilman,secondary)=575.0"
"Petaurus biacensis","Body_Mass","g",2,2,"87.74","1.08","","Burger2019(Burger,secondary)=84.5 | Wilman2014(Wilman,secondary)=90.98"
"Petaurus norfolcensis","Body_Mass","g",2,2,"230","1","","Burger2019(Burger,secondary)=230.0 | Wilman2014(Wilman,secondary)=230.0"
"Petrodromus tetradactylus","BMR_massspecific","mL O2/h/g",2,1,"0.7395","1.43","","Genoud2018(Genoud,secondary)=0.608 | Genoud2018(Genoud,secondary)=0.871"
"Petrodromus tetradactylus","BMR_wholeanimal","mL O2/h",2,1,"153.6","1.41","","Genoud2018(Genoud,secondary)=127.7 | Genoud2018(Genoud,secondary)=179.5"
"Petrogale assimilis","Body_Mass","g",2,2,"4500","1","","Burger2019(Burger,secondary)=4500.0 | Wilman2014(Wilman,secondary)=4500.0"
"Petrogale brachyotis","Body_Mass","g",2,2,"4050","1","","Burger2019(Burger,secondary)=4050.0 | Wilman2014(Wilman,secondary)=4050.0"
"Petrogale concinna","Body_Mass","g",2,2,"1375","1.04","","Burger2019(Burger,secondary)=1350.0 | Wilman2014(Wilman,secondary)=1400.0"
"Petrogale godmani","Body_Mass","g",2,2,"4750","1","","Burger2019(Burger,secondary)=4750.0 | Wilman2014(Wilman,secondary)=4750.0"
"Petrogale herberti","Body_Mass","g",2,2,"4636.57","1.25","","Burger2019(Burger,secondary)=5150.0 | Wilman2014(Wilman,secondary)=4123.14"
"Petrogale inornata","Body_Mass","g",2,2,"4600","1","","Burger2019(Burger,secondary)=4600.0 | Wilman2014(Wilman,secondary)=4600.0"
"Petrogale lateralis","Body_Mass","g",2,2,"4612.5","1.01","","Burger2019(Burger,secondary)=4600.0 | Wilman2014(Wilman,secondary)=4625.0"
"Petrogale mareeba","Body_Mass","g",2,2,"4136.57","1.01","","Burger2019(Burger,secondary)=4150.0 | Wilman2014(Wilman,secondary)=4123.14"
"Petrogale penicillata","Body_Mass","g",2,2,"7100","1","","Burger2019(Burger,secondary)=7100.0 | Wilman2014(Wilman,secondary)=7100.0"
"Petrogale persephone","Body_Mass","g",2,2,"6200","1","","Burger2019(Burger,secondary)=6200.0 | Wilman2014(Wilman,secondary)=6200.0"
"Petrogale xanthopus","Body_Mass","g",2,2,"8000","1.13","","Burger2019(Burger,secondary)=7500.0 | Wilman2014(Wilman,secondary)=8500.0"
"Petropseudes dahli","Body_Mass","g",2,2,"1820","1.22","","Burger2019(Burger,secondary)=2000.0 | Wilman2014(Wilman,secondary)=1640.0"
"Phacochoerus aethiopicus","Body_Mass","g",2,2,"68160.135","1.09","","Burger2019(Burger,secondary)=65320.0 | Wilman2014(Wilman,secondary)=71000.27"
"Phacochoerus africanus","Body_Mass","g",2,2,"74750","1.23","","Burger2019(Burger,secondary)=67000.0 | Wilman2014(Wilman,secondary)=82500.0"
"Phalanger lullulae","Body_Mass","g",2,2,"1632.5","1","","Burger2019(Burger,secondary)=1632.5 | Wilman2014(Wilman,secondary)=1632.5"
"Phalanger mimicus","Body_Mass","g",2,2,"1923.335","1.08","","Burger2019(Burger,secondary)=2000.0 | Wilman2014(Wilman,secondary)=1846.67"
"Phalanger ornatus","Body_Mass","g",2,2,"1793.75","1.01","","Burger2019(Burger,secondary)=1800.0 | Wilman2014(Wilman,secondary)=1787.5"
"Phalanger rothschildi","Body_Mass","g",2,2,"1304.5","1.1","","Burger2019(Burger,secondary)=1244.0 | Wilman2014(Wilman,secondary)=1365.0"
"Phalanger vestitus","Body_Mass","g",2,2,"1850","1","","Burger2019(Burger,secondary)=1850.0 | Wilman2014(Wilman,secondary)=1850.0"
"Phaner electromontis","Body_Mass","g",2,2,"412.5","1.06","","Burger2019(Burger,secondary)=400.0 | Wilman2014(Wilman,secondary)=425.0"
"Phaner furcifer","Body_Mass","g",2,2,"430","1.15","","Burger2019(Burger,secondary)=460.0 | Wilman2014(Wilman,secondary)=400.0"
"Phascolosorex dorsalis","Body_Mass","g",2,2,"93","2.92","DISAGREEMENT>2x","Burger2019(Burger,secondary)=47.5 | Wilman2014(Wilman,secondary)=138.5"
"Phascomurexia naso","Body_Mass","g",2,2,"50.56","1.08","","Burger2019(Burger,secondary)=48.5 | Wilman2014(Wilman,secondary)=52.62"
"Phenacomys intermedius","Body_Mass","g",2,2,"23.35","1.17","","Genoud2018(Genoud,secondary)=21.5 | Wilman2014(Wilman,secondary)=25.2"
"Philander opossum","BMR_massspecific","mL O2/h/g",2,1,"0.6001","1.67","","Genoud2018(Genoud,secondary)=0.45 | Genoud2018(Genoud,secondary)=0.75"
"Philander opossum","BMR_wholeanimal","mL O2/h",2,1,"262.4","1.81","","Genoud2018(Genoud,secondary)=338.0 | Genoud2018(Genoud,secondary)=186.8"
"Philantomba maxwellii","Body_Mass","g",2,2,"5957.345","2.55","DISAGREEMENT>2x","Burger2019(Burger,secondary)=3357.0 | Wilman2014(Wilman,secondary)=8557.69"
"Phoca largha","Body_Mass","g",2,2,"120750","1.64","","Burger2019(Burger,secondary)=91500.0 | Wilman2014(Wilman,secondary)=150000.0"
"Phocarctos hookeri","Body_Mass","g",2,2,"192900","2.44","DISAGREEMENT>2x","Burger2019(Burger,secondary)=273500.0 | Wilman2014(Wilman,secondary)=112300.0"
"Phocoena spinipinnis","Body_Mass","g",2,2,"64020.95","1.13","","Burger2019(Burger,secondary)=68041.9 | Wilman2014(Wilman,secondary)=60000.0"
"Phodopus campbelli","BMR_massspecific","mL O2/h/g",2,1,"1.9449","1.07","","Genoud2018(Genoud,secondary)=1.88 | Genoud2018(Genoud,secondary)=2.01"
"Phodopus campbelli","BMR_wholeanimal","mL O2/h",2,1,"68.91","1.33","","Genoud2018(Genoud,secondary)=59.03 | Genoud2018(Genoud,secondary)=78.79"
"Phoniscus atrox","Body_Mass","g",2,2,"4.505","1.15","","Burger2019(Burger,secondary)=4.2 | Wilman2014(Wilman,secondary)=4.81"
"Phylloderma stenops","Body_Mass","g",2,2,"49.89","1.16","","Burger2019(Burger,secondary)=46.1 | Wilman2014(Wilman,secondary)=53.68"
"Phyllotis magister","Body_Mass","g",2,2,"59.6","1.35","","Genoud2018(Genoud,secondary)=50.7 | Wilman2014(Wilman,secondary)=68.5"
"Physeter catodon","Body_Mass","g",2,2,"25720825.02","2.67","DISAGREEMENT>2x","Burger2019(Burger,secondary)=37416650.04 | Wilman2014(Wilman,secondary)=14025000.0"
"Pigeon (Columba domest.)","Body_Mass","g",2,1,"330.5","1.03","","Krompecher1966(Krompecher,secondary)=335.0 | Krompecher1966(Krompecher,secondary)=326.0"
"Pipistrellus ceylonicus","Body_Mass","g",2,2,"9.245","1.2","","Burger2019(Burger,secondary)=10.1 | Wilman2014(Wilman,secondary)=8.39"
"Pipistrellus coromandra","Body_Mass","g",2,2,"4.6","1","","Burger2019(Burger,secondary)=4.6 | Wilman2014(Wilman,secondary)=4.6"
"Pipistrellus javanicus","Body_Mass","g",2,2,"4.895","1.18","","Burger2019(Burger,secondary)=4.5 | Wilman2014(Wilman,secondary)=5.29"
"Pipistrellus papuanus","Body_Mass","g",2,2,"4.31","1.58","","Burger2019(Burger,secondary)=3.34 | Wilman2014(Wilman,secondary)=5.28"
"Pipistrellus tenuis","Body_Mass","g",2,2,"4.95","1.11","","Burger2019(Burger,secondary)=5.2 | Wilman2014(Wilman,secondary)=4.7"
"Planigale maculata","BMR_massspecific","mL O2/h/g",2,1,"1.135","1.25","","Genoud2018(Genoud,secondary)=1.26 | Genoud2018(Genoud,secondary)=1.01"
"Planigale maculata","BMR_wholeanimal","mL O2/h",2,1,"11.97","1.24","","Genoud2018(Genoud,secondary)=10.71 | Genoud2018(Genoud,secondary)=13.23"
"Planigale novaeguineae","Body_Mass","g",2,2,"14.9","1","","Burger2019(Burger,secondary)=14.9 | Wilman2014(Wilman,secondary)=14.9"
"Planigale tenuirostris","BMR_massspecific","mL O2/h/g",2,1,"1.4188","1.27","","Genoud2018(Genoud,secondary)=1.59 | Genoud2018(Genoud,secondary)=1.247"
"Planigale tenuirostris","BMR_wholeanimal","mL O2/h",2,1,"9.2","1.59","","Genoud2018(Genoud,secondary)=11.29 | Genoud2018(Genoud,secondary)=7.11"
"Platanista minor","Body_Mass","g",2,2,"51107.295","4.59","DISAGREEMENT>2x","Manger2006(Manger,secondary)=18300.0 | Wilman2014(Wilman,secondary)=83914.59"
"Platyrhinoidis triseriata","Body_Mass","g",2,1,"903","1","","Haarlem2026(Haarlem,secondary)=903.0 | Haarlem2026(Haarlem,secondary)=903.0"
"Platyrrhinus brachycephalus","Body_Mass","g",2,2,"13.5","1.09","","Burger2019(Burger,secondary)=12.9 | Wilman2014(Wilman,secondary)=14.1"
"Platyrrhinus helleri","Body_Mass","g",2,2,"13.135","1.06","","Burger2019(Burger,secondary)=12.77 | Wilman2014(Wilman,secondary)=13.5"
"Platyrrhinus infuscus","Body_Mass","g",2,2,"50.25","1","","Burger2019(Burger,secondary)=50.3 | Wilman2014(Wilman,secondary)=50.2"
"Platyrrhinus lineatus","BMR_massspecific","mL O2/h/g",2,1,"1.428","1.06","","Genoud2018(Genoud,secondary)=1.47 | Genoud2018(Genoud,secondary)=1.386"
"Platyrrhinus lineatus","BMR_wholeanimal","mL O2/h",2,1,"31.55","1.04","","Genoud2018(Genoud,secondary)=32.2 | Genoud2018(Genoud,secondary)=30.9"
"Platyrrhinus vittatus","Body_Mass","g",2,2,"39","1.13","","Burger2019(Burger,secondary)=36.6 | Wilman2014(Wilman,secondary)=41.4"
"Podomys floridanus","BMR_massspecific","mL O2/h/g",2,1,"1.5399","1.2","","Genoud2018(Genoud,secondary)=1.68 | Genoud2018(Genoud,secondary)=1.4"
"Podomys floridanus","BMR_wholeanimal","mL O2/h",2,1,"53.59","1.07","","Genoud2018(Genoud,secondary)=51.74 | Genoud2018(Genoud,secondary)=55.44"
"Poecilogale albinucha","Body_Mass","g",2,2,"295","1.36","","Burger2019(Burger,secondary)=250.0 | Wilman2014(Wilman,secondary)=340.0"
"Pogonomys macrourus","Body_Mass","g",2,2,"63.925","1.37","","Burger2019(Burger,secondary)=73.9 | Wilman2014(Wilman,secondary)=53.95"
"Pogonomys sylvestris","Body_Mass","g",2,2,"42.275","1.05","","Burger2019(Burger,secondary)=41.2 | Wilman2014(Wilman,secondary)=43.35"
"Pongo pygmaeus morio","Body_Mass","g",2,2,"37497.3333","1","","Powell2017(Powell,secondary)=37497.333 | NA(10.6084%2Fm9.figshare.c.3899422.v1_Dataset1.tsv,secondary)=37497.333"
"Pongo pygmaeus wurmbii","Body_Mass","g",2,2,"36741.5","1","","Powell2017(Powell,secondary)=36741.5 | NA(10.6084%2Fm9.figshare.c.3899422.v1_Dataset1.tsv,secondary)=36741.5"
"Pontoporia blainvillei","Body_Mass","g",2,2,"37700","1.16","","Manger2006(Manger,secondary)=34900.0 | Wilman2014(Wilman,secondary)=40500.0"
"Potamochoerus porcus","Body_Mass","g",2,2,"72500.16","1.07","","Burger2019(Burger,secondary)=75000.0 | Wilman2014(Wilman,secondary)=70000.32"
"Potorous platyops","Body_Mass","g",2,2,"550","1.2","","Burger2019(Burger,secondary)=600.0 | Wilman2014(Wilman,secondary)=500.0"
"Praomys daltoni","Body_Mass","g",2,2,"34.995","1","","Burger2019(Burger,secondary)=35.0 | Wilman2014(Wilman,secondary)=34.99"
"Praomys morio","Body_Mass","g",2,2,"38.25","1.55","","Burger2019(Burger,secondary)=46.5 | Wilman2014(Wilman,secondary)=30.0"
"Praomys tullbergi","Body_Mass","g",2,2,"36.515","1.04","","Burger2019(Burger,secondary)=37.2 | Wilman2014(Wilman,secondary)=35.83"
"Presbytis frontata group","Body_Mass","g",2,1,"5216.4","1.09","","Isler2008(Isler,secondary)=5443.2 | Isler2008(Isler,secondary)=4989.6"
"Presbytis natunae","Body_Mass","g",2,2,"5719.575","1.26","","Burger2019(Burger,secondary)=5065.0 | Wilman2014(Wilman,secondary)=6374.15"
"Prionailurus bengalensis","Body_Mass","g",2,2,"4385","1.66","","Burger2019(Burger,secondary)=5470.0 | Wilman2014(Wilman,secondary)=3300.0"
"Prionailurus planiceps","Body_Mass","g",2,2,"4425","3.21","DISAGREEMENT>2x","Burger2019(Burger,secondary)=2100.0 | Wilman2014(Wilman,secondary)=6750.0"
"Prionailurus rubiginosus","Body_Mass","g",2,2,"1402.19","1.03","","Burger2019(Burger,secondary)=1420.0 | Wilman2014(Wilman,secondary)=1384.38"
"Prionailurus viverrinus","Body_Mass","g",2,2,"8775.165","1.09","","Burger2019(Burger,secondary)=8410.0 | Wilman2014(Wilman,secondary)=9140.33"
"Prionodon linsang","Body_Mass","g",2,2,"699","1","","Burger2019(Burger,secondary)=698.0 | Wilman2014(Wilman,secondary)=700.0"
"Prionodon pardicolor","Body_Mass","g",2,2,"481","1.14","","Burger2019(Burger,secondary)=450.0 | Wilman2014(Wilman,secondary)=512.0"
"Procolobus kirkii","Body_Mass","g",2,2,"5133.3333","1","","Powell2017(Powell,secondary)=5133.333 | NA(10.6084%2Fm9.figshare.c.3899422.v1_Dataset1.tsv,secondary)=5133.333"
"Procolobus pennantii","Body_Mass","g",2,2,"8300","1","","Powell2017(Powell,secondary)=8300.0 | NA(10.6084%2Fm9.figshare.c.3899422.v1_Dataset1.tsv,secondary)=8300.0"
"Procolobus rufomitratus","Body_Mass","g",2,2,"7500","1","","Powell2017(Powell,secondary)=7500.0 | NA(10.6084%2Fm9.figshare.c.3899422.v1_Dataset1.tsv,secondary)=7500.0"
"Procolobus rufomitratus tephrosceles","Body_Mass","g",2,2,"7258","1","","Powell2017(Powell,secondary)=7258.0 | NA(10.6084%2Fm9.figshare.c.3899422.v1_Dataset1.tsv,secondary)=7258.0"
"Proechimys brevicauda","Body_Mass","g",2,2,"285","1","","Burger2019(Burger,secondary)=285.0 | Wilman2014(Wilman,secondary)=285.0"
"Proechimys guyannensis","Body_Mass","g",2,2,"268.7575","1.41","","HerculanoHouzel2015(HerculanoHouzel,secondary)=223.485 | Wilman2014(Wilman,secondary)=314.03"
"Proechimys semispinosus","BMR_massspecific","mL O2/h/g",2,1,"0.9536","2.03","DISAGREEMENT>2x","Genoud2018(Genoud,secondary)=1.277 | Genoud2018(Genoud,secondary)=0.63"
"Proechimys semispinosus","BMR_wholeanimal","mL O2/h",2,1,"326.1","1.08","","Genoud2018(Genoud,secondary)=338.5 | Genoud2018(Genoud,secondary)=313.7"
"Profelis aurata","Body_Mass","g",2,2,"11295.005","1.12","","Burger2019(Burger,secondary)=11940.0 | Wilman2014(Wilman,secondary)=10650.01"
"Propithecus verreauxi","Gestation","days",2,2,"152.875","1.08","","Lewitus2014(Lewitus,secondary)=146.75 | Isler2008(Isler,secondary)=159.0"
"Propithecus verreauxi","Weaning_age","days",2,2,"178.125","1.06","","Lewitus2014(Lewitus,secondary)=173.25 | Isler2008(Isler,secondary)=183.0"
"Proteles cristata","BMR_massspecific","mL O2/h/g",2,1,"0.2624","1.07","","Genoud2018(Genoud,secondary)=0.254 | Genoud2018(Genoud,secondary)=0.271"
"Proteles cristata","BMR_wholeanimal","mL O2/h",2,1,"2076","1.12","","Genoud2018(Genoud,secondary)=1958.0 | Genoud2018(Genoud,secondary)=2194.0"
"Pseudantechinus bilarni","Body_Mass","g",2,2,"25.275","1.19","","Burger2019(Burger,secondary)=27.5 | Wilman2014(Wilman,secondary)=23.05"
"Pseudantechinus roryi","Body_Mass","g",2,2,"24.28","1.07","","Burger2019(Burger,secondary)=23.5 | Wilman2014(Wilman,secondary)=25.06"
"Pseudochirops albertisii","Body_Mass","g",2,2,"784.675","1","","Burger2019(Burger,secondary)=784.5 | Wilman2014(Wilman,secondary)=784.85"
"Pseudochirops archeri","Body_Mass","g",2,2,"1093.25","1","","Burger2019(Burger,secondary)=1095.0 | Wilman2014(Wilman,secondary)=1091.5"
"Pseudochirops corinnae","Body_Mass","g",2,2,"1123","1","","Burger2019(Burger,secondary)=1123.0 | Wilman2014(Wilman,secondary)=1123.0"
"Pseudochirops coronatus","Body_Mass","g",2,2,"1500","1","","Burger2019(Burger,secondary)=1500.0 | Wilman2014(Wilman,secondary)=1500.0"
"Pseudochirops cupreus","Body_Mass","g",2,2,"1712.25","1.01","","Burger2019(Burger,secondary)=1700.0 | Wilman2014(Wilman,secondary)=1724.5"
"Pseudochirulus canescens","Body_Mass","g",2,2,"300","1","","Burger2019(Burger,secondary)=300.0 | Wilman2014(Wilman,secondary)=300.0"
"Pseudochirulus caroli","Body_Mass","g",2,2,"448.01","1.04","","Burger2019(Burger,secondary)=440.0 | Wilman2014(Wilman,secondary)=456.02"
"Pseudochirulus forbesi","Body_Mass","g",2,2,"644.58","1.02","","Burger2019(Burger,secondary)=650.0 | Wilman2014(Wilman,secondary)=639.16"
"Pseudochirulus herbertensis","Body_Mass","g",2,2,"1106.67","1.02","","Burger2019(Burger,secondary)=1115.0 | Wilman2014(Wilman,secondary)=1098.34"
"Pseudochirulus mayeri","Body_Mass","g",2,2,"151.75","1","","Burger2019(Burger,secondary)=151.75 | Wilman2014(Wilman,secondary)=151.75"
"Pseudochirulus schlegeli","Body_Mass","g",2,2,"264.72","1.07","","Burger2019(Burger,secondary)=274.0 | Wilman2014(Wilman,secondary)=255.44"
"Pseudomys albocinereus","Body_Mass","g",2,2,"29.2","1.09","","Genoud2018(Genoud,secondary)=27.9 | Wilman2014(Wilman,secondary)=30.5"
"Pseudomys australis","Body_Mass","g",2,2,"57.5","1.3","","Burger2019(Burger,secondary)=50.0 | Wilman2014(Wilman,secondary)=65.0"
"Pseudomys gracilicaudatus","Body_Mass","g",2,2,"77.275","1.07","","Genoud2018(Genoud,secondary)=79.8 | Wilman2014(Wilman,secondary)=74.75"
"Pteromyscus pulverulentus","Body_Mass","g",2,2,"367.125","1.2","","Burger2019(Burger,secondary)=400.0 | Wilman2014(Wilman,secondary)=334.25"
"Pteronotus gymnonotus","Body_Mass","g",2,2,"14.015","1.06","","Burger2019(Burger,secondary)=13.6 | Wilman2014(Wilman,secondary)=14.43"
"Pteronotus quadridens","Body_Mass","g",2,2,"4.98","1.08","","Genoud2018(Genoud,secondary)=4.8 | Wilman2014(Wilman,secondary)=5.16"
"Pteronura brasiliensis","Body_Mass","g",2,2,"23999.965","1","","Burger2019(Burger,secondary)=24000.0 | Wilman2014(Wilman,secondary)=23999.93"
"Pteropus alecto","Body_Mass","g",2,2,"619.285","1.08","","Burger2019(Burger,secondary)=595.0 | Wilman2014(Wilman,secondary)=643.57"
"Pteropus conspicillatus","Body_Mass","g",2,2,"762.85","1.03","","Burger2019(Burger,secondary)=750.0 | Wilman2014(Wilman,secondary)=775.7"
"Pteropus giganteus","BMR_massspecific","mL O2/h/g",2,2,"0.4411","1.42","","Genoud2018(Genoud,secondary)=0.517 | Lewitus2014(Lewitus,secondary)=0.365"
"Pteropus giganteus","BMR_wholeanimal","mL O2/h",2,2,"334.95","1.3","","Genoud2018(Genoud,secondary)=290.7 | Lewitus2014(Lewitus,secondary)=379.2"
"Pteropus lylei","Body_Mass","g",2,2,"316.67","1","","Burger2019(Burger,secondary)=316.67 | Wilman2014(Wilman,secondary)=316.67"
"Pteropus macrotis","Body_Mass","g",2,2,"361.5","1.03","","Burger2019(Burger,secondary)=366.0 | Wilman2014(Wilman,secondary)=357.0"
"Pteropus mahaganus","Body_Mass","g",2,2,"358.2","1.85","","Burger2019(Burger,secondary)=465.0 | Wilman2014(Wilman,secondary)=251.4"
"Pteropus melanotus","Body_Mass","g",2,2,"803.08","3.66","DISAGREEMENT>2x","Burger2019(Burger,secondary)=1261.4 | Wilman2014(Wilman,secondary)=344.76"
"Pteropus neohibernicus","Body_Mass","g",2,2,"903.395","1.15","","Burger2019(Burger,secondary)=840.0 | Wilman2014(Wilman,secondary)=966.79"
"Pteropus poliocephalus","BMR_massspecific","mL O2/h/g",2,1,"0.685","1.59","","Genoud2018(Genoud,secondary)=0.84 | Genoud2018(Genoud,secondary)=0.53"
"Pteropus poliocephalus","BMR_wholeanimal","mL O2/h",2,1,"263.45","1.51","","Genoud2018(Genoud,secondary)=210.0 | Genoud2018(Genoud,secondary)=316.9"
"Pteropus pumilus","Body_Mass","g",2,2,"188.775","1.06","","Genoud2018(Genoud,secondary)=194.2 | Wilman2014(Wilman,secondary)=183.35"
"Pteropus rodricensis","Body_Mass","g",2,2,"254.165","1","","Genoud2018(Genoud,secondary)=254.5 | Wilman2014(Wilman,secondary)=253.83"
"Pteropus rufus","Body_Mass","g",2,2,"349.915","1.07","","Burger2019(Burger,secondary)=338.83 | Wilman2014(Wilman,secondary)=361.0"
"Pteropus samoensis","Body_Mass","g",2,2,"310","1","","Burger2019(Burger,secondary)=310.0 | Wilman2014(Wilman,secondary)=310.0"
"Pteropus temminckii","Body_Mass","g",2,2,"305.625","1.45","","Burger2019(Burger,secondary)=250.0 | Wilman2014(Wilman,secondary)=361.25"
"Pteropus tonganus","Body_Mass","g",2,2,"423.54","1.02","","Burger2019(Burger,secondary)=428.75 | Wilman2014(Wilman,secondary)=418.33"
"Ptilocercus lowii","Body_Mass","g",2,2,"49.69","1.37","","Genoud2018(Genoud,secondary)=57.5 | Wilman2014(Wilman,secondary)=41.88"
"Ptilocercus lowii","BMR_massspecific","mL O2/h/g",2,2,"0.878","1.34","","Boyer2018(Boyer,secondary)=1.007 | Genoud2018(Genoud,secondary)=0.75"
"Ptilocercus lowii","BMR_wholeanimal","mL O2/h",2,2,"43.1899","1","","Boyer2018(Boyer,secondary)=43.28 | Genoud2018(Genoud,secondary)=43.1"
"Pudu puda","Body_Mass","g",2,2,"9124.95","1.15","","MedinaGonzález2026(MedinaGonzález,secondary)=8500.0 | Wilman2014(Wilman,secondary)=9749.9"
"Puma concolor","BMR_massspecific","mL O2/h/g",2,1,"0.2521","1.12","","Genoud2018(Genoud,secondary)=0.267 | Genoud2018(Genoud,secondary)=0.238"
"Puma concolor","BMR_wholeanimal","mL O2/h",2,1,"11263.35","1.55","","Genoud2018(Genoud,secondary)=13685.0 | Genoud2018(Genoud,secondary)=8841.7"
"Pusa caspica","Body_Mass","g",2,2,"62538.1","1.01","","Burger2019(Burger,secondary)=62750.0 | Wilman2014(Wilman,secondary)=62326.2"
"Pusa hispida","BMR_massspecific","mL O2/h/g",2,1,"0.3241","1.19","","Genoud2018(Genoud,secondary)=0.352 | Genoud2018(Genoud,secondary)=0.296"
"Pusa hispida","BMR_wholeanimal","mL O2/h",2,1,"15700","1.28","","Genoud2018(Genoud,secondary)=17600.0 | Genoud2018(Genoud,secondary)=13800.0"
"Pusa sibirica","Body_Mass","g",2,2,"89499.995","1","","Burger2019(Burger,secondary)=89500.0 | Wilman2014(Wilman,secondary)=89499.99"
"Pygathrix cinerea","Body_Mass","g",2,2,"10083.3","1.18","","Wimberly2021(Wimberly,secondary)=10900.0 | Wilman2014(Wilman,secondary)=9266.6"
"Raphicerus melanotis","Body_Mass","g",2,2,"10174.955","1.01","","Burger2019(Burger,secondary)=10100.0 | Wilman2014(Wilman,secondary)=10249.91"
"Rattus colletti","Body_Mass","g",2,2,"113.35","2.72","DISAGREEMENT>2x","Genoud2018(Genoud,secondary)=165.7 | Wilman2014(Wilman,secondary)=61.0"
"Rattus exulans","Body_Mass","g",2,2,"53.805","1.27","","Burger2019(Burger,secondary)=60.3 | Wilman2014(Wilman,secondary)=47.31"
"Rattus morotaiensis","Body_Mass","g",2,2,"141.175","1.11","","Burger2019(Burger,secondary)=134.1 | Wilman2014(Wilman,secondary)=148.25"
"Rattus nitidus","Body_Mass","g",2,2,"117.25","1.32","","Burger2019(Burger,secondary)=101.0 | Wilman2014(Wilman,secondary)=133.5"
"Rattus norvegicus","Activity_pattern","category",2,1,"Nocturnal","","","Wilman2014(Wilman,secondary)=Nocturnal | Wilman2014(Wilman,secondary)=Nocturnal"
"Rattus norvegicus","Diet_Fruit","%",2,1,"20","1","","Wilman2014(Wilman,secondary)=20.0 | Wilman2014(Wilman,secondary)=20.0"
"Rattus norvegicus","Diet_Inv","%",2,1,"30","1","","Wilman2014(Wilman,secondary)=30.0 | Wilman2014(Wilman,secondary)=30.0"
"Rattus norvegicus","Diet_Nect","%",2,1,"0","","","Wilman2014(Wilman,secondary)=0.0 | Wilman2014(Wilman,secondary)=0.0"
"Rattus norvegicus","Diet_PlantO","%",2,1,"10","1","","Wilman2014(Wilman,secondary)=10.0 | Wilman2014(Wilman,secondary)=10.0"
"Rattus norvegicus","Diet_Scav","%",2,1,"0","","","Wilman2014(Wilman,secondary)=0.0 | Wilman2014(Wilman,secondary)=0.0"
"Rattus norvegicus","Diet_Seed","%",2,1,"40","1","","Wilman2014(Wilman,secondary)=40.0 | Wilman2014(Wilman,secondary)=40.0"
"Rattus norvegicus","Diet_Vect","%",2,1,"0","","","Wilman2014(Wilman,secondary)=0.0 | Wilman2014(Wilman,secondary)=0.0"
"Rattus norvegicus","Diet_Vend","%",2,1,"0","","","Wilman2014(Wilman,secondary)=0.0 | Wilman2014(Wilman,secondary)=0.0"
"Rattus norvegicus","Diet_Vfish","%",2,1,"0","","","Wilman2014(Wilman,secondary)=0.0 | Wilman2014(Wilman,secondary)=0.0"
"Rattus norvegicus","Diet_Vunk","%",2,1,"0","","","Wilman2014(Wilman,secondary)=0.0 | Wilman2014(Wilman,secondary)=0.0"
"Rattus norvegicus","Diet_breadth","count",2,1,"4","1","","Wilman2014(Wilman,secondary)=4.0 | Wilman2014(Wilman,secondary)=4.0"
"Rattus norvegicus","Diet_dominant","category",2,1,"Seed","","","Wilman2014(Wilman,secondary)=Seed | Wilman2014(Wilman,secondary)=Seed"
"Rattus norvegicus","ForStrat_stratum","category",2,1,"Ground","","","Wilman2014(Wilman,secondary)=Ground | Wilman2014(Wilman,secondary)=Ground"
"Rattus norvegicus","Trophic_guild","category",2,1,"Herbivore","","","Wilman2014(Wilman,secondary)=Herbivore | Wilman2014(Wilman,secondary)=Herbivore"
"Rattus norvegicus","Gestation","days",2,2,"21.25","1.02","","Lewitus2014(Lewitus,secondary)=21.0 | Garwicz2009(Garwicz,secondary)=21.5"
"Rattus sordidus","Body_Mass","g",2,2,"139.085","1.31","","Burger2019(Burger,secondary)=120.67 | Wilman2014(Wilman,secondary)=157.5"
"Rattus tunneyi","Body_Mass","g",2,2,"100.1","1.63","","Burger2019(Burger,secondary)=76.2 | Wilman2014(Wilman,secondary)=124.0"
"Rattus verecundus","Body_Mass","g",2,2,"78.21","1.63","","Burger2019(Burger,secondary)=59.4 | Wilman2014(Wilman,secondary)=97.02"
"Rattus villosissimus","BMR_massspecific","mL O2/h/g",2,1,"0.5843","1.01","","Genoud2018(Genoud,secondary)=0.58 | Genoud2018(Genoud,secondary)=0.588"
"Rattus villosissimus","BMR_wholeanimal","mL O2/h",2,1,"126.4","1.36","","Genoud2018(Genoud,secondary)=107.0 | Genoud2018(Genoud,secondary)=145.8"
"Ratufa affinis","Body_Mass","g",2,2,"1069.375","1.18","","Burger2019(Burger,secondary)=982.5 | Wilman2014(Wilman,secondary)=1156.25"
"Ratufa bicolor","Body_Mass","g",2,2,"1685","1.55","","Burger2019(Burger,secondary)=1320.0 | Wilman2014(Wilman,secondary)=2050.0"
"Ratufa indica","Body_Mass","g",2,2,"1497.5","1.83","","Burger2019(Burger,secondary)=1935.0 | Wilman2014(Wilman,secondary)=1060.0"
"Redunca arundinum","Body_Mass","g",2,2,"48100.135","1.52","","Burger2019(Burger,secondary)=38200.0 | Wilman2014(Wilman,secondary)=58000.27"
"Redunca fulvorufula","Body_Mass","g",2,2,"30249.93","1.05","","Burger2019(Burger,secondary)=31000.0 | Wilman2014(Wilman,secondary)=29499.86"
"Redunca redunca","Body_Mass","g",2,2,"45775.205","1.08","","Burger2019(Burger,secondary)=47500.0 | Wilman2014(Wilman,secondary)=44050.41"
"Reithrodon auritus","Body_Mass","g",2,2,"74.775","1.11","","Genoud2018(Genoud,secondary)=78.7 | Wilman2014(Wilman,secondary)=70.85"
"Rhinoceros unicornis","Body_Mass","g",2,2,"1926166.5","1.4","","Burger2019(Burger,secondary)=2250000.0 | Wilman2014(Wilman,secondary)=1602333.0"
"Rhinolophus acuminatus","Body_Mass","g",2,2,"12.115","1","","Burger2019(Burger,secondary)=12.1 | Wilman2014(Wilman,secondary)=12.13"
"Rhinolophus affinis","Body_Mass","g",2,2,"13.565","1.01","","Burger2019(Burger,secondary)=13.5 | Wilman2014(Wilman,secondary)=13.63"
"Rhinolophus coelophyllus","Body_Mass","g",2,2,"7.4","1.08","","Burger2019(Burger,secondary)=7.7 | Wilman2014(Wilman,secondary)=7.1"
"Rhinolophus cornutus","Body_Mass","g",2,2,"6.9","1.09","","Burger2019(Burger,secondary)=6.6 | Wilman2014(Wilman,secondary)=7.2"
"Rhinolophus eloquens","Body_Mass","g",2,2,"19.05","1","","Burger2019(Burger,secondary)=19.05 | Wilman2014(Wilman,secondary)=19.05"
"Rhinolophus hildebrandtii","Body_Mass","g",2,2,"27.545","1.12","","Burger2019(Burger,secondary)=29.1 | Wilman2014(Wilman,secondary)=25.99"
"Rhinolophus landeri","Body_Mass","g",2,2,"9.255","1.09","","Burger2019(Burger,secondary)=9.65 | Wilman2014(Wilman,secondary)=8.86"
"Rhinolophus lepidus","Body_Mass","g",2,2,"5.65","1.02","","Burger2019(Burger,secondary)=5.6 | Wilman2014(Wilman,secondary)=5.7"
"Rhinolophus luctus","Body_Mass","g",2,2,"33.675","1.01","","Burger2019(Burger,secondary)=33.9 | Wilman2014(Wilman,secondary)=33.45"
"Rhinolophus macrotis","Body_Mass","g",2,2,"6.225","1.02","","Burger2019(Burger,secondary)=6.3 | Wilman2014(Wilman,secondary)=6.15"
"Rhinolophus malayanus","Body_Mass","g",2,2,"6.55","1.05","","Burger2019(Burger,secondary)=6.4 | Wilman2014(Wilman,secondary)=6.7"
"Rhinolophus megaphyllus","Body_Mass","g",2,2,"9.93","1.03","","Burger2019(Burger,secondary)=9.8 | Wilman2014(Wilman,secondary)=10.06"
"Rhinolophus mehelyi","Body_Mass","g",2,2,"11.015","1.27","","Burger2019(Burger,secondary)=9.7 | Wilman2014(Wilman,secondary)=12.33"
"Rhinolophus paradoxolophus","Body_Mass","g",2,2,"8.77","1.13","","Burger2019(Burger,secondary)=9.3 | Wilman2014(Wilman,secondary)=8.24"
"Rhinolophus pearsonii","Body_Mass","g",2,2,"12.725","1.2","","Burger2019(Burger,secondary)=13.9 | Wilman2014(Wilman,secondary)=11.55"
"Rhinolophus pusillus","Body_Mass","g",2,2,"4.925","1.1","","Burger2019(Burger,secondary)=4.7 | Wilman2014(Wilman,secondary)=5.15"
"Rhinolophus robinsoni","Body_Mass","g",2,2,"8.5","1","","Burger2019(Burger,secondary)=8.5 | Wilman2014(Wilman,secondary)=8.5"
"Rhinolophus stheno","Body_Mass","g",2,2,"8.2","1.08","","Burger2019(Burger,secondary)=8.5 | Wilman2014(Wilman,secondary)=7.9"
"Rhinolophus thomasi","Body_Mass","g",2,2,"8.65","1.08","","Burger2019(Burger,secondary)=9.0 | Wilman2014(Wilman,secondary)=8.3"
"Rhinolophus trifoliatus","Body_Mass","g",2,2,"14.665","1.02","","Burger2019(Burger,secondary)=14.8 | Wilman2014(Wilman,secondary)=14.53"
"Rhinolophus yunanensis","Body_Mass","g",2,2,"21.6","1.19","","Burger2019(Burger,secondary)=23.5 | Wilman2014(Wilman,secondary)=19.7"
"Rhinopoma hardwickii","Body_Mass","g",2,2,"13","1.02","","Burger2019(Burger,secondary)=12.9 | Wilman2014(Wilman,secondary)=13.1"
"Rhinosciurus laticaudatus","Body_Mass","g",2,2,"234.125","1.05","","Burger2019(Burger,secondary)=240.0 | Wilman2014(Wilman,secondary)=228.25"
"Rhogeessa parvula","Body_Mass","g",2,2,"4.36","1","","Burger2019(Burger,secondary)=4.35 | Wilman2014(Wilman,secondary)=4.37"
"Rhogeessa tumida","Body_Mass","g",2,2,"4.815","1.1","","Burger2019(Burger,secondary)=5.05 | Wilman2014(Wilman,secondary)=4.58"
"Rhynchocyon petersi","Body_Mass","g",2,2,"397","1.15","","Burger2019(Burger,secondary)=370.0 | Wilman2014(Wilman,secondary)=424.0"
"Rhynchogale melleri","Body_Mass","g",2,2,"2610","1.09","","Burger2019(Burger,secondary)=2720.0 | Wilman2014(Wilman,secondary)=2500.0"
"Rhyncholestes raphanurus","Body_Mass","g",2,2,"22.25","1.12","","Burger2019(Burger,secondary)=23.5 | Wilman2014(Wilman,secondary)=21.0"
"Rhynchomeles prattorum","Body_Mass","g",2,2,"862.26","1.11","","Burger2019(Burger,secondary)=907.0 | Wilman2014(Wilman,secondary)=817.52"
"Rhynchonycteris naso","Body_Mass","g",2,2,"4.065","1.12","","Burger2019(Burger,secondary)=4.3 | Wilman2014(Wilman,secondary)=3.83"
"Rousettus madagascariensis","Body_Mass","g",2,2,"66.05","1.13","","Veilleux2014(Veilleux,secondary)=70.0 | Wilman2014(Wilman,secondary)=62.1"
"Rupicapra rupicapra","Body_Mass","g",2,2,"26633.5","1.04","","Burger2019(Burger,secondary)=27167.0 | Wilman2014(Wilman,secondary)=26100.0"
"Saccolaimus saccolaimus","Body_Mass","g",2,2,"42.4","1.03","","Burger2019(Burger,secondary)=43.0 | Wilman2014(Wilman,secondary)=41.8"
"Saccopteryx canescens","Body_Mass","g",2,2,"3.39","1.01","","Burger2019(Burger,secondary)=3.4 | Wilman2014(Wilman,secondary)=3.38"
"Saccostomus campestris","BMR_massspecific","mL O2/h/g",2,1,"0.6939","1.25","","Genoud2018(Genoud,secondary)=0.77 | Genoud2018(Genoud,secondary)=0.618"
"Saccostomus campestris","BMR_wholeanimal","mL O2/h",2,1,"47.76","1.02","","Genoud2018(Genoud,secondary)=47.28 | Genoud2018(Genoud,secondary)=48.24"
"Saguinus geoffroyi","BMR_massspecific","mL O2/h/g",2,2,"1.0409","1","","Isler2008(Isler,secondary)=1.04 | Genoud2018(Genoud,secondary)=1.042"
"Saguinus geoffroyi","BMR_wholeanimal","mL O2/h",2,2,"234.2","1","","Isler2008(Isler,secondary)=234.0 | Genoud2018(Genoud,secondary)=234.4"
"Saguinus imperator","Body_Mass","g",2,2,"446","1.11","","Heldstab2016(Heldstab,primary)=446.0 | Wilman2014(Wilman,secondary)=400.0"
"Saguinus mystax pileatus","Body_Mass","g",2,2,"524.5","1","","Powell2017(Powell,secondary)=524.5 | NA(10.6084%2Fm9.figshare.c.3899422.v1_Dataset1.tsv,secondary)=524.5"
"Saguinus oedipus","BMR_massspecific","mL O2/h/g",2,2,"0.898","1","","Isler2008(Isler,secondary)=0.899 | Genoud2018(Genoud,secondary)=0.897"
"Saguinus oedipus","BMR_wholeanimal","mL O2/h",2,2,"357.5","1.69","","Isler2008(Isler,secondary)=449.5 | Genoud2018(Genoud,secondary)=265.5"
"Saiga tatarica","Body_Mass","g",2,2,"33367.005","1.3","","Wimberly2021(Wimberly,secondary)=37734.01 | Wilman2014(Wilman,secondary)=29000.0"
"Saimiri boliviensis group","Body_Mass","g",2,1,"940","1.02","","Isler2008(Isler,secondary)=930.0 | Isler2008(Isler,secondary)=950.0"
"Saimiri sciureus","Gestation","days",2,2,"169.5","1.02","","Lewitus2014(Lewitus,secondary)=168.0 | Isler2008(Isler,secondary)=171.0"
"Saimiri sciureus","Weaning_age","days",2,2,"209.5","1.38","","Lewitus2014(Lewitus,secondary)=176.0 | Isler2008(Isler,secondary)=243.0"
"Salanoia concolor","Body_Mass","g",2,2,"715","1.2","","Burger2019(Burger,secondary)=780.0 | Wilman2014(Wilman,secondary)=650.0"
"Sauromys petrophilus","Body_Mass","g",2,2,"12.615","1.3","","Genoud2018(Genoud,secondary)=10.98 | Wilman2014(Wilman,secondary)=14.25"
"Scapanus latimanus","Body_Mass","g",2,2,"58","1.11","","Genoud2018(Genoud,secondary)=61.0 | Wilman2014(Wilman,secondary)=55.0"
"Scapanus orarius","Body_Mass","g",2,2,"61.2","1","","Genoud2018(Genoud,secondary)=61.2 | Wilman2014(Wilman,secondary)=61.2"
"Sciurocheirus alleni cameronensis","Body_Mass","g",2,2,"269","1","","Powell2017(Powell,secondary)=269.0 | NA(10.6084%2Fm9.figshare.c.3899422.v1_Dataset1.tsv,secondary)=269.0"
"Sciurocheirus gabonensis","Body_Mass","g",2,2,"260","1","","Powell2017(Powell,secondary)=260.0 | NA(10.6084%2Fm9.figshare.c.3899422.v1_Dataset1.tsv,secondary)=260.0"
"Sciurus aureogaster","Body_Mass","g",2,2,"595","1","","Burger2019(Burger,secondary)=595.0 | Wilman2014(Wilman,secondary)=595.0"
"Sciurus granatensis","Body_Mass","g",2,2,"325","1.6","","Burger2019(Burger,secondary)=400.0 | Wilman2014(Wilman,secondary)=250.0"
"Sciurus griseus","Body_Mass","g",2,2,"717.425","1.04","","Wimberly2021(Wimberly,secondary)=703.85 | Wilman2014(Wilman,secondary)=731.0"
"Sciurus variegatoides","Body_Mass","g",2,2,"307.5","3.73","DISAGREEMENT>2x","Genoud2018(Genoud,secondary)=130.0 | Wilman2014(Wilman,secondary)=485.0"
"Scotinomys teguina","Body_Mass","g",2,2,"11.625","1.07","","Genoud2018(Genoud,secondary)=12.0 | Wilman2014(Wilman,secondary)=11.25"
"Scotinomys xerampelinus","Body_Mass","g",2,2,"15.1","1.01","","Genoud2018(Genoud,secondary)=15.2 | Wilman2014(Wilman,secondary)=15.0"
"Scotomanes ornatus","Body_Mass","g",2,2,"21.8","1","","Burger2019(Burger,secondary)=21.8 | Wilman2014(Wilman,secondary)=21.8"
"Scotonycteris zenkeri","Body_Mass","g",2,2,"21.09","1.02","","Burger2019(Burger,secondary)=21.35 | Wilman2014(Wilman,secondary)=20.83"
"Scotophilus heathii","Body_Mass","g",2,2,"33.815","1.15","","Burger2019(Burger,secondary)=31.5 | Wilman2014(Wilman,secondary)=36.13"
"Scotophilus kuhlii","Body_Mass","g",2,2,"20.165","1.06","","Burger2019(Burger,secondary)=19.6 | Wilman2014(Wilman,secondary)=20.73"
"Scotophilus nigrita","Body_Mass","g",2,2,"101","1","","Burger2019(Burger,secondary)=101.0 | Wilman2014(Wilman,secondary)=101.0"
"Scotorepens sanborni","Body_Mass","g",2,2,"8.615","1.12","","Burger2019(Burger,secondary)=9.1 | Wilman2014(Wilman,secondary)=8.13"
"Scotozous dormeri","Body_Mass","g",2,2,"6.795","1","","Burger2019(Burger,secondary)=6.8 | Wilman2014(Wilman,secondary)=6.79"
"Semnopithecus hypoleucos","Body_Mass","g",2,2,"10078.325","1.01","","Burger2019(Burger,secondary)=10130.0 | Wilman2014(Wilman,secondary)=10026.65"
"Sergia filicta","Body_Mass","g",2,1,"1.011","1","","Haarlem2026(Haarlem,secondary)=1.011 | Haarlem2026(Haarlem,secondary)=1.011"
"Sicista betulina","Body_Mass","g",2,2,"9.75","1.44","","Genoud2018(Genoud,secondary)=11.5 | Wilman2014(Wilman,secondary)=8.0"
"Sigmodon alleni","Body_Mass","g",2,2,"149.55","1.49","","Genoud2018(Genoud,secondary)=120.1 | Wilman2014(Wilman,secondary)=179.0"
"Sigmodon fulviventer","BMR_massspecific","mL O2/h/g",2,1,"1.5049","1.05","","Genoud2018(Genoud,secondary)=1.47 | Genoud2018(Genoud,secondary)=1.54"
"Sigmodon fulviventer","BMR_wholeanimal","mL O2/h",2,1,"206.45","1.45","","Genoud2018(Genoud,secondary)=244.6 | Genoud2018(Genoud,secondary)=168.3"
"Sigmodon hirsutus","Body_Mass","g",2,2,"120.085","1.19","","Genoud2018(Genoud,secondary)=109.8 | Wilman2014(Wilman,secondary)=130.37"
"Sigmodon leucotis","Body_Mass","g",2,2,"132.05","1.05","","Genoud2018(Genoud,secondary)=128.6 | Wilman2014(Wilman,secondary)=135.5"
"Sigmodon mascotensis","Body_Mass","g",2,2,"118.1","1.03","","Genoud2018(Genoud,secondary)=116.2 | Wilman2014(Wilman,secondary)=120.0"
"Sigmodon ochrognathus","Body_Mass","g",2,2,"118.55","1.06","","Genoud2018(Genoud,secondary)=115.1 | Wilman2014(Wilman,secondary)=122.0"
"Sigmodon planifrons","Body_Mass","g",2,2,"142.985","1.19","","Genoud2018(Genoud,secondary)=155.6 | Wilman2014(Wilman,secondary)=130.37"
"Sigmodon toltecus","Body_Mass","g",2,2,"109.085","1.48","","Genoud2018(Genoud,secondary)=87.8 | Wilman2014(Wilman,secondary)=130.37"
"Sminthopsis bindi","Body_Mass","g",2,2,"15.25","1.35","","Burger2019(Burger,secondary)=13.0 | Wilman2014(Wilman,secondary)=17.5"
"Sminthopsis griseoventer","Body_Mass","g",2,2,"17.5","1","","Burger2019(Burger,secondary)=17.5 | Wilman2014(Wilman,secondary)=17.5"
"Sminthopsis hirtipes","Body_Mass","g",2,2,"17","1.27","","Burger2019(Burger,secondary)=19.0 | Wilman2014(Wilman,secondary)=15.0"
"Sminthopsis leucopus","Body_Mass","g",2,2,"24.25","1.16","","Burger2019(Burger,secondary)=22.5 | Wilman2014(Wilman,secondary)=26.0"
"Sminthopsis psammophila","Body_Mass","g",2,2,"38.55","1.3","","Genoud2018(Genoud,secondary)=43.6 | Wilman2014(Wilman,secondary)=33.5"
"Sminthopsis virginiae","Body_Mass","g",2,2,"40.625","1.3","","Burger2019(Burger,secondary)=46.0 | Wilman2014(Wilman,secondary)=35.25"
"Sorex alpinus","Body_Mass","g",2,2,"7.85","1.01","","Genoud2018(Genoud,secondary)=7.9 | Wilman2014(Wilman,secondary)=7.8"
"Sorex arcticus","Body_Mass","g",2,2,"8.175","1.01","","Burger2019(Burger,secondary)=8.2 | Wilman2014(Wilman,secondary)=8.15"
"Sorex coronatus","Body_Mass","g",2,2,"9.35","1.05","","Genoud2018(Genoud,secondary)=9.1 | Wilman2014(Wilman,secondary)=9.6"
"Sorex hoyi","Body_Mass","g",2,2,"2.815","1.18","","Burger2019(Burger,secondary)=3.05 | Wilman2014(Wilman,secondary)=2.58"
"Sorex monticolus","Body_Mass","g",2,2,"5.775","1.2","","Burger2019(Burger,secondary)=6.3 | Wilman2014(Wilman,secondary)=5.25"
"Sorex ornatus","BMR_massspecific","mL O2/h/g",2,1,"7.3596","1.77","","Genoud2018(Genoud,secondary)=5.319 | Genoud2018(Genoud,secondary)=9.4"
"Sorex ornatus","BMR_wholeanimal","mL O2/h",2,1,"42.58","2.41","DISAGREEMENT>2x","Genoud2018(Genoud,secondary)=25.0 | Genoud2018(Genoud,secondary)=60.16"
"Sorex trowbridgii","Body_Mass","g",2,2,"4.55","1.39","","Burger2019(Burger,secondary)=5.3 | Wilman2014(Wilman,secondary)=3.8"
"Spalax golani","Body_Mass","g",2,2,"214.425","2.21","DISAGREEMENT>2x","Genoud2018(Genoud,secondary)=133.8 | Wilman2014(Wilman,secondary)=295.05"
"Spalax judaei","BMR_massspecific","mL O2/h/g",2,1,"0.4499","2.21","DISAGREEMENT>2x","Genoud2018(Genoud,secondary)=0.62 | Genoud2018(Genoud,secondary)=0.28"
"Spalax judaei","BMR_wholeanimal","mL O2/h",2,1,"56.2","2.01","DISAGREEMENT>2x","Genoud2018(Genoud,secondary)=75.0 | Genoud2018(Genoud,secondary)=37.4"
"Spalax leucodon","BMR_massspecific","mL O2/h/g",2,1,"0.683","1.18","","Genoud2018(Genoud,secondary)=0.74 | Genoud2018(Genoud,secondary)=0.626"
"Spalax leucodon","BMR_wholeanimal","mL O2/h",2,1,"130.05","1.33","","Genoud2018(Genoud,secondary)=148.7 | Genoud2018(Genoud,secondary)=111.4"
"Speothos venaticus","Body_Mass","g",2,2,"5994.99","1","","Burger2019(Burger,secondary)=5990.0 | Wilman2014(Wilman,secondary)=5999.98"
"Spermophilopsis leptodactylus","Body_Mass","g",2,2,"547.5","1.21","","Burger2019(Burger,secondary)=495.0 | Wilman2014(Wilman,secondary)=600.0"
"Spermophilus adocetus","Body_Mass","g",2,2,"140.26","1.24","","Burger2019(Burger,secondary)=155.52 | Wilman2014(Wilman,secondary)=125.0"
"Spermophilus alashanicus","Body_Mass","g",2,2,"233.88","1.34","","Burger2019(Burger,secondary)=200.0 | Wilman2014(Wilman,secondary)=267.76"
"Spermophilus armatus","BMR_massspecific","mL O2/h/g",2,1,"0.5803","1.15","","Genoud2018(Genoud,secondary)=0.541 | Genoud2018(Genoud,secondary)=0.62"
"Spermophilus armatus","BMR_wholeanimal","mL O2/h",2,1,"177.95","1.15","","Genoud2018(Genoud,secondary)=165.6 | Genoud2018(Genoud,secondary)=190.3"
"Spermophilus atricapillus","Body_Mass","g",2,2,"489.25","1.29","","Burger2019(Burger,secondary)=427.5 | Wilman2014(Wilman,secondary)=551.0"
"Spermophilus beldingi","BMR_massspecific","mL O2/h/g",2,1,"0.5454","1.02","","Genoud2018(Genoud,secondary)=0.541 | Genoud2018(Genoud,secondary)=0.55"
"Spermophilus beldingi","BMR_wholeanimal","mL O2/h",2,1,"156.3","1.04","","Genoud2018(Genoud,secondary)=153.2 | Genoud2018(Genoud,secondary)=159.4"
"Spermophilus brunneus","Body_Mass","g",2,2,"208.4","2.57","DISAGREEMENT>2x","Burger2019(Burger,secondary)=116.8 | Wilman2014(Wilman,secondary)=300.0"
"Spermophilus canus","Body_Mass","g",2,2,"213.425","1.77","","Burger2019(Burger,secondary)=154.0 | Wilman2014(Wilman,secondary)=272.85"
"Spermophilus erythrogenys","Body_Mass","g",2,2,"302.905","1.38","","Burger2019(Burger,secondary)=351.0 | Wilman2014(Wilman,secondary)=254.81"
"Spermophilus fulvus","Body_Mass","g",2,2,"658","1.21","","Burger2019(Burger,secondary)=720.0 | Wilman2014(Wilman,secondary)=596.0"
"Spermophilus madrensis","Body_Mass","g",2,2,"213.25","1.82","","Burger2019(Burger,secondary)=151.5 | Wilman2014(Wilman,secondary)=275.0"
"Spermophilus major","Body_Mass","g",2,2,"402.035","1.99","","Burger2019(Burger,secondary)=535.0 | Wilman2014(Wilman,secondary)=269.07"
"Spermophilus mohavensis","BMR_massspecific","mL O2/h/g",2,1,"0.6509","1.8","","Genoud2018(Genoud,secondary)=0.465 | Genoud2018(Genoud,secondary)=0.837"
"Spermophilus mohavensis","BMR_wholeanimal","mL O2/h",2,1,"164.05","1.95","","Genoud2018(Genoud,secondary)=111.3 | Genoud2018(Genoud,secondary)=216.8"
"Spermophilus mollis","Body_Mass","g",2,2,"141.25","1.41","","Burger2019(Burger,secondary)=117.1 | Wilman2014(Wilman,secondary)=165.4"
"Spermophilus musicus","Body_Mass","g",2,2,"210.36","2.09","DISAGREEMENT>2x","Burger2019(Burger,secondary)=136.0 | Wilman2014(Wilman,secondary)=284.72"
"Spermophilus perotensis","Body_Mass","g",2,2,"140","1","","Burger2019(Burger,secondary)=140.0 | Wilman2014(Wilman,secondary)=140.0"
"Spermophilus pygmaeus","Body_Mass","g",2,2,"185.6","1.73","","Burger2019(Burger,secondary)=235.2 | Wilman2014(Wilman,secondary)=136.0"
"Spermophilus relictus","Body_Mass","g",2,2,"470.25","1.76","","Burger2019(Burger,secondary)=340.5 | Wilman2014(Wilman,secondary)=600.0"
"Spermophilus richardsonii","BMR_massspecific","mL O2/h/g",2,1,"0.5714","1.27","","Genoud2018(Genoud,secondary)=0.503 | Genoud2018(Genoud,secondary)=0.64"
"Spermophilus richardsonii","BMR_wholeanimal","mL O2/h",2,1,"145.8","1.24","","Genoud2018(Genoud,secondary)=130.1 | Genoud2018(Genoud,secondary)=161.5"
"Spermophilus suslicus","Body_Mass","g",2,2,"235.1","1.15","","Burger2019(Burger,secondary)=218.2 | Wilman2014(Wilman,secondary)=252.0"
"Spermophilus townsendii","BMR_massspecific","mL O2/h/g",2,1,"0.568","1.03","","Genoud2018(Genoud,secondary)=0.576 | Genoud2018(Genoud,secondary)=0.56"
"Spermophilus townsendii","BMR_wholeanimal","mL O2/h",2,1,"121.9","1.13","","Genoud2018(Genoud,secondary)=114.4 | Genoud2018(Genoud,secondary)=129.4"
"Spermophilus undulatus","BMR_massspecific","mL O2/h/g",2,1,"0.9574","1.21","","Genoud2018(Genoud,secondary)=1.05 | Genoud2018(Genoud,secondary)=0.865"
"Spermophilus undulatus","BMR_wholeanimal","mL O2/h",2,1,"556.5","1.12","","Genoud2018(Genoud,secondary)=525.0 | Genoud2018(Genoud,secondary)=588.0"
"Spermophilus washingtoni","Body_Mass","g",2,2,"197","1.11","","Burger2019(Burger,secondary)=186.5 | Wilman2014(Wilman,secondary)=207.5"
"Sphaerias blanfordi","Body_Mass","g",2,2,"28.84","1.05","","Burger2019(Burger,secondary)=29.5 | Wilman2014(Wilman,secondary)=28.18"
"Sphaeronycteris toxophyllum","Body_Mass","g",2,2,"16.865","1.08","","Burger2019(Burger,secondary)=17.55 | Wilman2014(Wilman,secondary)=16.18"
"Sphiggurus vestitus","Body_Mass","g",2,2,"736","1","","Burger2019(Burger,secondary)=736.0 | Wilman2014(Wilman,secondary)=736.0"
"Sphiggurus villosus","Body_Mass","g",2,2,"1281.005","2.16","DISAGREEMENT>2x","Genoud2018(Genoud,secondary)=812.0 | Wilman2014(Wilman,secondary)=1750.01"
"Spilocuscus kraemeri","Body_Mass","g",2,2,"3541.195","3.58","DISAGREEMENT>2x","Burger2019(Burger,secondary)=1547.0 | Wilman2014(Wilman,secondary)=5535.39"
"Spilocuscus maculatus","BMR_massspecific","mL O2/h/g",2,1,"0.249","1.08","","Genoud2018(Genoud,secondary)=0.24 | Genoud2018(Genoud,secondary)=0.258"
"Spilocuscus maculatus","BMR_wholeanimal","mL O2/h",2,1,"1025.8","1.01","","Genoud2018(Genoud,secondary)=1020.0 | Genoud2018(Genoud,secondary)=1031.6"
"Spilocuscus rufoniger","Body_Mass","g",2,2,"6000","1","","Burger2019(Burger,secondary)=6000.0 | Wilman2014(Wilman,secondary)=6000.0"
"Spilogale gracilis","Body_Mass","g",2,2,"443.25","1.11","","Burger2019(Burger,secondary)=420.0 | Wilman2014(Wilman,secondary)=466.5"
"Steatomys pratensis","BMR_massspecific","mL O2/h/g",2,1,"0.9075","2.63","DISAGREEMENT>2x","Genoud2018(Genoud,secondary)=1.315 | Genoud2018(Genoud,secondary)=0.5"
"Steatomys pratensis","BMR_wholeanimal","mL O2/h",2,1,"27.465","1.93","","Genoud2018(Genoud,secondary)=36.16 | Genoud2018(Genoud,secondary)=18.77"
"Stenella attenuata","Body_Mass","g",2,2,"61507.265","1.14","","Burger2019(Burger,secondary)=65614.53 | Wilman2014(Wilman,secondary)=57400.0"
"Stenella longirostris","Body_Mass","g",2,2,"42050","1.5","","Burger2019(Burger,secondary)=33600.0 | Wilman2014(Wilman,secondary)=50500.0"
"Steno bredanensis","Body_Mass","g",2,2,"126915.45","1.05","","Burger2019(Burger,secondary)=123830.9 | Wilman2014(Wilman,secondary)=130000.0"
"Stochomys longicaudatus","Body_Mass","g",2,2,"80.125","1.26","","Genoud2018(Genoud,secondary)=89.3 | Wilman2014(Wilman,secondary)=70.95"
"Strigocuscus pelengensis","Body_Mass","g",2,2,"745.5","1.98","","Burger2019(Burger,secondary)=991.0 | Wilman2014(Wilman,secondary)=500.0"
"Sturnira erythromos","Body_Mass","g",2,2,"15.5","1.05","","Genoud2018(Genoud,secondary)=15.9 | Wilman2014(Wilman,secondary)=15.1"
"Sturnira ludovici","Body_Mass","g",2,2,"23.46","1.23","","Burger2019(Burger,secondary)=25.9 | Wilman2014(Wilman,secondary)=21.02"
"Sturnus vulgaris","Body_Mass","g",2,2,"73.0733","1.06","","Haarlem2026(Haarlem,secondary)=77.675 | Olkowicz2016(Olkowicz,primary)=73.073"
"Subgenus Cebuella","Body_Mass","g",2,1,"99.5","1.52","","Isler2008(Isler,secondary)=79.0 | Isler2008(Isler,secondary)=120.0"
"Sundamys muelleri","Body_Mass","g",2,2,"293.635","1.13","","Burger2019(Burger,secondary)=311.6 | Wilman2014(Wilman,secondary)=275.67"
"Surdisorex polulus","Body_Mass","g",2,2,"13.8","2.07","DISAGREEMENT>2x","Burger2019(Burger,secondary)=18.6 | Wilman2014(Wilman,secondary)=9.0"
"Swallow (Hirundo rustica)","Body_Mass","g",2,1,"19","1.11","","Krompecher1966(Krompecher,secondary)=18.0 | Krompecher1966(Krompecher,secondary)=20.0"
"Sylvicapra grimmia","Body_Mass","g",2,2,"16062.395","1.54","","Burger2019(Burger,secondary)=12625.0 | Wilman2014(Wilman,secondary)=19499.79"
"Sylvilagus bachmani","Body_Mass","g",2,2,"677.825","1.11","","Burger2019(Burger,secondary)=712.4 | Wilman2014(Wilman,secondary)=643.25"
"Sylvilagus brasiliensis","Body_Mass","g",2,2,"694.495","2.16","DISAGREEMENT>2x","Burger2019(Burger,secondary)=439.0 | Wilman2014(Wilman,secondary)=949.99"
"Synaptomys cooperi","Body_Mass","g",2,2,"27.86","1.34","","Burger2019(Burger,secondary)=23.8 | Wilman2014(Wilman,secondary)=31.92"
"Syncerus caffer","Body_Mass","g",2,2,"622721.34","1.15","","Burger2019(Burger,secondary)=665440.0 | Wilman2014(Wilman,secondary)=580002.68"
"Systellaspis debilis","Body_Mass","g",2,1,"3.315","4.53","DISAGREEMENT>2x","Haarlem2026(Haarlem,secondary)=5.43 | Haarlem2026(Haarlem,secondary)=1.2"
"Tamandua mexicana","BMR_massspecific","mL O2/h/g",2,1,"0.231","1.29","","Genoud2018(Genoud,secondary)=0.26 | Genoud2018(Genoud,secondary)=0.202"
"Tamandua mexicana","BMR_wholeanimal","mL O2/h",2,1,"880.2","1.07","","Genoud2018(Genoud,secondary)=910.0 | Genoud2018(Genoud,secondary)=850.4"
"Tamias alpinus","Body_Mass","g",2,2,"37.825","1.07","","Genoud2018(Genoud,secondary)=39.1 | Wilman2014(Wilman,secondary)=36.55"
"Tamias cinereicollis","Body_Mass","g",2,2,"61.7","1","","Burger2019(Burger,secondary)=61.7 | Wilman2014(Wilman,secondary)=61.7"
"Tamias dorsalis","Body_Mass","g",2,2,"66.65","1.14","","Burger2019(Burger,secondary)=62.2 | Wilman2014(Wilman,secondary)=71.1"
"Tamias merriami","Body_Mass","g",2,2,"74.9","1","","Genoud2018(Genoud,secondary)=75.0 | Wilman2014(Wilman,secondary)=74.8"
"Tamias panamintinus","Body_Mass","g",2,2,"51.75","1.02","","Burger2019(Burger,secondary)=51.2 | Wilman2014(Wilman,secondary)=52.3"
"Tamias quadrimaculatus","Body_Mass","g",2,2,"83.775","1.04","","Burger2019(Burger,secondary)=82.3 | Wilman2014(Wilman,secondary)=85.25"
"Tamias quadrivittatus","Body_Mass","g",2,2,"62.25","1","","Burger2019(Burger,secondary)=62.3 | Wilman2014(Wilman,secondary)=62.2"
"Tamias townsendii","Body_Mass","g",2,2,"82.09","1.2","","Burger2019(Burger,secondary)=89.4 | Wilman2014(Wilman,secondary)=74.78"
"Tamiops mcclellandii","Body_Mass","g",2,2,"42.42","1.18","","Burger2019(Burger,secondary)=39.0 | Wilman2014(Wilman,secondary)=45.84"
"Taphozous australis","Body_Mass","g",2,2,"22.9","1","","Burger2019(Burger,secondary)=22.9 | Wilman2014(Wilman,secondary)=22.9"
"Taphozous georgianus","Body_Mass","g",2,2,"28.83","1.08","","Veilleux2014(Veilleux,secondary)=30.0 | Wilman2014(Wilman,secondary)=27.66"
"Taphozous hildegardeae","Body_Mass","g",2,2,"28.525","1.08","","Burger2019(Burger,secondary)=27.45 | Wilman2014(Wilman,secondary)=29.6"
"Taphozous longimanus","Body_Mass","g",2,2,"25.06","1.16","","Burger2019(Burger,secondary)=23.2 | Wilman2014(Wilman,secondary)=26.92"
"Taphozous melanopogon","Body_Mass","g",2,2,"24.32","1.14","","Burger2019(Burger,secondary)=22.7 | Wilman2014(Wilman,secondary)=25.94"
"Taphozous theobaldi","Body_Mass","g",2,2,"39.8","1","","Burger2019(Burger,secondary)=39.8 | Wilman2014(Wilman,secondary)=39.8"
"Tarsipes rostratus","BMR_massspecific","mL O2/h/g",2,1,"2.7093","1.15","","Genoud2018(Genoud,secondary)=2.9 | Genoud2018(Genoud,secondary)=2.519"
"Tarsipes rostratus","BMR_wholeanimal","mL O2/h",2,1,"21.3","2.13","DISAGREEMENT>2x","Genoud2018(Genoud,secondary)=29.0 | Genoud2018(Genoud,secondary)=13.6"
"Tarsius","Body_Mass","g",2,1,"120","1","","Heffner1983(Heffner,primary)=120.0 | Heffner1975(Heffner,primary)=120.0"
"Tarsius syrichta","Gestation","days",2,2,"178.5","1.01","","Lewitus2014(Lewitus,secondary)=179.0 | Isler2008(Isler,secondary)=178.0"
"Tarsius syrichta","Weaning_age","days",2,2,"74.6667","1.2","","Lewitus2014(Lewitus,secondary)=81.333 | Isler2008(Isler,secondary)=68.0"
"Taurotragus derbianus","Body_Mass","g",2,2,"790000","1.32","","Burger2019(Burger,secondary)=9e+05 | Wilman2014(Wilman,secondary)=680000.0"
"Tayassu pecari","Body_Mass","g",2,2,"32233.51","1","","Burger2019(Burger,secondary)=32233.33 | Wilman2014(Wilman,secondary)=32233.69"
"Thomomys bulbivorus","Body_Mass","g",2,2,"351.95","1.05","","Burger2019(Burger,secondary)=344.0 | Wilman2014(Wilman,secondary)=359.9"
"Thomomys townsendii","Body_Mass","g",2,2,"256.175","1.06","","Genoud2018(Genoud,secondary)=249.0 | Wilman2014(Wilman,secondary)=263.35"
"Thomomys umbrinus","Body_Mass","g",2,2,"130.65","1.74","","Genoud2018(Genoud,secondary)=95.3 | Wilman2014(Wilman,secondary)=166.0"
"Thrichomys apereoides","Body_Mass","g",2,2,"331","1.05","","Genoud2018(Genoud,secondary)=323.0 | Wilman2014(Wilman,secondary)=339.0"
"Thryonomys swinderianus","Body_Mass","g",2,2,"2402.51","1.96","","Burger2019(Burger,secondary)=1625.0 | Wilman2014(Wilman,secondary)=3180.02"
"Thunnus albacares","Body_Mass","g",2,1,"35714.42","1","","Haarlem2026(Haarlem,secondary)=35714.42 | Haarlem2026(Haarlem,secondary)=35714.42"
"Thylamys pallidior","Body_Mass","g",2,2,"17.8","1.39","","Burger2019(Burger,secondary)=20.7 | Wilman2014(Wilman,secondary)=14.9"
"Thylogale billardierii","Body_Mass","g",2,2,"5450","1","","Burger2019(Burger,secondary)=5450.0 | Wilman2014(Wilman,secondary)=5450.0"
"Thylogale browni","Body_Mass","g",2,2,"5478","1","","Burger2019(Burger,secondary)=5478.0 | Wilman2014(Wilman,secondary)=5478.0"
"Thylogale brunii","Body_Mass","g",2,2,"3620","1","","Burger2019(Burger,secondary)=3620.0 | Wilman2014(Wilman,secondary)=3620.0"
"Thylogale stigmatica","Body_Mass","g",2,2,"4600","1","","Burger2019(Burger,secondary)=4600.0 | Wilman2014(Wilman,secondary)=4600.0"
"Thylogale thetis","Body_Mass","g",2,2,"5400","1","","Burger2019(Burger,secondary)=5400.0 | Wilman2014(Wilman,secondary)=5400.0"
"Thyroptera tricolor","Body_Mass","g",2,2,"4.43","1.03","","Burger2019(Burger,secondary)=4.5 | Wilman2014(Wilman,secondary)=4.36"
"Trachops cirrhosus","Body_Mass","g",2,2,"37.06","1.03","","Burger2019(Burger,secondary)=36.45 | Wilman2014(Wilman,secondary)=37.67"
"Trachypithecus delacouri","Body_Mass","g",2,2,"8358.23","1.04","","Wimberly2021(Wimberly,secondary)=8200.0 | Wilman2014(Wilman,secondary)=8516.46"
"Trachypithecus germaini","Body_Mass","g",2,2,"7793.98","1.2","","Burger2019(Burger,secondary)=7071.5 | Wilman2014(Wilman,secondary)=8516.46"
"Trachypithecus hatinhensis","Body_Mass","g",2,2,"8608.23","1.02","","Wimberly2021(Wimberly,secondary)=8700.0 | Wilman2014(Wilman,secondary)=8516.46"
"Trachypithecus pileatus group","Body_Mass","g",2,1,"11793.5","1.08","","Isler2008(Isler,secondary)=11340.0 | Isler2008(Isler,secondary)=12247.0"
"Tragelaphus angasii","Body_Mass","g",2,2,"111800.21","1.58","","Burger2019(Burger,secondary)=137000.0 | Wilman2014(Wilman,secondary)=86600.42"
"Tragelaphus buxtoni","Body_Mass","g",2,2,"247500.38","1.3","","Burger2019(Burger,secondary)=280000.0 | Wilman2014(Wilman,secondary)=215000.76"
"Tragelaphus eurycerus","Body_Mass","g",2,2,"291001.555","1.3","","Burger2019(Burger,secondary)=253000.0 | Wilman2014(Wilman,secondary)=329003.11"
"Tragelaphus imberbis","Body_Mass","g",2,2,"113287.775","1.78","","Burger2019(Burger,secondary)=145000.0 | Wilman2014(Wilman,secondary)=81575.55"
"Tragelaphus scriptus","Body_Mass","g",2,2,"43737.695","1.02","","Burger2019(Burger,secondary)=44225.0 | Wilman2014(Wilman,secondary)=43250.39"
"Tragelaphus spekii","Body_Mass","g",2,2,"59999.585","1.86","","Burger2019(Burger,secondary)=42000.0 | Wilman2014(Wilman,secondary)=77999.17"
"Tragulus napu","Body_Mass","g",2,2,"3730","1.97","","Burger2019(Burger,secondary)=2510.0 | Wilman2014(Wilman,secondary)=4950.0"
"Triaenops persicus","Body_Mass","g",2,2,"13.14","1.09","","Burger2019(Burger,secondary)=13.7 | Wilman2014(Wilman,secondary)=12.58"
"Trichechus inunguis","BMR_massspecific","mL O2/h/g",2,1,"0.0495","1.02","","Genoud2018(Genoud,secondary)=0.05 | Genoud2018(Genoud,secondary)=0.049"
"Trichechus inunguis","BMR_wholeanimal","mL O2/h",2,1,"8405.5","1.03","","Genoud2018(Genoud,secondary)=8531.0 | Genoud2018(Genoud,secondary)=8280.0"
"Trichechus manatus","BMR_massspecific","mL O2/h/g",2,1,"0.0583","3.54","DISAGREEMENT>2x","Genoud2018(Genoud,secondary)=0.091 | Genoud2018(Genoud,secondary)=0.026"
"Trichechus manatus","BMR_wholeanimal","mL O2/h",2,1,"20496","2.73","DISAGREEMENT>2x","Genoud2018(Genoud,secondary)=30000.0 | Genoud2018(Genoud,secondary)=10992.0"
"Trichosurus caninus","Body_Mass","g",2,2,"3200","1.21","","Burger2019(Burger,secondary)=2900.0 | Wilman2014(Wilman,secondary)=3500.0"
"Trichys fasciculata","Body_Mass","g",2,2,"1607.5","1.06","","Burger2019(Burger,secondary)=1560.0 | Wilman2014(Wilman,secondary)=1655.0"
"Tupaia javanica","Body_Mass","g",2,2,"92.5","1.31","","Burger2019(Burger,secondary)=80.0 | Wilman2014(Wilman,secondary)=105.0"
"Tupaia tana","Body_Mass","g",2,2,"190.08","1.09","","Wimberly2021(Wimberly,secondary)=182.33 | Wilman2014(Wilman,secondary)=197.83"
"Tursiops aduncus","Body_Mass","g",2,2,"158075","1.24","","Burger2019(Burger,secondary)=141150.0 | Wilman2014(Wilman,secondary)=175000.0"
"Tylonycteris pachypus","Body_Mass","g",2,2,"4.09","1.28","","Burger2019(Burger,secondary)=4.6 | Wilman2014(Wilman,secondary)=3.58"
"Tylonycteris robustula","Body_Mass","g",2,2,"7.61","1","","Burger2019(Burger,secondary)=7.6 | Wilman2014(Wilman,secondary)=7.62"
"Tympanoctomys barrerae","Body_Mass","g",2,2,"70.7","1.02","","Genoud2018(Genoud,secondary)=71.4 | Wilman2014(Wilman,secondary)=70.0"
"Uncia uncia","Body_Mass","g",2,2,"38333.5","1.36","","Burger2019(Burger,secondary)=32500.0 | Wilman2014(Wilman,secondary)=44167.0"
"Uranomys ruddi","Body_Mass","g",2,2,"37.015","1.2","","Burger2019(Burger,secondary)=33.6 | Wilman2014(Wilman,secondary)=40.43"
"Urocyon cinereoargenteus","Body_Mass","g",2,2,"3791.36","1.02","","Burger2019(Burger,secondary)=3749.0 | Wilman2014(Wilman,secondary)=3833.72"
"Urocyon littoralis","Body_Mass","g",2,2,"1896","1","","Burger2019(Burger,secondary)=1896.0 | Wilman2014(Wilman,secondary)=1896.0"
"Uromys caudimaculatus","Body_Mass","g",2,2,"712.875","1.35","","Genoud2018(Genoud,secondary)=819.0 | Wilman2014(Wilman,secondary)=606.75"
"Ursus arctos","BMR_massspecific","mL O2/h/g",2,1,"0.1222","1.1","","Genoud2018(Genoud,secondary)=0.116 | Genoud2018(Genoud,secondary)=0.128"
"Ursus arctos","BMR_wholeanimal","mL O2/h",2,1,"18593.5","1.14","","Genoud2018(Genoud,secondary)=19787.0 | Genoud2018(Genoud,secondary)=17400.0"
"Ursus thibetanus","Body_Mass","g",2,2,"73680","1.11","","Burger2019(Burger,secondary)=69860.0 | Wilman2014(Wilman,secondary)=77500.0"
"Vampyressa nymphaea","Body_Mass","g",2,2,"11.15","1.12","","Genoud2018(Genoud,secondary)=10.5 | Wilman2014(Wilman,secondary)=11.8"
"Vampyrodes caraccioli","Body_Mass","g",2,2,"37.2","1.14","","Burger2019(Burger,secondary)=39.7 | Wilman2014(Wilman,secondary)=34.7"
"Vampyrum spectrum","Body_Mass","g",2,2,"174.325","1.08","","Burger2019(Burger,secondary)=181.0 | Wilman2014(Wilman,secondary)=167.65"
"Varecia variegata","Gestation","days",2,2,"110.75","1.17","","Lewitus2014(Lewitus,secondary)=119.5 | Isler2008(Isler,secondary)=102.0"
"Varecia variegata","Weaning_age","days",2,2,"127.625","1.34","","Lewitus2014(Lewitus,secondary)=109.25 | Isler2008(Isler,secondary)=146.0"
"Vespadelus pumilus","Body_Mass","g",2,2,"5.425","1.01","","Burger2019(Burger,secondary)=5.45 | Wilman2014(Wilman,secondary)=5.4"
"Vespertilio murinus","Body_Mass","g",2,2,"26","1.78","","Burger2019(Burger,secondary)=33.3 | Wilman2014(Wilman,secondary)=18.7"
"Vicugna vicugna","Body_Mass","g",2,2,"46857.305","1.03","","Burger2019(Burger,secondary)=46215.0 | Wilman2014(Wilman,secondary)=47499.61"
"Viverra civettina","Body_Mass","g",2,2,"10646.905","1.51","","Burger2019(Burger,secondary)=8500.0 | Wilman2014(Wilman,secondary)=12793.81"
"Viverra megaspila","Body_Mass","g",2,2,"8875","1.09","","Burger2019(Burger,secondary)=8500.0 | Wilman2014(Wilman,secondary)=9250.0"
"Viverra tangalunga","Body_Mass","g",2,2,"5797.5","1.46","","Burger2019(Burger,secondary)=4710.0 | Wilman2014(Wilman,secondary)=6885.0"
"Viverra zibetha","Body_Mass","g",2,2,"9000","1.12","","Burger2019(Burger,secondary)=8500.0 | Wilman2014(Wilman,secondary)=9500.0"
"Viverricula indica","Body_Mass","g",2,2,"2784.215","1.09","","Burger2019(Burger,secondary)=2660.0 | Wilman2014(Wilman,secondary)=2908.43"
"Vormela peregusna","Body_Mass","g",2,2,"449.19","1.01","","Burger2019(Burger,secondary)=448.0 | Wilman2014(Wilman,secondary)=450.38"
"Vulpes bengalensis","Body_Mass","g",2,2,"2493","1.21","","Burger2019(Burger,secondary)=2260.0 | Wilman2014(Wilman,secondary)=2726.0"
"Vulpes cana","Body_Mass","g",2,2,"1110.925","1.37","","Genoud2018(Genoud,secondary)=1285.0 | Wilman2014(Wilman,secondary)=936.85"
"Vulpes chama","Body_Mass","g",2,2,"2955.01","1","","Burger2019(Burger,secondary)=2955.0 | Wilman2014(Wilman,secondary)=2955.02"
"Vulpes macrotis","Body_Mass","g",2,2,"3134.485","2.54","DISAGREEMENT>2x","Genoud2018(Genoud,secondary)=1769.0 | Wilman2014(Wilman,secondary)=4499.97"
"Vulpes pallida","Body_Mass","g",2,2,"3200.005","1.29","","Burger2019(Burger,secondary)=3600.0 | Wilman2014(Wilman,secondary)=2800.01"
"Vulpes velox","Body_Mass","g",2,2,"2271.255","1.07","","Burger2019(Burger,secondary)=2345.0 | Wilman2014(Wilman,secondary)=2197.51"
"Vulpes zerda","BMR_massspecific","mL O2/h/g",2,1,"0.419","1.34","","Genoud2018(Genoud,secondary)=0.358 | Genoud2018(Genoud,secondary)=0.48"
"Vulpes zerda","BMR_wholeanimal","mL O2/h",2,1,"489.6","1.47","","Genoud2018(Genoud,secondary)=396.0 | Genoud2018(Genoud,secondary)=583.2"
"Wallabia bicolor","Body_Mass","g",2,2,"15000","1","","Burger2019(Burger,secondary)=15000.0 | Wilman2014(Wilman,secondary)=15000.0"
"White mouse (mus musculus albus)","Body_Mass","g",2,1,"18.05","1.19","","Krompecher1966(Krompecher,secondary)=16.5 | Krompecher1966(Krompecher,secondary)=19.6"
"White rat (Mus decom. alb.)","Body_Mass","g",2,1,"117.25","10.17","DISAGREEMENT>2x","Krompecher1966(Krompecher,secondary)=213.5 | Krompecher1966(Krompecher,secondary)=21.0"
"Wyulda squamicaudata","Body_Mass","g",2,2,"1675","1","","Burger2019(Burger,secondary)=1675.0 | Wilman2014(Wilman,secondary)=1675.0"
"Xerus erythropus","Body_Mass","g",2,2,"612.45","1.44","","Burger2019(Burger,secondary)=722.5 | Wilman2014(Wilman,secondary)=502.4"
"Xerus inauris","BMR_massspecific","mL O2/h/g",2,1,"0.5967","1.02","","Genoud2018(Genoud,secondary)=0.602 | Genoud2018(Genoud,secondary)=0.591"
"Xerus inauris","BMR_wholeanimal","mL O2/h",2,1,"329.85","1.08","","Genoud2018(Genoud,secondary)=317.9 | Genoud2018(Genoud,secondary)=341.8"
"Xerus princeps","Body_Mass","g",2,2,"622","1.05","","Genoud2018(Genoud,secondary)=608.0 | Wilman2014(Wilman,secondary)=636.0"
"Xerus rutilus","Body_Mass","g",2,2,"317.5","1","","Burger2019(Burger,secondary)=317.5 | Wilman2014(Wilman,secondary)=317.5"
"Zaglossus bruijni","BMR_massspecific","mL O2/h/g",2,1,"0.0995","1.46","","Genoud2018(Genoud,secondary)=0.081 | Genoud2018(Genoud,secondary)=0.118"
"Zaglossus bruijni","BMR_wholeanimal","mL O2/h",2,1,"1159.1","1.1","","Genoud2018(Genoud,secondary)=1102.8 | Genoud2018(Genoud,secondary)=1215.4"
"Zalophus wollebaeki","Body_Mass","g",2,2,"119000","1.98","","Wimberly2021(Wimberly,secondary)=158000.0 | Wilman2014(Wilman,secondary)=80000.0"
"Zapus trinotatus","Body_Mass","g",2,2,"27.5","1","","Burger2019(Burger,secondary)=27.5 | Wilman2014(Wilman,secondary)=27.5"
"Zygogeomys trichopus","Body_Mass","g",2,2,"522.5","1.09","","Burger2019(Burger,secondary)=545.0 | Wilman2014(Wilman,secondary)=500.0"
"east-central group","Body_Mass","g",2,1,"14742","1.6","","Isler2008(Isler,secondary)=11340.0 | Isler2008(Isler,secondary)=18144.0"
