Species,ref_column,Variable,reference,merged,status,ratio,likely,merge_source,merge_year,beat
Pongo sp.,Agranular_volume_L,Agranular_insular_cortex_left_Vol.mm3,321.5,254.75,DIFFERS,0.7923794712286159,NA,Bauernfeind_etal_2013_Table1,2013,NA
Pongo sp.,Agranular_volume_L,Agranular_insular_cortex_left_Vol.mm3,188,254.75,DIFFERS,1.3550531914893618,NA,Bauernfeind_etal_2013_Table1,2013,NA
Gorilla sp.,ASG_Sousa,Area_striata_grey_matter_Vol.mm3,9129,12062,DIFFERS,1.3212838207908861,NA,Frahm_etal_1984_Table1,1984,NA
Homo sapiens,ASG_Sousa,Area_striata_grey_matter_Vol.mm3,15247.5,14787,DIFFERS,0.9697983275946876,NA,Frahm_etal_1984_Table1,1984,NA
Hylobates lar,ASG_Sousa,Area_striata_grey_matter_Vol.mm3,4086.7,4574,DIFFERS,1.1192404629652286,NA,Frahm_etal_1984_Table1,1984,NA
Pan troglodytes,ASG_Sousa,Area_striata_grey_matter_Vol.mm3,8268.3,10593,DIFFERS,1.2811581582671168,NA,Frahm_etal_1984_Table1,1984,NA
Pongo sp.,ASG_Sousa,Area_striata_grey_matter_Vol.mm3,8233.7,8400,DIFFERS,1.0201974810838383,NA,Zilles_Rehkämper_1988_Table12-2,1988,NA
Alouatta seniculus,Primary.visual.White.Smaers,Area_striata_white_matter_Vol.mm3,0.54,543,DIFFERS,1005.5555555555555,x1000 (cm3 vs mm3),Frahm_etal_1984_Table1,1984,NA
Ateles geoffroyi,Primary.visual.White.Smaers,Area_striata_white_matter_Vol.mm3,0.99,985,DIFFERS,994.9494949494949,x1000 (cm3 vs mm3),Frahm_etal_1984_Table1,1984,NA
Cebus albifrons,Primary.visual.White.Smaers,Area_striata_white_matter_Vol.mm3,0.94,939,DIFFERS,998.936170212766,x1000 (cm3 vs mm3),Frahm_etal_1984_Table1,1984,NA
Cercopithecus ascanius,Primary.visual.White.Smaers,Area_striata_white_matter_Vol.mm3,0.83,834,DIFFERS,1004.8192771084338,x1000 (cm3 vs mm3),Frahm_etal_1984_Table1,1984,NA
Cercopithecus mitis,Primary.visual.White.Smaers,Area_striata_white_matter_Vol.mm3,1.04,1042,DIFFERS,1001.9230769230769,x1000 (cm3 vs mm3),Frahm_etal_1984_Table1,1984,NA
Gorilla sp.,Primary.visual.White.Smaers,Area_striata_white_matter_Vol.mm3,3.12,3123,DIFFERS,1000.9615384615385,x1000 (cm3 vs mm3),Frahm_etal_1984_Table1,1984,NA
Homo sapiens,Primary.visual.White.Smaers,Area_striata_white_matter_Vol.mm3,5.44,5439,DIFFERS,999.8161764705882,x1000 (cm3 vs mm3),Frahm_etal_1984_Table1,1984,NA
Hylobates lar,Primary.visual.White.Smaers,Area_striata_white_matter_Vol.mm3,1.18,1176,DIFFERS,996.6101694915254,x1000 (cm3 vs mm3),Frahm_etal_1984_Table1,1984,NA
Lagothrix lagothricha,Primary.visual.White.Smaers,Area_striata_white_matter_Vol.mm3,1.23,1226,DIFFERS,996.7479674796748,x1000 (cm3 vs mm3),Frahm_etal_1984_Table1,1984,NA
Lophocebus albigena,Primary.visual.White.Smaers,Area_striata_white_matter_Vol.mm3,1.41,1411,DIFFERS,1000.7092198581561,x1000 (cm3 vs mm3),Frahm_etal_1984_Table1,1984,NA
Miopithecus talapoin,Primary.visual.White.Smaers,Area_striata_white_matter_Vol.mm3,0.71,709,DIFFERS,998.5915492957747,x1000 (cm3 vs mm3),Frahm_etal_1984_Table1,1984,NA
Pan troglodytes,Primary.visual.White.Smaers,Area_striata_white_matter_Vol.mm3,4,4004,DIFFERS,1001,x1000 (cm3 vs mm3),Frahm_etal_1984_Table1,1984,NA
Papio anubis,Primary.visual.White.Smaers,Area_striata_white_matter_Vol.mm3,3.74,3740,DIFFERS,999.9999999999999,x1000 (cm3 vs mm3),Frahm_etal_1984_Table1,1984,NA
Piliocolobus badius,Primary.visual.White.Smaers,Area_striata_white_matter_Vol.mm3,0.93,926,DIFFERS,995.6989247311827,x1000 (cm3 vs mm3),Frahm_etal_1984_Table1,1984,NA
Pongo sp.,Body_weight,Body_Mass.g,35600,46325,DIFFERS,1.3012640449438202,NA,Bauernfeind_etal_2013_Table1,2013,NA
Pongo sp.,Body_weight,Body_Mass.g,57050,46325,DIFFERS,0.8120070113935145,NA,Bauernfeind_etal_2013_Table1,2013,NA
Alouatta caraya,Brain_weight,Brain_Mass.mg,55800,55.8,DIFFERS,0.001,/1000 (mm3 vs cm3),Bauernfeind_etal_2013_Table1,2013,NA
Cercocebus agilis,Brain_weight,Brain_Mass.mg,95300,95.3,DIFFERS,0.001,/1000 (mm3 vs cm3),Bauernfeind_etal_2013_Table1,2013,NA
Colobus angolensis,Brain_weight,Brain_Mass.mg,74400,74.4,DIFFERS,0.001,/1000 (mm3 vs cm3),Bauernfeind_etal_2013_Table1,2013,deSousa_etal_2013_Table1 (2013) = 74400
Hylobates muelleri,Brain_weight,Brain_Mass.mg,101800,101.8,DIFFERS,0.001,/1000 (mm3 vs cm3),Bauernfeind_etal_2013_Table1,2013,deSousa_etal_2013_Table1 (2013) = 101800
Leontopithecus rosalia,Brain_weight,Brain_Mass.mg,12700,12.7,DIFFERS,0.001,/1000 (mm3 vs cm3),Bauernfeind_etal_2013_Table1,2013,NA
Macaca maura,Brain_weight,Brain_Mass.mg,83300,83.3,DIFFERS,0.001,/1000 (mm3 vs cm3),Bauernfeind_etal_2013_Table1,2013,NA
Pan paniscus,Brain_weight,Brain_Mass.mg,352000,352,DIFFERS,0.001,/1000 (mm3 vs cm3),Bauernfeind_etal_2013_Table1,2013,deSousa_etal_2013_Table1 (2013) = 364500
Pithecia pithecia,Brain_weight,Brain_Mass.mg,30000,30,DIFFERS,0.001,/1000 (mm3 vs cm3),Bauernfeind_etal_2013_Table1,2013,NA
Pongo sp.,Brain_weight,Brain_Mass.mg,345900,353.2,DIFFERS,0.0010211043654235327,NA,Bauernfeind_etal_2013_Table1,2013,deSousa_etal_2013_Table1 (2013) = 384667
Pongo sp.,Brain_weight,Brain_Mass.mg,336000,353.2,DIFFERS,0.0010511904761904762,NA,Bauernfeind_etal_2013_Table1,2013,deSousa_etal_2013_Table1 (2013) = 384667
Saguinus geoffroyi,Brain_weight,Brain_Mass.mg,10500,10.5,DIFFERS,0.001,/1000 (mm3 vs cm3),Bauernfeind_etal_2013_Table1,2013,NA
Symphalangus syndactylus,Brain_weight,Brain_Mass.mg,138700,138.7,DIFFERS,0.001,/1000 (mm3 vs cm3),Bauernfeind_etal_2013_Table1,2013,NA
Trachypithecus francoisi,Brain_weight,Brain_Mass.mg,102100,102.1,DIFFERS,0.001,/1000 (mm3 vs cm3),Bauernfeind_etal_2013_Table1,2013,NA
Alouatta seniculus,Bulbus_olfactorius_accessorius,Bulbus_olfactorius_accessorius_Vol.mm3,0.6,0.595,DIFFERS,0.9916666666666667,NA,Stephan_etal_1981_TableVI,1981,NA
Aotus trivirgatus,Bulbus_olfactorius_accessorius,Bulbus_olfactorius_accessorius_Vol.mm3,0.22,0.222,DIFFERS,1.009090909090909,NA,Stephan_etal_1981_TableVI,1981,NA
Callicebus moloch,Bulbus_olfactorius_accessorius,Bulbus_olfactorius_accessorius_Vol.mm3,0.33,0.325,DIFFERS,0.9848484848484849,NA,Stephan_etal_1981_TableVI,1981,NA
Callimico goeldii,Bulbus_olfactorius_accessorius,Bulbus_olfactorius_accessorius_Vol.mm3,0.51,0.512,DIFFERS,1.003921568627451,NA,Stephan_etal_1981_TableVI,1981,NA
Callithrix jacchus,Bulbus_olfactorius_accessorius,Bulbus_olfactorius_accessorius_Vol.mm3,0.33,0.326,DIFFERS,0.9878787878787879,NA,Stephan_etal_1981_TableVI,1981,NA
Callithrix pygmaea,Bulbus_olfactorius_accessorius,Bulbus_olfactorius_accessorius_Vol.mm3,0.39,0.386,DIFFERS,0.9897435897435898,NA,Stephan_etal_1981_TableVI,1981,NA
Cebus albifrons,Bulbus_olfactorius_accessorius,Bulbus_olfactorius_accessorius_Vol.mm3,0.67,0.667,DIFFERS,0.9955223880597015,NA,Stephan_etal_1981_TableVI,1981,NA
Pithecia monachus,Bulbus_olfactorius_accessorius,Bulbus_olfactorius_accessorius_Vol.mm3,0.85,0.846,DIFFERS,0.9952941176470588,NA,Stephan_etal_1981_TableVI,1981,NA
Saguinus oedipus,Bulbus_olfactorius_accessorius,Bulbus_olfactorius_accessorius_Vol.mm3,0.41,0.406,DIFFERS,0.9902439024390245,NA,Stephan_etal_1981_TableVI,1981,NA
Saimiri sciureus,Bulbus_olfactorius_accessorius,Bulbus_olfactorius_accessorius_Vol.mm3,0.99,0.985,DIFFERS,0.9949494949494949,NA,Stephan_etal_1981_TableVI,1981,NA
Cercopithecus ascanius,Complexus.vestibularis,Complexus_vestibularis_unilateral_Vol.mm3,52,52.1,DIFFERS,1.001923076923077,NA,Matano__1986_TableI,1986,Stephan_etal_1981_TableXIII (1981) = 52
Hylobates lar,Complexus.vestibularis,Complexus_vestibularis_unilateral_Vol.mm3,59.3,59.4,DIFFERS,1.0016863406408094,NA,Matano__1986_TableI,1986,Stephan_etal_1981_TableXIII (1981) = 59.3
Lagothrix lagothricha,Complexus.vestibularis,Complexus_vestibularis_unilateral_Vol.mm3,53,53.1,DIFFERS,1.0018867924528303,NA,Matano__1986_TableI,1986,Stephan_etal_1981_TableXIII (1981) = 53
Lophocebus albigena,Complexus.vestibularis,Complexus_vestibularis_unilateral_Vol.mm3,87.1,87,DIFFERS,0.9988518943742825,NA,Matano__1986_TableI,1986,Stephan_etal_1981_TableXIII (1981) = 87.1
Loris tardigradus,Complexus.vestibularis,Complexus_vestibularis_unilateral_Vol.mm3,8.45,8.46,DIFFERS,1.001183431952663,NA,Matano__1986_TableI,1986,Stephan_etal_1981_TableXIII (1981) = 8.45
Propithecus verreauxi,Complexus.vestibularis,Complexus_vestibularis_unilateral_Vol.mm3,43.2,43.3,DIFFERS,1.0023148148148147,NA,Matano__1986_TableI,1986,Stephan_etal_1981_TableXIII (1981) = 43.2
Cercopithecus mitis,LGN_Sousa,Corpus_geniculatum_laterale_Vol.mm3,150,167.2,DIFFERS,1.1146666666666667,NA,deSousa_etal_2013_Table1,2013,Stephan_etal_1984_Table1 (1984) = 150 | Stephan_etal_1981_TableIX (1981) = 150
Erythrocebus patas,LGN_Sousa,Corpus_geniculatum_laterale_Vol.mm3,267,266.8,DIFFERS,0.9992509363295881,NA,deSousa_etal_2013_Table1,2013,NA
Gorilla sp.,LGN_Sousa,Corpus_geniculatum_laterale_Vol.mm3,308.5,300.1,DIFFERS,0.9727714748784442,NA,deSousa_etal_2013_Table1,2013,Stephan_etal_1984_Table1 (1984) = 384 | Stephan_etal_1981_TableIX (1981) = 384
Hylobates muelleri,LGN_Sousa,Corpus_geniculatum_laterale_Vol.mm3,162,161.6,DIFFERS,0.9975308641975308,NA,deSousa_etal_2013_Table1,2013,NA
Microcebus murinus,LGN_Sousa,Corpus_geniculatum_laterale_Vol.mm3,7.1,7.07,DIFFERS,0.9957746478873241,NA,Stephan_etal_1984_Table1,1984,Stephan_etal_1981_TableIX (1981) = 7.03
Nasalis larvatus,LGN_Sousa,Corpus_geniculatum_laterale_Vol.mm3,157,156.6,DIFFERS,0.9974522292993631,NA,deSousa_etal_2013_Table1,2013,NA
Pan paniscus,LGN_Sousa,Corpus_geniculatum_laterale_Vol.mm3,275.1,282.3,DIFFERS,1.0261723009814612,NA,deSousa_etal_2013_Table1,2013,NA
Pan troglodytes,LGN_Sousa,Corpus_geniculatum_laterale_Vol.mm3,250.7,344,DIFFERS,1.3721579577183887,NA,deSousa_etal_2013_Table1,2013,Stephan_etal_1984_Table1 (1984) = 356 | Stephan_etal_1981_TableIX (1981) = 356
Pygathrix nemaeus,LGN_Sousa,Corpus_geniculatum_laterale_Vol.mm3,115,114.8,DIFFERS,0.9982608695652173,NA,deSousa_etal_2013_Table1,2013,NA
Saguinus midas,LGN_Sousa,Corpus_geniculatum_laterale_Vol.mm3,36,36.8,DIFFERS,1.0222222222222221,NA,Stephan_etal_1981_TableIX,1981,NA
Alouatta seniculus,Corpus.pineale,Corpus_pineal_Vol.mm3,0.25,0.254,DIFFERS,1.016,NA,Stephan_etal_1981_TableXVI,1981,NA
Avahi occidentalis,Corpus.pineale,Corpus_pineal_Vol.mm3,0.65,0.652,DIFFERS,1.003076923076923,NA,Stephan_etal_1981_TableXV,1981,NA
Callithrix jacchus,Corpus.pineale,Corpus_pineal_Vol.mm3,0.49,0.486,DIFFERS,0.9918367346938776,NA,Stephan_etal_1981_TableXVI,1981,NA
Cheirogaleus major,Corpus.pineale,Corpus_pineal_Vol.mm3,0.79,0.789,DIFFERS,0.9987341772151899,NA,Stephan_etal_1981_TableXV,1981,NA
Cheirogaleus medius,Corpus.pineale,Corpus_pineal_Vol.mm3,0.69,0.691,DIFFERS,1.0014492753623188,NA,Stephan_etal_1981_TableXV,1981,NA
Galago senegalensis,Corpus.pineale,Corpus_pineal_Vol.mm3,0.74,0.741,DIFFERS,1.0013513513513514,NA,Stephan_etal_1981_TableXV,1981,NA
Galagoides demidoff,Corpus.pineale,Corpus_pineal_Vol.mm3,0.38,0.375,DIFFERS,0.9868421052631579,NA,Stephan_etal_1981_TableXV,1981,NA
Lepilemur ruficaudatus,Corpus.pineale,Corpus_pineal_Vol.mm3,0.73,0.731,DIFFERS,1.0013698630136987,NA,Stephan_etal_1981_TableXV,1981,NA
Loris tardigradus,Corpus.pineale,Corpus_pineal_Vol.mm3,0.34,0.335,DIFFERS,0.9852941176470588,NA,Stephan_etal_1981_TableXV,1981,NA
Pithecia monachus,Corpus.pineale,Corpus_pineal_Vol.mm3,0.06,0.0623,DIFFERS,1.0383333333333333,NA,Stephan_etal_1981_TableXVI,1981,NA
Saguinus midas,Corpus.pineale,Corpus_pineal_Vol.mm3,0.22,0.216,DIFFERS,0.9818181818181818,NA,Stephan_etal_1981_TableXVI,1981,NA
Saguinus oedipus,Corpus.pineale,Corpus_pineal_Vol.mm3,0.39,0.392,DIFFERS,1.005128205128205,NA,Stephan_etal_1981_TableXVI,1981,NA
Alouatta seniculus,Corpus.subcommissurale,Corpus_subcommissurale_Vol.mm3,0.4,0.402,DIFFERS,1.005,NA,Stephan_etal_1981_TableXVI,1981,NA
Ateles geoffroyi,Corpus.subcommissurale,Corpus_subcommissurale_Vol.mm3,0.61,0.608,DIFFERS,0.9967213114754099,NA,Stephan_etal_1981_TableXVI,1981,NA
Avahi occidentalis,Corpus.subcommissurale,Corpus_subcommissurale_Vol.mm3,0.09,0.0942,DIFFERS,1.0466666666666669,NA,Stephan_etal_1981_TableXV,1981,NA
Callicebus moloch,Corpus.subcommissurale,Corpus_subcommissurale_Vol.mm3,0.15,0.154,DIFFERS,1.0266666666666666,NA,Stephan_etal_1981_TableXVI,1981,NA
Callithrix jacchus,Corpus.subcommissurale,Corpus_subcommissurale_Vol.mm3,0.08,0.0789,DIFFERS,0.98625,NA,Stephan_etal_1981_TableXVI,1981,NA
Cebus albifrons,Corpus.subcommissurale,Corpus_subcommissurale_Vol.mm3,0.43,0.425,DIFFERS,0.9883720930232558,NA,Stephan_etal_1981_TableXVI,1981,NA
Cercopithecus ascanius,Corpus.subcommissurale,Corpus_subcommissurale_Vol.mm3,0.22,0.217,DIFFERS,0.9863636363636363,NA,Stephan_etal_1981_TableXVI,1981,NA
Cercopithecus mitis,Corpus.subcommissurale,Corpus_subcommissurale_Vol.mm3,0.26,0.258,DIFFERS,0.9923076923076923,NA,Stephan_etal_1981_TableXVI,1981,NA
Cheirogaleus major,Corpus.subcommissurale,Corpus_subcommissurale_Vol.mm3,0.03,0.032,DIFFERS,1.0666666666666667,NA,Stephan_etal_1981_TableXV,1981,NA
Cheirogaleus medius,Corpus.subcommissurale,Corpus_subcommissurale_Vol.mm3,0.04,0.0432,DIFFERS,1.08,NA,Stephan_etal_1981_TableXV,1981,NA
Eulemur fulvus,Corpus.subcommissurale,Corpus_subcommissurale_Vol.mm3,0.17,0.174,DIFFERS,1.0235294117647058,NA,Stephan_etal_1981_TableXV,1981,NA
Galago senegalensis,Corpus.subcommissurale,Corpus_subcommissurale_Vol.mm3,0.04,0.0382,DIFFERS,0.955,NA,Stephan_etal_1981_TableXV,1981,NA
Galagoides demidoff,Corpus.subcommissurale,Corpus_subcommissurale_Vol.mm3,0.03,0.0266,DIFFERS,0.8866666666666666,NA,Stephan_etal_1981_TableXV,1981,NA
Homo sapiens,Corpus.subcommissurale,Corpus_subcommissurale_Vol.mm3,0.02,0.0203,DIFFERS,1.015,NA,Stephan_etal_1981_TableXVI,1981,NA
Indri indri,Corpus.subcommissurale,Corpus_subcommissurale_Vol.mm3,0.37,0.366,DIFFERS,0.9891891891891892,NA,Stephan_etal_1981_TableXV,1981,NA
Lagothrix lagothricha,Corpus.subcommissurale,Corpus_subcommissurale_Vol.mm3,0.89,0.885,DIFFERS,0.9943820224719101,NA,Stephan_etal_1981_TableXVI,1981,NA
Lepilemur ruficaudatus,Corpus.subcommissurale,Corpus_subcommissurale_Vol.mm3,0.13,0.132,DIFFERS,1.0153846153846153,NA,Stephan_etal_1981_TableXV,1981,NA
Lophocebus albigena,Corpus.subcommissurale,Corpus_subcommissurale_Vol.mm3,0.23,0.233,DIFFERS,1.0130434782608695,NA,Stephan_etal_1981_TableXVI,1981,NA
Loris tardigradus,Corpus.subcommissurale,Corpus_subcommissurale_Vol.mm3,0.1,0.103,DIFFERS,1.0299999999999998,NA,Stephan_etal_1981_TableXV,1981,NA
Microcebus murinus,Corpus.subcommissurale,Corpus_subcommissurale_Vol.mm3,0.02,0.0233,DIFFERS,1.165,NA,Stephan_etal_1981_TableXV,1981,NA
Nycticebus coucang,Corpus.subcommissurale,Corpus_subcommissurale_Vol.mm3,0.15,0.154,DIFFERS,1.0266666666666666,NA,Stephan_etal_1981_TableXV,1981,NA
Otolemur crassicaudatus,Corpus.subcommissurale,Corpus_subcommissurale_Vol.mm3,0.1,0.102,DIFFERS,1.0199999999999998,NA,Stephan_etal_1981_TableXV,1981,NA
Pan troglodytes,Corpus.subcommissurale,Corpus_subcommissurale_Vol.mm3,0.39,0.387,DIFFERS,0.9923076923076923,NA,Stephan_etal_1981_TableXVI,1981,NA
Papio anubis,Corpus.subcommissurale,Corpus_subcommissurale_Vol.mm3,0.35,0.347,DIFFERS,0.9914285714285714,NA,Stephan_etal_1981_TableXVI,1981,NA
Perodicticus potto,Corpus.subcommissurale,Corpus_subcommissurale_Vol.mm3,0.26,0.264,DIFFERS,1.0153846153846153,NA,Stephan_etal_1981_TableXV,1981,NA
Piliocolobus badius,Corpus.subcommissurale,Corpus_subcommissurale_Vol.mm3,0.27,0.265,DIFFERS,0.9814814814814815,NA,Stephan_etal_1981_TableXVI,1981,NA
Pithecia monachus,Corpus.subcommissurale,Corpus_subcommissurale_Vol.mm3,0.19,0.189,DIFFERS,0.9947368421052631,NA,Stephan_etal_1981_TableXVI,1981,NA
Propithecus verreauxi,Corpus.subcommissurale,Corpus_subcommissurale_Vol.mm3,0.36,0.357,DIFFERS,0.9916666666666667,NA,Stephan_etal_1981_TableXV,1981,NA
Saguinus midas,Corpus.subcommissurale,Corpus_subcommissurale_Vol.mm3,0.1,0.0994,DIFFERS,0.994,NA,Stephan_etal_1981_TableXVI,1981,NA
Saguinus oedipus,Corpus.subcommissurale,Corpus_subcommissurale_Vol.mm3,0.09,0.0921,DIFFERS,1.0233333333333334,NA,Stephan_etal_1981_TableXVI,1981,NA
Saimiri sciureus,Corpus.subcommissurale,Corpus_subcommissurale_Vol.mm3,0.14,0.143,DIFFERS,1.0214285714285714,NA,Stephan_etal_1981_TableXVI,1981,NA
Tarsius sp.,Corpus.subcommissurale,Corpus_subcommissurale_Vol.mm3,0.11,0.114,DIFFERS,1.0363636363636364,NA,Stephan_etal_1981_TableXV,1981,NA
Varecia variegata,Corpus.subcommissurale,Corpus_subcommissurale_Vol.mm3,0.2,0.197,DIFFERS,0.985,NA,Stephan_etal_1981_TableXV,1981,NA
Alouatta seniculus,Corpus.subfornicale,Corpus_subfornicale_Vol.mm3,0.37,0.372,DIFFERS,1.0054054054054054,NA,Stephan_etal_1981_TableXVI,1981,NA
Aotus trivirgatus,Corpus.subfornicale,Corpus_subfornicale_Vol.mm3,0.16,0.162,DIFFERS,1.0125,NA,Stephan_etal_1981_TableXVI,1981,NA
Ateles geoffroyi,Corpus.subfornicale,Corpus_subfornicale_Vol.mm3,0.44,0.443,DIFFERS,1.0068181818181818,NA,Stephan_etal_1981_TableXVI,1981,NA
Avahi laniger,Corpus.subfornicale,Corpus_subfornicale_Vol.mm3,0.12,0.116,DIFFERS,0.9666666666666668,NA,Stephan_etal_1981_TableXV,1981,NA
Avahi occidentalis,Corpus.subfornicale,Corpus_subfornicale_Vol.mm3,0.19,0.188,DIFFERS,0.9894736842105263,NA,Stephan_etal_1981_TableXV,1981,NA
Callicebus moloch,Corpus.subfornicale,Corpus_subfornicale_Vol.mm3,0.14,0.135,DIFFERS,0.9642857142857143,NA,Stephan_etal_1981_TableXVI,1981,NA
Callithrix jacchus,Corpus.subfornicale,Corpus_subfornicale_Vol.mm3,0.13,0.133,DIFFERS,1.023076923076923,NA,Stephan_etal_1981_TableXVI,1981,NA
Cercopithecus ascanius,Corpus.subfornicale,Corpus_subfornicale_Vol.mm3,0.51,0.509,DIFFERS,0.9980392156862745,NA,Stephan_etal_1981_TableXVI,1981,NA
Cercopithecus mitis,Corpus.subfornicale,Corpus_subfornicale_Vol.mm3,0.43,0.432,DIFFERS,1.0046511627906978,NA,Stephan_etal_1981_TableXVI,1981,NA
Cheirogaleus major,Corpus.subfornicale,Corpus_subfornicale_Vol.mm3,0.26,0.256,DIFFERS,0.9846153846153846,NA,Stephan_etal_1981_TableXV,1981,NA
Cheirogaleus medius,Corpus.subfornicale,Corpus_subfornicale_Vol.mm3,0.17,0.171,DIFFERS,1.0058823529411764,NA,Stephan_etal_1981_TableXV,1981,NA
Daubentonia madagascariensis,Corpus.subfornicale,Corpus_subfornicale_Vol.mm3,0.59,0.593,DIFFERS,1.005084745762712,NA,Stephan_etal_1981_TableXV,1981,NA
Eulemur fulvus,Corpus.subfornicale,Corpus_subfornicale_Vol.mm3,0.53,0.527,DIFFERS,0.9943396226415094,NA,Stephan_etal_1981_TableXV,1981,NA
Galago senegalensis,Corpus.subfornicale,Corpus_subfornicale_Vol.mm3,0.07,0.0668,DIFFERS,0.9542857142857142,NA,Stephan_etal_1981_TableXV,1981,NA
Galagoides demidoff,Corpus.subfornicale,Corpus_subfornicale_Vol.mm3,0.02,0.024,DIFFERS,1.2,NA,Stephan_etal_1981_TableXV,1981,NA
Homo sapiens,Corpus.subfornicale,Corpus_subfornicale_Vol.mm3,0.51,0.508,DIFFERS,0.996078431372549,NA,Stephan_etal_1981_TableXVI,1981,NA
Indri indri,Corpus.subfornicale,Corpus_subfornicale_Vol.mm3,0.55,0.553,DIFFERS,1.0054545454545454,NA,Stephan_etal_1981_TableXV,1981,NA
Lagothrix lagothricha,Corpus.subfornicale,Corpus_subfornicale_Vol.mm3,0.58,0.583,DIFFERS,1.0051724137931035,NA,Stephan_etal_1981_TableXVI,1981,NA
Lepilemur ruficaudatus,Corpus.subfornicale,Corpus_subfornicale_Vol.mm3,0.12,0.121,DIFFERS,1.0083333333333333,NA,Stephan_etal_1981_TableXV,1981,NA
Lophocebus albigena,Corpus.subfornicale,Corpus_subfornicale_Vol.mm3,0.66,0.658,DIFFERS,0.996969696969697,NA,Stephan_etal_1981_TableXVI,1981,NA
Loris tardigradus,Corpus.subfornicale,Corpus_subfornicale_Vol.mm3,0.21,0.207,DIFFERS,0.9857142857142857,NA,Stephan_etal_1981_TableXV,1981,NA
Microcebus murinus,Corpus.subfornicale,Corpus_subfornicale_Vol.mm3,0.06,0.0556,DIFFERS,0.9266666666666666,NA,Stephan_etal_1981_TableXV,1981,NA
Miopithecus talapoin,Corpus.subfornicale,Corpus_subfornicale_Vol.mm3,0.19,0.192,DIFFERS,1.0105263157894737,NA,Stephan_etal_1981_TableXVI,1981,NA
Nycticebus coucang,Corpus.subfornicale,Corpus_subfornicale_Vol.mm3,0.18,0.175,DIFFERS,0.9722222222222222,NA,Stephan_etal_1981_TableXV,1981,NA
Otolemur crassicaudatus,Corpus.subfornicale,Corpus_subfornicale_Vol.mm3,0.09,0.0948,DIFFERS,1.0533333333333332,NA,Stephan_etal_1981_TableXV,1981,NA
Pan troglodytes,Corpus.subfornicale,Corpus_subfornicale_Vol.mm3,0.61,0.606,DIFFERS,0.9934426229508196,NA,Stephan_etal_1981_TableXVI,1981,NA
Papio anubis,Corpus.subfornicale,Corpus_subfornicale_Vol.mm3,0.41,0.405,DIFFERS,0.9878048780487806,NA,Stephan_etal_1981_TableXVI,1981,NA
Perodicticus potto,Corpus.subfornicale,Corpus_subfornicale_Vol.mm3,0.22,0.216,DIFFERS,0.9818181818181818,NA,Stephan_etal_1981_TableXV,1981,NA
Piliocolobus badius,Corpus.subfornicale,Corpus_subfornicale_Vol.mm3,0.45,0.454,DIFFERS,1.008888888888889,NA,Stephan_etal_1981_TableXVI,1981,NA
Propithecus verreauxi,Corpus.subfornicale,Corpus_subfornicale_Vol.mm3,0.51,0.507,DIFFERS,0.9941176470588236,NA,Stephan_etal_1981_TableXV,1981,NA
Saguinus midas,Corpus.subfornicale,Corpus_subfornicale_Vol.mm3,0.08,0.0795,DIFFERS,0.99375,NA,Stephan_etal_1981_TableXVI,1981,NA
Saguinus oedipus,Corpus.subfornicale,Corpus_subfornicale_Vol.mm3,0.17,0.167,DIFFERS,0.9823529411764705,NA,Stephan_etal_1981_TableXVI,1981,NA
Saimiri sciureus,Corpus.subfornicale,Corpus_subfornicale_Vol.mm3,0.26,0.255,DIFFERS,0.9807692307692307,NA,Stephan_etal_1981_TableXVI,1981,NA
Tarsius sp.,Corpus.subfornicale,Corpus_subfornicale_Vol.mm3,0.05,0.0482,DIFFERS,0.964,NA,Stephan_etal_1981_TableXV,1981,NA
Varecia variegata,Corpus.subfornicale,Corpus_subfornicale_Vol.mm3,0.74,0.741,DIFFERS,1.0013513513513514,NA,Stephan_etal_1981_TableXV,1981,NA
Pongo sp.,Dysgranular_volume_L,Dysgranular_insular_cortex_left_Vol.mm3,599.5,828.25,DIFFERS,1.3815679733110926,NA,Bauernfeind_etal_2013_Table1,2013,NA
Pongo sp.,Dysgranular_volume_L,Dysgranular_insular_cortex_left_Vol.mm3,1057,828.25,DIFFERS,0.783585619678335,NA,Bauernfeind_etal_2013_Table1,2013,NA
Pongo sp.,Granular_volume_L,Granular_insular_cortex_left_Vol.mm3,218.5,208.75,DIFFERS,0.9553775743707094,NA,Bauernfeind_etal_2013_Table1,2013,NA
Pongo sp.,Granular_volume_L,Granular_insular_cortex_left_Vol.mm3,199,208.75,DIFFERS,1.0489949748743719,NA,Bauernfeind_etal_2013_Table1,2013,NA
Gorilla sp.,Total_insula_volume_L,Insula_left_Vol.mm3,2146,2145.5,DIFFERS,0.999767008387698,NA,Bauernfeind_etal_2013_Table1,2013,NA
Homo sapiens,Total_insula_volume_L,Insula_left_Vol.mm3,6165,6479,DIFFERS,1.0509326845093268,NA,Bauernfeind_etal_2013_Table1,2013,NA
Pan paniscus,Total_insula_volume_L,Insula_left_Vol.mm3,1690,1690.33333333333,DIFFERS,1.0001972386587752,NA,Bauernfeind_etal_2013_Table1,2013,NA
Pan troglodytes,Total_insula_volume_L,Insula_left_Vol.mm3,1601,1600.66666666667,DIFFERS,0.9997917967936727,NA,Bauernfeind_etal_2013_Table1,2013,NA
Pongo sp.,Total_insula_volume_L,Insula_left_Vol.mm3,1158,1331.5,DIFFERS,1.1498272884283247,NA,Bauernfeind_etal_2013_Table1,2013,NA
Pongo sp.,Total_insula_volume_L,Insula_left_Vol.mm3,1505,1331.5,DIFFERS,0.8847176079734219,NA,Bauernfeind_etal_2013_Table1,2013,NA
Callithrix pygmaea,NeoWG,Neocortex_Vol.mm3,2535,2534,DIFFERS,0.9996055226824457,NA,Frahm_etal_1982_Table2,1982,Stephan_etal_1981_TableVI (1981) = 2535
Gorilla sp.,NeoWG,Neocortex_Vol.mm3,341444,283700,DIFFERS,0.8308829559166364,NA,deSousa_etal_2010_Table1,2010,Stephan_etal_1981_TableVI (1981) = 341444
Homo sapiens,NeoWG,Neocortex_Vol.mm3,1006525,991000,DIFFERS,0.9845756439233998,NA,deSousa_etal_2010_Table1,2010,Frahm_etal_1982_Table2 (1982) = 1006525 | Stephan_etal_1981_TableVI (1981) = 1006525
Hylobates lar,NeoWG,Neocortex_Vol.mm3,65800,68300,DIFFERS,1.0379939209726443,NA,deSousa_etal_2010_Table1,2010,Frahm_etal_1982_Table2 (1982) = 65800 | Stephan_etal_1981_TableVI (1981) = 65800
Microcebus murinus,NeoWG,Neocortex_Vol.mm3,740,739.5,DIFFERS,0.9993243243243243,NA,Frahm_etal_1982_Table2,1982,Stephan_etal_1981_TableV (1981) = 740
Pan troglodytes,NeoWG,Neocortex_Vol.mm3,291592,264650,DIFFERS,0.9076037751378638,NA,deSousa_etal_2010_Table1,2010,Frahm_etal_1982_Table2 (1982) = 291592 | Stephan_etal_1981_TableVI (1981) = 291592
Pongo sp.,NeoWG,Neocortex_Vol.mm3,219800,269233.333333333,DIFFERS,1.2249014255383668,NA,deSousa_etal_2010_Table1,2010,Zilles_Rehkämper_1988_Table12-2 (1988) = 219800
Pongo sp.,NeoG_Frahm,Neocortex_grey_matter_Vol.mm3,138300,129900,DIFFERS,0.9392624728850325,NA,Zilles_Rehkämper_1988_Table12-2,1988,NA
Galago senegalensis,Nucleus.habenularis.medialis,Nucleus_habenularis_medialis_Vol.mm3,1,0.998,DIFFERS,0.998,NA,Stephan_etal_1981_TableXV,1981,NA
Microcebus murinus,Nucleus.habenularis.medialis,Nucleus_habenularis_medialis_Vol.mm3,0.46,0.461,DIFFERS,1.0021739130434784,NA,Stephan_etal_1981_TableXV,1981,NA
Aotus trivirgatus,Nucleus.septalis.triangularis,Nucleus_septalis_triangularis_Vol.mm3,0.96,0.964,DIFFERS,1.0041666666666667,NA,Stephan_etal_1981_TableXVI,1981,NA
Avahi occidentalis,Nucleus.septalis.triangularis,Nucleus_septalis_triangularis_Vol.mm3,0.99,0.988,DIFFERS,0.997979797979798,NA,Stephan_etal_1981_TableXV,1981,NA
Cheirogaleus major,Nucleus.septalis.triangularis,Nucleus_septalis_triangularis_Vol.mm3,0.92,0.917,DIFFERS,0.9967391304347826,NA,Stephan_etal_1981_TableXV,1981,NA
Cheirogaleus medius,Nucleus.septalis.triangularis,Nucleus_septalis_triangularis_Vol.mm3,0.39,0.385,DIFFERS,0.9871794871794871,NA,Stephan_etal_1981_TableXV,1981,NA
Galago senegalensis,Nucleus.septalis.triangularis,Nucleus_septalis_triangularis_Vol.mm3,0.59,0.588,DIFFERS,0.9966101694915254,NA,Stephan_etal_1981_TableXV,1981,NA
Homo sapiens,Nucleus.septalis.triangularis,Nucleus_septalis_triangularis_Vol.mm3,0.52,0.524,DIFFERS,1.0076923076923077,NA,Stephan_etal_1981_TableXVI,1981,NA
Lepilemur ruficaudatus,Nucleus.septalis.triangularis,Nucleus_septalis_triangularis_Vol.mm3,0.89,0.888,DIFFERS,0.9977528089887641,NA,Stephan_etal_1981_TableXV,1981,NA
Loris tardigradus,Nucleus.septalis.triangularis,Nucleus_septalis_triangularis_Vol.mm3,0.82,0.822,DIFFERS,1.002439024390244,NA,Stephan_etal_1981_TableXV,1981,NA
Microcebus murinus,Nucleus.septalis.triangularis,Nucleus_septalis_triangularis_Vol.mm3,0.27,0.274,DIFFERS,1.0148148148148148,NA,Stephan_etal_1981_TableXV,1981,NA
Miopithecus talapoin,Nucleus.septalis.triangularis,Nucleus_septalis_triangularis_Vol.mm3,0.87,0.866,DIFFERS,0.9954022988505747,NA,Stephan_etal_1981_TableXVI,1981,NA
Otolemur crassicaudatus,Nucleus.septalis.triangularis,Nucleus_septalis_triangularis_Vol.mm3,0.7,0.695,DIFFERS,0.9928571428571429,NA,Stephan_etal_1981_TableXV,1981,NA
Saguinus midas,Nucleus.septalis.triangularis,Nucleus_septalis_triangularis_Vol.mm3,0.56,0.559,DIFFERS,0.9982142857142857,NA,Stephan_etal_1981_TableXVI,1981,NA
Saimiri sciureus,Nucleus.septalis.triangularis,Nucleus_septalis_triangularis_Vol.mm3,0.6,0.598,DIFFERS,0.9966666666666667,NA,Stephan_etal_1981_TableXVI,1981,NA
Tarsius sp.,Nucleus.septalis.triangularis,Nucleus_septalis_triangularis_Vol.mm3,0.41,0.405,DIFFERS,0.9878048780487806,NA,Stephan_etal_1981_TableXV,1981,NA
Aotus trivirgatus,Nucleus_tractus_olfactorius,Nucleus_tractus_olfactorius_Vol.mm3,0.2,0.201,DIFFERS,1.005,NA,Stephan_etal_1981_TableXI,1981,NA
Callithrix jacchus,Nucleus_tractus_olfactorius,Nucleus_tractus_olfactorius_Vol.mm3,0.2,0.195,DIFFERS,0.975,NA,Stephan_etal_1981_TableXI,1981,NA
Cheirogaleus major,Nucleus_tractus_olfactorius,Nucleus_tractus_olfactorius_Vol.mm3,0.85,0.851,DIFFERS,1.0011764705882353,NA,Stephan_etal_1981_TableXI,1981,NA
Cheirogaleus medius,Nucleus_tractus_olfactorius,Nucleus_tractus_olfactorius_Vol.mm3,0.47,0.472,DIFFERS,1.004255319148936,NA,Stephan_etal_1981_TableXI,1981,NA
Lepilemur ruficaudatus,Nucleus_tractus_olfactorius,Nucleus_tractus_olfactorius_Vol.mm3,0.62,0.624,DIFFERS,1.0064516129032257,NA,Stephan_etal_1981_TableXI,1981,NA
Microcebus murinus,Nucleus_tractus_olfactorius,Nucleus_tractus_olfactorius_Vol.mm3,0.26,0.264,DIFFERS,1.0153846153846153,NA,Stephan_etal_1981_TableXI,1981,NA
Propithecus verreauxi,Nucleus_tractus_olfactorius,Nucleus_tractus_olfactorius_Vol.mm3,0.92,0.921,DIFFERS,1.001086956521739,NA,Stephan_etal_1981_TableXI,1981,NA
Tarsius sp.,Nucleus_tractus_olfactorius,Nucleus_tractus_olfactorius_Vol.mm3,0.08,0.0752,DIFFERS,0.9400000000000001,NA,Stephan_etal_1981_TableXI,1981,NA
Lepilemur ruficaudatus,Nucleus.vestibularis.lateralis,Nucleus_vestibularis_lateralis_unilateral_Vol.mm3,2.3,2.38,DIFFERS,1.0347826086956522,NA,Matano__1986_TableI,1986,Stephan_etal_1981_TableXIII (1981) = 2.38
Microcebus murinus,Nucleus.vestibularis.superior,Nucleus_vestibularis_superior_unilateral_Vol.mm3,0.68,0.679,DIFFERS,0.9985294117647059,NA,Matano__1986_TableI,1986,Stephan_etal_1981_TableXIII (1981) = 0.679
Tarsius sp.,Nucleus.vestibularis.superior,Nucleus_vestibularis_superior_unilateral_Vol.mm3,0.76,0.759,DIFFERS,0.9986842105263158,NA,Matano__1986_TableI,1986,Stephan_etal_1981_TableXIII (1981) = 0.759
Alouatta seniculus,Telencephalon,Telencephalon_Vol.mm3,37.39,37388,DIFFERS,999.9465097619684,x1000 (cm3 vs mm3),Stephan_etal_1981_TableIII,1981,NA
Ateles geoffroyi,Total_brain_net_volume,Total_brain_net_volume_Vol.mm3,101034,102700,DIFFERS,1.0164894985846349,NA,Bauernfeind_etal_2013_Table1,2013,Stephan_etal_1981_TableIII (1981) = 101034
Avahi occidentalis,Total_brain_net_volume,Total_brain_net_volume_Vol.mm3,9124,9256.8,DIFFERS,1.0145550197281894,NA,Bauernfeind_etal_2013_Table1,2013,Stephan_etal_1981_TableII (1981) = 9124
Cebus albifrons,Total_brain_net_volume,Total_brain_net_volume_Vol.mm3,66939,77027,DIFFERS,1.1507043726377746,NA,Bauernfeind_etal_2013_Table1,2013,Stephan_etal_1981_TableIII (1981) = 66939
Cercopithecus mitis,Total_brain_net_volume,Total_brain_net_volume_Vol.mm3,70564,69112,DIFFERS,0.9794229352077547,NA,Bauernfeind_etal_2013_Table1,2013,Stephan_etal_1981_TableIII (1981) = 70564
Galagoides demidoff,Total_brain_net_volume,Total_brain_net_volume_Vol.mm3,3203,3185.3,DIFFERS,0.9944739306899782,NA,Bauernfeind_etal_2013_Table1,2013,Stephan_etal_1981_TableII (1981) = 3203
Gorilla sp.,Total_brain_net_volume,Total_brain_net_volume_Vol.mm3,470359,401785,DIFFERS,0.8542092316719783,NA,Bauernfeind_etal_2013_Table1,2013,deSousa_etal_2010_Table1 (2010) = 398650 | Stephan_etal_1981_TableIII (1981) = 470359
Homo sapiens,Total_brain_net_volume,Total_brain_net_volume_Vol.mm3,1251847,1357820,DIFFERS,1.0846533162598944,NA,Bauernfeind_etal_2013_Table1,2013,deSousa_etal_2010_Table1 (2010) = 1258390 | Stephan_etal_1981_TableIII (1981) = 1251847
Hylobates lar,Total_brain_net_volume,Total_brain_net_volume_Vol.mm3,97505,88803,DIFFERS,0.9107532947028357,NA,Bauernfeind_etal_2013_Table1,2013,deSousa_etal_2010_Table1 (2010) = 102300 | Stephan_etal_1981_TableIII (1981) = 97505
Indri indri,Total_brain_net_volume,Total_brain_net_volume_Vol.mm3,36285,32481,DIFFERS,0.895163290615957,NA,Bauernfeind_etal_2013_Table1,2013,Stephan_etal_1981_TableII (1981) = 36285
Lophocebus albigena,Total_brain_net_volume,Total_brain_net_volume_Vol.mm3,97603,106660,DIFFERS,1.0927942788643792,NA,Bauernfeind_etal_2013_Table1,2013,Stephan_etal_1981_TableIII (1981) = 97603
Loris tardigradus,Total_brain_net_volume,Total_brain_net_volume_Vol.mm3,6269,6612,DIFFERS,1.0547136704418567,NA,Bauernfeind_etal_2013_Table1,2013,Stephan_etal_1981_TableII (1981) = 6269
Pan troglodytes,Total_brain_net_volume,Total_brain_net_volume_Vol.mm3,382103,330790,DIFFERS,0.8657089842267661,NA,Bauernfeind_etal_2013_Table1,2013,deSousa_etal_2010_Table1 (2010) = 319671.428571429 | Stephan_etal_1981_TableIII (1981) = 382103
Perodicticus potto,Total_brain_net_volume,Total_brain_net_volume_Vol.mm3,13212,11100,DIFFERS,0.8401453224341507,NA,Bauernfeind_etal_2013_Table1,2013,Stephan_etal_1981_TableII (1981) = 13212
Piliocolobus badius,Total_brain_net_volume,Total_brain_net_volume_Vol.mm3,73818,72394,DIFFERS,0.9807093120919017,NA,Bauernfeind_etal_2013_Table1,2013,Stephan_etal_1981_TableIII (1981) = 73818
Saguinus oedipus,Total_brain_net_volume,Total_brain_net_volume_Vol.mm3,9537,8938.2,DIFFERS,0.9372129600503304,NA,Bauernfeind_etal_2013_Table1,2013,Stephan_etal_1981_TableIII (1981) = 9537
Varecia variegata,Total_brain_net_volume,Total_brain_net_volume_Vol.mm3,29713,30405,DIFFERS,1.0232894692558812,NA,Bauernfeind_etal_2013_Table1,2013,Stephan_etal_1981_TableII (1981) = 29713
Pongo sp.,FI_volume_L,fronto_insular_cortex_left_Vol.mm3,19.5,39.75,DIFFERS,2.0384615384615383,x2 (one side vs both),Bauernfeind_etal_2013_Table1,2013,NA
Pongo sp.,FI_volume_L,fronto_insular_cortex_left_Vol.mm3,60,39.75,DIFFERS,0.6625,NA,Bauernfeind_etal_2013_Table1,2013,NA
Avahi laniger,Agranular_volume_L,Agranular_insular_cortex_left_Vol.mm3,7,NA,only_in_reference,NA,NA,NA,NA,NA
Callithrix pygmaea,Agranular_volume_L,Agranular_insular_cortex_left_Vol.mm3,1,NA,only_in_reference,NA,NA,NA,NA,NA
Macaca fascicularis,ASG_Sousa,Area_striata_grey_matter_Vol.mm3,2713.3,NA,only_in_reference,NA,NA,NA,NA,NA
Pan paniscus,ASG_Sousa,Area_striata_grey_matter_Vol.mm3,11606.5,NA,only_in_reference,NA,NA,NA,NA,NA
Symphalangus syndactylus,ASG_Sousa,Area_striata_grey_matter_Vol.mm3,5468.9,NA,only_in_reference,NA,NA,NA,NA,NA
Pithecia pithecia,Primary.visual.White.Smaers,Area_striata_white_matter_Vol.mm3,0.45,NA,only_in_reference,NA,NA,NA,NA,NA
Alouatta seniculus,Other.cortical.association.areas.Gray,AssociationCortex_grey_matter_Vol.mm3,12.39,NA,only_in_reference,NA,NA,NA,NA,NA
Ateles geoffroyi,Other.cortical.association.areas.Gray,AssociationCortex_grey_matter_Vol.mm3,32.93,NA,only_in_reference,NA,NA,NA,NA,NA
Cebus albifrons,Other.cortical.association.areas.Gray,AssociationCortex_grey_matter_Vol.mm3,21.02,NA,only_in_reference,NA,NA,NA,NA,NA
Cercopithecus ascanius,Other.cortical.association.areas.Gray,AssociationCortex_grey_matter_Vol.mm3,16.06,NA,only_in_reference,NA,NA,NA,NA,NA
Cercopithecus mitis,Other.cortical.association.areas.Gray,AssociationCortex_grey_matter_Vol.mm3,19.39,NA,only_in_reference,NA,NA,NA,NA,NA
Gorilla sp.,Other.cortical.association.areas.Gray,AssociationCortex_grey_matter_Vol.mm3,125.54,NA,only_in_reference,NA,NA,NA,NA,NA
Homo sapiens,Other.cortical.association.areas.Gray,AssociationCortex_grey_matter_Vol.mm3,271.89,NA,only_in_reference,NA,NA,NA,NA,NA
Hylobates lar,Other.cortical.association.areas.Gray,AssociationCortex_grey_matter_Vol.mm3,28.42,NA,only_in_reference,NA,NA,NA,NA,NA
Lagothrix lagothricha,Other.cortical.association.areas.Gray,AssociationCortex_grey_matter_Vol.mm3,24.19,NA,only_in_reference,NA,NA,NA,NA,NA
Lophocebus albigena,Other.cortical.association.areas.Gray,AssociationCortex_grey_matter_Vol.mm3,29.1,NA,only_in_reference,NA,NA,NA,NA,NA
Miopithecus talapoin,Other.cortical.association.areas.Gray,AssociationCortex_grey_matter_Vol.mm3,12.22,NA,only_in_reference,NA,NA,NA,NA,NA
Pan troglodytes,Other.cortical.association.areas.Gray,AssociationCortex_grey_matter_Vol.mm3,112.75,NA,only_in_reference,NA,NA,NA,NA,NA
Papio anubis,Other.cortical.association.areas.Gray,AssociationCortex_grey_matter_Vol.mm3,45.24,NA,only_in_reference,NA,NA,NA,NA,NA
Piliocolobus badius,Other.cortical.association.areas.Gray,AssociationCortex_grey_matter_Vol.mm3,22.63,NA,only_in_reference,NA,NA,NA,NA,NA
Pithecia pithecia,Other.cortical.association.areas.Gray,AssociationCortex_grey_matter_Vol.mm3,9.24,NA,only_in_reference,NA,NA,NA,NA,NA
Pongo sp.,Other.cortical.association.areas.Gray,AssociationCortex_grey_matter_Vol.mm3,76.92,NA,only_in_reference,NA,NA,NA,NA,NA
Alouatta seniculus,Other.cortical.association.areas.White,AssociationCortex_white_matter_Vol.mm3,4.21,NA,only_in_reference,NA,NA,NA,NA,NA
Ateles geoffroyi,Other.cortical.association.areas.White,AssociationCortex_white_matter_Vol.mm3,10.33,NA,only_in_reference,NA,NA,NA,NA,NA
Cebus albifrons,Other.cortical.association.areas.White,AssociationCortex_white_matter_Vol.mm3,12.05,NA,only_in_reference,NA,NA,NA,NA,NA
Cercopithecus ascanius,Other.cortical.association.areas.White,AssociationCortex_white_matter_Vol.mm3,8.3,NA,only_in_reference,NA,NA,NA,NA,NA
Cercopithecus mitis,Other.cortical.association.areas.White,AssociationCortex_white_matter_Vol.mm3,9.91,NA,only_in_reference,NA,NA,NA,NA,NA
Gorilla sp.,Other.cortical.association.areas.White,AssociationCortex_white_matter_Vol.mm3,60.39,NA,only_in_reference,NA,NA,NA,NA,NA
Homo sapiens,Other.cortical.association.areas.White,AssociationCortex_white_matter_Vol.mm3,258.22,NA,only_in_reference,NA,NA,NA,NA,NA
Hylobates lar,Other.cortical.association.areas.White,AssociationCortex_white_matter_Vol.mm3,12.92,NA,only_in_reference,NA,NA,NA,NA,NA
Lagothrix lagothricha,Other.cortical.association.areas.White,AssociationCortex_white_matter_Vol.mm3,12.5,NA,only_in_reference,NA,NA,NA,NA,NA
Lophocebus albigena,Other.cortical.association.areas.White,AssociationCortex_white_matter_Vol.mm3,17.09,NA,only_in_reference,NA,NA,NA,NA,NA
Miopithecus talapoin,Other.cortical.association.areas.White,AssociationCortex_white_matter_Vol.mm3,4.64,NA,only_in_reference,NA,NA,NA,NA,NA
Pan troglodytes,Other.cortical.association.areas.White,AssociationCortex_white_matter_Vol.mm3,76.6,NA,only_in_reference,NA,NA,NA,NA,NA
Papio anubis,Other.cortical.association.areas.White,AssociationCortex_white_matter_Vol.mm3,33.84,NA,only_in_reference,NA,NA,NA,NA,NA
Piliocolobus badius,Other.cortical.association.areas.White,AssociationCortex_white_matter_Vol.mm3,9.67,NA,only_in_reference,NA,NA,NA,NA,NA
Pithecia pithecia,Other.cortical.association.areas.White,AssociationCortex_white_matter_Vol.mm3,4.2,NA,only_in_reference,NA,NA,NA,NA,NA
Macaca fascicularis,Body_weight,Body_Mass.g,2900,NA,only_in_reference,NA,NA,NA,NA,NA
Avahi laniger,Capsula_interna,Capsula_interna_Vol.mm3,105,NA,only_in_reference,NA,NA,NA,NA,NA
Callithrix pygmaea,LGN_Sousa,Corpus_geniculatum_laterale_Vol.mm3,16.9,NA,only_in_reference,NA,NA,NA,NA,NA
Avahi laniger,Dysgranular_volume_L,Dysgranular_insular_cortex_left_Vol.mm3,18,NA,only_in_reference,NA,NA,NA,NA,NA
Callithrix pygmaea,Dysgranular_volume_L,Dysgranular_insular_cortex_left_Vol.mm3,7,NA,only_in_reference,NA,NA,NA,NA,NA
Avahi laniger,Epithalamus,Epithalamus_Vol.mm3,6.52,NA,only_in_reference,NA,NA,NA,NA,NA
Alouatta seniculus,Frontal.motor.Gray,FrontalMotor_grey_matter_Vol.mm3,1.08,NA,only_in_reference,NA,NA,NA,NA,NA
Ateles geoffroyi,Frontal.motor.Gray,FrontalMotor_grey_matter_Vol.mm3,3.12,NA,only_in_reference,NA,NA,NA,NA,NA
Cebus albifrons,Frontal.motor.Gray,FrontalMotor_grey_matter_Vol.mm3,1.98,NA,only_in_reference,NA,NA,NA,NA,NA
Cercopithecus ascanius,Frontal.motor.Gray,FrontalMotor_grey_matter_Vol.mm3,1.35,NA,only_in_reference,NA,NA,NA,NA,NA
Cercopithecus mitis,Frontal.motor.Gray,FrontalMotor_grey_matter_Vol.mm3,1.85,NA,only_in_reference,NA,NA,NA,NA,NA
Erythrocebus patas,Frontal.motor.Gray,FrontalMotor_grey_matter_Vol.mm3,2.55,NA,only_in_reference,NA,NA,NA,NA,NA
Gorilla sp.,Frontal.motor.Gray,FrontalMotor_grey_matter_Vol.mm3,14.85,NA,only_in_reference,NA,NA,NA,NA,NA
Homo sapiens,Frontal.motor.Gray,FrontalMotor_grey_matter_Vol.mm3,29.01,NA,only_in_reference,NA,NA,NA,NA,NA
Hylobates lar,Frontal.motor.Gray,FrontalMotor_grey_matter_Vol.mm3,2.74,NA,only_in_reference,NA,NA,NA,NA,NA
Lagothrix lagothricha,Frontal.motor.Gray,FrontalMotor_grey_matter_Vol.mm3,2.43,NA,only_in_reference,NA,NA,NA,NA,NA
Lophocebus albigena,Frontal.motor.Gray,FrontalMotor_grey_matter_Vol.mm3,3.93,NA,only_in_reference,NA,NA,NA,NA,NA
Miopithecus talapoin,Frontal.motor.Gray,FrontalMotor_grey_matter_Vol.mm3,0.91,NA,only_in_reference,NA,NA,NA,NA,NA
Nasalis larvatus,Frontal.motor.Gray,FrontalMotor_grey_matter_Vol.mm3,1.75,NA,only_in_reference,NA,NA,NA,NA,NA
Pan paniscus,Frontal.motor.Gray,FrontalMotor_grey_matter_Vol.mm3,8.36,NA,only_in_reference,NA,NA,NA,NA,NA
Pan troglodytes,Frontal.motor.Gray,FrontalMotor_grey_matter_Vol.mm3,13.41,NA,only_in_reference,NA,NA,NA,NA,NA
Papio anubis,Frontal.motor.Gray,FrontalMotor_grey_matter_Vol.mm3,4.69,NA,only_in_reference,NA,NA,NA,NA,NA
Piliocolobus badius,Frontal.motor.Gray,FrontalMotor_grey_matter_Vol.mm3,2.26,NA,only_in_reference,NA,NA,NA,NA,NA
Pithecia pithecia,Frontal.motor.Gray,FrontalMotor_grey_matter_Vol.mm3,0.82,NA,only_in_reference,NA,NA,NA,NA,NA
Pongo sp.,Frontal.motor.Gray,FrontalMotor_grey_matter_Vol.mm3,6.35,NA,only_in_reference,NA,NA,NA,NA,NA
Alouatta seniculus,Frontal.motor,FrontalMotor_white_matter_Vol.mm3,0.87,NA,only_in_reference,NA,NA,NA,NA,NA
Ateles geoffroyi,Frontal.motor,FrontalMotor_white_matter_Vol.mm3,1.59,NA,only_in_reference,NA,NA,NA,NA,NA
Cebus albifrons,Frontal.motor,FrontalMotor_white_matter_Vol.mm3,1.43,NA,only_in_reference,NA,NA,NA,NA,NA
Cercopithecus ascanius,Frontal.motor,FrontalMotor_white_matter_Vol.mm3,0.93,NA,only_in_reference,NA,NA,NA,NA,NA
Cercopithecus mitis,Frontal.motor,FrontalMotor_white_matter_Vol.mm3,0.95,NA,only_in_reference,NA,NA,NA,NA,NA
Erythrocebus patas,Frontal.motor,FrontalMotor_white_matter_Vol.mm3,1.85,NA,only_in_reference,NA,NA,NA,NA,NA
Gorilla sp.,Frontal.motor,FrontalMotor_white_matter_Vol.mm3,10.3,NA,only_in_reference,NA,NA,NA,NA,NA
Homo sapiens,Frontal.motor,FrontalMotor_white_matter_Vol.mm3,29.76,NA,only_in_reference,NA,NA,NA,NA,NA
Hylobates lar,Frontal.motor,FrontalMotor_white_matter_Vol.mm3,1.74,NA,only_in_reference,NA,NA,NA,NA,NA
Lagothrix lagothricha,Frontal.motor,FrontalMotor_white_matter_Vol.mm3,1.63,NA,only_in_reference,NA,NA,NA,NA,NA
Lophocebus albigena,Frontal.motor,FrontalMotor_white_matter_Vol.mm3,3.06,NA,only_in_reference,NA,NA,NA,NA,NA
Miopithecus talapoin,Frontal.motor,FrontalMotor_white_matter_Vol.mm3,0.55,NA,only_in_reference,NA,NA,NA,NA,NA
Nasalis larvatus,Frontal.motor,FrontalMotor_white_matter_Vol.mm3,0.93,NA,only_in_reference,NA,NA,NA,NA,NA
Pan paniscus,Frontal.motor,FrontalMotor_white_matter_Vol.mm3,5.24,NA,only_in_reference,NA,NA,NA,NA,NA
Pan troglodytes,Frontal.motor,FrontalMotor_white_matter_Vol.mm3,12.78,NA,only_in_reference,NA,NA,NA,NA,NA
Papio anubis,Frontal.motor,FrontalMotor_white_matter_Vol.mm3,3.33,NA,only_in_reference,NA,NA,NA,NA,NA
Piliocolobus badius,Frontal.motor,FrontalMotor_white_matter_Vol.mm3,1.32,NA,only_in_reference,NA,NA,NA,NA,NA
Pithecia pithecia,Frontal.motor,FrontalMotor_white_matter_Vol.mm3,0.5,NA,only_in_reference,NA,NA,NA,NA,NA
Pongo sp.,Frontal.motor,FrontalMotor_white_matter_Vol.mm3,4.75,NA,only_in_reference,NA,NA,NA,NA,NA
Avahi laniger,Granular_volume_L,Granular_insular_cortex_left_Vol.mm3,13,NA,only_in_reference,NA,NA,NA,NA,NA
Callithrix pygmaea,Granular_volume_L,Granular_insular_cortex_left_Vol.mm3,3,NA,only_in_reference,NA,NA,NA,NA,NA
Avahi laniger,Hypothalamus,Hypothalamus_Vol.mm3,137,NA,only_in_reference,NA,NA,NA,NA,NA
Avahi laniger,Total_insula_volume_L,Insula_left_Vol.mm3,38,NA,only_in_reference,NA,NA,NA,NA,NA
Callithrix pygmaea,Total_insula_volume_L,Insula_left_Vol.mm3,11,NA,only_in_reference,NA,NA,NA,NA,NA
Pongo sp.,Lobus_piriformis,Lobus_piriformis_Vol.mm3,3800,NA,only_in_reference,NA,NA,NA,NA,NA
Avahi laniger,Nucleus_subthalamicus,Nucleus_subthalamicus_Vol.mm3,5.94,NA,only_in_reference,NA,NA,NA,NA,NA
Avahi laniger,Pallidum,Pallidum_Vol.mm3,74.5,NA,only_in_reference,NA,NA,NA,NA,NA
Aotus trivirgatus,Pons,Pons_Vol.mm3,112.1,NA,only_in_reference,NA,NA,NA,NA,NA
Avahi laniger,Pons,Pons_Vol.mm3,60.9,NA,only_in_reference,NA,NA,NA,NA,NA
Avahi occidentalis,Pons,Pons_Vol.mm3,60.3,NA,only_in_reference,NA,NA,NA,NA,NA
Callicebus moloch,Pons,Pons_Vol.mm3,105.9,NA,only_in_reference,NA,NA,NA,NA,NA
Callithrix jacchus,Pons,Pons_Vol.mm3,38.8,NA,only_in_reference,NA,NA,NA,NA,NA
Callithrix pygmaea,Pons,Pons_Vol.mm3,17.5,NA,only_in_reference,NA,NA,NA,NA,NA
Cebus albifrons,Pons,Pons_Vol.mm3,682.2,NA,only_in_reference,NA,NA,NA,NA,NA
Cercopithecus ascanius,Pons,Pons_Vol.mm3,520.2,NA,only_in_reference,NA,NA,NA,NA,NA
Cercopithecus mitis,Pons,Pons_Vol.mm3,517.6,NA,only_in_reference,NA,NA,NA,NA,NA
Cheirogaleus major,Pons,Pons_Vol.mm3,27.4,NA,only_in_reference,NA,NA,NA,NA,NA
Cheirogaleus medius,Pons,Pons_Vol.mm3,13,NA,only_in_reference,NA,NA,NA,NA,NA
Daubentonia madagascariensis,Pons,Pons_Vol.mm3,304.8,NA,only_in_reference,NA,NA,NA,NA,NA
Erythrocebus patas,Pons,Pons_Vol.mm3,814.5,NA,only_in_reference,NA,NA,NA,NA,NA
Eulemur fulvus,Pons,Pons_Vol.mm3,136.9,NA,only_in_reference,NA,NA,NA,NA,NA
Galago senegalensis,Pons,Pons_Vol.mm3,21,NA,only_in_reference,NA,NA,NA,NA,NA
Galagoides demidoff,Pons,Pons_Vol.mm3,13.6,NA,only_in_reference,NA,NA,NA,NA,NA
Gorilla sp.,Pons,Pons_Vol.mm3,5400.6,NA,only_in_reference,NA,NA,NA,NA,NA
Homo sapiens,Pons,Pons_Vol.mm3,10477.9,NA,only_in_reference,NA,NA,NA,NA,NA
Hylobates lar,Pons,Pons_Vol.mm3,1167.9,NA,only_in_reference,NA,NA,NA,NA,NA
Indri indri,Pons,Pons_Vol.mm3,186.3,NA,only_in_reference,NA,NA,NA,NA,NA
Lepilemur ruficaudatus,Pons,Pons_Vol.mm3,26.2,NA,only_in_reference,NA,NA,NA,NA,NA
Lophocebus albigena,Pons,Pons_Vol.mm3,873.3,NA,only_in_reference,NA,NA,NA,NA,NA
Loris tardigradus,Pons,Pons_Vol.mm3,28.9,NA,only_in_reference,NA,NA,NA,NA,NA
Macaca mulatta,Pons,Pons_Vol.mm3,639.2,NA,only_in_reference,NA,NA,NA,NA,NA
Microcebus murinus,Pons,Pons_Vol.mm3,5.9,NA,only_in_reference,NA,NA,NA,NA,NA
Miopithecus talapoin,Pons,Pons_Vol.mm3,273.7,NA,only_in_reference,NA,NA,NA,NA,NA
Nasalis larvatus,Pons,Pons_Vol.mm3,967.4,NA,only_in_reference,NA,NA,NA,NA,NA
Nycticebus coucang,Pons,Pons_Vol.mm3,63.8,NA,only_in_reference,NA,NA,NA,NA,NA
Otolemur crassicaudatus,Pons,Pons_Vol.mm3,54.5,NA,only_in_reference,NA,NA,NA,NA,NA
Pan troglodytes,Pons,Pons_Vol.mm3,3990.6,NA,only_in_reference,NA,NA,NA,NA,NA
Papio anubis,Pons,Pons_Vol.mm3,2177.7,NA,only_in_reference,NA,NA,NA,NA,NA
Perodicticus potto,Pons,Pons_Vol.mm3,77.7,NA,only_in_reference,NA,NA,NA,NA,NA
Piliocolobus badius,Pons,Pons_Vol.mm3,646.4,NA,only_in_reference,NA,NA,NA,NA,NA
Propithecus verreauxi,Pons,Pons_Vol.mm3,169.3,NA,only_in_reference,NA,NA,NA,NA,NA
Pygathrix nemaeus,Pons,Pons_Vol.mm3,708.5,NA,only_in_reference,NA,NA,NA,NA,NA
Saguinus midas,Pons,Pons_Vol.mm3,45.7,NA,only_in_reference,NA,NA,NA,NA,NA
Saguinus oedipus,Pons,Pons_Vol.mm3,50.9,NA,only_in_reference,NA,NA,NA,NA,NA
Saimiri sciureus,Pons,Pons_Vol.mm3,135.2,NA,only_in_reference,NA,NA,NA,NA,NA
Tarsius sp.,Pons,Pons_Vol.mm3,16.5,NA,only_in_reference,NA,NA,NA,NA,NA
Varecia variegata,Pons,Pons_Vol.mm3,168.8,NA,only_in_reference,NA,NA,NA,NA,NA
Alouatta seniculus,Prefrontal.Gray,PrefrontalCortex_grey_matter_Vol.mm3,1.02,NA,only_in_reference,NA,NA,NA,NA,NA
Ateles geoffroyi,Prefrontal.Gray,PrefrontalCortex_grey_matter_Vol.mm3,2.77,NA,only_in_reference,NA,NA,NA,NA,NA
Cebus albifrons,Prefrontal.Gray,PrefrontalCortex_grey_matter_Vol.mm3,1.43,NA,only_in_reference,NA,NA,NA,NA,NA
Cercopithecus ascanius,Prefrontal.Gray,PrefrontalCortex_grey_matter_Vol.mm3,1.15,NA,only_in_reference,NA,NA,NA,NA,NA
Cercopithecus mitis,Prefrontal.Gray,PrefrontalCortex_grey_matter_Vol.mm3,1.38,NA,only_in_reference,NA,NA,NA,NA,NA
Erythrocebus patas,Prefrontal.Gray,PrefrontalCortex_grey_matter_Vol.mm3,1.56,NA,only_in_reference,NA,NA,NA,NA,NA
Gorilla sp.,Prefrontal.Gray,PrefrontalCortex_grey_matter_Vol.mm3,11.64,NA,only_in_reference,NA,NA,NA,NA,NA
Homo sapiens,Prefrontal.Gray,PrefrontalCortex_grey_matter_Vol.mm3,46.32,NA,only_in_reference,NA,NA,NA,NA,NA
Hylobates lar,Prefrontal.Gray,PrefrontalCortex_grey_matter_Vol.mm3,2.59,NA,only_in_reference,NA,NA,NA,NA,NA
Lagothrix lagothricha,Prefrontal.Gray,PrefrontalCortex_grey_matter_Vol.mm3,1.89,NA,only_in_reference,NA,NA,NA,NA,NA
Lophocebus albigena,Prefrontal.Gray,PrefrontalCortex_grey_matter_Vol.mm3,2.31,NA,only_in_reference,NA,NA,NA,NA,NA
Miopithecus talapoin,Prefrontal.Gray,PrefrontalCortex_grey_matter_Vol.mm3,1.02,NA,only_in_reference,NA,NA,NA,NA,NA
Nasalis larvatus,Prefrontal.Gray,PrefrontalCortex_grey_matter_Vol.mm3,0.81,NA,only_in_reference,NA,NA,NA,NA,NA
Pan paniscus,Prefrontal.Gray,PrefrontalCortex_grey_matter_Vol.mm3,7.96,NA,only_in_reference,NA,NA,NA,NA,NA
Pan troglodytes,Prefrontal.Gray,PrefrontalCortex_grey_matter_Vol.mm3,14.21,NA,only_in_reference,NA,NA,NA,NA,NA
Papio anubis,Prefrontal.Gray,PrefrontalCortex_grey_matter_Vol.mm3,3.92,NA,only_in_reference,NA,NA,NA,NA,NA
Piliocolobus badius,Prefrontal.Gray,PrefrontalCortex_grey_matter_Vol.mm3,1.59,NA,only_in_reference,NA,NA,NA,NA,NA
Pithecia pithecia,Prefrontal.Gray,PrefrontalCortex_grey_matter_Vol.mm3,0.6,NA,only_in_reference,NA,NA,NA,NA,NA
Pongo sp.,Prefrontal.Gray,PrefrontalCortex_grey_matter_Vol.mm3,8.6,NA,only_in_reference,NA,NA,NA,NA,NA
Alouatta seniculus,Prefrontal.White,PrefrontalCortex_white_matter_Vol.mm3,0.18,NA,only_in_reference,NA,NA,NA,NA,NA
Ateles geoffroyi,Prefrontal.White,PrefrontalCortex_white_matter_Vol.mm3,0.29,NA,only_in_reference,NA,NA,NA,NA,NA
Cebus albifrons,Prefrontal.White,PrefrontalCortex_white_matter_Vol.mm3,0.26,NA,only_in_reference,NA,NA,NA,NA,NA
Cercopithecus ascanius,Prefrontal.White,PrefrontalCortex_white_matter_Vol.mm3,0.16,NA,only_in_reference,NA,NA,NA,NA,NA
Cercopithecus mitis,Prefrontal.White,PrefrontalCortex_white_matter_Vol.mm3,0.21,NA,only_in_reference,NA,NA,NA,NA,NA
Erythrocebus patas,Prefrontal.White,PrefrontalCortex_white_matter_Vol.mm3,0.27,NA,only_in_reference,NA,NA,NA,NA,NA
Gorilla sp.,Prefrontal.White,PrefrontalCortex_white_matter_Vol.mm3,2.61,NA,only_in_reference,NA,NA,NA,NA,NA
Homo sapiens,Prefrontal.White,PrefrontalCortex_white_matter_Vol.mm3,28.14,NA,only_in_reference,NA,NA,NA,NA,NA
Hylobates lar,Prefrontal.White,PrefrontalCortex_white_matter_Vol.mm3,0.51,NA,only_in_reference,NA,NA,NA,NA,NA
Lagothrix lagothricha,Prefrontal.White,PrefrontalCortex_white_matter_Vol.mm3,0.23,NA,only_in_reference,NA,NA,NA,NA,NA
Lophocebus albigena,Prefrontal.White,PrefrontalCortex_white_matter_Vol.mm3,0.42,NA,only_in_reference,NA,NA,NA,NA,NA
Miopithecus talapoin,Prefrontal.White,PrefrontalCortex_white_matter_Vol.mm3,0.15,NA,only_in_reference,NA,NA,NA,NA,NA
Nasalis larvatus,Prefrontal.White,PrefrontalCortex_white_matter_Vol.mm3,0.07,NA,only_in_reference,NA,NA,NA,NA,NA
Pan paniscus,Prefrontal.White,PrefrontalCortex_white_matter_Vol.mm3,2.06,NA,only_in_reference,NA,NA,NA,NA,NA
Pan troglodytes,Prefrontal.White,PrefrontalCortex_white_matter_Vol.mm3,4.61,NA,only_in_reference,NA,NA,NA,NA,NA
Papio anubis,Prefrontal.White,PrefrontalCortex_white_matter_Vol.mm3,0.85,NA,only_in_reference,NA,NA,NA,NA,NA
Piliocolobus badius,Prefrontal.White,PrefrontalCortex_white_matter_Vol.mm3,0.2,NA,only_in_reference,NA,NA,NA,NA,NA
Pithecia pithecia,Prefrontal.White,PrefrontalCortex_white_matter_Vol.mm3,0.08,NA,only_in_reference,NA,NA,NA,NA,NA
Pongo sp.,Prefrontal.White,PrefrontalCortex_white_matter_Vol.mm3,2.52,NA,only_in_reference,NA,NA,NA,NA,NA
Avahi laniger,Subthalamus,Subthalamus_Vol.mm3,80.5,NA,only_in_reference,NA,NA,NA,NA,NA
Avahi laniger,Thalamus,Thalamus_Vol.mm3,489,NA,only_in_reference,NA,NA,NA,NA,NA
Avahi laniger,Tractus_opticus,Tractus_opticus_Vol.mm3,38.3,NA,only_in_reference,NA,NA,NA,NA,NA
Avahi occidentalis,Agranular_volume_L,Agranular_insular_cortex_left_Vol.mm3,NA,7,only_in_merge,NA,NA,Bauernfeind_etal_2013_Table1,2013,NA
Pongo sp.,Amygdala,Amygdala_Vol.mm3,NA,1400,only_in_merge,NA,NA,Zilles_Rehkämper_1988_Table12-2,1988,NA
Pongo sp.,ASG_Sousa,Area_striata_grey_matter_Vol.mm3,NA,8400,only_in_merge,NA,NA,Zilles_Rehkämper_1988_Table12-2,1988,NA
Aotus trivirgatus,Primary.visual.White.Smaers,Area_striata_white_matter_Vol.mm3,NA,207,only_in_merge,NA,NA,Frahm_etal_1984_Table1,1984,NA
Avahi laniger,Primary.visual.White.Smaers,Area_striata_white_matter_Vol.mm3,NA,66.5,only_in_merge,NA,NA,Frahm_etal_1984_Table1,1984,NA
Avahi occidentalis,Primary.visual.White.Smaers,Area_striata_white_matter_Vol.mm3,NA,77.2,only_in_merge,NA,NA,Frahm_etal_1984_Table1,1984,NA
Callicebus moloch,Primary.visual.White.Smaers,Area_striata_white_matter_Vol.mm3,NA,324,only_in_merge,NA,NA,Frahm_etal_1984_Table1,1984,NA
Callithrix jacchus,Primary.visual.White.Smaers,Area_striata_white_matter_Vol.mm3,NA,119,only_in_merge,NA,NA,Frahm_etal_1984_Table1,1984,NA
Callithrix pygmaea,Primary.visual.White.Smaers,Area_striata_white_matter_Vol.mm3,NA,51.4,only_in_merge,NA,NA,Frahm_etal_1984_Table1,1984,NA
Cheirogaleus major,Primary.visual.White.Smaers,Area_striata_white_matter_Vol.mm3,NA,44.8,only_in_merge,NA,NA,Frahm_etal_1984_Table1,1984,NA
Cheirogaleus medius,Primary.visual.White.Smaers,Area_striata_white_matter_Vol.mm3,NA,17.6,only_in_merge,NA,NA,Frahm_etal_1984_Table1,1984,NA
Daubentonia madagascariensis,Primary.visual.White.Smaers,Area_striata_white_matter_Vol.mm3,NA,242,only_in_merge,NA,NA,Frahm_etal_1984_Table1,1984,NA
Eulemur fulvus,Primary.visual.White.Smaers,Area_striata_white_matter_Vol.mm3,NA,267,only_in_merge,NA,NA,Frahm_etal_1984_Table1,1984,NA
Galago senegalensis,Primary.visual.White.Smaers,Area_striata_white_matter_Vol.mm3,NA,32.6,only_in_merge,NA,NA,Frahm_etal_1984_Table1,1984,NA
Galagoides demidoff,Primary.visual.White.Smaers,Area_striata_white_matter_Vol.mm3,NA,22.4,only_in_merge,NA,NA,Frahm_etal_1984_Table1,1984,NA
Indri indri,Primary.visual.White.Smaers,Area_striata_white_matter_Vol.mm3,NA,313,only_in_merge,NA,NA,Frahm_etal_1984_Table1,1984,NA
Lepilemur ruficaudatus,Primary.visual.White.Smaers,Area_striata_white_matter_Vol.mm3,NA,31.4,only_in_merge,NA,NA,Frahm_etal_1984_Table1,1984,NA
Loris tardigradus,Primary.visual.White.Smaers,Area_striata_white_matter_Vol.mm3,NA,59.6,only_in_merge,NA,NA,Frahm_etal_1984_Table1,1984,NA
Macaca mulatta,Primary.visual.White.Smaers,Area_striata_white_matter_Vol.mm3,NA,1243,only_in_merge,NA,NA,Frahm_etal_1984_Table1,1984,NA
Microcebus murinus,Primary.visual.White.Smaers,Area_striata_white_matter_Vol.mm3,NA,8.24,only_in_merge,NA,NA,Frahm_etal_1984_Table1,1984,NA
Nycticebus coucang,Primary.visual.White.Smaers,Area_striata_white_matter_Vol.mm3,NA,132,only_in_merge,NA,NA,Frahm_etal_1984_Table1,1984,NA
Otolemur crassicaudatus,Primary.visual.White.Smaers,Area_striata_white_matter_Vol.mm3,NA,68.4,only_in_merge,NA,NA,Frahm_etal_1984_Table1,1984,NA
Perodicticus potto,Primary.visual.White.Smaers,Area_striata_white_matter_Vol.mm3,NA,57.7,only_in_merge,NA,NA,Frahm_etal_1984_Table1,1984,NA
Pithecia monachus,Primary.visual.White.Smaers,Area_striata_white_matter_Vol.mm3,NA,451,only_in_merge,NA,NA,Frahm_etal_1984_Table1,1984,NA
Propithecus verreauxi,Primary.visual.White.Smaers,Area_striata_white_matter_Vol.mm3,NA,249,only_in_merge,NA,NA,Frahm_etal_1984_Table1,1984,NA
Saguinus midas,Primary.visual.White.Smaers,Area_striata_white_matter_Vol.mm3,NA,220,only_in_merge,NA,NA,Frahm_etal_1984_Table1,1984,NA
Saguinus oedipus,Primary.visual.White.Smaers,Area_striata_white_matter_Vol.mm3,NA,170,only_in_merge,NA,NA,Frahm_etal_1984_Table1,1984,NA
Saimiri sciureus,Primary.visual.White.Smaers,Area_striata_white_matter_Vol.mm3,NA,442,only_in_merge,NA,NA,Frahm_etal_1984_Table1,1984,NA
Tarsius sp.,Primary.visual.White.Smaers,Area_striata_white_matter_Vol.mm3,NA,21.3,only_in_merge,NA,NA,Frahm_etal_1984_Table1,1984,NA
Varecia variegata,Primary.visual.White.Smaers,Area_striata_white_matter_Vol.mm3,NA,367,only_in_merge,NA,NA,Frahm_etal_1984_Table1,1984,NA
Avahi occidentalis,Capsula_interna,Capsula_interna_Vol.mm3,NA,105,only_in_merge,NA,NA,Stephan_etal_1981_TableVIII,1981,NA
Pongo sp.,Cerebellum,Cerebellum_Vol.mm3,NA,42900,only_in_merge,NA,NA,Zilles_Rehkämper_1988_Table12-2,1988,NA
Alouatta seniculus,Complexus.vestibularis,Complexus_vestibularis_unilateral_Vol.mm3,NA,45.9,only_in_merge,NA,NA,Matano__1986_TableI,1986,NA
Aotus trivirgatus,Complexus.vestibularis,Complexus_vestibularis_unilateral_Vol.mm3,NA,28.1,only_in_merge,NA,NA,Matano__1986_TableI,1986,NA
Avahi laniger,Complexus.vestibularis,Complexus_vestibularis_unilateral_Vol.mm3,NA,23.7,only_in_merge,NA,NA,Matano__1986_TableI,1986,NA
Callicebus moloch,Complexus.vestibularis,Complexus_vestibularis_unilateral_Vol.mm3,NA,33.1,only_in_merge,NA,NA,Matano__1986_TableI,1986,NA
Callithrix jacchus,Complexus.vestibularis,Complexus_vestibularis_unilateral_Vol.mm3,NA,15.2,only_in_merge,NA,NA,Matano__1986_TableI,1986,NA
Cercopithecus mitis,Complexus.vestibularis,Complexus_vestibularis_unilateral_Vol.mm3,NA,80.5,only_in_merge,NA,NA,Matano__1986_TableI,1986,NA
Cheirogaleus medius,Complexus.vestibularis,Complexus_vestibularis_unilateral_Vol.mm3,NA,6,only_in_merge,NA,NA,Matano__1986_TableI,1986,NA
Daubentonia madagascariensis,Complexus.vestibularis,Complexus_vestibularis_unilateral_Vol.mm3,NA,47.3,only_in_merge,NA,NA,Matano__1986_TableI,1986,NA
Erythrocebus patas,Complexus.vestibularis,Complexus_vestibularis_unilateral_Vol.mm3,NA,89,only_in_merge,NA,NA,Matano__1986_TableI,1986,NA
Galago senegalensis,Complexus.vestibularis,Complexus_vestibularis_unilateral_Vol.mm3,NA,9.14,only_in_merge,NA,NA,Matano__1986_TableI,1986,NA
Indri indri,Complexus.vestibularis,Complexus_vestibularis_unilateral_Vol.mm3,NA,51.3,only_in_merge,NA,NA,Matano__1986_TableI,1986,NA
Macaca mulatta,Complexus.vestibularis,Complexus_vestibularis_unilateral_Vol.mm3,NA,82.5,only_in_merge,NA,NA,Matano__1986_TableI,1986,NA
Miopithecus talapoin,Complexus.vestibularis,Complexus_vestibularis_unilateral_Vol.mm3,NA,39.8,only_in_merge,NA,NA,Matano__1986_TableI,1986,NA
Nycticebus coucang,Complexus.vestibularis,Complexus_vestibularis_unilateral_Vol.mm3,NA,18.5,only_in_merge,NA,NA,Matano__1986_TableI,1986,NA
Pithecia monachus,Complexus.vestibularis,Complexus_vestibularis_unilateral_Vol.mm3,NA,38.8,only_in_merge,NA,NA,Matano__1986_TableI,1986,NA
Pygathrix nemaeus,Complexus.vestibularis,Complexus_vestibularis_unilateral_Vol.mm3,NA,62.5,only_in_merge,NA,NA,Matano__1986_TableI,1986,NA
Saguinus midas,Complexus.vestibularis,Complexus_vestibularis_unilateral_Vol.mm3,NA,15.8,only_in_merge,NA,NA,Matano__1986_TableI,1986,NA
Varecia variegata,Complexus.vestibularis,Complexus_vestibularis_unilateral_Vol.mm3,NA,43.4,only_in_merge,NA,NA,Matano__1986_TableI,1986,NA
Pongo sp.,LGN_Sousa,Corpus_geniculatum_laterale_Vol.mm3,NA,259.1,only_in_merge,NA,NA,deSousa_etal_2013_Table1,2013,NA
Pongo sp.,Diencephalon,Diencephalon_Vol.mm3,NA,13500,only_in_merge,NA,NA,Zilles_Rehkämper_1988_Table12-2,1988,NA
Avahi occidentalis,Dysgranular_volume_L,Dysgranular_insular_cortex_left_Vol.mm3,NA,18,only_in_merge,NA,NA,Bauernfeind_etal_2013_Table1,2013,NA
Avahi occidentalis,Epithalamus,Epithalamus_Vol.mm3,NA,6.52,only_in_merge,NA,NA,Stephan_etal_1981_TableVIII,1981,NA
Avahi occidentalis,Granular_volume_L,Granular_insular_cortex_left_Vol.mm3,NA,13,only_in_merge,NA,NA,Bauernfeind_etal_2013_Table1,2013,NA
Pongo sp.,Hippocampus,Hippocampus_Vol.mm3,NA,2700,only_in_merge,NA,NA,Zilles_Rehkämper_1988_Table12-2,1988,NA
Avahi occidentalis,Hypothalamus,Hypothalamus_Vol.mm3,NA,137,only_in_merge,NA,NA,Stephan_etal_1981_TableVIII,1981,NA
Avahi occidentalis,Total_insula_volume_L,Insula_left_Vol.mm3,NA,38,only_in_merge,NA,NA,Bauernfeind_etal_2013_Table1,2013,NA
Pongo sp.,Medulla_oblongata,Medulla_oblongata_Vol.mm3,NA,5500,only_in_merge,NA,NA,Zilles_Rehkämper_1988_Table12-2,1988,NA
Pongo sp.,Mesencephalon,Mesencephalon_Vol.mm3,NA,4000,only_in_merge,NA,NA,Zilles_Rehkämper_1988_Table12-2,1988,NA
Pan paniscus,NeoWG,Neocortex_Vol.mm3,NA,246700,only_in_merge,NA,NA,deSousa_etal_2010_Table1,2010,NA
Pongo sp.,NeoWG,Neocortex_Vol.mm3,NA,269233.333333333,only_in_merge,NA,NA,deSousa_etal_2010_Table1,2010,Zilles_Rehkämper_1988_Table12-2 (1988) = 219800
Pongo sp.,NeoG_Frahm,Neocortex_grey_matter_Vol.mm3,NA,129900,only_in_merge,NA,NA,Zilles_Rehkämper_1988_Table12-2,1988,NA
Pongo sp.,NeoW_Frahm,Neocortex_white_matter_Vol.mm3,NA,81500,only_in_merge,NA,NA,Zilles_Rehkämper_1988_Table12-2,1988,NA
Avahi occidentalis,Nucleus_subthalamicus,Nucleus_subthalamicus_Vol.mm3,NA,5.94,only_in_merge,NA,NA,Stephan_etal_1981_TableVIII,1981,NA
Alouatta seniculus,Nucleus.vestibularis.descendens,Nucleus_vestibularis_descendens_unilateral_Vol.mm3,NA,11.2,only_in_merge,NA,NA,Matano__1986_TableI,1986,NA
Aotus trivirgatus,Nucleus.vestibularis.descendens,Nucleus_vestibularis_descendens_unilateral_Vol.mm3,NA,5.81,only_in_merge,NA,NA,Matano__1986_TableI,1986,NA
Avahi laniger,Nucleus.vestibularis.descendens,Nucleus_vestibularis_descendens_unilateral_Vol.mm3,NA,5.19,only_in_merge,NA,NA,Matano__1986_TableI,1986,NA
Callicebus moloch,Nucleus.vestibularis.descendens,Nucleus_vestibularis_descendens_unilateral_Vol.mm3,NA,8.52,only_in_merge,NA,NA,Matano__1986_TableI,1986,NA
Callithrix jacchus,Nucleus.vestibularis.descendens,Nucleus_vestibularis_descendens_unilateral_Vol.mm3,NA,2.6,only_in_merge,NA,NA,Matano__1986_TableI,1986,NA
Cercopithecus mitis,Nucleus.vestibularis.descendens,Nucleus_vestibularis_descendens_unilateral_Vol.mm3,NA,24.3,only_in_merge,NA,NA,Matano__1986_TableI,1986,NA
Cheirogaleus medius,Nucleus.vestibularis.descendens,Nucleus_vestibularis_descendens_unilateral_Vol.mm3,NA,1.61,only_in_merge,NA,NA,Matano__1986_TableI,1986,NA
Daubentonia madagascariensis,Nucleus.vestibularis.descendens,Nucleus_vestibularis_descendens_unilateral_Vol.mm3,NA,12.7,only_in_merge,NA,NA,Matano__1986_TableI,1986,NA
Erythrocebus patas,Nucleus.vestibularis.descendens,Nucleus_vestibularis_descendens_unilateral_Vol.mm3,NA,15.6,only_in_merge,NA,NA,Matano__1986_TableI,1986,NA
Galago senegalensis,Nucleus.vestibularis.descendens,Nucleus_vestibularis_descendens_unilateral_Vol.mm3,NA,2.93,only_in_merge,NA,NA,Matano__1986_TableI,1986,NA
Indri indri,Nucleus.vestibularis.descendens,Nucleus_vestibularis_descendens_unilateral_Vol.mm3,NA,11.8,only_in_merge,NA,NA,Matano__1986_TableI,1986,NA
Macaca mulatta,Nucleus.vestibularis.descendens,Nucleus_vestibularis_descendens_unilateral_Vol.mm3,NA,15.5,only_in_merge,NA,NA,Matano__1986_TableI,1986,NA
Miopithecus talapoin,Nucleus.vestibularis.descendens,Nucleus_vestibularis_descendens_unilateral_Vol.mm3,NA,9.24,only_in_merge,NA,NA,Matano__1986_TableI,1986,NA
Nycticebus coucang,Nucleus.vestibularis.descendens,Nucleus_vestibularis_descendens_unilateral_Vol.mm3,NA,5.14,only_in_merge,NA,NA,Matano__1986_TableI,1986,NA
Pithecia monachus,Nucleus.vestibularis.descendens,Nucleus_vestibularis_descendens_unilateral_Vol.mm3,NA,10.1,only_in_merge,NA,NA,Matano__1986_TableI,1986,NA
Pygathrix nemaeus,Nucleus.vestibularis.descendens,Nucleus_vestibularis_descendens_unilateral_Vol.mm3,NA,18.2,only_in_merge,NA,NA,Matano__1986_TableI,1986,NA
Saguinus midas,Nucleus.vestibularis.descendens,Nucleus_vestibularis_descendens_unilateral_Vol.mm3,NA,3.6,only_in_merge,NA,NA,Matano__1986_TableI,1986,NA
Varecia variegata,Nucleus.vestibularis.descendens,Nucleus_vestibularis_descendens_unilateral_Vol.mm3,NA,13.8,only_in_merge,NA,NA,Matano__1986_TableI,1986,NA
Alouatta seniculus,Nucleus.vestibularis.lateralis,Nucleus_vestibularis_lateralis_unilateral_Vol.mm3,NA,9.27,only_in_merge,NA,NA,Matano__1986_TableI,1986,NA
Aotus trivirgatus,Nucleus.vestibularis.lateralis,Nucleus_vestibularis_lateralis_unilateral_Vol.mm3,NA,5.14,only_in_merge,NA,NA,Matano__1986_TableI,1986,NA
Avahi laniger,Nucleus.vestibularis.lateralis,Nucleus_vestibularis_lateralis_unilateral_Vol.mm3,NA,5.02,only_in_merge,NA,NA,Matano__1986_TableI,1986,NA
Callicebus moloch,Nucleus.vestibularis.lateralis,Nucleus_vestibularis_lateralis_unilateral_Vol.mm3,NA,5.29,only_in_merge,NA,NA,Matano__1986_TableI,1986,NA
Callithrix jacchus,Nucleus.vestibularis.lateralis,Nucleus_vestibularis_lateralis_unilateral_Vol.mm3,NA,4.07,only_in_merge,NA,NA,Matano__1986_TableI,1986,NA
Cercopithecus mitis,Nucleus.vestibularis.lateralis,Nucleus_vestibularis_lateralis_unilateral_Vol.mm3,NA,10.5,only_in_merge,NA,NA,Matano__1986_TableI,1986,NA
Cheirogaleus medius,Nucleus.vestibularis.lateralis,Nucleus_vestibularis_lateralis_unilateral_Vol.mm3,NA,1,only_in_merge,NA,NA,Matano__1986_TableI,1986,NA
Daubentonia madagascariensis,Nucleus.vestibularis.lateralis,Nucleus_vestibularis_lateralis_unilateral_Vol.mm3,NA,8.13,only_in_merge,NA,NA,Matano__1986_TableI,1986,NA
Erythrocebus patas,Nucleus.vestibularis.lateralis,Nucleus_vestibularis_lateralis_unilateral_Vol.mm3,NA,17.9,only_in_merge,NA,NA,Matano__1986_TableI,1986,NA
Galago senegalensis,Nucleus.vestibularis.lateralis,Nucleus_vestibularis_lateralis_unilateral_Vol.mm3,NA,1.43,only_in_merge,NA,NA,Matano__1986_TableI,1986,NA
Indri indri,Nucleus.vestibularis.lateralis,Nucleus_vestibularis_lateralis_unilateral_Vol.mm3,NA,9.51,only_in_merge,NA,NA,Matano__1986_TableI,1986,NA
Macaca mulatta,Nucleus.vestibularis.lateralis,Nucleus_vestibularis_lateralis_unilateral_Vol.mm3,NA,16.9,only_in_merge,NA,NA,Matano__1986_TableI,1986,NA
Miopithecus talapoin,Nucleus.vestibularis.lateralis,Nucleus_vestibularis_lateralis_unilateral_Vol.mm3,NA,7.25,only_in_merge,NA,NA,Matano__1986_TableI,1986,NA
Nycticebus coucang,Nucleus.vestibularis.lateralis,Nucleus_vestibularis_lateralis_unilateral_Vol.mm3,NA,3.05,only_in_merge,NA,NA,Matano__1986_TableI,1986,NA
Pithecia monachus,Nucleus.vestibularis.lateralis,Nucleus_vestibularis_lateralis_unilateral_Vol.mm3,NA,8.58,only_in_merge,NA,NA,Matano__1986_TableI,1986,NA
Pygathrix nemaeus,Nucleus.vestibularis.lateralis,Nucleus_vestibularis_lateralis_unilateral_Vol.mm3,NA,12.2,only_in_merge,NA,NA,Matano__1986_TableI,1986,NA
Saguinus midas,Nucleus.vestibularis.lateralis,Nucleus_vestibularis_lateralis_unilateral_Vol.mm3,NA,3.28,only_in_merge,NA,NA,Matano__1986_TableI,1986,NA
Varecia variegata,Nucleus.vestibularis.lateralis,Nucleus_vestibularis_lateralis_unilateral_Vol.mm3,NA,7.86,only_in_merge,NA,NA,Matano__1986_TableI,1986,NA
Alouatta seniculus,Nucleus.vestibularis.medialis,Nucleus_vestibularis_medialis_unilateral_Vol.mm3,NA,16.3,only_in_merge,NA,NA,Matano__1986_TableI,1986,NA
Aotus trivirgatus,Nucleus.vestibularis.medialis,Nucleus_vestibularis_medialis_unilateral_Vol.mm3,NA,11.1,only_in_merge,NA,NA,Matano__1986_TableI,1986,NA
Avahi laniger,Nucleus.vestibularis.medialis,Nucleus_vestibularis_medialis_unilateral_Vol.mm3,NA,9.21,only_in_merge,NA,NA,Matano__1986_TableI,1986,NA
Callicebus moloch,Nucleus.vestibularis.medialis,Nucleus_vestibularis_medialis_unilateral_Vol.mm3,NA,13.1,only_in_merge,NA,NA,Matano__1986_TableI,1986,NA
Callithrix jacchus,Nucleus.vestibularis.medialis,Nucleus_vestibularis_medialis_unilateral_Vol.mm3,NA,5.8,only_in_merge,NA,NA,Matano__1986_TableI,1986,NA
Cercopithecus mitis,Nucleus.vestibularis.medialis,Nucleus_vestibularis_medialis_unilateral_Vol.mm3,NA,30.7,only_in_merge,NA,NA,Matano__1986_TableI,1986,NA
Cheirogaleus medius,Nucleus.vestibularis.medialis,Nucleus_vestibularis_medialis_unilateral_Vol.mm3,NA,2.03,only_in_merge,NA,NA,Matano__1986_TableI,1986,NA
Daubentonia madagascariensis,Nucleus.vestibularis.medialis,Nucleus_vestibularis_medialis_unilateral_Vol.mm3,NA,18,only_in_merge,NA,NA,Matano__1986_TableI,1986,NA
Erythrocebus patas,Nucleus.vestibularis.medialis,Nucleus_vestibularis_medialis_unilateral_Vol.mm3,NA,40.3,only_in_merge,NA,NA,Matano__1986_TableI,1986,NA
Galago senegalensis,Nucleus.vestibularis.medialis,Nucleus_vestibularis_medialis_unilateral_Vol.mm3,NA,3.42,only_in_merge,NA,NA,Matano__1986_TableI,1986,NA
Indri indri,Nucleus.vestibularis.medialis,Nucleus_vestibularis_medialis_unilateral_Vol.mm3,NA,22.2,only_in_merge,NA,NA,Matano__1986_TableI,1986,NA
Macaca mulatta,Nucleus.vestibularis.medialis,Nucleus_vestibularis_medialis_unilateral_Vol.mm3,NA,33.7,only_in_merge,NA,NA,Matano__1986_TableI,1986,NA
Miopithecus talapoin,Nucleus.vestibularis.medialis,Nucleus_vestibularis_medialis_unilateral_Vol.mm3,NA,15.7,only_in_merge,NA,NA,Matano__1986_TableI,1986,NA
Nycticebus coucang,Nucleus.vestibularis.medialis,Nucleus_vestibularis_medialis_unilateral_Vol.mm3,NA,7.32,only_in_merge,NA,NA,Matano__1986_TableI,1986,NA
Pithecia monachus,Nucleus.vestibularis.medialis,Nucleus_vestibularis_medialis_unilateral_Vol.mm3,NA,12,only_in_merge,NA,NA,Matano__1986_TableI,1986,NA
Pygathrix nemaeus,Nucleus.vestibularis.medialis,Nucleus_vestibularis_medialis_unilateral_Vol.mm3,NA,18.1,only_in_merge,NA,NA,Matano__1986_TableI,1986,NA
Saguinus midas,Nucleus.vestibularis.medialis,Nucleus_vestibularis_medialis_unilateral_Vol.mm3,NA,5.7,only_in_merge,NA,NA,Matano__1986_TableI,1986,NA
Varecia variegata,Nucleus.vestibularis.medialis,Nucleus_vestibularis_medialis_unilateral_Vol.mm3,NA,14.8,only_in_merge,NA,NA,Matano__1986_TableI,1986,NA
Alouatta seniculus,Nucleus.vestibularis.superior,Nucleus_vestibularis_superior_unilateral_Vol.mm3,NA,9.09,only_in_merge,NA,NA,Matano__1986_TableI,1986,NA
Aotus trivirgatus,Nucleus.vestibularis.superior,Nucleus_vestibularis_superior_unilateral_Vol.mm3,NA,6.07,only_in_merge,NA,NA,Matano__1986_TableI,1986,NA
Avahi laniger,Nucleus.vestibularis.superior,Nucleus_vestibularis_superior_unilateral_Vol.mm3,NA,4.27,only_in_merge,NA,NA,Matano__1986_TableI,1986,NA
Callicebus moloch,Nucleus.vestibularis.superior,Nucleus_vestibularis_superior_unilateral_Vol.mm3,NA,6.17,only_in_merge,NA,NA,Matano__1986_TableI,1986,NA
Callithrix jacchus,Nucleus.vestibularis.superior,Nucleus_vestibularis_superior_unilateral_Vol.mm3,NA,2.69,only_in_merge,NA,NA,Matano__1986_TableI,1986,NA
Cercopithecus mitis,Nucleus.vestibularis.superior,Nucleus_vestibularis_superior_unilateral_Vol.mm3,NA,15,only_in_merge,NA,NA,Matano__1986_TableI,1986,NA
Cheirogaleus medius,Nucleus.vestibularis.superior,Nucleus_vestibularis_superior_unilateral_Vol.mm3,NA,1.36,only_in_merge,NA,NA,Matano__1986_TableI,1986,NA
Daubentonia madagascariensis,Nucleus.vestibularis.superior,Nucleus_vestibularis_superior_unilateral_Vol.mm3,NA,8.45,only_in_merge,NA,NA,Matano__1986_TableI,1986,NA
Erythrocebus patas,Nucleus.vestibularis.superior,Nucleus_vestibularis_superior_unilateral_Vol.mm3,NA,15.2,only_in_merge,NA,NA,Matano__1986_TableI,1986,NA
Galago senegalensis,Nucleus.vestibularis.superior,Nucleus_vestibularis_superior_unilateral_Vol.mm3,NA,1.36,only_in_merge,NA,NA,Matano__1986_TableI,1986,NA
Indri indri,Nucleus.vestibularis.superior,Nucleus_vestibularis_superior_unilateral_Vol.mm3,NA,7.8,only_in_merge,NA,NA,Matano__1986_TableI,1986,NA
Macaca mulatta,Nucleus.vestibularis.superior,Nucleus_vestibularis_superior_unilateral_Vol.mm3,NA,16.4,only_in_merge,NA,NA,Matano__1986_TableI,1986,NA
Miopithecus talapoin,Nucleus.vestibularis.superior,Nucleus_vestibularis_superior_unilateral_Vol.mm3,NA,7.61,only_in_merge,NA,NA,Matano__1986_TableI,1986,NA
Nycticebus coucang,Nucleus.vestibularis.superior,Nucleus_vestibularis_superior_unilateral_Vol.mm3,NA,3.03,only_in_merge,NA,NA,Matano__1986_TableI,1986,NA
Pithecia monachus,Nucleus.vestibularis.superior,Nucleus_vestibularis_superior_unilateral_Vol.mm3,NA,8.07,only_in_merge,NA,NA,Matano__1986_TableI,1986,NA
Pygathrix nemaeus,Nucleus.vestibularis.superior,Nucleus_vestibularis_superior_unilateral_Vol.mm3,NA,14,only_in_merge,NA,NA,Matano__1986_TableI,1986,NA
Saguinus midas,Nucleus.vestibularis.superior,Nucleus_vestibularis_superior_unilateral_Vol.mm3,NA,3.21,only_in_merge,NA,NA,Matano__1986_TableI,1986,NA
Varecia variegata,Nucleus.vestibularis.superior,Nucleus_vestibularis_superior_unilateral_Vol.mm3,NA,6.92,only_in_merge,NA,NA,Matano__1986_TableI,1986,NA
Pongo sp.,Palaeocortex,Palaeocortex_Vol.mm3,NA,2400,only_in_merge,NA,NA,Zilles_Rehkämper_1988_Table12-2,1988,NA
Avahi occidentalis,Pallidum,Pallidum_Vol.mm3,NA,74.5,only_in_merge,NA,NA,Stephan_etal_1981_TableVIII,1981,NA
Pongo sp.,Pallidum,Pallidum_Vol.mm3,NA,1800,only_in_merge,NA,NA,Zilles_Rehkämper_1988_Table12-2,1988,NA
Pongo sp.,Pons,Pons_Vol.mm3,NA,4300,only_in_merge,NA,NA,Zilles_Rehkämper_1988_Table12-2,1988,NA
Pongo sp.,Septum,Septum_Vol.mm3,NA,600,only_in_merge,NA,NA,Zilles_Rehkämper_1988_Table12-2,1988,NA
Pongo sp.,Striatum,Striatum_Vol.mm3,NA,11500,only_in_merge,NA,NA,Zilles_Rehkämper_1988_Table12-2,1988,NA
Avahi occidentalis,Subthalamus,Subthalamus_Vol.mm3,NA,80.5,only_in_merge,NA,NA,Stephan_etal_1981_TableVIII,1981,NA
Pongo sp.,Telencephalon,Telencephalon_Vol.mm3,NA,238300,only_in_merge,NA,NA,Zilles_Rehkämper_1988_Table12-2,1988,NA
Avahi occidentalis,Thalamus,Thalamus_Vol.mm3,NA,489,only_in_merge,NA,NA,Stephan_etal_1981_TableVIII,1981,NA
Alouatta caraya,Total_brain_net_volume,Total_brain_net_volume_Vol.mm3,NA,53861,only_in_merge,NA,NA,Bauernfeind_etal_2013_Table1,2013,NA
Cercocebus agilis,Total_brain_net_volume,Total_brain_net_volume_Vol.mm3,NA,91988,only_in_merge,NA,NA,Bauernfeind_etal_2013_Table1,2013,NA
Colobus angolensis,Total_brain_net_volume,Total_brain_net_volume_Vol.mm3,NA,71815,only_in_merge,NA,NA,Bauernfeind_etal_2013_Table1,2013,NA
Hylobates muelleri,Total_brain_net_volume,Total_brain_net_volume_Vol.mm3,NA,98263,only_in_merge,NA,NA,Bauernfeind_etal_2013_Table1,2013,NA
Leontopithecus rosalia,Total_brain_net_volume,Total_brain_net_volume_Vol.mm3,NA,12259,only_in_merge,NA,NA,Bauernfeind_etal_2013_Table1,2013,NA
Macaca fascicularis,Total_brain_net_volume,Total_brain_net_volume_Vol.mm3,NA,55600,only_in_merge,NA,NA,deSousa_etal_2010_Table1,2010,NA
Macaca maura,Total_brain_net_volume,Total_brain_net_volume_Vol.mm3,NA,80405,only_in_merge,NA,NA,Bauernfeind_etal_2013_Table1,2013,NA
Pan paniscus,Total_brain_net_volume,Total_brain_net_volume_Vol.mm3,NA,339766.666666667,only_in_merge,NA,NA,Bauernfeind_etal_2013_Table1,2013,deSousa_etal_2010_Table1 (2010) = 338800
Pithecia pithecia,Total_brain_net_volume,Total_brain_net_volume_Vol.mm3,NA,28958,only_in_merge,NA,NA,Bauernfeind_etal_2013_Table1,2013,NA
Pongo sp.,Total_brain_net_volume,Total_brain_net_volume_Vol.mm3,NA,340925,only_in_merge,NA,NA,Bauernfeind_etal_2013_Table1,2013,deSousa_etal_2010_Table1 (2010) = 371300
Pongo sp.,Total_brain_net_volume,Total_brain_net_volume_Vol.mm3,NA,340925,only_in_merge,NA,NA,Bauernfeind_etal_2013_Table1,2013,deSousa_etal_2010_Table1 (2010) = 371300
Saguinus geoffroyi,Total_brain_net_volume,Total_brain_net_volume_Vol.mm3,NA,10135,only_in_merge,NA,NA,Bauernfeind_etal_2013_Table1,2013,NA
Symphalangus syndactylus,Total_brain_net_volume,Total_brain_net_volume_Vol.mm3,NA,133880,only_in_merge,NA,NA,Bauernfeind_etal_2013_Table1,2013,deSousa_etal_2010_Table1 (2010) = 133900
Trachypithecus francoisi,Total_brain_net_volume,Total_brain_net_volume_Vol.mm3,NA,98552,only_in_merge,NA,NA,Bauernfeind_etal_2013_Table1,2013,NA
Avahi occidentalis,Tractus_opticus,Tractus_opticus_Vol.mm3,NA,38.3,only_in_merge,NA,NA,Stephan_etal_1981_TableVIII,1981,NA
Alouatta caraya,Agranular_volume_L,Agranular_insular_cortex_left_Vol.mm3,42,42,match,1,NA,Bauernfeind_etal_2013_Table1,2013,NA
Ateles geoffroyi,Agranular_volume_L,Agranular_insular_cortex_left_Vol.mm3,135,135,match,1,NA,Bauernfeind_etal_2013_Table1,2013,NA
Cebus albifrons,Agranular_volume_L,Agranular_insular_cortex_left_Vol.mm3,34,34,match,1,NA,Bauernfeind_etal_2013_Table1,2013,NA
Cercocebus agilis,Agranular_volume_L,Agranular_insular_cortex_left_Vol.mm3,105,105,match,1,NA,Bauernfeind_etal_2013_Table1,2013,NA
Cercopithecus mitis,Agranular_volume_L,Agranular_insular_cortex_left_Vol.mm3,89,89,match,1,NA,Bauernfeind_etal_2013_Table1,2013,NA
Colobus angolensis,Agranular_volume_L,Agranular_insular_cortex_left_Vol.mm3,32,32,match,1,NA,Bauernfeind_etal_2013_Table1,2013,NA
Galagoides demidoff,Agranular_volume_L,Agranular_insular_cortex_left_Vol.mm3,2,2,match,1,NA,Bauernfeind_etal_2013_Table1,2013,NA
Gorilla sp.,Agranular_volume_L,Agranular_insular_cortex_left_Vol.mm3,570,570,match,1,NA,Bauernfeind_etal_2013_Table1,2013,NA
Homo sapiens,Agranular_volume_L,Agranular_insular_cortex_left_Vol.mm3,1200.6,1200.6,match,1,NA,Bauernfeind_etal_2013_Table1,2013,NA
Hylobates lar,Agranular_volume_L,Agranular_insular_cortex_left_Vol.mm3,40,40,match,1,NA,Bauernfeind_etal_2013_Table1,2013,NA
Hylobates muelleri,Agranular_volume_L,Agranular_insular_cortex_left_Vol.mm3,142,142,match,1,NA,Bauernfeind_etal_2013_Table1,2013,NA
Indri indri,Agranular_volume_L,Agranular_insular_cortex_left_Vol.mm3,33,33,match,1,NA,Bauernfeind_etal_2013_Table1,2013,NA
Leontopithecus rosalia,Agranular_volume_L,Agranular_insular_cortex_left_Vol.mm3,12,12,match,1,NA,Bauernfeind_etal_2013_Table1,2013,NA
Lophocebus albigena,Agranular_volume_L,Agranular_insular_cortex_left_Vol.mm3,95,95,match,1,NA,Bauernfeind_etal_2013_Table1,2013,NA
Loris tardigradus,Agranular_volume_L,Agranular_insular_cortex_left_Vol.mm3,3,3,match,1,NA,Bauernfeind_etal_2013_Table1,2013,NA
Macaca maura,Agranular_volume_L,Agranular_insular_cortex_left_Vol.mm3,71,71,match,1,NA,Bauernfeind_etal_2013_Table1,2013,NA
Pan paniscus,Agranular_volume_L,Agranular_insular_cortex_left_Vol.mm3,351,351,match,1,NA,Bauernfeind_etal_2013_Table1,2013,NA
Pan troglodytes,Agranular_volume_L,Agranular_insular_cortex_left_Vol.mm3,164.666667,164.666666666667,match,0.9999999979757106,NA,Bauernfeind_etal_2013_Table1,2013,NA
Perodicticus potto,Agranular_volume_L,Agranular_insular_cortex_left_Vol.mm3,4,4,match,1,NA,Bauernfeind_etal_2013_Table1,2013,NA
Piliocolobus badius,Agranular_volume_L,Agranular_insular_cortex_left_Vol.mm3,53,53,match,1,NA,Bauernfeind_etal_2013_Table1,2013,NA
Pithecia pithecia,Agranular_volume_L,Agranular_insular_cortex_left_Vol.mm3,104,104,match,1,NA,Bauernfeind_etal_2013_Table1,2013,NA
Saguinus geoffroyi,Agranular_volume_L,Agranular_insular_cortex_left_Vol.mm3,6,6,match,1,NA,Bauernfeind_etal_2013_Table1,2013,NA
Saguinus oedipus,Agranular_volume_L,Agranular_insular_cortex_left_Vol.mm3,6,6,match,1,NA,Bauernfeind_etal_2013_Table1,2013,NA
Symphalangus syndactylus,Agranular_volume_L,Agranular_insular_cortex_left_Vol.mm3,71,71,match,1,NA,Bauernfeind_etal_2013_Table1,2013,NA
Trachypithecus francoisi,Agranular_volume_L,Agranular_insular_cortex_left_Vol.mm3,160,160,match,1,NA,Bauernfeind_etal_2013_Table1,2013,NA
Varecia variegata,Agranular_volume_L,Agranular_insular_cortex_left_Vol.mm3,12,12,match,1,NA,Bauernfeind_etal_2013_Table1,2013,NA
Alouatta seniculus,Amygdala,Amygdala_Vol.mm3,413,413,match,1,NA,Stephan_etal_1981_TableXI,1981,NA
Aotus trivirgatus,Amygdala,Amygdala_Vol.mm3,201,201,match,1,NA,Stephan_etal_1981_TableXI,1981,NA
Callithrix jacchus,Amygdala,Amygdala_Vol.mm3,113,113,match,1,NA,Stephan_etal_1981_TableXI,1981,NA
Cebus albifrons,Amygdala,Amygdala_Vol.mm3,502,502,match,1,NA,Stephan_etal_1981_TableXI,1981,NA
Cercopithecus ascanius,Amygdala,Amygdala_Vol.mm3,601,601,match,1,NA,Stephan_etal_1981_TableXI,1981,NA
Cheirogaleus major,Amygdala,Amygdala_Vol.mm3,99.4,99.4,match,1,NA,Stephan_etal_1981_TableXI,1981,NA
Cheirogaleus medius,Amygdala,Amygdala_Vol.mm3,63.2,63.2,match,1,NA,Stephan_etal_1981_TableXI,1981,NA
Daubentonia madagascariensis,Amygdala,Amygdala_Vol.mm3,473,473,match,1,NA,Stephan_etal_1981_TableXI,1981,NA
Eulemur fulvus,Amygdala,Amygdala_Vol.mm3,251,251,match,1,NA,Stephan_etal_1981_TableXI,1981,NA
Galagoides demidoff,Amygdala,Amygdala_Vol.mm3,50.2,50.2,match,1,NA,Stephan_etal_1981_TableXI,1981,NA
Homo sapiens,Amygdala,Amygdala_Vol.mm3,3015,3015,match,1,NA,Stephan_etal_1981_TableXI,1981,NA
Lepilemur ruficaudatus,Amygdala,Amygdala_Vol.mm3,133,133,match,1,NA,Stephan_etal_1981_TableXI,1981,NA
Microcebus murinus,Amygdala,Amygdala_Vol.mm3,36.4,36.4,match,1,NA,Stephan_etal_1981_TableXI,1981,NA
Piliocolobus badius,Amygdala,Amygdala_Vol.mm3,479,479,match,1,NA,Stephan_etal_1981_TableXI,1981,NA
Pongo sp.,Amygdala,Amygdala_Vol.mm3,1400,1400,match,1,NA,Zilles_Rehkämper_1988_Table12-2,1988,NA
Propithecus verreauxi,Amygdala,Amygdala_Vol.mm3,251,251,match,1,NA,Stephan_etal_1981_TableXI,1981,NA
Saimiri sciureus,Amygdala,Amygdala_Vol.mm3,227,227,match,1,NA,Stephan_etal_1981_TableXI,1981,NA
Tarsius sp.,Amygdala,Amygdala_Vol.mm3,49.8,49.8,match,1,NA,Stephan_etal_1981_TableXI,1981,NA
Alouatta seniculus,ASG_Sousa,Area_striata_grey_matter_Vol.mm3,1918,1918,match,1,NA,Frahm_etal_1984_Table1,1984,NA
Aotus trivirgatus,ASG_Sousa,Area_striata_grey_matter_Vol.mm3,996,996,match,1,NA,Frahm_etal_1984_Table1,1984,NA
Ateles geoffroyi,ASG_Sousa,Area_striata_grey_matter_Vol.mm3,3753,3753,match,1,NA,Frahm_etal_1984_Table1,1984,NA
Avahi laniger,ASG_Sousa,Area_striata_grey_matter_Vol.mm3,475,475,match,1,NA,Frahm_etal_1984_Table1,1984,NA
Avahi occidentalis,ASG_Sousa,Area_striata_grey_matter_Vol.mm3,450,450,match,1,NA,Frahm_etal_1984_Table1,1984,NA
Callicebus moloch,ASG_Sousa,Area_striata_grey_matter_Vol.mm3,1201,1201,match,1,NA,Frahm_etal_1984_Table1,1984,NA
Callithrix jacchus,ASG_Sousa,Area_striata_grey_matter_Vol.mm3,566,566,match,1,NA,Frahm_etal_1984_Table1,1984,NA
Callithrix pygmaea,ASG_Sousa,Area_striata_grey_matter_Vol.mm3,363,363,match,1,NA,Frahm_etal_1984_Table1,1984,NA
Cebus albifrons,ASG_Sousa,Area_striata_grey_matter_Vol.mm3,3764,3764,match,1,NA,Frahm_etal_1984_Table1,1984,NA
Cercopithecus ascanius,ASG_Sousa,Area_striata_grey_matter_Vol.mm3,4272,4272,match,1,NA,Frahm_etal_1984_Table1,1984,NA
Cercopithecus mitis,ASG_Sousa,Area_striata_grey_matter_Vol.mm3,4232,4232,match,1,NA,Frahm_etal_1984_Table1,1984,NA
Cheirogaleus major,ASG_Sousa,Area_striata_grey_matter_Vol.mm3,433,433,match,1,NA,Frahm_etal_1984_Table1,1984,NA
Cheirogaleus medius,ASG_Sousa,Area_striata_grey_matter_Vol.mm3,199,199,match,1,NA,Frahm_etal_1984_Table1,1984,NA
Daubentonia madagascariensis,ASG_Sousa,Area_striata_grey_matter_Vol.mm3,1113,1113,match,1,NA,Frahm_etal_1984_Table1,1984,NA
Eulemur fulvus,ASG_Sousa,Area_striata_grey_matter_Vol.mm3,1253,1253,match,1,NA,Frahm_etal_1984_Table1,1984,NA
Galago senegalensis,ASG_Sousa,Area_striata_grey_matter_Vol.mm3,301,301,match,1,NA,Frahm_etal_1984_Table1,1984,NA
Galagoides demidoff,ASG_Sousa,Area_striata_grey_matter_Vol.mm3,214,214,match,1,NA,Frahm_etal_1984_Table1,1984,NA
Indri indri,ASG_Sousa,Area_striata_grey_matter_Vol.mm3,1648,1648,match,1,NA,Frahm_etal_1984_Table1,1984,NA
Lagothrix lagothricha,ASG_Sousa,Area_striata_grey_matter_Vol.mm3,4856,4856,match,1,NA,Frahm_etal_1984_Table1,1984,NA
Lepilemur ruficaudatus,ASG_Sousa,Area_striata_grey_matter_Vol.mm3,326,326,match,1,NA,Frahm_etal_1984_Table1,1984,NA
Lophocebus albigena,ASG_Sousa,Area_striata_grey_matter_Vol.mm3,5420,5420,match,1,NA,Frahm_etal_1984_Table1,1984,NA
Loris tardigradus,ASG_Sousa,Area_striata_grey_matter_Vol.mm3,529,529,match,1,NA,Frahm_etal_1984_Table1,1984,NA
Macaca mulatta,ASG_Sousa,Area_striata_grey_matter_Vol.mm3,5343,5343,match,1,NA,Frahm_etal_1984_Table1,1984,NA
Microcebus murinus,ASG_Sousa,Area_striata_grey_matter_Vol.mm3,136,136,match,1,NA,Frahm_etal_1984_Table1,1984,NA
Miopithecus talapoin,ASG_Sousa,Area_striata_grey_matter_Vol.mm3,2339,2339,match,1,NA,Frahm_etal_1984_Table1,1984,NA
Nycticebus coucang,ASG_Sousa,Area_striata_grey_matter_Vol.mm3,696,696,match,1,NA,Frahm_etal_1984_Table1,1984,NA
Otolemur crassicaudatus,ASG_Sousa,Area_striata_grey_matter_Vol.mm3,479,479,match,1,NA,Frahm_etal_1984_Table1,1984,NA
Papio anubis,ASG_Sousa,Area_striata_grey_matter_Vol.mm3,10001,10001,match,1,NA,Frahm_etal_1984_Table1,1984,NA
Perodicticus potto,ASG_Sousa,Area_striata_grey_matter_Vol.mm3,495,495,match,1,NA,Frahm_etal_1984_Table1,1984,NA
Piliocolobus badius,ASG_Sousa,Area_striata_grey_matter_Vol.mm3,3053,3053,match,1,NA,Frahm_etal_1984_Table1,1984,NA
Pithecia monachus,ASG_Sousa,Area_striata_grey_matter_Vol.mm3,1679,1679,match,1,NA,Frahm_etal_1984_Table1,1984,NA
Propithecus verreauxi,ASG_Sousa,Area_striata_grey_matter_Vol.mm3,1106,1106,match,1,NA,Frahm_etal_1984_Table1,1984,NA
Saguinus midas,ASG_Sousa,Area_striata_grey_matter_Vol.mm3,841,841,match,1,NA,Frahm_etal_1984_Table1,1984,NA
Saguinus oedipus,ASG_Sousa,Area_striata_grey_matter_Vol.mm3,807,807,match,1,NA,Frahm_etal_1984_Table1,1984,NA
Saimiri sciureus,ASG_Sousa,Area_striata_grey_matter_Vol.mm3,1884,1884,match,1,NA,Frahm_etal_1984_Table1,1984,NA
Tarsius sp.,ASG_Sousa,Area_striata_grey_matter_Vol.mm3,349,349,match,1,NA,Frahm_etal_1984_Table1,1984,NA
Varecia variegata,ASG_Sousa,Area_striata_grey_matter_Vol.mm3,1745,1745,match,1,NA,Frahm_etal_1984_Table1,1984,NA
Alouatta caraya,Body_weight,Body_Mass.g,6420,6420,match,1,NA,Bauernfeind_etal_2013_Table1,2013,NA
Alouatta seniculus,Body_weight,Body_Mass.g,6400,6400,match,1,NA,Stephan_etal_1981_TableIII,1981,Stephan_etal_1988_TABLE1 (1988) = 6400 | Matano__1986_TableI (1986) = 6400 | Matano_etal_1985_a_Table1 (1985) = 6400 | Matano_etal_1985_b_Table1 (1985) = 6400
Aotus trivirgatus,Body_weight,Body_Mass.g,830,830,match,1,NA,Stephan_etal_1981_TableIII,1981,Stephan_etal_1988_TABLE1 (1988) = 830 | Matano__1986_TableI (1986) = 830 | Matano_etal_1985_a_Table1 (1985) = 830 | Matano_etal_1985_b_Table1 (1985) = 830
Ateles geoffroyi,Body_weight,Body_Mass.g,8000,8000,match,1,NA,Stephan_etal_1981_TableIII,1981,Bauernfeind_etal_2013_Table1 (2013) = 7780 | Stephan_etal_1988_TABLE1 (1988) = 8000 | Matano__1986_TableI (1986) = 8000 | Matano_etal_1985_a_Table1 (1985) = 8000 | Matano_etal_1985_b_Table1 (1985) = 8000
Avahi laniger,Body_weight,Body_Mass.g,1285,1285,match,1,NA,Stephan_etal_1981_TableII,1981,Stephan_etal_1988_TABLE1 (1988) = 1285 | Matano__1986_TableI (1986) = 1285 | Matano_etal_1985_a_Table1 (1985) = 1285 | Matano_etal_1985_b_Table1 (1985) = 1285
Avahi occidentalis,Body_weight,Body_Mass.g,860,860,match,1,NA,Stephan_etal_1981_TableII,1981,Bauernfeind_etal_2013_Table1 (2013) = 1030 | Stephan_etal_1988_TABLE1 (1988) = 860 | Matano__1986_TableI (1986) = 860 | Matano_etal_1985_a_Table1 (1985) = 860 | Matano_etal_1985_b_Table1 (1985) = 860
Callicebus moloch,Body_weight,Body_Mass.g,900,900,match,1,NA,Stephan_etal_1981_TableIII,1981,Stephan_etal_1988_TABLE1 (1988) = 900 | Matano__1986_TableI (1986) = 900 | Matano_etal_1985_a_Table1 (1985) = 900 | Matano_etal_1985_b_Table1 (1985) = 900
Callimico goeldii,Body_weight,Body_Mass.g,480,480,match,1,NA,Stephan_etal_1981_TableIII,1981,Stephan_etal_1988_TABLE1 (1988) = 480
Callithrix jacchus,Body_weight,Body_Mass.g,280,280,match,1,NA,Stephan_etal_1981_TableIII,1981,Stephan_etal_1988_TABLE1 (1988) = 280 | Matano__1986_TableI (1986) = 280 | Matano_etal_1985_a_Table1 (1985) = 280 | Matano_etal_1985_b_Table1 (1985) = 280
Callithrix pygmaea,Body_weight,Body_Mass.g,140,140,match,1,NA,Stephan_etal_1981_TableIII,1981,Stephan_etal_1988_TABLE1 (1988) = 120 | Matano__1986_TableI (1986) = 140 | Matano_etal_1985_a_Table1 (1985) = 120 | Matano_etal_1985_b_Table1 (1985) = 120
Cebus albifrons,Body_weight,Body_Mass.g,3100,3100,match,1,NA,Stephan_etal_1981_TableIII,1981,Bauernfeind_etal_2013_Table1 (2013) = 3180 | Stephan_etal_1988_TABLE1 (1988) = 3100 | Matano__1986_TableI (1986) = 3100 | Matano_etal_1985_a_Table1 (1985) = 3100 | Matano_etal_1985_b_Table1 (1985) = 3100
Cercocebus agilis,Body_weight,Body_Mass.g,5660,5660,match,1,NA,Bauernfeind_etal_2013_Table1,2013,NA
Cercopithecus ascanius,Body_weight,Body_Mass.g,3400,3400,match,1,NA,Stephan_etal_1981_TableIII,1981,Stephan_etal_1988_TABLE1 (1988) = 3400 | Matano__1986_TableI (1986) = 3400 | Matano_etal_1985_a_Table1 (1985) = 3400 | Matano_etal_1985_b_Table1 (1985) = 3400
Cercopithecus mitis,Body_weight,Body_Mass.g,6300,6300,match,1,NA,Stephan_etal_1981_TableIII,1981,Bauernfeind_etal_2013_Table1 (2013) = 5480 | Stephan_etal_1988_TABLE1 (1988) = 6300 | Matano__1986_TableI (1986) = 6300 | Matano_etal_1985_a_Table1 (1985) = 6300 | Matano_etal_1985_b_Table1 (1985) = 6300
Cheirogaleus major,Body_weight,Body_Mass.g,450,450,match,1,NA,Stephan_etal_1981_TableII,1981,Stephan_etal_1988_TABLE1 (1988) = 450 | Matano__1986_TableI (1986) = 450 | Matano_etal_1985_a_Table1 (1985) = 450 | Matano_etal_1985_b_Table1 (1985) = 450
Cheirogaleus medius,Body_weight,Body_Mass.g,177,177,match,1,NA,Stephan_etal_1981_TableII,1981,Stephan_etal_1988_TABLE1 (1988) = 177 | Matano__1986_TableI (1986) = 177 | Matano_etal_1985_a_Table1 (1985) = 177 | Matano_etal_1985_b_Table1 (1985) = 177
Colobus angolensis,Body_weight,Body_Mass.g,9680,9680,match,1,NA,Bauernfeind_etal_2013_Table1,2013,NA
Daubentonia madagascariensis,Body_weight,Body_Mass.g,2800,2800,match,1,NA,Stephan_etal_1981_TableII,1981,Stephan_etal_1988_TABLE1 (1988) = 2800 | Matano__1986_TableI (1986) = 2800 | Matano_etal_1985_a_Table1 (1985) = 2800 | Matano_etal_1985_b_Table1 (1985) = 2800
Erythrocebus patas,Body_weight,Body_Mass.g,7800,7800,match,1,NA,Stephan_etal_1981_TableIII,1981,Stephan_etal_1988_TABLE1 (1988) = 7800 | Matano__1986_TableI (1986) = 7800 | Matano_etal_1985_a_Table1 (1985) = 7800 | Matano_etal_1985_b_Table1 (1985) = 7800
Eulemur fulvus,Body_weight,Body_Mass.g,1400,1400,match,1,NA,Stephan_etal_1981_TableII,1981,Stephan_etal_1988_TABLE1 (1988) = 1400 | Matano__1986_TableI (1986) = 1400 | Matano_etal_1985_a_Table1 (1985) = 1400 | Matano_etal_1985_b_Table1 (1985) = 1400
Galago senegalensis,Body_weight,Body_Mass.g,186,186,match,1,NA,Stephan_etal_1981_TableII,1981,Stephan_etal_1988_TABLE1 (1988) = 186 | Matano__1986_TableI (1986) = 186 | Matano_etal_1985_a_Table1 (1985) = 186 | Matano_etal_1985_b_Table1 (1985) = 186
Galagoides demidoff,Body_weight,Body_Mass.g,81,81,match,1,NA,Stephan_etal_1981_TableII,1981,Bauernfeind_etal_2013_Table1 (2013) = 63 | Stephan_etal_1988_TABLE1 (1988) = 81 | Matano__1986_TableI (1986) = 81 | Matano_etal_1985_a_Table1 (1985) = 81 | Matano_etal_1985_b_Table1 (1985) = 81
Gorilla sp.,Body_weight,Body_Mass.g,105000,105000,match,1,NA,Stephan_etal_1981_TableIII,1981,Bauernfeind_etal_2013_Table1 (2013) = 102342.5 | Stephan_etal_1988_TABLE1 (1988) = 105000 | Matano__1986_TableI (1986) = 105000 | Matano_etal_1985_a_Table1 (1985) = 105000 | Matano_etal_1985_b_Table1 (1985) = 105000
Homo sapiens,Body_weight,Body_Mass.g,65000,65000,match,1,NA,Stephan_etal_1981_TableIII,1981,Bauernfeind_etal_2013_Table1 (2013) = 70100 | Stephan_etal_1988_TABLE1 (1988) = 65000 | Matano__1986_TableI (1986) = 65000 | Matano_etal_1985_a_Table1 (1985) = 65000 | Matano_etal_1985_b_Table1 (1985) = 65000
Hylobates lar,Body_weight,Body_Mass.g,5700,5700,match,1,NA,Stephan_etal_1981_TableIII,1981,Bauernfeind_etal_2013_Table1 (2013) = 5340 | Stephan_etal_1988_TABLE1 (1988) = 5700 | Matano__1986_TableI (1986) = 5700 | Matano_etal_1985_a_Table1 (1985) = 5700 | Matano_etal_1985_b_Table1 (1985) = 5700
Hylobates muelleri,Body_weight,Body_Mass.g,5710,5710,match,1,NA,Bauernfeind_etal_2013_Table1,2013,NA
Indri indri,Body_weight,Body_Mass.g,6250,6250,match,1,NA,Stephan_etal_1981_TableII,1981,Bauernfeind_etal_2013_Table1 (2013) = 5830 | Stephan_etal_1988_TABLE1 (1988) = 6250 | Matano__1986_TableI (1986) = 6250 | Matano_etal_1985_a_Table1 (1985) = 6250 | Matano_etal_1985_b_Table1 (1985) = 6250
Lagothrix lagothricha,Body_weight,Body_Mass.g,5200,5200,match,1,NA,Stephan_etal_1981_TableIII,1981,Stephan_etal_1988_TABLE1 (1988) = 5200 | Matano__1986_TableI (1986) = 5200 | Matano_etal_1985_a_Table1 (1985) = 5200 | Matano_etal_1985_b_Table1 (1985) = 5200
Leontopithecus rosalia,Body_weight,Body_Mass.g,598,598,match,1,NA,Bauernfeind_etal_2013_Table1,2013,NA
Lepilemur ruficaudatus,Body_weight,Body_Mass.g,915,915,match,1,NA,Stephan_etal_1981_TableII,1981,Stephan_etal_1988_TABLE1 (1988) = 915 | Matano__1986_TableI (1986) = 915 | Matano_etal_1985_a_Table1 (1985) = 915 | Matano_etal_1985_b_Table1 (1985) = 915
Lophocebus albigena,Body_weight,Body_Mass.g,7900,7900,match,1,NA,Stephan_etal_1981_TableIII,1981,Bauernfeind_etal_2013_Table1 (2013) = 8250 | Stephan_etal_1988_TABLE1 (1988) = 7900 | Matano__1986_TableI (1986) = 7900 | Matano_etal_1985_a_Table1 (1985) = 7900 | Matano_etal_1985_b_Table1 (1985) = 7900
Loris tardigradus,Body_weight,Body_Mass.g,322,322,match,1,NA,Stephan_etal_1981_TableII,1981,Bauernfeind_etal_2013_Table1 (2013) = 264 | Stephan_etal_1988_TABLE1 (1988) = 322 | Matano__1986_TableI (1986) = 322 | Matano_etal_1985_a_Table1 (1985) = 322 | Matano_etal_1985_b_Table1 (1985) = 322
Macaca maura,Body_weight,Body_Mass.g,6050,6050,match,1,NA,Bauernfeind_etal_2013_Table1,2013,NA
Macaca mulatta,Body_weight,Body_Mass.g,7800,7800,match,1,NA,Stephan_etal_1981_TableIII,1981,Stephan_etal_1988_TABLE1 (1988) = 7800 | Matano__1986_TableI (1986) = 7800 | Matano_etal_1985_a_Table1 (1985) = 7800 | Matano_etal_1985_b_Table1 (1985) = 7800
Microcebus murinus,Body_weight,Body_Mass.g,54,54,match,1,NA,Stephan_etal_1981_TableII,1981,Stephan_etal_1988_TABLE1 (1988) = 54 | Matano__1986_TableI (1986) = 54 | Matano_etal_1985_a_Table1 (1985) = 54 | Matano_etal_1985_b_Table1 (1985) = 54
Miopithecus talapoin,Body_weight,Body_Mass.g,1200,1200,match,1,NA,Stephan_etal_1981_TableIII,1981,Stephan_etal_1988_TABLE1 (1988) = 1200 | Matano__1986_TableI (1986) = 1200 | Matano_etal_1985_a_Table1 (1985) = 1200 | Matano_etal_1985_b_Table1 (1985) = 1200
Nasalis larvatus,Body_weight,Body_Mass.g,14000,14000,match,1,NA,Stephan_etal_1981_TableIII,1981,Stephan_etal_1988_TABLE1 (1988) = 14000 | Matano__1986_TableI (1986) = 14000 | Matano_etal_1985_a_Table1 (1985) = 14000 | Matano_etal_1985_b_Table1 (1985) = 14000
Nycticebus coucang,Body_weight,Body_Mass.g,800,800,match,1,NA,Stephan_etal_1981_TableII,1981,Stephan_etal_1988_TABLE1 (1988) = 800 | Matano__1986_TableI (1986) = 800 | Matano_etal_1985_a_Table1 (1985) = 800 | Matano_etal_1985_b_Table1 (1985) = 800
Otolemur crassicaudatus,Body_weight,Body_Mass.g,850,850,match,1,NA,Stephan_etal_1981_TableII,1981,Stephan_etal_1988_TABLE1 (1988) = 850 | Matano__1986_TableI (1986) = 850 | Matano_etal_1985_a_Table1 (1985) = 850 | Matano_etal_1985_b_Table1 (1985) = 850
Pan paniscus,Body_weight,Body_Mass.g,37133.33333,37133.3333333333,match,1.0000000000897658,NA,Bauernfeind_etal_2013_Table1,2013,NA
Pan troglodytes,Body_weight,Body_Mass.g,46000,46000,match,1,NA,Stephan_etal_1981_TableIII,1981,Bauernfeind_etal_2013_Table1 (2013) = 46503.3333333333 | Stephan_etal_1988_TABLE1 (1988) = 46000 | Matano__1986_TableI (1986) = 46000 | Matano_etal_1985_a_Table1 (1985) = 46000 | Matano_etal_1985_b_Table1 (1985) = 46000
Papio anubis,Body_weight,Body_Mass.g,25000,25000,match,1,NA,Stephan_etal_1981_TableIII,1981,Stephan_etal_1988_TABLE1 (1988) = 25000 | Matano__1986_TableI (1986) = 25000 | Matano_etal_1985_a_Table1 (1985) = 25000 | Matano_etal_1985_b_Table1 (1985) = 25000
Perodicticus potto,Body_weight,Body_Mass.g,1150,1150,match,1,NA,Stephan_etal_1981_TableII,1981,Bauernfeind_etal_2013_Table1 (2013) = 1250 | Stephan_etal_1988_TABLE1 (1988) = 1150 | Matano__1986_TableI (1986) = 1150 | Matano_etal_1985_a_Table1 (1985) = 1150 | Matano_etal_1985_b_Table1 (1985) = 1150
Piliocolobus badius,Body_weight,Body_Mass.g,7000,7000,match,1,NA,Stephan_etal_1981_TableIII,1981,Bauernfeind_etal_2013_Table1 (2013) = 7050 | Stephan_etal_1988_TABLE1 (1988) = 7000 | Matano__1986_TableI (1986) = 7000 | Matano_etal_1985_a_Table1 (1985) = 7000 | Matano_etal_1985_b_Table1 (1985) = 7000
Pithecia monachus,Body_weight,Body_Mass.g,1500,1500,match,1,NA,Stephan_etal_1981_TableIII,1981,Stephan_etal_1988_TABLE1 (1988) = 1500 | Matano__1986_TableI (1986) = 1500 | Matano_etal_1985_a_Table1 (1985) = 1500 | Matano_etal_1985_b_Table1 (1985) = 1500
Pithecia pithecia,Body_weight,Body_Mass.g,1580,1580,match,1,NA,Bauernfeind_etal_2013_Table1,2013,NA
Propithecus verreauxi,Body_weight,Body_Mass.g,3480,3480,match,1,NA,Stephan_etal_1981_TableII,1981,Stephan_etal_1988_TABLE1 (1988) = 3480 | Matano__1986_TableI (1986) = 3480 | Matano_etal_1985_a_Table1 (1985) = 3480 | Matano_etal_1985_b_Table1 (1985) = 3480
Pygathrix nemaeus,Body_weight,Body_Mass.g,7500,7500,match,1,NA,Stephan_etal_1981_TableIII,1981,Stephan_etal_1988_TABLE1 (1988) = 7500 | Matano__1986_TableI (1986) = 7500 | Matano_etal_1985_a_Table1 (1985) = 7500 | Matano_etal_1985_b_Table1 (1985) = 7500
Saguinus geoffroyi,Body_weight,Body_Mass.g,482,482,match,1,NA,Bauernfeind_etal_2013_Table1,2013,NA
Saguinus midas,Body_weight,Body_Mass.g,340,340,match,1,NA,Stephan_etal_1981_TableIII,1981,Stephan_etal_1988_TABLE1 (1988) = 340 | Matano__1986_TableI (1986) = 340 | Matano_etal_1985_a_Table1 (1985) = 340 | Matano_etal_1985_b_Table1 (1985) = 340
Saguinus oedipus,Body_weight,Body_Mass.g,380,380,match,1,NA,Stephan_etal_1981_TableIII,1981,Bauernfeind_etal_2013_Table1 (2013) = 418 | Stephan_etal_1988_TABLE1 (1988) = 380 | Matano__1986_TableI (1986) = 380 | Matano_etal_1985_a_Table1 (1985) = 380 | Matano_etal_1985_b_Table1 (1985) = 380
Saimiri sciureus,Body_weight,Body_Mass.g,660,660,match,1,NA,Stephan_etal_1981_TableIII,1981,Stephan_etal_1988_TABLE1 (1988) = 660 | Matano__1986_TableI (1986) = 660 | Matano_etal_1985_a_Table1 (1985) = 660 | Matano_etal_1985_b_Table1 (1985) = 660
Symphalangus syndactylus,Body_weight,Body_Mass.g,11900,11900,match,1,NA,Bauernfeind_etal_2013_Table1,2013,NA
Tarsius sp.,Body_weight,Body_Mass.g,125,125,match,1,NA,Stephan_etal_1981_TableII,1981,Stephan_etal_1988_TABLE1 (1988) = 125 | Matano__1986_TableI (1986) = 125 | Matano_etal_1985_a_Table1 (1985) = 125 | Matano_etal_1985_b_Table1 (1985) = 125
Trachypithecus francoisi,Body_weight,Body_Mass.g,7700,7700,match,1,NA,Bauernfeind_etal_2013_Table1,2013,NA
Varecia variegata,Body_weight,Body_Mass.g,3000,3000,match,1,NA,Stephan_etal_1981_TableII,1981,Bauernfeind_etal_2013_Table1 (2013) = 3550 | Stephan_etal_1988_TABLE1 (1988) = 3000 | Matano__1986_TableI (1986) = 3000 | Matano_etal_1985_a_Table1 (1985) = 3000 | Matano_etal_1985_b_Table1 (1985) = 3000
Alouatta seniculus,Brain_weight,Brain_Mass.mg,52000,52000,match,1,NA,Stephan_etal_1981_TableIII,1981,Stephan_etal_1988_TABLE1 (1988) = 52000
Aotus trivirgatus,Brain_weight,Brain_Mass.mg,17100,17100,match,1,NA,Stephan_etal_1981_TableIII,1981,Stephan_etal_1988_TABLE1 (1988) = 17100
Ateles geoffroyi,Brain_weight,Brain_Mass.mg,108000,108000,match,1,NA,Stephan_etal_1981_TableIII,1981,Bauernfeind_etal_2013_Table1 (2013) = 106.4 | Stephan_etal_1988_TABLE1 (1988) = 108000
Avahi laniger,Brain_weight,Brain_Mass.mg,10490,10490,match,1,NA,Stephan_etal_1981_TableII,1981,Stephan_etal_1988_TABLE1 (1988) = 10490
Avahi occidentalis,Brain_weight,Brain_Mass.mg,9670,9670,match,1,NA,Stephan_etal_1981_TableII,1981,Bauernfeind_etal_2013_Table1 (2013) = 9.6 | Stephan_etal_1988_TABLE1 (1988) = 9670
Callicebus moloch,Brain_weight,Brain_Mass.mg,19000,19000,match,1,NA,Stephan_etal_1981_TableIII,1981,Stephan_etal_1988_TABLE1 (1988) = 19000
Callimico goeldii,Brain_weight,Brain_Mass.mg,11000,11000,match,1,NA,Stephan_etal_1981_TableIII,1981,Stephan_etal_1988_TABLE1 (1988) = 11000
Callithrix jacchus,Brain_weight,Brain_Mass.mg,7600,7600,match,1,NA,Stephan_etal_1981_TableIII,1981,Stephan_etal_1988_TABLE1 (1988) = 7600
Callithrix pygmaea,Brain_weight,Brain_Mass.mg,4500,4500,match,1,NA,Stephan_etal_1981_TableIII,1981,Stephan_etal_1988_TABLE1 (1988) = 4150
Cebus albifrons,Brain_weight,Brain_Mass.mg,71000,71000,match,1,NA,Stephan_etal_1981_TableIII,1981,Bauernfeind_etal_2013_Table1 (2013) = 79.8 | Stephan_etal_1988_TABLE1 (1988) = 71000
Cercopithecus ascanius,Brain_weight,Brain_Mass.mg,67000,67000,match,1,NA,Stephan_etal_1981_TableIII,1981,deSousa_etal_2013_Table1 (2013) = 61500 | Stephan_etal_1988_TABLE1 (1988) = 67000
Cercopithecus mitis,Brain_weight,Brain_Mass.mg,75000,75000,match,1,NA,Stephan_etal_1981_TableIII,1981,Bauernfeind_etal_2013_Table1 (2013) = 71.6 | deSousa_etal_2013_Table1 (2013) = 73300 | Stephan_etal_1988_TABLE1 (1988) = 75000
Cheirogaleus major,Brain_weight,Brain_Mass.mg,6800,6800,match,1,NA,Stephan_etal_1981_TableII,1981,Stephan_etal_1988_TABLE1 (1988) = 6800
Cheirogaleus medius,Brain_weight,Brain_Mass.mg,3140,3140,match,1,NA,Stephan_etal_1981_TableII,1981,Stephan_etal_1988_TABLE1 (1988) = 3140
Daubentonia madagascariensis,Brain_weight,Brain_Mass.mg,45150,45150,match,1,NA,Stephan_etal_1981_TableII,1981,Stephan_etal_1988_TABLE1 (1988) = 45150
Erythrocebus patas,Brain_weight,Brain_Mass.mg,108000,108000,match,1,NA,Stephan_etal_1981_TableIII,1981,deSousa_etal_2013_Table1 (2013) = 94200 | Stephan_etal_1988_TABLE1 (1988) = 108000
Eulemur fulvus,Brain_weight,Brain_Mass.mg,23300,23300,match,1,NA,Stephan_etal_1981_TableII,1981,Stephan_etal_1988_TABLE1 (1988) = 23300
Galago senegalensis,Brain_weight,Brain_Mass.mg,4800,4800,match,1,NA,Stephan_etal_1981_TableII,1981,Stephan_etal_1988_TABLE1 (1988) = 4800
Galagoides demidoff,Brain_weight,Brain_Mass.mg,3380,3380,match,1,NA,Stephan_etal_1981_TableII,1981,Bauernfeind_etal_2013_Table1 (2013) = 3.3 | Stephan_etal_1988_TABLE1 (1988) = 3380
Gorilla sp.,Brain_weight,Brain_Mass.mg,500000,500000,match,1,NA,Stephan_etal_1981_TableIII,1981,Bauernfeind_etal_2013_Table1 (2013) = 416.25 | deSousa_etal_2013_Table1 (2013) = 376000 | Stephan_etal_1988_TABLE1 (1988) = 5e+05
Homo sapiens,Brain_weight,Brain_Mass.mg,1330000,1330000,match,1,NA,Stephan_etal_1981_TableIII,1981,Bauernfeind_etal_2013_Table1 (2013) = 1406.72 | deSousa_etal_2013_Table1 (2013) = 1303700 | Stephan_etal_1988_TABLE1 (1988) = 1330000
Hylobates lar,Brain_weight,Brain_Mass.mg,102000,102000,match,1,NA,Stephan_etal_1981_TableIII,1981,Bauernfeind_etal_2013_Table1 (2013) = 92 | deSousa_etal_2013_Table1 (2013) = 106000 | Stephan_etal_1988_TABLE1 (1988) = 102000
Indri indri,Brain_weight,Brain_Mass.mg,38300,38300,match,1,NA,Stephan_etal_1981_TableII,1981,Bauernfeind_etal_2013_Table1 (2013) = 33.7 | Stephan_etal_1988_TABLE1 (1988) = 38300
Lagothrix lagothricha,Brain_weight,Brain_Mass.mg,101000,101000,match,1,NA,Stephan_etal_1981_TableIII,1981,Stephan_etal_1988_TABLE1 (1988) = 101000
Lepilemur ruficaudatus,Brain_weight,Brain_Mass.mg,7600,7600,match,1,NA,Stephan_etal_1981_TableII,1981,Stephan_etal_1988_TABLE1 (1988) = 7600
Lophocebus albigena,Brain_weight,Brain_Mass.mg,104000,104000,match,1,NA,Stephan_etal_1981_TableIII,1981,Bauernfeind_etal_2013_Table1 (2013) = 110.5 | deSousa_etal_2013_Table1 (2013) = 110500 | Stephan_etal_1988_TABLE1 (1988) = 104000
Loris tardigradus,Brain_weight,Brain_Mass.mg,6600,6600,match,1,NA,Stephan_etal_1981_TableII,1981,Bauernfeind_etal_2013_Table1 (2013) = 6.9 | Stephan_etal_1988_TABLE1 (1988) = 6600
Macaca fascicularis,Brain_weight,Brain_Mass.mg,57600,57600,match,1,NA,deSousa_etal_2013_Table1,2013,NA
Macaca mulatta,Brain_weight,Brain_Mass.mg,93000,93000,match,1,NA,Stephan_etal_1981_TableIII,1981,deSousa_etal_2013_Table1 (2013) = 78000 | Stephan_etal_1988_TABLE1 (1988) = 93000
Microcebus murinus,Brain_weight,Brain_Mass.mg,1780,1780,match,1,NA,Stephan_etal_1981_TableII,1981,Stephan_etal_1988_TABLE1 (1988) = 1780
Miopithecus talapoin,Brain_weight,Brain_Mass.mg,40000,40000,match,1,NA,Stephan_etal_1981_TableIII,1981,deSousa_etal_2013_Table1 (2013) = 41100 | Stephan_etal_1988_TABLE1 (1988) = 40000
Nasalis larvatus,Brain_weight,Brain_Mass.mg,97000,97000,match,1,NA,Stephan_etal_1981_TableIII,1981,deSousa_etal_2013_Table1 (2013) = 64250 | Stephan_etal_1988_TABLE1 (1988) = 97000
Nycticebus coucang,Brain_weight,Brain_Mass.mg,12500,12500,match,1,NA,Stephan_etal_1981_TableII,1981,Stephan_etal_1988_TABLE1 (1988) = 12500
Otolemur crassicaudatus,Brain_weight,Brain_Mass.mg,10300,10300,match,1,NA,Stephan_etal_1981_TableII,1981,Stephan_etal_1988_TABLE1 (1988) = 10300
Pan troglodytes,Brain_weight,Brain_Mass.mg,405000,405000,match,1,NA,Stephan_etal_1981_TableIII,1981,Bauernfeind_etal_2013_Table1 (2013) = 342.7 | deSousa_etal_2013_Table1 (2013) = 406500 | Stephan_etal_1988_TABLE1 (1988) = 405000
Papio anubis,Brain_weight,Brain_Mass.mg,201000,201000,match,1,NA,Stephan_etal_1981_TableIII,1981,deSousa_etal_2013_Table1 (2013) = 206500 | Stephan_etal_1988_TABLE1 (1988) = 201000
Perodicticus potto,Brain_weight,Brain_Mass.mg,14000,14000,match,1,NA,Stephan_etal_1981_TableII,1981,Bauernfeind_etal_2013_Table1 (2013) = 11.5 | Stephan_etal_1988_TABLE1 (1988) = 14000
Piliocolobus badius,Brain_weight,Brain_Mass.mg,78000,78000,match,1,NA,Stephan_etal_1981_TableIII,1981,Bauernfeind_etal_2013_Table1 (2013) = 75 | deSousa_etal_2013_Table1 (2013) = 76850 | Stephan_etal_1988_TABLE1 (1988) = 78000
Pithecia monachus,Brain_weight,Brain_Mass.mg,35000,35000,match,1,NA,Stephan_etal_1981_TableIII,1981,Stephan_etal_1988_TABLE1 (1988) = 35000
Propithecus verreauxi,Brain_weight,Brain_Mass.mg,26700,26700,match,1,NA,Stephan_etal_1981_TableII,1981,Stephan_etal_1988_TABLE1 (1988) = 26700
Pygathrix nemaeus,Brain_weight,Brain_Mass.mg,77000,77000,match,1,NA,Stephan_etal_1981_TableIII,1981,deSousa_etal_2013_Table1 (2013) = 69000 | Stephan_etal_1988_TABLE1 (1988) = 77000
Saguinus midas,Brain_weight,Brain_Mass.mg,10300,10300,match,1,NA,Stephan_etal_1981_TableIII,1981,Stephan_etal_1988_TABLE1 (1988) = 10300
Saguinus oedipus,Brain_weight,Brain_Mass.mg,10000,10000,match,1,NA,Stephan_etal_1981_TableIII,1981,Bauernfeind_etal_2013_Table1 (2013) = 9.3 | Stephan_etal_1988_TABLE1 (1988) = 10000
Saimiri sciureus,Brain_weight,Brain_Mass.mg,24000,24000,match,1,NA,Stephan_etal_1981_TableIII,1981,Stephan_etal_1988_TABLE1 (1988) = 24000
Tarsius sp.,Brain_weight,Brain_Mass.mg,3600,3600,match,1,NA,Stephan_etal_1981_TableII,1981,Stephan_etal_1988_TABLE1 (1988) = 3600
Varecia variegata,Brain_weight,Brain_Mass.mg,31500,31500,match,1,NA,Stephan_etal_1981_TableII,1981,Bauernfeind_etal_2013_Table1 (2013) = 31.5 | Stephan_etal_1988_TABLE1 (1988) = 31500
Alouatta seniculus,Bulbus_olfactorius,Bulbus_olfactorius_Vol.mm3,41.4,41.4,match,1,NA,Stephan_etal_1981_TableVI,1981,NA
Aotus trivirgatus,Bulbus_olfactorius,Bulbus_olfactorius_Vol.mm3,56,56,match,1,NA,Stephan_etal_1981_TableVI,1981,NA
Ateles geoffroyi,Bulbus_olfactorius,Bulbus_olfactorius_Vol.mm3,90.4,90.4,match,1,NA,Stephan_etal_1981_TableVI,1981,NA
Avahi laniger,Bulbus_olfactorius,Bulbus_olfactorius_Vol.mm3,89.2,89.2,match,1,NA,Stephan_etal_1981_TableV,1981,NA
Avahi occidentalis,Bulbus_olfactorius,Bulbus_olfactorius_Vol.mm3,70.1,70.1,match,1,NA,Stephan_etal_1981_TableV,1981,NA
Callicebus moloch,Bulbus_olfactorius,Bulbus_olfactorius_Vol.mm3,19.2,19.2,match,1,NA,Stephan_etal_1981_TableVI,1981,NA
Callimico goeldii,Bulbus_olfactorius,Bulbus_olfactorius_Vol.mm3,27,27,match,1,NA,Stephan_etal_1981_TableVI,1981,NA
Callithrix jacchus,Bulbus_olfactorius,Bulbus_olfactorius_Vol.mm3,22.8,22.8,match,1,NA,Stephan_etal_1981_TableVI,1981,NA
Callithrix pygmaea,Bulbus_olfactorius,Bulbus_olfactorius_Vol.mm3,12.3,12.3,match,1,NA,Stephan_etal_1981_TableVI,1981,NA
Cebus albifrons,Bulbus_olfactorius,Bulbus_olfactorius_Vol.mm3,39.9,39.9,match,1,NA,Stephan_etal_1981_TableVI,1981,NA
Cercopithecus ascanius,Bulbus_olfactorius,Bulbus_olfactorius_Vol.mm3,99.5,99.5,match,1,NA,Stephan_etal_1981_TableVI,1981,NA
Cercopithecus mitis,Bulbus_olfactorius,Bulbus_olfactorius_Vol.mm3,117,117,match,1,NA,Stephan_etal_1981_TableVI,1981,NA
Cheirogaleus major,Bulbus_olfactorius,Bulbus_olfactorius_Vol.mm3,158,158,match,1,NA,Stephan_etal_1981_TableV,1981,NA
Cheirogaleus medius,Bulbus_olfactorius,Bulbus_olfactorius_Vol.mm3,102,102,match,1,NA,Stephan_etal_1981_TableV,1981,NA
Daubentonia madagascariensis,Bulbus_olfactorius,Bulbus_olfactorius_Vol.mm3,685,685,match,1,NA,Stephan_etal_1981_TableV,1981,NA
Erythrocebus patas,Bulbus_olfactorius,Bulbus_olfactorius_Vol.mm3,51.8,51.8,match,1,NA,Stephan_etal_1981_TableVI,1981,NA
Eulemur fulvus,Bulbus_olfactorius,Bulbus_olfactorius_Vol.mm3,207,207,match,1,NA,Stephan_etal_1981_TableV,1981,NA
Galago senegalensis,Bulbus_olfactorius,Bulbus_olfactorius_Vol.mm3,79.2,79.2,match,1,NA,Stephan_etal_1981_TableV,1981,NA
Galagoides demidoff,Bulbus_olfactorius,Bulbus_olfactorius_Vol.mm3,83.1,83.1,match,1,NA,Stephan_etal_1981_TableV,1981,NA
Gorilla sp.,Bulbus_olfactorius,Bulbus_olfactorius_Vol.mm3,316,316,match,1,NA,Stephan_etal_1981_TableVI,1981,NA
Homo sapiens,Bulbus_olfactorius,Bulbus_olfactorius_Vol.mm3,114,114,match,1,NA,Stephan_etal_1981_TableVI,1981,NA
Hylobates lar,Bulbus_olfactorius,Bulbus_olfactorius_Vol.mm3,43.9,43.9,match,1,NA,Stephan_etal_1981_TableVI,1981,NA
Indri indri,Bulbus_olfactorius,Bulbus_olfactorius_Vol.mm3,168,168,match,1,NA,Stephan_etal_1981_TableV,1981,NA
Lagothrix lagothricha,Bulbus_olfactorius,Bulbus_olfactorius_Vol.mm3,73.4,73.4,match,1,NA,Stephan_etal_1981_TableVI,1981,NA
Lepilemur ruficaudatus,Bulbus_olfactorius,Bulbus_olfactorius_Vol.mm3,113,113,match,1,NA,Stephan_etal_1981_TableV,1981,NA
Lophocebus albigena,Bulbus_olfactorius,Bulbus_olfactorius_Vol.mm3,121,121,match,1,NA,Stephan_etal_1981_TableVI,1981,NA
Loris tardigradus,Bulbus_olfactorius,Bulbus_olfactorius_Vol.mm3,85.8,85.8,match,1,NA,Stephan_etal_1981_TableV,1981,NA
Macaca mulatta,Bulbus_olfactorius,Bulbus_olfactorius_Vol.mm3,84.3,84.3,match,1,NA,Stephan_etal_1981_TableVI,1981,NA
Microcebus murinus,Bulbus_olfactorius,Bulbus_olfactorius_Vol.mm3,43,43,match,1,NA,Stephan_etal_1981_TableV,1981,NA
Miopithecus talapoin,Bulbus_olfactorius,Bulbus_olfactorius_Vol.mm3,27.8,27.8,match,1,NA,Stephan_etal_1981_TableVI,1981,NA
Nasalis larvatus,Bulbus_olfactorius,Bulbus_olfactorius_Vol.mm3,30.3,30.3,match,1,NA,Stephan_etal_1981_TableVI,1981,NA
Nycticebus coucang,Bulbus_olfactorius,Bulbus_olfactorius_Vol.mm3,159,159,match,1,NA,Stephan_etal_1981_TableV,1981,NA
Otolemur crassicaudatus,Bulbus_olfactorius,Bulbus_olfactorius_Vol.mm3,166,166,match,1,NA,Stephan_etal_1981_TableV,1981,NA
Pan troglodytes,Bulbus_olfactorius,Bulbus_olfactorius_Vol.mm3,257,257,match,1,NA,Stephan_etal_1981_TableVI,1981,NA
Papio anubis,Bulbus_olfactorius,Bulbus_olfactorius_Vol.mm3,287,287,match,1,NA,Stephan_etal_1981_TableVI,1981,NA
Perodicticus potto,Bulbus_olfactorius,Bulbus_olfactorius_Vol.mm3,310,310,match,1,NA,Stephan_etal_1981_TableV,1981,NA
Piliocolobus badius,Bulbus_olfactorius,Bulbus_olfactorius_Vol.mm3,51.3,51.3,match,1,NA,Stephan_etal_1981_TableVI,1981,NA
Pithecia monachus,Bulbus_olfactorius,Bulbus_olfactorius_Vol.mm3,34.8,34.8,match,1,NA,Stephan_etal_1981_TableVI,1981,NA
Propithecus verreauxi,Bulbus_olfactorius,Bulbus_olfactorius_Vol.mm3,147,147,match,1,NA,Stephan_etal_1981_TableV,1981,NA
Pygathrix nemaeus,Bulbus_olfactorius,Bulbus_olfactorius_Vol.mm3,10.7,10.7,match,1,NA,Stephan_etal_1981_TableVI,1981,NA
Saguinus midas,Bulbus_olfactorius,Bulbus_olfactorius_Vol.mm3,17.3,17.3,match,1,NA,Stephan_etal_1981_TableVI,1981,NA
Saguinus oedipus,Bulbus_olfactorius,Bulbus_olfactorius_Vol.mm3,19.1,19.1,match,1,NA,Stephan_etal_1981_TableVI,1981,NA
Saimiri sciureus,Bulbus_olfactorius,Bulbus_olfactorius_Vol.mm3,26.8,26.8,match,1,NA,Stephan_etal_1981_TableVI,1981,NA
Tarsius sp.,Bulbus_olfactorius,Bulbus_olfactorius_Vol.mm3,18.8,18.8,match,1,NA,Stephan_etal_1981_TableV,1981,NA
Varecia variegata,Bulbus_olfactorius,Bulbus_olfactorius_Vol.mm3,369,369,match,1,NA,Stephan_etal_1981_TableV,1981,NA
Ateles geoffroyi,Bulbus_olfactorius_accessorius,Bulbus_olfactorius_accessorius_Vol.mm3,2.19,2.19,match,1,NA,Stephan_etal_1981_TableVI,1981,NA
Avahi laniger,Bulbus_olfactorius_accessorius,Bulbus_olfactorius_accessorius_Vol.mm3,3.01,3.01,match,1,NA,Stephan_etal_1981_TableV,1981,NA
Avahi occidentalis,Bulbus_olfactorius_accessorius,Bulbus_olfactorius_accessorius_Vol.mm3,2.55,2.55,match,1,NA,Stephan_etal_1981_TableV,1981,NA
Cercopithecus ascanius,Bulbus_olfactorius_accessorius,Bulbus_olfactorius_accessorius_Vol.mm3,0,0,match,NA,NA,Stephan_etal_1981_TableVI,1981,NA
Cercopithecus mitis,Bulbus_olfactorius_accessorius,Bulbus_olfactorius_accessorius_Vol.mm3,0,0,match,NA,NA,Stephan_etal_1981_TableVI,1981,NA
Cheirogaleus major,Bulbus_olfactorius_accessorius,Bulbus_olfactorius_accessorius_Vol.mm3,4.04,4.04,match,1,NA,Stephan_etal_1981_TableV,1981,NA
Cheirogaleus medius,Bulbus_olfactorius_accessorius,Bulbus_olfactorius_accessorius_Vol.mm3,2.66,2.66,match,1,NA,Stephan_etal_1981_TableV,1981,NA
Daubentonia madagascariensis,Bulbus_olfactorius_accessorius,Bulbus_olfactorius_accessorius_Vol.mm3,8.31,8.31,match,1,NA,Stephan_etal_1981_TableV,1981,NA
Erythrocebus patas,Bulbus_olfactorius_accessorius,Bulbus_olfactorius_accessorius_Vol.mm3,0,0,match,NA,NA,Stephan_etal_1981_TableVI,1981,NA
Eulemur fulvus,Bulbus_olfactorius_accessorius,Bulbus_olfactorius_accessorius_Vol.mm3,3.21,3.21,match,1,NA,Stephan_etal_1981_TableV,1981,NA
Galago senegalensis,Bulbus_olfactorius_accessorius,Bulbus_olfactorius_accessorius_Vol.mm3,2.58,2.58,match,1,NA,Stephan_etal_1981_TableV,1981,NA
Galagoides demidoff,Bulbus_olfactorius_accessorius,Bulbus_olfactorius_accessorius_Vol.mm3,1.26,1.26,match,1,NA,Stephan_etal_1981_TableV,1981,NA
Gorilla sp.,Bulbus_olfactorius_accessorius,Bulbus_olfactorius_accessorius_Vol.mm3,0,0,match,NA,NA,Stephan_etal_1981_TableVI,1981,NA
Homo sapiens,Bulbus_olfactorius_accessorius,Bulbus_olfactorius_accessorius_Vol.mm3,0,0,match,NA,NA,Stephan_etal_1981_TableVI,1981,NA
Hylobates lar,Bulbus_olfactorius_accessorius,Bulbus_olfactorius_accessorius_Vol.mm3,0,0,match,NA,NA,Stephan_etal_1981_TableVI,1981,NA
Indri indri,Bulbus_olfactorius_accessorius,Bulbus_olfactorius_accessorius_Vol.mm3,2.32,2.32,match,1,NA,Stephan_etal_1981_TableV,1981,NA
Lagothrix lagothricha,Bulbus_olfactorius_accessorius,Bulbus_olfactorius_accessorius_Vol.mm3,1.43,1.43,match,1,NA,Stephan_etal_1981_TableVI,1981,NA
Lepilemur ruficaudatus,Bulbus_olfactorius_accessorius,Bulbus_olfactorius_accessorius_Vol.mm3,2.72,2.72,match,1,NA,Stephan_etal_1981_TableV,1981,NA
Lophocebus albigena,Bulbus_olfactorius_accessorius,Bulbus_olfactorius_accessorius_Vol.mm3,0,0,match,NA,NA,Stephan_etal_1981_TableVI,1981,NA
Loris tardigradus,Bulbus_olfactorius_accessorius,Bulbus_olfactorius_accessorius_Vol.mm3,2.3,2.3,match,1,NA,Stephan_etal_1981_TableV,1981,NA
Macaca mulatta,Bulbus_olfactorius_accessorius,Bulbus_olfactorius_accessorius_Vol.mm3,0,0,match,NA,NA,Stephan_etal_1981_TableVI,1981,NA
Microcebus murinus,Bulbus_olfactorius_accessorius,Bulbus_olfactorius_accessorius_Vol.mm3,1.62,1.62,match,1,NA,Stephan_etal_1981_TableV,1981,NA
Miopithecus talapoin,Bulbus_olfactorius_accessorius,Bulbus_olfactorius_accessorius_Vol.mm3,0,0,match,NA,NA,Stephan_etal_1981_TableVI,1981,NA
Nasalis larvatus,Bulbus_olfactorius_accessorius,Bulbus_olfactorius_accessorius_Vol.mm3,0,0,match,NA,NA,Stephan_etal_1981_TableVI,1981,NA
Nycticebus coucang,Bulbus_olfactorius_accessorius,Bulbus_olfactorius_accessorius_Vol.mm3,4.28,4.28,match,1,NA,Stephan_etal_1981_TableV,1981,NA
Otolemur crassicaudatus,Bulbus_olfactorius_accessorius,Bulbus_olfactorius_accessorius_Vol.mm3,2.52,2.52,match,1,NA,Stephan_etal_1981_TableV,1981,NA
Pan troglodytes,Bulbus_olfactorius_accessorius,Bulbus_olfactorius_accessorius_Vol.mm3,0,0,match,NA,NA,Stephan_etal_1981_TableVI,1981,NA
Papio anubis,Bulbus_olfactorius_accessorius,Bulbus_olfactorius_accessorius_Vol.mm3,0,0,match,NA,NA,Stephan_etal_1981_TableVI,1981,NA
Perodicticus potto,Bulbus_olfactorius_accessorius,Bulbus_olfactorius_accessorius_Vol.mm3,2.74,2.74,match,1,NA,Stephan_etal_1981_TableV,1981,NA
Piliocolobus badius,Bulbus_olfactorius_accessorius,Bulbus_olfactorius_accessorius_Vol.mm3,0,0,match,NA,NA,Stephan_etal_1981_TableVI,1981,NA
Propithecus verreauxi,Bulbus_olfactorius_accessorius,Bulbus_olfactorius_accessorius_Vol.mm3,3.4,3.4,match,1,NA,Stephan_etal_1981_TableV,1981,NA
Pygathrix nemaeus,Bulbus_olfactorius_accessorius,Bulbus_olfactorius_accessorius_Vol.mm3,0,0,match,NA,NA,Stephan_etal_1981_TableVI,1981,NA
Saguinus midas,Bulbus_olfactorius_accessorius,Bulbus_olfactorius_accessorius_Vol.mm3,0.29,0.29,match,1,NA,Stephan_etal_1981_TableVI,1981,NA
Tarsius sp.,Bulbus_olfactorius_accessorius,Bulbus_olfactorius_accessorius_Vol.mm3,0.82,0.82,match,1,NA,Stephan_etal_1981_TableV,1981,NA
Varecia variegata,Bulbus_olfactorius_accessorius,Bulbus_olfactorius_accessorius_Vol.mm3,5.27,5.27,match,1,NA,Stephan_etal_1981_TableV,1981,NA
Ateles geoffroyi,Capsula_interna,Capsula_interna_Vol.mm3,570,570,match,1,NA,Stephan_etal_1981_TableVIII,1981,NA
Callithrix pygmaea,Capsula_interna,Capsula_interna_Vol.mm3,21.8,21.8,match,1,NA,Stephan_etal_1981_TableVIII,1981,NA
Cebus albifrons,Capsula_interna,Capsula_interna_Vol.mm3,549,549,match,1,NA,Stephan_etal_1981_TableVIII,1981,NA
Cercopithecus ascanius,Capsula_interna,Capsula_interna_Vol.mm3,421,421,match,1,NA,Stephan_etal_1981_TableVIII,1981,NA
Cheirogaleus major,Capsula_interna,Capsula_interna_Vol.mm3,48.6,48.6,match,1,NA,Stephan_etal_1981_TableVIII,1981,NA
Eulemur fulvus,Capsula_interna,Capsula_interna_Vol.mm3,248,248,match,1,NA,Stephan_etal_1981_TableVIII,1981,NA
Galagoides demidoff,Capsula_interna,Capsula_interna_Vol.mm3,18.4,18.4,match,1,NA,Stephan_etal_1981_TableVIII,1981,NA
Gorilla sp.,Capsula_interna,Capsula_interna_Vol.mm3,2471,2471,match,1,NA,Stephan_etal_1981_TableVIII,1981,NA
Homo sapiens,Capsula_interna,Capsula_interna_Vol.mm3,7008,7008,match,1,NA,Stephan_etal_1981_TableVIII,1981,NA
Hylobates lar,Capsula_interna,Capsula_interna_Vol.mm3,693,693,match,1,NA,Stephan_etal_1981_TableVIII,1981,NA
Lagothrix lagothricha,Capsula_interna,Capsula_interna_Vol.mm3,612,612,match,1,NA,Stephan_etal_1981_TableVIII,1981,NA
Lepilemur ruficaudatus,Capsula_interna,Capsula_interna_Vol.mm3,63,63,match,1,NA,Stephan_etal_1981_TableVIII,1981,NA
Lophocebus albigena,Capsula_interna,Capsula_interna_Vol.mm3,708,708,match,1,NA,Stephan_etal_1981_TableVIII,1981,NA
Loris tardigradus,Capsula_interna,Capsula_interna_Vol.mm3,46.3,46.3,match,1,NA,Stephan_etal_1981_TableVIII,1981,NA
Microcebus murinus,Capsula_interna,Capsula_interna_Vol.mm3,9.08,9.08,match,1,NA,Stephan_etal_1981_TableVIII,1981,NA
Nasalis larvatus,Capsula_interna,Capsula_interna_Vol.mm3,564,564,match,1,NA,Stephan_etal_1981_TableVIII,1981,NA
Otolemur crassicaudatus,Capsula_interna,Capsula_interna_Vol.mm3,74.6,74.6,match,1,NA,Stephan_etal_1981_TableVIII,1981,NA
Pan troglodytes,Capsula_interna,Capsula_interna_Vol.mm3,2510,2510,match,1,NA,Stephan_etal_1981_TableVIII,1981,NA
Papio anubis,Capsula_interna,Capsula_interna_Vol.mm3,1257,1257,match,1,NA,Stephan_etal_1981_TableVIII,1981,NA
Perodicticus potto,Capsula_interna,Capsula_interna_Vol.mm3,107,107,match,1,NA,Stephan_etal_1981_TableVIII,1981,NA
Piliocolobus badius,Capsula_interna,Capsula_interna_Vol.mm3,460,460,match,1,NA,Stephan_etal_1981_TableVIII,1981,NA
Propithecus verreauxi,Capsula_interna,Capsula_interna_Vol.mm3,324,324,match,1,NA,Stephan_etal_1981_TableVIII,1981,NA
Saguinus oedipus,Capsula_interna,Capsula_interna_Vol.mm3,62.7,62.7,match,1,NA,Stephan_etal_1981_TableVIII,1981,NA
Saimiri sciureus,Capsula_interna,Capsula_interna_Vol.mm3,132,132,match,1,NA,Stephan_etal_1981_TableVIII,1981,NA
Tarsius sp.,Capsula_interna,Capsula_interna_Vol.mm3,16.7,16.7,match,1,NA,Stephan_etal_1981_TableVIII,1981,NA
Alouatta seniculus,Cerebellum,Cerebellum_Vol.mm3,5699,5699,match,1,NA,Stephan_etal_1981_TableIII,1981,NA
Aotus trivirgatus,Cerebellum,Cerebellum_Vol.mm3,1873,1873,match,1,NA,Stephan_etal_1981_TableIII,1981,NA
Ateles geoffroyi,Cerebellum,Cerebellum_Vol.mm3,12438,12438,match,1,NA,Stephan_etal_1981_TableIII,1981,NA
Avahi laniger,Cerebellum,Cerebellum_Vol.mm3,1489,1489,match,1,NA,Stephan_etal_1981_TableII,1981,NA
Avahi occidentalis,Cerebellum,Cerebellum_Vol.mm3,1383,1383,match,1,NA,Stephan_etal_1981_TableII,1981,NA
Callicebus moloch,Cerebellum,Cerebellum_Vol.mm3,1622,1622,match,1,NA,Stephan_etal_1981_TableIII,1981,NA
Callimico goeldii,Cerebellum,Cerebellum_Vol.mm3,1240,1240,match,1,NA,Stephan_etal_1981_TableIII,1981,NA
Callithrix jacchus,Cerebellum,Cerebellum_Vol.mm3,757,757,match,1,NA,Stephan_etal_1981_TableIII,1981,NA
Callithrix pygmaea,Cerebellum,Cerebellum_Vol.mm3,468,468,match,1,NA,Stephan_etal_1981_TableIII,1981,NA
Cebus albifrons,Cerebellum,Cerebellum_Vol.mm3,7871,7871,match,1,NA,Stephan_etal_1981_TableIII,1981,NA
Cercopithecus ascanius,Cerebellum,Cerebellum_Vol.mm3,5828,5828,match,1,NA,Stephan_etal_1981_TableIII,1981,NA
Cercopithecus mitis,Cerebellum,Cerebellum_Vol.mm3,6758,6758,match,1,NA,Stephan_etal_1981_TableIII,1981,NA
Cheirogaleus major,Cerebellum,Cerebellum_Vol.mm3,947,947,match,1,NA,Stephan_etal_1981_TableII,1981,NA
Cheirogaleus medius,Cerebellum,Cerebellum_Vol.mm3,437,437,match,1,NA,Stephan_etal_1981_TableII,1981,NA
Daubentonia madagascariensis,Cerebellum,Cerebellum_Vol.mm3,6461,6461,match,1,NA,Stephan_etal_1981_TableII,1981,NA
Erythrocebus patas,Cerebellum,Cerebellum_Vol.mm3,8738,8738,match,1,NA,Stephan_etal_1981_TableIII,1981,NA
Eulemur fulvus,Cerebellum,Cerebellum_Vol.mm3,3328,3328,match,1,NA,Stephan_etal_1981_TableII,1981,NA
Galago senegalensis,Cerebellum,Cerebellum_Vol.mm3,672,672,match,1,NA,Stephan_etal_1981_TableII,1981,NA
Galagoides demidoff,Cerebellum,Cerebellum_Vol.mm3,413,413,match,1,NA,Stephan_etal_1981_TableII,1981,NA
Gorilla sp.,Cerebellum,Cerebellum_Vol.mm3,69249,69249,match,1,NA,Stephan_etal_1981_TableIII,1981,NA
Homo sapiens,Cerebellum,Cerebellum_Vol.mm3,137421,137421,match,1,NA,Stephan_etal_1981_TableIII,1981,NA
Hylobates lar,Cerebellum,Cerebellum_Vol.mm3,12078,12078,match,1,NA,Stephan_etal_1981_TableIII,1981,NA
Indri indri,Cerebellum,Cerebellum_Vol.mm3,5504,5504,match,1,NA,Stephan_etal_1981_TableII,1981,NA
Lagothrix lagothricha,Cerebellum,Cerebellum_Vol.mm3,11268,11268,match,1,NA,Stephan_etal_1981_TableIII,1981,NA
Lepilemur ruficaudatus,Cerebellum,Cerebellum_Vol.mm3,1165,1165,match,1,NA,Stephan_etal_1981_TableII,1981,NA
Lophocebus albigena,Cerebellum,Cerebellum_Vol.mm3,10726,10726,match,1,NA,Stephan_etal_1981_TableIII,1981,NA
Loris tardigradus,Cerebellum,Cerebellum_Vol.mm3,728,728,match,1,NA,Stephan_etal_1981_TableII,1981,NA
Macaca mulatta,Cerebellum,Cerebellum_Vol.mm3,8965,8965,match,1,NA,Stephan_etal_1981_TableIII,1981,NA
Microcebus murinus,Cerebellum,Cerebellum_Vol.mm3,234,234,match,1,NA,Stephan_etal_1981_TableII,1981,NA
Miopithecus talapoin,Cerebellum,Cerebellum_Vol.mm3,3374,3374,match,1,NA,Stephan_etal_1981_TableIII,1981,NA
Nasalis larvatus,Cerebellum,Cerebellum_Vol.mm3,12113,12113,match,1,NA,Stephan_etal_1981_TableIII,1981,NA
Nycticebus coucang,Cerebellum,Cerebellum_Vol.mm3,1310,1310,match,1,NA,Stephan_etal_1981_TableII,1981,NA
Otolemur crassicaudatus,Cerebellum,Cerebellum_Vol.mm3,1414,1414,match,1,NA,Stephan_etal_1981_TableII,1981,NA
Pan troglodytes,Cerebellum,Cerebellum_Vol.mm3,43663,43663,match,1,NA,Stephan_etal_1981_TableIII,1981,NA
Papio anubis,Cerebellum,Cerebellum_Vol.mm3,18683,18683,match,1,NA,Stephan_etal_1981_TableIII,1981,NA
Perodicticus potto,Cerebellum,Cerebellum_Vol.mm3,1699,1699,match,1,NA,Stephan_etal_1981_TableII,1981,NA
Piliocolobus badius,Cerebellum,Cerebellum_Vol.mm3,8648,8648,match,1,NA,Stephan_etal_1981_TableIII,1981,NA
Pithecia monachus,Cerebellum,Cerebellum_Vol.mm3,3908,3908,match,1,NA,Stephan_etal_1981_TableIII,1981,NA
Pongo sp.,Cerebellum,Cerebellum_Vol.mm3,42900,42900,match,1,NA,Zilles_Rehkämper_1988_Table12-2,1988,NA
Propithecus verreauxi,Cerebellum,Cerebellum_Vol.mm3,3957,3957,match,1,NA,Stephan_etal_1981_TableII,1981,NA
Pygathrix nemaeus,Cerebellum,Cerebellum_Vol.mm3,8063,8063,match,1,NA,Stephan_etal_1981_TableIII,1981,NA
Saguinus midas,Cerebellum,Cerebellum_Vol.mm3,1061,1061,match,1,NA,Stephan_etal_1981_TableIII,1981,NA
Saguinus oedipus,Cerebellum,Cerebellum_Vol.mm3,984,984,match,1,NA,Stephan_etal_1981_TableIII,1981,NA
Saimiri sciureus,Cerebellum,Cerebellum_Vol.mm3,2260,2260,match,1,NA,Stephan_etal_1981_TableIII,1981,NA
Tarsius sp.,Cerebellum,Cerebellum_Vol.mm3,428,428,match,1,NA,Stephan_etal_1981_TableII,1981,NA
Varecia variegata,Cerebellum,Cerebellum_Vol.mm3,4286,4286,match,1,NA,Stephan_etal_1981_TableII,1981,NA
Alouatta seniculus,Complexus_centromedialis,Complexus_centromedialis_Vol.mm3,94.9,94.9,match,1,NA,Stephan_etal_1981_TableXI,1981,NA
Aotus trivirgatus,Complexus_centromedialis,Complexus_centromedialis_Vol.mm3,54.5,54.5,match,1,NA,Stephan_etal_1981_TableXI,1981,NA
Callithrix jacchus,Complexus_centromedialis,Complexus_centromedialis_Vol.mm3,28.3,28.3,match,1,NA,Stephan_etal_1981_TableXI,1981,NA
Cebus albifrons,Complexus_centromedialis,Complexus_centromedialis_Vol.mm3,118,118,match,1,NA,Stephan_etal_1981_TableXI,1981,NA
Cercopithecus ascanius,Complexus_centromedialis,Complexus_centromedialis_Vol.mm3,136,136,match,1,NA,Stephan_etal_1981_TableXI,1981,NA
Cheirogaleus major,Complexus_centromedialis,Complexus_centromedialis_Vol.mm3,34.1,34.1,match,1,NA,Stephan_etal_1981_TableXI,1981,NA
Cheirogaleus medius,Complexus_centromedialis,Complexus_centromedialis_Vol.mm3,23.3,23.3,match,1,NA,Stephan_etal_1981_TableXI,1981,NA
Daubentonia madagascariensis,Complexus_centromedialis,Complexus_centromedialis_Vol.mm3,122,122,match,1,NA,Stephan_etal_1981_TableXI,1981,NA
Eulemur fulvus,Complexus_centromedialis,Complexus_centromedialis_Vol.mm3,71.7,71.7,match,1,NA,Stephan_etal_1981_TableXI,1981,NA
Galagoides demidoff,Complexus_centromedialis,Complexus_centromedialis_Vol.mm3,14.9,14.9,match,1,NA,Stephan_etal_1981_TableXI,1981,NA
Homo sapiens,Complexus_centromedialis,Complexus_centromedialis_Vol.mm3,592,592,match,1,NA,Stephan_etal_1981_TableXI,1981,NA
Lepilemur ruficaudatus,Complexus_centromedialis,Complexus_centromedialis_Vol.mm3,42.5,42.5,match,1,NA,Stephan_etal_1981_TableXI,1981,NA
Microcebus murinus,Complexus_centromedialis,Complexus_centromedialis_Vol.mm3,12.1,12.1,match,1,NA,Stephan_etal_1981_TableXI,1981,NA
Piliocolobus badius,Complexus_centromedialis,Complexus_centromedialis_Vol.mm3,114,114,match,1,NA,Stephan_etal_1981_TableXI,1981,NA
Propithecus verreauxi,Complexus_centromedialis,Complexus_centromedialis_Vol.mm3,78.7,78.7,match,1,NA,Stephan_etal_1981_TableXI,1981,NA
Saimiri sciureus,Complexus_centromedialis,Complexus_centromedialis_Vol.mm3,45.9,45.9,match,1,NA,Stephan_etal_1981_TableXI,1981,NA
Tarsius sp.,Complexus_centromedialis,Complexus_centromedialis_Vol.mm3,11.1,11.1,match,1,NA,Stephan_etal_1981_TableXI,1981,NA
Alouatta seniculus,Complexus_cortico_basolateralis,Complexus_corticobasolateralis_Vol.mm3,318,318,match,1,NA,Stephan_etal_1981_TableXI,1981,NA
Aotus trivirgatus,Complexus_cortico_basolateralis,Complexus_corticobasolateralis_Vol.mm3,147,147,match,1,NA,Stephan_etal_1981_TableXI,1981,NA
Callithrix jacchus,Complexus_cortico_basolateralis,Complexus_corticobasolateralis_Vol.mm3,84.6,84.6,match,1,NA,Stephan_etal_1981_TableXI,1981,NA
Cebus albifrons,Complexus_cortico_basolateralis,Complexus_corticobasolateralis_Vol.mm3,384,384,match,1,NA,Stephan_etal_1981_TableXI,1981,NA
Cercopithecus ascanius,Complexus_cortico_basolateralis,Complexus_corticobasolateralis_Vol.mm3,465,465,match,1,NA,Stephan_etal_1981_TableXI,1981,NA
Cheirogaleus major,Complexus_cortico_basolateralis,Complexus_corticobasolateralis_Vol.mm3,65.3,65.3,match,1,NA,Stephan_etal_1981_TableXI,1981,NA
Cheirogaleus medius,Complexus_cortico_basolateralis,Complexus_corticobasolateralis_Vol.mm3,39.8,39.8,match,1,NA,Stephan_etal_1981_TableXI,1981,NA
Daubentonia madagascariensis,Complexus_cortico_basolateralis,Complexus_corticobasolateralis_Vol.mm3,351,351,match,1,NA,Stephan_etal_1981_TableXI,1981,NA
Eulemur fulvus,Complexus_cortico_basolateralis,Complexus_corticobasolateralis_Vol.mm3,179,179,match,1,NA,Stephan_etal_1981_TableXI,1981,NA
Galagoides demidoff,Complexus_cortico_basolateralis,Complexus_corticobasolateralis_Vol.mm3,35.3,35.3,match,1,NA,Stephan_etal_1981_TableXI,1981,NA
Homo sapiens,Complexus_cortico_basolateralis,Complexus_corticobasolateralis_Vol.mm3,2424,2424,match,1,NA,Stephan_etal_1981_TableXI,1981,NA
Lepilemur ruficaudatus,Complexus_cortico_basolateralis,Complexus_corticobasolateralis_Vol.mm3,90.4,90.4,match,1,NA,Stephan_etal_1981_TableXI,1981,NA
Microcebus murinus,Complexus_cortico_basolateralis,Complexus_corticobasolateralis_Vol.mm3,24.3,24.3,match,1,NA,Stephan_etal_1981_TableXI,1981,NA
Piliocolobus badius,Complexus_cortico_basolateralis,Complexus_corticobasolateralis_Vol.mm3,365,365,match,1,NA,Stephan_etal_1981_TableXI,1981,NA
Propithecus verreauxi,Complexus_cortico_basolateralis,Complexus_corticobasolateralis_Vol.mm3,172,172,match,1,NA,Stephan_etal_1981_TableXI,1981,NA
Saimiri sciureus,Complexus_cortico_basolateralis,Complexus_corticobasolateralis_Vol.mm3,181,181,match,1,NA,Stephan_etal_1981_TableXI,1981,NA
Tarsius sp.,Complexus_cortico_basolateralis,Complexus_corticobasolateralis_Vol.mm3,38.7,38.7,match,1,NA,Stephan_etal_1981_TableXI,1981,NA
Ateles geoffroyi,Complexus.vestibularis,Complexus_vestibularis_unilateral_Vol.mm3,49.7,49.7,match,1,NA,Matano__1986_TableI,1986,Stephan_etal_1981_TableXIII (1981) = 49.7
Avahi occidentalis,Complexus.vestibularis,Complexus_vestibularis_unilateral_Vol.mm3,18.1,18.1,match,1,NA,Matano__1986_TableI,1986,Stephan_etal_1981_TableXIII (1981) = 18.1
Callithrix pygmaea,Complexus.vestibularis,Complexus_vestibularis_unilateral_Vol.mm3,11.1,11.1,match,1,NA,Matano__1986_TableI,1986,Stephan_etal_1981_TableXIII (1981) = 11.1
Cebus albifrons,Complexus.vestibularis,Complexus_vestibularis_unilateral_Vol.mm3,50.2,50.2,match,1,NA,Matano__1986_TableI,1986,Stephan_etal_1981_TableXIII (1981) = 50.2
Cheirogaleus major,Complexus.vestibularis,Complexus_vestibularis_unilateral_Vol.mm3,11.1,11.1,match,1,NA,Matano__1986_TableI,1986,Stephan_etal_1981_TableXIII (1981) = 11.1
Eulemur fulvus,Complexus.vestibularis,Complexus_vestibularis_unilateral_Vol.mm3,31.1,31.1,match,1,NA,Matano__1986_TableI,1986,Stephan_etal_1981_TableXIII (1981) = 31.1
Galagoides demidoff,Complexus.vestibularis,Complexus_vestibularis_unilateral_Vol.mm3,6.65,6.65,match,1,NA,Matano__1986_TableI,1986,Stephan_etal_1981_TableXIII (1981) = 6.65
Gorilla sp.,Complexus.vestibularis,Complexus_vestibularis_unilateral_Vol.mm3,136,136,match,1,NA,Matano__1986_TableI,1986,Stephan_etal_1981_TableXIII (1981) = 136
Homo sapiens,Complexus.vestibularis,Complexus_vestibularis_unilateral_Vol.mm3,177,177,match,1,NA,Matano__1986_TableI,1986,Stephan_etal_1981_TableXIII (1981) = 177
Lepilemur ruficaudatus,Complexus.vestibularis,Complexus_vestibularis_unilateral_Vol.mm3,14.9,14.9,match,1,NA,Matano__1986_TableI,1986,Stephan_etal_1981_TableXIII (1981) = 14.9
Microcebus murinus,Complexus.vestibularis,Complexus_vestibularis_unilateral_Vol.mm3,4.02,4.02,match,1,NA,Matano__1986_TableI,1986,Stephan_etal_1981_TableXIII (1981) = 4.02
Nasalis larvatus,Complexus.vestibularis,Complexus_vestibularis_unilateral_Vol.mm3,86.2,86.2,match,1,NA,Matano__1986_TableI,1986,Stephan_etal_1981_TableXIII (1981) = 86.2
Otolemur crassicaudatus,Complexus.vestibularis,Complexus_vestibularis_unilateral_Vol.mm3,19.9,19.9,match,1,NA,Matano__1986_TableI,1986,Stephan_etal_1981_TableXIII (1981) = 19.9
Pan troglodytes,Complexus.vestibularis,Complexus_vestibularis_unilateral_Vol.mm3,118,118,match,1,NA,Matano__1986_TableI,1986,Stephan_etal_1981_TableXIII (1981) = 118
Papio anubis,Complexus.vestibularis,Complexus_vestibularis_unilateral_Vol.mm3,107,107,match,1,NA,Matano__1986_TableI,1986,Stephan_etal_1981_TableXIII (1981) = 107
Perodicticus potto,Complexus.vestibularis,Complexus_vestibularis_unilateral_Vol.mm3,17.3,17.3,match,1,NA,Matano__1986_TableI,1986,Stephan_etal_1981_TableXIII (1981) = 17.3
Piliocolobus badius,Complexus.vestibularis,Complexus_vestibularis_unilateral_Vol.mm3,57.3,57.3,match,1,NA,Matano__1986_TableI,1986,Stephan_etal_1981_TableXIII (1981) = 57.3
Saguinus oedipus,Complexus.vestibularis,Complexus_vestibularis_unilateral_Vol.mm3,18.4,18.4,match,1,NA,Matano__1986_TableI,1986,Stephan_etal_1981_TableXIII (1981) = 18.4
Saimiri sciureus,Complexus.vestibularis,Complexus_vestibularis_unilateral_Vol.mm3,29.4,29.4,match,1,NA,Matano__1986_TableI,1986,Stephan_etal_1981_TableXIII (1981) = 29.4
Tarsius sp.,Complexus.vestibularis,Complexus_vestibularis_unilateral_Vol.mm3,7.69,7.69,match,1,NA,Matano__1986_TableI,1986,Stephan_etal_1981_TableXIII (1981) = 7.69
Alouatta seniculus,LGN_Sousa,Corpus_geniculatum_laterale_Vol.mm3,87.4,87.4,match,1,NA,Stephan_etal_1984_Table1,1984,Stephan_etal_1981_TableIX (1981) = 85.7
Aotus trivirgatus,LGN_Sousa,Corpus_geniculatum_laterale_Vol.mm3,32.9,32.9,match,1,NA,Stephan_etal_1984_Table1,1984,Stephan_etal_1981_TableIX (1981) = 36
Ateles geoffroyi,LGN_Sousa,Corpus_geniculatum_laterale_Vol.mm3,151,151,match,1,NA,Stephan_etal_1984_Table1,1984,Stephan_etal_1981_TableIX (1981) = 151
Avahi laniger,LGN_Sousa,Corpus_geniculatum_laterale_Vol.mm3,27.6,27.6,match,1,NA,Stephan_etal_1984_Table1,1984,Stephan_etal_1981_TableIX (1981) = 27.4
Avahi occidentalis,LGN_Sousa,Corpus_geniculatum_laterale_Vol.mm3,29.3,29.3,match,1,NA,Stephan_etal_1984_Table1,1984,Stephan_etal_1981_TableIX (1981) = 27.2
Callicebus moloch,LGN_Sousa,Corpus_geniculatum_laterale_Vol.mm3,54.2,54.2,match,1,NA,Stephan_etal_1984_Table1,1984,Stephan_etal_1981_TableIX (1981) = 53.2
Callithrix jacchus,LGN_Sousa,Corpus_geniculatum_laterale_Vol.mm3,25.1,25.1,match,1,NA,Stephan_etal_1984_Table1,1984,Stephan_etal_1981_TableIX (1981) = 25.7
Cebus albifrons,LGN_Sousa,Corpus_geniculatum_laterale_Vol.mm3,137,137,match,1,NA,Stephan_etal_1984_Table1,1984,Stephan_etal_1981_TableIX (1981) = 137
Cercopithecus ascanius,LGN_Sousa,Corpus_geniculatum_laterale_Vol.mm3,147,147,match,1,NA,deSousa_etal_2013_Table1,2013,Stephan_etal_1984_Table1 (1984) = 147 | Stephan_etal_1981_TableIX (1981) = 147
Cheirogaleus major,LGN_Sousa,Corpus_geniculatum_laterale_Vol.mm3,21.5,21.5,match,1,NA,Stephan_etal_1984_Table1,1984,Stephan_etal_1981_TableIX (1981) = 21.5
Cheirogaleus medius,LGN_Sousa,Corpus_geniculatum_laterale_Vol.mm3,10.8,10.8,match,1,NA,Stephan_etal_1984_Table1,1984,Stephan_etal_1981_TableIX (1981) = 10.8
Colobus angolensis,LGN_Sousa,Corpus_geniculatum_laterale_Vol.mm3,103,103,match,1,NA,deSousa_etal_2013_Table1,2013,NA
Daubentonia madagascariensis,LGN_Sousa,Corpus_geniculatum_laterale_Vol.mm3,58.5,58.5,match,1,NA,Stephan_etal_1984_Table1,1984,Stephan_etal_1981_TableIX (1981) = 58.5
Eulemur fulvus,LGN_Sousa,Corpus_geniculatum_laterale_Vol.mm3,51.8,51.8,match,1,NA,Stephan_etal_1984_Table1,1984,Stephan_etal_1981_TableIX (1981) = 51.6
Galago senegalensis,LGN_Sousa,Corpus_geniculatum_laterale_Vol.mm3,16,16,match,1,NA,Stephan_etal_1984_Table1,1984,Stephan_etal_1981_TableIX (1981) = 16
Galagoides demidoff,LGN_Sousa,Corpus_geniculatum_laterale_Vol.mm3,10.9,10.9,match,1,NA,Stephan_etal_1984_Table1,1984,Stephan_etal_1981_TableIX (1981) = 10.9
Homo sapiens,LGN_Sousa,Corpus_geniculatum_laterale_Vol.mm3,335,335,match,1,NA,deSousa_etal_2013_Table1,2013,Stephan_etal_1984_Table1 (1984) = 416 | Stephan_etal_1981_TableIX (1981) = 416
Hylobates lar,LGN_Sousa,Corpus_geniculatum_laterale_Vol.mm3,166.2,166.2,match,1,NA,deSousa_etal_2013_Table1,2013,Stephan_etal_1984_Table1 (1984) = 175
Indri indri,LGN_Sousa,Corpus_geniculatum_laterale_Vol.mm3,94.5,94.5,match,1,NA,Stephan_etal_1984_Table1,1984,Stephan_etal_1981_TableIX (1981) = 99.6
Lagothrix lagothricha,LGN_Sousa,Corpus_geniculatum_laterale_Vol.mm3,164,164,match,1,NA,Stephan_etal_1984_Table1,1984,Stephan_etal_1981_TableIX (1981) = 149
Lepilemur ruficaudatus,LGN_Sousa,Corpus_geniculatum_laterale_Vol.mm3,15.6,15.6,match,1,NA,Stephan_etal_1984_Table1,1984,Stephan_etal_1981_TableIX (1981) = 15.6
Lophocebus albigena,LGN_Sousa,Corpus_geniculatum_laterale_Vol.mm3,182,182,match,1,NA,deSousa_etal_2013_Table1,2013,Stephan_etal_1984_Table1 (1984) = 182 | Stephan_etal_1981_TableIX (1981) = 182
Loris tardigradus,LGN_Sousa,Corpus_geniculatum_laterale_Vol.mm3,24.6,24.6,match,1,NA,Stephan_etal_1984_Table1,1984,Stephan_etal_1981_TableIX (1981) = 24.6
Macaca fascicularis,LGN_Sousa,Corpus_geniculatum_laterale_Vol.mm3,91.9,91.9,match,1,NA,deSousa_etal_2013_Table1,2013,NA
Macaca mulatta,LGN_Sousa,Corpus_geniculatum_laterale_Vol.mm3,158,158,match,1,NA,deSousa_etal_2013_Table1,2013,Stephan_etal_1984_Table1 (1984) = 158 | Stephan_etal_1981_TableIX (1981) = 158
Miopithecus talapoin,LGN_Sousa,Corpus_geniculatum_laterale_Vol.mm3,109,109,match,1,NA,deSousa_etal_2013_Table1,2013,Stephan_etal_1984_Table1 (1984) = 109 | Stephan_etal_1981_TableIX (1981) = 116
Nycticebus coucang,LGN_Sousa,Corpus_geniculatum_laterale_Vol.mm3,35.9,35.9,match,1,NA,Stephan_etal_1984_Table1,1984,Stephan_etal_1981_TableIX (1981) = 37.3
Otolemur crassicaudatus,LGN_Sousa,Corpus_geniculatum_laterale_Vol.mm3,23.2,23.2,match,1,NA,Stephan_etal_1984_Table1,1984,Stephan_etal_1981_TableIX (1981) = 22.1
Papio anubis,LGN_Sousa,Corpus_geniculatum_laterale_Vol.mm3,395,395,match,1,NA,deSousa_etal_2013_Table1,2013,Stephan_etal_1984_Table1 (1984) = 395
Perodicticus potto,LGN_Sousa,Corpus_geniculatum_laterale_Vol.mm3,24.3,24.3,match,1,NA,Stephan_etal_1984_Table1,1984,Stephan_etal_1981_TableIX (1981) = 24.3
Piliocolobus badius,LGN_Sousa,Corpus_geniculatum_laterale_Vol.mm3,128,128,match,1,NA,deSousa_etal_2013_Table1,2013,Stephan_etal_1984_Table1 (1984) = 128 | Stephan_etal_1981_TableIX (1981) = 128
Pithecia monachus,LGN_Sousa,Corpus_geniculatum_laterale_Vol.mm3,76.3,76.3,match,1,NA,Stephan_etal_1984_Table1,1984,Stephan_etal_1981_TableIX (1981) = 72.3
Pongo sp.,LGN_Sousa,Corpus_geniculatum_laterale_Vol.mm3,259.1,259.1,match,1,NA,deSousa_etal_2013_Table1,2013,NA
Propithecus verreauxi,LGN_Sousa,Corpus_geniculatum_laterale_Vol.mm3,64.5,64.5,match,1,NA,Stephan_etal_1984_Table1,1984,Stephan_etal_1981_TableIX (1981) = 68.6
Saguinus oedipus,LGN_Sousa,Corpus_geniculatum_laterale_Vol.mm3,34.2,34.2,match,1,NA,Stephan_etal_1984_Table1,1984,Stephan_etal_1981_TableIX (1981) = 33
Saimiri sciureus,LGN_Sousa,Corpus_geniculatum_laterale_Vol.mm3,62.9,62.9,match,1,NA,Stephan_etal_1984_Table1,1984,Stephan_etal_1981_TableIX (1981) = 62.9
Tarsius sp.,LGN_Sousa,Corpus_geniculatum_laterale_Vol.mm3,20.8,20.8,match,1,NA,Stephan_etal_1984_Table1,1984,Stephan_etal_1981_TableIX (1981) = 20.8
Varecia variegata,LGN_Sousa,Corpus_geniculatum_laterale_Vol.mm3,68.9,68.9,match,1,NA,Stephan_etal_1984_Table1,1984,Stephan_etal_1981_TableIX (1981) = 68.9
Aotus trivirgatus,Corpus.pineale,Corpus_pineal_Vol.mm3,1.55,1.55,match,1,NA,Stephan_etal_1981_TableXVI,1981,NA
Ateles geoffroyi,Corpus.pineale,Corpus_pineal_Vol.mm3,3.1,3.1,match,1,NA,Stephan_etal_1981_TableXVI,1981,NA
Avahi laniger,Corpus.pineale,Corpus_pineal_Vol.mm3,0.7,0.7,match,1,NA,Stephan_etal_1981_TableXV,1981,NA
Callicebus moloch,Corpus.pineale,Corpus_pineal_Vol.mm3,2.9,2.9,match,1,NA,Stephan_etal_1981_TableXVI,1981,NA
Cebus albifrons,Corpus.pineale,Corpus_pineal_Vol.mm3,3.8,3.8,match,1,NA,Stephan_etal_1981_TableXVI,1981,NA
Cercopithecus ascanius,Corpus.pineale,Corpus_pineal_Vol.mm3,4.66,4.66,match,1,NA,Stephan_etal_1981_TableXVI,1981,NA
Cercopithecus mitis,Corpus.pineale,Corpus_pineal_Vol.mm3,15.3,15.3,match,1,NA,Stephan_etal_1981_TableXVI,1981,NA
Daubentonia madagascariensis,Corpus.pineale,Corpus_pineal_Vol.mm3,3.32,3.32,match,1,NA,Stephan_etal_1981_TableXV,1981,NA
Eulemur fulvus,Corpus.pineale,Corpus_pineal_Vol.mm3,1.85,1.85,match,1,NA,Stephan_etal_1981_TableXV,1981,NA
Gorilla sp.,Corpus.pineale,Corpus_pineal_Vol.mm3,7.96,7.96,match,1,NA,Stephan_etal_1981_TableXVI,1981,NA
Homo sapiens,Corpus.pineale,Corpus_pineal_Vol.mm3,142,142,match,1,NA,Stephan_etal_1981_TableXVI,1981,NA
Indri indri,Corpus.pineale,Corpus_pineal_Vol.mm3,5.63,5.63,match,1,NA,Stephan_etal_1981_TableXV,1981,NA
Lagothrix lagothricha,Corpus.pineale,Corpus_pineal_Vol.mm3,10.6,10.6,match,1,NA,Stephan_etal_1981_TableXVI,1981,NA
Lophocebus albigena,Corpus.pineale,Corpus_pineal_Vol.mm3,11.9,11.9,match,1,NA,Stephan_etal_1981_TableXVI,1981,NA
Macaca mulatta,Corpus.pineale,Corpus_pineal_Vol.mm3,12.4,12.4,match,1,NA,Stephan_etal_1981_TableXVI,1981,NA
Microcebus murinus,Corpus.pineale,Corpus_pineal_Vol.mm3,0.14,0.14,match,1,NA,Stephan_etal_1981_TableXV,1981,NA
Miopithecus talapoin,Corpus.pineale,Corpus_pineal_Vol.mm3,2.03,2.03,match,1,NA,Stephan_etal_1981_TableXVI,1981,NA
Nycticebus coucang,Corpus.pineale,Corpus_pineal_Vol.mm3,1.83,1.83,match,1,NA,Stephan_etal_1981_TableXV,1981,NA
Otolemur crassicaudatus,Corpus.pineale,Corpus_pineal_Vol.mm3,1.02,1.02,match,1,NA,Stephan_etal_1981_TableXV,1981,NA
Pan troglodytes,Corpus.pineale,Corpus_pineal_Vol.mm3,38,38,match,1,NA,Stephan_etal_1981_TableXVI,1981,NA
Papio anubis,Corpus.pineale,Corpus_pineal_Vol.mm3,51.1,51.1,match,1,NA,Stephan_etal_1981_TableXVI,1981,NA
Perodicticus potto,Corpus.pineale,Corpus_pineal_Vol.mm3,1.76,1.76,match,1,NA,Stephan_etal_1981_TableXV,1981,NA
Piliocolobus badius,Corpus.pineale,Corpus_pineal_Vol.mm3,7.31,7.31,match,1,NA,Stephan_etal_1981_TableXVI,1981,NA
Propithecus verreauxi,Corpus.pineale,Corpus_pineal_Vol.mm3,3.26,3.26,match,1,NA,Stephan_etal_1981_TableXV,1981,NA
Saimiri sciureus,Corpus.pineale,Corpus_pineal_Vol.mm3,2.71,2.71,match,1,NA,Stephan_etal_1981_TableXVI,1981,NA
Tarsius sp.,Corpus.pineale,Corpus_pineal_Vol.mm3,2.03,2.03,match,1,NA,Stephan_etal_1981_TableXV,1981,NA
Varecia variegata,Corpus.pineale,Corpus_pineal_Vol.mm3,4.46,4.46,match,1,NA,Stephan_etal_1981_TableXV,1981,NA
Aotus trivirgatus,Corpus.subcommissurale,Corpus_subcommissurale_Vol.mm3,0.14,0.14,match,1,NA,Stephan_etal_1981_TableXVI,1981,NA
Avahi laniger,Corpus.subcommissurale,Corpus_subcommissurale_Vol.mm3,0.14,0.14,match,1,NA,Stephan_etal_1981_TableXV,1981,NA
Daubentonia madagascariensis,Corpus.subcommissurale,Corpus_subcommissurale_Vol.mm3,1.83,1.83,match,1,NA,Stephan_etal_1981_TableXV,1981,NA
Gorilla sp.,Corpus.subcommissurale,Corpus_subcommissurale_Vol.mm3,1.41,1.41,match,1,NA,Stephan_etal_1981_TableXVI,1981,NA
Macaca mulatta,Corpus.subcommissurale,Corpus_subcommissurale_Vol.mm3,0.27,0.27,match,1,NA,Stephan_etal_1981_TableXVI,1981,NA
Miopithecus talapoin,Corpus.subcommissurale,Corpus_subcommissurale_Vol.mm3,0.22,0.22,match,1,NA,Stephan_etal_1981_TableXVI,1981,NA
Cebus albifrons,Corpus.subfornicale,Corpus_subfornicale_Vol.mm3,0.41,0.41,match,1,NA,Stephan_etal_1981_TableXVI,1981,NA
Gorilla sp.,Corpus.subfornicale,Corpus_subfornicale_Vol.mm3,1.3,1.3,match,1,NA,Stephan_etal_1981_TableXVI,1981,NA
Macaca mulatta,Corpus.subfornicale,Corpus_subfornicale_Vol.mm3,0.36,0.36,match,1,NA,Stephan_etal_1981_TableXVI,1981,NA
Pithecia monachus,Corpus.subfornicale,Corpus_subfornicale_Vol.mm3,0.3,0.3,match,1,NA,Stephan_etal_1981_TableXVI,1981,NA
Alouatta seniculus,Diencephalon,Diencephalon_Vol.mm3,3344,3344,match,1,NA,Stephan_etal_1981_TableIII,1981,NA
Aotus trivirgatus,Diencephalon,Diencephalon_Vol.mm3,1098,1098,match,1,NA,Stephan_etal_1981_TableIII,1981,NA
Ateles geoffroyi,Diencephalon,Diencephalon_Vol.mm3,5334,5334,match,1,NA,Stephan_etal_1981_TableIII,1981,NA
Avahi laniger,Diencephalon,Diencephalon_Vol.mm3,862,862,match,1,NA,Stephan_etal_1981_TableII,1981,NA
Avahi occidentalis,Diencephalon,Diencephalon_Vol.mm3,861,861,match,1,NA,Stephan_etal_1981_TableII,1981,NA
Callicebus moloch,Diencephalon,Diencephalon_Vol.mm3,1375,1375,match,1,NA,Stephan_etal_1981_TableIII,1981,NA
Callimico goeldii,Diencephalon,Diencephalon_Vol.mm3,739,739,match,1,NA,Stephan_etal_1981_TableIII,1981,NA
Callithrix jacchus,Diencephalon,Diencephalon_Vol.mm3,554,554,match,1,NA,Stephan_etal_1981_TableIII,1981,NA
Callithrix pygmaea,Diencephalon,Diencephalon_Vol.mm3,342,342,match,1,NA,Stephan_etal_1981_TableIII,1981,NA
Cebus albifrons,Diencephalon,Diencephalon_Vol.mm3,3996,3996,match,1,NA,Stephan_etal_1981_TableIII,1981,NA
Cercopithecus ascanius,Diencephalon,Diencephalon_Vol.mm3,3605,3605,match,1,NA,Stephan_etal_1981_TableIII,1981,NA
Cercopithecus mitis,Diencephalon,Diencephalon_Vol.mm3,4176,4176,match,1,NA,Stephan_etal_1981_TableIII,1981,NA
Cheirogaleus major,Diencephalon,Diencephalon_Vol.mm3,489,489,match,1,NA,Stephan_etal_1981_TableII,1981,NA
Cheirogaleus medius,Diencephalon,Diencephalon_Vol.mm3,235,235,match,1,NA,Stephan_etal_1981_TableII,1981,NA
Daubentonia madagascariensis,Diencephalon,Diencephalon_Vol.mm3,3539,3539,match,1,NA,Stephan_etal_1981_TableII,1981,NA
Erythrocebus patas,Diencephalon,Diencephalon_Vol.mm3,5423,5423,match,1,NA,Stephan_etal_1981_TableIII,1981,NA
Eulemur fulvus,Diencephalon,Diencephalon_Vol.mm3,1713,1713,match,1,NA,Stephan_etal_1981_TableII,1981,NA
Galago senegalensis,Diencephalon,Diencephalon_Vol.mm3,382,382,match,1,NA,Stephan_etal_1981_TableII,1981,NA
Galagoides demidoff,Diencephalon,Diencephalon_Vol.mm3,246,246,match,1,NA,Stephan_etal_1981_TableII,1981,NA
Gorilla sp.,Diencephalon,Diencephalon_Vol.mm3,19370,19370,match,1,NA,Stephan_etal_1981_TableIII,1981,NA
Homo sapiens,Diencephalon,Diencephalon_Vol.mm3,33319,33319,match,1,NA,Stephan_etal_1981_TableIII,1981,NA
Hylobates lar,Diencephalon,Diencephalon_Vol.mm3,5716,5716,match,1,NA,Stephan_etal_1981_TableIII,1981,NA
Indri indri,Diencephalon,Diencephalon_Vol.mm3,2911,2911,match,1,NA,Stephan_etal_1981_TableII,1981,NA
Lagothrix lagothricha,Diencephalon,Diencephalon_Vol.mm3,5721,5721,match,1,NA,Stephan_etal_1981_TableIII,1981,NA
Lepilemur ruficaudatus,Diencephalon,Diencephalon_Vol.mm3,593,593,match,1,NA,Stephan_etal_1981_TableII,1981,NA
Lophocebus albigena,Diencephalon,Diencephalon_Vol.mm3,5351,5351,match,1,NA,Stephan_etal_1981_TableIII,1981,NA
Loris tardigradus,Diencephalon,Diencephalon_Vol.mm3,538,538,match,1,NA,Stephan_etal_1981_TableII,1981,NA
Macaca mulatta,Diencephalon,Diencephalon_Vol.mm3,4480,4480,match,1,NA,Stephan_etal_1981_TableIII,1981,NA
Microcebus murinus,Diencephalon,Diencephalon_Vol.mm3,134,134,match,1,NA,Stephan_etal_1981_TableII,1981,NA
Miopithecus talapoin,Diencephalon,Diencephalon_Vol.mm3,2375,2375,match,1,NA,Stephan_etal_1981_TableIII,1981,NA
Nasalis larvatus,Diencephalon,Diencephalon_Vol.mm3,5310,5310,match,1,NA,Stephan_etal_1981_TableIII,1981,NA
Nycticebus coucang,Diencephalon,Diencephalon_Vol.mm3,1077,1077,match,1,NA,Stephan_etal_1981_TableII,1981,NA
Otolemur crassicaudatus,Diencephalon,Diencephalon_Vol.mm3,785,785,match,1,NA,Stephan_etal_1981_TableII,1981,NA
Pan troglodytes,Diencephalon,Diencephalon_Vol.mm3,15392,15392,match,1,NA,Stephan_etal_1981_TableIII,1981,NA
Papio anubis,Diencephalon,Diencephalon_Vol.mm3,9280,9280,match,1,NA,Stephan_etal_1981_TableIII,1981,NA
Perodicticus potto,Diencephalon,Diencephalon_Vol.mm3,1024,1024,match,1,NA,Stephan_etal_1981_TableII,1981,NA
Piliocolobus badius,Diencephalon,Diencephalon_Vol.mm3,3945,3945,match,1,NA,Stephan_etal_1981_TableIII,1981,NA
Pithecia monachus,Diencephalon,Diencephalon_Vol.mm3,2285,2285,match,1,NA,Stephan_etal_1981_TableIII,1981,NA
Pongo sp.,Diencephalon,Diencephalon_Vol.mm3,13500,13500,match,1,NA,Zilles_Rehkämper_1988_Table12-2,1988,NA
Propithecus verreauxi,Diencephalon,Diencephalon_Vol.mm3,2195,2195,match,1,NA,Stephan_etal_1981_TableII,1981,NA
Pygathrix nemaeus,Diencephalon,Diencephalon_Vol.mm3,4727,4727,match,1,NA,Stephan_etal_1981_TableIII,1981,NA
Saguinus midas,Diencephalon,Diencephalon_Vol.mm3,692,692,match,1,NA,Stephan_etal_1981_TableIII,1981,NA
Saguinus oedipus,Diencephalon,Diencephalon_Vol.mm3,754,754,match,1,NA,Stephan_etal_1981_TableIII,1981,NA
Saimiri sciureus,Diencephalon,Diencephalon_Vol.mm3,1430,1430,match,1,NA,Stephan_etal_1981_TableIII,1981,NA
Tarsius sp.,Diencephalon,Diencephalon_Vol.mm3,303,303,match,1,NA,Stephan_etal_1981_TableII,1981,NA
Varecia variegata,Diencephalon,Diencephalon_Vol.mm3,2529,2529,match,1,NA,Stephan_etal_1981_TableII,1981,NA
Alouatta caraya,Dysgranular_volume_L,Dysgranular_insular_cortex_left_Vol.mm3,141,141,match,1,NA,Bauernfeind_etal_2013_Table1,2013,NA
Ateles geoffroyi,Dysgranular_volume_L,Dysgranular_insular_cortex_left_Vol.mm3,181,181,match,1,NA,Bauernfeind_etal_2013_Table1,2013,NA
Cebus albifrons,Dysgranular_volume_L,Dysgranular_insular_cortex_left_Vol.mm3,155,155,match,1,NA,Bauernfeind_etal_2013_Table1,2013,NA
Cercocebus agilis,Dysgranular_volume_L,Dysgranular_insular_cortex_left_Vol.mm3,116,116,match,1,NA,Bauernfeind_etal_2013_Table1,2013,NA
Cercopithecus mitis,Dysgranular_volume_L,Dysgranular_insular_cortex_left_Vol.mm3,391,391,match,1,NA,Bauernfeind_etal_2013_Table1,2013,NA
Colobus angolensis,Dysgranular_volume_L,Dysgranular_insular_cortex_left_Vol.mm3,152,152,match,1,NA,Bauernfeind_etal_2013_Table1,2013,NA
Galagoides demidoff,Dysgranular_volume_L,Dysgranular_insular_cortex_left_Vol.mm3,5,5,match,1,NA,Bauernfeind_etal_2013_Table1,2013,NA
Gorilla sp.,Dysgranular_volume_L,Dysgranular_insular_cortex_left_Vol.mm3,948.75,948.75,match,1,NA,Bauernfeind_etal_2013_Table1,2013,NA
Homo sapiens,Dysgranular_volume_L,Dysgranular_insular_cortex_left_Vol.mm3,2960.2,2960.2,match,1,NA,Bauernfeind_etal_2013_Table1,2013,NA
Hylobates lar,Dysgranular_volume_L,Dysgranular_insular_cortex_left_Vol.mm3,131,131,match,1,NA,Bauernfeind_etal_2013_Table1,2013,NA
Hylobates muelleri,Dysgranular_volume_L,Dysgranular_insular_cortex_left_Vol.mm3,286,286,match,1,NA,Bauernfeind_etal_2013_Table1,2013,NA
Indri indri,Dysgranular_volume_L,Dysgranular_insular_cortex_left_Vol.mm3,85,85,match,1,NA,Bauernfeind_etal_2013_Table1,2013,NA
Leontopithecus rosalia,Dysgranular_volume_L,Dysgranular_insular_cortex_left_Vol.mm3,21,21,match,1,NA,Bauernfeind_etal_2013_Table1,2013,NA
Lophocebus albigena,Dysgranular_volume_L,Dysgranular_insular_cortex_left_Vol.mm3,270,270,match,1,NA,Bauernfeind_etal_2013_Table1,2013,NA
Loris tardigradus,Dysgranular_volume_L,Dysgranular_insular_cortex_left_Vol.mm3,6,6,match,1,NA,Bauernfeind_etal_2013_Table1,2013,NA
Macaca maura,Dysgranular_volume_L,Dysgranular_insular_cortex_left_Vol.mm3,240,240,match,1,NA,Bauernfeind_etal_2013_Table1,2013,NA
Pan paniscus,Dysgranular_volume_L,Dysgranular_insular_cortex_left_Vol.mm3,934.333333,934.333333333333,match,1.0000000003567602,NA,Bauernfeind_etal_2013_Table1,2013,NA
Pan troglodytes,Dysgranular_volume_L,Dysgranular_insular_cortex_left_Vol.mm3,703.666667,703.666666666667,match,0.9999999995262914,NA,Bauernfeind_etal_2013_Table1,2013,NA
Perodicticus potto,Dysgranular_volume_L,Dysgranular_insular_cortex_left_Vol.mm3,10,10,match,1,NA,Bauernfeind_etal_2013_Table1,2013,NA
Piliocolobus badius,Dysgranular_volume_L,Dysgranular_insular_cortex_left_Vol.mm3,116,116,match,1,NA,Bauernfeind_etal_2013_Table1,2013,NA
Pithecia pithecia,Dysgranular_volume_L,Dysgranular_insular_cortex_left_Vol.mm3,135,135,match,1,NA,Bauernfeind_etal_2013_Table1,2013,NA
Saguinus geoffroyi,Dysgranular_volume_L,Dysgranular_insular_cortex_left_Vol.mm3,9,9,match,1,NA,Bauernfeind_etal_2013_Table1,2013,NA
Saguinus oedipus,Dysgranular_volume_L,Dysgranular_insular_cortex_left_Vol.mm3,13,13,match,1,NA,Bauernfeind_etal_2013_Table1,2013,NA
Symphalangus syndactylus,Dysgranular_volume_L,Dysgranular_insular_cortex_left_Vol.mm3,147,147,match,1,NA,Bauernfeind_etal_2013_Table1,2013,NA
Trachypithecus francoisi,Dysgranular_volume_L,Dysgranular_insular_cortex_left_Vol.mm3,217,217,match,1,NA,Bauernfeind_etal_2013_Table1,2013,NA
Varecia variegata,Dysgranular_volume_L,Dysgranular_insular_cortex_left_Vol.mm3,44,44,match,1,NA,Bauernfeind_etal_2013_Table1,2013,NA
Ateles geoffroyi,Epithalamus,Epithalamus_Vol.mm3,30.5,30.5,match,1,NA,Stephan_etal_1981_TableVIII,1981,NA
Callithrix pygmaea,Epithalamus,Epithalamus_Vol.mm3,3.68,3.68,match,1,NA,Stephan_etal_1981_TableVIII,1981,NA
Cebus albifrons,Epithalamus,Epithalamus_Vol.mm3,23.7,23.7,match,1,NA,Stephan_etal_1981_TableVIII,1981,NA
Cercopithecus ascanius,Epithalamus,Epithalamus_Vol.mm3,17.9,17.9,match,1,NA,Stephan_etal_1981_TableVIII,1981,NA
Cheirogaleus major,Epithalamus,Epithalamus_Vol.mm3,4.83,4.83,match,1,NA,Stephan_etal_1981_TableVIII,1981,NA
Eulemur fulvus,Epithalamus,Epithalamus_Vol.mm3,12.2,12.2,match,1,NA,Stephan_etal_1981_TableVIII,1981,NA
Galagoides demidoff,Epithalamus,Epithalamus_Vol.mm3,2.09,2.09,match,1,NA,Stephan_etal_1981_TableVIII,1981,NA
Gorilla sp.,Epithalamus,Epithalamus_Vol.mm3,106,106,match,1,NA,Stephan_etal_1981_TableVIII,1981,NA
Homo sapiens,Epithalamus,Epithalamus_Vol.mm3,133,133,match,1,NA,Stephan_etal_1981_TableVIII,1981,NA
Hylobates lar,Epithalamus,Epithalamus_Vol.mm3,31.2,31.2,match,1,NA,Stephan_etal_1981_TableVIII,1981,NA
Lagothrix lagothricha,Epithalamus,Epithalamus_Vol.mm3,31,31,match,1,NA,Stephan_etal_1981_TableVIII,1981,NA
Lepilemur ruficaudatus,Epithalamus,Epithalamus_Vol.mm3,4.89,4.89,match,1,NA,Stephan_etal_1981_TableVIII,1981,NA
Lophocebus albigena,Epithalamus,Epithalamus_Vol.mm3,27.9,27.9,match,1,NA,Stephan_etal_1981_TableVIII,1981,NA
Loris tardigradus,Epithalamus,Epithalamus_Vol.mm3,3.21,3.21,match,1,NA,Stephan_etal_1981_TableVIII,1981,NA
Microcebus murinus,Epithalamus,Epithalamus_Vol.mm3,1.44,1.44,match,1,NA,Stephan_etal_1981_TableVIII,1981,NA
Nasalis larvatus,Epithalamus,Epithalamus_Vol.mm3,29.6,29.6,match,1,NA,Stephan_etal_1981_TableVIII,1981,NA
Otolemur crassicaudatus,Epithalamus,Epithalamus_Vol.mm3,5.71,5.71,match,1,NA,Stephan_etal_1981_TableVIII,1981,NA
Pan troglodytes,Epithalamus,Epithalamus_Vol.mm3,53.6,53.6,match,1,NA,Stephan_etal_1981_TableVIII,1981,NA
Papio anubis,Epithalamus,Epithalamus_Vol.mm3,65.4,65.4,match,1,NA,Stephan_etal_1981_TableVIII,1981,NA
Perodicticus potto,Epithalamus,Epithalamus_Vol.mm3,10.4,10.4,match,1,NA,Stephan_etal_1981_TableVIII,1981,NA
Piliocolobus badius,Epithalamus,Epithalamus_Vol.mm3,22.3,22.3,match,1,NA,Stephan_etal_1981_TableVIII,1981,NA
Propithecus verreauxi,Epithalamus,Epithalamus_Vol.mm3,14.6,14.6,match,1,NA,Stephan_etal_1981_TableVIII,1981,NA
Saguinus oedipus,Epithalamus,Epithalamus_Vol.mm3,4.93,4.93,match,1,NA,Stephan_etal_1981_TableVIII,1981,NA
Saimiri sciureus,Epithalamus,Epithalamus_Vol.mm3,8.86,8.86,match,1,NA,Stephan_etal_1981_TableVIII,1981,NA
Tarsius sp.,Epithalamus,Epithalamus_Vol.mm3,2.53,2.53,match,1,NA,Stephan_etal_1981_TableVIII,1981,NA
Alouatta caraya,Granular_volume_L,Granular_insular_cortex_left_Vol.mm3,89,89,match,1,NA,Bauernfeind_etal_2013_Table1,2013,NA
Ateles geoffroyi,Granular_volume_L,Granular_insular_cortex_left_Vol.mm3,100,100,match,1,NA,Bauernfeind_etal_2013_Table1,2013,NA
Cebus albifrons,Granular_volume_L,Granular_insular_cortex_left_Vol.mm3,108,108,match,1,NA,Bauernfeind_etal_2013_Table1,2013,NA
Cercocebus agilis,Granular_volume_L,Granular_insular_cortex_left_Vol.mm3,158,158,match,1,NA,Bauernfeind_etal_2013_Table1,2013,NA
Cercopithecus mitis,Granular_volume_L,Granular_insular_cortex_left_Vol.mm3,134,134,match,1,NA,Bauernfeind_etal_2013_Table1,2013,NA
Colobus angolensis,Granular_volume_L,Granular_insular_cortex_left_Vol.mm3,38,38,match,1,NA,Bauernfeind_etal_2013_Table1,2013,NA
Galagoides demidoff,Granular_volume_L,Granular_insular_cortex_left_Vol.mm3,5,5,match,1,NA,Bauernfeind_etal_2013_Table1,2013,NA
Gorilla sp.,Granular_volume_L,Granular_insular_cortex_left_Vol.mm3,394.5,394.5,match,1,NA,Bauernfeind_etal_2013_Table1,2013,NA
Homo sapiens,Granular_volume_L,Granular_insular_cortex_left_Vol.mm3,1873.8,1873.8,match,1,NA,Bauernfeind_etal_2013_Table1,2013,NA
Hylobates lar,Granular_volume_L,Granular_insular_cortex_left_Vol.mm3,117,117,match,1,NA,Bauernfeind_etal_2013_Table1,2013,NA
Hylobates muelleri,Granular_volume_L,Granular_insular_cortex_left_Vol.mm3,111,111,match,1,NA,Bauernfeind_etal_2013_Table1,2013,NA
Indri indri,Granular_volume_L,Granular_insular_cortex_left_Vol.mm3,50,50,match,1,NA,Bauernfeind_etal_2013_Table1,2013,NA
Leontopithecus rosalia,Granular_volume_L,Granular_insular_cortex_left_Vol.mm3,4,4,match,1,NA,Bauernfeind_etal_2013_Table1,2013,NA
Lophocebus albigena,Granular_volume_L,Granular_insular_cortex_left_Vol.mm3,171,171,match,1,NA,Bauernfeind_etal_2013_Table1,2013,NA
Loris tardigradus,Granular_volume_L,Granular_insular_cortex_left_Vol.mm3,3,3,match,1,NA,Bauernfeind_etal_2013_Table1,2013,NA
Macaca maura,Granular_volume_L,Granular_insular_cortex_left_Vol.mm3,181,181,match,1,NA,Bauernfeind_etal_2013_Table1,2013,NA
Pan paniscus,Granular_volume_L,Granular_insular_cortex_left_Vol.mm3,260.666667,260.666666666667,match,0.9999999987212289,NA,Bauernfeind_etal_2013_Table1,2013,NA
Pan troglodytes,Granular_volume_L,Granular_insular_cortex_left_Vol.mm3,667.333333,667.333333333333,match,1.0000000004995,NA,Bauernfeind_etal_2013_Table1,2013,NA
Perodicticus potto,Granular_volume_L,Granular_insular_cortex_left_Vol.mm3,16,16,match,1,NA,Bauernfeind_etal_2013_Table1,2013,NA
Piliocolobus badius,Granular_volume_L,Granular_insular_cortex_left_Vol.mm3,72,72,match,1,NA,Bauernfeind_etal_2013_Table1,2013,NA
Pithecia pithecia,Granular_volume_L,Granular_insular_cortex_left_Vol.mm3,40,40,match,1,NA,Bauernfeind_etal_2013_Table1,2013,NA
Saguinus geoffroyi,Granular_volume_L,Granular_insular_cortex_left_Vol.mm3,9,9,match,1,NA,Bauernfeind_etal_2013_Table1,2013,NA
Saguinus oedipus,Granular_volume_L,Granular_insular_cortex_left_Vol.mm3,7,7,match,1,NA,Bauernfeind_etal_2013_Table1,2013,NA
Symphalangus syndactylus,Granular_volume_L,Granular_insular_cortex_left_Vol.mm3,198,198,match,1,NA,Bauernfeind_etal_2013_Table1,2013,NA
Trachypithecus francoisi,Granular_volume_L,Granular_insular_cortex_left_Vol.mm3,249,249,match,1,NA,Bauernfeind_etal_2013_Table1,2013,NA
Varecia variegata,Granular_volume_L,Granular_insular_cortex_left_Vol.mm3,44,44,match,1,NA,Bauernfeind_etal_2013_Table1,2013,NA
Alouatta seniculus,Hippocampus,Hippocampus_Vol.mm3,1320,1320,match,1,NA,Stephan_etal_1981_TableVI,1981,NA
Aotus trivirgatus,Hippocampus,Hippocampus_Vol.mm3,539,539,match,1,NA,Stephan_etal_1981_TableVI,1981,NA
Ateles geoffroyi,Hippocampus,Hippocampus_Vol.mm3,1366,1366,match,1,NA,Stephan_etal_1981_TableVI,1981,NA
Avahi laniger,Hippocampus,Hippocampus_Vol.mm3,526,526,match,1,NA,Stephan_etal_1981_TableV,1981,NA
Avahi occidentalis,Hippocampus,Hippocampus_Vol.mm3,476,476,match,1,NA,Stephan_etal_1981_TableV,1981,NA
Callicebus moloch,Hippocampus,Hippocampus_Vol.mm3,588,588,match,1,NA,Stephan_etal_1981_TableVI,1981,NA
Callimico goeldii,Hippocampus,Hippocampus_Vol.mm3,281,281,match,1,NA,Stephan_etal_1981_TableVI,1981,NA
Callithrix jacchus,Hippocampus,Hippocampus_Vol.mm3,221,221,match,1,NA,Stephan_etal_1981_TableVI,1981,NA
Callithrix pygmaea,Hippocampus,Hippocampus_Vol.mm3,133,133,match,1,NA,Stephan_etal_1981_TableVI,1981,NA
Cebus albifrons,Hippocampus,Hippocampus_Vol.mm3,890,890,match,1,NA,Stephan_etal_1981_TableVI,1981,NA
Cercopithecus ascanius,Hippocampus,Hippocampus_Vol.mm3,1189,1189,match,1,NA,Stephan_etal_1981_TableVI,1981,NA
Cercopithecus mitis,Hippocampus,Hippocampus_Vol.mm3,1366,1366,match,1,NA,Stephan_etal_1981_TableVI,1981,NA
Cheirogaleus major,Hippocampus,Hippocampus_Vol.mm3,347,347,match,1,NA,Stephan_etal_1981_TableV,1981,NA
Cheirogaleus medius,Hippocampus,Hippocampus_Vol.mm3,174,174,match,1,NA,Stephan_etal_1981_TableV,1981,NA
Daubentonia madagascariensis,Hippocampus,Hippocampus_Vol.mm3,1776,1776,match,1,NA,Stephan_etal_1981_TableV,1981,NA
Erythrocebus patas,Hippocampus,Hippocampus_Vol.mm3,1591,1591,match,1,NA,Stephan_etal_1981_TableVI,1981,NA
Eulemur fulvus,Hippocampus,Hippocampus_Vol.mm3,752,752,match,1,NA,Stephan_etal_1981_TableV,1981,NA
Galago senegalensis,Hippocampus,Hippocampus_Vol.mm3,261,261,match,1,NA,Stephan_etal_1981_TableV,1981,NA
Galagoides demidoff,Hippocampus,Hippocampus_Vol.mm3,152,152,match,1,NA,Stephan_etal_1981_TableV,1981,NA
Gorilla sp.,Hippocampus,Hippocampus_Vol.mm3,4781,4781,match,1,NA,Stephan_etal_1981_TableVI,1981,NA
Homo sapiens,Hippocampus,Hippocampus_Vol.mm3,10287,10287,match,1,NA,Stephan_etal_1981_TableVI,1981,NA
Hylobates lar,Hippocampus,Hippocampus_Vol.mm3,2673,2673,match,1,NA,Stephan_etal_1981_TableVI,1981,NA
Indri indri,Hippocampus,Hippocampus_Vol.mm3,1520,1520,match,1,NA,Stephan_etal_1981_TableV,1981,NA
Lagothrix lagothricha,Hippocampus,Hippocampus_Vol.mm3,1586,1586,match,1,NA,Stephan_etal_1981_TableVI,1981,NA
Lepilemur ruficaudatus,Hippocampus,Hippocampus_Vol.mm3,392,392,match,1,NA,Stephan_etal_1981_TableV,1981,NA
Lophocebus albigena,Hippocampus,Hippocampus_Vol.mm3,1485,1485,match,1,NA,Stephan_etal_1981_TableVI,1981,NA
Loris tardigradus,Hippocampus,Hippocampus_Vol.mm3,191,191,match,1,NA,Stephan_etal_1981_TableV,1981,NA
Macaca mulatta,Hippocampus,Hippocampus_Vol.mm3,1353,1353,match,1,NA,Stephan_etal_1981_TableVI,1981,NA
Microcebus murinus,Hippocampus,Hippocampus_Vol.mm3,100,100,match,1,NA,Stephan_etal_1981_TableV,1981,NA
Miopithecus talapoin,Hippocampus,Hippocampus_Vol.mm3,705,705,match,1,NA,Stephan_etal_1981_TableVI,1981,NA
Nasalis larvatus,Hippocampus,Hippocampus_Vol.mm3,1966,1966,match,1,NA,Stephan_etal_1981_TableVI,1981,NA
Nycticebus coucang,Hippocampus,Hippocampus_Vol.mm3,566,566,match,1,NA,Stephan_etal_1981_TableV,1981,NA
Otolemur crassicaudatus,Hippocampus,Hippocampus_Vol.mm3,461,461,match,1,NA,Stephan_etal_1981_TableV,1981,NA
Pan troglodytes,Hippocampus,Hippocampus_Vol.mm3,3779,3779,match,1,NA,Stephan_etal_1981_TableVI,1981,NA
Papio anubis,Hippocampus,Hippocampus_Vol.mm3,3398,3398,match,1,NA,Stephan_etal_1981_TableVI,1981,NA
Perodicticus potto,Hippocampus,Hippocampus_Vol.mm3,607,607,match,1,NA,Stephan_etal_1981_TableV,1981,NA
Piliocolobus badius,Hippocampus,Hippocampus_Vol.mm3,1671,1671,match,1,NA,Stephan_etal_1981_TableVI,1981,NA
Pithecia monachus,Hippocampus,Hippocampus_Vol.mm3,834,834,match,1,NA,Stephan_etal_1981_TableVI,1981,NA
Pongo sp.,Hippocampus,Hippocampus_Vol.mm3,2700,2700,match,1,NA,Zilles_Rehkämper_1988_Table12-2,1988,NA
Propithecus verreauxi,Hippocampus,Hippocampus_Vol.mm3,1043,1043,match,1,NA,Stephan_etal_1981_TableV,1981,NA
Pygathrix nemaeus,Hippocampus,Hippocampus_Vol.mm3,2295,2295,match,1,NA,Stephan_etal_1981_TableVI,1981,NA
Saguinus midas,Hippocampus,Hippocampus_Vol.mm3,280,280,match,1,NA,Stephan_etal_1981_TableVI,1981,NA
Saguinus oedipus,Hippocampus,Hippocampus_Vol.mm3,262,262,match,1,NA,Stephan_etal_1981_TableVI,1981,NA
Saimiri sciureus,Hippocampus,Hippocampus_Vol.mm3,352,352,match,1,NA,Stephan_etal_1981_TableVI,1981,NA
Tarsius sp.,Hippocampus,Hippocampus_Vol.mm3,153,153,match,1,NA,Stephan_etal_1981_TableV,1981,NA
Varecia variegata,Hippocampus,Hippocampus_Vol.mm3,1404,1404,match,1,NA,Stephan_etal_1981_TableV,1981,NA
Ateles geoffroyi,Hypothalamus,Hypothalamus_Vol.mm3,629,629,match,1,NA,Stephan_etal_1981_TableVIII,1981,NA
Callithrix pygmaea,Hypothalamus,Hypothalamus_Vol.mm3,69.2,69.2,match,1,NA,Stephan_etal_1981_TableVIII,1981,NA
Cebus albifrons,Hypothalamus,Hypothalamus_Vol.mm3,418,418,match,1,NA,Stephan_etal_1981_TableVIII,1981,NA
Cercopithecus ascanius,Hypothalamus,Hypothalamus_Vol.mm3,410,410,match,1,NA,Stephan_etal_1981_TableVIII,1981,NA
Cheirogaleus major,Hypothalamus,Hypothalamus_Vol.mm3,101,101,match,1,NA,Stephan_etal_1981_TableVIII,1981,NA
Eulemur fulvus,Hypothalamus,Hypothalamus_Vol.mm3,239,239,match,1,NA,Stephan_etal_1981_TableVIII,1981,NA
Galagoides demidoff,Hypothalamus,Hypothalamus_Vol.mm3,45.1,45.1,match,1,NA,Stephan_etal_1981_TableVIII,1981,NA
Gorilla sp.,Hypothalamus,Hypothalamus_Vol.mm3,2215,2215,match,1,NA,Stephan_etal_1981_TableVIII,1981,NA
Homo sapiens,Hypothalamus,Hypothalamus_Vol.mm3,3555,3555,match,1,NA,Stephan_etal_1981_TableVIII,1981,NA
Hylobates lar,Hypothalamus,Hypothalamus_Vol.mm3,629,629,match,1,NA,Stephan_etal_1981_TableVIII,1981,NA
Lagothrix lagothricha,Hypothalamus,Hypothalamus_Vol.mm3,624,624,match,1,NA,Stephan_etal_1981_TableVIII,1981,NA
Lepilemur ruficaudatus,Hypothalamus,Hypothalamus_Vol.mm3,114,114,match,1,NA,Stephan_etal_1981_TableVIII,1981,NA
Lophocebus albigena,Hypothalamus,Hypothalamus_Vol.mm3,681,681,match,1,NA,Stephan_etal_1981_TableVIII,1981,NA
Loris tardigradus,Hypothalamus,Hypothalamus_Vol.mm3,80.9,80.9,match,1,NA,Stephan_etal_1981_TableVIII,1981,NA
Microcebus murinus,Hypothalamus,Hypothalamus_Vol.mm3,29.8,29.8,match,1,NA,Stephan_etal_1981_TableVIII,1981,NA
Nasalis larvatus,Hypothalamus,Hypothalamus_Vol.mm3,671,671,match,1,NA,Stephan_etal_1981_TableVIII,1981,NA
Otolemur crassicaudatus,Hypothalamus,Hypothalamus_Vol.mm3,127,127,match,1,NA,Stephan_etal_1981_TableVIII,1981,NA
Pan troglodytes,Hypothalamus,Hypothalamus_Vol.mm3,1739,1739,match,1,NA,Stephan_etal_1981_TableVIII,1981,NA
Papio anubis,Hypothalamus,Hypothalamus_Vol.mm3,1076,1076,match,1,NA,Stephan_etal_1981_TableVIII,1981,NA
Perodicticus potto,Hypothalamus,Hypothalamus_Vol.mm3,160,160,match,1,NA,Stephan_etal_1981_TableVIII,1981,NA
Piliocolobus badius,Hypothalamus,Hypothalamus_Vol.mm3,484,484,match,1,NA,Stephan_etal_1981_TableVIII,1981,NA
Propithecus verreauxi,Hypothalamus,Hypothalamus_Vol.mm3,328,328,match,1,NA,Stephan_etal_1981_TableVIII,1981,NA
Saguinus oedipus,Hypothalamus,Hypothalamus_Vol.mm3,152,152,match,1,NA,Stephan_etal_1981_TableVIII,1981,NA
Saimiri sciureus,Hypothalamus,Hypothalamus_Vol.mm3,207,207,match,1,NA,Stephan_etal_1981_TableVIII,1981,NA
Tarsius sp.,Hypothalamus,Hypothalamus_Vol.mm3,42.5,42.5,match,1,NA,Stephan_etal_1981_TableVIII,1981,NA
Alouatta caraya,Total_insula_volume_L,Insula_left_Vol.mm3,272,272,match,1,NA,Bauernfeind_etal_2013_Table1,2013,NA
Ateles geoffroyi,Total_insula_volume_L,Insula_left_Vol.mm3,416,416,match,1,NA,Bauernfeind_etal_2013_Table1,2013,NA
Cebus albifrons,Total_insula_volume_L,Insula_left_Vol.mm3,297,297,match,1,NA,Bauernfeind_etal_2013_Table1,2013,NA
Cercocebus agilis,Total_insula_volume_L,Insula_left_Vol.mm3,379,379,match,1,NA,Bauernfeind_etal_2013_Table1,2013,NA
Cercopithecus mitis,Total_insula_volume_L,Insula_left_Vol.mm3,614,614,match,1,NA,Bauernfeind_etal_2013_Table1,2013,NA
Colobus angolensis,Total_insula_volume_L,Insula_left_Vol.mm3,222,222,match,1,NA,Bauernfeind_etal_2013_Table1,2013,NA
Galagoides demidoff,Total_insula_volume_L,Insula_left_Vol.mm3,12,12,match,1,NA,Bauernfeind_etal_2013_Table1,2013,NA
Hylobates lar,Total_insula_volume_L,Insula_left_Vol.mm3,289,289,match,1,NA,Bauernfeind_etal_2013_Table1,2013,NA
Hylobates muelleri,Total_insula_volume_L,Insula_left_Vol.mm3,539,539,match,1,NA,Bauernfeind_etal_2013_Table1,2013,NA
Indri indri,Total_insula_volume_L,Insula_left_Vol.mm3,167,167,match,1,NA,Bauernfeind_etal_2013_Table1,2013,NA
Leontopithecus rosalia,Total_insula_volume_L,Insula_left_Vol.mm3,37,37,match,1,NA,Bauernfeind_etal_2013_Table1,2013,NA
Lophocebus albigena,Total_insula_volume_L,Insula_left_Vol.mm3,536,536,match,1,NA,Bauernfeind_etal_2013_Table1,2013,NA
Loris tardigradus,Total_insula_volume_L,Insula_left_Vol.mm3,12,12,match,1,NA,Bauernfeind_etal_2013_Table1,2013,NA
Macaca maura,Total_insula_volume_L,Insula_left_Vol.mm3,492,492,match,1,NA,Bauernfeind_etal_2013_Table1,2013,NA
Perodicticus potto,Total_insula_volume_L,Insula_left_Vol.mm3,31,31,match,1,NA,Bauernfeind_etal_2013_Table1,2013,NA
Piliocolobus badius,Total_insula_volume_L,Insula_left_Vol.mm3,241,241,match,1,NA,Bauernfeind_etal_2013_Table1,2013,NA
Pithecia pithecia,Total_insula_volume_L,Insula_left_Vol.mm3,279,279,match,1,NA,Bauernfeind_etal_2013_Table1,2013,NA
Saguinus geoffroyi,Total_insula_volume_L,Insula_left_Vol.mm3,23,23,match,1,NA,Bauernfeind_etal_2013_Table1,2013,NA
Saguinus oedipus,Total_insula_volume_L,Insula_left_Vol.mm3,26,26,match,1,NA,Bauernfeind_etal_2013_Table1,2013,NA
Symphalangus syndactylus,Total_insula_volume_L,Insula_left_Vol.mm3,416,416,match,1,NA,Bauernfeind_etal_2013_Table1,2013,NA
Trachypithecus francoisi,Total_insula_volume_L,Insula_left_Vol.mm3,625,625,match,1,NA,Bauernfeind_etal_2013_Table1,2013,NA
Varecia variegata,Total_insula_volume_L,Insula_left_Vol.mm3,100,100,match,1,NA,Bauernfeind_etal_2013_Table1,2013,NA
Alouatta seniculus,Lobus_piriformis,Lobus_piriformis_Vol.mm3,827,827,match,1,NA,Stephan_etal_1981_TableVI,1981,NA
Aotus trivirgatus,Lobus_piriformis,Lobus_piriformis_Vol.mm3,394,394,match,1,NA,Stephan_etal_1981_TableVI,1981,NA
Ateles geoffroyi,Lobus_piriformis,Lobus_piriformis_Vol.mm3,1625,1625,match,1,NA,Stephan_etal_1981_TableVI,1981,NA
Avahi laniger,Lobus_piriformis,Lobus_piriformis_Vol.mm3,284,284,match,1,NA,Stephan_etal_1981_TableV,1981,NA
Avahi occidentalis,Lobus_piriformis,Lobus_piriformis_Vol.mm3,265,265,match,1,NA,Stephan_etal_1981_TableV,1981,NA
Callicebus moloch,Lobus_piriformis,Lobus_piriformis_Vol.mm3,454,454,match,1,NA,Stephan_etal_1981_TableVI,1981,NA
Callimico goeldii,Lobus_piriformis,Lobus_piriformis_Vol.mm3,253,253,match,1,NA,Stephan_etal_1981_TableVI,1981,NA
Callithrix jacchus,Lobus_piriformis,Lobus_piriformis_Vol.mm3,191,191,match,1,NA,Stephan_etal_1981_TableVI,1981,NA
Callithrix pygmaea,Lobus_piriformis,Lobus_piriformis_Vol.mm3,133,133,match,1,NA,Stephan_etal_1981_TableVI,1981,NA
Cebus albifrons,Lobus_piriformis,Lobus_piriformis_Vol.mm3,931,931,match,1,NA,Stephan_etal_1981_TableVI,1981,NA
Cercopithecus ascanius,Lobus_piriformis,Lobus_piriformis_Vol.mm3,1052,1052,match,1,NA,Stephan_etal_1981_TableVI,1981,NA
Cercopithecus mitis,Lobus_piriformis,Lobus_piriformis_Vol.mm3,1265,1265,match,1,NA,Stephan_etal_1981_TableVI,1981,NA
Cheirogaleus major,Lobus_piriformis,Lobus_piriformis_Vol.mm3,332,332,match,1,NA,Stephan_etal_1981_TableV,1981,NA
Cheirogaleus medius,Lobus_piriformis,Lobus_piriformis_Vol.mm3,198,198,match,1,NA,Stephan_etal_1981_TableV,1981,NA
Daubentonia madagascariensis,Lobus_piriformis,Lobus_piriformis_Vol.mm3,1538,1538,match,1,NA,Stephan_etal_1981_TableV,1981,NA
Erythrocebus patas,Lobus_piriformis,Lobus_piriformis_Vol.mm3,1339,1339,match,1,NA,Stephan_etal_1981_TableVI,1981,NA
Eulemur fulvus,Lobus_piriformis,Lobus_piriformis_Vol.mm3,641,641,match,1,NA,Stephan_etal_1981_TableV,1981,NA
Galago senegalensis,Lobus_piriformis,Lobus_piriformis_Vol.mm3,163,163,match,1,NA,Stephan_etal_1981_TableV,1981,NA
Galagoides demidoff,Lobus_piriformis,Lobus_piriformis_Vol.mm3,181,181,match,1,NA,Stephan_etal_1981_TableV,1981,NA
Gorilla sp.,Lobus_piriformis,Lobus_piriformis_Vol.mm3,4871,4871,match,1,NA,Stephan_etal_1981_TableVI,1981,NA
Homo sapiens,Lobus_piriformis,Lobus_piriformis_Vol.mm3,9032,9032,match,1,NA,Stephan_etal_1981_TableVI,1981,NA
Hylobates lar,Lobus_piriformis,Lobus_piriformis_Vol.mm3,1264,1264,match,1,NA,Stephan_etal_1981_TableVI,1981,NA
Indri indri,Lobus_piriformis,Lobus_piriformis_Vol.mm3,838,838,match,1,NA,Stephan_etal_1981_TableV,1981,NA
Lagothrix lagothricha,Lobus_piriformis,Lobus_piriformis_Vol.mm3,1395,1395,match,1,NA,Stephan_etal_1981_TableVI,1981,NA
Lepilemur ruficaudatus,Lobus_piriformis,Lobus_piriformis_Vol.mm3,302,302,match,1,NA,Stephan_etal_1981_TableV,1981,NA
Lophocebus albigena,Lobus_piriformis,Lobus_piriformis_Vol.mm3,1639,1639,match,1,NA,Stephan_etal_1981_TableVI,1981,NA
Loris tardigradus,Lobus_piriformis,Lobus_piriformis_Vol.mm3,256,256,match,1,NA,Stephan_etal_1981_TableV,1981,NA
Macaca mulatta,Lobus_piriformis,Lobus_piriformis_Vol.mm3,1220,1220,match,1,NA,Stephan_etal_1981_TableVI,1981,NA
Microcebus murinus,Lobus_piriformis,Lobus_piriformis_Vol.mm3,103,103,match,1,NA,Stephan_etal_1981_TableV,1981,NA
Miopithecus talapoin,Lobus_piriformis,Lobus_piriformis_Vol.mm3,706,706,match,1,NA,Stephan_etal_1981_TableVI,1981,NA
Nasalis larvatus,Lobus_piriformis,Lobus_piriformis_Vol.mm3,1268,1268,match,1,NA,Stephan_etal_1981_TableVI,1981,NA
Nycticebus coucang,Lobus_piriformis,Lobus_piriformis_Vol.mm3,510,510,match,1,NA,Stephan_etal_1981_TableV,1981,NA
Otolemur crassicaudatus,Lobus_piriformis,Lobus_piriformis_Vol.mm3,386,386,match,1,NA,Stephan_etal_1981_TableV,1981,NA
Pan troglodytes,Lobus_piriformis,Lobus_piriformis_Vol.mm3,2750,2750,match,1,NA,Stephan_etal_1981_TableVI,1981,NA
Papio anubis,Lobus_piriformis,Lobus_piriformis_Vol.mm3,2111,2111,match,1,NA,Stephan_etal_1981_TableVI,1981,NA
Perodicticus potto,Lobus_piriformis,Lobus_piriformis_Vol.mm3,661,661,match,1,NA,Stephan_etal_1981_TableV,1981,NA
Piliocolobus badius,Lobus_piriformis,Lobus_piriformis_Vol.mm3,937,937,match,1,NA,Stephan_etal_1981_TableVI,1981,NA
Pithecia monachus,Lobus_piriformis,Lobus_piriformis_Vol.mm3,675,675,match,1,NA,Stephan_etal_1981_TableVI,1981,NA
Propithecus verreauxi,Lobus_piriformis,Lobus_piriformis_Vol.mm3,664,664,match,1,NA,Stephan_etal_1981_TableV,1981,NA
Pygathrix nemaeus,Lobus_piriformis,Lobus_piriformis_Vol.mm3,942,942,match,1,NA,Stephan_etal_1981_TableVI,1981,NA
Saguinus midas,Lobus_piriformis,Lobus_piriformis_Vol.mm3,243,243,match,1,NA,Stephan_etal_1981_TableVI,1981,NA
Saguinus oedipus,Lobus_piriformis,Lobus_piriformis_Vol.mm3,256,256,match,1,NA,Stephan_etal_1981_TableVI,1981,NA
Saimiri sciureus,Lobus_piriformis,Lobus_piriformis_Vol.mm3,413,413,match,1,NA,Stephan_etal_1981_TableVI,1981,NA
Tarsius sp.,Lobus_piriformis,Lobus_piriformis_Vol.mm3,92.7,92.7,match,1,NA,Stephan_etal_1981_TableV,1981,NA
Varecia variegata,Lobus_piriformis,Lobus_piriformis_Vol.mm3,985,985,match,1,NA,Stephan_etal_1981_TableV,1981,NA
Alouatta seniculus,Medulla_oblongata,Medulla_oblongata_Vol.mm3,1593,1593,match,1,NA,Stephan_etal_1981_TableIII,1981,NA
Aotus trivirgatus,Medulla_oblongata,Medulla_oblongata_Vol.mm3,686,686,match,1,NA,Stephan_etal_1981_TableIII,1981,NA
Ateles geoffroyi,Medulla_oblongata,Medulla_oblongata_Vol.mm3,1834,1834,match,1,NA,Stephan_etal_1981_TableIII,1981,NA
Avahi laniger,Medulla_oblongata,Medulla_oblongata_Vol.mm3,553,553,match,1,NA,Stephan_etal_1981_TableII,1981,NA
Avahi occidentalis,Medulla_oblongata,Medulla_oblongata_Vol.mm3,508,508,match,1,NA,Stephan_etal_1981_TableII,1981,NA
Callicebus moloch,Medulla_oblongata,Medulla_oblongata_Vol.mm3,787,787,match,1,NA,Stephan_etal_1981_TableIII,1981,NA
Callimico goeldii,Medulla_oblongata,Medulla_oblongata_Vol.mm3,460,460,match,1,NA,Stephan_etal_1981_TableIII,1981,NA
Callithrix jacchus,Medulla_oblongata,Medulla_oblongata_Vol.mm3,318,318,match,1,NA,Stephan_etal_1981_TableIII,1981,NA
Callithrix pygmaea,Medulla_oblongata,Medulla_oblongata_Vol.mm3,201,201,match,1,NA,Stephan_etal_1981_TableIII,1981,NA
Cebus albifrons,Medulla_oblongata,Medulla_oblongata_Vol.mm3,1738,1738,match,1,NA,Stephan_etal_1981_TableIII,1981,NA
Cercopithecus ascanius,Medulla_oblongata,Medulla_oblongata_Vol.mm3,1632,1632,match,1,NA,Stephan_etal_1981_TableIII,1981,NA
Cercopithecus mitis,Medulla_oblongata,Medulla_oblongata_Vol.mm3,1999,1999,match,1,NA,Stephan_etal_1981_TableIII,1981,NA
Cheirogaleus major,Medulla_oblongata,Medulla_oblongata_Vol.mm3,382,382,match,1,NA,Stephan_etal_1981_TableII,1981,NA
Cheirogaleus medius,Medulla_oblongata,Medulla_oblongata_Vol.mm3,202,202,match,1,NA,Stephan_etal_1981_TableII,1981,NA
Daubentonia madagascariensis,Medulla_oblongata,Medulla_oblongata_Vol.mm3,1517,1517,match,1,NA,Stephan_etal_1981_TableII,1981,NA
Erythrocebus patas,Medulla_oblongata,Medulla_oblongata_Vol.mm3,2616,2616,match,1,NA,Stephan_etal_1981_TableIII,1981,NA
Eulemur fulvus,Medulla_oblongata,Medulla_oblongata_Vol.mm3,909,909,match,1,NA,Stephan_etal_1981_TableII,1981,NA
Galago senegalensis,Medulla_oblongata,Medulla_oblongata_Vol.mm3,254,254,match,1,NA,Stephan_etal_1981_TableII,1981,NA
Galagoides demidoff,Medulla_oblongata,Medulla_oblongata_Vol.mm3,169,169,match,1,NA,Stephan_etal_1981_TableII,1981,NA
Gorilla sp.,Medulla_oblongata,Medulla_oblongata_Vol.mm3,7509,7509,match,1,NA,Stephan_etal_1981_TableIII,1981,NA
Homo sapiens,Medulla_oblongata,Medulla_oblongata_Vol.mm3,9622,9622,match,1,NA,Stephan_etal_1981_TableIII,1981,NA
Hylobates lar,Medulla_oblongata,Medulla_oblongata_Vol.mm3,2251,2251,match,1,NA,Stephan_etal_1981_TableIII,1981,NA
Indri indri,Medulla_oblongata,Medulla_oblongata_Vol.mm3,1342,1342,match,1,NA,Stephan_etal_1981_TableII,1981,NA
Lagothrix lagothricha,Medulla_oblongata,Medulla_oblongata_Vol.mm3,2110,2110,match,1,NA,Stephan_etal_1981_TableIII,1981,NA
Lepilemur ruficaudatus,Medulla_oblongata,Medulla_oblongata_Vol.mm3,449,449,match,1,NA,Stephan_etal_1981_TableII,1981,NA
Lophocebus albigena,Medulla_oblongata,Medulla_oblongata_Vol.mm3,2708,2708,match,1,NA,Stephan_etal_1981_TableIII,1981,NA
Loris tardigradus,Medulla_oblongata,Medulla_oblongata_Vol.mm3,233,233,match,1,NA,Stephan_etal_1981_TableII,1981,NA
Macaca mulatta,Medulla_oblongata,Medulla_oblongata_Vol.mm3,1992,1992,match,1,NA,Stephan_etal_1981_TableIII,1981,NA
Microcebus murinus,Medulla_oblongata,Medulla_oblongata_Vol.mm3,99.1,99.1,match,1,NA,Stephan_etal_1981_TableII,1981,NA
Miopithecus talapoin,Medulla_oblongata,Medulla_oblongata_Vol.mm3,1035,1035,match,1,NA,Stephan_etal_1981_TableIII,1981,NA
Nasalis larvatus,Medulla_oblongata,Medulla_oblongata_Vol.mm3,2945,2945,match,1,NA,Stephan_etal_1981_TableIII,1981,NA
Nycticebus coucang,Medulla_oblongata,Medulla_oblongata_Vol.mm3,528,528,match,1,NA,Stephan_etal_1981_TableII,1981,NA
Otolemur crassicaudatus,Medulla_oblongata,Medulla_oblongata_Vol.mm3,540,540,match,1,NA,Stephan_etal_1981_TableII,1981,NA
Pan troglodytes,Medulla_oblongata,Medulla_oblongata_Vol.mm3,5817,5817,match,1,NA,Stephan_etal_1981_TableIII,1981,NA
Papio anubis,Medulla_oblongata,Medulla_oblongata_Vol.mm3,5297,5297,match,1,NA,Stephan_etal_1981_TableIII,1981,NA
Perodicticus potto,Medulla_oblongata,Medulla_oblongata_Vol.mm3,680,680,match,1,NA,Stephan_etal_1981_TableII,1981,NA
Piliocolobus badius,Medulla_oblongata,Medulla_oblongata_Vol.mm3,2007,2007,match,1,NA,Stephan_etal_1981_TableIII,1981,NA
Pithecia monachus,Medulla_oblongata,Medulla_oblongata_Vol.mm3,1009,1009,match,1,NA,Stephan_etal_1981_TableIII,1981,NA
Pongo sp.,Medulla_oblongata,Medulla_oblongata_Vol.mm3,5500,5500,match,1,NA,Zilles_Rehkämper_1988_Table12-2,1988,NA
Propithecus verreauxi,Medulla_oblongata,Medulla_oblongata_Vol.mm3,1223,1223,match,1,NA,Stephan_etal_1981_TableII,1981,NA
Pygathrix nemaeus,Medulla_oblongata,Medulla_oblongata_Vol.mm3,2206,2206,match,1,NA,Stephan_etal_1981_TableIII,1981,NA
Saguinus midas,Medulla_oblongata,Medulla_oblongata_Vol.mm3,428,428,match,1,NA,Stephan_etal_1981_TableIII,1981,NA
Saguinus oedipus,Medulla_oblongata,Medulla_oblongata_Vol.mm3,413,413,match,1,NA,Stephan_etal_1981_TableIII,1981,NA
Saimiri sciureus,Medulla_oblongata,Medulla_oblongata_Vol.mm3,722,722,match,1,NA,Stephan_etal_1981_TableIII,1981,NA
Tarsius sp.,Medulla_oblongata,Medulla_oblongata_Vol.mm3,207,207,match,1,NA,Stephan_etal_1981_TableII,1981,NA
Varecia variegata,Medulla_oblongata,Medulla_oblongata_Vol.mm3,1420,1420,match,1,NA,Stephan_etal_1981_TableII,1981,NA
Alouatta seniculus,Mesencephalon,Mesencephalon_Vol.mm3,986,986,match,1,NA,Stephan_etal_1981_TableIII,1981,NA
Aotus trivirgatus,Mesencephalon,Mesencephalon_Vol.mm3,409,409,match,1,NA,Stephan_etal_1981_TableIII,1981,NA
Ateles geoffroyi,Mesencephalon,Mesencephalon_Vol.mm3,1482,1482,match,1,NA,Stephan_etal_1981_TableIII,1981,NA
Avahi laniger,Mesencephalon,Mesencephalon_Vol.mm3,343,343,match,1,NA,Stephan_etal_1981_TableII,1981,NA
Avahi occidentalis,Mesencephalon,Mesencephalon_Vol.mm3,345,345,match,1,NA,Stephan_etal_1981_TableII,1981,NA
Callicebus moloch,Mesencephalon,Mesencephalon_Vol.mm3,530,530,match,1,NA,Stephan_etal_1981_TableIII,1981,NA
Callimico goeldii,Mesencephalon,Mesencephalon_Vol.mm3,340,340,match,1,NA,Stephan_etal_1981_TableIII,1981,NA
Callithrix jacchus,Mesencephalon,Mesencephalon_Vol.mm3,295,295,match,1,NA,Stephan_etal_1981_TableIII,1981,NA
Callithrix pygmaea,Mesencephalon,Mesencephalon_Vol.mm3,192,192,match,1,NA,Stephan_etal_1981_TableIII,1981,NA
Cebus albifrons,Mesencephalon,Mesencephalon_Vol.mm3,1221,1221,match,1,NA,Stephan_etal_1981_TableIII,1981,NA
Cercopithecus ascanius,Mesencephalon,Mesencephalon_Vol.mm3,1162,1162,match,1,NA,Stephan_etal_1981_TableIII,1981,NA
Cercopithecus mitis,Mesencephalon,Mesencephalon_Vol.mm3,1354,1354,match,1,NA,Stephan_etal_1981_TableIII,1981,NA
Cheirogaleus major,Mesencephalon,Mesencephalon_Vol.mm3,241,241,match,1,NA,Stephan_etal_1981_TableII,1981,NA
Cheirogaleus medius,Mesencephalon,Mesencephalon_Vol.mm3,145,145,match,1,NA,Stephan_etal_1981_TableII,1981,NA
Daubentonia madagascariensis,Mesencephalon,Mesencephalon_Vol.mm3,897,897,match,1,NA,Stephan_etal_1981_TableII,1981,NA
Erythrocebus patas,Mesencephalon,Mesencephalon_Vol.mm3,1621,1621,match,1,NA,Stephan_etal_1981_TableIII,1981,NA
Eulemur fulvus,Mesencephalon,Mesencephalon_Vol.mm3,590,590,match,1,NA,Stephan_etal_1981_TableII,1981,NA
Galago senegalensis,Mesencephalon,Mesencephalon_Vol.mm3,205,205,match,1,NA,Stephan_etal_1981_TableII,1981,NA
Galagoides demidoff,Mesencephalon,Mesencephalon_Vol.mm3,135,135,match,1,NA,Stephan_etal_1981_TableII,1981,NA
Gorilla sp.,Mesencephalon,Mesencephalon_Vol.mm3,4352,4352,match,1,NA,Stephan_etal_1981_TableIII,1981,NA
Homo sapiens,Mesencephalon,Mesencephalon_Vol.mm3,8087,8087,match,1,NA,Stephan_etal_1981_TableIII,1981,NA
Hylobates lar,Mesencephalon,Mesencephalon_Vol.mm3,1459,1459,match,1,NA,Stephan_etal_1981_TableIII,1981,NA
Indri indri,Mesencephalon,Mesencephalon_Vol.mm3,978,978,match,1,NA,Stephan_etal_1981_TableII,1981,NA
Lagothrix lagothricha,Mesencephalon,Mesencephalon_Vol.mm3,1582,1582,match,1,NA,Stephan_etal_1981_TableIII,1981,NA
Lepilemur ruficaudatus,Mesencephalon,Mesencephalon_Vol.mm3,260,260,match,1,NA,Stephan_etal_1981_TableII,1981,NA
Lophocebus albigena,Mesencephalon,Mesencephalon_Vol.mm3,1770,1770,match,1,NA,Stephan_etal_1981_TableIII,1981,NA
Loris tardigradus,Mesencephalon,Mesencephalon_Vol.mm3,220,220,match,1,NA,Stephan_etal_1981_TableII,1981,NA
Macaca mulatta,Mesencephalon,Mesencephalon_Vol.mm3,1380,1380,match,1,NA,Stephan_etal_1981_TableIII,1981,NA
Microcebus murinus,Mesencephalon,Mesencephalon_Vol.mm3,85.2,85.2,match,1,NA,Stephan_etal_1981_TableII,1981,NA
Miopithecus talapoin,Mesencephalon,Mesencephalon_Vol.mm3,826,826,match,1,NA,Stephan_etal_1981_TableIII,1981,NA
Nasalis larvatus,Mesencephalon,Mesencephalon_Vol.mm3,1556,1556,match,1,NA,Stephan_etal_1981_TableIII,1981,NA
Nycticebus coucang,Mesencephalon,Mesencephalon_Vol.mm3,345,345,match,1,NA,Stephan_etal_1981_TableII,1981,NA
Otolemur crassicaudatus,Mesencephalon,Mesencephalon_Vol.mm3,384,384,match,1,NA,Stephan_etal_1981_TableII,1981,NA
Pan troglodytes,Mesencephalon,Mesencephalon_Vol.mm3,3739,3739,match,1,NA,Stephan_etal_1981_TableIII,1981,NA
Papio anubis,Mesencephalon,Mesencephalon_Vol.mm3,2711,2711,match,1,NA,Stephan_etal_1981_TableIII,1981,NA
Perodicticus potto,Mesencephalon,Mesencephalon_Vol.mm3,391,391,match,1,NA,Stephan_etal_1981_TableII,1981,NA
Piliocolobus badius,Mesencephalon,Mesencephalon_Vol.mm3,1333,1333,match,1,NA,Stephan_etal_1981_TableIII,1981,NA
Pithecia monachus,Mesencephalon,Mesencephalon_Vol.mm3,745,745,match,1,NA,Stephan_etal_1981_TableIII,1981,NA
Pongo sp.,Mesencephalon,Mesencephalon_Vol.mm3,4000,4000,match,1,NA,Zilles_Rehkämper_1988_Table12-2,1988,NA
Propithecus verreauxi,Mesencephalon,Mesencephalon_Vol.mm3,780,780,match,1,NA,Stephan_etal_1981_TableII,1981,NA
Pygathrix nemaeus,Mesencephalon,Mesencephalon_Vol.mm3,1345,1345,match,1,NA,Stephan_etal_1981_TableIII,1981,NA
Saguinus midas,Mesencephalon,Mesencephalon_Vol.mm3,332,332,match,1,NA,Stephan_etal_1981_TableIII,1981,NA
Saguinus oedipus,Mesencephalon,Mesencephalon_Vol.mm3,333,333,match,1,NA,Stephan_etal_1981_TableIII,1981,NA
Saimiri sciureus,Mesencephalon,Mesencephalon_Vol.mm3,526,526,match,1,NA,Stephan_etal_1981_TableIII,1981,NA
Tarsius sp.,Mesencephalon,Mesencephalon_Vol.mm3,197,197,match,1,NA,Stephan_etal_1981_TableII,1981,NA
Varecia variegata,Mesencephalon,Mesencephalon_Vol.mm3,1018,1018,match,1,NA,Stephan_etal_1981_TableII,1981,NA
Alouatta seniculus,NeoWG,Neocortex_Vol.mm3,31660,31660,match,1,NA,Frahm_etal_1982_Table2,1982,Stephan_etal_1981_TableVI (1981) = 31660
Aotus trivirgatus,NeoWG,Neocortex_Vol.mm3,9950,9950,match,1,NA,Frahm_etal_1982_Table2,1982,Stephan_etal_1981_TableVI (1981) = 9950
Ateles geoffroyi,NeoWG,Neocortex_Vol.mm3,70856,70856,match,1,NA,Stephan_etal_1981_TableVI,1981,NA
Avahi laniger,NeoWG,Neocortex_Vol.mm3,4813,4813,match,1,NA,Stephan_etal_1981_TableV,1981,NA
Avahi occidentalis,NeoWG,Neocortex_Vol.mm3,4443,4443,match,1,NA,Frahm_etal_1982_Table2,1982,Stephan_etal_1981_TableV (1981) = 4443
Callicebus moloch,NeoWG,Neocortex_Vol.mm3,11163,11163,match,1,NA,Stephan_etal_1981_TableVI,1981,NA
Callimico goeldii,NeoWG,Neocortex_Vol.mm3,6476,6476,match,1,NA,Stephan_etal_1981_TableVI,1981,NA
Callithrix jacchus,NeoWG,Neocortex_Vol.mm3,4371,4371,match,1,NA,Frahm_etal_1982_Table2,1982,Stephan_etal_1981_TableVI (1981) = 4371
Cebus albifrons,NeoWG,Neocortex_Vol.mm3,46429,46429,match,1,NA,Frahm_etal_1982_Table2,1982,Stephan_etal_1981_TableVI (1981) = 46429
Cercopithecus ascanius,NeoWG,Neocortex_Vol.mm3,45166,45166,match,1,NA,Frahm_etal_1982_Table2,1982,Stephan_etal_1981_TableVI (1981) = 45166
Cercopithecus mitis,NeoWG,Neocortex_Vol.mm3,49933,49933,match,1,NA,Stephan_etal_1981_TableVI,1981,NA
Cheirogaleus major,NeoWG,Neocortex_Vol.mm3,2938,2938,match,1,NA,Stephan_etal_1981_TableV,1981,NA
Cheirogaleus medius,NeoWG,Neocortex_Vol.mm3,1221,1221,match,1,NA,Stephan_etal_1981_TableV,1981,NA
Daubentonia madagascariensis,NeoWG,Neocortex_Vol.mm3,22127,22127,match,1,NA,Frahm_etal_1982_Table2,1982,Stephan_etal_1981_TableV (1981) = 22127
Erythrocebus patas,NeoWG,Neocortex_Vol.mm3,77141,77141,match,1,NA,Stephan_etal_1981_TableVI,1981,NA
Eulemur fulvus,NeoWG,Neocortex_Vol.mm3,12207,12207,match,1,NA,Frahm_etal_1982_Table2,1982,Stephan_etal_1981_TableV (1981) = 12207
Galago senegalensis,NeoWG,Neocortex_Vol.mm3,2139,2139,match,1,NA,Stephan_etal_1981_TableV,1981,NA
Galagoides demidoff,NeoWG,Neocortex_Vol.mm3,1568,1568,match,1,NA,Frahm_etal_1982_Table2,1982,Stephan_etal_1981_TableV (1981) = 1568
Indri indri,NeoWG,Neocortex_Vol.mm3,20114,20114,match,1,NA,Frahm_etal_1982_Table2,1982,Stephan_etal_1981_TableV (1981) = 20114
Lagothrix lagothricha,NeoWG,Neocortex_Vol.mm3,65873,65873,match,1,NA,Frahm_etal_1982_Table2,1982,Stephan_etal_1981_TableVI (1981) = 65873
Lepilemur ruficaudatus,NeoWG,Neocortex_Vol.mm3,3282,3282,match,1,NA,Frahm_etal_1982_Table2,1982,Stephan_etal_1981_TableV (1981) = 3282
Lophocebus albigena,NeoWG,Neocortex_Vol.mm3,68733,68733,match,1,NA,Stephan_etal_1981_TableVI,1981,NA
Loris tardigradus,NeoWG,Neocortex_Vol.mm3,3524,3524,match,1,NA,Stephan_etal_1981_TableV,1981,NA
Macaca mulatta,NeoWG,Neocortex_Vol.mm3,63482,63482,match,1,NA,Stephan_etal_1981_TableVI,1981,NA
Miopithecus talapoin,NeoWG,Neocortex_Vol.mm3,26427,26427,match,1,NA,Stephan_etal_1981_TableVI,1981,NA
Nasalis larvatus,NeoWG,Neocortex_Vol.mm3,62685,62685,match,1,NA,Stephan_etal_1981_TableVI,1981,NA
Nycticebus coucang,NeoWG,Neocortex_Vol.mm3,6192,6192,match,1,NA,Frahm_etal_1982_Table2,1982,Stephan_etal_1981_TableV (1981) = 6192
Otolemur crassicaudatus,NeoWG,Neocortex_Vol.mm3,4723,4723,match,1,NA,Stephan_etal_1981_TableV,1981,NA
Papio anubis,NeoWG,Neocortex_Vol.mm3,140142,140142,match,1,NA,Frahm_etal_1982_Table2,1982,Stephan_etal_1981_TableVI (1981) = 140142
Perodicticus potto,NeoWG,Neocortex_Vol.mm3,6683,6683,match,1,NA,Stephan_etal_1981_TableV,1981,NA
Piliocolobus badius,NeoWG,Neocortex_Vol.mm3,50906,50906,match,1,NA,Frahm_etal_1982_Table2,1982,Stephan_etal_1981_TableVI (1981) = 50906
Pithecia monachus,NeoWG,Neocortex_Vol.mm3,21028,21028,match,1,NA,Stephan_etal_1981_TableVI,1981,NA
Propithecus verreauxi,NeoWG,Neocortex_Vol.mm3,13170,13170,match,1,NA,Frahm_etal_1982_Table2,1982,Stephan_etal_1981_TableV (1981) = 13170
Pygathrix nemaeus,NeoWG,Neocortex_Vol.mm3,48763,48763,match,1,NA,Stephan_etal_1981_TableVI,1981,NA
Saguinus midas,NeoWG,Neocortex_Vol.mm3,5883,5883,match,1,NA,Stephan_etal_1981_TableVI,1981,NA
Saguinus oedipus,NeoWG,Neocortex_Vol.mm3,5894,5894,match,1,NA,Stephan_etal_1981_TableVI,1981,NA
Saimiri sciureus,NeoWG,Neocortex_Vol.mm3,15541,15541,match,1,NA,Frahm_etal_1982_Table2,1982,Stephan_etal_1981_TableVI (1981) = 15541
Tarsius sp.,NeoWG,Neocortex_Vol.mm3,1768,1768,match,1,NA,Frahm_etal_1982_Table2,1982,Stephan_etal_1981_TableV (1981) = 1768
Varecia variegata,NeoWG,Neocortex_Vol.mm3,15293,15293,match,1,NA,Stephan_etal_1981_TableV,1981,NA
Alouatta seniculus,NeoG_Frahm,Neocortex_grey_matter_Vol.mm3,21791,21791,match,1,NA,Frahm_etal_1982_Table2,1982,NA
Aotus trivirgatus,NeoG_Frahm,Neocortex_grey_matter_Vol.mm3,7776,7776,match,1,NA,Frahm_etal_1982_Table2,1982,NA
Avahi occidentalis,NeoG_Frahm,Neocortex_grey_matter_Vol.mm3,3666,3666,match,1,NA,Frahm_etal_1982_Table2,1982,NA
Callithrix jacchus,NeoG_Frahm,Neocortex_grey_matter_Vol.mm3,3564,3564,match,1,NA,Frahm_etal_1982_Table2,1982,NA
Callithrix pygmaea,NeoG_Frahm,Neocortex_grey_matter_Vol.mm3,2139,2139,match,1,NA,Frahm_etal_1982_Table2,1982,NA
Cebus albifrons,NeoG_Frahm,Neocortex_grey_matter_Vol.mm3,30630,30630,match,1,NA,Frahm_etal_1982_Table2,1982,NA
Cercopithecus ascanius,NeoG_Frahm,Neocortex_grey_matter_Vol.mm3,32114,32114,match,1,NA,Frahm_etal_1982_Table2,1982,NA
Daubentonia madagascariensis,NeoG_Frahm,Neocortex_grey_matter_Vol.mm3,17074,17074,match,1,NA,Frahm_etal_1982_Table2,1982,NA
Eulemur fulvus,NeoG_Frahm,Neocortex_grey_matter_Vol.mm3,9172,9172,match,1,NA,Frahm_etal_1982_Table2,1982,NA
Galagoides demidoff,NeoG_Frahm,Neocortex_grey_matter_Vol.mm3,1417,1417,match,1,NA,Frahm_etal_1982_Table2,1982,NA
Homo sapiens,NeoG_Frahm,Neocortex_grey_matter_Vol.mm3,584706,584706,match,1,NA,Frahm_etal_1982_Table2,1982,NA
Hylobates lar,NeoG_Frahm,Neocortex_grey_matter_Vol.mm3,46646,46646,match,1,NA,Frahm_etal_1982_Table2,1982,NA
Indri indri,NeoG_Frahm,Neocortex_grey_matter_Vol.mm3,15891,15891,match,1,NA,Frahm_etal_1982_Table2,1982,NA
Lagothrix lagothricha,NeoG_Frahm,Neocortex_grey_matter_Vol.mm3,49147,49147,match,1,NA,Frahm_etal_1982_Table2,1982,NA
Lepilemur ruficaudatus,NeoG_Frahm,Neocortex_grey_matter_Vol.mm3,2805,2805,match,1,NA,Frahm_etal_1982_Table2,1982,NA
Microcebus murinus,NeoG_Frahm,Neocortex_grey_matter_Vol.mm3,674.2,674.2,match,1,NA,Frahm_etal_1982_Table2,1982,NA
Nycticebus coucang,NeoG_Frahm,Neocortex_grey_matter_Vol.mm3,4952,4952,match,1,NA,Frahm_etal_1982_Table2,1982,NA
Pan troglodytes,NeoG_Frahm,Neocortex_grey_matter_Vol.mm3,172597,172597,match,1,NA,Frahm_etal_1982_Table2,1982,NA
Papio anubis,NeoG_Frahm,Neocortex_grey_matter_Vol.mm3,85726,85726,match,1,NA,Frahm_etal_1982_Table2,1982,NA
Piliocolobus badius,NeoG_Frahm,Neocortex_grey_matter_Vol.mm3,36575,36575,match,1,NA,Frahm_etal_1982_Table2,1982,NA
Propithecus verreauxi,NeoG_Frahm,Neocortex_grey_matter_Vol.mm3,9835,9835,match,1,NA,Frahm_etal_1982_Table2,1982,NA
Saimiri sciureus,NeoG_Frahm,Neocortex_grey_matter_Vol.mm3,11832,11832,match,1,NA,Frahm_etal_1982_Table2,1982,NA
Tarsius sp.,NeoG_Frahm,Neocortex_grey_matter_Vol.mm3,1631,1631,match,1,NA,Frahm_etal_1982_Table2,1982,NA
Alouatta seniculus,NeoW_Frahm,Neocortex_white_matter_Vol.mm3,9869,9869,match,1,NA,Frahm_etal_1982_Table2,1982,NA
Aotus trivirgatus,NeoW_Frahm,Neocortex_white_matter_Vol.mm3,2174,2174,match,1,NA,Frahm_etal_1982_Table2,1982,NA
Avahi occidentalis,NeoW_Frahm,Neocortex_white_matter_Vol.mm3,777,777,match,1,NA,Frahm_etal_1982_Table2,1982,NA
Callithrix jacchus,NeoW_Frahm,Neocortex_white_matter_Vol.mm3,807.1,807.1,match,1,NA,Frahm_etal_1982_Table2,1982,NA
Callithrix pygmaea,NeoW_Frahm,Neocortex_white_matter_Vol.mm3,395.3,395.3,match,1,NA,Frahm_etal_1982_Table2,1982,NA
Cebus albifrons,NeoW_Frahm,Neocortex_white_matter_Vol.mm3,15799,15799,match,1,NA,Frahm_etal_1982_Table2,1982,NA
Cercopithecus ascanius,NeoW_Frahm,Neocortex_white_matter_Vol.mm3,13052,13052,match,1,NA,Frahm_etal_1982_Table2,1982,NA
Daubentonia madagascariensis,NeoW_Frahm,Neocortex_white_matter_Vol.mm3,5053,5053,match,1,NA,Frahm_etal_1982_Table2,1982,NA
Eulemur fulvus,NeoW_Frahm,Neocortex_white_matter_Vol.mm3,3035,3035,match,1,NA,Frahm_etal_1982_Table2,1982,NA
Galagoides demidoff,NeoW_Frahm,Neocortex_white_matter_Vol.mm3,150.6,150.6,match,1,NA,Frahm_etal_1982_Table2,1982,NA
Homo sapiens,NeoW_Frahm,Neocortex_white_matter_Vol.mm3,421819,421819,match,1,NA,Frahm_etal_1982_Table2,1982,NA
Hylobates lar,NeoW_Frahm,Neocortex_white_matter_Vol.mm3,19154,19154,match,1,NA,Frahm_etal_1982_Table2,1982,NA
Indri indri,NeoW_Frahm,Neocortex_white_matter_Vol.mm3,4223,4223,match,1,NA,Frahm_etal_1982_Table2,1982,NA
Lagothrix lagothricha,NeoW_Frahm,Neocortex_white_matter_Vol.mm3,16727,16727,match,1,NA,Frahm_etal_1982_Table2,1982,NA
Lepilemur ruficaudatus,NeoW_Frahm,Neocortex_white_matter_Vol.mm3,476.6,476.6,match,1,NA,Frahm_etal_1982_Table2,1982,NA
Microcebus murinus,NeoW_Frahm,Neocortex_white_matter_Vol.mm3,65.31,65.31,match,1,NA,Frahm_etal_1982_Table2,1982,NA
Nycticebus coucang,NeoW_Frahm,Neocortex_white_matter_Vol.mm3,1240,1240,match,1,NA,Frahm_etal_1982_Table2,1982,NA
Pan troglodytes,NeoW_Frahm,Neocortex_white_matter_Vol.mm3,118996,118996,match,1,NA,Frahm_etal_1982_Table2,1982,NA
Papio anubis,NeoW_Frahm,Neocortex_white_matter_Vol.mm3,54416,54416,match,1,NA,Frahm_etal_1982_Table2,1982,NA
Piliocolobus badius,NeoW_Frahm,Neocortex_white_matter_Vol.mm3,14331,14331,match,1,NA,Frahm_etal_1982_Table2,1982,NA
Pongo sp.,NeoW_Frahm,Neocortex_white_matter_Vol.mm3,81500,81500,match,1,NA,Zilles_Rehkämper_1988_Table12-2,1988,NA
Propithecus verreauxi,NeoW_Frahm,Neocortex_white_matter_Vol.mm3,3335,3335,match,1,NA,Frahm_etal_1982_Table2,1982,NA
Saimiri sciureus,NeoW_Frahm,Neocortex_white_matter_Vol.mm3,3710,3710,match,1,NA,Frahm_etal_1982_Table2,1982,NA
Tarsius sp.,NeoW_Frahm,Neocortex_white_matter_Vol.mm3,137,137,match,1,NA,Frahm_etal_1982_Table2,1982,NA
Alouatta seniculus,Nucleus_amygdalae_basalis_parsmagnocellularis,Nucleus_amygdalae_basalis_pars_magnocellularis_Vol.mm3,30.7,30.7,match,1,NA,Stephan_etal_1981_TableXI,1981,NA
Aotus trivirgatus,Nucleus_amygdalae_basalis_parsmagnocellularis,Nucleus_amygdalae_basalis_pars_magnocellularis_Vol.mm3,15.7,15.7,match,1,NA,Stephan_etal_1981_TableXI,1981,NA
Callithrix jacchus,Nucleus_amygdalae_basalis_parsmagnocellularis,Nucleus_amygdalae_basalis_pars_magnocellularis_Vol.mm3,8.57,8.57,match,1,NA,Stephan_etal_1981_TableXI,1981,NA
Cebus albifrons,Nucleus_amygdalae_basalis_parsmagnocellularis,Nucleus_amygdalae_basalis_pars_magnocellularis_Vol.mm3,41,41,match,1,NA,Stephan_etal_1981_TableXI,1981,NA
Cercopithecus ascanius,Nucleus_amygdalae_basalis_parsmagnocellularis,Nucleus_amygdalae_basalis_pars_magnocellularis_Vol.mm3,48.9,48.9,match,1,NA,Stephan_etal_1981_TableXI,1981,NA
Cheirogaleus major,Nucleus_amygdalae_basalis_parsmagnocellularis,Nucleus_amygdalae_basalis_pars_magnocellularis_Vol.mm3,7.32,7.32,match,1,NA,Stephan_etal_1981_TableXI,1981,NA
Daubentonia madagascariensis,Nucleus_amygdalae_basalis_parsmagnocellularis,Nucleus_amygdalae_basalis_pars_magnocellularis_Vol.mm3,24.9,24.9,match,1,NA,Stephan_etal_1981_TableXI,1981,NA
Eulemur fulvus,Nucleus_amygdalae_basalis_parsmagnocellularis,Nucleus_amygdalae_basalis_pars_magnocellularis_Vol.mm3,19.6,19.6,match,1,NA,Stephan_etal_1981_TableXI,1981,NA
Galagoides demidoff,Nucleus_amygdalae_basalis_parsmagnocellularis,Nucleus_amygdalae_basalis_pars_magnocellularis_Vol.mm3,2.82,2.82,match,1,NA,Stephan_etal_1981_TableXI,1981,NA
Homo sapiens,Nucleus_amygdalae_basalis_parsmagnocellularis,Nucleus_amygdalae_basalis_pars_magnocellularis_Vol.mm3,246,246,match,1,NA,Stephan_etal_1981_TableXI,1981,NA
Lepilemur ruficaudatus,Nucleus_amygdalae_basalis_parsmagnocellularis,Nucleus_amygdalae_basalis_pars_magnocellularis_Vol.mm3,7.18,7.18,match,1,NA,Stephan_etal_1981_TableXI,1981,NA
Piliocolobus badius,Nucleus_amygdalae_basalis_parsmagnocellularis,Nucleus_amygdalae_basalis_pars_magnocellularis_Vol.mm3,45.5,45.5,match,1,NA,Stephan_etal_1981_TableXI,1981,NA
Propithecus verreauxi,Nucleus_amygdalae_basalis_parsmagnocellularis,Nucleus_amygdalae_basalis_pars_magnocellularis_Vol.mm3,18.8,18.8,match,1,NA,Stephan_etal_1981_TableXI,1981,NA
Saimiri sciureus,Nucleus_amygdalae_basalis_parsmagnocellularis,Nucleus_amygdalae_basalis_pars_magnocellularis_Vol.mm3,15,15,match,1,NA,Stephan_etal_1981_TableXI,1981,NA
Tarsius sp.,Nucleus_amygdalae_basalis_parsmagnocellularis,Nucleus_amygdalae_basalis_pars_magnocellularis_Vol.mm3,5.35,5.35,match,1,NA,Stephan_etal_1981_TableXI,1981,NA
Alouatta seniculus,Nucleus.habenularis.medialis,Nucleus_habenularis_medialis_Vol.mm3,3.3,3.3,match,1,NA,Stephan_etal_1981_TableXVI,1981,NA
Aotus trivirgatus,Nucleus.habenularis.medialis,Nucleus_habenularis_medialis_Vol.mm3,3.21,3.21,match,1,NA,Stephan_etal_1981_TableXVI,1981,NA
Ateles geoffroyi,Nucleus.habenularis.medialis,Nucleus_habenularis_medialis_Vol.mm3,7.29,7.29,match,1,NA,Stephan_etal_1981_TableXVI,1981,NA
Avahi laniger,Nucleus.habenularis.medialis,Nucleus_habenularis_medialis_Vol.mm3,2.21,2.21,match,1,NA,Stephan_etal_1981_TableXV,1981,NA
Avahi occidentalis,Nucleus.habenularis.medialis,Nucleus_habenularis_medialis_Vol.mm3,2.04,2.04,match,1,NA,Stephan_etal_1981_TableXV,1981,NA
Callicebus moloch,Nucleus.habenularis.medialis,Nucleus_habenularis_medialis_Vol.mm3,2.66,2.66,match,1,NA,Stephan_etal_1981_TableXVI,1981,NA
Callithrix jacchus,Nucleus.habenularis.medialis,Nucleus_habenularis_medialis_Vol.mm3,1.63,1.63,match,1,NA,Stephan_etal_1981_TableXVI,1981,NA
Cebus albifrons,Nucleus.habenularis.medialis,Nucleus_habenularis_medialis_Vol.mm3,4.9,4.9,match,1,NA,Stephan_etal_1981_TableXVI,1981,NA
Cercopithecus ascanius,Nucleus.habenularis.medialis,Nucleus_habenularis_medialis_Vol.mm3,4.23,4.23,match,1,NA,Stephan_etal_1981_TableXVI,1981,NA
Cercopithecus mitis,Nucleus.habenularis.medialis,Nucleus_habenularis_medialis_Vol.mm3,5.38,5.38,match,1,NA,Stephan_etal_1981_TableXVI,1981,NA
Cheirogaleus major,Nucleus.habenularis.medialis,Nucleus_habenularis_medialis_Vol.mm3,1.75,1.75,match,1,NA,Stephan_etal_1981_TableXV,1981,NA
Cheirogaleus medius,Nucleus.habenularis.medialis,Nucleus_habenularis_medialis_Vol.mm3,1.06,1.06,match,1,NA,Stephan_etal_1981_TableXV,1981,NA
Daubentonia madagascariensis,Nucleus.habenularis.medialis,Nucleus_habenularis_medialis_Vol.mm3,7.75,7.75,match,1,NA,Stephan_etal_1981_TableXV,1981,NA
Eulemur fulvus,Nucleus.habenularis.medialis,Nucleus_habenularis_medialis_Vol.mm3,4.02,4.02,match,1,NA,Stephan_etal_1981_TableXV,1981,NA
Galagoides demidoff,Nucleus.habenularis.medialis,Nucleus_habenularis_medialis_Vol.mm3,0.78,0.78,match,1,NA,Stephan_etal_1981_TableXV,1981,NA
Gorilla sp.,Nucleus.habenularis.medialis,Nucleus_habenularis_medialis_Vol.mm3,23.9,23.9,match,1,NA,Stephan_etal_1981_TableXVI,1981,NA
Homo sapiens,Nucleus.habenularis.medialis,Nucleus_habenularis_medialis_Vol.mm3,17,17,match,1,NA,Stephan_etal_1981_TableXVI,1981,NA
Indri indri,Nucleus.habenularis.medialis,Nucleus_habenularis_medialis_Vol.mm3,7.15,7.15,match,1,NA,Stephan_etal_1981_TableXV,1981,NA
Lagothrix lagothricha,Nucleus.habenularis.medialis,Nucleus_habenularis_medialis_Vol.mm3,7.01,7.01,match,1,NA,Stephan_etal_1981_TableXVI,1981,NA
Lepilemur ruficaudatus,Nucleus.habenularis.medialis,Nucleus_habenularis_medialis_Vol.mm3,1.75,1.75,match,1,NA,Stephan_etal_1981_TableXV,1981,NA
Lophocebus albigena,Nucleus.habenularis.medialis,Nucleus_habenularis_medialis_Vol.mm3,6,6,match,1,NA,Stephan_etal_1981_TableXVI,1981,NA
Loris tardigradus,Nucleus.habenularis.medialis,Nucleus_habenularis_medialis_Vol.mm3,1.15,1.15,match,1,NA,Stephan_etal_1981_TableXV,1981,NA
Macaca mulatta,Nucleus.habenularis.medialis,Nucleus_habenularis_medialis_Vol.mm3,7.66,7.66,match,1,NA,Stephan_etal_1981_TableXVI,1981,NA
Miopithecus talapoin,Nucleus.habenularis.medialis,Nucleus_habenularis_medialis_Vol.mm3,2.07,2.07,match,1,NA,Stephan_etal_1981_TableXVI,1981,NA
Nycticebus coucang,Nucleus.habenularis.medialis,Nucleus_habenularis_medialis_Vol.mm3,2.04,2.04,match,1,NA,Stephan_etal_1981_TableXV,1981,NA
Otolemur crassicaudatus,Nucleus.habenularis.medialis,Nucleus_habenularis_medialis_Vol.mm3,1.64,1.64,match,1,NA,Stephan_etal_1981_TableXV,1981,NA
Pan troglodytes,Nucleus.habenularis.medialis,Nucleus_habenularis_medialis_Vol.mm3,9.4,9.4,match,1,NA,Stephan_etal_1981_TableXVI,1981,NA
Papio anubis,Nucleus.habenularis.medialis,Nucleus_habenularis_medialis_Vol.mm3,12.7,12.7,match,1,NA,Stephan_etal_1981_TableXVI,1981,NA
Perodicticus potto,Nucleus.habenularis.medialis,Nucleus_habenularis_medialis_Vol.mm3,3.77,3.77,match,1,NA,Stephan_etal_1981_TableXV,1981,NA
Piliocolobus badius,Nucleus.habenularis.medialis,Nucleus_habenularis_medialis_Vol.mm3,4.54,4.54,match,1,NA,Stephan_etal_1981_TableXVI,1981,NA
Pithecia monachus,Nucleus.habenularis.medialis,Nucleus_habenularis_medialis_Vol.mm3,2.53,2.53,match,1,NA,Stephan_etal_1981_TableXVI,1981,NA
Propithecus verreauxi,Nucleus.habenularis.medialis,Nucleus_habenularis_medialis_Vol.mm3,3.65,3.65,match,1,NA,Stephan_etal_1981_TableXV,1981,NA
Saguinus midas,Nucleus.habenularis.medialis,Nucleus_habenularis_medialis_Vol.mm3,1.18,1.18,match,1,NA,Stephan_etal_1981_TableXVI,1981,NA
Saguinus oedipus,Nucleus.habenularis.medialis,Nucleus_habenularis_medialis_Vol.mm3,1.55,1.55,match,1,NA,Stephan_etal_1981_TableXVI,1981,NA
Saimiri sciureus,Nucleus.habenularis.medialis,Nucleus_habenularis_medialis_Vol.mm3,2.77,2.77,match,1,NA,Stephan_etal_1981_TableXVI,1981,NA
Tarsius sp.,Nucleus.habenularis.medialis,Nucleus_habenularis_medialis_Vol.mm3,1.13,1.13,match,1,NA,Stephan_etal_1981_TableXV,1981,NA
Varecia variegata,Nucleus.habenularis.medialis,Nucleus_habenularis_medialis_Vol.mm3,5.35,5.35,match,1,NA,Stephan_etal_1981_TableXV,1981,NA
Alouatta seniculus,Nucleus.septalis.triangularis,Nucleus_septalis_triangularis_Vol.mm3,1.72,1.72,match,1,NA,Stephan_etal_1981_TableXVI,1981,NA
Ateles geoffroyi,Nucleus.septalis.triangularis,Nucleus_septalis_triangularis_Vol.mm3,3.18,3.18,match,1,NA,Stephan_etal_1981_TableXVI,1981,NA
Avahi laniger,Nucleus.septalis.triangularis,Nucleus_septalis_triangularis_Vol.mm3,1.29,1.29,match,1,NA,Stephan_etal_1981_TableXV,1981,NA
Callicebus moloch,Nucleus.septalis.triangularis,Nucleus_septalis_triangularis_Vol.mm3,0.89,0.89,match,1,NA,Stephan_etal_1981_TableXVI,1981,NA
Callithrix jacchus,Nucleus.septalis.triangularis,Nucleus_septalis_triangularis_Vol.mm3,0.44,0.44,match,1,NA,Stephan_etal_1981_TableXVI,1981,NA
Cebus albifrons,Nucleus.septalis.triangularis,Nucleus_septalis_triangularis_Vol.mm3,1.5,1.5,match,1,NA,Stephan_etal_1981_TableXVI,1981,NA
Cercopithecus ascanius,Nucleus.septalis.triangularis,Nucleus_septalis_triangularis_Vol.mm3,2.13,2.13,match,1,NA,Stephan_etal_1981_TableXVI,1981,NA
Cercopithecus mitis,Nucleus.septalis.triangularis,Nucleus_septalis_triangularis_Vol.mm3,1.96,1.96,match,1,NA,Stephan_etal_1981_TableXVI,1981,NA
Daubentonia madagascariensis,Nucleus.septalis.triangularis,Nucleus_septalis_triangularis_Vol.mm3,2.65,2.65,match,1,NA,Stephan_etal_1981_TableXV,1981,NA
Eulemur fulvus,Nucleus.septalis.triangularis,Nucleus_septalis_triangularis_Vol.mm3,1.4,1.4,match,1,NA,Stephan_etal_1981_TableXV,1981,NA
Galagoides demidoff,Nucleus.septalis.triangularis,Nucleus_septalis_triangularis_Vol.mm3,0.45,0.45,match,1,NA,Stephan_etal_1981_TableXV,1981,NA
Gorilla sp.,Nucleus.septalis.triangularis,Nucleus_septalis_triangularis_Vol.mm3,5.79,5.79,match,1,NA,Stephan_etal_1981_TableXVI,1981,NA
Indri indri,Nucleus.septalis.triangularis,Nucleus_septalis_triangularis_Vol.mm3,4.96,4.96,match,1,NA,Stephan_etal_1981_TableXV,1981,NA
Lagothrix lagothricha,Nucleus.septalis.triangularis,Nucleus_septalis_triangularis_Vol.mm3,2.6,2.6,match,1,NA,Stephan_etal_1981_TableXVI,1981,NA
Lophocebus albigena,Nucleus.septalis.triangularis,Nucleus_septalis_triangularis_Vol.mm3,1.69,1.69,match,1,NA,Stephan_etal_1981_TableXVI,1981,NA
Macaca mulatta,Nucleus.septalis.triangularis,Nucleus_septalis_triangularis_Vol.mm3,2.83,2.83,match,1,NA,Stephan_etal_1981_TableXVI,1981,NA
Nycticebus coucang,Nucleus.septalis.triangularis,Nucleus_septalis_triangularis_Vol.mm3,1.34,1.34,match,1,NA,Stephan_etal_1981_TableXV,1981,NA
Pan troglodytes,Nucleus.septalis.triangularis,Nucleus_septalis_triangularis_Vol.mm3,2.7,2.7,match,1,NA,Stephan_etal_1981_TableXVI,1981,NA
Papio anubis,Nucleus.septalis.triangularis,Nucleus_septalis_triangularis_Vol.mm3,1.86,1.86,match,1,NA,Stephan_etal_1981_TableXVI,1981,NA
Perodicticus potto,Nucleus.septalis.triangularis,Nucleus_septalis_triangularis_Vol.mm3,2.27,2.27,match,1,NA,Stephan_etal_1981_TableXV,1981,NA
Piliocolobus badius,Nucleus.septalis.triangularis,Nucleus_septalis_triangularis_Vol.mm3,2.26,2.26,match,1,NA,Stephan_etal_1981_TableXVI,1981,NA
Pithecia monachus,Nucleus.septalis.triangularis,Nucleus_septalis_triangularis_Vol.mm3,1.31,1.31,match,1,NA,Stephan_etal_1981_TableXVI,1981,NA
Propithecus verreauxi,Nucleus.septalis.triangularis,Nucleus_septalis_triangularis_Vol.mm3,1.6,1.6,match,1,NA,Stephan_etal_1981_TableXV,1981,NA
Saguinus oedipus,Nucleus.septalis.triangularis,Nucleus_septalis_triangularis_Vol.mm3,1.08,1.08,match,1,NA,Stephan_etal_1981_TableXVI,1981,NA
Varecia variegata,Nucleus.septalis.triangularis,Nucleus_septalis_triangularis_Vol.mm3,3.51,3.51,match,1,NA,Stephan_etal_1981_TableXV,1981,NA
Ateles geoffroyi,Nucleus_subthalamicus,Nucleus_subthalamicus_Vol.mm3,52.8,52.8,match,1,NA,Stephan_etal_1981_TableVIII,1981,NA
Callithrix pygmaea,Nucleus_subthalamicus,Nucleus_subthalamicus_Vol.mm3,1.95,1.95,match,1,NA,Stephan_etal_1981_TableVIII,1981,NA
Cebus albifrons,Nucleus_subthalamicus,Nucleus_subthalamicus_Vol.mm3,41.7,41.7,match,1,NA,Stephan_etal_1981_TableVIII,1981,NA
Cercopithecus ascanius,Nucleus_subthalamicus,Nucleus_subthalamicus_Vol.mm3,25.7,25.7,match,1,NA,Stephan_etal_1981_TableVIII,1981,NA
Cheirogaleus major,Nucleus_subthalamicus,Nucleus_subthalamicus_Vol.mm3,2.27,2.27,match,1,NA,Stephan_etal_1981_TableVIII,1981,NA
Eulemur fulvus,Nucleus_subthalamicus,Nucleus_subthalamicus_Vol.mm3,13.9,13.9,match,1,NA,Stephan_etal_1981_TableVIII,1981,NA
Galagoides demidoff,Nucleus_subthalamicus,Nucleus_subthalamicus_Vol.mm3,1.4,1.4,match,1,NA,Stephan_etal_1981_TableVIII,1981,NA
Gorilla sp.,Nucleus_subthalamicus,Nucleus_subthalamicus_Vol.mm3,178,178,match,1,NA,Stephan_etal_1981_TableVIII,1981,NA
Homo sapiens,Nucleus_subthalamicus,Nucleus_subthalamicus_Vol.mm3,469,469,match,1,NA,Stephan_etal_1981_TableVIII,1981,NA
Hylobates lar,Nucleus_subthalamicus,Nucleus_subthalamicus_Vol.mm3,61.6,61.6,match,1,NA,Stephan_etal_1981_TableVIII,1981,NA
Lagothrix lagothricha,Nucleus_subthalamicus,Nucleus_subthalamicus_Vol.mm3,63.8,63.8,match,1,NA,Stephan_etal_1981_TableVIII,1981,NA
Lepilemur ruficaudatus,Nucleus_subthalamicus,Nucleus_subthalamicus_Vol.mm3,2.91,2.91,match,1,NA,Stephan_etal_1981_TableVIII,1981,NA
Lophocebus albigena,Nucleus_subthalamicus,Nucleus_subthalamicus_Vol.mm3,52.4,52.4,match,1,NA,Stephan_etal_1981_TableVIII,1981,NA
Loris tardigradus,Nucleus_subthalamicus,Nucleus_subthalamicus_Vol.mm3,3.79,3.79,match,1,NA,Stephan_etal_1981_TableVIII,1981,NA
Microcebus murinus,Nucleus_subthalamicus,Nucleus_subthalamicus_Vol.mm3,0.65,0.65,match,1,NA,Stephan_etal_1981_TableVIII,1981,NA
Nasalis larvatus,Nucleus_subthalamicus,Nucleus_subthalamicus_Vol.mm3,37.2,37.2,match,1,NA,Stephan_etal_1981_TableVIII,1981,NA
Otolemur crassicaudatus,Nucleus_subthalamicus,Nucleus_subthalamicus_Vol.mm3,4.1,4.1,match,1,NA,Stephan_etal_1981_TableVIII,1981,NA
Pan troglodytes,Nucleus_subthalamicus,Nucleus_subthalamicus_Vol.mm3,127,127,match,1,NA,Stephan_etal_1981_TableVIII,1981,NA
Papio anubis,Nucleus_subthalamicus,Nucleus_subthalamicus_Vol.mm3,94.7,94.7,match,1,NA,Stephan_etal_1981_TableVIII,1981,NA
Perodicticus potto,Nucleus_subthalamicus,Nucleus_subthalamicus_Vol.mm3,8.19,8.19,match,1,NA,Stephan_etal_1981_TableVIII,1981,NA
Piliocolobus badius,Nucleus_subthalamicus,Nucleus_subthalamicus_Vol.mm3,31.9,31.9,match,1,NA,Stephan_etal_1981_TableVIII,1981,NA
Propithecus verreauxi,Nucleus_subthalamicus,Nucleus_subthalamicus_Vol.mm3,20,20,match,1,NA,Stephan_etal_1981_TableVIII,1981,NA
Saguinus oedipus,Nucleus_subthalamicus,Nucleus_subthalamicus_Vol.mm3,4.45,4.45,match,1,NA,Stephan_etal_1981_TableVIII,1981,NA
Saimiri sciureus,Nucleus_subthalamicus,Nucleus_subthalamicus_Vol.mm3,11.5,11.5,match,1,NA,Stephan_etal_1981_TableVIII,1981,NA
Tarsius sp.,Nucleus_subthalamicus,Nucleus_subthalamicus_Vol.mm3,1.09,1.09,match,1,NA,Stephan_etal_1981_TableVIII,1981,NA
Alouatta seniculus,Nucleus_tractus_olfactorius,Nucleus_tractus_olfactorius_Vol.mm3,0,0,match,NA,NA,Stephan_etal_1981_TableXI,1981,NA
Cebus albifrons,Nucleus_tractus_olfactorius,Nucleus_tractus_olfactorius_Vol.mm3,0,0,match,NA,NA,Stephan_etal_1981_TableXI,1981,NA
Cercopithecus ascanius,Nucleus_tractus_olfactorius,Nucleus_tractus_olfactorius_Vol.mm3,0,0,match,NA,NA,Stephan_etal_1981_TableXI,1981,NA
Daubentonia madagascariensis,Nucleus_tractus_olfactorius,Nucleus_tractus_olfactorius_Vol.mm3,3.53,3.53,match,1,NA,Stephan_etal_1981_TableXI,1981,NA
Eulemur fulvus,Nucleus_tractus_olfactorius,Nucleus_tractus_olfactorius_Vol.mm3,1.37,1.37,match,1,NA,Stephan_etal_1981_TableXI,1981,NA
Galagoides demidoff,Nucleus_tractus_olfactorius,Nucleus_tractus_olfactorius_Vol.mm3,0.62,0.62,match,1,NA,Stephan_etal_1981_TableXI,1981,NA
Homo sapiens,Nucleus_tractus_olfactorius,Nucleus_tractus_olfactorius_Vol.mm3,0,0,match,NA,NA,Stephan_etal_1981_TableXI,1981,NA
Piliocolobus badius,Nucleus_tractus_olfactorius,Nucleus_tractus_olfactorius_Vol.mm3,0,0,match,NA,NA,Stephan_etal_1981_TableXI,1981,NA
Saimiri sciureus,Nucleus_tractus_olfactorius,Nucleus_tractus_olfactorius_Vol.mm3,0,0,match,NA,NA,Stephan_etal_1981_TableXI,1981,NA
Ateles geoffroyi,Nucleus.vestibularis.descendens,Nucleus_vestibularis_descendens_unilateral_Vol.mm3,11.9,11.9,match,1,NA,Matano__1986_TableI,1986,Stephan_etal_1981_TableXIII (1981) = 11.9
Avahi occidentalis,Nucleus.vestibularis.descendens,Nucleus_vestibularis_descendens_unilateral_Vol.mm3,4.81,4.81,match,1,NA,Matano__1986_TableI,1986,Stephan_etal_1981_TableXIII (1981) = 4.81
Callithrix pygmaea,Nucleus.vestibularis.descendens,Nucleus_vestibularis_descendens_unilateral_Vol.mm3,1.96,1.96,match,1,NA,Matano__1986_TableI,1986,Stephan_etal_1981_TableXIII (1981) = 1.96
Cebus albifrons,Nucleus.vestibularis.descendens,Nucleus_vestibularis_descendens_unilateral_Vol.mm3,12.3,12.3,match,1,NA,Matano__1986_TableI,1986,Stephan_etal_1981_TableXIII (1981) = 12.3
Cercopithecus ascanius,Nucleus.vestibularis.descendens,Nucleus_vestibularis_descendens_unilateral_Vol.mm3,17.2,17.2,match,1,NA,Matano__1986_TableI,1986,Stephan_etal_1981_TableXIII (1981) = 17.2
Cheirogaleus major,Nucleus.vestibularis.descendens,Nucleus_vestibularis_descendens_unilateral_Vol.mm3,3.27,3.27,match,1,NA,Matano__1986_TableI,1986,Stephan_etal_1981_TableXIII (1981) = 3.27
Eulemur fulvus,Nucleus.vestibularis.descendens,Nucleus_vestibularis_descendens_unilateral_Vol.mm3,9.27,9.27,match,1,NA,Matano__1986_TableI,1986,Stephan_etal_1981_TableXIII (1981) = 9.27
Galagoides demidoff,Nucleus.vestibularis.descendens,Nucleus_vestibularis_descendens_unilateral_Vol.mm3,1.9,1.9,match,1,NA,Matano__1986_TableI,1986,Stephan_etal_1981_TableXIII (1981) = 1.9
Gorilla sp.,Nucleus.vestibularis.descendens,Nucleus_vestibularis_descendens_unilateral_Vol.mm3,23.6,23.6,match,1,NA,Matano__1986_TableI,1986,Stephan_etal_1981_TableXIII (1981) = 23.6
Homo sapiens,Nucleus.vestibularis.descendens,Nucleus_vestibularis_descendens_unilateral_Vol.mm3,45.9,45.9,match,1,NA,Matano__1986_TableI,1986,Stephan_etal_1981_TableXIII (1981) = 45.9
Hylobates lar,Nucleus.vestibularis.descendens,Nucleus_vestibularis_descendens_unilateral_Vol.mm3,14.5,14.5,match,1,NA,Matano__1986_TableI,1986,Stephan_etal_1981_TableXIII (1981) = 14.5
Lagothrix lagothricha,Nucleus.vestibularis.descendens,Nucleus_vestibularis_descendens_unilateral_Vol.mm3,14.1,14.1,match,1,NA,Matano__1986_TableI,1986,Stephan_etal_1981_TableXIII (1981) = 14.1
Lepilemur ruficaudatus,Nucleus.vestibularis.descendens,Nucleus_vestibularis_descendens_unilateral_Vol.mm3,4.47,4.47,match,1,NA,Matano__1986_TableI,1986,Stephan_etal_1981_TableXIII (1981) = 4.47
Lophocebus albigena,Nucleus.vestibularis.descendens,Nucleus_vestibularis_descendens_unilateral_Vol.mm3,25.2,25.2,match,1,NA,Matano__1986_TableI,1986,Stephan_etal_1981_TableXIII (1981) = 25.2
Loris tardigradus,Nucleus.vestibularis.descendens,Nucleus_vestibularis_descendens_unilateral_Vol.mm3,2.08,2.08,match,1,NA,Matano__1986_TableI,1986,Stephan_etal_1981_TableXIII (1981) = 2.08
Microcebus murinus,Nucleus.vestibularis.descendens,Nucleus_vestibularis_descendens_unilateral_Vol.mm3,1.08,1.08,match,1,NA,Matano__1986_TableI,1986,Stephan_etal_1981_TableXIII (1981) = 1.08
Nasalis larvatus,Nucleus.vestibularis.descendens,Nucleus_vestibularis_descendens_unilateral_Vol.mm3,25.2,25.2,match,1,NA,Matano__1986_TableI,1986,Stephan_etal_1981_TableXIII (1981) = 25.2
Otolemur crassicaudatus,Nucleus.vestibularis.descendens,Nucleus_vestibularis_descendens_unilateral_Vol.mm3,7.01,7.01,match,1,NA,Matano__1986_TableI,1986,Stephan_etal_1981_TableXIII (1981) = 7.01
Pan troglodytes,Nucleus.vestibularis.descendens,Nucleus_vestibularis_descendens_unilateral_Vol.mm3,29.8,29.8,match,1,NA,Matano__1986_TableI,1986,Stephan_etal_1981_TableXIII (1981) = 29.8
Papio anubis,Nucleus.vestibularis.descendens,Nucleus_vestibularis_descendens_unilateral_Vol.mm3,33.9,33.9,match,1,NA,Matano__1986_TableI,1986,Stephan_etal_1981_TableXIII (1981) = 33.9
Perodicticus potto,Nucleus.vestibularis.descendens,Nucleus_vestibularis_descendens_unilateral_Vol.mm3,3.88,3.88,match,1,NA,Matano__1986_TableI,1986,Stephan_etal_1981_TableXIII (1981) = 3.88
Piliocolobus badius,Nucleus.vestibularis.descendens,Nucleus_vestibularis_descendens_unilateral_Vol.mm3,14.5,14.5,match,1,NA,Matano__1986_TableI,1986,Stephan_etal_1981_TableXIII (1981) = 14.5
Propithecus verreauxi,Nucleus.vestibularis.descendens,Nucleus_vestibularis_descendens_unilateral_Vol.mm3,12.4,12.4,match,1,NA,Matano__1986_TableI,1986,Stephan_etal_1981_TableXIII (1981) = 12.4
Saguinus oedipus,Nucleus.vestibularis.descendens,Nucleus_vestibularis_descendens_unilateral_Vol.mm3,4.49,4.49,match,1,NA,Matano__1986_TableI,1986,Stephan_etal_1981_TableXIII (1981) = 4.49
Saimiri sciureus,Nucleus.vestibularis.descendens,Nucleus_vestibularis_descendens_unilateral_Vol.mm3,7.31,7.31,match,1,NA,Matano__1986_TableI,1986,Stephan_etal_1981_TableXIII (1981) = 7.31
Tarsius sp.,Nucleus.vestibularis.descendens,Nucleus_vestibularis_descendens_unilateral_Vol.mm3,2.41,2.41,match,1,NA,Matano__1986_TableI,1986,Stephan_etal_1981_TableXIII (1981) = 2.41
Ateles geoffroyi,Nucleus.vestibularis.lateralis,Nucleus_vestibularis_lateralis_unilateral_Vol.mm3,6.81,6.81,match,1,NA,Matano__1986_TableI,1986,Stephan_etal_1981_TableXIII (1981) = 6.81
Avahi occidentalis,Nucleus.vestibularis.lateralis,Nucleus_vestibularis_lateralis_unilateral_Vol.mm3,3.32,3.32,match,1,NA,Matano__1986_TableI,1986,Stephan_etal_1981_TableXIII (1981) = 3.32
Callithrix pygmaea,Nucleus.vestibularis.lateralis,Nucleus_vestibularis_lateralis_unilateral_Vol.mm3,2.94,2.94,match,1,NA,Matano__1986_TableI,1986,Stephan_etal_1981_TableXIII (1981) = 2.94
Cebus albifrons,Nucleus.vestibularis.lateralis,Nucleus_vestibularis_lateralis_unilateral_Vol.mm3,7.45,7.45,match,1,NA,Matano__1986_TableI,1986,Stephan_etal_1981_TableXIII (1981) = 7.45
Cercopithecus ascanius,Nucleus.vestibularis.lateralis,Nucleus_vestibularis_lateralis_unilateral_Vol.mm3,5.88,5.88,match,1,NA,Matano__1986_TableI,1986,Stephan_etal_1981_TableXIII (1981) = 5.88
Cheirogaleus major,Nucleus.vestibularis.lateralis,Nucleus_vestibularis_lateralis_unilateral_Vol.mm3,1.78,1.78,match,1,NA,Matano__1986_TableI,1986,Stephan_etal_1981_TableXIII (1981) = 1.78
Eulemur fulvus,Nucleus.vestibularis.lateralis,Nucleus_vestibularis_lateralis_unilateral_Vol.mm3,5.9,5.9,match,1,NA,Matano__1986_TableI,1986,Stephan_etal_1981_TableXIII (1981) = 5.9
Galagoides demidoff,Nucleus.vestibularis.lateralis,Nucleus_vestibularis_lateralis_unilateral_Vol.mm3,1.01,1.01,match,1,NA,Matano__1986_TableI,1986,Stephan_etal_1981_TableXIII (1981) = 1.01
Gorilla sp.,Nucleus.vestibularis.lateralis,Nucleus_vestibularis_lateralis_unilateral_Vol.mm3,19.5,19.5,match,1,NA,Matano__1986_TableI,1986,Stephan_etal_1981_TableXIII (1981) = 19.5
Homo sapiens,Nucleus.vestibularis.lateralis,Nucleus_vestibularis_lateralis_unilateral_Vol.mm3,22.4,22.4,match,1,NA,Matano__1986_TableI,1986,Stephan_etal_1981_TableXIII (1981) = 22.4
Hylobates lar,Nucleus.vestibularis.lateralis,Nucleus_vestibularis_lateralis_unilateral_Vol.mm3,5.53,5.53,match,1,NA,Matano__1986_TableI,1986,Stephan_etal_1981_TableXIII (1981) = 5.53
Lagothrix lagothricha,Nucleus.vestibularis.lateralis,Nucleus_vestibularis_lateralis_unilateral_Vol.mm3,6.94,6.94,match,1,NA,Matano__1986_TableI,1986,Stephan_etal_1981_TableXIII (1981) = 6.94
Lophocebus albigena,Nucleus.vestibularis.lateralis,Nucleus_vestibularis_lateralis_unilateral_Vol.mm3,10,10,match,1,NA,Matano__1986_TableI,1986,Stephan_etal_1981_TableXIII (1981) = 10
Loris tardigradus,Nucleus.vestibularis.lateralis,Nucleus_vestibularis_lateralis_unilateral_Vol.mm3,1.22,1.22,match,1,NA,Matano__1986_TableI,1986,Stephan_etal_1981_TableXIII (1981) = 1.22
Microcebus murinus,Nucleus.vestibularis.lateralis,Nucleus_vestibularis_lateralis_unilateral_Vol.mm3,0.76,0.76,match,1,NA,Matano__1986_TableI,1986,Stephan_etal_1981_TableXIII (1981) = 0.76
Nasalis larvatus,Nucleus.vestibularis.lateralis,Nucleus_vestibularis_lateralis_unilateral_Vol.mm3,14.8,14.8,match,1,NA,Matano__1986_TableI,1986,Stephan_etal_1981_TableXIII (1981) = 14.8
Otolemur crassicaudatus,Nucleus.vestibularis.lateralis,Nucleus_vestibularis_lateralis_unilateral_Vol.mm3,2.87,2.87,match,1,NA,Matano__1986_TableI,1986,Stephan_etal_1981_TableXIII (1981) = 2.87
Pan troglodytes,Nucleus.vestibularis.lateralis,Nucleus_vestibularis_lateralis_unilateral_Vol.mm3,9.65,9.65,match,1,NA,Matano__1986_TableI,1986,Stephan_etal_1981_TableXIII (1981) = 9.65
Papio anubis,Nucleus.vestibularis.lateralis,Nucleus_vestibularis_lateralis_unilateral_Vol.mm3,10.5,10.5,match,1,NA,Matano__1986_TableI,1986,Stephan_etal_1981_TableXIII (1981) = 10.5
Perodicticus potto,Nucleus.vestibularis.lateralis,Nucleus_vestibularis_lateralis_unilateral_Vol.mm3,2.66,2.66,match,1,NA,Matano__1986_TableI,1986,Stephan_etal_1981_TableXIII (1981) = 2.66
Piliocolobus badius,Nucleus.vestibularis.lateralis,Nucleus_vestibularis_lateralis_unilateral_Vol.mm3,10,10,match,1,NA,Matano__1986_TableI,1986,Stephan_etal_1981_TableXIII (1981) = 10
Propithecus verreauxi,Nucleus.vestibularis.lateralis,Nucleus_vestibularis_lateralis_unilateral_Vol.mm3,7.37,7.37,match,1,NA,Matano__1986_TableI,1986,Stephan_etal_1981_TableXIII (1981) = 7.37
Saguinus oedipus,Nucleus.vestibularis.lateralis,Nucleus_vestibularis_lateralis_unilateral_Vol.mm3,3.63,3.63,match,1,NA,Matano__1986_TableI,1986,Stephan_etal_1981_TableXIII (1981) = 3.63
Saimiri sciureus,Nucleus.vestibularis.lateralis,Nucleus_vestibularis_lateralis_unilateral_Vol.mm3,6.26,6.26,match,1,NA,Matano__1986_TableI,1986,Stephan_etal_1981_TableXIII (1981) = 6.26
Tarsius sp.,Nucleus.vestibularis.lateralis,Nucleus_vestibularis_lateralis_unilateral_Vol.mm3,1.16,1.16,match,1,NA,Matano__1986_TableI,1986,Stephan_etal_1981_TableXIII (1981) = 1.16
Ateles geoffroyi,Nucleus.vestibularis.medialis,Nucleus_vestibularis_medialis_unilateral_Vol.mm3,23.8,23.8,match,1,NA,Matano__1986_TableI,1986,Stephan_etal_1981_TableXIII (1981) = 23.8
Avahi occidentalis,Nucleus.vestibularis.medialis,Nucleus_vestibularis_medialis_unilateral_Vol.mm3,6.86,6.86,match,1,NA,Matano__1986_TableI,1986,Stephan_etal_1981_TableXIII (1981) = 6.86
Callithrix pygmaea,Nucleus.vestibularis.medialis,Nucleus_vestibularis_medialis_unilateral_Vol.mm3,4.11,4.11,match,1,NA,Matano__1986_TableI,1986,Stephan_etal_1981_TableXIII (1981) = 4.11
Cebus albifrons,Nucleus.vestibularis.medialis,Nucleus_vestibularis_medialis_unilateral_Vol.mm3,19.2,19.2,match,1,NA,Matano__1986_TableI,1986,Stephan_etal_1981_TableXIII (1981) = 19.2
Cercopithecus ascanius,Nucleus.vestibularis.medialis,Nucleus_vestibularis_medialis_unilateral_Vol.mm3,20.8,20.8,match,1,NA,Matano__1986_TableI,1986,Stephan_etal_1981_TableXIII (1981) = 20.8
Cheirogaleus major,Nucleus.vestibularis.medialis,Nucleus_vestibularis_medialis_unilateral_Vol.mm3,4.18,4.18,match,1,NA,Matano__1986_TableI,1986,Stephan_etal_1981_TableXIII (1981) = 4.18
Eulemur fulvus,Nucleus.vestibularis.medialis,Nucleus_vestibularis_medialis_unilateral_Vol.mm3,9.75,9.75,match,1,NA,Matano__1986_TableI,1986,Stephan_etal_1981_TableXIII (1981) = 9.75
Galagoides demidoff,Nucleus.vestibularis.medialis,Nucleus_vestibularis_medialis_unilateral_Vol.mm3,2.72,2.72,match,1,NA,Matano__1986_TableI,1986,Stephan_etal_1981_TableXIII (1981) = 2.72
Gorilla sp.,Nucleus.vestibularis.medialis,Nucleus_vestibularis_medialis_unilateral_Vol.mm3,58.4,58.4,match,1,NA,Matano__1986_TableI,1986,Stephan_etal_1981_TableXIII (1981) = 58.4
Homo sapiens,Nucleus.vestibularis.medialis,Nucleus_vestibularis_medialis_unilateral_Vol.mm3,72.8,72.8,match,1,NA,Matano__1986_TableI,1986,Stephan_etal_1981_TableXIII (1981) = 72.8
Hylobates lar,Nucleus.vestibularis.medialis,Nucleus_vestibularis_medialis_unilateral_Vol.mm3,24.5,24.5,match,1,NA,Matano__1986_TableI,1986,Stephan_etal_1981_TableXIII (1981) = 24.5
Lagothrix lagothricha,Nucleus.vestibularis.medialis,Nucleus_vestibularis_medialis_unilateral_Vol.mm3,23,23,match,1,NA,Matano__1986_TableI,1986,Stephan_etal_1981_TableXIII (1981) = 23
Lepilemur ruficaudatus,Nucleus.vestibularis.medialis,Nucleus_vestibularis_medialis_unilateral_Vol.mm3,5.92,5.92,match,1,NA,Matano__1986_TableI,1986,Stephan_etal_1981_TableXIII (1981) = 5.92
Lophocebus albigena,Nucleus.vestibularis.medialis,Nucleus_vestibularis_medialis_unilateral_Vol.mm3,35.6,35.6,match,1,NA,Matano__1986_TableI,1986,Stephan_etal_1981_TableXIII (1981) = 35.6
Loris tardigradus,Nucleus.vestibularis.medialis,Nucleus_vestibularis_medialis_unilateral_Vol.mm3,3.55,3.55,match,1,NA,Matano__1986_TableI,1986,Stephan_etal_1981_TableXIII (1981) = 3.55
Microcebus murinus,Nucleus.vestibularis.medialis,Nucleus_vestibularis_medialis_unilateral_Vol.mm3,1.5,1.5,match,1,NA,Matano__1986_TableI,1986,Stephan_etal_1981_TableXIII (1981) = 1.5
Nasalis larvatus,Nucleus.vestibularis.medialis,Nucleus_vestibularis_medialis_unilateral_Vol.mm3,33.6,33.6,match,1,NA,Matano__1986_TableI,1986,Stephan_etal_1981_TableXIII (1981) = 33.6
Otolemur crassicaudatus,Nucleus.vestibularis.medialis,Nucleus_vestibularis_medialis_unilateral_Vol.mm3,7.16,7.16,match,1,NA,Matano__1986_TableI,1986,Stephan_etal_1981_TableXIII (1981) = 7.16
Pan troglodytes,Nucleus.vestibularis.medialis,Nucleus_vestibularis_medialis_unilateral_Vol.mm3,54.7,54.7,match,1,NA,Matano__1986_TableI,1986,Stephan_etal_1981_TableXIII (1981) = 54.7
Papio anubis,Nucleus.vestibularis.medialis,Nucleus_vestibularis_medialis_unilateral_Vol.mm3,48.1,48.1,match,1,NA,Matano__1986_TableI,1986,Stephan_etal_1981_TableXIII (1981) = 48.1
Perodicticus potto,Nucleus.vestibularis.medialis,Nucleus_vestibularis_medialis_unilateral_Vol.mm3,7.87,7.87,match,1,NA,Matano__1986_TableI,1986,Stephan_etal_1981_TableXIII (1981) = 7.87
Piliocolobus badius,Nucleus.vestibularis.medialis,Nucleus_vestibularis_medialis_unilateral_Vol.mm3,24.1,24.1,match,1,NA,Matano__1986_TableI,1986,Stephan_etal_1981_TableXIII (1981) = 24.1
Propithecus verreauxi,Nucleus.vestibularis.medialis,Nucleus_vestibularis_medialis_unilateral_Vol.mm3,15.3,15.3,match,1,NA,Matano__1986_TableI,1986,Stephan_etal_1981_TableXIII (1981) = 15.3
Saguinus oedipus,Nucleus.vestibularis.medialis,Nucleus_vestibularis_medialis_unilateral_Vol.mm3,7.25,7.25,match,1,NA,Matano__1986_TableI,1986,Stephan_etal_1981_TableXIII (1981) = 7.25
Saimiri sciureus,Nucleus.vestibularis.medialis,Nucleus_vestibularis_medialis_unilateral_Vol.mm3,11.4,11.4,match,1,NA,Matano__1986_TableI,1986,Stephan_etal_1981_TableXIII (1981) = 11.4
Tarsius sp.,Nucleus.vestibularis.medialis,Nucleus_vestibularis_medialis_unilateral_Vol.mm3,3.36,3.36,match,1,NA,Matano__1986_TableI,1986,Stephan_etal_1981_TableXIII (1981) = 3.36
Ateles geoffroyi,Nucleus.vestibularis.superior,Nucleus_vestibularis_superior_unilateral_Vol.mm3,7.2,7.2,match,1,NA,Matano__1986_TableI,1986,Stephan_etal_1981_TableXIII (1981) = 7.2
Avahi occidentalis,Nucleus.vestibularis.superior,Nucleus_vestibularis_superior_unilateral_Vol.mm3,3.1,3.1,match,1,NA,Matano__1986_TableI,1986,Stephan_etal_1981_TableXIII (1981) = 3.1
Callithrix pygmaea,Nucleus.vestibularis.superior,Nucleus_vestibularis_superior_unilateral_Vol.mm3,2.1,2.1,match,1,NA,Matano__1986_TableI,1986,Stephan_etal_1981_TableXIII (1981) = 2.1
Cebus albifrons,Nucleus.vestibularis.superior,Nucleus_vestibularis_superior_unilateral_Vol.mm3,11.2,11.2,match,1,NA,Matano__1986_TableI,1986,Stephan_etal_1981_TableXIII (1981) = 11.2
Cercopithecus ascanius,Nucleus.vestibularis.superior,Nucleus_vestibularis_superior_unilateral_Vol.mm3,8.21,8.21,match,1,NA,Matano__1986_TableI,1986,Stephan_etal_1981_TableXIII (1981) = 8.21
Cheirogaleus major,Nucleus.vestibularis.superior,Nucleus_vestibularis_superior_unilateral_Vol.mm3,1.86,1.86,match,1,NA,Matano__1986_TableI,1986,Stephan_etal_1981_TableXIII (1981) = 1.86
Eulemur fulvus,Nucleus.vestibularis.superior,Nucleus_vestibularis_superior_unilateral_Vol.mm3,6.22,6.22,match,1,NA,Matano__1986_TableI,1986,Stephan_etal_1981_TableXIII (1981) = 6.22
Galagoides demidoff,Nucleus.vestibularis.superior,Nucleus_vestibularis_superior_unilateral_Vol.mm3,1.02,1.02,match,1,NA,Matano__1986_TableI,1986,Stephan_etal_1981_TableXIII (1981) = 1.02
Gorilla sp.,Nucleus.vestibularis.superior,Nucleus_vestibularis_superior_unilateral_Vol.mm3,34.7,34.7,match,1,NA,Matano__1986_TableI,1986,Stephan_etal_1981_TableXIII (1981) = 34.7
Homo sapiens,Nucleus.vestibularis.superior,Nucleus_vestibularis_superior_unilateral_Vol.mm3,35.8,35.8,match,1,NA,Matano__1986_TableI,1986,Stephan_etal_1981_TableXIII (1981) = 35.8
Hylobates lar,Nucleus.vestibularis.superior,Nucleus_vestibularis_superior_unilateral_Vol.mm3,14.9,14.9,match,1,NA,Matano__1986_TableI,1986,Stephan_etal_1981_TableXIII (1981) = 14.9
Lagothrix lagothricha,Nucleus.vestibularis.superior,Nucleus_vestibularis_superior_unilateral_Vol.mm3,9.07,9.07,match,1,NA,Matano__1986_TableI,1986,Stephan_etal_1981_TableXIII (1981) = 9.07
Lepilemur ruficaudatus,Nucleus.vestibularis.superior,Nucleus_vestibularis_superior_unilateral_Vol.mm3,2.11,2.11,match,1,NA,Matano__1986_TableI,1986,Stephan_etal_1981_TableXIII (1981) = 2.11
Lophocebus albigena,Nucleus.vestibularis.superior,Nucleus_vestibularis_superior_unilateral_Vol.mm3,16.2,16.2,match,1,NA,Matano__1986_TableI,1986,Stephan_etal_1981_TableXIII (1981) = 16.2
Loris tardigradus,Nucleus.vestibularis.superior,Nucleus_vestibularis_superior_unilateral_Vol.mm3,1.61,1.61,match,1,NA,Matano__1986_TableI,1986,Stephan_etal_1981_TableXIII (1981) = 1.61
Nasalis larvatus,Nucleus.vestibularis.superior,Nucleus_vestibularis_superior_unilateral_Vol.mm3,12.6,12.6,match,1,NA,Matano__1986_TableI,1986,Stephan_etal_1981_TableXIII (1981) = 12.6
Otolemur crassicaudatus,Nucleus.vestibularis.superior,Nucleus_vestibularis_superior_unilateral_Vol.mm3,2.85,2.85,match,1,NA,Matano__1986_TableI,1986,Stephan_etal_1981_TableXIII (1981) = 2.85
Pan troglodytes,Nucleus.vestibularis.superior,Nucleus_vestibularis_superior_unilateral_Vol.mm3,23.5,23.5,match,1,NA,Matano__1986_TableI,1986,Stephan_etal_1981_TableXIII (1981) = 23.5
Papio anubis,Nucleus.vestibularis.superior,Nucleus_vestibularis_superior_unilateral_Vol.mm3,14.4,14.4,match,1,NA,Matano__1986_TableI,1986,Stephan_etal_1981_TableXIII (1981) = 14.4
Perodicticus potto,Nucleus.vestibularis.superior,Nucleus_vestibularis_superior_unilateral_Vol.mm3,2.86,2.86,match,1,NA,Matano__1986_TableI,1986,Stephan_etal_1981_TableXIII (1981) = 2.86
Piliocolobus badius,Nucleus.vestibularis.superior,Nucleus_vestibularis_superior_unilateral_Vol.mm3,8.68,8.68,match,1,NA,Matano__1986_TableI,1986,Stephan_etal_1981_TableXIII (1981) = 8.68
Propithecus verreauxi,Nucleus.vestibularis.superior,Nucleus_vestibularis_superior_unilateral_Vol.mm3,8.18,8.18,match,1,NA,Matano__1986_TableI,1986,Stephan_etal_1981_TableXIII (1981) = 8.18
Saguinus oedipus,Nucleus.vestibularis.superior,Nucleus_vestibularis_superior_unilateral_Vol.mm3,2.98,2.98,match,1,NA,Matano__1986_TableI,1986,Stephan_etal_1981_TableXIII (1981) = 2.98
Saimiri sciureus,Nucleus.vestibularis.superior,Nucleus_vestibularis_superior_unilateral_Vol.mm3,4.43,4.43,match,1,NA,Matano__1986_TableI,1986,Stephan_etal_1981_TableXIII (1981) = 4.43
Alouatta seniculus,Palaeocortex,Palaeocortex_Vol.mm3,488,488,match,1,NA,Stephan_etal_1981_TableXI,1981,NA
Aotus trivirgatus,Palaeocortex,Palaeocortex_Vol.mm3,203,203,match,1,NA,Stephan_etal_1981_TableXI,1981,NA
Callithrix jacchus,Palaeocortex,Palaeocortex_Vol.mm3,99.3,99.3,match,1,NA,Stephan_etal_1981_TableXI,1981,NA
Cebus albifrons,Palaeocortex,Palaeocortex_Vol.mm3,567,567,match,1,NA,Stephan_etal_1981_TableXI,1981,NA
Cercopithecus ascanius,Palaeocortex,Palaeocortex_Vol.mm3,450,450,match,1,NA,Stephan_etal_1981_TableXI,1981,NA
Cheirogaleus major,Palaeocortex,Palaeocortex_Vol.mm3,233,233,match,1,NA,Stephan_etal_1981_TableXI,1981,NA
Cheirogaleus medius,Palaeocortex,Palaeocortex_Vol.mm3,135,135,match,1,NA,Stephan_etal_1981_TableXI,1981,NA
Daubentonia madagascariensis,Palaeocortex,Palaeocortex_Vol.mm3,1065,1065,match,1,NA,Stephan_etal_1981_TableXI,1981,NA
Eulemur fulvus,Palaeocortex,Palaeocortex_Vol.mm3,389,389,match,1,NA,Stephan_etal_1981_TableXI,1981,NA
Galagoides demidoff,Palaeocortex,Palaeocortex_Vol.mm3,122,122,match,1,NA,Stephan_etal_1981_TableXI,1981,NA
Homo sapiens,Palaeocortex,Palaeocortex_Vol.mm3,6016,6016,match,1,NA,Stephan_etal_1981_TableXI,1981,NA
Lepilemur ruficaudatus,Palaeocortex,Palaeocortex_Vol.mm3,170,170,match,1,NA,Stephan_etal_1981_TableXI,1981,NA
Microcebus murinus,Palaeocortex,Palaeocortex_Vol.mm3,66.8,66.8,match,1,NA,Stephan_etal_1981_TableXI,1981,NA
Piliocolobus badius,Palaeocortex,Palaeocortex_Vol.mm3,458,458,match,1,NA,Stephan_etal_1981_TableXI,1981,NA
Pongo sp.,Palaeocortex,Palaeocortex_Vol.mm3,2400,2400,match,1,NA,Zilles_Rehkämper_1988_Table12-2,1988,NA
Propithecus verreauxi,Palaeocortex,Palaeocortex_Vol.mm3,292,292,match,1,NA,Stephan_etal_1981_TableXI,1981,NA
Saimiri sciureus,Palaeocortex,Palaeocortex_Vol.mm3,186,186,match,1,NA,Stephan_etal_1981_TableXI,1981,NA
Tarsius sp.,Palaeocortex,Palaeocortex_Vol.mm3,39.1,39.1,match,1,NA,Stephan_etal_1981_TableXI,1981,NA
Ateles geoffroyi,Pallidum,Pallidum_Vol.mm3,807,807,match,1,NA,Stephan_etal_1981_TableVIII,1981,NA
Callithrix pygmaea,Pallidum,Pallidum_Vol.mm3,25.8,25.8,match,1,NA,Stephan_etal_1981_TableVIII,1981,NA
Cebus albifrons,Pallidum,Pallidum_Vol.mm3,567,567,match,1,NA,Stephan_etal_1981_TableVIII,1981,NA
Cercopithecus ascanius,Pallidum,Pallidum_Vol.mm3,405,405,match,1,NA,Stephan_etal_1981_TableVIII,1981,NA
Cheirogaleus major,Pallidum,Pallidum_Vol.mm3,31.6,31.6,match,1,NA,Stephan_etal_1981_TableVIII,1981,NA
Eulemur fulvus,Pallidum,Pallidum_Vol.mm3,212,212,match,1,NA,Stephan_etal_1981_TableVIII,1981,NA
Galagoides demidoff,Pallidum,Pallidum_Vol.mm3,17,17,match,1,NA,Stephan_etal_1981_TableVIII,1981,NA
Gorilla sp.,Pallidum,Pallidum_Vol.mm3,2604,2604,match,1,NA,Stephan_etal_1981_TableVIII,1981,NA
Homo sapiens,Pallidum,Pallidum_Vol.mm3,4711,4711,match,1,NA,Stephan_etal_1981_TableVIII,1981,NA
Hylobates lar,Pallidum,Pallidum_Vol.mm3,715,715,match,1,NA,Stephan_etal_1981_TableVIII,1981,NA
Lagothrix lagothricha,Pallidum,Pallidum_Vol.mm3,845,845,match,1,NA,Stephan_etal_1981_TableVIII,1981,NA
Lepilemur ruficaudatus,Pallidum,Pallidum_Vol.mm3,55.2,55.2,match,1,NA,Stephan_etal_1981_TableVIII,1981,NA
Lophocebus albigena,Pallidum,Pallidum_Vol.mm3,674,674,match,1,NA,Stephan_etal_1981_TableVIII,1981,NA
Loris tardigradus,Pallidum,Pallidum_Vol.mm3,41.4,41.4,match,1,NA,Stephan_etal_1981_TableVIII,1981,NA
Microcebus murinus,Pallidum,Pallidum_Vol.mm3,10.7,10.7,match,1,NA,Stephan_etal_1981_TableVIII,1981,NA
Nasalis larvatus,Pallidum,Pallidum_Vol.mm3,550,550,match,1,NA,Stephan_etal_1981_TableVIII,1981,NA
Otolemur crassicaudatus,Pallidum,Pallidum_Vol.mm3,63.3,63.3,match,1,NA,Stephan_etal_1981_TableVIII,1981,NA
Pan troglodytes,Pallidum,Pallidum_Vol.mm3,1951,1951,match,1,NA,Stephan_etal_1981_TableVIII,1981,NA
Papio anubis,Pallidum,Pallidum_Vol.mm3,1147,1147,match,1,NA,Stephan_etal_1981_TableVIII,1981,NA
Perodicticus potto,Pallidum,Pallidum_Vol.mm3,107,107,match,1,NA,Stephan_etal_1981_TableVIII,1981,NA
Piliocolobus badius,Pallidum,Pallidum_Vol.mm3,521,521,match,1,NA,Stephan_etal_1981_TableVIII,1981,NA
Pongo sp.,Pallidum,Pallidum_Vol.mm3,1800,1800,match,1,NA,Zilles_Rehkämper_1988_Table12-2,1988,NA
Propithecus verreauxi,Pallidum,Pallidum_Vol.mm3,263,263,match,1,NA,Stephan_etal_1981_TableVIII,1981,NA
Saguinus oedipus,Pallidum,Pallidum_Vol.mm3,73.2,73.2,match,1,NA,Stephan_etal_1981_TableVIII,1981,NA
Saimiri sciureus,Pallidum,Pallidum_Vol.mm3,169,169,match,1,NA,Stephan_etal_1981_TableVIII,1981,NA
Tarsius sp.,Pallidum,Pallidum_Vol.mm3,16.1,16.1,match,1,NA,Stephan_etal_1981_TableVIII,1981,NA
Pongo sp.,Pons,Pons_Vol.mm3,4300,4300,match,1,NA,Zilles_Rehkämper_1988_Table12-2,1988,NA
Alouatta seniculus,Schizocortex,Schizo_cortex_Vol.mm3,510,510,match,1,NA,Stephan_etal_1981_TableVI,1981,NA
Aotus trivirgatus,Schizocortex,Schizo_cortex_Vol.mm3,243,243,match,1,NA,Stephan_etal_1981_TableVI,1981,NA
Ateles geoffroyi,Schizocortex,Schizo_cortex_Vol.mm3,732,732,match,1,NA,Stephan_etal_1981_TableVI,1981,NA
Avahi laniger,Schizocortex,Schizo_cortex_Vol.mm3,241,241,match,1,NA,Stephan_etal_1981_TableV,1981,NA
Avahi occidentalis,Schizocortex,Schizo_cortex_Vol.mm3,222,222,match,1,NA,Stephan_etal_1981_TableV,1981,NA
Callicebus moloch,Schizocortex,Schizo_cortex_Vol.mm3,234,234,match,1,NA,Stephan_etal_1981_TableVI,1981,NA
Callimico goeldii,Schizocortex,Schizo_cortex_Vol.mm3,138,138,match,1,NA,Stephan_etal_1981_TableVI,1981,NA
Callithrix jacchus,Schizocortex,Schizo_cortex_Vol.mm3,90,90,match,1,NA,Stephan_etal_1981_TableVI,1981,NA
Callithrix pygmaea,Schizocortex,Schizo_cortex_Vol.mm3,81.8,81.8,match,1,NA,Stephan_etal_1981_TableVI,1981,NA
Cebus albifrons,Schizocortex,Schizo_cortex_Vol.mm3,390,390,match,1,NA,Stephan_etal_1981_TableVI,1981,NA
Cercopithecus ascanius,Schizocortex,Schizo_cortex_Vol.mm3,694,694,match,1,NA,Stephan_etal_1981_TableVI,1981,NA
Cercopithecus mitis,Schizocortex,Schizo_cortex_Vol.mm3,617,617,match,1,NA,Stephan_etal_1981_TableVI,1981,NA
Cheirogaleus major,Schizocortex,Schizo_cortex_Vol.mm3,149,149,match,1,NA,Stephan_etal_1981_TableV,1981,NA
Cheirogaleus medius,Schizocortex,Schizo_cortex_Vol.mm3,65.3,65.3,match,1,NA,Stephan_etal_1981_TableV,1981,NA
Daubentonia madagascariensis,Schizocortex,Schizo_cortex_Vol.mm3,1044,1044,match,1,NA,Stephan_etal_1981_TableV,1981,NA
Erythrocebus patas,Schizocortex,Schizo_cortex_Vol.mm3,693,693,match,1,NA,Stephan_etal_1981_TableVI,1981,NA
Eulemur fulvus,Schizocortex,Schizo_cortex_Vol.mm3,422,422,match,1,NA,Stephan_etal_1981_TableV,1981,NA
Galago senegalensis,Schizocortex,Schizo_cortex_Vol.mm3,107,107,match,1,NA,Stephan_etal_1981_TableV,1981,NA
Galagoides demidoff,Schizocortex,Schizo_cortex_Vol.mm3,59.9,59.9,match,1,NA,Stephan_etal_1981_TableV,1981,NA
Gorilla sp.,Schizocortex,Schizo_cortex_Vol.mm3,2729,2729,match,1,NA,Stephan_etal_1981_TableVI,1981,NA
Homo sapiens,Schizocortex,Schizo_cortex_Vol.mm3,6142,6142,match,1,NA,Stephan_etal_1981_TableVI,1981,NA
Hylobates lar,Schizocortex,Schizo_cortex_Vol.mm3,1136,1136,match,1,NA,Stephan_etal_1981_TableVI,1981,NA
Indri indri,Schizocortex,Schizo_cortex_Vol.mm3,848,848,match,1,NA,Stephan_etal_1981_TableV,1981,NA
Lagothrix lagothricha,Schizocortex,Schizo_cortex_Vol.mm3,680,680,match,1,NA,Stephan_etal_1981_TableVI,1981,NA
Lepilemur ruficaudatus,Schizocortex,Schizo_cortex_Vol.mm3,194,194,match,1,NA,Stephan_etal_1981_TableV,1981,NA
Lophocebus albigena,Schizocortex,Schizo_cortex_Vol.mm3,630,630,match,1,NA,Stephan_etal_1981_TableVI,1981,NA
Loris tardigradus,Schizocortex,Schizo_cortex_Vol.mm3,99.7,99.7,match,1,NA,Stephan_etal_1981_TableV,1981,NA
Macaca mulatta,Schizocortex,Schizo_cortex_Vol.mm3,639,639,match,1,NA,Stephan_etal_1981_TableVI,1981,NA
Microcebus murinus,Schizocortex,Schizo_cortex_Vol.mm3,40.1,40.1,match,1,NA,Stephan_etal_1981_TableV,1981,NA
Miopithecus talapoin,Schizocortex,Schizo_cortex_Vol.mm3,259,259,match,1,NA,Stephan_etal_1981_TableVI,1981,NA
Nasalis larvatus,Schizocortex,Schizo_cortex_Vol.mm3,855,855,match,1,NA,Stephan_etal_1981_TableVI,1981,NA
Nycticebus coucang,Schizocortex,Schizo_cortex_Vol.mm3,212,212,match,1,NA,Stephan_etal_1981_TableV,1981,NA
Otolemur crassicaudatus,Schizocortex,Schizo_cortex_Vol.mm3,181,181,match,1,NA,Stephan_etal_1981_TableV,1981,NA
Pan troglodytes,Schizocortex,Schizo_cortex_Vol.mm3,2018,2018,match,1,NA,Stephan_etal_1981_TableVI,1981,NA
Papio anubis,Schizocortex,Schizo_cortex_Vol.mm3,1309,1309,match,1,NA,Stephan_etal_1981_TableVI,1981,NA
Perodicticus potto,Schizocortex,Schizo_cortex_Vol.mm3,328,328,match,1,NA,Stephan_etal_1981_TableV,1981,NA
Piliocolobus badius,Schizocortex,Schizo_cortex_Vol.mm3,814,814,match,1,NA,Stephan_etal_1981_TableVI,1981,NA
Pithecia monachus,Schizocortex,Schizo_cortex_Vol.mm3,289,289,match,1,NA,Stephan_etal_1981_TableVI,1981,NA
Propithecus verreauxi,Schizocortex,Schizo_cortex_Vol.mm3,443,443,match,1,NA,Stephan_etal_1981_TableV,1981,NA
Pygathrix nemaeus,Schizocortex,Schizo_cortex_Vol.mm3,723,723,match,1,NA,Stephan_etal_1981_TableVI,1981,NA
Saguinus midas,Schizocortex,Schizo_cortex_Vol.mm3,120,120,match,1,NA,Stephan_etal_1981_TableVI,1981,NA
Saguinus oedipus,Schizocortex,Schizo_cortex_Vol.mm3,107,107,match,1,NA,Stephan_etal_1981_TableVI,1981,NA
Saimiri sciureus,Schizocortex,Schizo_cortex_Vol.mm3,168,168,match,1,NA,Stephan_etal_1981_TableVI,1981,NA
Tarsius sp.,Schizocortex,Schizo_cortex_Vol.mm3,69,69,match,1,NA,Stephan_etal_1981_TableV,1981,NA
Varecia variegata,Schizocortex,Schizo_cortex_Vol.mm3,608,608,match,1,NA,Stephan_etal_1981_TableV,1981,NA
Alouatta seniculus,Septum,Septum_Vol.mm3,200,200,match,1,NA,Stephan_etal_1981_TableVI,1981,NA
Aotus trivirgatus,Septum,Septum_Vol.mm3,83.8,83.8,match,1,NA,Stephan_etal_1981_TableVI,1981,NA
Ateles geoffroyi,Septum,Septum_Vol.mm3,324,324,match,1,NA,Stephan_etal_1981_TableVI,1981,NA
Avahi laniger,Septum,Septum_Vol.mm3,69.7,69.7,match,1,NA,Stephan_etal_1981_TableV,1981,NA
Avahi occidentalis,Septum,Septum_Vol.mm3,69.3,69.3,match,1,NA,Stephan_etal_1981_TableV,1981,NA
Callicebus moloch,Septum,Septum_Vol.mm3,86.4,86.4,match,1,NA,Stephan_etal_1981_TableVI,1981,NA
Callimico goeldii,Septum,Septum_Vol.mm3,63.5,63.5,match,1,NA,Stephan_etal_1981_TableVI,1981,NA
Callithrix jacchus,Septum,Septum_Vol.mm3,49.8,49.8,match,1,NA,Stephan_etal_1981_TableVI,1981,NA
Callithrix pygmaea,Septum,Septum_Vol.mm3,29.2,29.2,match,1,NA,Stephan_etal_1981_TableVI,1981,NA
Cebus albifrons,Septum,Septum_Vol.mm3,174,174,match,1,NA,Stephan_etal_1981_TableVI,1981,NA
Cercopithecus ascanius,Septum,Septum_Vol.mm3,251,251,match,1,NA,Stephan_etal_1981_TableVI,1981,NA
Cercopithecus mitis,Septum,Septum_Vol.mm3,246,246,match,1,NA,Stephan_etal_1981_TableVI,1981,NA
Cheirogaleus major,Septum,Septum_Vol.mm3,58.9,58.9,match,1,NA,Stephan_etal_1981_TableV,1981,NA
Cheirogaleus medius,Septum,Septum_Vol.mm3,32.5,32.5,match,1,NA,Stephan_etal_1981_TableV,1981,NA
Daubentonia madagascariensis,Septum,Septum_Vol.mm3,254,254,match,1,NA,Stephan_etal_1981_TableV,1981,NA
Erythrocebus patas,Septum,Septum_Vol.mm3,330,330,match,1,NA,Stephan_etal_1981_TableVI,1981,NA
Eulemur fulvus,Septum,Septum_Vol.mm3,119,119,match,1,NA,Stephan_etal_1981_TableV,1981,NA
Galago senegalensis,Septum,Septum_Vol.mm3,35.7,35.7,match,1,NA,Stephan_etal_1981_TableV,1981,NA
Galagoides demidoff,Septum,Septum_Vol.mm3,25.7,25.7,match,1,NA,Stephan_etal_1981_TableV,1981,NA
Gorilla sp.,Septum,Septum_Vol.mm3,1173,1173,match,1,NA,Stephan_etal_1981_TableVI,1981,NA
Homo sapiens,Septum,Septum_Vol.mm3,2610,2610,match,1,NA,Stephan_etal_1981_TableVI,1981,NA
Hylobates lar,Septum,Septum_Vol.mm3,302,302,match,1,NA,Stephan_etal_1981_TableVI,1981,NA
Indri indri,Septum,Septum_Vol.mm3,205,205,match,1,NA,Stephan_etal_1981_TableV,1981,NA
Lagothrix lagothricha,Septum,Septum_Vol.mm3,266,266,match,1,NA,Stephan_etal_1981_TableVI,1981,NA
Lepilemur ruficaudatus,Septum,Septum_Vol.mm3,56.7,56.7,match,1,NA,Stephan_etal_1981_TableV,1981,NA
Lophocebus albigena,Septum,Septum_Vol.mm3,294,294,match,1,NA,Stephan_etal_1981_TableVI,1981,NA
Loris tardigradus,Septum,Septum_Vol.mm3,41.1,41.1,match,1,NA,Stephan_etal_1981_TableV,1981,NA
Macaca mulatta,Septum,Septum_Vol.mm3,271,271,match,1,NA,Stephan_etal_1981_TableVI,1981,NA
Microcebus murinus,Septum,Septum_Vol.mm3,15.3,15.3,match,1,NA,Stephan_etal_1981_TableV,1981,NA
Miopithecus talapoin,Septum,Septum_Vol.mm3,133,133,match,1,NA,Stephan_etal_1981_TableVI,1981,NA
Nasalis larvatus,Septum,Septum_Vol.mm3,333,333,match,1,NA,Stephan_etal_1981_TableVI,1981,NA
Nycticebus coucang,Septum,Septum_Vol.mm3,92,92,match,1,NA,Stephan_etal_1981_TableV,1981,NA
Otolemur crassicaudatus,Septum,Septum_Vol.mm3,70,70,match,1,NA,Stephan_etal_1981_TableV,1981,NA
Pan troglodytes,Septum,Septum_Vol.mm3,851,851,match,1,NA,Stephan_etal_1981_TableVI,1981,NA
Papio anubis,Septum,Septum_Vol.mm3,559,559,match,1,NA,Stephan_etal_1981_TableVI,1981,NA
Perodicticus potto,Septum,Septum_Vol.mm3,114,114,match,1,NA,Stephan_etal_1981_TableV,1981,NA
Piliocolobus badius,Septum,Septum_Vol.mm3,288,288,match,1,NA,Stephan_etal_1981_TableVI,1981,NA
Pithecia monachus,Septum,Septum_Vol.mm3,140,140,match,1,NA,Stephan_etal_1981_TableVI,1981,NA
Pongo sp.,Septum,Septum_Vol.mm3,600,600,match,1,NA,Zilles_Rehkämper_1988_Table12-2,1988,NA
Propithecus verreauxi,Septum,Septum_Vol.mm3,159,159,match,1,NA,Stephan_etal_1981_TableV,1981,NA
Pygathrix nemaeus,Septum,Septum_Vol.mm3,290,290,match,1,NA,Stephan_etal_1981_TableVI,1981,NA
Saguinus midas,Septum,Septum_Vol.mm3,40.9,40.9,match,1,NA,Stephan_etal_1981_TableVI,1981,NA
Saguinus oedipus,Septum,Septum_Vol.mm3,60.5,60.5,match,1,NA,Stephan_etal_1981_TableVI,1981,NA
Saimiri sciureus,Septum,Septum_Vol.mm3,90.6,90.6,match,1,NA,Stephan_etal_1981_TableVI,1981,NA
Tarsius sp.,Septum,Septum_Vol.mm3,23.3,23.3,match,1,NA,Stephan_etal_1981_TableV,1981,NA
Varecia variegata,Septum,Septum_Vol.mm3,206,206,match,1,NA,Stephan_etal_1981_TableV,1981,NA
Alouatta seniculus,Striatum,Striatum_Vol.mm3,2829,2829,match,1,NA,Stephan_etal_1981_TableVI,1981,NA
Aotus trivirgatus,Striatum,Striatum_Vol.mm3,862,862,match,1,NA,Stephan_etal_1981_TableVI,1981,NA
Ateles geoffroyi,Striatum,Striatum_Vol.mm3,4950,4950,match,1,NA,Stephan_etal_1981_TableVI,1981,NA
Avahi laniger,Striatum,Striatum_Vol.mm3,524,524,match,1,NA,Stephan_etal_1981_TableV,1981,NA
Avahi occidentalis,Striatum,Striatum_Vol.mm3,478,478,match,1,NA,Stephan_etal_1981_TableV,1981,NA
Callicebus moloch,Striatum,Striatum_Vol.mm3,920,920,match,1,NA,Stephan_etal_1981_TableVI,1981,NA
Callimico goeldii,Striatum,Striatum_Vol.mm3,493,493,match,1,NA,Stephan_etal_1981_TableVI,1981,NA
Callithrix jacchus,Striatum,Striatum_Vol.mm3,372,372,match,1,NA,Stephan_etal_1981_TableVI,1981,NA
Callithrix pygmaea,Striatum,Striatum_Vol.mm3,174,174,match,1,NA,Stephan_etal_1981_TableVI,1981,NA
Cebus albifrons,Striatum,Striatum_Vol.mm3,3258,3258,match,1,NA,Stephan_etal_1981_TableVI,1981,NA
Cercopithecus ascanius,Striatum,Striatum_Vol.mm3,2827,2827,match,1,NA,Stephan_etal_1981_TableVI,1981,NA
Cercopithecus mitis,Striatum,Striatum_Vol.mm3,2733,2733,match,1,NA,Stephan_etal_1981_TableVI,1981,NA
Cheirogaleus major,Striatum,Striatum_Vol.mm3,327,327,match,1,NA,Stephan_etal_1981_TableV,1981,NA
Cheirogaleus medius,Striatum,Striatum_Vol.mm3,145,145,match,1,NA,Stephan_etal_1981_TableV,1981,NA
Daubentonia madagascariensis,Striatum,Striatum_Vol.mm3,2765,2765,match,1,NA,Stephan_etal_1981_TableV,1981,NA
Erythrocebus patas,Striatum,Striatum_Vol.mm3,3624,3624,match,1,NA,Stephan_etal_1981_TableVI,1981,NA
Eulemur fulvus,Striatum,Striatum_Vol.mm3,1215,1215,match,1,NA,Stephan_etal_1981_TableV,1981,NA
Galago senegalensis,Striatum,Striatum_Vol.mm3,210,210,match,1,NA,Stephan_etal_1981_TableV,1981,NA
Galagoides demidoff,Striatum,Striatum_Vol.mm3,169,169,match,1,NA,Stephan_etal_1981_TableV,1981,NA
Gorilla sp.,Striatum,Striatum_Vol.mm3,14567,14567,match,1,NA,Stephan_etal_1981_TableVI,1981,NA
Homo sapiens,Striatum,Striatum_Vol.mm3,28689,28689,match,1,NA,Stephan_etal_1981_TableVI,1981,NA
Hylobates lar,Striatum,Striatum_Vol.mm3,4784,4784,match,1,NA,Stephan_etal_1981_TableVI,1981,NA
Indri indri,Striatum,Striatum_Vol.mm3,1855,1855,match,1,NA,Stephan_etal_1981_TableV,1981,NA
Lagothrix lagothricha,Striatum,Striatum_Vol.mm3,4947,4947,match,1,NA,Stephan_etal_1981_TableVI,1981,NA
Lepilemur ruficaudatus,Striatum,Striatum_Vol.mm3,366,366,match,1,NA,Stephan_etal_1981_TableV,1981,NA
Lophocebus albigena,Striatum,Striatum_Vol.mm3,4146,4146,match,1,NA,Stephan_etal_1981_TableVI,1981,NA
Loris tardigradus,Striatum,Striatum_Vol.mm3,351,351,match,1,NA,Stephan_etal_1981_TableV,1981,NA
Macaca mulatta,Striatum,Striatum_Vol.mm3,4032,4032,match,1,NA,Stephan_etal_1981_TableVI,1981,NA
Microcebus murinus,Striatum,Striatum_Vol.mm3,85.7,85.7,match,1,NA,Stephan_etal_1981_TableV,1981,NA
Miopithecus talapoin,Striatum,Striatum_Vol.mm3,1908,1908,match,1,NA,Stephan_etal_1981_TableVI,1981,NA
Nasalis larvatus,Striatum,Striatum_Vol.mm3,3735,3735,match,1,NA,Stephan_etal_1981_TableVI,1981,NA
Nycticebus coucang,Striatum,Striatum_Vol.mm3,760,760,match,1,NA,Stephan_etal_1981_TableV,1981,NA
Otolemur crassicaudatus,Striatum,Striatum_Vol.mm3,556,556,match,1,NA,Stephan_etal_1981_TableV,1981,NA
Pan troglodytes,Striatum,Striatum_Vol.mm3,12246,12246,match,1,NA,Stephan_etal_1981_TableVI,1981,NA
Papio anubis,Striatum,Striatum_Vol.mm3,7182,7182,match,1,NA,Stephan_etal_1981_TableVI,1981,NA
Perodicticus potto,Striatum,Striatum_Vol.mm3,712,712,match,1,NA,Stephan_etal_1981_TableV,1981,NA
Piliocolobus badius,Striatum,Striatum_Vol.mm3,3217,3217,match,1,NA,Stephan_etal_1981_TableVI,1981,NA
Pithecia monachus,Striatum,Striatum_Vol.mm3,1918,1918,match,1,NA,Stephan_etal_1981_TableVI,1981,NA
Pongo sp.,Striatum,Striatum_Vol.mm3,11500,11500,match,1,NA,Zilles_Rehkämper_1988_Table12-2,1988,NA
Propithecus verreauxi,Striatum,Striatum_Vol.mm3,1411,1411,match,1,NA,Stephan_etal_1981_TableV,1981,NA
Pygathrix nemaeus,Striatum,Striatum_Vol.mm3,3166,3166,match,1,NA,Stephan_etal_1981_TableVI,1981,NA
Saguinus midas,Striatum,Striatum_Vol.mm3,471,471,match,1,NA,Stephan_etal_1981_TableVI,1981,NA
Saguinus oedipus,Striatum,Striatum_Vol.mm3,453,453,match,1,NA,Stephan_etal_1981_TableVI,1981,NA
Saimiri sciureus,Striatum,Striatum_Vol.mm3,1042,1042,match,1,NA,Stephan_etal_1981_TableVI,1981,NA
Tarsius sp.,Striatum,Striatum_Vol.mm3,133,133,match,1,NA,Stephan_etal_1981_TableV,1981,NA
Varecia variegata,Striatum,Striatum_Vol.mm3,1591,1591,match,1,NA,Stephan_etal_1981_TableV,1981,NA
Ateles geoffroyi,Subthalamus,Subthalamus_Vol.mm3,860,860,match,1,NA,Stephan_etal_1981_TableVIII,1981,NA
Callithrix pygmaea,Subthalamus,Subthalamus_Vol.mm3,27.7,27.7,match,1,NA,Stephan_etal_1981_TableVIII,1981,NA
Cebus albifrons,Subthalamus,Subthalamus_Vol.mm3,609,609,match,1,NA,Stephan_etal_1981_TableVIII,1981,NA
Cercopithecus ascanius,Subthalamus,Subthalamus_Vol.mm3,431,431,match,1,NA,Stephan_etal_1981_TableVIII,1981,NA
Cheirogaleus major,Subthalamus,Subthalamus_Vol.mm3,33.8,33.8,match,1,NA,Stephan_etal_1981_TableVIII,1981,NA
Eulemur fulvus,Subthalamus,Subthalamus_Vol.mm3,225,225,match,1,NA,Stephan_etal_1981_TableVIII,1981,NA
Galagoides demidoff,Subthalamus,Subthalamus_Vol.mm3,18.3,18.3,match,1,NA,Stephan_etal_1981_TableVIII,1981,NA
Gorilla sp.,Subthalamus,Subthalamus_Vol.mm3,2782,2782,match,1,NA,Stephan_etal_1981_TableVIII,1981,NA
Homo sapiens,Subthalamus,Subthalamus_Vol.mm3,5180,5180,match,1,NA,Stephan_etal_1981_TableVIII,1981,NA
Hylobates lar,Subthalamus,Subthalamus_Vol.mm3,777,777,match,1,NA,Stephan_etal_1981_TableVIII,1981,NA
Lagothrix lagothricha,Subthalamus,Subthalamus_Vol.mm3,909,909,match,1,NA,Stephan_etal_1981_TableVIII,1981,NA
Lepilemur ruficaudatus,Subthalamus,Subthalamus_Vol.mm3,58.1,58.1,match,1,NA,Stephan_etal_1981_TableVIII,1981,NA
Lophocebus albigena,Subthalamus,Subthalamus_Vol.mm3,726,726,match,1,NA,Stephan_etal_1981_TableVIII,1981,NA
Loris tardigradus,Subthalamus,Subthalamus_Vol.mm3,45.2,45.2,match,1,NA,Stephan_etal_1981_TableVIII,1981,NA
Microcebus murinus,Subthalamus,Subthalamus_Vol.mm3,11.4,11.4,match,1,NA,Stephan_etal_1981_TableVIII,1981,NA
Nasalis larvatus,Subthalamus,Subthalamus_Vol.mm3,587,587,match,1,NA,Stephan_etal_1981_TableVIII,1981,NA
Otolemur crassicaudatus,Subthalamus,Subthalamus_Vol.mm3,67.4,67.4,match,1,NA,Stephan_etal_1981_TableVIII,1981,NA
Pan troglodytes,Subthalamus,Subthalamus_Vol.mm3,2078,2078,match,1,NA,Stephan_etal_1981_TableVIII,1981,NA
Papio anubis,Subthalamus,Subthalamus_Vol.mm3,1241,1241,match,1,NA,Stephan_etal_1981_TableVIII,1981,NA
Perodicticus potto,Subthalamus,Subthalamus_Vol.mm3,116,116,match,1,NA,Stephan_etal_1981_TableVIII,1981,NA
Piliocolobus badius,Subthalamus,Subthalamus_Vol.mm3,553,553,match,1,NA,Stephan_etal_1981_TableVIII,1981,NA
Propithecus verreauxi,Subthalamus,Subthalamus_Vol.mm3,283,283,match,1,NA,Stephan_etal_1981_TableVIII,1981,NA
Saguinus oedipus,Subthalamus,Subthalamus_Vol.mm3,77.6,77.6,match,1,NA,Stephan_etal_1981_TableVIII,1981,NA
Saimiri sciureus,Subthalamus,Subthalamus_Vol.mm3,180,180,match,1,NA,Stephan_etal_1981_TableVIII,1981,NA
Tarsius sp.,Subthalamus,Subthalamus_Vol.mm3,17.1,17.1,match,1,NA,Stephan_etal_1981_TableVIII,1981,NA
Aotus trivirgatus,Telencephalon,Telencephalon_Vol.mm3,12128,12128,match,1,NA,Stephan_etal_1981_TableIII,1981,NA
Ateles geoffroyi,Telencephalon,Telencephalon_Vol.mm3,79946,79946,match,1,NA,Stephan_etal_1981_TableIII,1981,NA
Avahi laniger,Telencephalon,Telencephalon_Vol.mm3,6550,6550,match,1,NA,Stephan_etal_1981_TableII,1981,NA
Avahi occidentalis,Telencephalon,Telencephalon_Vol.mm3,6026,6026,match,1,NA,Stephan_etal_1981_TableII,1981,NA
Callicebus moloch,Telencephalon,Telencephalon_Vol.mm3,13465,13465,match,1,NA,Stephan_etal_1981_TableIII,1981,NA
Callimico goeldii,Telencephalon,Telencephalon_Vol.mm3,7733,7733,match,1,NA,Stephan_etal_1981_TableIII,1981,NA
Callithrix jacchus,Telencephalon,Telencephalon_Vol.mm3,5318,5318,match,1,NA,Stephan_etal_1981_TableIII,1981,NA
Callithrix pygmaea,Telencephalon,Telencephalon_Vol.mm3,3099,3099,match,1,NA,Stephan_etal_1981_TableIII,1981,NA
Cebus albifrons,Telencephalon,Telencephalon_Vol.mm3,52113,52113,match,1,NA,Stephan_etal_1981_TableIII,1981,NA
Cercopithecus ascanius,Telencephalon,Telencephalon_Vol.mm3,51279,51279,match,1,NA,Stephan_etal_1981_TableIII,1981,NA
Cercopithecus mitis,Telencephalon,Telencephalon_Vol.mm3,56277,56277,match,1,NA,Stephan_etal_1981_TableIII,1981,NA
Cheirogaleus major,Telencephalon,Telencephalon_Vol.mm3,4314,4314,match,1,NA,Stephan_etal_1981_TableII,1981,NA
Cheirogaleus medius,Telencephalon,Telencephalon_Vol.mm3,1941,1941,match,1,NA,Stephan_etal_1981_TableII,1981,NA
Daubentonia madagascariensis,Telencephalon,Telencephalon_Vol.mm3,30196,30196,match,1,NA,Stephan_etal_1981_TableII,1981,NA
Erythrocebus patas,Telencephalon,Telencephalon_Vol.mm3,84770,84770,match,1,NA,Stephan_etal_1981_TableIII,1981,NA
Eulemur fulvus,Telencephalon,Telencephalon_Vol.mm3,15566,15566,match,1,NA,Stephan_etal_1981_TableII,1981,NA
Galago senegalensis,Telencephalon,Telencephalon_Vol.mm3,2997,2997,match,1,NA,Stephan_etal_1981_TableII,1981,NA
Galagoides demidoff,Telencephalon,Telencephalon_Vol.mm3,2240,2240,match,1,NA,Stephan_etal_1981_TableII,1981,NA
Gorilla sp.,Telencephalon,Telencephalon_Vol.mm3,369878,369878,match,1,NA,Stephan_etal_1981_TableIII,1981,NA
Homo sapiens,Telencephalon,Telencephalon_Vol.mm3,1063399,1063399,match,1,NA,Stephan_etal_1981_TableIII,1981,NA
Hylobates lar,Telencephalon,Telencephalon_Vol.mm3,76001,76001,match,1,NA,Stephan_etal_1981_TableIII,1981,NA
Indri indri,Telencephalon,Telencephalon_Vol.mm3,25551,25551,match,1,NA,Stephan_etal_1981_TableII,1981,NA
Lagothrix lagothricha,Telencephalon,Telencephalon_Vol.mm3,74822,74822,match,1,NA,Stephan_etal_1981_TableIII,1981,NA
Lepilemur ruficaudatus,Telencephalon,Telencephalon_Vol.mm3,4708,4708,match,1,NA,Stephan_etal_1981_TableII,1981,NA
Lophocebus albigena,Telencephalon,Telencephalon_Vol.mm3,77049,77049,match,1,NA,Stephan_etal_1981_TableIII,1981,NA
Loris tardigradus,Telencephalon,Telencephalon_Vol.mm3,4551,4551,match,1,NA,Stephan_etal_1981_TableII,1981,NA
Macaca mulatta,Telencephalon,Telencephalon_Vol.mm3,71080,71080,match,1,NA,Stephan_etal_1981_TableIII,1981,NA
Microcebus murinus,Telencephalon,Telencephalon_Vol.mm3,1129,1129,match,1,NA,Stephan_etal_1981_TableII,1981,NA
Miopithecus talapoin,Telencephalon,Telencephalon_Vol.mm3,30166,30166,match,1,NA,Stephan_etal_1981_TableIII,1981,NA
Nasalis larvatus,Telencephalon,Telencephalon_Vol.mm3,70873,70873,match,1,NA,Stephan_etal_1981_TableIII,1981,NA
Nycticebus coucang,Telencephalon,Telencephalon_Vol.mm3,8495,8495,match,1,NA,Stephan_etal_1981_TableII,1981,NA
Otolemur crassicaudatus,Telencephalon,Telencephalon_Vol.mm3,6545,6545,match,1,NA,Stephan_etal_1981_TableII,1981,NA
Pan troglodytes,Telencephalon,Telencephalon_Vol.mm3,313493,313493,match,1,NA,Stephan_etal_1981_TableIII,1981,NA
Papio anubis,Telencephalon,Telencephalon_Vol.mm3,154987,154987,match,1,NA,Stephan_etal_1981_TableIII,1981,NA
Perodicticus potto,Telencephalon,Telencephalon_Vol.mm3,9418,9418,match,1,NA,Stephan_etal_1981_TableII,1981,NA
Piliocolobus badius,Telencephalon,Telencephalon_Vol.mm3,57885,57885,match,1,NA,Stephan_etal_1981_TableIII,1981,NA
Pithecia monachus,Telencephalon,Telencephalon_Vol.mm3,24920,24920,match,1,NA,Stephan_etal_1981_TableIII,1981,NA
Pongo sp.,Telencephalon,Telencephalon_Vol.mm3,238300,238300,match,1,NA,Zilles_Rehkämper_1988_Table12-2,1988,NA
Propithecus verreauxi,Telencephalon,Telencephalon_Vol.mm3,17040,17040,match,1,NA,Stephan_etal_1981_TableII,1981,NA
Pygathrix nemaeus,Telencephalon,Telencephalon_Vol.mm3,56189,56189,match,1,NA,Stephan_etal_1981_TableIII,1981,NA
Saguinus midas,Telencephalon,Telencephalon_Vol.mm3,7055,7055,match,1,NA,Stephan_etal_1981_TableIII,1981,NA
Saguinus oedipus,Telencephalon,Telencephalon_Vol.mm3,7052,7052,match,1,NA,Stephan_etal_1981_TableIII,1981,NA
Saimiri sciureus,Telencephalon,Telencephalon_Vol.mm3,17635,17635,match,1,NA,Stephan_etal_1981_TableIII,1981,NA
Tarsius sp.,Telencephalon,Telencephalon_Vol.mm3,2258,2258,match,1,NA,Stephan_etal_1981_TableII,1981,NA
Varecia variegata,Telencephalon,Telencephalon_Vol.mm3,20461,20461,match,1,NA,Stephan_etal_1981_TableII,1981,NA
Ateles geoffroyi,Thalamus,Thalamus_Vol.mm3,2930,2930,match,1,NA,Stephan_etal_1981_TableVIII,1981,NA
Callithrix pygmaea,Thalamus,Thalamus_Vol.mm3,190,190,match,1,NA,Stephan_etal_1981_TableVIII,1981,NA
Cebus albifrons,Thalamus,Thalamus_Vol.mm3,2163,2163,match,1,NA,Stephan_etal_1981_TableVIII,1981,NA
Cercopithecus ascanius,Thalamus,Thalamus_Vol.mm3,1916,1916,match,1,NA,Stephan_etal_1981_TableVIII,1981,NA
Cheirogaleus major,Thalamus,Thalamus_Vol.mm3,271,271,match,1,NA,Stephan_etal_1981_TableVIII,1981,NA
Eulemur fulvus,Thalamus,Thalamus_Vol.mm3,1028,1028,match,1,NA,Stephan_etal_1981_TableVIII,1981,NA
Galagoides demidoff,Thalamus,Thalamus_Vol.mm3,153,153,match,1,NA,Stephan_etal_1981_TableVIII,1981,NA
Gorilla sp.,Thalamus,Thalamus_Vol.mm3,10547,10547,match,1,NA,Stephan_etal_1981_TableVIII,1981,NA
Homo sapiens,Thalamus,Thalamus_Vol.mm3,18222,18222,match,1,NA,Stephan_etal_1981_TableVIII,1981,NA
Hylobates lar,Thalamus,Thalamus_Vol.mm3,3226,3226,match,1,NA,Stephan_etal_1981_TableVIII,1981,NA
Lagothrix lagothricha,Thalamus,Thalamus_Vol.mm3,2959,2959,match,1,NA,Stephan_etal_1981_TableVIII,1981,NA
Lepilemur ruficaudatus,Thalamus,Thalamus_Vol.mm3,337,337,match,1,NA,Stephan_etal_1981_TableVIII,1981,NA
Lophocebus albigena,Thalamus,Thalamus_Vol.mm3,2933,2933,match,1,NA,Stephan_etal_1981_TableVIII,1981,NA
Loris tardigradus,Thalamus,Thalamus_Vol.mm3,348,348,match,1,NA,Stephan_etal_1981_TableVIII,1981,NA
Microcebus murinus,Thalamus,Thalamus_Vol.mm3,78.3,78.3,match,1,NA,Stephan_etal_1981_TableVIII,1981,NA
Nasalis larvatus,Thalamus,Thalamus_Vol.mm3,3036,3036,match,1,NA,Stephan_etal_1981_TableVIII,1981,NA
Otolemur crassicaudatus,Thalamus,Thalamus_Vol.mm3,437,437,match,1,NA,Stephan_etal_1981_TableVIII,1981,NA
Pan troglodytes,Thalamus,Thalamus_Vol.mm3,7987,7987,match,1,NA,Stephan_etal_1981_TableVIII,1981,NA
Papio anubis,Thalamus,Thalamus_Vol.mm3,4788,4788,match,1,NA,Stephan_etal_1981_TableVIII,1981,NA
Perodicticus potto,Thalamus,Thalamus_Vol.mm3,587,587,match,1,NA,Stephan_etal_1981_TableVIII,1981,NA
Piliocolobus badius,Thalamus,Thalamus_Vol.mm3,2164,2164,match,1,NA,Stephan_etal_1981_TableVIII,1981,NA
Propithecus verreauxi,Thalamus,Thalamus_Vol.mm3,1341,1341,match,1,NA,Stephan_etal_1981_TableVIII,1981,NA
Saguinus oedipus,Thalamus,Thalamus_Vol.mm3,410,410,match,1,NA,Stephan_etal_1981_TableVIII,1981,NA
Saimiri sciureus,Thalamus,Thalamus_Vol.mm3,731,731,match,1,NA,Stephan_etal_1981_TableVIII,1981,NA
Tarsius sp.,Thalamus,Thalamus_Vol.mm3,175,175,match,1,NA,Stephan_etal_1981_TableVIII,1981,NA
Alouatta seniculus,Total_brain_net_volume,Total_brain_net_volume_Vol.mm3,49009,49009,match,1,NA,Stephan_etal_1981_TableIII,1981,NA
Aotus trivirgatus,Total_brain_net_volume,Total_brain_net_volume_Vol.mm3,16195,16195,match,1,NA,Stephan_etal_1981_TableIII,1981,NA
Avahi laniger,Total_brain_net_volume,Total_brain_net_volume_Vol.mm3,9798,9798,match,1,NA,Stephan_etal_1981_TableII,1981,NA
Callicebus moloch,Total_brain_net_volume,Total_brain_net_volume_Vol.mm3,17944,17944,match,1,NA,Stephan_etal_1981_TableIII,1981,NA
Callimico goeldii,Total_brain_net_volume,Total_brain_net_volume_Vol.mm3,10510,10510,match,1,NA,Stephan_etal_1981_TableIII,1981,NA
Callithrix jacchus,Total_brain_net_volume,Total_brain_net_volume_Vol.mm3,7241,7241,match,1,NA,Stephan_etal_1981_TableIII,1981,NA
Callithrix pygmaea,Total_brain_net_volume,Total_brain_net_volume_Vol.mm3,4302,4302,match,1,NA,Stephan_etal_1981_TableIII,1981,NA
Cercopithecus ascanius,Total_brain_net_volume,Total_brain_net_volume_Vol.mm3,63505,63505,match,1,NA,Stephan_etal_1981_TableIII,1981,NA
Cheirogaleus major,Total_brain_net_volume,Total_brain_net_volume_Vol.mm3,6373,6373,match,1,NA,Stephan_etal_1981_TableII,1981,NA
Cheirogaleus medius,Total_brain_net_volume,Total_brain_net_volume_Vol.mm3,2961,2961,match,1,NA,Stephan_etal_1981_TableII,1981,NA
Daubentonia madagascariensis,Total_brain_net_volume,Total_brain_net_volume_Vol.mm3,42611,42611,match,1,NA,Stephan_etal_1981_TableII,1981,NA
Erythrocebus patas,Total_brain_net_volume,Total_brain_net_volume_Vol.mm3,103167,103167,match,1,NA,Stephan_etal_1981_TableIII,1981,NA
Eulemur fulvus,Total_brain_net_volume,Total_brain_net_volume_Vol.mm3,22106,22106,match,1,NA,Stephan_etal_1981_TableII,1981,NA
Galago senegalensis,Total_brain_net_volume,Total_brain_net_volume_Vol.mm3,4512,4512,match,1,NA,Stephan_etal_1981_TableII,1981,NA
Lagothrix lagothricha,Total_brain_net_volume,Total_brain_net_volume_Vol.mm3,95503,95503,match,1,NA,Stephan_etal_1981_TableIII,1981,NA
Lepilemur ruficaudatus,Total_brain_net_volume,Total_brain_net_volume_Vol.mm3,7175,7175,match,1,NA,Stephan_etal_1981_TableII,1981,NA
Macaca mulatta,Total_brain_net_volume,Total_brain_net_volume_Vol.mm3,87896,87896,match,1,NA,Stephan_etal_1981_TableIII,1981,NA
Microcebus murinus,Total_brain_net_volume,Total_brain_net_volume_Vol.mm3,1680,1680,match,1,NA,Stephan_etal_1981_TableII,1981,NA
Miopithecus talapoin,Total_brain_net_volume,Total_brain_net_volume_Vol.mm3,37776,37776,match,1,NA,Stephan_etal_1981_TableIII,1981,NA
Nasalis larvatus,Total_brain_net_volume,Total_brain_net_volume_Vol.mm3,92797,92797,match,1,NA,Stephan_etal_1981_TableIII,1981,NA
Nycticebus coucang,Total_brain_net_volume,Total_brain_net_volume_Vol.mm3,11755,11755,match,1,NA,Stephan_etal_1981_TableII,1981,NA
Otolemur crassicaudatus,Total_brain_net_volume,Total_brain_net_volume_Vol.mm3,9668,9668,match,1,NA,Stephan_etal_1981_TableII,1981,NA
Papio anubis,Total_brain_net_volume,Total_brain_net_volume_Vol.mm3,190957,190957,match,1,NA,Stephan_etal_1981_TableIII,1981,NA
Pithecia monachus,Total_brain_net_volume,Total_brain_net_volume_Vol.mm3,32867,32867,match,1,NA,Stephan_etal_1981_TableIII,1981,NA
Propithecus verreauxi,Total_brain_net_volume,Total_brain_net_volume_Vol.mm3,25194,25194,match,1,NA,Stephan_etal_1981_TableII,1981,NA
Pygathrix nemaeus,Total_brain_net_volume,Total_brain_net_volume_Vol.mm3,72530,72530,match,1,NA,Stephan_etal_1981_TableIII,1981,NA
Saguinus midas,Total_brain_net_volume,Total_brain_net_volume_Vol.mm3,9569,9569,match,1,NA,Stephan_etal_1981_TableIII,1981,NA
Saimiri sciureus,Total_brain_net_volume,Total_brain_net_volume_Vol.mm3,22572,22572,match,1,NA,Stephan_etal_1981_TableIII,1981,NA
Tarsius sp.,Total_brain_net_volume,Total_brain_net_volume_Vol.mm3,3393,3393,match,1,NA,Stephan_etal_1981_TableII,1981,NA
Ateles geoffroyi,Tractus_opticus,Tractus_opticus_Vol.mm3,204,204,match,1,NA,Stephan_etal_1981_TableVIII,1981,NA
Callithrix pygmaea,Tractus_opticus,Tractus_opticus_Vol.mm3,23.8,23.8,match,1,NA,Stephan_etal_1981_TableVIII,1981,NA
Cebus albifrons,Tractus_opticus,Tractus_opticus_Vol.mm3,207,207,match,1,NA,Stephan_etal_1981_TableVIII,1981,NA
Cercopithecus ascanius,Tractus_opticus,Tractus_opticus_Vol.mm3,320,320,match,1,NA,Stephan_etal_1981_TableVIII,1981,NA
Cheirogaleus major,Tractus_opticus,Tractus_opticus_Vol.mm3,18,18,match,1,NA,Stephan_etal_1981_TableVIII,1981,NA
Eulemur fulvus,Tractus_opticus,Tractus_opticus_Vol.mm3,108,108,match,1,NA,Stephan_etal_1981_TableVIII,1981,NA
Galagoides demidoff,Tractus_opticus,Tractus_opticus_Vol.mm3,11.5,11.5,match,1,NA,Stephan_etal_1981_TableVIII,1981,NA
Gorilla sp.,Tractus_opticus,Tractus_opticus_Vol.mm3,671,671,match,1,NA,Stephan_etal_1981_TableVIII,1981,NA
Homo sapiens,Tractus_opticus,Tractus_opticus_Vol.mm3,823,823,match,1,NA,Stephan_etal_1981_TableVIII,1981,NA
Hylobates lar,Tractus_opticus,Tractus_opticus_Vol.mm3,302,302,match,1,NA,Stephan_etal_1981_TableVIII,1981,NA
Lagothrix lagothricha,Tractus_opticus,Tractus_opticus_Vol.mm3,203,203,match,1,NA,Stephan_etal_1981_TableVIII,1981,NA
Lepilemur ruficaudatus,Tractus_opticus,Tractus_opticus_Vol.mm3,20.7,20.7,match,1,NA,Stephan_etal_1981_TableVIII,1981,NA
Lophocebus albigena,Tractus_opticus,Tractus_opticus_Vol.mm3,308,308,match,1,NA,Stephan_etal_1981_TableVIII,1981,NA
Loris tardigradus,Tractus_opticus,Tractus_opticus_Vol.mm3,15.7,15.7,match,1,NA,Stephan_etal_1981_TableVIII,1981,NA
Microcebus murinus,Tractus_opticus,Tractus_opticus_Vol.mm3,6.17,6.17,match,1,NA,Stephan_etal_1981_TableVIII,1981,NA
Nasalis larvatus,Tractus_opticus,Tractus_opticus_Vol.mm3,304,304,match,1,NA,Stephan_etal_1981_TableVIII,1981,NA
Otolemur crassicaudatus,Tractus_opticus,Tractus_opticus_Vol.mm3,33.9,33.9,match,1,NA,Stephan_etal_1981_TableVIII,1981,NA
Pan troglodytes,Tractus_opticus,Tractus_opticus_Vol.mm3,630,630,match,1,NA,Stephan_etal_1981_TableVIII,1981,NA
Papio anubis,Tractus_opticus,Tractus_opticus_Vol.mm3,601,601,match,1,NA,Stephan_etal_1981_TableVIII,1981,NA
Perodicticus potto,Tractus_opticus,Tractus_opticus_Vol.mm3,19.5,19.5,match,1,NA,Stephan_etal_1981_TableVIII,1981,NA
Piliocolobus badius,Tractus_opticus,Tractus_opticus_Vol.mm3,201,201,match,1,NA,Stephan_etal_1981_TableVIII,1981,NA
Propithecus verreauxi,Tractus_opticus,Tractus_opticus_Vol.mm3,125,125,match,1,NA,Stephan_etal_1981_TableVIII,1981,NA
Saguinus oedipus,Tractus_opticus,Tractus_opticus_Vol.mm3,50.5,50.5,match,1,NA,Stephan_etal_1981_TableVIII,1981,NA
Saimiri sciureus,Tractus_opticus,Tractus_opticus_Vol.mm3,117,117,match,1,NA,Stephan_etal_1981_TableVIII,1981,NA
Tarsius sp.,Tractus_opticus,Tractus_opticus_Vol.mm3,15.5,15.5,match,1,NA,Stephan_etal_1981_TableVIII,1981,NA
Alouatta seniculus,Ventricles,Ventricles_Vol.mm3,616,616,match,1,NA,Stephan_etal_1981_TableIII,1981,NA
Aotus trivirgatus,Ventricles,Ventricles_Vol.mm3,105,105,match,1,NA,Stephan_etal_1981_TableIII,1981,NA
Ateles geoffroyi,Ventricles,Ventricles_Vol.mm3,1389,1389,match,1,NA,Stephan_etal_1981_TableIII,1981,NA
Avahi laniger,Ventricles,Ventricles_Vol.mm3,172,172,match,1,NA,Stephan_etal_1981_TableII,1981,NA
Avahi occidentalis,Ventricles,Ventricles_Vol.mm3,73.7,73.7,match,1,NA,Stephan_etal_1981_TableII,1981,NA
Callicebus moloch,Ventricles,Ventricles_Vol.mm3,279,279,match,1,NA,Stephan_etal_1981_TableIII,1981,NA
Callimico goeldii,Ventricles,Ventricles_Vol.mm3,47.9,47.9,match,1,NA,Stephan_etal_1981_TableIII,1981,NA
Callithrix jacchus,Ventricles,Ventricles_Vol.mm3,52,52,match,1,NA,Stephan_etal_1981_TableIII,1981,NA
Callithrix pygmaea,Ventricles,Ventricles_Vol.mm3,24.5,24.5,match,1,NA,Stephan_etal_1981_TableIII,1981,NA
Cebus albifrons,Ventricles,Ventricles_Vol.mm3,729,729,match,1,NA,Stephan_etal_1981_TableIII,1981,NA
Cercopithecus ascanius,Ventricles,Ventricles_Vol.mm3,240,240,match,1,NA,Stephan_etal_1981_TableIII,1981,NA
Cercopithecus mitis,Ventricles,Ventricles_Vol.mm3,467,467,match,1,NA,Stephan_etal_1981_TableIII,1981,NA
Cheirogaleus major,Ventricles,Ventricles_Vol.mm3,83.4,83.4,match,1,NA,Stephan_etal_1981_TableII,1981,NA
Cheirogaleus medius,Ventricles,Ventricles_Vol.mm3,24.6,24.6,match,1,NA,Stephan_etal_1981_TableII,1981,NA
Daubentonia madagascariensis,Ventricles,Ventricles_Vol.mm3,392,392,match,1,NA,Stephan_etal_1981_TableII,1981,NA
Erythrocebus patas,Ventricles,Ventricles_Vol.mm3,561,561,match,1,NA,Stephan_etal_1981_TableIII,1981,NA
Eulemur fulvus,Ventricles,Ventricles_Vol.mm3,194,194,match,1,NA,Stephan_etal_1981_TableII,1981,NA
Galago senegalensis,Ventricles,Ventricles_Vol.mm3,40.2,40.2,match,1,NA,Stephan_etal_1981_TableII,1981,NA
Galagoides demidoff,Ventricles,Ventricles_Vol.mm3,30.4,30.4,match,1,NA,Stephan_etal_1981_TableII,1981,NA
Gorilla sp.,Ventricles,Ventricles_Vol.mm3,3608,3608,match,1,NA,Stephan_etal_1981_TableIII,1981,NA
Homo sapiens,Ventricles,Ventricles_Vol.mm3,18732,18732,match,1,NA,Stephan_etal_1981_TableIII,1981,NA
Hylobates lar,Ventricles,Ventricles_Vol.mm3,555,555,match,1,NA,Stephan_etal_1981_TableIII,1981,NA
Indri indri,Ventricles,Ventricles_Vol.mm3,330,330,match,1,NA,Stephan_etal_1981_TableII,1981,NA
Lagothrix lagothricha,Ventricles,Ventricles_Vol.mm3,1090,1090,match,1,NA,Stephan_etal_1981_TableIII,1981,NA
Lepilemur ruficaudatus,Ventricles,Ventricles_Vol.mm3,76.5,76.5,match,1,NA,Stephan_etal_1981_TableII,1981,NA
Lophocebus albigena,Ventricles,Ventricles_Vol.mm3,742,742,match,1,NA,Stephan_etal_1981_TableIII,1981,NA
Loris tardigradus,Ventricles,Ventricles_Vol.mm3,51.6,51.6,match,1,NA,Stephan_etal_1981_TableII,1981,NA
Macaca mulatta,Ventricles,Ventricles_Vol.mm3,834,834,match,1,NA,Stephan_etal_1981_TableIII,1981,NA
Microcebus murinus,Ventricles,Ventricles_Vol.mm3,11.3,11.3,match,1,NA,Stephan_etal_1981_TableII,1981,NA
Miopithecus talapoin,Ventricles,Ventricles_Vol.mm3,262,262,match,1,NA,Stephan_etal_1981_TableIII,1981,NA
Nasalis larvatus,Ventricles,Ventricles_Vol.mm3,591,591,match,1,NA,Stephan_etal_1981_TableIII,1981,NA
Nycticebus coucang,Ventricles,Ventricles_Vol.mm3,142,142,match,1,NA,Stephan_etal_1981_TableII,1981,NA
Otolemur crassicaudatus,Ventricles,Ventricles_Vol.mm3,147,147,match,1,NA,Stephan_etal_1981_TableII,1981,NA
Pan troglodytes,Ventricles,Ventricles_Vol.mm3,1899,1899,match,1,NA,Stephan_etal_1981_TableIII,1981,NA
Papio anubis,Ventricles,Ventricles_Vol.mm3,1081,1081,match,1,NA,Stephan_etal_1981_TableIII,1981,NA
Perodicticus potto,Ventricles,Ventricles_Vol.mm3,127,127,match,1,NA,Stephan_etal_1981_TableII,1981,NA
Piliocolobus badius,Ventricles,Ventricles_Vol.mm3,455,455,match,1,NA,Stephan_etal_1981_TableIII,1981,NA
Pithecia monachus,Ventricles,Ventricles_Vol.mm3,631,631,match,1,NA,Stephan_etal_1981_TableIII,1981,NA
Propithecus verreauxi,Ventricles,Ventricles_Vol.mm3,231,231,match,1,NA,Stephan_etal_1981_TableII,1981,NA
Pygathrix nemaeus,Ventricles,Ventricles_Vol.mm3,911,911,match,1,NA,Stephan_etal_1981_TableIII,1981,NA
Saguinus midas,Ventricles,Ventricles_Vol.mm3,251,251,match,1,NA,Stephan_etal_1981_TableIII,1981,NA
Saguinus oedipus,Ventricles,Ventricles_Vol.mm3,62.6,62.6,match,1,NA,Stephan_etal_1981_TableIII,1981,NA
Saimiri sciureus,Ventricles,Ventricles_Vol.mm3,299,299,match,1,NA,Stephan_etal_1981_TableIII,1981,NA
Tarsius sp.,Ventricles,Ventricles_Vol.mm3,24.1,24.1,match,1,NA,Stephan_etal_1981_TableII,1981,NA
Varecia variegata,Ventricles,Ventricles_Vol.mm3,299,299,match,1,NA,Stephan_etal_1981_TableII,1981,NA
Gorilla sp.,FI_volume_L,fronto_insular_cortex_left_Vol.mm3,232,232,match,1,NA,Bauernfeind_etal_2013_Table1,2013,NA
Homo sapiens,FI_volume_L,fronto_insular_cortex_left_Vol.mm3,444.6,444.6,match,1,NA,Bauernfeind_etal_2013_Table1,2013,NA
Pan paniscus,FI_volume_L,fronto_insular_cortex_left_Vol.mm3,144.666667,144.666666666667,match,0.9999999976958549,NA,Bauernfeind_etal_2013_Table1,2013,NA
Pan troglodytes,FI_volume_L,fronto_insular_cortex_left_Vol.mm3,65.666667,65.6666666666667,match,0.9999999949238584,NA,Bauernfeind_etal_2013_Table1,2013,NA
